categoria,data_fine,data_inizio,indirizzo,luogo,titolo,url,macro_categoria,geocoded_address,lat,long,Cluster
Spettacoli,01-01-23,2023-01-01,"Corso di Porta Romana 63,20122, Milano, MI,Italia",Carcano,NUYE - Compañía de Circo “eia”,https://www.teatro.it/spettacoli/milano/carcano/2022-2023/nuye-compania-de-circo-eia,Teatro e spettacolo,"Teatro Carcano, 63, Corso di Porta Romana, Crocetta, Municipio 1, Milano, Lombardia, 20121, Italia",45.4566842,9.1955297,4
Spettacoli,01-01-23,2023-01-01,"Corso di Porta Romana 63,20122, Milano, MI,Italia",Carcano,NUYE - Compañía de Circo “eia”,https://www.teatro.it/spettacoli/milano/carcano/2022-2023/nuye-compania-de-circo-eia,Teatro e spettacolo,"Teatro Carcano, 63, Corso di Porta Romana, Crocetta, Municipio 1, Milano, Lombardia, 20121, Italia",45.4566842,9.1955297,4
Spettacoli,03-01-23,2023-01-03,"Via Larga 14,20122, Milano, MI,Italia",Lirico Giorgio Gaber,NatAle & Franz Show,https://www.teatro.it/spettacoli/milano/lirico-giorgio-gaber/2022-2023/natale-franz-show,Teatro e spettacolo,"Teatro Lirico Giorgio Gaber, 14, Via Larga, Cerchia dei Navigli, Municipio 1, Milano, Lombardia, 20122, Italia",45.4615135,9.1918702,4
Spettacoli,03-01-23,2023-01-03,"Via Larga 14,20122, Milano, MI,Italia",Lirico Giorgio Gaber,NatAle & Franz Show,https://www.teatro.it/spettacoli/milano/lirico-giorgio-gaber/2022-2023/natale-franz-show,Teatro e spettacolo,"Teatro Lirico Giorgio Gaber, 14, Via Larga, Cerchia dei Navigli, Municipio 1, Milano, Lombardia, 20122, Italia",45.4615135,9.1918702,4
Spettacoli,05-01-23,2023-01-05,"Via Larga 14,20122, Milano, MI,Italia",Lirico Giorgio Gaber,Alice nel Paese delle Meraviglie - Il Musical,https://www.teatro.it/spettacoli/milano/lirico-giorgio-gaber/2022-2023/alice-nel-paese-delle-meraviglie,Teatro e spettacolo,"Teatro Lirico Giorgio Gaber, 14, Via Larga, Cerchia dei Navigli, Municipio 1, Milano, Lombardia, 20122, Italia",45.4615135,9.1918702,4
Spettacoli,06-01-23,2023-01-06,"Via Giordano Rota 1,20145, Milano, MI,Italia",Nazionale Italiana Assicurazioni,Cinderella - Il musical,https://www.teatro.it/spettacoli/milano/nazionale-chebanca/2022-2023/cinderella-il-musical,Teatro e spettacolo,"20145, Italy",45.4643,9.1895,4
Spettacoli,06-01-23,2023-01-06,"Via Larga 14,20122, Milano, MI,Italia",Lirico Giorgio Gaber,Caveman,https://www.teatro.it/spettacoli/milano/lirico-giorgio-gaber/2022-2023/maurizio-colombi-caveman,Teatro e spettacolo,"Teatro Lirico Giorgio Gaber, 14, Via Larga, Cerchia dei Navigli, Municipio 1, Milano, Lombardia, 20122, Italia",45.4615135,9.1918702,4
Spettacoli,06-01-23,2023-01-06,"Via Giordano Rota 1,20145, Milano, MI,Italia",Nazionale Italiana Assicurazioni,Cinderella - Il musical,https://www.teatro.it/spettacoli/milano/nazionale-chebanca/2022-2023/cinderella-il-musical,Teatro e spettacolo,"20145, Italy",45.4643,9.1895,4
,07-01-23,2023-01-07,"Via Fratelli Rosselli, 6, Milano, MI",Chiesa della Medaglia Miracolosa,La lirica in periferia -2 appuntamento,https://www.milanotoday.it/eventi/la-lirica-in-periferia-2.html,Non classificato,"6, Via Fratelli Rosselli, Lodi - Corvetto, Municipio 4, Milano, Lombardia, 20139, Italia",45.4423782,9.2253198,2
,21-01-23,2023-01-07,"Largo Corsia dei Servi, 4, Milano, MI",CMC Centro Culturale di Milano,Apre la mostra finale del concorso internazionale d'arte contemporanea Malamegi lab,https://www.milanotoday.it/eventi/apre-la-mostra-finale-del-concorso-internazionale.html,Non classificato,"Largo Corsia dei Servi, Duomo, Municipio 1, Milano, Lombardia, 20122, Italia",45.4645536,9.1965924,4
Spettacoli,08-01-23,2023-01-08,"Largo Antonio Greppi,20121, Milano, MI,Italia",Piccolo Teatro - Teatro Strehler,La mia vita raccontata male,https://www.teatro.it/spettacoli/milano/piccolo-teatro-teatro-strehler/2022-2023/la-mia-vita-raccontata-male-claudio-bisio,Teatro e spettacolo,"Largo Antonio Greppi, Cerchia dei Navigli, Municipio 1, Milano, Lombardia, 20121, Italia",45.471727,9.1826196,4
Spettacoli,08-01-23,2023-01-08,"Via Giordano Rota 1,20145, Milano, MI,Italia",Nazionale Italiana Assicurazioni,Sister Act - Il Musical,https://www.teatro.it/spettacoli/milano/nazionale-chebanca/2022-2023/sister-act-il-musical-regia-chiara-noschese,Teatro e spettacolo,"20145, Italy",45.4643,9.1895,4
Spettacoli,08-01-23,2023-01-08,"Via Larga 14,20122, Milano, MI,Italia",Lirico Giorgio Gaber,Peppa Pig Live! – La Gita in Spiaggia,https://www.teatro.it/spettacoli/milano/lirico-giorgio-gaber/2022-2023/peppa-pig-live-la-gita-in-spiaggia,Teatro e spettacolo,"Teatro Lirico Giorgio Gaber, 14, Via Larga, Cerchia dei Navigli, Municipio 1, Milano, Lombardia, 20122, Italia",45.4615135,9.1918702,4
Spettacoli,08-01-23,2023-01-08,"Via Ciro Menotti 11,20129, Milano, MI,Italia",Menotti,Destino di un clown,https://www.teatro.it/spettacoli/milano/menotti/2022-2023/destino-di-un-clown,Teatro e spettacolo,"11, Via Ciro Menotti, Buenos Aires - Venezia, Municipio 3, Milano, Lombardia, 20129, Italia",45.4699888,9.2132156,6
Spettacoli,08-01-23,2023-01-08,"Largo Antonio Greppi,20121, Milano, MI,Italia",Piccolo Teatro - Teatro Strehler,La mia vita raccontata male,https://www.teatro.it/spettacoli/milano/piccolo-teatro-teatro-strehler/2022-2023/la-mia-vita-raccontata-male-claudio-bisio,Teatro e spettacolo,"Largo Antonio Greppi, Cerchia dei Navigli, Municipio 1, Milano, Lombardia, 20121, Italia",45.4718502,9.1827114,4
Spettacoli,08-01-23,2023-01-08,"via Pier Lombardo,14,20135, Milano, MI,Italia",Franco Parenti - Sala Grande,Stanno sparando sulla nostra canzone,https://www.teatro.it/spettacoli/milano/franco-parenti-sala-grande/2022-2023/stanno-sparando-sulla-nostra-canzone,Teatro e spettacolo,"Via Pier Lombardo, Porta Romana, Municipio 4, Milano, Lombardia, 20135, Italia",45.4542958,9.2063109,4
Spettacoli,08-01-23,2023-01-08,"Via Filodrammatici 2,20121, Milano, MI,Italia",Teatro Alla Scala,Recital di canto - Markus Werba,https://www.teatro.it/spettacoli/milano/teatro-alla-scala/2022-2023/recital-di-canto-markus-werba,Teatro e spettacolo,"2, Via Filodrammatici, Brera, Milano, Lombardia, 20121, Italia",45.4676198,9.1884287,4
Spettacoli,08-01-23,2023-01-08,"via Pier Lombardo,14,20135, Milano, MI,Italia",Franco Parenti - Sala Grande,Stanno sparando sulla nostra canzone,https://www.teatro.it/spettacoli/milano/franco-parenti-sala-grande/2022-2023/stanno-sparando-sulla-nostra-canzone,Teatro e spettacolo,"Via Pier Lombardo, Porta Romana, Municipio 4, Milano, Lombardia, 20135, Italia",45.4542958,9.2063109,4
Spettacoli,08-01-23,2023-01-08,"Corso Buenos Aires 33,20124, Milano, MI,Italia",Elfo Puccini - sala Shakespeare,Alice Underground,https://www.teatro.it/spettacoli/milano/elfo-puccini-sala-shakespeare/2022-2023/alice-underground,Teatro e spettacolo,"Teatro Elfo Puccini, 33, Corso Buenos Aires, Buenos Aires - Venezia, Municipio 3, Milano, Lombardia, 20124, Italia",45.4794317,9.2098387,6
Spettacoli,08-01-23,2023-01-08,"Via Giordano Rota 1,20145, Milano, MI,Italia",Nazionale Italiana Assicurazioni,Sister Act - Il Musical,https://www.teatro.it/spettacoli/milano/nazionale-chebanca/2022-2023/sister-act-il-musical-regia-chiara-noschese,Teatro e spettacolo,"20145, Italy",45.4643,9.1895,4
Spettacoli,08-01-23,2023-01-08,"Via Alessandro Manzoni 42,20121, Milano, MI,Italia",Manzoni,Vincenzo Salemme - Napoletano? E famme 'na pizza!,https://www.teatro.it/spettacoli/milano/manzoni/2022-2023/vincenzo-salemme-napoletano-e-famme-na-pizza,Teatro e spettacolo,"Teatro Manzoni, 42, Via Alessandro Manzoni, Cerchia dei Navigli, Municipio 1, Milano, Lombardia, 20121, Italia",45.4710286,9.1944762,4
Spettacoli,08-01-23,2023-01-08,"Corso Buenos Aires 33,20124, Milano, MI,Italia",Elfo Puccini - sala Shakespeare,Alice Underground,https://www.teatro.it/spettacoli/milano/elfo-puccini-sala-shakespeare/2022-2023/alice-underground,Teatro e spettacolo,"Teatro Elfo Puccini, 33, Corso Buenos Aires, Buenos Aires - Venezia, Municipio 3, Milano, Lombardia, 20124, Italia",45.4794317,9.2098387,6
Spettacoli,08-01-23,2023-01-08,"Via Alessandro Manzoni 42,20121, Milano, MI,Italia",Manzoni,Vincenzo Salemme - Napoletano? E famme 'na pizza!,https://www.teatro.it/spettacoli/milano/manzoni/2022-2023/vincenzo-salemme-napoletano-e-famme-na-pizza,Teatro e spettacolo,"Teatro Manzoni, 42, Via Alessandro Manzoni, Cerchia dei Navigli, Municipio 1, Milano, Lombardia, 20121, Italia",45.4710286,9.1944762,4
Incontri,14-01-23,2023-01-09,"Via Nicola Antonio Porpora, 16a, Milano, MI",iKonica Art Gallery,E’ solo cartone colorato,https://www.milanotoday.it/eventi/e-solo-cartone-colorato-2022.html,Formazione e networking,"Via Nicola Antonio Porpora, Città Studi, Municipio 3, Milano, Lombardia, 20131, Italia",45.4861128,9.2333325,6
,31-01-23,2023-01-10,"Via Giuseppe Gabetti, 15, Milano, MI",Mare Culturale Urbano,"Milano, la rassegna “il jazz a mare” riparte il 10 gennaio a mare culturale urbano con il max prandi vintage trio",https://www.milanotoday.it/eventi/milano-la-rassegna-il-jazz-a-mare-2022.html,Non classificato,"Cascina Torrette di Trenno, 15, Via Giuseppe Gabetti, Quartiere Vercellese, Forze Armate, Municipio 7, Milano, Lombardia, 20147, Italia",45.4687457,9.1240256,13
Teatri,22-01-23,2023-01-10,"Via Alessandro Manzoni, 40, Milano, MI",Teatro Manzoni,"Teresa Mannino a teatro in ""Il giaguaro mi guarda storto""",https://www.milanotoday.it/eventi/spettacolo-teressa-mannino-teatro-manzoni.html,Teatro e spettacolo,"40, Via Alessandro Manzoni, Cerchia dei Navigli, Municipio 1, Milano, Lombardia, 20121, Italia",45.4712799,9.1941811,4
,15-01-23,2023-01-10,"Largo Greppi, 1, Milano, MI",Piccolo Teatro Strehler,Il processo a Galileo Galilei in scena a teatro. Orari e biglietti,https://www.milanotoday.it/eventi/processo-galileo-piccolo-teatro-biglietti.html,Non classificato,"Largo Antonio Greppi, Cerchia dei Navigli, Municipio 1, Milano, Lombardia, 20121, Italia",45.4718502,9.1827114,4
Spettacoli,11-01-23,2023-01-11,"Via Filodrammatici 2,20121, Milano, MI,Italia",Teatro Alla Scala,Lo schiaccianoci,https://www.teatro.it/spettacoli/milano/teatro-alla-scala/2022-2023/lo-schiaccianoci-coreografia-rudolf-nureyev,Teatro e spettacolo,"2, Via Filodrammatici, Brera, Milano, Lombardia, 20121, Italia",45.4676198,9.1884287,4
Spettacoli,11-01-23,2023-01-11,"Via Filodrammatici 2,20121, Milano, MI,Italia",Teatro Alla Scala,Lo schiaccianoci,https://www.teatro.it/spettacoli/milano/teatro-alla-scala/2022-2023/lo-schiaccianoci-coreografia-rudolf-nureyev,Teatro e spettacolo,"2, Via Filodrammatici, Brera, Milano, Lombardia, 20121, Italia",45.4676198,9.1884287,4
Spettacoli,11-01-23,2023-01-11,"via Pitteri 58,20134, Milano, MI,Italia",Martinitt,Vegeta è morto e l'ho ucciso io,https://www.teatro.it/spettacoli/milano/martinitt/2022-2023/vegeta-e-morto-e-lho-ucciso-io,Teatro e spettacolo,"Via Riccardo Pitteri, Lambrate, Municipio 3, Milano, Lombardia, 20134, Italia",45.4798362,9.2457864,6
Teatri,22-01-23,2023-01-11,"Via Rivoli, Milano, MI",Piccolo Teatro Studio Melato,"Toni Servillo in ""Tre modi per non morire: Baudelaire, Dante, i Greci""",https://www.milanotoday.it/eventi/spettacolo-toni-servillo-piccolo-teatro.html,Teatro e spettacolo,"Via Rivoli, Brera, Municipio 1, Milano, Lombardia, 20121, Italia",45.4726101,9.1828069,4
Mostre,26-02-23,2023-01-12,"Piazza del Duomo, Milano, MI",Palazzo Reale,I personaggi più famosi al mondo in mostra a Milano,https://www.milanotoday.it/eventi/mostra-fotografica-vincent-peters.html,Arte e cultura,"Piazza del Duomo, Duomo, Municipio 1, Milano, Lombardia, Italia",45.4639102,9.1906398,4
Spettacoli,12-01-23,2023-01-12,"Viale dell'Innovazione 20,20126, Milano, MI,Italia",Arcimboldi,Jack Savoretti - Tour 2024,https://www.teatro.it/spettacoli/milano/degli-arcimboldi/2022-2023/jack-savoretti-europiana-live,Teatro e spettacolo,"20, Viale dell'Innovazione, Bicocca, Municipio 9, Milano, Lombardia, 20125, Italia",45.5148696,9.2135963,5
Mostre,12-02-23,2023-01-12,"Via San Fermo, 19, Milano, MI",Spazio HUS,Casa è...,https://www.milanotoday.it/eventi/casa-e-2022.html,Arte e cultura,"Via San Fermo, Baggio, Municipio 7, Villaggio Cavour, Settimo Milanese, Milano, Lombardia, 20019, Italia",45.4630575,9.0747604,3
Incontri,12-01-23,2023-01-12,"Via Fratelli Zoia, 89, Milano, MI",Spazio Teatro 89,Per un sorso di tè dopo un pezzo di pane,https://www.milanotoday.it/eventi/per-un-sorso-di-te-2022.html,Formazione e networking,"Via Fratelli Zoia, Quarto Cagnino, Municipio 7, Milano, Lombardia, 20153, Italia",45.4751914,9.108401,13
Spettacoli,12-01-23,2023-01-12,"Piazza Risorgimento 19,20066, Melzo, MI,Italia",Trivulzio,Costellazioni,https://www.teatro.it/spettacoli/melzo/trivulzio/2022-2023/costellazioni,Teatro e spettacolo,"Piazza Risorgimento, Melzo, Milano, Lombardia, 20066, Italia",45.5003449,9.4229132,12
Teatri,14-01-23,2023-01-13,"Via Privata Hermada, Milano, MI",Teatro della Cooperativa,"Nicola Vicidomini a teatro a Milano con il ""Fauno""",https://www.milanotoday.it/eventi/nicola-vicidomini-spettacolo-fauno.html,Teatro e spettacolo,"Via privata Hermada, Niguarda - Cà Granda, Municipio 9, Milano, Lombardia, 20162, Italia",45.5147302,9.1902391,5
,15-01-23,2023-01-13,"Largo Gustav Mahler, Milano, MI",Auditorium di Milano,Il simposio di Platone,https://www.milanotoday.it/eventi/teatro/il-simposio-di-platone-orchestra-sinfonica-2023.html,Non classificato,"Largo Gustav Mahler, Ticinese, Municipio 5, Milano, Lombardia, 20136, Italia",45.4463151,9.1792547,0
Concerti,15-01-23,2023-01-13,"Piazza Cesare Beccaria, 8, Milano, MI",Teatro Gerolamo,Il concerto del nuovo anno con l'Orchestra Sinfonica di Milano,https://www.milanotoday.it/eventi/concerto-nuovo-anno-orchestra-sinfonica.html,Musica e vita notturna,"Teatro Gerolamo, 8, Piazza Cesare Beccaria, Duomo, Municipio 1, Milano, Lombardia, 20122, Italia",45.464175,9.1945551,4
Teatri,05-02-23,2023-01-14,"Via Lodovico Montegani, 35, Milano, MI",Atelier Carlo Colla e Figli,"La bella addormentata nel bosco, spettacolo per bambini",https://www.milanotoday.it/eventi/spettacolo-marionette-bella-addormentata-nel-bosco.html,Teatro e spettacolo,"Via Lodovico Montegani, Stadera, Municipio 5, Milano, Lombardia, 20136, Italia",45.4355551,9.1780459,0
Corsi,14-01-23,2023-01-14,"Viale Col di Lana, 8, Milano, MI",Food Genius Academy,L’open day per scoprire Food Genius Academy a Milano,https://www.milanotoday.it/eventi/food-genius-academy-2023.html,Formazione e networking,"Riva Reno Gelato, 8, Viale Col di Lana, Ticinese, Municipio 5, Milano, Lombardia, 20136, Italia",45.4520126,9.1833065,0
Mostre,26-01-23,2023-01-14,"Via Giuseppe Dall'Occo, 1, Milano, MI",Galleria Click Art,"""Lo spazio e il colore"" mostra collettiva",https://www.milanotoday.it/eventi/lo-spazio-e-il-colore-mostra-collettiva-2022.html,Arte e cultura,"Via Giuseppe Dall'Occo, Cormano, Zona Omogenea Milano Nord, Milano, Lombardia, 20032, Italia",45.5444599,9.1691639,5
,29-01-23,2023-01-14,"Via Trieste, 3, Milano, MI",Museo MAIO,Le stagioni della Martesana,https://www.milanotoday.it/eventi/le-stagioni-della-martesana-umberto-ligrone-2023.html,Non classificato,"3, Via Trieste, Cernusco sul Naviglio, Milano, Lombardia, 20063, Italia",45.528535,9.3345313,7
Teatri,14-01-23,2023-01-14,"Piazza Francesco Carrara, 17, Milano, MI",Centro Asteria,La banalità del male | Spettacolo teatrale,https://www.milanotoday.it/eventi/la-banalita-del-male-spettacolo-2022.html,Teatro e spettacolo,"17, Piazza Francesco Carrara, Stadera, Municipio 5, Milano, Lombardia, 20136, Italia",45.4369245,9.1761088,0
Concerti,15-01-23,2023-01-15,"Via San Giovanni sul Muro, Milano, MI",Teatro Dal Verme,Uno speciale concerto tributo ai Queen,https://www.milanotoday.it/eventi/concerto-tributo-queen-teatro-dal-verme.html,Musica e vita notturna,"Via San Giovanni sul Muro, Cerchia dei Navigli, Municipio 1, Milano, Lombardia, 20123, Italia",45.4663902,9.1810058,4
Itinerario culturale,15-01-23,2023-01-15,"via Brera, 28, Milano, MI",Pinacoteca di Brera,Camera con vista,,Arte e cultura,"Istituto Nazionale di Astrofisica – Osservatorio astronomico di Brera, 28, Via Brera, Cerchia dei Navigli, Municipio 1, Milano, Lombardia, 20121, Italia",45.4715946,9.1889707,4
Spettacoli,15-01-23,2023-01-15,"Largo Antonio Greppi,20121, Milano, MI,Italia",Piccolo Teatro - Teatro Strehler,Processo Galileo,https://www.teatro.it/spettacoli/milano/piccolo-teatro-teatro-strehler/2022-2023/processo-galileo,Teatro e spettacolo,"Largo Antonio Greppi, Cerchia dei Navigli, Municipio 1, Milano, Lombardia, 20121, Italia",45.4718502,9.1827114,4
Spettacoli,15-01-23,2023-01-15,"Via Ciro Menotti 11,20129, Milano, MI,Italia",Menotti,Hokuspokus,https://www.teatro.it/spettacoli/milano/menotti/2022-2023/hokuspokus,Teatro e spettacolo,"11, Via Ciro Menotti, Buenos Aires - Venezia, Municipio 3, Milano, Lombardia, 20129, Italia",45.4699888,9.2132156,6
,17-01-23,2023-01-17,"Via Andrea Maria Ampère, 2, Milano, MI",Spazio Mostre,Mostra fotografica – Antonio Rovaldi end. words from the margins new york city,https://www.milanotoday.it/eventi/mostra-fotografica-antonio-rovaldi-2023.html,Non classificato,"Via Andrea Maria Ampère, Città Studi, Municipio 3, Milano, Lombardia, 20131, Italia",45.4815526,9.2266627,6
Teatri,22-01-23,2023-01-17,"Largo Greppi, 1, Milano, MI",Piccolo Teatro Strehler,"""Ferito a morte"" al Piccolo Teatro racconta il tempo della giovinezza",https://www.milanotoday.it/eventi/spettacolo-ferito-a-morte-piccolo-teatro.html,Teatro e spettacolo,"Largo Antonio Greppi, Cerchia dei Navigli, Municipio 1, Milano, Lombardia, 20121, Italia",45.4718502,9.1827114,4
Teatri,12-02-23,2023-01-17,"Via Mac Mahon, 16, Milano, MI",Teatro Out Off,Il delitto karamazov,https://www.milanotoday.it/eventi/il-delitto-karamazov-di-fedor-dostoevskij.html,Teatro e spettacolo,"Via Mac Mahon, Villapizzone, Municipio 8 di Milano, Milano, Lombardia, 20155, Italia",45.4970636,9.153938,10
,17-03-23,2023-01-17,"Via Andrea Maria Ampère, 2, Milano, MI",Spazio Mostre,Mostra di architettura “Sanaa: construction and structure with works of walter niedermayr”,https://www.milanotoday.it/eventi/mostra-di-architettura-sanaa-construction.html,Non classificato,"Via Andrea Maria Ampère, Città Studi, Municipio 3, Milano, Lombardia, 20131, Italia",45.4815526,9.2266627,6
,18-02-23,2023-01-18,"Piazza Venticinque Aprile, 11B, Milano, MI",Tube Culture Hall,"Yourself in my shoes- naomi boiko stapleton, margaux bricler, kora moya rojo, xueqing zhu",https://www.milanotoday.it/eventi/yourself-in-my-shoes-naomi-boiko-stapleton-2023.html,Non classificato,"11b, Piazza Venticinque Aprile, Brera, Municipio 9, Milano, Lombardia, 20154, Italia",45.4807799,9.1864868,10
Concerti,18-01-23,2023-01-18,"Viale dell'Innovazione, 20, Milano, MI",Teatro degli Arcimboldi,Le musiche più belle della Disney in uno speciale concerto a Milano,https://www.milanotoday.it/eventi/concerto-disney-arcimboldi.html,Musica e vita notturna,"20, Viale dell'Innovazione, Bicocca, Municipio 9, Milano, Lombardia, 20125, Italia",45.5148696,9.2135963,5
Spettacoli,18-01-23,2023-01-18,"Viale dell'Innovazione 20,20126, Milano, MI,Italia",Arcimboldi,Disney in Concert - A Magical Concert,https://www.teatro.it/spettacoli/milano/degli-arcimboldi/2022-2023/disney-in-concert-a-magical-concert,Teatro e spettacolo,"20, Viale dell'Innovazione, Bicocca, Municipio 9, Milano, Lombardia, 20125, Italia",45.5148696,9.2135963,5
Teatri,22-01-23,2023-01-18,"Corso di Porta Romana, 63, Milano, MI",Teatro Carcano,"""Canova svelato"", gli illusionisti della danza",https://www.milanotoday.it/eventi/spettacolo-canova-svelato-carcano.html,Teatro e spettacolo,"Teatro Carcano, 63, Corso di Porta Romana, Crocetta, Municipio 1, Milano, Lombardia, 20121, Italia",45.4566842,9.1955297,4
,18-01-23,2023-01-18,"Via Bramante, 13, Milano, MI",The YAH Factory,Nel vortice del tempo,https://www.milanotoday.it/eventi/nel-vortice-del-tempo.html,Non classificato,"13, Via Bramante, Sarpi, Municipio 1, Municipio 8 di Milano, Milano, Lombardia, 20154, Italia",45.4797813,9.1797182,10
,18-01-23,2023-01-18,"Via Mortara, 4, Milano, MI",Corte dei Miracoli,"""Out of the blue"" di fra martò alla corte dei miracoli",https://www.milanotoday.it/eventi/out-of-the-blue-di-fra-marto-2023.html,Non classificato,"Corte dei Miracoli, 4, Via Mortara, Navigli, Municipio 6, Milano, Lombardia, 20144, Italia",45.454031,9.1726822,0
Spettacoli,19-01-23,2023-01-19,"Via Filodrammatici 2,20121, Milano, MI,Italia",Teatro Alla Scala,Concerto - Riccardo Chailly,https://www.teatro.it/spettacoli/milano/teatro-alla-scala/2022-2023/concerto-riccardo-chailly-musiche-cajkovskij,Teatro e spettacolo,"2, Via Filodrammatici, Brera, Milano, Lombardia, 20121, Italia",45.4676198,9.1884287,4
Spettacoli,19-01-23,2023-01-19,"v. Mons. Pogliani 7/a,ang. via Grandi,20090, Cesano Boscone, MI,Italia",Cristallo,La corsa dietro il vento,https://www.teatro.it/spettacoli/cesano-boscone/cristallo/2022-2023/gioele-dix-la-corsa-dietro-il-vento,Teatro e spettacolo,"20090, Italy",45.407,9.1083,14
,02-02-23,2023-01-19,"Via Privata Passo Pordoi, 7/3, Milano, MI",Hub/Art,Mostra d'arte restart,https://www.milanotoday.it/eventi/mostra-d-arte-restart-2023.html,Non classificato,"Via Passo Pordoi, Scalo Romana, Municipio 5, Milano, Lombardia, 20139, Italia",45.4364043,9.2092881,4
Spettacoli,19-01-23,2023-01-19,"p.zza IV Novembre 3,20025, Legnano, MI,Italia",Talisio Tirinnanzi,Oylem Goylem,https://www.teatro.it/spettacoli/legnano/talisio-tirinnanzi/2022-2023/oylem-goylem,Teatro e spettacolo,"Scuola Secondaria di Primo Grado Giovanni Ungaretti, 3, Piazza Quattro Novembre, San Giorgio su Legnano, Milano, Lombardia, 20034, Italia",45.5765251,8.9157963,1
Spettacoli,19-01-23,2023-01-19,"Via Varese,29,20024, Garbagnate Milanese, MI,Italia",Italia,Tre x 2. Tra radio e Tv,https://www.teatro.it/spettacoli/garbagnate-milanese/italia/2022-2023/gemelli-di-guidonia-tre-x-2-tra-radio-e-tv,Teatro e spettacolo,"Via Varese, Quadrifoglio, Santa Maria Rossa, Garbagnate Milanese, Milano, Lombardia, 20024, Italia",45.5758278,9.0778952,8
Spettacoli,19-01-23,2023-01-19,"vicolo Fiume 4,20092, Cinisello Balsamo, MI,Italia",Pax,Faccia un'altra faccia,https://www.teatro.it/spettacoli/cinisello-balsamo/pax/2022-2023/faccia-unaltra-faccia,Teatro e spettacolo,"CineTeatro Pax, 4, Vicolo Fiume, Cinisello, Cinisello Balsamo, Zona Omogenea Milano Nord, Milano, Lombardia, 20092, Italia",45.5564874,9.2169118,5
Concerti,21-01-23,2023-01-20,"Via Pietrasanta, 16, Milano, MI",Magazzini Generali,Kerri chandler - Magazzini generali,https://www.milanotoday.it/eventi/kerri-chandler-magazzini-generali-kerri-chandler.html,Musica e vita notturna,"16, Via Pietrasanta, Ex Om - Morivione, Municipio 5, Milano, Lombardia, 20141, Italia",45.4440954,9.1951652,4
Spettacoli,20-01-23,2023-01-20,"Viale dell'Innovazione 20,20126, Milano, MI,Italia",Arcimboldi,Checco Zalone - AMORE + IVA,https://www.teatro.it/spettacoli/milano/arcimboldi/2022-2023/checco-zalone-amore-iva,Teatro e spettacolo,"20, Viale dell'Innovazione, Bicocca, Municipio 9, Milano, Lombardia, 20125, Italia",45.5148696,9.2135963,5
Sagre,22-01-23,2023-01-20,"Via Somalia, 13, Milano, MI",,Torna la sagra dei pizzoccheri e della polenta,https://www.milanotoday.it/eventi/sagra-pizzoccheri-2023.html,Enogastronomia,"Via Somalia, San Paolo, Oltrestazione, Legnano, Milano, Lombardia, 20025, Italia",45.5849234,8.8937997,1
Spettacoli,20-01-23,2023-01-20,"Viale dell'Innovazione 20,20126, Milano, MI,Italia",Arcimboldi,Checco Zalone - AMORE + IVA,https://www.teatro.it/spettacoli/milano/arcimboldi/2022-2023/checco-zalone-amore-iva,Teatro e spettacolo,"20, Viale dell'Innovazione, Bicocca, Municipio 9, Milano, Lombardia, 20125, Italia",45.5148696,9.2135963,5
,21-01-23,2023-01-20,"Via Gerolamo Morone, Milano, MI",Museo Casa del Manzoni,Milano map fair,https://www.milanotoday.it/eventi/milano-map-fair-2023.html,Non classificato,"Via Gerolamo Morone, Duomo, Municipio 1, Milano, Lombardia, 20121, Italia",45.4681863,9.1916738,4
Concerti,21-01-23,2023-01-21,"Largo Gustav Mahler, Milano, MI",Auditorium di Milano Fondazione Cariplo,Alla scoperta dei pianeti in musica: l'appuntamento all'Auditorium di Milano,https://www.milanotoday.it/eventi/concerto-pianeti-bambini-auditorium.html,Musica e vita notturna,"Largo Gustav Mahler, Ticinese, Municipio 5, Milano, Lombardia, 20136, Italia",45.4463151,9.1792547,0
Teatri,22-01-23,2023-01-21,"Viale dell'Innovazione, 20, Milano, MI",Teatro degli Arcimboldi,"Enrico Brignano a teatro in ""Ma... diamoci del tu!"". Orari e biglietti",https://www.milanotoday.it/eventi/spettacolo-enrico-brignano-teatro-arcimboldi.html,Teatro e spettacolo,"20, Viale dell'Innovazione, Bicocca, Municipio 9, Milano, Lombardia, 20125, Italia",45.5148696,9.2135963,5
,21-01-23,2023-01-21,"Via Alessandro Manzoni, 56, Milano, MI",IRCCS Istituto Clinico Humanitas,Soluzione trasparente per allineare i denti? Il 21 gennaio Humanitas dedica una giornata agli allineatori trasparenti,https://www.milanotoday.it/eventi/allineatori-trasparenti.html,Non classificato,"56, Via Alessandro Manzoni, Paullo, Milano, Lombardia, 20067, Italia",45.4180966,9.4000575,12
Disco&Feste,21-01-23,2023-01-21,"Via Valtellina, 25, Milano, MI",Alcatraz Milano,La super festa all'Alcatraz dedicata ai mitici anni '90,https://www.milanotoday.it/eventi/festa-alcatraz-anni-90.html,Musica e vita notturna,"Alcatraz, 25, Via Valtellina, Isola, Municipio 9, Milano, Lombardia, 20159, Italia",45.494744,9.1823768,10
Mostre,21-01-23,2023-01-21,"Via Ascanio Sforza, 69, Milano, MI",Art Studio Finestreria,Clematis vitalba | 21 gennaio 22  h18-22 | evento per la chiusura della mostra,https://www.milanotoday.it/eventi/clematis-vitalba-21-gennaio-22-2022.html,Arte e cultura,"69, Via Ascanio Sforza, Ticinese, Municipio 5, Milano, Lombardia, 20141, Italia",45.4431758,9.1764198,0
Teatri,22-01-23,2023-01-21,"Via Jacopo dal Verme, 16, Milano, MI",Isolacasateatro,Goodbye papà - Spettacolo teatrale multilingue,https://www.milanotoday.it/eventi/goodbye-papa-spettacolo-teatrale-multilingue-2023.html,Teatro e spettacolo,"Panificio Angela, 16, Via Jacopo Dal Verme, Isola, Municipio 9, Milano, Lombardia, 20159, Italia",45.4872494,9.188647,10
Spettacoli,22-01-23,2023-01-22,"Via Ulisse Dini,7,20142, Milano, MI,Italia",PACTA Salone,FEDRAH o della Spietà dell'Amore,https://www.teatro.it/spettacoli/milano/pacta-salone/2022-2023/fedrah-o-della-spieta-dellamore,Teatro e spettacolo,"PACTA Salone, 7, Via Ulisse Dini, Stadera, Municipio 5, Milano, Lombardia, 20136, Italia",45.4290193,9.1798393,0
Spettacoli,22-01-23,2023-01-22,"via Fezzan,11,20146, Milano, MI,Italia",Ecoteatro,Riunione di famiglia,https://www.teatro.it/spettacoli/milano/ecoteatro/2022-2023/riunione-di-famiglia,Teatro e spettacolo,"EcoTeatro, 11, Via Fezzan, Bande Nere, Municipio 6, Milano, Lombardia, 20146, Italia",45.4592109,9.1459527,0
Mercatini,22-01-23,2023-01-22,"Via Mecenate, 88/A, Milano, MI",East Market,"East Market 2023, il vintage protagonista a Milano",https://www.milanotoday.it/eventi/east-market-mercatino-vintage-2023.html,Mercati e shopping,"Via Mecenate, Mecenate, Municipio 4, Milano, Lombardia, 20059, Italia",45.4529888,9.2481173,2
Spettacoli,22-01-23,2023-01-22,"via Pitteri 58,20134, Milano, MI,Italia",Martinitt,Camera con crimini,https://www.teatro.it/spettacoli/milano/martinitt/2022-2023/camera-con-crimini,Teatro e spettacolo,"Via Riccardo Pitteri, Lambrate, Municipio 3, Milano, Lombardia, 20134, Italia",45.4798362,9.2457864,6
Spettacoli,22-01-23,2023-01-22,"Via Rivoli 6,20121, Milano, MI,Italia",Piccolo Teatro - Studio Melato,Tre modi per non morire,https://www.teatro.it/spettacoli/milano/piccolo-teatro-studio-melato/2022-2023/tre-modi-per-non-morire,Teatro e spettacolo,"6, Via Rivoli, Brera, Municipio 1, Milano, Lombardia, 20121, Italia",45.4726093,9.182881,4
Spettacoli,22-01-23,2023-01-22,"Viale dell'Innovazione 20,20126, Milano, MI,Italia",Arcimboldi,Ma... diamoci del tu!,https://www.teatro.it/spettacoli/milano/degli-arcimboldi/2022-2023/enrico-brignano-ma-diamoci-del-tu,Teatro e spettacolo,"20, Viale dell'Innovazione, Bicocca, Municipio 9, Milano, Lombardia, 20125, Italia",45.5148696,9.2135963,5
Spettacoli,22-01-23,2023-01-22,"Largo Antonio Greppi,20121, Milano, MI,Italia",Piccolo Teatro - Teatro Strehler,Ferito a morte,https://www.teatro.it/spettacoli/milano/piccolo-teatro-teatro-strehler/2022-2023/ferito-a-morte,Teatro e spettacolo,"Largo Antonio Greppi, Cerchia dei Navigli, Municipio 1, Milano, Lombardia, 20121, Italia",45.4718502,9.1827114,4
Spettacoli,22-01-23,2023-01-22,"via Pier Lombardo,14,20135, Milano, MI,Italia",Franco Parenti - Sala Grande,Il cacciatore di nazisti,https://www.teatro.it/spettacoli/milano/franco-parenti-sala-grande/2022-2023/il-cacciatore-di-nazisti,Teatro e spettacolo,"Via Pier Lombardo, Porta Romana, Municipio 4, Milano, Lombardia, 20135, Italia",45.4542958,9.2063109,4
Spettacoli,22-01-23,2023-01-22,"Corso di Porta Romana 63,20122, Milano, MI,Italia",Carcano,Canova svelato,https://www.teatro.it/spettacoli/milano/carcano/2022-2023/canova-svelato,Teatro e spettacolo,"Teatro Carcano, 63, Corso di Porta Romana, Crocetta, Municipio 1, Milano, Lombardia, 20121, Italia",45.4566842,9.1955297,4
Spettacoli,22-01-23,2023-01-22,"Via Lattanzio 58/A,20137, Milano, MI,Italia",deSidera Teatro Oscar,Arlecchino furioso,https://www.teatro.it/spettacoli/milano/oscar/2022-2023/arlecchino-furioso,Teatro e spettacolo,"Teatro Oscar DeSidera, 58/A, Via Lattanzio, Umbria - Molise, Municipio 4, Milano, Lombardia, 20137, Italia",45.4523298,9.2167181,6
Spettacoli,23-01-23,2023-01-23,"Viale dell'Innovazione 20,20126, Milano, MI,Italia",Arcimboldi,Venditti & De Gregori - IL TOUR,https://www.teatro.it/spettacoli/milano/degli-arcimboldi/2022-2023/venditti-de-gregori-il-tour,Teatro e spettacolo,"20, Viale dell'Innovazione, Bicocca, Municipio 9, Milano, Lombardia, 20125, Italia",45.5148696,9.2135963,5
Spettacoli,23-01-23,2023-01-23,"Viale dell'Innovazione 20,20126, Milano, MI,Italia",Arcimboldi,Venditti & De Gregori - IL TOUR,https://www.teatro.it/spettacoli/milano/degli-arcimboldi/2022-2023/venditti-de-gregori-il-tour,Teatro e spettacolo,"20, Viale dell'Innovazione, Bicocca, Municipio 9, Milano, Lombardia, 20125, Italia",45.5148696,9.2135963,5
Spettacoli,23-01-23,2023-01-23,"Via Larga 14,20122, Milano, MI,Italia",Lirico Giorgio Gaber,Tel chi Filippo,https://www.teatro.it/spettacoli/milano/lirico-giorgio-gaber/2022-2023/filippo-caccamo-tel-chi-filippo,Teatro e spettacolo,"Teatro Lirico Giorgio Gaber, 14, Via Larga, Cerchia dei Navigli, Municipio 1, Milano, Lombardia, 20122, Italia",45.4615135,9.1918702,4
,04-02-23,2023-01-24,"Via Andrea Maria Ampère, 27, Milano, MI",Spazio Arte Tolomeo,"“Be the change”, mostra d’arte internazionale sull’ambiente",https://www.milanotoday.it/eventi/be-the-change-mostra-d-arte-2023.html,Non classificato,"27, Via Andrea Maria Ampère, Città Studi, Municipio 3, Milano, Lombardia, 20131, Italia",45.4816019,9.2263908,6
Mostre,31-03-23,2023-01-24,"Via Maurizio Gonzaga, 2, Milano, MI",BABS Art Gallery,tania pistone - l'alfabeto possibile,https://www.milanotoday.it/eventi/tania-pistone-l-alfabeto-possibile-2023.html,Arte e cultura,"2, Via Maurizio Gonzaga, Cerchia dei Navigli, Municipio 1, Milano, Lombardia, 20123, Italia",45.4619404,9.1894546,4
Spettacoli,24-01-23,2023-01-24,"Via Larga 14,20122, Milano, MI,Italia",Lirico Giorgio Gaber,The Magical Music of Harry Potter | Live in Concert,https://www.teatro.it/spettacoli/milano/lirico-giorgio-gaber/2022-2023/the-magical-music-of-harry-potter-live-in-concert,Teatro e spettacolo,"Teatro Lirico Giorgio Gaber, 14, Via Larga, Cerchia dei Navigli, Municipio 1, Milano, Lombardia, 20122, Italia",45.4615135,9.1918702,4
,04-02-23,2023-01-24,"Via Andrea Maria Ampère, 27, Milano, MI",Spazio Arte Tolomeo,"“Be the change”, mostra d’arte internazionale sull’ambiente",https://www.milanotoday.it/eventi/be-the-change-mostra-d-arte-internazionale-2022.html,Non classificato,"27, Via Andrea Maria Ampère, Città Studi, Municipio 3, Milano, Lombardia, 20131, Italia",45.4816019,9.2263908,6
Incontri,04-02-23,2023-01-24,"Via Andrea Maria Ampère, 27, Milano, MI",Spazio Arte Tolomeo,"“Be the change”, mostra d’arte internazionale sull’ambiente",https://www.milanotoday.it/eventi/be-the-change-2022.html,Formazione e networking,"27, Via Andrea Maria Ampère, Città Studi, Municipio 3, Milano, Lombardia, 20131, Italia",45.4816019,9.2263908,6
Concerti,14-02-23,2023-01-24,"Viale dell'Innovazione, 20, Milano, MI",Teatro degli Arcimboldi,Achille Lauro in concerto a Milano per tre date imperdibili. Orari e biglietti,https://www.milanotoday.it/eventi/concerto-achille-lauro-arcimboldi-2023.html,Musica e vita notturna,"20, Viale dell'Innovazione, Bicocca, Municipio 9, Milano, Lombardia, 20125, Italia",45.5148696,9.2135963,5
Spettacoli,25-01-23,2023-01-25,"v. Cavallari 4,20013, Magenta, MI,Italia",Lirico,Il delitto di via dell'Orsina,https://www.teatro.it/spettacoli/magenta/lirico/2022-2023/il-delitto-di-via-dellorsina,Teatro e spettacolo,"Via Brenno Cavallari, Magenta, Milano, Lombardia, 20013, Italia",45.4683141,8.8834486,9
Spettacoli,25-01-23,2023-01-25,"piazza Carlo Alberto dalla Chiesa 4,20020, Arese, MI,Italia",Cinema Teatro Arese,Pigiama per sei,https://www.teatro.it/spettacoli/arese/cinema-teatro-arese/2022-2023/pigiama-per-sei,Teatro e spettacolo,"Cinema Teatro Arese, 4, Piazza Generale Carlo Alberto Dalla Chiesa, Sant'Anna, Arese, Milano, Lombardia, 20044, Italia",45.549694,9.0777685,8
Mostre,25-01-23,2023-01-25,"Via Alfonso Capecelatro, 22, Milano, MI",ARTEMISIA5 PITTRICI,Abitare i colori,https://www.milanotoday.it/eventi/abitare-i-colori-artemisa-cinque-pittrici.html,Arte e cultura,"Via Alfonso Capecelatro, San Siro, Municipio 7, Milano, Lombardia, 20148, Italia",45.4719317,9.1290115,13
Teatri,29-01-23,2023-01-25,"Via Giorgio Vasari, Milano, MI",Teatro Franco Parenti,"Sergio Castellitto è ""Zorro, un eremita sul marciapiede""",https://www.milanotoday.it/eventi/spettacolo-sergio-castellitto-franco-parenti.html,Teatro e spettacolo,"Via Giorgio Vasari, Porta Romana, Municipio 4, Milano, Lombardia, 20135, Italia",45.4542475,9.2073471,4
,01-03-23,2023-01-25,"Via Maloia, 1, Milano, MI",spazioSERRA,Dragon,https://www.milanotoday.it/eventi/dragon-nicholas-polari.html,Non classificato,"Via Maloia, Farini, Municipio 9, Milano, Lombardia, 20158, Italia",45.4946286,9.1768212,10
Spettacoli,26-01-23,2023-01-26,"Via Larga 14,20122, Milano, MI,Italia",Lirico Giorgio Gaber,The Duke Ellington Orchestra,https://www.teatro.it/spettacoli/milano/lirico-giorgio-gaber/2022-2023/the-duke-ellington-orchestra,Teatro e spettacolo,"Teatro Lirico Giorgio Gaber, 14, Via Larga, Cerchia dei Navigli, Municipio 1, Milano, Lombardia, 20122, Italia",45.4615135,9.1918702,4
,26-01-23,2023-01-26,"Via Fratelli Zoia, 89, Milano, MI",Spazio Teatro 89,Herr doktor,https://www.milanotoday.it/eventi/herr-doktor-beatrice-marzorati-2022.html,Non classificato,"Via Fratelli Zoia, Quarto Cagnino, Municipio 7, Milano, Lombardia, 20153, Italia",45.4751914,9.108401,13
,27-01-23,2023-01-26,"Piazza Edmond Jacob Safra, Milano, MI",Memoriale della Shoah,Il Memoriale della Shoah di Milano aperto gratuitamente per tutti: come prenotare,https://www.milanotoday.it/eventi/memoriale-shoah-aperto-gratis-quando.html,Non classificato,"Piazza Edmond Jacob Safra, Centrale, Municipio 2, Milano, Lombardia, 20124, Italia",45.4880206,9.2082383,6
Teatri,28-01-23,2023-01-26,"Largo Greppi, 1, Milano, MI",Piccolo Teatro Strehler,"""Fraternité"", la ricerca degli abitanti della Terra",https://www.milanotoday.it/eventi/spettacolo-fraternite-piccolo-teatro.html,Teatro e spettacolo,"Largo Antonio Greppi, Cerchia dei Navigli, Municipio 1, Milano, Lombardia, 20121, Italia",45.4718502,9.1827114,4
Mostra,15-04-23,2023-01-26,"via Brera, 28, Milano, MI",Pinacoteca di Brera - Biblioteca Nazionale Braidense di Milano,UN FILO D'ORO 1900 - 1938 La collezione Prutscher di libri viennesi per bambini,,Arte e cultura,"Istituto Nazionale di Astrofisica – Osservatorio astronomico di Brera, 28, Via Brera, Cerchia dei Navigli, Municipio 1, Milano, Lombardia, 20121, Italia",45.4715946,9.1889707,4
Concerti,29-01-23,2023-01-26,"Largo Gustav Mahler, Milano, MI",Auditorium di Milano Fondazione Cariplo,Il Requiem di Mozart nel concerto dell'Orchestra Sinfonica di Milano,https://www.milanotoday.it/eventi/concerto-mozart-orchestra-sinfonica.html,Musica e vita notturna,"Largo Gustav Mahler, Ticinese, Municipio 5, Milano, Lombardia, 20136, Italia",45.4463151,9.1792547,0
Spettacoli,26-01-23,2023-01-26,"Viale dell'Innovazione 20,20126, Milano, MI,Italia",Arcimboldi,Van Gogh Cafè - Opera Musical,https://www.teatro.it/spettacoli/milano/degli-arcimboldi/2022-2023/van-gogh-cafe,Teatro e spettacolo,"20, Viale dell'Innovazione, Bicocca, Municipio 9, Milano, Lombardia, 20125, Italia",45.5148696,9.2135963,5
Spettacoli,26-01-23,2023-01-26,"Via Filodrammatici 2,20121, Milano, MI,Italia",Teatro Alla Scala,Recital di canto - Renée Fleming,https://www.teatro.it/spettacoli/milano/teatro-alla-scala/2022-2023/recital-di-canto-renee-fleming,Teatro e spettacolo,"2, Via Filodrammatici, Brera, Milano, Lombardia, 20121, Italia",45.4676198,9.1884287,4
Teatri,26-01-23,2023-01-26,"Viale dell'Innovazione, 20, Milano, MI",Teatro degli Arcimboldi,"Luci e ombre di Van Gogh, lo spettacolo dedicato al grande artista",https://www.milanotoday.it/eventi/spettacolo-van-gogh-arcimboldi.html,Teatro e spettacolo,"20, Viale dell'Innovazione, Bicocca, Municipio 9, Milano, Lombardia, 20125, Italia",45.5148696,9.2135963,5
Spettacoli,28-01-23,2023-01-28,"via Conservatorio 12,20122, Milano, MI,Italia",Conservatorio Giuseppe Verdi,"Concerto Kochanovsky, Sokolov",https://www.teatro.it/spettacoli/milano/conservatorio-giuseppe-verdi/2022-2023/concerto-kochanovsky-sokolov-filarmonica-toscanini,Teatro e spettacolo,"Via Conservatorio, Guastalla, Municipio 1, Milano, Lombardia, 20122, Italia",45.4658084,9.2027724,4
Disco&Feste,28-01-23,2023-01-28,"Viale Toscana, 31, Milano, MI",Santeria Toscana 31,La festa di Le Cannibale in Santeria,https://www.milanotoday.it/eventi/festa-le-cannibale-santeria.html,Musica e vita notturna,"Santeria Toscana 31, 31, Viale Toscana, Vigentina, Municipio 5, Milano, Lombardia, 20136, Italia",45.4456408,9.1883503,4
Spettacoli,28-01-23,2023-01-28,"Via Larga 14,20122, Milano, MI,Italia",Lirico Giorgio Gaber,Fred!,https://www.teatro.it/spettacoli/milano/lirico-giorgio-gaber/2022-2023/matthias-martelli-fred,Teatro e spettacolo,"Teatro Lirico Giorgio Gaber, 14, Via Larga, Cerchia dei Navigli, Municipio 1, Milano, Lombardia, 20122, Italia",45.4615135,9.1918702,4
Manifestazioni,29-01-23,2023-01-28,"Via Novegro, Milano, MI",Parco Esposizioni Novegro,A Milano arriva il festival del fumetto,https://www.milanotoday.it/eventi/fiera-fumetti-novegro.html,Altri eventi,"Via Novegro, Novegro, Segrate, Milano, Lombardia, 20054, Italia",45.4688231,9.2825667,2
Spettacoli,29-01-23,2023-01-29,"via Filodrammatici,1,20121, Milano, MI,Italia",Filodrammatici,A casa allo zoo,https://www.teatro.it/spettacoli/milano/filodrammatici/2022-2023/a-casa-allo-zoo,Teatro e spettacolo,"Teatro dei Filodrammatici, 1, Via Filodrammatici, Brera, Municipio 1, Milano, Lombardia, 20121, Italia",45.467261,9.188435,4
Sport,29-01-23,2023-01-29,"Piazza Edmond Jacob Safra, Milano, MI",Memoriale della Shoah,"La Corsa per la Memoria, per non dimenticare",https://www.milanotoday.it/eventi/corsa-memoriale-shoah.html,Sport e attività fisica,"Piazza Edmond Jacob Safra, Centrale, Municipio 2, Milano, Lombardia, 20124, Italia",45.4880206,9.2082383,6
Spettacoli,29-01-23,2023-01-29,"Via Giordano Rota 1,20145, Milano, MI,Italia",Nazionale Italiana Assicurazioni,Rapunzel il musical,https://www.teatro.it/spettacoli/milano/nazionale-chebanca/2022-2023/rapunzel-il-musical,Teatro e spettacolo,"20145, Italy",45.4643,9.1895,4
Teatri,29-01-23,2023-01-29,"Corso di Porta Romana, 63, Milano, MI",Teatro Carcano,"""Il Principe Ranocchio"" a teatro, spettacolo per bambini",https://www.milanotoday.it/eventi/spettacolo-principe-ranocchio-carcano.html,Teatro e spettacolo,"Teatro Carcano, 63, Corso di Porta Romana, Crocetta, Municipio 1, Milano, Lombardia, 20121, Italia",45.4566842,9.1955297,4
Spettacoli,29-01-23,2023-01-29,"Corso di Porta Romana 63,20122, Milano, MI,Italia",Carcano,"Dentro: una storia vera, se volete",https://www.teatro.it/spettacoli/milano/carcano/2022-2023/dentro-una-storia-vera-se-volete,Teatro e spettacolo,"Teatro Carcano, 63, Corso di Porta Romana, Crocetta, Municipio 1, Milano, Lombardia, 20121, Italia",45.4566842,9.1955297,4
Spettacoli,29-01-23,2023-01-29,"Via Alessandro Manzoni 42,20121, Milano, MI,Italia",Manzoni,Coppia aperta quasi spalancata,https://www.teatro.it/spettacoli/milano/manzoni/2022-2023/coppia-aperta-quasi-spalancata,Teatro e spettacolo,"Teatro Manzoni, 42, Via Alessandro Manzoni, Cerchia dei Navigli, Municipio 1, Milano, Lombardia, 20121, Italia",45.4710286,9.1944762,4
Spettacoli,29-01-23,2023-01-29,"Via Ciro Menotti 11,20129, Milano, MI,Italia",Menotti,"Uno, nessuno e centomila",https://www.teatro.it/spettacoli/milano/menotti/2022-2023/uno-nessuno-e-centomila,Teatro e spettacolo,"11, Via Ciro Menotti, Buenos Aires - Venezia, Municipio 3, Milano, Lombardia, 20129, Italia",45.4699888,9.2132156,6
Spettacoli,29-01-23,2023-01-29,"Via Larga 14,20122, Milano, MI,Italia",Lirico Giorgio Gaber,Giorgio Panariello - La favola mia,https://www.teatro.it/spettacoli/milano/lirico-giorgio-gaber/2022-2023/la-favola-mia-giorgio-panariello,Teatro e spettacolo,"Teatro Lirico Giorgio Gaber, 14, Via Larga, Cerchia dei Navigli, Municipio 1, Milano, Lombardia, 20122, Italia",45.4615135,9.1918702,4
Spettacoli,29-01-23,2023-01-29,"Viale dell'Innovazione 20,20126, Milano, MI,Italia",Arcimboldi,Rasputin - Sergei Polunin,https://www.teatro.it/spettacoli/milano/degli-arcimboldi/2022-2023/rasputin-sergei-polunin,Teatro e spettacolo,"20, Viale dell'Innovazione, Bicocca, Municipio 9, Milano, Lombardia, 20125, Italia",45.5148696,9.2135963,5
Spettacoli,29-01-23,2023-01-29,"via Pitteri 58,20134, Milano, MI,Italia",Martinitt,Faccia un'altra faccia,https://www.teatro.it/spettacoli/milano/martinitt/2022-2023/faccia-unaltra-faccia,Teatro e spettacolo,"Via Riccardo Pitteri, Lambrate, Municipio 3, Milano, Lombardia, 20134, Italia",45.4798362,9.2457864,6
Spettacoli,29-01-23,2023-01-29,"via Pier Lombardo,14,20135, Milano, MI,Italia",Franco Parenti - Sala Grande,Zorro,https://www.teatro.it/spettacoli/milano/franco-parenti-sala-grande/2022-2023/zorro-sergio-castellitto,Teatro e spettacolo,"Via Pier Lombardo, Porta Romana, Municipio 4, Milano, Lombardia, 20135, Italia",45.4542958,9.2063109,4
Spettacoli,30-01-23,2023-01-30,"Via Varese,29,20024, Garbagnate Milanese, MI,Italia",Italia,Faccia un'altra faccia,https://www.teatro.it/spettacoli/garbagnate-milanese/italia/2022-2023/faccia-unaltra-faccia,Teatro e spettacolo,"Via Varese, Quadrifoglio, Santa Maria Rossa, Garbagnate Milanese, Milano, Lombardia, 20024, Italia",45.5758278,9.0778952,8
Spettacoli,30-01-23,2023-01-30,"Via Alessandro Manzoni 42,20121, Milano, MI,Italia",Manzoni,Da Balla a Dalla. Storia di un'imitazione vissuta,https://www.teatro.it/spettacoli/milano/manzoni/2022-2023/da-balla-a-dalla-storia-di-unimitazione-vissuta,Teatro e spettacolo,"Teatro Manzoni, 42, Via Alessandro Manzoni, Cerchia dei Navigli, Municipio 1, Milano, Lombardia, 20121, Italia",45.4710286,9.1944762,4
Spettacoli,31-01-23,2023-01-31,"v. Mons. Pogliani 7/a,ang. via Grandi,20090, Cesano Boscone, MI,Italia",Cristallo,Quasi Amici,https://www.teatro.it/spettacoli/cesano-boscone/cristallo/2022-2023/quasi-amici,Teatro e spettacolo,"20090, Italy",45.407,9.1083,14
Spettacoli,31-01-23,2023-01-31,"Via Larga 14,20122, Milano, MI,Italia",Lirico Giorgio Gaber,"Anna, diario figlio della Shoah",https://www.teatro.it/spettacoli/milano/lirico-giorgio-gaber/2022-2023/anna-diario-figlio-della-shoah,Teatro e spettacolo,"Teatro Lirico Giorgio Gaber, 14, Via Larga, Cerchia dei Navigli, Municipio 1, Milano, Lombardia, 20122, Italia",45.4615135,9.1918702,4
evento solo on site,18-07-23,2023-01-31,"piazza Santa Maria delle Grazie, 2, Milano, MI",Cenacolo Vinciano,17 aperture straordinarie del Cenacolo Vinciano,,Altri eventi,"Museo del Cenacolo Vinciano, 2, Piazza Santa Maria delle Grazie, Magenta - San Vittore, Municipio 1, Milano, Lombardia, 20123, Italia",45.4662047,9.170655,0
Spettacoli,31-01-23,2023-01-31,"Via Filodrammatici 2,20121, Milano, MI,Italia",Teatro Alla Scala,Salome,https://www.teatro.it/spettacoli/milano/teatro-alla-scala/2022-2023/salome,Teatro e spettacolo,"2, Via Filodrammatici, Brera, Milano, Lombardia, 20121, Italia",45.4676198,9.1884287,4
Mostre,26-02-23,2023-01-31,"Piazza del Duomo, Milano, MI",Palazzo Reale,"""Carlo Alberto Dalla Chiesa. L'uomo, il generale"", la mostra a Milano",https://www.milanotoday.it/eventi/mostra-carlo-alberto-dalla-chiesa-palazzo-reale.html,Arte e cultura,"Piazza del Duomo, Duomo, Municipio 1, Milano, Lombardia, Italia",45.4639102,9.1906398,4
Spettacoli,02-02-23,2023-02-02,"Piazza Risorgimento 19,20066, Melzo, MI,Italia",Trivulzio,La bisbetica domata,https://www.teatro.it/spettacoli/melzo/trivulzio/2022-2023/la-bisbetica-domata,Teatro e spettacolo,"Piazza Risorgimento, Melzo, Milano, Lombardia, 20066, Italia",45.5003449,9.4229132,12
Spettacoli,02-02-23,2023-02-02,"via Pitteri 58,20134, Milano, MI,Italia",Martinitt,Tipi,https://www.teatro.it/spettacoli/milano/martinitt/2022-2023/tipi-roberto-ciufoli,Teatro e spettacolo,"Via Riccardo Pitteri, Lambrate, Municipio 3, Milano, Lombardia, 20134, Italia",45.4798362,9.2457864,6
Teatri,05-02-23,2023-02-02,"Corso di Porta Romana, 63, Milano, MI",Teatro Carcano,"Moni Ovadia e la sua orchestra in ""Oylem Goylem""",https://www.milanotoday.it/eventi/spettacolo-moni-ovadia-carcano.html,Teatro e spettacolo,"Teatro Carcano, 63, Corso di Porta Romana, Crocetta, Municipio 1, Milano, Lombardia, 20121, Italia",45.4566842,9.1955297,4
Teatri,03-02-23,2023-02-03,"Via Jacopo dal Verme, 16, Milano, MI",IsolaCasaTeatro,Re-cordis,https://www.milanotoday.it/eventi/re-cordis-mayil-georgi-nieto-2023.html,Teatro e spettacolo,"Panificio Angela, 16, Via Jacopo Dal Verme, Isola, Municipio 9, Milano, Lombardia, 20159, Italia",45.4872494,9.188647,10
Spettacoli,03-02-23,2023-02-03,"v. Matteotti 30,20064, Gorgonzola, MI,Italia",Sala Argentia,Scomodo,https://www.teatro.it/spettacoli/gorgonzola/sala-argentia/2022-2023/angelo-pisani-scomodo,Teatro e spettacolo,"Sala Argentia, 30, Via Giacomo Matteotti, Gorgonzola, Milano, Lombardia, 20064, Italia",45.5327792,9.4032916,12
,05-02-23,2023-02-03,"Piazza Piero Carnelli, Milano, MI",Teatro Delfino,Al teatro Delfino in scena l'acquisto di maradona con cazzimma&arraggia,https://www.milanotoday.it/eventi/al-teatro-delfino-in-scena-l-acquisto.html,Non classificato,"Piazza Don Piero Carnelli, Mecenate, Municipio 4, Milano, Lombardia, 20059, Italia",45.4584915,9.2436908,2
Spettacoli,03-02-23,2023-02-03,"via Selvanesco 75,20142, Milano, MI,Italia",Pim Off,In crociera,https://www.teatro.it/spettacoli/milano/pim-off/2022-2023/in-crociera,Teatro e spettacolo,"75, Via Selvanesco, Gratosoglio - Ticinello, Municipio 5, Milano, Lombardia, 20142, Italia",45.4149579,9.1773287,0
Spettacoli,03-02-23,2023-02-03,"p.zza IV Novembre 3,20025, Legnano, MI,Italia",Talisio Tirinnanzi,Funeral Home,https://www.teatro.it/spettacoli/legnano/talisio-tirinnanzi/2022-2023/funeral-home,Teatro e spettacolo,"Scuola Secondaria di Primo Grado Giovanni Ungaretti, 3, Piazza Quattro Novembre, San Giorgio su Legnano, Milano, Lombardia, 20034, Italia",45.5765251,8.9157963,1
Spettacoli,04-02-23,2023-02-04,"v. Cavallari 4,20013, Magenta, MI,Italia",Lirico,Perfetta,https://www.teatro.it/spettacoli/magenta/lirico/2022-2023/geppi-cucciari-perfetta,Teatro e spettacolo,"Via Brenno Cavallari, Magenta, Milano, Lombardia, 20013, Italia",45.4683141,8.8834486,9
Disco&Feste,04-02-23,2023-02-04,"Via Valtellina, Milano, MI",Alcatraz Milano,La super festa all'Alcatraz con i Matrioska,https://www.milanotoday.it/eventi/festa-alcatraz-matrioska.html,Musica e vita notturna,"Via Valtellina, Farini, Municipio 9, Milano, Lombardia, 20159, Italia",45.4907327,9.1812435,10
Concerti,05-02-23,2023-02-04,"Via Giuseppe di Vittorio, Milano, MI",Mediolanum Forum,Michael Bublè in concerto a Milano. Orari e biglietti,https://www.milanotoday.it/eventi/concerto-michael-buble-forum-assago.html,Musica e vita notturna,"Via Giuseppe Di Vittorio, Pontesesto, Rozzano, Milano, Lombardia, 20072, Italia",45.3848731,9.1854672,14
Spettacoli,04-02-23,2023-02-04,"via Filodrammatici,1,20121, Milano, MI,Italia",Filodrammatici,L'avvelenatrice - Maria Paiato,https://www.teatro.it/spettacoli/milano/filodrammatici/2022-2023/lavvelenatrice-maria-paiato,Teatro e spettacolo,"Teatro dei Filodrammatici, 1, Via Filodrammatici, Brera, Municipio 1, Milano, Lombardia, 20121, Italia",45.467261,9.188435,4
,05-02-23,2023-02-04,"Piazzale Lagosta, 7, Milano, MI",Milano Glory,"Cena, musica dal vivo e balli  del sud italia al mercato lagosta - milano",https://www.milanotoday.it/eventi/cena-musica-dal-vivo-2023.html,Non classificato,"7, Piazzale Lagosta, Isola, Municipio 9, Milano, Lombardia, 20159, Italia",45.4894224,9.1910324,10
Mercatini,05-02-23,2023-02-04,"Via Tortona, 30, Milano, MI",Retrograde By East Market,"A Milano torna Retrograde, il garage con abbigliamento vintage di East Market",https://www.milanotoday.it/eventi/garage-retrograde-vestiti-vintage.html,Mercati e shopping,"30, Via Tortona, Tortona, Municipio 6, Milano, Lombardia, 20144, Italia",45.4527229,9.1657003,0
,19-02-23,2023-02-04,"Strada Statale dei Giovi, 35, Milano, MI",Centro Commerciale Brianza,A Nord di Milano si festeggia a suon di musica e gustando piatti deliziosi,https://www.milanotoday.it/eventi/festa-centro-commerciale.html,Non classificato,"Via Strada Statale 35 dei Giovi, Battiloca, Dugnano, Paderno Dugnano, Zona Omogenea Milano Nord, Milano, Lombardia, 20037, Italia",45.5620334,9.1513296,5
Spettacoli,05-02-23,2023-02-05,"Via G. di Vittorio 6,20090, Assago, MI,Italia",Unipol Forum,Michael Bublè - Higher Tour 2023,https://www.teatro.it/spettacoli/assago/mediolanum-forum/2022-2023/michael-buble-higher-tour-2023,Teatro e spettacolo,"20090, Italy",45.407,9.1083,14
Spettacoli,05-02-23,2023-02-05,"Via Larga 14,20122, Milano, MI,Italia",Lirico Giorgio Gaber,Notre Dame de Paris,https://www.teatro.it/spettacoli/milano/lirico-giorgio-gaber/2022-2023/notre-dame-de-paris-balletto-di-milano,Teatro e spettacolo,"Teatro Lirico Giorgio Gaber, 14, Via Larga, Cerchia dei Navigli, Municipio 1, Milano, Lombardia, 20122, Italia",45.4615135,9.1918702,4
Spettacoli,05-02-23,2023-02-05,"Via Larga 14,20122, Milano, MI,Italia",Lirico Giorgio Gaber,Notre Dame de Paris,https://www.teatro.it/spettacoli/milano/lirico-giorgio-gaber/2022-2023/notre-dame-de-paris-balletto-di-milano,Teatro e spettacolo,"Teatro Lirico Giorgio Gaber, 14, Via Larga, Cerchia dei Navigli, Municipio 1, Milano, Lombardia, 20122, Italia",45.4615135,9.1918702,4
Cinema,05-02-23,2023-02-05,"Via San Pietro All'Orto, 9, Milano, MI",Cineteca di Milano Cinema Arlecchino,"La rassegna ""Clan dei marmocchi"" con film (e merende) per bambini",https://www.milanotoday.it/eventi/film-cinema-bambini-cineteca-arlecchino.html,Arte e cultura,"9, Via San Pietro all'Orto, Duomo, Municipio 1, Milano, Lombardia, 20122, Italia",45.4664611,9.1953139,4
,05-02-23,2023-02-05,"Galleria Vittorio Emanuele II, 12, Milano, MI",Libreria Bocca,Rinascimento poetico in libreria Bocca,https://www.milanotoday.it/eventi/rinascimento-poetico-in-libreria-bocca-2022--.html,Non classificato,"Libreria Bocca, 12, Galleria Vittorio Emanuele Secondo, Duomo, Municipio 1, Milano, Lombardia, 20121, Italia",45.4651429,9.1901652,4
Spettacoli,05-02-23,2023-02-05,"Corso di Porta Romana 63,20122, Milano, MI,Italia",Carcano,Oylem Goylem,https://www.teatro.it/spettacoli/milano/carcano/2022-2023/oylem-goylem,Teatro e spettacolo,"Teatro Carcano, 63, Corso di Porta Romana, Crocetta, Municipio 1, Milano, Lombardia, 20121, Italia",45.4566842,9.1955297,4
Spettacoli,05-02-23,2023-02-05,"Corso Buenos Aires,33,20124, Milano, MI,Italia",Teatro Elfo Puccini - sala Fassbinder,La febbre,https://www.teatro.it/spettacoli/milano/teatro-elfo-puccini-sala-fassbinder/2022-2023/la-febbre-federica-fracassi,Teatro e spettacolo,"Teatro Elfo Puccini, 33, Corso Buenos Aires, Buenos Aires - Venezia, Municipio 3, Milano, Lombardia, 20124, Italia",45.4794317,9.2098387,6
Spettacoli,05-02-23,2023-02-05,"Via Hermada,8,20162, Milano, MI,Italia",della Cooperativa,Nell'occhio del labirinto - Apologia di Enzo Tortora,https://www.teatro.it/spettacoli/milano/della-cooperativa/2022-2023/nellocchio-del-labirinto-apologia-di-enzo-tortora,Teatro e spettacolo,"8, Via privata Hermada, Niguarda - Cà Granda, Municipio 9, Milano, Lombardia, 20162, Italia",45.5147872,9.1901457,5
Concerti,05-02-23,2023-02-05,"Largo Gustav Mahler, Milano, MI",Auditorium di Milano Fondazione Cariplo,Il concerto rock dell'Orchestra Sinfonica di Milano,https://www.milanotoday.it/eventi/concerto-orchestra-sinfonica-milano-2023.html,Musica e vita notturna,"Largo Gustav Mahler, Ticinese, Municipio 5, Milano, Lombardia, 20136, Italia",45.4463151,9.1792547,0
Spettacoli,05-02-23,2023-02-05,"Via Rovello 2,20121, Milano, MI,Italia",Piccolo Teatro - Teatro Grassi,Il barone rampante,https://www.teatro.it/spettacoli/milano/piccolo-teatro-teatro-grassi/2022-2023/il-barone-rampante,Teatro e spettacolo,"2, Via Rovello, Brera, Milano, Lombardia, 20121, Italia",45.4665188,9.1847651,4
Spettacoli,05-02-23,2023-02-05,"Viale dell'Innovazione 20,20126, Milano, MI,Italia",Arcimboldi,Legally Blonde - La rivincita delle bionde,https://www.teatro.it/spettacoli/milano/degli-arcimboldi/2022-2023/legally-blonde-la-rivincita-delle-bionde-il-musical,Teatro e spettacolo,"20, Viale dell'Innovazione, Bicocca, Municipio 9, Milano, Lombardia, 20125, Italia",45.5148696,9.2135963,5
Spettacoli,05-02-23,2023-02-05,"Corso Buenos Aires 33,20124, Milano, MI,Italia",Elfo Puccini - sala Shakespeare,Il seme della violenza. The Laramie Project,https://www.teatro.it/spettacoli/milano/elfo-puccini-sala-shakespeare/2022-2023/il-seme-della-violenza-the-laramie-project,Teatro e spettacolo,"Teatro Elfo Puccini, 33, Corso Buenos Aires, Buenos Aires - Venezia, Municipio 3, Milano, Lombardia, 20124, Italia",45.4794317,9.2098387,6
Concerti,06-02-23,2023-02-06,"Viale dell'Innovazione, 20, Milano, MI",Teatro degli Arcimboldi,Annullato: I supereroi Marvel protagonisti di uno speciale concerto,https://www.milanotoday.it/eventi/concerto-supereroi-marvel-arcimboldi.html,Musica e vita notturna,"20, Viale dell'Innovazione, Bicocca, Municipio 9, Milano, Lombardia, 20125, Italia",45.5148696,9.2135963,5
,07-02-23,2023-02-07,"Via delle Ore, 3, Milano, MI",Ambrosianeum,Europa: libertà senza radici? il valore del passato e gli occhi sul futuro,https://www.milanotoday.it/eventi/europa-liberta-senza-radici-2023.html,Non classificato,"Ambrosianeum, 3, Via delle Ore, Duomo, Municipio 1, Milano, Lombardia, 20122, Italia",45.4628936,9.1925597,4
Teatri,26-02-23,2023-02-07,"Via Rivoli, 6, Milano, MI",Teatro Studio Melato,"Al Piccolo Teatro ""Carbonio"" racconta l'incontro con le vite aliene",https://www.milanotoday.it/eventi/spettacolo-carbonio-piccolo-teatro.html,Teatro e spettacolo,"6, Via Rivoli, Brera, Municipio 1, Milano, Lombardia, 20121, Italia",45.4726093,9.182881,4
Mostre,19-02-23,2023-02-08,"Via Andrea Maria Ampère, 1, Milano, MI",Teatro Leonardo,La Mirandolina pop di Corrado D'Elia,https://www.milanotoday.it/eventi/la-mirandolina-pop-di-corrado-d-elia-2023.html,Arte e cultura,"Teatro Leonardo da Vinci, 1, Via Andrea Maria Ampère, Città Studi, Municipio 3, Milano, Lombardia, 20131, Italia",45.4795266,9.2263901,6
Mostre,22-03-23,2023-02-08,"Via Milazzo, 6, Milano, MI",Arte in Salotto,Bestiale!,https://www.milanotoday.it/eventi/bestiale-andrea-maiotti-2023.html,Arte e cultura,"6, Via Milazzo, Brera, Municipio 1, Milano, Lombardia, 20121, Italia",45.4791251,9.1876651,10
Incontri,23-02-23,2023-02-08,"Via Bramante, 13, Milano, MI",The YAH Factory,Dissoul - dissociazione corporea,https://www.milanotoday.it/eventi/dissoul-dissociazione-corporea-2023.html,Formazione e networking,"13, Via Bramante, Sarpi, Municipio 1, Municipio 8 di Milano, Milano, Lombardia, 20154, Italia",45.4797813,9.1797182,10
Concerti,22-03-23,2023-02-08,"Piazza Ventiquattro Maggio, 8, Milano, MI",Aethos,I concerti di beneficenza nell'hotel di Milano,https://www.milanotoday.it/eventi/concerti-beneficenza-hotel-aethos.html,Musica e vita notturna,"Zaia, 8, Piazza Ventiquattro Maggio, Ticinese, Municipio 5, Milano, Lombardia, 20123, Italia",45.4531436,9.179053,0
Cibo e Vino,13-02-23,2023-02-09,"Via Tortona, 31, Milano, MI",Ex Opificio,"A Milano arriva ""Avvinamenti"", per tutti gli appassionati di vino",https://www.milanotoday.it/eventi/avvinamenti-fiera-vino-html.html,Enogastronomia,"31, Via Tortona, Tortona, Municipio 6, Milano, Lombardia, 20144, Italia",45.4514566,9.1619182,0
Spettacoli,09-02-23,2023-02-09,"Via Filodrammatici 2,20121, Milano, MI,Italia",Teatro Alla Scala,Dawson / Duato / Kratz / Kylián,https://www.teatro.it/spettacoli/milano/teatro-alla-scala/2022-2023/dawson-duato-kratz-kylian,Teatro e spettacolo,"2, Via Filodrammatici, Brera, Milano, Lombardia, 20121, Italia",45.4676198,9.1884287,4
Spettacoli,09-02-23,2023-02-09,"v. Mons. Pogliani 7/a,ang. via Grandi,20090, Cesano Boscone, MI,Italia",Cristallo,Miracolato,https://www.teatro.it/spettacoli/cesano-boscone/cristallo/2022-2023/max-angioni-miracolato,Teatro e spettacolo,"20090, Italy",45.407,9.1083,14
,03-03-23,2023-02-09,"Via San Maurilio, 14, Milano, MI",Gilda Contemporary Art,Akasha - il servizio dell'arte attraverso la memoria universale - Francesca Candito,https://www.milanotoday.it/eventi/akasha-il-servizio-dell-arte-2023.html,Non classificato,"14, Via San Maurilio, Cerchia dei Navigli, Municipio 1, Milano, Lombardia, 20123, Italia",45.4622752,9.1839049,4
Manifestazioni,13-02-23,2023-02-09,"Via Tortona, 31, Milano, MI",Phyd,Avvinamenti 2023,https://www.milanotoday.it/eventi/avvinamenti-2023.html,Altri eventi,"31, Via Tortona, Tortona, Municipio 6, Milano, Lombardia, 20144, Italia",45.4514566,9.1619182,0
Cibo e Vino,12-02-23,2023-02-10,"Corso Venezia, 51, Milano, MI",Palazzo Bovara,A Milano il primo evento dedicato alla cultura del cioccolato,https://www.milanotoday.it/eventi/choco-love-fiera-cioccolato.html,Enogastronomia,"51, Corso Venezia, Guastalla, Municipio 1, Milano, Lombardia, 20121, Italia",45.4714453,9.2017768,4
Mostre,12-03-23,2023-02-10,"Via Borgonuovo, 23, Milano, MI",Museo del Risorgimento,La mostra fotografica sulla resistenza in Ucraina,https://www.milanotoday.it/eventi/mostra-foto-ucraina-arcara-palinchak.html,Arte e cultura,"Museo del Risorgimento, 23, Via Borgonuovo, Cerchia dei Navigli, Municipio 1, Milano, Lombardia, 20121, Italia",45.472112,9.189637,4
Incontri,11-02-23,2023-02-10,"Via Bergognone, 34, Milano, MI",Base Milano,"Milano circolare - La città che riduce, recupera, ricicla",https://www.milanotoday.it/eventi/milano-circolare-la-citta-che-riduce-recupera-ricicla-2023.html,Formazione e networking,"Wikimedia Italia, 34, Via Bergognone Da Fossano, Tortona, Municipio 6, Milano, Lombardia, 20144, Italia",45.4518657,9.1625146,0
,11-02-23,2023-02-11,"Via Giulio Cesare Procaccini, Milano, MI",Fabbrica del Vapore di Milano,Sabato 11 febbraio – Visita guidata alla mostra “Andy Warhol – la pubblicità della forma” a Milano,https://www.milanotoday.it/eventi/sabato-11-febbraio-2023.html,Non classificato,"Via Giulio Cesare Procaccini, Bullona, Porta Volta, Municipio 8 di Milano, Milano, Lombardia, 20154, Italia",45.4839792,9.1756444,10
Auto e moto,11-02-23,2023-02-11,"Via Gattamelata, 41, Milano, MI",Nuova Stellantis Brand House,La storica sede Citroën di Milano al Portello si rinnova: sabato 11 febbraio l'inaugurazione,https://www.milanotoday.it/eventi/inaugurazione-nuovo-concessionario-showroom-portello.html,Altri eventi,"41, Via Gattamelata, Portello, Municipio 8 di Milano, Milano, Lombardia, 20149, Italia",45.4848338,9.1502271,13
Teatri,11-02-23,2023-02-11,"Via Giovanni Bovio, 5, Milano, MI",Teatro del Buratto,"""Le disavventure di un incorreggibile lupo"" a teatro",https://www.milanotoday.it/eventi/spettacolo-bambini-teatro-buratto.html,Teatro e spettacolo,"Via Giovanni Bovio, Dergano, Municipio 9, Milano, Lombardia, 20159, Italia",45.5027065,9.1827045,10
,22-02-23,2023-02-11,"Via Giuseppe Dall'Occo, 1, Milano, MI",Galleria Click Art,Visioni a confronto,https://www.milanotoday.it/eventi/visioni-a-confronto-luigi-profeta-2023.html,Non classificato,"Via Giuseppe Dall'Occo, Cormano, Zona Omogenea Milano Nord, Milano, Lombardia, 20032, Italia",45.5444599,9.1691639,5
Disco&Feste,11-02-23,2023-02-11,"Via Gaudenzio Fantoli, 9, Milano, MI",FABRIQUE,Gabry Ponte al Fabrique in una serata imperdibile. Orari e biglietti,https://www.milanotoday.it/eventi/serata-gabry-ponte-fabrique.html,Musica e vita notturna,"Fabrique, 9, Via Gaudenzio Fantoli, Mecenate, Municipio 4, Milano, Lombardia, 20138, Italia",45.4521243,9.2522773,2
Spettacoli,12-02-23,2023-02-12,"via Pier Lombardo,14,20135, Milano, MI,Italia",Franco Parenti - Sala Grande,Uomo e galantuomo,https://www.teatro.it/spettacoli/milano/franco-parenti-sala-grande/2022-2023/uomo-e-galantuomo,Teatro e spettacolo,"Via Pier Lombardo, Porta Romana, Municipio 4, Milano, Lombardia, 20135, Italia",45.4542958,9.2063109,4
Spettacoli,12-02-23,2023-02-12,"Via Giordano Rota 1,20145, Milano, MI,Italia",Nazionale Italiana Assicurazioni,We Will Rock You,https://www.teatro.it/spettacoli/milano/nazionale-chebanca/2022-2023/we-will-rock-you,Teatro e spettacolo,"20145, Italy",45.4643,9.1895,4
Manifestazioni,12-02-23,2023-02-12,"Via Lampugnano, 95, Milano, MI",Ippodromo La Maura,Domenica di festa all'Ippodromo di Milano: tortelli e chiacchiere gratis,https://www.milanotoday.it/eventi/ippodromo-la-maura.html,Altri eventi,"Via Lampugnano, Gallaratese, Lampugnano, Municipio 8 di Milano, Milano, Lombardia, 20151, Italia",45.4916933,9.1102099,13
Spettacoli,12-02-23,2023-02-12,"Piazza S. Magno,20025, Legnano, MI,Italia",Galleria,Il giaguaro mi guarda storto,https://www.teatro.it/spettacoli/legnano/galleria/2022-2023/teresa-mannino-il-giaguaro-mi-guarda-storto,Teatro e spettacolo,"Piazza San Magno, San Magno, Oltresempione, Legnano, Milano, Lombardia, 20025, Italia",45.5948853,8.9184024,1
,13-02-23,2023-02-12,"Via Mecenate, 88/A, Milano, MI",Studio Novanta,Vi.na.ri. – vignaioli naturali riuniti,https://www.milanotoday.it/eventi/vi-na-ri-vignaioli-naturali-riuniti-2023.html,Non classificato,"Via Mecenate, Mecenate, Municipio 4, Milano, Lombardia, 20059, Italia",45.4529888,9.2481173,2
Incontri,12-02-23,2023-02-12,"Piazzale Cimitero Monumentale, Milano, MI",Cimitero Monumentale,La passeggiata romantica al Monumentale per San Valentino,https://www.milanotoday.it/eventi/passeggiata-romantica-monumentale-san-valentino.html,Formazione e networking,"Piazzale Cimitero Monumentale, Sarpi, Porta Volta, Municipio 8 di Milano, Milano, Lombardia, 20154, Italia",45.4857409,9.1815302,10
Spettacoli,12-02-23,2023-02-12,"Corso di Porta Romana 63,20122, Milano, MI,Italia",Carcano,Ristrutturazione - Sergio Rubini,https://www.teatro.it/spettacoli/milano/carcano/2022-2023/ristrutturazione-sergio-rubini,Teatro e spettacolo,"Teatro Carcano, 63, Corso di Porta Romana, Crocetta, Municipio 1, Milano, Lombardia, 20121, Italia",45.4566842,9.1955297,4
Spettacoli,12-02-23,2023-02-12,"Via Alessandro Manzoni 42,20121, Milano, MI,Italia",Manzoni,Il padre della sposa,https://www.teatro.it/spettacoli/milano/manzoni/2022-2023/il-padre-della-sposa,Teatro e spettacolo,"Teatro Manzoni, 42, Via Alessandro Manzoni, Cerchia dei Navigli, Municipio 1, Milano, Lombardia, 20121, Italia",45.4710286,9.1944762,4
Spettacoli,12-02-23,2023-02-12,"Via Larga 14,20122, Milano, MI,Italia",Lirico Giorgio Gaber,Samusà,https://www.teatro.it/spettacoli/milano/lirico-giorgio-gaber/2022-2023/virginia-raffaele-samusa,Teatro e spettacolo,"Teatro Lirico Giorgio Gaber, 14, Via Larga, Cerchia dei Navigli, Municipio 1, Milano, Lombardia, 20122, Italia",45.4615135,9.1918702,4
Spettacoli,12-02-23,2023-02-12,"Corso Buenos Aires 33,20124, Milano, MI,Italia",Elfo Puccini - sala Shakespeare,Cyrano de Bergerac,https://www.teatro.it/spettacoli/milano/elfo-puccini-sala-shakespeare/2022-2023/cyrano-de-bergerac,Teatro e spettacolo,"Teatro Elfo Puccini, 33, Corso Buenos Aires, Buenos Aires - Venezia, Municipio 3, Milano, Lombardia, 20124, Italia",45.4794317,9.2098387,6
Spettacoli,12-02-23,2023-02-12,"Viale dell'Innovazione 20,20126, Milano, MI,Italia",Arcimboldi,Il lago dei cigni on Ice,https://www.teatro.it/spettacoli/milano/degli-arcimboldi/2022-2023/il-lago-dei-cigni-on-ice,Teatro e spettacolo,"20, Viale dell'Innovazione, Bicocca, Municipio 9, Milano, Lombardia, 20125, Italia",45.5148696,9.2135963,5
Spettacoli,12-02-23,2023-02-12,"Via Lattanzio 58/A,20137, Milano, MI,Italia",deSidera Teatro Oscar,Circo Kafka,https://www.teatro.it/spettacoli/milano/oscar/2022-2023/circo-kafka,Teatro e spettacolo,"Teatro Oscar DeSidera, 58/A, Via Lattanzio, Umbria - Molise, Municipio 4, Milano, Lombardia, 20137, Italia",45.4523298,9.2167181,6
,08-02-24,2023-02-13,"Via Lodovico Ariosto, 16, Milano, MI",Ariosto Spaziocinema,El Juicio del regista Ulises De La Orden,https://www.milanotoday.it/eventi/proiezione-del-film-el-juicio-del-regista-ulises-de-la-orden-ulises-de-la-orden.html,Non classificato,"16, Via Lodovico Ariosto, Magenta - San Vittore, Municipio 1, Milano, Lombardia, 20145, Italia",45.4691531,9.1658805,0
Spettacoli,13-02-23,2023-02-13,"Via Filodrammatici 2,20121, Milano, MI,Italia",Teatro Alla Scala,Recital di pianoforte - Maurizio Pollini,https://www.teatro.it/spettacoli/milano/teatro-alla-scala/2022-2023/recital-di-pianoforte-maurizio-pollini,Teatro e spettacolo,"2, Via Filodrammatici, Brera, Milano, Lombardia, 20121, Italia",45.4676198,9.1884287,4
,08-02-24,2023-02-13,"Via Lodovico Ariosto, 16, Milano, MI",Ariosto Spaziocinema,El Juicio del regista Ulises De La Orden,https://www.milanotoday.it/eventi/proiezione-del-film-el-juicio-del-regista-ulises-de-la-orden-ulises-de-la-orden.html,Non classificato,"16, Via Lodovico Ariosto, Magenta - San Vittore, Municipio 1, Milano, Lombardia, 20145, Italia",45.4691531,9.1658805,0
Spettacoli,13-02-23,2023-02-13,"Via Alessandro Manzoni 42,20121, Milano, MI,Italia",Manzoni,Gabriele Cirilli - DUEPUNTOZERO,https://www.teatro.it/spettacoli/milano/manzoni/2022-2023/gabriele-cirilli-duepuntozero,Teatro e spettacolo,"Teatro Manzoni, 42, Via Alessandro Manzoni, Cerchia dei Navigli, Municipio 1, Milano, Lombardia, 20121, Italia",45.4710286,9.1944762,4
Spettacoli,14-02-23,2023-02-14,"Viale dell'Innovazione 20,20126, Milano, MI,Italia",Arcimboldi,Achille Lauro Unplugged,https://www.teatro.it/spettacoli/milano/degli-arcimboldi/2022-2023/achille-lauro-unplugged,Teatro e spettacolo,"20, Viale dell'Innovazione, Bicocca, Municipio 9, Milano, Lombardia, 20125, Italia",45.5148696,9.2135963,5
Mostre,14-02-23,2023-02-14,"Via Gesù, 5, Milano, MI",Museo Bagatti Valsecchi,San Valentino al Museo Bagatti Valsecchi,https://www.milanotoday.it/eventi/offerta-san-valentino-museo-bagatti-valsecchi.html,Arte e cultura,"Museo Bagatti Valsecchi, 5, Via Gesù, Duomo, Municipio 1, Milano, Lombardia, 20121, Italia",45.4694809,9.1949792,4
Incontri,14-02-23,2023-02-14,"Piazza del Duomo, Milano, MI",Mondadori Duomo,"Dopo Sanremo, Will arriva a Milano per presentare il suo album",https://www.milanotoday.it/eventi/incontro-cantante-will-mondadori-duomo.html,Formazione e networking,"Piazza del Duomo, Duomo, Municipio 1, Milano, Lombardia, Italia",45.4639102,9.1906398,4
Spettacoli,15-02-23,2023-02-15,"vicolo Fiume 4,20092, Cinisello Balsamo, MI,Italia",Pax,Il Sindaco Pescatore,https://www.teatro.it/spettacoli/cinisello-balsamo/pax/2022-2023/il-sindaco-pescatore,Teatro e spettacolo,"CineTeatro Pax, 4, Vicolo Fiume, Cinisello, Cinisello Balsamo, Zona Omogenea Milano Nord, Milano, Lombardia, 20092, Italia",45.5564874,9.2169118,5
Spettacoli,15-02-23,2023-02-15,"Viale dell'Innovazione 20,20126, Milano, MI,Italia",Arcimboldi,The 7 Decades Tour,https://www.teatro.it/spettacoli/milano/degli-arcimboldi/2022-2023/jethro-tull-tour,Teatro e spettacolo,"20, Viale dell'Innovazione, Bicocca, Municipio 9, Milano, Lombardia, 20125, Italia",45.5148696,9.2135963,5
Concerti,18-02-23,2023-02-15,"Via Filodrammatici, 2, Milano, MI",Teatro alla Scala,"Il concerto della Filarmonica della Scala, dirige Daniel Barenboim",https://www.milanotoday.it/eventi/concerto-orchestra-filarmonica-teatro-scala.html,Musica e vita notturna,"2, Via Filodrammatici, Brera, Milano, Lombardia, 20121, Italia",45.4676198,9.1884287,4
Spettacoli,15-02-23,2023-02-15,"Corso Buenos Aires 33,20124, Milano, MI,Italia",Elfo Puccini - sala Shakespeare,La Sirenetta,https://www.teatro.it/spettacoli/milano/elfo-puccini-sala-shakespeare/2022-2023/la-sirenetta,Teatro e spettacolo,"Teatro Elfo Puccini, 33, Corso Buenos Aires, Buenos Aires - Venezia, Municipio 3, Milano, Lombardia, 20124, Italia",45.4794317,9.2098387,6
Teatri,19-02-23,2023-02-15,"Via Giorgio Vasari, Milano, MI",Teatro Franco Parenti,"""La biblioteca umana dello spettatore"" al Franco Parenti",https://www.milanotoday.it/eventi/spettacolo-biblioteca-umana-dello-spettatore-franco-parenti.html,Teatro e spettacolo,"Via Giorgio Vasari, Porta Romana, Municipio 4, Milano, Lombardia, 20135, Italia",45.4542475,9.2073471,4
Manifestazioni,15-02-23,2023-02-15,"Via San Vittore, 21, Milano, MI",Museo Nazionale della Scienza e della Tecnologia,Buon compleanno Museo della Scienza! Tutti gli eventi per i 70 anni,https://www.milanotoday.it/eventi/programma-compleanno-museo-scienza.html,Altri eventi,"21, Via San Vittore, Magenta - San Vittore, Municipio 1, Milano, Lombardia, 20123, Italia",45.4628946,9.1706462,0
,15-02-23,2023-02-15,"Piazza Adriano Olivetti, Milano, MI",STEP FuturAbility District,"""i laboratori del futuro: come la robotica educativa  cambierà la scuola"" workshop a cura di emanuele micheli",https://www.milanotoday.it/eventi/i-laboratori-del-futuro-come-la-robotica-educativa-cambiera-la-scuola-workshop-a-cura-di-emanuele-micheli-emanuele-micheli-9751114.html,Non classificato,"Piazza Adriano Olivetti, Scalo Romana, Municipio 5, Milano, Lombardia, 20135, Italia",45.4431207,9.2043096,4
,19-02-23,2023-02-16,"Via Giulio Cesare Procaccini, 4, Milano, MI",Fabbrica del Vapore,Donne in mutamento - Chiamata artistica all'azione,https://www.milanotoday.it/eventi/donne-in-mutamento-chiamata-artistica.html,Non classificato,"4, Via Giulio Cesare Procaccini, Bullona, Porta Volta, Municipio 8 di Milano, Milano, Lombardia, 20154, Italia",45.4839945,9.1753796,10
Teatri,19-02-23,2023-02-16,"Piazza Cesare Beccaria, Milano, MI",Teatro Gerolamo,Lo spettacolo di circo acrobatico in occasione del Carnevale,https://www.milanotoday.it/eventi/circo-ambrosiano-teatro-gerolamo.html,Teatro e spettacolo,"Piazza Cesare Beccaria, Duomo, Municipio 1, Milano, Lombardia, Italia",45.4641118,9.1948087,4
Mostre,02-03-23,2023-02-16,"Via Pietro Borsieri, 12, Milano, MI",Key Gallery,Key gallery & stazione arte contemporary  presentano: antologia angione “10 anni di opere” personale di domenico angione,https://www.milanotoday.it/eventi/key-gallery-stazione-arte-contemporary-2023.html,Arte e cultura,"Bar Guadagni, 12, Via Pietro Borsieri, Isola, Municipio 9, Milano, Lombardia, 20159, Italia",45.4867002,9.1887446,10
Concerti,17-02-23,2023-02-17,"Viale Certosa, 191, Milano, MI",Gino Guitars,Un pomeriggio con Maurizio Solieri,https://www.milanotoday.it/eventi/un-pomeriggio-con-maurizio-solieri.html,Musica e vita notturna,"191, Viale Certosa, Villapizzone, Garegnano, Municipio 8 di Milano, Milano, Lombardia, 20156, Italia",45.4981434,9.1331502,13
Spettacoli,17-02-23,2023-02-17,"Corso Buenos Aires 33,20124, Milano, MI,Italia",Elfo Puccini - sala Shakespeare,Sono solo nella stanza accanto,https://www.teatro.it/spettacoli/milano/elfo-puccini-sala-shakespeare/2022-2023/sono-solo-nella-stanza-accanto,Teatro e spettacolo,"Teatro Elfo Puccini, 33, Corso Buenos Aires, Buenos Aires - Venezia, Municipio 3, Milano, Lombardia, 20124, Italia",45.4794317,9.2098387,6
,26-02-23,2023-02-17,"SP208, km 2, Milano, MI",Centro commerciale Carosello,Frida Kahlo VR Experience,https://www.milanotoday.it/eventi/Frida-Kahlo-VR-Experience.html,Non classificato,"SP208, Cascina Santa Marcellina, Carugate, Milano, Lombardia, 20061, Italia",45.5479826,9.3293979,7
Manifestazioni,19-03-23,2023-02-17,"Viale Campania, 12, Milano, MI",Wow Spazio Fumetto,"A Milano arriva il festival ""La città dei gatti"" con concerti e mostre",https://www.milanotoday.it/eventi/festival-citta-dei-gatti-mostre-spazio-fumetto.html,Altri eventi,"12, Viale Campania, Corsica, Municipio 4, Milano, Lombardia, 20133, Italia",45.4634024,9.2242161,6
Incontro/presentazione,18-02-23,2023-02-18,"via Brera, 28, Milano, MI",Pinacoteca di Brera - Biblioteca Nazionale Braidense di Milano,"Angelo Filippetti, l’ultimo sindaco di Milano prima del fascismo",,Formazione e networking,"Istituto Nazionale di Astrofisica – Osservatorio astronomico di Brera, 28, Via Brera, Cerchia dei Navigli, Municipio 1, Milano, Lombardia, 20121, Italia",45.4715946,9.1889707,4
Concerti,18-02-23,2023-02-18,"Largo Gustav Mahler, Milano, MI",Auditorium di Milano Fondazione Cariplo,Il concerto di Carnevale dell'Orchestra Sinfonica,https://www.milanotoday.it/eventi/concerto-carnevale-bambini-auditorium-.html,Musica e vita notturna,"Largo Gustav Mahler, Ticinese, Municipio 5, Milano, Lombardia, 20136, Italia",45.4463151,9.1792547,0
Spettacoli,18-02-23,2023-02-18,"Viale dell'Innovazione 20,20126, Milano, MI,Italia",Arcimboldi,Claudio Baglioni - Dodici Note Solo 2022/23,https://www.teatro.it/spettacoli/milano/degli-arcimboldi/2022-2023/claudio-baglioni-dodici-note-solo-202223,Teatro e spettacolo,"20, Viale dell'Innovazione, Bicocca, Municipio 9, Milano, Lombardia, 20125, Italia",45.5148696,9.2135963,5
Disco&Feste,18-02-23,2023-02-18,"Via Tortona, 27, Milano, MI",Super Club,"Milano come Berlino, la nuova festa di Le Cannibale",https://www.milanotoday.it/eventi/feste-le-cannibale-via-tortona.html,Musica e vita notturna,"Mandarina duck, 27, Via Tortona, Tortona, Municipio 6, Milano, Lombardia, 20144, Italia",45.4506784,9.1634775,0
Mostre,18-02-23,2023-02-18,"Via Gaudenzio Ferrari, 3, Milano, MI",Almach Art Gallery,Seven artists on focus - Breakfast in almach - Anna Pennati,https://www.milanotoday.it/eventi/seven-artists-on-focus-breakfast-2023.html,Arte e cultura,"3, Via Gaudenzio Ferrari, Ticinese, Municipio 1, Milano, Lombardia, 20123, Italia",45.4558833,9.1754506,0
Spettacoli,18-02-23,2023-02-18,"Via Filodrammatici 2,20121, Milano, MI,Italia",Teatro Alla Scala,Concerto - Daniel Harding,https://www.teatro.it/spettacoli/milano/teatro-alla-scala/2022-2023/concerto-daniel-harding,Teatro e spettacolo,"2, Via Filodrammatici, Brera, Milano, Lombardia, 20121, Italia",45.4676198,9.1884287,4
Incontro/presentazione,01-07-23,2023-02-18,"Via Senato, 10, Milano, MI",Archivio di Stato di Milano,Dalla parola alla lingua. Lezioni di lingua e letteratura latina all'Archivio di Stato di Milano,,Formazione e networking,"10, Via Senato, Guastalla, Municipio 1, Milano, Lombardia, 20121, Italia",45.4700976,9.1981223,4
Spettacoli,19-02-23,2023-02-19,"via Pitteri 58,20134, Milano, MI,Italia",Martinitt,L'uomo ideale,https://www.teatro.it/spettacoli/milano/martinitt/2022-2023/luomo-ideale,Teatro e spettacolo,"Via Riccardo Pitteri, Lambrate, Municipio 3, Milano, Lombardia, 20134, Italia",45.4798362,9.2457864,6
Spettacoli,19-02-23,2023-02-19,"Via Andrea Maria Ampère 1,20131, Milano, MI,Italia",MTM - Leonardo,La locandiera,https://www.teatro.it/spettacoli/milano/leonardo/2022-2023/la-locandiera,Teatro e spettacolo,"Teatro Leonardo da Vinci, 1, Via Andrea Maria Ampère, Città Studi, Municipio 3, Milano, Lombardia, 20131, Italia",45.4795266,9.2263901,6
Spettacoli,19-02-23,2023-02-19,"Via G. di Vittorio 6,20090, Assago, MI,Italia",Repower,I LEGNANESI - Liberi di sognare,https://www.teatro.it/spettacoli/assago/repower/2022-2023/liberi-di-sognare,Teatro e spettacolo,"20090, Italy",45.407,9.1083,14
Spettacoli,19-02-23,2023-02-19,"via Fezzan,11,20146, Milano, MI,Italia",Ecoteatro,Fake - Lorenzo Balducci,https://www.teatro.it/spettacoli/milano/ecoteatro/2022-2023/fake,Teatro e spettacolo,"EcoTeatro, 11, Via Fezzan, Bande Nere, Municipio 6, Milano, Lombardia, 20146, Italia",45.4592109,9.1459527,0
Spettacoli,19-02-23,2023-02-19,"Corso di Porta Romana 63,20122, Milano, MI,Italia",Carcano,Supplici,https://www.teatro.it/spettacoli/milano/carcano/2022-2023/supplici,Teatro e spettacolo,"Teatro Carcano, 63, Corso di Porta Romana, Crocetta, Municipio 1, Milano, Lombardia, 20121, Italia",45.4566842,9.1955297,4
Spettacoli,19-02-23,2023-02-19,"Via G. di Vittorio 6,20090, Assago, MI,Italia",Repower,I LEGNANESI - Liberi di sognare,https://www.teatro.it/spettacoli/assago/repower/2022-2023/liberi-di-sognare,Teatro e spettacolo,"20090, Italy",45.407,9.1083,14
Spettacoli,19-02-23,2023-02-19,"Via Pier Lombardo 14,20135, Milano, MI,Italia",Franco Parenti - Sala Blu,La leggenda del santo bevitore,https://www.teatro.it/spettacoli/milano/franco-parenti-sala-acomea/2022-2023/la-leggenda-del-santo-bevitore,Teatro e spettacolo,"Via Pier Lombardo, Porta Romana, Municipio 4, Milano, Lombardia, 20135, Italia",45.4542958,9.2063109,4
Spettacoli,19-02-23,2023-02-19,"Corso Venezia 2/A,20121, Milano, MI,Italia",San Babila,Orgasmo e pregiudizio,https://www.teatro.it/spettacoli/milano/san-babila/2022-2023/orgasmo-e-pregiudizio,Teatro e spettacolo,"2a, Corso Venezia, Duomo, Municipio 1, Milano, Lombardia, 20121, Italia",45.4670204,9.1981104,4
Mercatini,19-02-23,2023-02-19,"Via Mecenate, 88/A, Milano, MI",East Market,"East Market, torna il mercatino vintage con un'area dedicata agli illustratori",https://www.milanotoday.it/eventi/east-market-febbraio-2023.html,Mercati e shopping,"Via Mecenate, Mecenate, Municipio 4, Milano, Lombardia, 20059, Italia",45.4529888,9.2481173,2
Teatri,19-02-23,2023-02-19,"Viale dell'Innovazione, 20, Milano, MI",Teatro degli Arcimboldi,Il Gala in onore dell'indimenticabile Rudolf Nureyev,https://www.milanotoday.it/eventi/gala-nureyev-teatro-arcimboldi.html,Teatro e spettacolo,"20, Viale dell'Innovazione, Bicocca, Municipio 9, Milano, Lombardia, 20125, Italia",45.5148696,9.2135963,5
,24-02-23,2023-02-20,"Via Giuseppe Eugenio Luraghi, 11, Milano, MI",Humanitas Medical Care Arese,Denti mancanti? In Humanitas Arese visite dedicate all’implantologia dentale,https://www.milanotoday.it/eventi/implantologia-dentale-Arese.html,Non classificato,"Via Maestra, 11, Viale Giuseppe Eugenio Luraghi, Valera, Arese, Milano, Lombardia, 20044, Italia",45.5638918,9.0510987,8
,20-02-23,2023-02-20,"Largo Corsia dei Servi, 4, Milano, MI",Auditorium CMC,Giorgio Gaber. si può...,https://www.milanotoday.it/eventi/giorgio-gaber-si-puo-luca-doninelli-2023.html,Non classificato,"Largo Corsia dei Servi, Duomo, Municipio 1, Milano, Lombardia, 20122, Italia",45.4645536,9.1965924,4
Spettacoli,20-02-23,2023-02-20,"Viale dell'Innovazione 20,20126, Milano, MI,Italia",Arcimboldi,Extra libertà live tour,https://www.teatro.it/spettacoli/milano/degli-arcimboldi/2022-2023/alessandro-siani-extra-liberta-live-tour,Teatro e spettacolo,"20, Viale dell'Innovazione, Bicocca, Municipio 9, Milano, Lombardia, 20125, Italia",45.5148696,9.2135963,5
Spettacoli,20-02-23,2023-02-20,"Via G. di Vittorio 6,20090, Assago, MI,Italia",Repower,Tre x 2. Tra radio e Tv,https://www.teatro.it/spettacoli/assago/repower/2022-2023/gemelli-di-guidonia-tre-x-2-tra-radio-e-tv,Teatro e spettacolo,"20090, Italy",45.407,9.1083,14
Incontro/presentazione,20-02-23,2023-02-20,"via Brera, 28, Milano, MI",Pinacoteca di Brera - Biblioteca Nazionale Braidense di Milano,Il nuovo sito web della Biblioteca Nazionale Braidense,,Formazione e networking,"Pinacoteca di Brera, 28, Via Brera, Cerchia dei Navigli, Municipio 1, Milano, Lombardia, 20121, Italia",45.4722421,9.1884071,4
Concerti,21-02-23,2023-02-21,"Viale Toscana, 31, Milano, MI",Santeria Toscana 31,Eagle-Eye Cherry torna a Milano per un'unica data imperdibile,https://www.milanotoday.it/eventi/concerto-eagle-eye-cherry-santeria-toscana.html,Musica e vita notturna,"31, Viale Toscana, Morivione, Municipio 5, Milano, Lombardia, 20136, Italia",45.4457106,9.1886185,4
Concerti,21-02-23,2023-02-21,"Viale dell'Innovazione, 20, Milano, MI",Teatro degli Arcimboldi,"""Queen at the Opera"", lo spettacolo basato sulle grandi musiche dei Queen",https://www.milanotoday.it/eventi/spettacolo-queen-at-the-opera-arcimboldi.html,Musica e vita notturna,"20, Viale dell'Innovazione, Bicocca, Municipio 9, Milano, Lombardia, 20125, Italia",45.5148696,9.2135963,5
Spettacoli,21-02-23,2023-02-21,"Via Filodrammatici 2,20121, Milano, MI,Italia",Teatro Alla Scala,I Vespri siciliani,https://www.teatro.it/spettacoli/milano/teatro-alla-scala/2022-2023/i-vespri-siciliani,Teatro e spettacolo,"2, Via Filodrammatici, Brera, Milano, Lombardia, 20121, Italia",45.4673781,9.188701,4
Concerti,21-02-23,2023-02-21,"Via Dante, 5, Milano, MI",Hard Rock Cafè,"L'Hard rock cafè di milano dedicherà una serata a david bowie con la tribute band italiana ""killer star""",https://www.milanotoday.it/eventi/l-hard-rock-cafe-di-milano-2023.html,Musica e vita notturna,"5, Via Dante Alighieri, Cascina Limito, Pioltello, Milano, Lombardia, 20096, Italia",45.4821132,9.3303323,7
Spettacoli,21-02-23,2023-02-21,"Viale dell'Innovazione 20,20126, Milano, MI,Italia",Arcimboldi,Queen at the Opera,https://www.teatro.it/spettacoli/milano/degli-arcimboldi/2022-2023/queen-at-the-opera-the-show,Teatro e spettacolo,"20, Viale dell'Innovazione, Bicocca, Municipio 9, Milano, Lombardia, 20125, Italia",45.5148696,9.2135963,5
Mostre,02-03-23,2023-02-21,"Via Pier Lombardo, 14, Milano, MI",Teatro Franco Parenti,"""Cuòre: sostantivo maschile"" in scena al teatro franco parenti",https://www.milanotoday.it/eventi/cuore-sostantivo-maschile-2023.html,Arte e cultura,"Via Pier Lombardo, Porta Romana, Municipio 4, Milano, Lombardia, 20135, Italia",45.4542958,9.2063109,4
Teatri,26-02-23,2023-02-22,"Corso di Porta Romana, 63, Milano, MI",Teatro Carcano,Serena Dandini a teatro tra provocazione e comicità al femminile,https://www.milanotoday.it/eventi/spettacolo-serena-dandini-teatro-carcano.html,Teatro e spettacolo,"Teatro Carcano, 63, Corso di Porta Romana, Crocetta, Municipio 1, Milano, Lombardia, 20121, Italia",45.4566842,9.1955297,4
Spettacoli,23-02-23,2023-02-23,"v. Mons. Pogliani 7/a,ang. via Grandi,20090, Cesano Boscone, MI,Italia",Cristallo,Il Figlio,https://www.teatro.it/spettacoli/cesano-boscone/cristallo/2022-2023/il-figlio,Teatro e spettacolo,"20090, Italy",45.407,9.1083,14
,25-05-23,2023-02-23,"Via Oglio, 21, Milano, MI",Arci Corvetto,I giovedì di tango al circolo Arci Corvetto,https://www.milanotoday.it/eventi/i-giovedi-di-tango-al-circolo-arci-corvetto.html,Non classificato,"Scuola TodoCambia, 21, Via Oglio, Lodi - Corvetto, Municipio 4, Milano, Lombardia, 20139, Italia",45.4399188,9.2187545,2
Mostre,25-03-23,2023-02-23,"Via Benedetto Marcello, 46, Milano, MI",Galleria Manifiesto Blanco,Mostra interazioni - Andrea alkin reggioli @ manifiesto blanco,https://www.milanotoday.it/eventi/mostra-interazioni-andrea-alkin.html,Arte e cultura,"Manifiesto Blanco, 46, Via Benedetto Marcello, Buenos Aires - Venezia, Municipio 3, Milano, Lombardia, 20124, Italia",45.4830737,9.2106807,6
Spettacoli,23-02-23,2023-02-23,"piazza Carlo Alberto dalla Chiesa 4,20020, Arese, MI,Italia",Cinema Teatro Arese,L'uomo ideale,https://www.teatro.it/spettacoli/arese/cinema-teatro-arese/2022-2023/luomo-ideale,Teatro e spettacolo,"Cinema Teatro Arese, 4, Piazza Generale Carlo Alberto Dalla Chiesa, Sant'Anna, Arese, Milano, Lombardia, 20044, Italia",45.549694,9.0777685,8
Mostre,24-02-23,2023-02-23,"Via Ettore Ponti, 40, Milano, MI",BIKO,Khaled levy sings chet baker vol. 2 release party,https://www.milanotoday.it/eventi/khaled-levy-sings-chet-baker-vol-2-2023.html,Arte e cultura,"40, Via Ettore Ponti, San Cristoforo, Municipio 6, Milano, Lombardia, 20143, Italia",45.4420773,9.1539092,0
Teatri,26-03-23,2023-02-23,"Via Lodovico Montegani, 35, Milano, MI",Atelier Carlo Colla e Figli,"Pinocchio, spettacolo di marionette per bambini",https://www.milanotoday.it/eventi/spettacolo-marionette-pinocchio.html,Teatro e spettacolo,"Via Lodovico Montegani, Stadera, Municipio 5, Milano, Lombardia, 20136, Italia",45.4355551,9.1780459,0
Mostre,30-07-23,2023-02-23,"Via Chiese, 2, Milano, MI",Pirelli HangarBicocca,NOw/here: l'arte di Gian Maria Tosatti tra identità e riflessione,https://www.milanotoday.it/eventi/now-here-gian-maria-tosatti-hangar-Bicocca.html,Arte e cultura,"Iuta Bistrot, 2, Via Chiese, Bicocca, Municipio 9, Milano, Lombardia, 20126, Italia",45.5209859,9.21927,5
Mostre,24-02-23,2023-02-24,"Via Valtellina, 5, Milano, MI",Lampo Scalo Farini,"A Milano apre Bubble World, la mostra immersiva con migliaia di bolle",https://www.milanotoday.it/eventi/mostra-bolle-bubble-world-scalo-farini.html,Arte e cultura,"5, Via Valtellina, Farini, Municipio 9, Milano, Lombardia, 20159, Italia",45.4909324,9.1810555,10
Incontri,25-02-23,2023-02-24,"Via Grosotto, 7, Milano, MI",PIAZZA PORTELLO,Il laboratorio di Carnevale per creare la mascherina (e non solo),https://www.milanotoday.it/eventi/festa-carnevale-piazza-portello.html,Formazione e networking,"Parafarmacia Portello, 7, Via Grosotto, Villapizzone, Cagnola, Municipio 8 di Milano, Milano, Lombardia, 20149, Italia",45.490853,9.1465887,13
Mostre,24-02-23,2023-02-24,"Via Valtellina, 5, Milano, MI",Lampo Scalo Farini,"A Milano apre Bubble World, la mostra immersiva con migliaia di bolle",https://www.milanotoday.it/eventi/mostra-bolle-bubble-world-scalo-farini.html,Arte e cultura,"5, Via Valtellina, Farini, Municipio 9, Milano, Lombardia, 20159, Italia",45.4909324,9.1810555,10
Spettacoli,24-02-23,2023-02-24,"Piazza S. Magno,20025, Legnano, MI,Italia",Galleria,The Musical Box - The Lamb Lies Down on Broadway,https://www.teatro.it/spettacoli/legnano/galleria/2022-2023/the-musical-box-the-lamb-lies-down-on-broadway,Teatro e spettacolo,"Piazza San Magno, San Magno, Oltresempione, Legnano, Milano, Lombardia, 20025, Italia",45.5948853,8.9184024,1
Spettacoli,24-02-23,2023-02-24,"Via Varese,29,20024, Garbagnate Milanese, MI,Italia",Italia,Il Figlio,https://www.teatro.it/spettacoli/garbagnate-milanese/italia/2022-2023/il-figlio,Teatro e spettacolo,"Via Varese, Quadrifoglio, Santa Maria Rossa, Garbagnate Milanese, Milano, Lombardia, 20024, Italia",45.5758278,9.0778952,8
Mostre,24-02-23,2023-02-24,"Via Valtellina, 5, Milano, MI",Lampo Scalo Farini,"A Milano apre Bubble World, la mostra immersiva con migliaia di bolle",https://www.milanotoday.it/eventi/mostra-bolle-bubble-world-scalo-farini.html,Arte e cultura,"5, Via Valtellina, Farini, Municipio 9, Milano, Lombardia, 20159, Italia",45.4909324,9.1810555,10
Mostre,16-04-23,2023-02-24,"Via del Vecchio Politecnico, 3, Milano, MI",Istituto Svizzero,Caterina De Nicola,https://www.milanotoday.it/eventi/caterina-de-nicola-2022.html,Arte e cultura,"3, Via del Vecchio Politecnico, Guastalla, Municipio 1, Milano, Lombardia, 20121, Italia",45.4724248,9.1964505,4
Mostre,24-02-23,2023-02-24,"Via Valtellina, 5, Milano, MI",Lampo Scalo Farini,"A Milano apre Bubble World, la mostra immersiva con migliaia di bolle",https://www.milanotoday.it/eventi/mostra-bolle-bubble-world-scalo-farini.html,Arte e cultura,"5, Via Valtellina, Farini, Municipio 9, Milano, Lombardia, 20159, Italia",45.4909324,9.1810555,10
Mostre,19-11-23,2023-02-24,"Via Bergognone, 40, Milano, MI",Armani Silos,Le incredibili foto di Guy Bourdin in mostra a Milano,https://www.milanotoday.it/eventi/mostra-guy-bourdin-armani-silos.html,Arte e cultura,"40, Via Bergognone da Fossano, Tortona, Municipio 6, Milano, Lombardia, 20144, Italia",45.4514132,9.1649823,0
Mostre,24-02-23,2023-02-24,"Via Valtellina, 5, Milano, MI",Lampo Scalo Farini,"A Milano apre Bubble World, la mostra immersiva con migliaia di bolle",https://www.milanotoday.it/eventi/mostra-bolle-bubble-world-scalo-farini.html,Arte e cultura,"5, Via Valtellina, Farini, Municipio 9, Milano, Lombardia, 20159, Italia",45.4909324,9.1810555,10
Spettacoli,25-02-23,2023-02-25,"Via Lattanzio 58/A,20137, Milano, MI,Italia",deSidera Teatro Oscar,Lu Santo Jullare Françesco,https://www.teatro.it/spettacoli/milano/oscar/2022-2023/lu-santo-jullare-francesco,Teatro e spettacolo,"Teatro Oscar DeSidera, 58/A, Via Lattanzio, Umbria - Molise, Municipio 4, Milano, Lombardia, 20137, Italia",45.4523298,9.2167181,6
Manifestazioni,25-02-23,2023-02-25,"Alzaia Naviglio Grande, 122, Milano, MI",Canottieri San Cristoforo,La sfilata in maschera sul Naviglio Grande,https://www.milanotoday.it/eventi/sfilata-carnevale-maschera-naviglio-grande.html,Altri eventi,"122, Alzaia Naviglio Grande, Lorenteggio, Municipio 6, Milano, Lombardia, 20143, Italia",45.4479963,9.1561567,0
Teatri,25-02-23,2023-02-25,"Piazza dei Mercanti, Milano, MI",piazza dei mercanti,"Carnevale 2023, spettacoli no-stop nel cuore di Milano",https://www.milanotoday.it/eventi/spettacoli-saltimbanchi-carnevale-piazza-mercanti.html,Teatro e spettacolo,"Piazza dei Mercanti, Duomo, Municipio 1, Milano, Lombardia, 20121, Italia",45.4646599,9.1876261,4
Turismo,25-02-23,2023-02-25,"Via Michele Saponaro, 36, Milano, MI",Centro di Aggregazione Giovanile Lo Scrigno,Carnevale tra le torri di Gratosoglio,https://www.milanotoday.it/eventi/carnevale-tra-le-torri-di-gratosoglio-2023.html,Non classificato,"36, Via Michele Saponaro, Gratosoglio, Municipio 5, Milano, Lombardia, 20142, Italia",45.4065095,9.1731126,0
Manifestazioni,26-02-23,2023-02-25,"Piazza Tre Torri, Milano, MI",Citylife Shopping District,"Carnevale 2023, una festa speciale con Cristina D'Avena",https://www.milanotoday.it/eventi/festa-bambini-city-life-cristina-d-avena.html,Altri eventi,"Piazza Tre Torri, Tre Torri, Municipio 8 di Milano, Milano, Lombardia, 20149, Italia",45.4783108,9.1570584,10
Manifestazioni,25-02-23,2023-02-25,"Viale Gorizia, 9, Milano, MI",Sede ANMI,La festa di Carnevale in Darsena,https://www.milanotoday.it/eventi/festa-carnevale-darsena.html,Altri eventi,"9, Viale Gorizia, Navigli, Municipio 6, Milano, Lombardia, 20144, Italia",45.4541483,9.1743032,0
Spettacoli,25-02-23,2023-02-25,"via Pier Lombardo,14,20135, Milano, MI,Italia",Franco Parenti - Sala Grande,Clown in libertà,https://www.teatro.it/spettacoli/milano/franco-parenti-sala-grande/2022-2023/clown-in-liberta,Teatro e spettacolo,"Via Pier Lombardo, Porta Romana, Municipio 4, Milano, Lombardia, 20135, Italia",45.4542958,9.2063109,4
Incontri,25-02-23,2023-02-25,"Piazza Cordusio, Milano, MI",Piazza Cordusio,Comunità dei russi liberi scende in piazza cordusio per augurare la vittoria al popolo ucraino,https://www.milanotoday.it/eventi/comunita-dei-russi-liberi-2023.html,Formazione e networking,"Piazza Cordusio, Duomo, Municipio 1, Milano, Lombardia, Italia",45.4654082,9.1864667,4
Spettacoli,25-02-23,2023-02-25,"Via Larga 14,20122, Milano, MI,Italia",Lirico Giorgio Gaber,Musico ambulante tour,https://www.teatro.it/spettacoli/milano/lirico-giorgio-gaber/2022-2023/fabio-concato-il-musico-ambulante-tour,Teatro e spettacolo,"Teatro Lirico Giorgio Gaber, 14, Via Larga, Cerchia dei Navigli, Municipio 1, Milano, Lombardia, 20122, Italia",45.4615135,9.1918702,4
Spettacoli,25-02-23,2023-02-25,"Piazza S. Magno,20025, Legnano, MI,Italia",Galleria,Grease,https://www.teatro.it/spettacoli/legnano/galleria/2022-2023/grease,Teatro e spettacolo,"Piazza San Magno, San Magno, Oltresempione, Legnano, Milano, Lombardia, 20025, Italia",45.5948853,8.9184024,1
,25-02-23,2023-02-25,"Via degli Anemoni, 6, Milano, MI",Istituto pedagogico della Resistenza,Siamo semi: l'evento milanese di scambio semi e piantine da orto e da giardino (ma anche da balcone),https://www.milanotoday.it/eventi/siamo-semi-l-evento-milanese-di-scambio-semi-2023.html,Non classificato,"6, Via degli Anemoni, Lorenteggio, Municipio 6, Milano, Lombardia, 20147, Italia",45.4559629,9.1307073,13
Spettacoli,25-02-23,2023-02-25,"p.zza IV Novembre 3,20025, Legnano, MI,Italia",Talisio Tirinnanzi,Otello,https://www.teatro.it/spettacoli/legnano/talisio-tirinnanzi/2022-2023/otello,Teatro e spettacolo,"Scuola Secondaria di Primo Grado Giovanni Ungaretti, 3, Piazza Quattro Novembre, San Giorgio su Legnano, Milano, Lombardia, 20034, Italia",45.5765251,8.9157963,1
Spettacoli,26-02-23,2023-02-26,"Via Alessandro Manzoni 42,20121, Milano, MI,Italia",Manzoni,Amanti,https://www.teatro.it/spettacoli/milano/manzoni/2022-2023/amanti,Teatro e spettacolo,"Teatro Manzoni, 42, Via Alessandro Manzoni, Cerchia dei Navigli, Municipio 1, Milano, Lombardia, 20121, Italia",45.4710286,9.1944762,4
Spettacoli,26-02-23,2023-02-26,"Via Giordano Rota 1,20145, Milano, MI,Italia",Nazionale Italiana Assicurazioni,Taxi a due piazze,https://www.teatro.it/spettacoli/milano/nazionale-chebanca/2022-2023/taxi-a-due-piazze,Teatro e spettacolo,"20145, Italy",45.4643,9.1895,4
Spettacoli,26-02-23,2023-02-26,"Via Ciro Menotti 11,20129, Milano, MI,Italia",Menotti,Il giardino dei ciliegi,https://www.teatro.it/spettacoli/milano/menotti/2022-2023/il-giardino-dei-ciliegi-1,Teatro e spettacolo,"11, Via Ciro Menotti, Buenos Aires - Venezia, Municipio 3, Milano, Lombardia, 20129, Italia",45.4699888,9.2132156,6
Teatri,26-02-23,2023-02-26,"Viale dell'Innovazione, 20, Milano, MI",Teatro degli Arcimboldi,"""La Bella e la Bestia"" a teatro, spettacolo per bambini",https://www.milanotoday.it/eventi/spettacolo-la-bella-e-la-bestia-arcimboldi.html,Teatro e spettacolo,"20, Viale dell'Innovazione, Bicocca, Municipio 9, Milano, Lombardia, 20125, Italia",45.5148696,9.2135963,5
Spettacoli,26-02-23,2023-02-26,"Via Rivoli 6,20121, Milano, MI,Italia",Piccolo Teatro - Studio Melato,Carbonio,https://www.teatro.it/spettacoli/milano/piccolo-teatro-studio-melato/2022-2023/carbonio,Teatro e spettacolo,"6, Via Rivoli, Brera, Municipio 1, Milano, Lombardia, 20121, Italia",45.4726093,9.182881,4
Mercatini,26-02-23,2023-02-26,"Alzaia Naviglio Pavese, Milano, MI",Alzaia Naviglio Pavese,"Artigiani e artisti sul Naviglio, arriva la prima edizione di Red Bazar",https://www.milanotoday.it/eventi/fiera-artigiani-naviglio-pavese.html,Mercati e shopping,"Alzaia Naviglio Pavese, Stadera, Municipio 5, Milano, Lombardia, 20142, Italia",45.4235288,9.167844,0
,26-02-23,2023-02-26,"Via Lampugnano, 95, Milano, MI",Ippodromo La Maura,Ippodromo La Maura apre gratis: giochi e festa per Carnevale,https://www.milanotoday.it/eventi/ippodromo-carnevale-2023.html,Non classificato,"Via Lampugnano, Gallaratese, Lampugnano, Municipio 8 di Milano, Milano, Lombardia, 20151, Italia",45.4916933,9.1102099,13
Spettacoli,26-02-23,2023-02-26,"Corso Buenos Aires 33,20124, Milano, MI,Italia",Elfo Puccini - sala Shakespeare,Don Juan in Soho,https://www.teatro.it/spettacoli/milano/elfo-puccini-sala-shakespeare/2022-2023/don-juan-in-soho,Teatro e spettacolo,"Teatro Elfo Puccini, 33, Corso Buenos Aires, Buenos Aires - Venezia, Municipio 3, Milano, Lombardia, 20124, Italia",45.4794317,9.2098387,6
Spettacoli,26-02-23,2023-02-26,"Corso di Porta Romana 63,20122, Milano, MI,Italia",Carcano,"Vieni avanti, cretina!",https://www.teatro.it/spettacoli/milano/carcano/2022-2023/vieni-avanti-cretina,Teatro e spettacolo,"Teatro Carcano, 63, Corso di Porta Romana, Crocetta, Municipio 1, Milano, Lombardia, 20121, Italia",45.4566842,9.1955297,4
Spettacoli,26-02-23,2023-02-26,"Viale dell'Innovazione 20,20126, Milano, MI,Italia",Arcimboldi,Personaggi,https://www.teatro.it/spettacoli/milano/degli-arcimboldi/2022-2023/antonio-albanese-personaggi,Teatro e spettacolo,"20, Viale dell'Innovazione, Bicocca, Municipio 9, Milano, Lombardia, 20125, Italia",45.5148696,9.2135963,5
Spettacoli,26-02-23,2023-02-26,"Via G. di Vittorio 6,20090, Assago, MI,Italia",Repower,Piccole donne - Il Musical di Broadway,https://www.teatro.it/spettacoli/assago/repower/2022-2023/piccole-donne-il-musical-di-broadway,Teatro e spettacolo,"20090, Italy",45.407,9.1083,14
Spettacoli,26-02-23,2023-02-26,"Via Filodrammatici 2,20121, Milano, MI,Italia",Teatro Alla Scala,Recital di canto - Vittorio Grigolo,https://www.teatro.it/spettacoli/milano/teatro-alla-scala/2022-2023/recital-di-canto-vittorio-grigolo,Teatro e spettacolo,"2, Via Filodrammatici, Brera, Milano, Lombardia, 20121, Italia",45.4676198,9.1884287,4
,24-03-23,2023-03-01,"Via Strada Statale 35 dei Giovi, Milano, MI",Centro Commerciale Brianza,"Vivi un'esperienza di shopping unica: nel centro commerciale a Nord di Milano arriva il contest ""Moda & Musica"" e molto altro",https://www.milanotoday.it/eventi/esperienza-shopping-unica.HTML,Non classificato,"Via Strada Statale 35 dei Giovi, Battiloca, Dugnano, Paderno Dugnano, Zona Omogenea Milano Nord, Milano, Lombardia, 20037, Italia",45.5662182,9.1498335,5
Teatri,01-02-23,2023-03-01,"Via Lattanzio, 58a, Milano, MI",Teatro Oscar,"Giacomo Poretti in ""Poretcast"", il podcast che fa riflettere",https://www.milanotoday.it/eventi/spettacolo-giacomo-poretti-poretcast.html,Teatro e spettacolo,"Teatro Oscar DeSidera, 58/A, Via Lattanzio, Umbria - Molise, Municipio 4, Milano, Lombardia, 20137, Italia",45.4523298,9.2167181,6
Mostre,01-04-23,2023-03-01,"Corso di Porta Vittoria, 6, Milano, MI",Biblioteca Sormani,La mostra che omaggia le donne e il Liberty,https://www.milanotoday.it/eventi/mostra-liberty-donne-sormani.html,Arte e cultura,"Biblioteca Comunale Centrale Sormani, 6, Corso di Porta Vittoria, Guastalla, Municipio 1, Milano, Lombardia, 20122, Italia",45.4621276,9.1981128,4
Teatri,01-03-23,2023-03-01,"Via Mortara, 4, Milano, MI",Corte dei Miracoli,"Spettacolo ""Srie"" della compagnia i melomati alla corte dei miracoli",https://www.milanotoday.it/eventi/spettacolo-arie-della-compagnia-i-melomati-2023.html,Teatro e spettacolo,"Corte dei Miracoli, 4, Via Mortara, Navigli, Municipio 6, Milano, Lombardia, 20144, Italia",45.454031,9.1726822,0
Teatri,06-04-23,2023-03-02,"Largo Greppi, Milano, MI",Piccolo Teatro Strehler,"""Romeo e Giulietta"" di Mario Martone in prima assoluta a Milano",https://www.milanotoday.it/eventi/spettacolo-romeo-giulietta-piccolo-teatro-strehler.html,Teatro e spettacolo,"Largo Antonio Greppi, Cerchia dei Navigli, Municipio 1, Milano, Lombardia, 20121, Italia",45.4718502,9.1827114,4
Manifestazioni,04-03-23,2023-03-02,"Corso Magenta, 61, Milano, MI",Palazzo delle Stelline,"A Milano torna ""Olio Officina Festival""",https://www.milanotoday.it/eventi/olio-officina-festival-2023.html,Altri eventi,"61, Corso Magenta, Magenta - San Vittore, Municipio 1, Milano, Lombardia, 20123, Italia",45.4656392,9.1722471,0
Spettacoli,02-03-23,2023-03-02,"Via Larga 14,20122, Milano, MI,Italia",Lirico Giorgio Gaber,La Madre di Eva,https://www.teatro.it/spettacoli/milano/lirico-giorgio-gaber/2022-2023/la-madre-di-eva,Teatro e spettacolo,"Teatro Lirico Giorgio Gaber, 14, Via Larga, Cerchia dei Navigli, Municipio 1, Milano, Lombardia, 20122, Italia",45.4615135,9.1918702,4
Mostre,01-04-23,2023-03-02,"Via della Palla, 3, Milano, MI",Galleria Artespressione,Adriana Bisi fabbri. precorrere i tempi,https://www.milanotoday.it/eventi/adriana-bisi-fabbri-precorrere-i-temp.html,Arte e cultura,"3, Via della Palla, Cerchia dei Navigli, Municipio 1, Milano, Lombardia, 20123, Italia",45.4613503,9.1860352,4
Spettacoli,02-03-23,2023-03-02,"Via G. di Vittorio 6,20090, Assago, MI,Italia",Unipol Forum,Lizzo - The Special Tour,https://www.teatro.it/spettacoli/assago/mediolanum-forum/2022-2023/lizzo-the-special-tour,Teatro e spettacolo,"20090, Italy",45.407,9.1083,14
,26-03-23,2023-03-02,"Via Luigi Galvani, 27, Milano, MI",IsolaSET,"Valentina Cortese, una diva fuori dal tempo in mostra a Milano",https://www.milanotoday.it/eventi/mostra-valentina-cortese.html,Non classificato,"Burton Store, 27, Via Luigi Galvani, GARIBALDI REPUBBLICA, Municipio 9, Milano, Lombardia, 20124, Italia",45.4878658,9.1960582,10
Teatri,02-03-23,2023-03-02,"Largo Corsia dei Servi, 4, Milano, MI",Auditorium CMC,Il mistero di un uomo e una donna – Giorgio Gaber. Si può…,https://www.milanotoday.it/eventi/il-mistero-di-un-uomo-e-una-donna-2023.html,Teatro e spettacolo,"Largo Corsia dei Servi, Duomo, Municipio 1, Milano, Lombardia, 20122, Italia",45.4647722,9.1958825,4
,06-04-23,2023-03-02,"Largo Antonio Greppi 1, Milano, MI",Piccolo Teatro Strehler,Romeo e Giulietta di Shakespeare al Piccolo Teatro di Milano,https://www.milanotoday.it/eventi/piccolo-teatro-milano-romeoegiulietta-shakespeare.html,Non classificato,"Largo Antonio Greppi, Cerchia dei Navigli, Municipio 1, Milano, Lombardia, 20121, Italia",45.4718502,9.1827114,4
Itinerario culturale,04-03-23,2023-03-03,"via Brera, 28, Milano, MI",Pinacoteca di Brera,MuseoCity 2023 alla Pinacoteca di Brera,,Arte e cultura,"Istituto Nazionale di Astrofisica – Osservatorio astronomico di Brera, 28, Via Brera, Cerchia dei Navigli, Municipio 1, Milano, Lombardia, 20121, Italia",45.4715946,9.1889707,4
,03-03-23,2023-03-03,"Viale Gorizia, 9, Milano, MI",Associazione Marinai d'Italia,In Darsena ci saranno dei concerti in gondola,https://www.milanotoday.it/eventi/concerti-gondola-darsena.html,Non classificato,"9, Viale Gorizia, Navigli, Municipio 6, Milano, Lombardia, 20144, Italia",45.4541483,9.1743032,0
Spettacoli,03-03-23,2023-03-03,"Piazza S. Magno,20025, Legnano, MI,Italia",Galleria,Telepathy,https://www.teatro.it/spettacoli/legnano/galleria/2022-2023/francesco-tesei-telepathy,Teatro e spettacolo,"Piazza San Magno, San Magno, Oltresempione, Legnano, Milano, Lombardia, 20025, Italia",45.5948853,8.9184024,1
Spettacoli,03-03-23,2023-03-03,"Piazza Enzo Jannacci 1,20017, Rho, MI,Italia",Civico - Roberto de Silva,Così è (se vi pare),https://www.teatro.it/spettacoli/rho/teatro-civico-roberto-de-silva/2022-2023/cosi-e-se-vi-pare,Teatro e spettacolo,"Piazza Enzo Jannacci, San Pietro, Lucernate, Rho, Milano, Lombardia, 20017, Italia",45.5279748,9.0458872,8
Concerti,05-03-23,2023-03-03,"Largo Gustav Mahler, Milano, MI",Auditorium di Milano Fondazione Cariplo,La Sagra della Primavera dell'Orchestra Sinfonica,https://www.milanotoday.it/eventi/sagra-primavera-concerto-orchestra-sinfonica.html,Musica e vita notturna,"Largo Gustav Mahler, Ticinese, Municipio 5, Milano, Lombardia, 20136, Italia",45.4463151,9.1792547,0
,03-03-23,2023-03-03,"Viale Monza, 91, Milano, MI",NOLO91,Child-wood esperienza audio visiva,https://www.milanotoday.it/eventi/child-wood-esperienza-audio-visiva.html,Non classificato,"91, Viale Monza, Loreto, Municipio 2, Milano, Lombardia, 20127, Italia",45.4955315,9.2193076,6
,30-03-23,2023-03-04,"Via della Capinera, 1, Milano, MI",Teatro dei Lupi,Frankenstein o il moderno prometeo - un’esperienza di comunità,https://www.milanotoday.it/eventi/frankenstein-o-il-moderno-prometeo-2023.html,Non classificato,"Via della Capinera, Lorenteggio, Municipio 6, Milano, Lombardia, 20147, Italia",45.4559359,9.1198701,13
Mostre,05-03-23,2023-03-04,"Via San Vittore, 21, Milano, MI",Museo Nazionale della Scienza e della Tecnologia,Uno speciale weekend dedicato al volo,https://www.milanotoday.it/eventi/incontri-mostre-volo-museo-scienza.html,Arte e cultura,"21, Via San Vittore, Magenta - San Vittore, Municipio 1, Milano, Lombardia, 20123, Italia",45.4628946,9.1706462,0
,04-03-23,2023-03-04,"Via Gaudenzio Ferrari, 3, Milano, MI",Almach Art Gallery,Seven artists on focus - breakfast in almach - corrado ferrante,https://www.milanotoday.it/eventi/seven-artists-on-focus-breakfast-in-almach-corrado-ferrante-corrado-ferrante.html,Non classificato,"3, Via Gaudenzio Ferrari, Ticinese, Municipio 1, Milano, Lombardia, 20123, Italia",45.4558833,9.1754506,0
Spettacoli,04-03-23,2023-03-04,"p.zza IV Novembre 3,20025, Legnano, MI,Italia",Talisio Tirinnanzi,L'onesto fantasma,https://www.teatro.it/spettacoli/legnano/talisio-tirinnanzi/2022-2023/lonesto-fantasma,Teatro e spettacolo,"Scuola Secondaria di Primo Grado Giovanni Ungaretti, 3, Piazza Quattro Novembre, San Giorgio su Legnano, Milano, Lombardia, 20034, Italia",45.5765251,8.9157963,1
Mostre,26-03-23,2023-03-04,"Via Enrico Besana, 12, Milano, MI",MUBA – Museo dei Bambini di Milano,Il percorso immersivo nella natura al Muba,https://www.milanotoday.it/eventi/percorso-gioco-natura-muba.html,Arte e cultura,"MUBA - Museo dei Bambini, 12, Via Enrico Besana, Guastalla, Municipio 1, Milano, Lombardia, 20122, Italia",45.4599507,9.2051279,4
Spettacoli,04-03-23,2023-03-04,"Piazza S. Magno,20025, Legnano, MI,Italia",Galleria,The Dark Side of The Moon,https://www.teatro.it/spettacoli/legnano/galleria/2022-2023/the-dark-side-of-the-moon-50th-anniversary-tour,Teatro e spettacolo,"Piazza San Magno, San Magno, Oltresempione, Legnano, Milano, Lombardia, 20025, Italia",45.5948853,8.9184024,1
Spettacoli,05-03-23,2023-03-05,"Corso Venezia 2/A,20121, Milano, MI,Italia",San Babila,Il fu Mattia Pascal,https://www.teatro.it/spettacoli/milano/san-babila/2022-2023/il-fu-mattia-pascal,Teatro e spettacolo,"2a, Corso Venezia, Duomo, Municipio 1, Milano, Lombardia, 20121, Italia",45.4670204,9.1981104,4
Incontri,05-03-23,2023-03-05,"Via Torino, 64, Milano, MI",Art Mall Milano,Vita - poesia e musica per emergency,https://www.milanotoday.it/eventi/vita-poesia-e-musica-per-emergency-ivonne-pagliari.html,Formazione e networking,"Natura, 64, Via Torino, Cerchia dei Navigli, Municipio 1, Milano, Lombardia, 20123, Italia",45.4607911,9.1827157,4
,05-03-23,2023-03-05,"Viale Sondrio, 5, Milano, MI","Spazio PIN, Sala COSMO",Presentazione del libro-inchiesta bestseller 2022 “codice ratzinger”  - seconda  conferenza dell’autore andrea cionci,https://www.milanotoday.it/eventi/milano-presentazione-del-libro-inchiesta-bestseller.html,Non classificato,"Viale Sondrio, Maciachini - Maggiolina, Municipio 2, Milano, Lombardia, 20124, Italia",45.4903222,9.2000265,10
Spettacoli,05-03-23,2023-03-05,"Via Larga 14,20122, Milano, MI,Italia",Lirico Giorgio Gaber,"Gli uomini vengono da Marte, le donne da Venere",https://www.teatro.it/spettacoli/milano/lirico-giorgio-gaber/2022-2023/gli-uomini-vengono-da-marte-le-donne-da-venere,Teatro e spettacolo,"Teatro Lirico Giorgio Gaber, 14, Via Larga, Cerchia dei Navigli, Municipio 1, Milano, Lombardia, 20122, Italia",45.4615135,9.1918702,4
Spettacoli,05-03-23,2023-03-05,"Via Alessandro Manzoni 42,20121, Milano, MI,Italia",Manzoni,Don Chisciotte,https://www.teatro.it/spettacoli/milano/manzoni/2022-2023/don-chisciotte,Teatro e spettacolo,"Teatro Manzoni, 42, Via Alessandro Manzoni, Cerchia dei Navigli, Municipio 1, Milano, Lombardia, 20121, Italia",45.4710286,9.1944762,4
Spettacoli,05-03-23,2023-03-05,"Via Cambiasi,10,20131, Milano, MI,Italia",Campo Teatrale,Intensamente azzurri,https://www.teatro.it/spettacoli/milano/campo-teatrale/2022-2023/intensamente-azzurri,Teatro e spettacolo,"10, Via Pompeo Cambiasi, Loreto, Municipio 3, Milano, Lombardia, 20131, Italia",45.4899575,9.2313007,6
Spettacoli,05-03-23,2023-03-05,"Corso Buenos Aires 33,20124, Milano, MI,Italia",Elfo Puccini - sala Shakespeare,Le relazioni pericolose,https://www.teatro.it/spettacoli/milano/elfo-puccini-sala-shakespeare/2022-2023/le-relazioni-pericolose,Teatro e spettacolo,"Teatro Elfo Puccini, 33, Corso Buenos Aires, Buenos Aires - Venezia, Municipio 3, Milano, Lombardia, 20124, Italia",45.4794317,9.2098387,6
Spettacoli,05-03-23,2023-03-05,"Corso di Porta Romana 63,20122, Milano, MI,Italia",Carcano,Gilgamesh – L’epopea di colui che tutto vide,https://www.teatro.it/spettacoli/milano/carcano/2022-2023/gilgamesh-lepopea-di-colui-che-tutto-vide,Teatro e spettacolo,"Teatro Carcano, 63, Corso di Porta Romana, Crocetta, Municipio 1, Milano, Lombardia, 20121, Italia",45.4566842,9.1955297,4
Spettacoli,05-03-23,2023-03-05,"via Pier Lombardo,14,20135, Milano, MI,Italia",Franco Parenti - Sala Grande,La Maria Brasca,https://www.teatro.it/spettacoli/milano/franco-parenti-sala-grande/2022-2023/la-maria-brasca,Teatro e spettacolo,"Via Pier Lombardo, Porta Romana, Municipio 4, Milano, Lombardia, 20135, Italia",45.4542958,9.2063109,4
Incontri,04-04-23,2023-03-05,"Piazza Compasso d'Oro 1, Milano, MI",Design Museum - Compasso d’Oro,"Stefano Chiassai. Oltre il lockdown. disegni, tessuti, colori",https://www.milanotoday.it/eventi/stefano-chiassai-oltre-il-lockdown-2023.html,Formazione e networking,"ADI Design Museum, 1, Piazza Compasso d’Oro, Sarpi, Porta Volta, Municipio 8 di Milano, Milano, Lombardia, 20154, Italia",45.4831707,9.1792778,10
Spettacoli,06-03-23,2023-03-06,"Viale dell'Innovazione 20,20126, Milano, MI,Italia",Arcimboldi,Il poeta che non sa parlare,https://www.teatro.it/spettacoli/milano/degli-arcimboldi/2022-2023/nino-dangelo-il-poeta-che-non-sa-parlare,Teatro e spettacolo,"20, Viale dell'Innovazione, Bicocca, Municipio 9, Milano, Lombardia, 20125, Italia",45.5148696,9.2135963,5
Concerti,06-03-23,2023-03-06,"Viale dell'Innovazione, 20, Milano, MI",Teatro Arcimboldi Milano,Nino D'Angelo a teatro in un concerto imperdibile,https://www.milanotoday.it/eventi/concerto-nino-d-angelo-teatro-arcimboldi.html,Musica e vita notturna,"20, Viale dell'Innovazione, Bicocca, Municipio 9, Milano, Lombardia, 20125, Italia",45.5148696,9.2135963,5
Spettacoli,06-03-23,2023-03-06,"Via Giordano Rota 1,20145, Milano, MI,Italia",Nazionale Italiana Assicurazioni,Beppe Grillo - Io sono il peggiore,https://www.teatro.it/spettacoli/milano/nazionale-chebanca/2022-2023/beppe-grillo-io-sono-il-peggiore,Teatro e spettacolo,"20145, Italy",45.4643,9.1895,4
Mostre,05-04-23,2023-03-07,"Via Solferino, 44, Milano, MI",ANTONIO COLOMBO ARTE CONTEMPORANEA,Dario Maglionico - Floating Space,https://www.milanotoday.it/eventi/dario-maglionico-floating-space.html,Arte e cultura,"44, Via Solferino, Brera, Municipio 1, Milano, Lombardia, 20121, Italia",45.4786644,9.1884688,10
Spettacoli,07-03-23,2023-03-07,"Via Larga 14,20122, Milano, MI,Italia",Lirico Giorgio Gaber,Ermal Meta - Tribù urbana Live,https://www.teatro.it/spettacoli/milano/lirico-giorgio-gaber/2022-2023/ermal-meta-tribu-urbana-live,Teatro e spettacolo,"Teatro Lirico Giorgio Gaber, 14, Via Larga, Cerchia dei Navigli, Municipio 1, Milano, Lombardia, 20122, Italia",45.4615135,9.1918702,4
Spettacoli,07-03-23,2023-03-07,"Via Alessandro Manzoni 42,20121, Milano, MI,Italia",Manzoni,Diario di un impermeabile,https://www.teatro.it/spettacoli/milano/manzoni/2022-2023/paolo-migone-diario-di-un-impermeabile,Teatro e spettacolo,"Teatro Manzoni, 42, Via Alessandro Manzoni, Cerchia dei Navigli, Municipio 1, Milano, Lombardia, 20121, Italia",45.4710286,9.1944762,4
Spettacoli,07-03-23,2023-03-07,"v. Mons. Pogliani 7/a,ang. via Grandi,20090, Cesano Boscone, MI,Italia",Cristallo,Le nostre anime di notte,https://www.teatro.it/spettacoli/cesano-boscone/cristallo/2022-2023/le-nostre-anime-di-notte,Teatro e spettacolo,"20090, Italy",45.407,9.1083,14
Incontri,11-03-23,2023-03-08,"Via Trieste, 3, Milano, MI",Maio,Le vie delle donne: dall'8 marzo la presentazione del libro dedicato alle grandi italiane,https://www.milanotoday.it/eventi/vie-delle-donne-libro-presentazione.html,Formazione e networking,"3, Via Trieste, Cernusco sul Naviglio, Milano, Lombardia, 20063, Italia",45.528535,9.3345313,7
Spettacoli,08-03-23,2023-03-08,"Via G. di Vittorio 6,20090, Assago, MI,Italia",Unipol Forum,Lewis Capaldi Tour 2022,https://www.teatro.it/spettacoli/assago/mediolanum-forum/2022-2023/lewis-capaldi-tour-2022,Teatro e spettacolo,"20090, Italy",45.407,9.1083,14
Mostre,31-03-23,2023-03-08,"Via Santa Maria Valle, 2, Milano, MI",MA-EC Gallery,The goodness. la bontà. mostra personale di thabadin boonnuang,https://www.milanotoday.it/eventi/the-goodness-la-bonta-mostra-personale-2023.html,Arte e cultura,"Fondazione Alessandro Durini, 2, Via Santa Maria Valle, Cerchia dei Navigli, Municipio 1, Milano, Lombardia, 20123, Italia",45.4600544,9.1838916,4
Mostre,08-03-23,2023-03-08,"Via Alfonso Capecelatro, 22, Milano, MI",artemisia5pittrici,Le donne nell'arte,https://www.milanotoday.it/eventi/le-donne-nell-arte-artemisia-francesca-bruni-2023.html,Arte e cultura,"Via Alfonso Capecelatro, San Siro, Municipio 7, Milano, Lombardia, 20148, Italia",45.4719317,9.1290115,13
Visita Guidata,08-03-23,2023-03-08,"Via Senato, 10, Milano, MI",Archivio di Stato di Milano,Donne a spasso nella storia,,Arte e cultura,"10, Via Senato, Guastalla, Municipio 1, Milano, Lombardia, 20121, Italia",45.4700976,9.1981223,4
Concerti,08-03-23,2023-03-08,"Piazza Paolo Ferrari, 6, Milano, MI",Teatro Filodrammatici,Extraliscio in quartetto,https://www.milanotoday.it/eventi/extraliscio-in-quartetto-extraliscio.html,Musica e vita notturna,"Piazza Paolo Ferrari, Brera, Municipio 1, Milano, Lombardia, 20121, Italia",45.4670289,9.1887678,4
Mostre,07-04-23,2023-03-08,"Piazza Venticinque Aprile, 11B, Milano, MI",Tube Culture Hall,And they lived sadly ever after,https://www.milanotoday.it/eventi/and-they-lived-sadly-ever-after-hamish-chapman.html,Arte e cultura,"11b, Piazza Venticinque Aprile, Brera, Municipio 9, Milano, Lombardia, 20154, Italia",45.4807799,9.1864868,10
,12-03-23,2023-03-08,"Via Marsala, 13, Milano, MI",Cavanis Lacerenza Fine Art,"Stefano Canziani, a cura di artbasic",https://www.milanotoday.it/eventi/stefano-canziani-a-cura-di-artbasic.html,Non classificato,"13, Via Marsala, Brera, Municipio 1, Milano, Lombardia, 20121, Italia",45.479289,9.1861736,10
Altro,08-03-23,2023-03-08,"via Brera, 28, Milano, MI",Pinacoteca di Brera,8 marzo a BRERA: ingresso gratuito per TUTTE LE DONNE,,Altri eventi,"Istituto Nazionale di Astrofisica – Osservatorio astronomico di Brera, 28, Via Brera, Cerchia dei Navigli, Municipio 1, Milano, Lombardia, 20121, Italia",45.4715946,9.1889707,4
Teatri,08-03-23,2023-03-08,"Via San Faustino, 5, Milano, MI",Cooperativa Ortica,"All'Ortica lo spettacolo ""solo per donne""",https://www.milanotoday.it/eventi/all-ortica-lo-spettacolo-solo-per-donne.html,Teatro e spettacolo,"5, Via San Faustino, Lambrate, Municipio 3, Milano, Lombardia, 20134, Italia",45.4717873,9.2416377,6
Mostre,02-04-23,2023-03-09,"Via Mac Mahon, 16, Milano, MI",Teatro Out Off,Regredior,https://www.milanotoday.it/eventi/regredior-2023.html,Arte e cultura,"Via Mac Mahon, Villapizzone, Municipio 8 di Milano, Milano, Lombardia, 20155, Italia",45.4970636,9.153938,10
Incontri,11-04-23,2023-03-09,"Via San Maurilio, 14, Milano, MI",Gilda Contemporary Art,The greenland project - roberto ghezzi,https://www.milanotoday.it/eventi/the-greenland-project-roberto-ghezzi-2023.html,Formazione e networking,"14, Via San Maurilio, Cerchia dei Navigli, Municipio 1, Milano, Lombardia, 20123, Italia",45.4622752,9.1839049,4
Mostre,30-03-23,2023-03-09,"Via Filippo Baldinucci, 60, Milano, MI",Luar Gallery,"Colori psichedelici e fluorescenti nella mostra ""Archè"" di Valentina De Martini",https://www.milanotoday.it/eventi/mostra-arche-valentina-de-martini-galleria-luar.html,Arte e cultura,"60, Via Filippo Baldinucci, Dergano, Municipio 9, Milano, Lombardia, 20158, Italia",45.5036758,9.1698229,10
Spettacoli,09-03-23,2023-03-09,"Corso di Porta Romana 63,20122, Milano, MI,Italia",Carcano,Il nodo,https://www.teatro.it/spettacoli/milano/carcano/2022-2023/il-nodo,Teatro e spettacolo,"Teatro Carcano, 63, Corso di Porta Romana, Crocetta, Municipio 1, Milano, Lombardia, 20121, Italia",45.4566842,9.1955297,4
Spettacoli,09-03-23,2023-03-09,"Via Alessandro Manzoni 42,20121, Milano, MI,Italia",Manzoni,Manicomic,https://www.teatro.it/spettacoli/milano/manzoni/2022-2023/manicomic,Teatro e spettacolo,"Teatro Manzoni, 42, Via Alessandro Manzoni, Cerchia dei Navigli, Municipio 1, Milano, Lombardia, 20121, Italia",45.4710286,9.1944762,4
Spettacoli,09-03-23,2023-03-09,"v. Matteotti 30,20064, Gorgonzola, MI,Italia",Sala Argentia,Santo Piacere,https://www.teatro.it/spettacoli/gorgonzola/sala-argentia/2022-2023/giovanni-scifoni-santo-piacere,Teatro e spettacolo,"Sala Argentia, 30, Via Giacomo Matteotti, Gorgonzola, Milano, Lombardia, 20064, Italia",45.5327792,9.4032916,12
Mostre,05-05-23,2023-03-09,"Via Nerino, 3, Milano, MI",MAAB Gallery,"I must sleep, please!",https://www.milanotoday.it/eventi/i-must-sleep-please-susanne-kutter.html,Arte e cultura,"3, Via Nerino, Cerchia dei Navigli, Municipio 1, Milano, Lombardia, 20123, Italia",45.4617617,9.1841465,4
Cibo e Vino,12-02-23,2023-03-10,"Piazza Città di Lombardia, Milano, MI",,"Torna Milano in Vino, in Piazza Città di Lombardia un weekend all’insegna del vino e della musica",https://www.milanotoday.it/eventi/milano-in-vino-piazza-citta-di-lombardia.html,Enogastronomia,"Piazza Città di Lombardia, GARIBALDI REPUBBLICA, Municipio 9, Milano, Lombardia, 20124, Italia",45.4867209,9.1960553,10
Spettacoli,10-03-23,2023-03-10,"Via Filodrammatici 2,20121, Milano, MI,Italia",Teatro Alla Scala,Concerto - Lorenzo Viotti,https://www.teatro.it/spettacoli/milano/teatro-alla-scala/2022-2023/concerto-lorenzo-viotti,Teatro e spettacolo,"2, Via Filodrammatici, Brera, Milano, Lombardia, 20121, Italia",45.4676198,9.1884287,4
Incontri,10-03-23,2023-03-10,"Via Roma, 26, Milano, MI",Fell in love,Break the wall tour a Pogliano Milanese con Can Yaman,https://www.milanotoday.it/eventi/can-yaman-pogliano-milanese.html,Formazione e networking,"26, Via Roma, San Domenico, Oltresempione, Legnano, Milano, Lombardia, 20025, Italia",45.5974198,8.9127391,1
Spettacoli,10-03-23,2023-03-10,"Corso Buenos Aires 33,20124, Milano, MI,Italia",Elfo Puccini - Sala Bausch,Settanta volte sette,https://www.teatro.it/spettacoli/milano/elfo-puccini-sala-bausch/2022-2023/settanta-volte-sette,Teatro e spettacolo,"Teatro Elfo Puccini, 33, Corso Buenos Aires, Buenos Aires - Venezia, Municipio 3, Milano, Lombardia, 20124, Italia",45.4794317,9.2098387,6
Concerti,12-03-23,2023-03-10,"Largo Gustav Mahler, Milano, MI",Auditorium di Milano Fondazione Cariplo,L’Orchestra Sinfonica di Milano racconta l’orrore della guerra con la musica struggente di Benjamin Britten,https://www.milanotoday.it/eventi/concerto-orchestra-sinfonica-guerra.html,Musica e vita notturna,"Largo Gustav Mahler, Ticinese, Municipio 5, Milano, Lombardia, 20136, Italia",45.4463151,9.1792547,0
Spettacoli,10-03-23,2023-03-10,"Via Larga 14,20122, Milano, MI,Italia",Lirico Giorgio Gaber,Oblivion Rhapsody,https://www.teatro.it/spettacoli/milano/lirico-giorgio-gaber/2022-2023/oblivion-rhapsody,Teatro e spettacolo,"Teatro Lirico Giorgio Gaber, 14, Via Larga, Cerchia dei Navigli, Municipio 1, Milano, Lombardia, 20122, Italia",45.4615135,9.1918702,4
,12-03-23,2023-03-11,"Via Gaetano de Castillia, Milano, MI",Fondazione Riccardo Catella,"The last of Us, a Milano un evento per vivere come nella serie in un mondo post apocalittico",https://www.milanotoday.it/eventi/evento-last-of-us-escape-room.html,Non classificato,"Via Gaetano De Castillia, Isola, Municipio 9, Milano, Lombardia, 20100, Italia",45.4858553,9.1928992,10
Incontri,11-03-23,2023-03-11,"Via Domenico Trentacoste, 32, Milano, MI",SpaziOrtica Milano,Apre spaziortica - Un centro polifunzionale per famiglie nel cuore del quartiere ortica,https://www.milanotoday.it/eventi/apre-spaziortica-un-centro-polifunzionale.html,Formazione e networking,"32, Via Domenico Trentacoste, Lambrate, Municipio 3, Milano, Lombardia, 21771, Italia",45.4735938,9.2463407,6
Spettacoli,11-03-23,2023-03-11,"p.zza IV Novembre 3,20025, Legnano, MI,Italia",Talisio Tirinnanzi,Carmen,https://www.teatro.it/spettacoli/legnano/talisio-tirinnanzi/2022-2023/carmen,Teatro e spettacolo,"Scuola Secondaria di Primo Grado Giovanni Ungaretti, 3, Piazza Quattro Novembre, San Giorgio su Legnano, Milano, Lombardia, 20034, Italia",45.5765251,8.9157963,1
Mostre,22-03-23,2023-03-11,"Via Giuseppe Dall'Occo, 1, Milano, MI",Galleria Click Art,"""Stanze condivise"" doppia mostra personale di pittura",https://www.milanotoday.it/eventi/stanze-condivise-doppia-mostra-personale-2023.html,Arte e cultura,"Via Giuseppe Dall'Occo, Cormano, Zona Omogenea Milano Nord, Milano, Lombardia, 20032, Italia",45.5444599,9.1691639,5
Spettacoli,11-03-23,2023-03-11,"Via Larga 14,20122, Milano, MI,Italia",Lirico Giorgio Gaber,L'Instant Theatre,https://www.teatro.it/spettacoli/milano/lirico-giorgio-gaber/2022-2023/enrico-bertolino-linstant-theatre,Teatro e spettacolo,"Teatro Lirico Giorgio Gaber, 14, Via Larga, Cerchia dei Navigli, Municipio 1, Milano, Lombardia, 20122, Italia",45.4615135,9.1918702,4
Spettacoli,11-03-23,2023-03-11,"vicolo Fiume 4,20092, Cinisello Balsamo, MI,Italia",Pax,Piccole donne - Il Musical di Broadway,https://www.teatro.it/spettacoli/cinisello-balsamo/pax/2022-2023/piccole-donne-il-musical-di-broadway,Teatro e spettacolo,"CineTeatro Pax, 4, Vicolo Fiume, Cinisello, Cinisello Balsamo, Zona Omogenea Milano Nord, Milano, Lombardia, 20092, Italia",45.5564874,9.2169118,5
Spettacoli,12-03-23,2023-03-12,"via Pier Lombardo,14,20135, Milano, MI,Italia",Franco Parenti - Sala Grande,Racconti disumani,https://www.teatro.it/spettacoli/milano/franco-parenti-sala-grande/2022-2023/racconti-disumani,Teatro e spettacolo,"Via Pier Lombardo, Porta Romana, Municipio 4, Milano, Lombardia, 20135, Italia",45.4542958,9.2063109,4
Spettacoli,12-03-23,2023-03-12,"Corso Buenos Aires 33,20124, Milano, MI,Italia",Elfo Puccini - sala Shakespeare,Andrea Jonasson - Spettri,https://www.teatro.it/spettacoli/milano/elfo-puccini-sala-shakespeare/2022-2023/andrea-jonasson-spettri,Teatro e spettacolo,"Teatro Elfo Puccini, 33, Corso Buenos Aires, Buenos Aires - Venezia, Municipio 3, Milano, Lombardia, 20124, Italia",45.4794317,9.2098387,6
Teatri,26-03-23,2023-03-12,"Viale dell'Innovazione, 20, Milano, MI",Teatro Arcimboldi Milano,Gli spettacoli più belli al Teatro Arcimboldi e come avere i biglietti scontati,https://www.milanotoday.it/eventi/sconti-biglietti-teatro-arcimboldi.html,Teatro e spettacolo,"20, Viale dell'Innovazione, Bicocca, Municipio 9, Milano, Lombardia, 20125, Italia",45.5148696,9.2135963,5
Spettacoli,12-03-23,2023-03-12,"Via Alessandro Manzoni 42,20121, Milano, MI,Italia",Manzoni,Pasolini Caravaggio,https://www.teatro.it/spettacoli/milano/manzoni/2022-2023/vittorio-sgarbi-pasolini-caravaggio,Teatro e spettacolo,"Teatro Manzoni, 42, Via Alessandro Manzoni, Cerchia dei Navigli, Municipio 1, Milano, Lombardia, 20121, Italia",45.4710286,9.1944762,4
Spettacoli,12-03-23,2023-03-12,"Corso Venezia 2/A,20121, Milano, MI,Italia",San Babila,Disincantate!,https://www.teatro.it/spettacoli/milano/san-babila/2022-2023/disincantate-le-piu-stronze-del-reame,Teatro e spettacolo,"2a, Corso Venezia, Duomo, Municipio 1, Milano, Lombardia, 20121, Italia",45.4670204,9.1981104,4
Spettacoli,12-03-23,2023-03-12,"Corso Buenos Aires,33,20124, Milano, MI,Italia",Teatro Elfo Puccini - sala Fassbinder,Rosso,https://www.teatro.it/spettacoli/milano/teatro-elfo-puccini-sala-fassbinder/2022-2023/rosso,Teatro e spettacolo,"Teatro Elfo Puccini, 33, Corso Buenos Aires, Buenos Aires - Venezia, Municipio 3, Milano, Lombardia, 20124, Italia",45.4794317,9.2098387,6
Spettacoli,12-03-23,2023-03-12,"Corso di Porta Romana 63,20122, Milano, MI,Italia",Carcano,Pojana e i suoi fratelli,https://www.teatro.it/spettacoli/milano/carcano/2022-2023/andrea-pennacchi-pojana-e-i-suoi-fratelli,Teatro e spettacolo,"Teatro Carcano, 63, Corso di Porta Romana, Crocetta, Municipio 1, Milano, Lombardia, 20121, Italia",45.4566842,9.1955297,4
Spettacoli,12-03-23,2023-03-12,"Via Giordano Rota 1,20145, Milano, MI,Italia",Nazionale Italiana Assicurazioni,50 Years,https://www.teatro.it/spettacoli/milano/nazionale-chebanca/2022-2023/mummenschanz-50-years,Teatro e spettacolo,"20145, Italy",45.4643,9.1895,4
Spettacoli,12-03-23,2023-03-12,"Via G. di Vittorio 6,20090, Assago, MI,Italia",Unipol Forum,Gianni Morandi - Go Gianni Go!,https://www.teatro.it/spettacoli/assago/mediolanum-forum/2022-2023/gianni-morandi-go-gianni-go,Teatro e spettacolo,"20090, Italy",45.407,9.1083,14
,13-03-23,2023-03-13,"Largo Corsia dei Servi, 4, Milano, MI",Auditorium CMC,Vivere e crescere in amazzonia. una sfida per tutti,https://www.milanotoday.it/eventi/vivere-e-crescere-in-amazzonia.html,Non classificato,"Largo Corsia dei Servi, Duomo, Municipio 1, Milano, Lombardia, 20122, Italia",45.4647722,9.1958825,4
Spettacoli,13-03-23,2023-03-13,"Via Larga 14,20122, Milano, MI,Italia",Lirico Giorgio Gaber,I migliori danni della nostra vita,https://www.teatro.it/spettacoli/milano/lirico-giorgio-gaber/2022-2023/marco-travaglio-i-migliori-danni-della-nostra-vita,Teatro e spettacolo,"Teatro Lirico Giorgio Gaber, 14, Via Larga, Cerchia dei Navigli, Municipio 1, Milano, Lombardia, 20122, Italia",45.4615135,9.1918702,4
Teatri,13-03-23,2023-03-13,"Viale dell'Innovazione, 20, Milano, MI",Teatro degli Arcimboldi,Giorgio Panariello a teatro tra risate e irriverenza,https://www.milanotoday.it/eventi/spettacolo-giorgio-panariello-arcimboldi.html,Teatro e spettacolo,"20, Viale dell'Innovazione, Bicocca, Municipio 9, Milano, Lombardia, 20125, Italia",45.5148696,9.2135963,5
Spettacoli,13-03-23,2023-03-13,"Viale dell'Innovazione 20,20126, Milano, MI,Italia",Arcimboldi,Giorgio Panariello - La favola mia,https://www.teatro.it/spettacoli/milano/degli-arcimboldi/2022-2023/giorgio-panariello-la-favola-mia,Teatro e spettacolo,"20, Viale dell'Innovazione, Bicocca, Municipio 9, Milano, Lombardia, 20125, Italia",45.5148696,9.2135963,5
Mostre,14-04-23,2023-03-13,"Via Ravenna, 15, Milano, MI",Scuola Primaria Fabio Filzi,"La mostra ""gli altri siamo noi"" torna visitabile per un mese",https://www.milanotoday.it/eventi/la-mostra-gli-altri-siamo-noi-2023.html,Arte e cultura,"Via Ravenna, Lodi - Corvetto, Municipio 4, Milano, Lombardia, 20139, Italia",45.4320142,9.223737,2
Spettacoli,14-03-23,2023-03-14,"Via Alessandro Manzoni 42,20121, Milano, MI,Italia",Manzoni,Gatta morta,https://www.teatro.it/spettacoli/milano/manzoni/2022-2023/francesca-reggiani-gatta-morta,Teatro e spettacolo,"Teatro Manzoni, 42, Via Alessandro Manzoni, Cerchia dei Navigli, Municipio 1, Milano, Lombardia, 20121, Italia",45.4710286,9.1944762,4
Concerti,18-03-23,2023-03-14,"Via Giuseppe di Vittorio, Milano, MI",Mediolanum Forum,Il grande ritorno di Eros Ramazzotti a Milano. Orari e biglietti del nuovo concerto,https://www.milanotoday.it/eventi/concerto-eros-ramazzotti-forum-assago-2023.html,Musica e vita notturna,"Via Giuseppe Di Vittorio, Pontesesto, Rozzano, Milano, Lombardia, 20072, Italia",45.3848731,9.1854672,14
Mostre,25-03-23,2023-03-14,"Via Andrea Maria Ampère, 27, Milano, MI",Spazio Arte Tolomeo,"La donna nell'arte, mostra internazionale",https://www.milanotoday.it/eventi/la-donna-nell-arte-mostra-internazionale-2023.html,Arte e cultura,"27, Via Andrea Maria Ampère, Città Studi, Municipio 3, Milano, Lombardia, 20131, Italia",45.4816019,9.2263908,6
Visita Guidata,16-03-23,2023-03-14,"via Fametta, 1, Milano, MI",Luogo sconosciuto,Giornata nazionale del Paesaggio - A PASSEGGIO NEL GIARDINO INCANTATO DI VILLA ARCONATI,,Arte e cultura,"1, Via Fametta, Via Trento, Castellazzo, Bollate, Milano, Lombardia, 20021, Italia",45.556757,9.0958021,8
Teatri,26-03-23,2023-03-15,"Piazza Piemonte, Milano, MI",Teatro Nazionale,Tutti parlano di Jamie: il musical dell'inclusività a Milano al Teatro Nazionale,https://www.milanotoday.it/eventi/jamie-musical-marzo-2023.html,Teatro e spettacolo,"Piazza Piemonte, De Angeli - Monte Rosa, Municipio 7, Milano, Lombardia, 20149, Italia",45.4669255,9.154725,0
,12-04-23,2023-03-15,"Via Gaudenzio Ferrari, 3, Milano, MI",Almach Art Gallery,Daniela Gullotta - urbex,https://www.milanotoday.it/eventi/daniela-gullotta-urbex-daniela-gullotta.html,Non classificato,"3, Via Gaudenzio Ferrari, Ticinese, Municipio 1, Milano, Lombardia, 20123, Italia",45.4558833,9.1754506,0
Spettacoli,15-03-23,2023-03-15,"Via Varese,29,20024, Garbagnate Milanese, MI,Italia",Italia,Miracolato,https://www.teatro.it/spettacoli/garbagnate-milanese/italia/2022-2023/max-angioni-miracolato,Teatro e spettacolo,"Via Varese, Quadrifoglio, Santa Maria Rossa, Garbagnate Milanese, Milano, Lombardia, 20024, Italia",45.5758278,9.0778952,8
,22-03-23,2023-03-15,"Via Alessandro Manzoni, 56, Milano, MI",IRCCS Istituto Clinico Humanitas,Denti in salute? Dal 15 al 22 marzo prenota una visita di controllo dal dentista in Humanitas a Rozzano,https://www.milanotoday.it/eventi/visita-controllo-dentista.html,Non classificato,"56, Via Alessandro Manzoni, Paullo, Milano, Lombardia, 20067, Italia",45.4180966,9.4000575,12
Teatri,15-03-23,2023-03-15,"Via Mortara, 4, Milano, MI",Corte dei Miracoli,"Spettacolo ""il fracasso del diavolo - favola ritmicomica"" alla corte dei miracoli",https://www.milanotoday.it/eventi/spettacolo-il-fracasso-del-diavolo.html,Teatro e spettacolo,"Corte dei Miracoli, 4, Via Mortara, Navigli, Municipio 6, Milano, Lombardia, 20144, Italia",45.454031,9.1726822,0
Incontri,16-03-23,2023-03-16,"Largo Corsia dei Servi, 4, Milano, MI",Auditorium CMC,Se potessi mangiare un’idea avrei fatto la mia rivoluzione - Giorgio Gaber. si può...,https://www.milanotoday.it/eventi/se-potessi-mangiare-un-idea-avrei-fatto.html,Formazione e networking,"Largo Corsia dei Servi, Duomo, Municipio 1, Milano, Lombardia, 20122, Italia",45.4647722,9.1958825,4
,08-04-23,2023-03-16,"Via Achille Maiocchi, 15, Milano, MI",Maiocchi15,A digital art exhibition. esposizione personale delle opere di  giovanni bindellini,https://www.milanotoday.it/eventi/a-digital-art-exhibition-esposizione-personale-delle-opere-di-giovanni-bindellini-giovanni-bindellini.html,Non classificato,"Via Achille Maiocchi, Buenos Aires - Venezia, Municipio 3, Milano, Lombardia, 20129, Italia",45.4762588,9.2159801,6
,26-03-23,2023-03-16,"Via Pietro Borsieri, 12, Milano, MI",Key Gallery,Key gallery  presenta:  vincent dalschaert my room  art exhibition,https://www.milanotoday.it/eventi/key-gallery-presenta-vincent-dalschaert-my-room-2023.html,Non classificato,"Bar Guadagni, 12, Via Pietro Borsieri, Isola, Municipio 9, Milano, Lombardia, 20159, Italia",45.4867002,9.1887446,10
Spettacoli,16-03-23,2023-03-16,"via Pier Lombardo,14,20135, Milano, MI,Italia",Franco Parenti - Sala Grande,Ferzaneide - Ferzan Ozpetek,https://www.teatro.it/spettacoli/milano/franco-parenti-sala-grande/2022-2023/ferzaneide-ferzan-ozpetek,Teatro e spettacolo,"Via Pier Lombardo, Porta Romana, Municipio 4, Milano, Lombardia, 20135, Italia",45.4542958,9.2063109,4
Spettacoli,16-03-23,2023-03-16,"v. Mons. Pogliani 7/a,ang. via Grandi,20090, Cesano Boscone, MI,Italia",Cristallo,Oblivion Rhapsody,https://www.teatro.it/spettacoli/cesano-boscone/cristallo/2022-2023/oblivion-rhapsody,Teatro e spettacolo,"20090, Italy",45.407,9.1083,14
,16-03-23,2023-03-16,"Via Laghetto, 2, Milano, MI",Chiamamilano,il bello come cura,https://www.milanotoday.it/eventi/il-bello-come-cura-maria-giovanna-farina-9816847.html,Non classificato,"Chiamamilano, 2, Via Laghetto, Duomo, Brera, Milano, Lombardia, 20122, Italia",45.4614842,9.195516,4
,27-05-23,2023-03-16,"Via Ascanio Sforza, 69, Milano, MI",Art Studio Finestreria,Lara Ilaria Braconi | muta nel vento | 16.03.23 h 18 opening,https://www.milanotoday.it/eventi/lara-ilaria-braconi-muta-nel-vento-16-03-23-2029.html,Non classificato,"69, Via Ascanio Sforza, Ticinese, Municipio 5, Milano, Lombardia, 20141, Italia",45.4431758,9.1764198,0
Spettacoli,17-03-23,2023-03-17,"Via Filodrammatici 2,20121, Milano, MI,Italia",Teatro Alla Scala,Le Corsaire,https://www.teatro.it/spettacoli/milano/teatro-alla-scala/2022-2023/le-corsaire-manuel-legris,Teatro e spettacolo,"2, Via Filodrammatici, Brera, Milano, Lombardia, 20121, Italia",45.4676198,9.1884287,4
evento solo on-line,17-03-23,2023-03-17,"Via Brera, 28, Milano, MI",Pinacoteca di Brera,BRERA / MUSICA 2023,,Eventi digitali,"Istituto Nazionale di Astrofisica – Osservatorio astronomico di Brera, 28, Via Brera, Cerchia dei Navigli, Municipio 1, Milano, Lombardia, 20121, Italia",45.4715946,9.1889707,4
Convegno/conferenza,17-03-23,2023-03-17,"Via Senato, Milano, MI",Soprintendenza Archivistica e Bibliografica della Lombardia,Longaretti vive: una storia per tutti L’archivio dell’artista riconosciuto di interesse culturale_Copia,,Formazione e networking,"Via Senato, Cerchia dei Navigli, Municipio 1, Milano, Lombardia, 20121, Italia",45.4714266,9.1962309,4
Teatri,02-04-23,2023-03-17,"Via Riccardo Pitteri, 58, Milano, MI",Teatro Martinitt,"""E vissero felici e colpevoli"" al Teatro Martinitt",https://www.milanotoday.it/eventi/e-vissero-felici-e-colpevoli-spettacolo-teatro-martinitt.html,Teatro e spettacolo,"Via Riccardo Pitteri, Lambrate, Municipio 3, Milano, Lombardia, 20134, Italia",45.4805358,9.2454637,6
Cibo e Vino,19-03-23,2023-03-17,"Via Luigi Granelli, 1, Milano, MI",Spazio Mil - Carroponte,"Musica, birra e danze irlandesi: torna Irish Fest Milano",https://www.milanotoday.it/eventi/irish-fest-milano-2023.html,Enogastronomia,"Carroponte, 1, Via Luigi Granelli, Rondò, Torretta, Sesto San Giovanni, Zona Omogenea Milano Nord, Milano, Lombardia, 20099, Italia",45.529574,9.2209217,5
,17-03-23,2023-03-17,"Via Pisanello, 1, Milano, MI",Centro Culturale Rosetum,"Leo genovese, franz hackl duo in concerto- rosetum jazz festival",https://www.milanotoday.it/eventi/leo-genovese-franz-hackl-duo-in-concerto-2023.html,Non classificato,"Via Pisanello, Bande Nere, Municipio 7, Milano, Lombardia, 20148, Italia",45.4672182,9.140416,13
Cibo e Vino,19-03-23,2023-03-17,"Via Giovanni Battista Sammartini, 2, Milano, MI",Mercato Centrale,La Festa d'Irlanda al Mercato Centrale con degustazioni di birre artigianali,https://www.milanotoday.it/eventi/festa-irlanda-mercato-centrale.html,Enogastronomia,"2, Via Giovanni Battista Sammartini, Centrale, Municipio 2, Milano, Lombardia, 20125, Italia",45.4906477,9.2074972,6
Mercatini,19-03-23,2023-03-18,"Via Conte Rosso, Milano, MI",Lambrate,Il Sabato di Lambrate torna a Milano con due appuntamenti imperdibili,https://www.milanotoday.it/eventi/mercatino-sabato-di-lambrate.html,Mercati e shopping,"Via Conte Rosso, Lambrate, Municipio 3, Milano, Lombardia, 20134, Italia",45.4819574,9.2426159,6
,18-03-23,2023-03-18,"Via Conte Rosso, Milano, MI",Rotonda di viale delle Rimembranze di Lambrate,La scuola di BagnaMi arriva al Sabato di Lambrate,https://www.milanotoday.it/eventi/bagnami-scuola-sabato-lambrate.html,Non classificato,"Via Conte Rosso, Lambrate, Municipio 3, Milano, Lombardia, 20134, Italia",45.4819574,9.2426159,6
Teatri,18-03-23,2023-03-18,"Piazza Piero Carnelli, Milano, MI",Teatro Delfino,"Ugo Dighero in ""un pianeta ci vuole""",https://www.milanotoday.it/eventi/ugo-dighero-2023.html,Teatro e spettacolo,"Piazza Don Piero Carnelli, Mecenate, Municipio 4, Milano, Lombardia, 20059, Italia",45.4584915,9.2436908,2
Manifestazioni,29-04-23,2023-03-18,"Via Giuseppe Eugenio Luraghi, 11, Milano, MI",,"Riapre il campo di tulipani alle porte di Milano. Date, biglietti e come arrivare",https://www.milanotoday.it/eventi/campo-tulipani-arese-2023-biglietti.html,Altri eventi,"Via Maestra, 11, Viale Giuseppe Eugenio Luraghi, Valera, Arese, Milano, Lombardia, 20044, Italia",45.5638918,9.0510987,8
Spettacoli,18-03-23,2023-03-18,"Piazza Risorgimento 19,20066, Melzo, MI,Italia",Trivulzio,Bloccati dalla neve,https://www.teatro.it/spettacoli/melzo/trivulzio/2022-2023/bloccati-dalla-neve,Teatro e spettacolo,"Piazza Risorgimento, Melzo, Milano, Lombardia, 20066, Italia",45.5003449,9.4229132,12
Spettacoli,18-03-23,2023-03-18,"p.zza IV Novembre 3,20025, Legnano, MI,Italia",Talisio Tirinnanzi,Musico ambulante tour,https://www.teatro.it/spettacoli/legnano/talisio-tirinnanzi/2022-2023/fabio-concato-il-musico-ambulante-tour,Teatro e spettacolo,"Scuola Secondaria di Primo Grado Giovanni Ungaretti, 3, Piazza Quattro Novembre, San Giorgio su Legnano, Milano, Lombardia, 20034, Italia",45.5765251,8.9157963,1
,19-03-23,2023-03-18,"Viale Toscana, 31, Milano, MI",Santeria,Sotterranea con pellegrino (early sounds records) + alex fernet live,https://www.milanotoday.it/eventi/sotterranea-con-pellegrino-early-sounds-records-alex-fernet-live-pellegrino-e-alex-fernet-9803566.html,Non classificato,"Santeria Toscana 31, 31, Viale Toscana, Vigentina, Municipio 5, Milano, Lombardia, 20136, Italia",45.4456408,9.1883503,4
Spettacoli,18-03-23,2023-03-18,"Via G. di Vittorio 6,20090, Assago, MI,Italia",Unipol Forum,Eros Ramazzotti - Battito Infinito World Tour,https://www.teatro.it/spettacoli/assago/mediolanum-forum/2022-2023/eros-ramazzotti-battito-infinito-world-tour,Teatro e spettacolo,"20090, Italy",45.407,9.1083,14
Spettacoli,18-03-23,2023-03-18,"Via Larga 14,20122, Milano, MI,Italia",Lirico Giorgio Gaber,Euphonia Suite,https://www.teatro.it/spettacoli/milano/lirico-giorgio-gaber/2022-2023/eugenio-finardi-euphonia-suite,Teatro e spettacolo,"Teatro Lirico Giorgio Gaber, 14, Via Larga, Cerchia dei Navigli, Municipio 1, Milano, Lombardia, 20122, Italia",45.4615135,9.1918702,4
,19-03-23,2023-03-18,"Via Fabio Massimo, 19, Milano, MI",Centro Internazionale di Quartiere,Tony Borlotti e i suoi flauers,https://www.milanotoday.it/eventi/tony-borlotti-e-i-suoi-flauers-2023.html,Non classificato,"19, Via Fabio Massimo, Lodi - Corvetto, Municipio 4, Milano, Lombardia, 20139, Italia",45.4349742,9.2277681,2
Mercatini,19-03-23,2023-03-19,"Via Mecenate, 88/A, Milano, MI",Ex fabbrica aeronautica,East Market torna in città con il meglio del calcio italiano,https://www.milanotoday.it/eventi/east-market-espositori-calcio.html,Mercati e shopping,"Via Mecenate, Mecenate, Municipio 4, Milano, Lombardia, 20059, Italia",45.4529888,9.2481173,2
Concerti,19-03-23,2023-03-19,"Piazza della Scala, 2, Milano, MI",Palazzo Marino,"Palazzo Marino in musica, concerti gratis aperti al pubblico",https://www.milanotoday.it/eventi/concerto-gratis-palazzo-marino-2023.html,Musica e vita notturna,"2, Piazza della Scala, Duomo, Brera, Milano, Lombardia, 20121, Italia",45.4666807,9.1902798,4
Sport,19-03-23,2023-03-19,"Piazza del Duomo, Milano, MI",,"Stramilano 2023, la nuova edizione della corsa non competitiva più famosa in città",https://www.milanotoday.it/eventi/stramilano-2023-iscrizioni.html,Sport e attività fisica,"Piazza del Duomo, Duomo, Municipio 1, Milano, Lombardia, Italia",45.4639102,9.1906398,4
Spettacoli,19-03-23,2023-03-19,"Corso di Porta Romana 63,20122, Milano, MI,Italia",Carcano,S/Calvino o della liberta',https://www.teatro.it/spettacoli/milano/carcano/2022-2023/mario-perrotta-scalvino-o-della-liberta,Teatro e spettacolo,"Teatro Carcano, 63, Corso di Porta Romana, Crocetta, Municipio 1, Milano, Lombardia, 20121, Italia",45.4566842,9.1955297,4
Attività Didattica,19-03-23,2023-03-19,"via Brera, 28, Milano, MI",Pinacoteca di Brera,CAMERA con VISTA - dal quadro al libro e ritorno,,Formazione e networking,"Istituto Nazionale di Astrofisica – Osservatorio astronomico di Brera, 28, Via Brera, Cerchia dei Navigli, Municipio 1, Milano, Lombardia, 20121, Italia",45.4715946,9.1889707,4
Spettacoli,19-03-23,2023-03-19,"Via Ciro Menotti 11,20129, Milano, MI,Italia",Menotti,Bianco su bianco,https://www.teatro.it/spettacoli/milano/menotti/2022-2023/bianco-su-bianco,Teatro e spettacolo,"11, Via Ciro Menotti, Buenos Aires - Venezia, Municipio 3, Milano, Lombardia, 20129, Italia",45.4699888,9.2132156,6
,26-03-23,2023-03-19,"Via Marcello Dudovich, 10, Milano, MI",Parco Ticinello,Non servono senieri per tentar l'avventura,https://www.milanotoday.it/eventi/non-servono-senieri-per-tentar-2023.html,Non classificato,"10, Via Marcello Dudovich, Stadera, Municipio 5, Milano, Lombardia, 20141, Italia",45.4268888,9.1824277,0
Spettacoli,19-03-23,2023-03-19,"Via G. di Vittorio 6,20090, Assago, MI,Italia",Repower,Grease,https://www.teatro.it/spettacoli/assago/repower/2022-2023/grease,Teatro e spettacolo,"20090, Italy",45.407,9.1083,14
Spettacoli,19-03-23,2023-03-19,"Corso Buenos Aires 33,20124, Milano, MI,Italia",Elfo Puccini - Sala Bausch,Io sono mia moglie,https://www.teatro.it/spettacoli/milano/elfo-puccini-sala-bausch/2022-2023/io-sono-mia-moglie,Teatro e spettacolo,"Teatro Elfo Puccini, 33, Corso Buenos Aires, Buenos Aires - Venezia, Municipio 3, Milano, Lombardia, 20124, Italia",45.4794317,9.2098387,6
Spettacoli,19-03-23,2023-03-19,"Viale dell'Innovazione 20,20126, Milano, MI,Italia",Arcimboldi,Geronimo Stilton nel Regno della Fantasia,https://www.teatro.it/spettacoli/milano/degli-arcimboldi/2022-2023/geronimo-stilton-nel-regno-della-fantasia,Teatro e spettacolo,"20, Viale dell'Innovazione, Bicocca, Municipio 9, Milano, Lombardia, 20125, Italia",45.5148696,9.2135963,5
Spettacoli,19-03-23,2023-03-19,"Via Larga 14,20122, Milano, MI,Italia",Lirico Giorgio Gaber,Giulietta e Romeo,https://www.teatro.it/spettacoli/milano/lirico-giorgio-gaber/2022-2023/giulietta-e-romeo,Teatro e spettacolo,"Teatro Lirico Giorgio Gaber, 14, Via Larga, Cerchia dei Navigli, Municipio 1, Milano, Lombardia, 20122, Italia",45.4615135,9.1918702,4
Spettacoli,20-03-23,2023-03-20,"Via G. di Vittorio 6,20090, Assago, MI,Italia",Unipol Forum,SALMO - Flop tour,https://www.teatro.it/spettacoli/assago/mediolanum-forum/2022-2023/salmo-flop-tour-2022,Teatro e spettacolo,"20090, Italy",45.407,9.1083,14
Spettacoli,20-03-23,2023-03-20,"Viale dell'Innovazione 20,20126, Milano, MI,Italia",Arcimboldi,Stefano Rapone Live,https://www.teatro.it/spettacoli/milano/degli-arcimboldi/2022-2023/stefano-rapone-live,Teatro e spettacolo,"20, Viale dell'Innovazione, Bicocca, Municipio 9, Milano, Lombardia, 20125, Italia",45.5148696,9.2135963,5
Concerti,20-03-23,2023-03-20,"Via Giuseppe di Vittorio, Milano, MI",Mediolanum Forum di Assago,Il concerto di Salmo a Milano. Orari e biglietti,https://www.milanotoday.it/eventi/concerto-salmo-forum-assago.html,Musica e vita notturna,"Via Giuseppe Di Vittorio, Pontesesto, Rozzano, Milano, Lombardia, 20072, Italia",45.3848731,9.1854672,14
Spettacoli,20-03-23,2023-03-20,"Via Alessandro Manzoni 42,20121, Milano, MI,Italia",Manzoni,L'ombra di Totò,https://www.teatro.it/spettacoli/milano/manzoni/2022-2023/lombra-di-toto,Teatro e spettacolo,"Teatro Manzoni, 42, Via Alessandro Manzoni, Cerchia dei Navigli, Municipio 1, Milano, Lombardia, 20121, Italia",45.4710286,9.1944762,4
Spettacoli,20-03-23,2023-03-20,"Via Filodrammatici 2,20121, Milano, MI,Italia",Teatro Alla Scala,Recital di pianoforte - Jan Lisiecki,https://www.teatro.it/spettacoli/milano/teatro-alla-scala/2022-2023/recital-di-pianoforte-jan-lisiecki,Teatro e spettacolo,"2, Via Filodrammatici, Brera, Milano, Lombardia, 20121, Italia",45.4676198,9.1884287,4
Teatri,02-04-23,2023-03-21,"Via Rovello, 2, Milano, MI",Piccolo Teatro Grassi,"""Europeana. Breve storia del XX secolo"" con Lino Guanciale",https://www.milanotoday.it/eventi/europeana-spettacolo-lino-guanciale-piccolo-teatro.html,Teatro e spettacolo,"2, Via Rovello, Brera, Milano, Lombardia, 20121, Italia",45.4665188,9.1847651,4
Concerti,21-03-23,2023-03-21,"Via Conservatorio, 12, Milano, MI",Conservatorio Giuseppe Verdi,"""Milano è memoria"", la musica per non dimenticare",https://www.milanotoday.it/eventi/concerti-musica-milano-memoria-conservatorio-verdi.html,Musica e vita notturna,"Via Conservatorio, Guastalla, Municipio 1, Milano, Lombardia, 20122, Italia",45.4658084,9.2027724,4
Concerti,21-03-23,2023-03-21,"Via Conservatorio, 12, Milano, MI",Conservatorio Giuseppe Verdi,"""Milano è memoria"", la musica per non dimenticare",https://www.milanotoday.it/eventi/concerti-musica-milano-memoria-conservatorio-verdi.html,Musica e vita notturna,"Via Conservatorio, Guastalla, Municipio 1, Milano, Lombardia, 20122, Italia",45.4658084,9.2027724,4
Mostra,21-03-23,2023-03-21,"via Brera, 28, Milano, MI",Pinacoteca di Brera,FRANCO RUSSOLI POP UP,,Arte e cultura,"Istituto Nazionale di Astrofisica – Osservatorio astronomico di Brera, 28, Via Brera, Cerchia dei Navigli, Municipio 1, Milano, Lombardia, 20121, Italia",45.4715946,9.1889707,4
Concerti,21-03-23,2023-03-21,"Via Conservatorio, 12, Milano, MI",Conservatorio Giuseppe Verdi,"""Milano è memoria"", la musica per non dimenticare",https://www.milanotoday.it/eventi/concerti-musica-milano-memoria-conservatorio-verdi.html,Musica e vita notturna,"Via Conservatorio, Guastalla, Municipio 1, Milano, Lombardia, 20122, Italia",45.4658084,9.2027724,4
Concerti,21-03-23,2023-03-21,"Via Conservatorio, 12, Milano, MI",Conservatorio Giuseppe Verdi,"""Milano è memoria"", la musica per non dimenticare",https://www.milanotoday.it/eventi/concerti-musica-milano-memoria-conservatorio-verdi.html,Musica e vita notturna,"Via Conservatorio, Guastalla, Municipio 1, Milano, Lombardia, 20122, Italia",45.4658084,9.2027724,4
Mostre,23-07-23,2023-03-21,"Via Tortona, 56, Milano, MI",Mudec - Museo delle Culture,"Dalì, Magritte e oltre 180 opere dei Surrealisti al Mudec",https://www.milanotoday.it/eventi/mostra-surrealisti-mudec.html,Arte e cultura,"Mudec, 56, Via Tortona, Tortona, Municipio 6, Milano, Lombardia, 20144, Italia",45.4520455,9.1613185,0
Spettacoli,21-03-23,2023-03-21,"Via Larga 14,20122, Milano, MI,Italia",Lirico Giorgio Gaber,Francesca Michielin - Bonsoir!,https://www.teatro.it/spettacoli/milano/lirico-giorgio-gaber/2022-2023/francesca-michielin-bonsoir,Teatro e spettacolo,"Teatro Lirico Giorgio Gaber, 14, Via Larga, Cerchia dei Navigli, Municipio 1, Milano, Lombardia, 20122, Italia",45.4615135,9.1918702,4
,26-03-23,2023-03-21,"Via Pier Lombardo, 14, Milano, MI",Teatro Franco Parenti,"“La regola dei giochi”, il gruppo della creta in scena al franco parenti di Milano",https://www.milanotoday.it/eventi/la-regola-dei-giochi-il-gruppo-della-creta-2023.html,Non classificato,"Via Pier Lombardo, Porta Romana, Municipio 4, Milano, Lombardia, 20135, Italia",45.4542958,9.2063109,4
Concerti,21-03-23,2023-03-21,"Via Conservatorio, 12, Milano, MI",Conservatorio Giuseppe Verdi,"""Milano è memoria"", la musica per non dimenticare",https://www.milanotoday.it/eventi/concerti-musica-milano-memoria-conservatorio-verdi.html,Musica e vita notturna,"Via Conservatorio, Guastalla, Municipio 1, Milano, Lombardia, 20122, Italia",45.4658084,9.2027724,4
Manifestazioni,21-03-23,2023-03-21,"Piazza Tre Torri, 2, Milano, MI",CityLife,La Festa di Primavera a CityLife tra sport e musica,https://www.milanotoday.it/eventi/festa-primavera-citylife.html,Altri eventi,"pwc, 2, Piazza Tre Torri, Tre Torri, Municipio 8 di Milano, Milano, Lombardia, 20145, Italia",45.4779493,9.1566611,10
,12-05-23,2023-03-22,"Via Andrea Maffei, 1, Milano, MI",Other Size Gallery,Orodè deoro. make up!,https://www.milanotoday.it/eventi/orode-deoro-make-up-orode-deoro-2023.html,Non classificato,"1, Via Andrea Maffei, XXII Marzo, Municipio 4, Milano, Lombardia, 20135, Italia",45.4588219,9.209057,4
Spettacoli,22-03-23,2023-03-22,"Via Larga 14,20122, Milano, MI,Italia",Lirico Giorgio Gaber,Mistero Buffo,https://www.teatro.it/spettacoli/milano/lirico-giorgio-gaber/2022-2023/mistero-buffo,Teatro e spettacolo,"Teatro Lirico Giorgio Gaber, 14, Via Larga, Cerchia dei Navigli, Municipio 1, Milano, Lombardia, 20122, Italia",45.4615135,9.1918702,4
Spettacoli,22-03-23,2023-03-22,"Via Ciro Menotti 11,20129, Milano, MI,Italia",Menotti,Anfitrione,https://www.teatro.it/spettacoli/milano/menotti/2022-2023/anfitrione,Teatro e spettacolo,"11, Via Ciro Menotti, Buenos Aires - Venezia, Municipio 3, Milano, Lombardia, 20129, Italia",45.4699888,9.2132156,6
Teatri,02-04-23,2023-03-23,"Via Giuseppe di Vittorio, 6, Milano, MI",Teatro Repower,"La magia e il sogno protagonisti del ""Piccolo Principe"" a teatro",https://www.milanotoday.it/eventi/spettacolo-piccolo-principe-teatro-repower.html,Teatro e spettacolo,"6, Via Giuseppe Di Vittorio, Foramagno, Mezzate, Peschiera Borromeo, Milano, Lombardia, 20068, Italia",45.4355184,9.2889768,2
Mostre,04-06-23,2023-03-23,"Piazza del Duomo, Milano, MI",Palazzo Reale,La mostra-installazione di Michelangelo Pistoletto a Palazzo Reale,https://www.milanotoday.it/eventi/mostra-installazione-pistoletto.html,Arte e cultura,"Piazza del Duomo, Duomo, Municipio 1, Milano, Lombardia, Italia",45.4639102,9.1906398,4
Incontro/presentazione,23-03-23,2023-03-23,"via Brera, 28, Milano, MI",Pinacoteca di Brera - Biblioteca Nazionale Braidense di Milano,Come si studiano le mafie?,,Formazione e networking,"Istituto Nazionale di Astrofisica – Osservatorio astronomico di Brera, 28, Via Brera, Cerchia dei Navigli, Municipio 1, Milano, Lombardia, 20121, Italia",45.4715946,9.1889707,4
,25-03-23,2023-03-23,"Via Padova, 272, Milano, MI",District 27,A Nolo il festival della canzone anticonvenzionale e irriverente,https://www.milanotoday.it/eventi/festival-san-nolo.html,Non classificato,"District 272, 272, Via Padova, Padova, Municipio 2, Milano, Lombardia, 20132, Italia",45.5075896,9.245293,5
Manifestazioni,26-03-23,2023-03-23,"Piazza Città di Lombardia, Milano, MI",Piazza Città di Lombardia,Il primo Festival dei risotti a Milano,https://www.milanotoday.it/eventi/festival-risotto-23-26-marzo-2023.html,Altri eventi,"Piazza Città di Lombardia, GARIBALDI REPUBBLICA, Municipio 9, Milano, Lombardia, 20124, Italia",45.4867209,9.1960553,10
Incontro/presentazione,23-03-23,2023-03-23,"Via Brera, 28, Milano, MI",Pinacoteca di Brera,La CURA e la BELLEZZA - Brera in Humanitas,,Formazione e networking,"Istituto Nazionale di Astrofisica – Osservatorio astronomico di Brera, 28, Via Brera, Cerchia dei Navigli, Municipio 1, Milano, Lombardia, 20121, Italia",45.4715946,9.1889707,4
Spettacoli,23-03-23,2023-03-23,"v. Matteotti 30,20064, Gorgonzola, MI,Italia",Sala Argentia,Andavo ai 100 all'ora,https://www.teatro.it/spettacoli/gorgonzola/sala-argentia/2022-2023/paolo-cevoli-andavo-ai-100-allora,Teatro e spettacolo,"Sala Argentia, 30, Via Giacomo Matteotti, Gorgonzola, Milano, Lombardia, 20064, Italia",45.5327792,9.4032916,12
Spettacoli,23-03-23,2023-03-23,"Piazza S. Magno,20025, Legnano, MI,Italia",Galleria,Marco Masini - T'innamorerai di noi - Oltre 30 anni insieme,https://www.teatro.it/spettacoli/legnano/galleria/2022-2023/marco-masini-tinnamorerai-di-noi-oltre-30-anni-insieme,Teatro e spettacolo,"Piazza San Magno, San Magno, Oltresempione, Legnano, Milano, Lombardia, 20025, Italia",45.5948853,8.9184024,1
,26-03-23,2023-03-23,"Via Angelo Inganni, 40, Milano, MI",CORVATSCH in Engadina in Svizzera,Fis freeski & snowboard world cup,https://www.milanotoday.it/eventi/fis-freeski-snowboard-world-cup.html,Non classificato,"Farmacia Comunale 73, 40, Via Angelo Inganni, Lorenteggio, Municipio 6, Milano, Lombardia, 20147, Italia",45.4515839,9.1257124,13
Spettacoli,23-03-23,2023-03-23,"Via G. di Vittorio 6,20090, Assago, MI,Italia",Unipol Forum,Ernia - Tutti Hanno Paura Tour 2023,https://www.teatro.it/spettacoli/assago/mediolanum-forum/2022-2023/ernia-tutti-hanno-paura-tour-2023,Teatro e spettacolo,"20090, Italy",45.407,9.1083,14
Spettacoli,23-03-23,2023-03-23,"Piazza Enzo Jannacci 1,20017, Rho, MI,Italia",Civico - Roberto de Silva,La bottega del caffè,https://www.teatro.it/spettacoli/rho/teatro-civico-roberto-de-silva/2022-2023/la-bottega-del-caffe,Teatro e spettacolo,"Piazza Enzo Jannacci, San Pietro, Lucernate, Rho, Milano, Lombardia, 20017, Italia",45.5279748,9.0458872,8
,23-03-23,2023-03-23,"Via Brera, 28, Milano, MI",Pinacoteca di Brera - Sala della Passione,l'arte nelle istituzioni. opere ritrovate nei palazzi del potere. incontro alla pinacoteca di brera giovedì 23 marzo,https://www.milanotoday.it/eventi/l-arte-nelle-istituzioni-opere-ritrovate-nei-palazzi.html,Non classificato,"Istituto Nazionale di Astrofisica – Osservatorio astronomico di Brera, 28, Via Brera, Cerchia dei Navigli, Municipio 1, Milano, Lombardia, 20121, Italia",45.4715946,9.1889707,4
Incontri,23-03-23,2023-03-23,"Via Pasquale Sottocorno, 27, Milano, MI",Art Luxury,'Introspections' di Veronica Liverani,https://www.milanotoday.it/eventi/introspections-di-veronica-liverani-2023.html,Formazione e networking,"Ricci Osteria, 27, Via Pasquale Sottocorno, XXII Marzo, Municipio 4, Milano, Lombardia, 20129, Italia",45.4662072,9.2119112,6
Teatri,26-03-23,2023-03-23,"Viale dell'Innovazione, 20, Milano, MI",Teatro degli Arcimboldi,"""Priscilla: la regina del deserto"" a Milano. Le offerte di MilanoToday",https://www.milanotoday.it/eventi/spettacolo-priscilla-biglietti-scontati-offerte.html,Teatro e spettacolo,"20, Viale dell'Innovazione, Bicocca, Municipio 9, Milano, Lombardia, 20125, Italia",45.5148696,9.2135963,5
,24-04-23,2023-03-24,"Via Francesco Redi, 23, Milano, MI",Raucci/Santamaria Studio Project,Mostra personale di pier giorgio de pinto “through a venetian blind glass”.,https://www.milanotoday.it/eventi/mostra-personale-di-pier-giorgio-de-pinto.html,Non classificato,"23, Via Francesco Redi, Buenos Aires - Venezia, Municipio 3, Milano, Lombardia, 20129, Italia",45.4771815,9.2136019,6
Mostre,25-06-23,2023-03-24,"Piazza del Duomo, Milano, MI",Palazzo Reale,"Mostra Helmut Newton, Legacy",https://www.milanotoday.it/eventi/mostre/helmut-newton.html,Arte e cultura,"Piazza del Duomo, Duomo, Municipio 1, Milano, Lombardia, Italia",45.4639102,9.1906398,4
Spettacoli,24-03-23,2023-03-24,"p.zza IV Novembre 3,20025, Legnano, MI,Italia",Talisio Tirinnanzi,40 e sto,https://www.teatro.it/spettacoli/legnano/talisio-tirinnanzi/2022-2023/andrea-delogu-40-e-sto,Teatro e spettacolo,"Scuola Secondaria di Primo Grado Giovanni Ungaretti, 3, Piazza Quattro Novembre, San Giorgio su Legnano, Milano, Lombardia, 20034, Italia",45.5765251,8.9157963,1
,26-03-23,2023-03-24,"Via Arnaldo Fusinato, 9, Milano, MI",Spazio Polline - Stazione  Villapizzone del passante ferroviario,Brasserie,https://www.milanotoday.it/eventi/brasserie-teatro-utiler-il-viaggio-2023.html,Non classificato,"9, Via Arnaldo Fusinato, Villapizzone, Municipio 8 di Milano, Milano, Lombardia, 20156, Italia",45.5013888,9.1499175,13
Spettacoli,24-03-23,2023-03-24,"Via San Giovanni sul muro 2,20121, Milano, MI,Italia",Dal Verme,Stasera con Uccio,https://www.teatro.it/spettacoli/milano/dal-verme/2022-2023/uccio-de-santis-stasera-con-uccio,Teatro e spettacolo,"2, Via San Giovanni sul Muro, Cerchia dei Navigli, Municipio 1, Milano, Lombardia, 20121, Italia",45.4671162,9.1814924,4
Spettacoli,24-03-23,2023-03-24,"Viale Trieste 3G/2,Cascina Casale,20060 Cassina De' Pecchi MI,Italia",Piccolo Teatro della Martesana,La fine del mondo,https://www.teatro.it/spettacoli/cassina-de-pecchi/piccolo-teatro-della-martesana/2022-2023/la-fine-del-mondo,Teatro e spettacolo,"20060, Italy",45.3817,9.3571,11
Spettacoli,24-03-23,2023-03-24,"Piazza S. Magno,20025, Legnano, MI,Italia",Galleria,Solo,https://www.teatro.it/spettacoli/legnano/galleria/2022-2023/arturo-brachetti-solo,Teatro e spettacolo,"Piazza San Magno, San Magno, Oltresempione, Legnano, Milano, Lombardia, 20025, Italia",45.5948853,8.9184024,1
Spettacoli,25-03-23,2023-03-25,"Piazza S. Magno,20025, Legnano, MI,Italia",Galleria,Comincium,https://www.teatro.it/spettacoli/legnano/galleria/2022-2023/comincium-ale-franz,Teatro e spettacolo,"Piazza San Magno, San Magno, Oltresempione, Legnano, Milano, Lombardia, 20025, Italia",45.5948853,8.9184024,1
Concerti,25-03-23,2023-03-25,"Viale Enrico Fermi, 98, Milano, MI",Legend Club,Jacob Lee  data unica in italia per la rivelazione indie pop: sabato 25 marzo 2023 a milano,https://www.milanotoday.it/eventi/jacob-lee-data-unica-in-italia.html,Musica e vita notturna,"Legend Club, 98, Viale Enrico Fermi, Parco Nord, Municipio 9, Milano, Lombardia, 20161, Italia",45.5161589,9.1794377,10
Spettacolo Teatrale,25-03-23,2023-03-25,"piazza Sant'Ilario, 1, Milano, MI",Sala Consiliare,Quella sagoma di Dante -  Tre donne alle prese con l’Alighieri,,Teatro e spettacolo,"Chiesa parrocchiale di Sant'Ilario, 1b, Piazza Chiesa, Sant'Ilario, Nerviano, Milano, Lombardia, 20014, Italia",45.5677256,8.9881578,1
Concerti,25-03-23,2023-03-25,"Via Filodrammatici, 2, Milano, MI",Teatro alla Scala,"Prove aperte della Filarmonica della Scala, i nuovi concerti di beneficenza",https://www.milanotoday.it/eventi/prove-aperte-filarmonica-scala.html,Musica e vita notturna,"2, Via Filodrammatici, Brera, Milano, Lombardia, 20121, Italia",45.4676198,9.1884287,4
Sport,26-03-23,2023-03-25,"Viale Gorizia, 9, Milano, MI",Associazione Nazionale Marinai d'Italia,"Sup, canoa e Dragon Boat: gli Open Day in Darsena per provare gli sport acquatici",https://www.milanotoday.it/eventi/festa-darsena-canoa.html,Sport e attività fisica,"9, Viale Gorizia, Navigli, Municipio 6, Milano, Lombardia, 20144, Italia",45.4541483,9.1743032,0
Spettacoli,25-03-23,2023-03-25,"p.zza IV Novembre 3,20025, Legnano, MI,Italia",Talisio Tirinnanzi,Montagne russe,https://www.teatro.it/spettacoli/legnano/talisio-tirinnanzi/2022-2023/montagne-russe,Teatro e spettacolo,"Scuola Secondaria di Primo Grado Giovanni Ungaretti, 3, Piazza Quattro Novembre, San Giorgio su Legnano, Milano, Lombardia, 20034, Italia",45.5765251,8.9157963,1
Mostre,26-03-23,2023-03-25,"Via San Vittore, Milano, MI",Museo Nazionale Scienza e Tecnologia Leonardo da Vinci,Al Museo della Scienza un weekend speciale dedicato alla plastica e al suo inventore,https://www.milanotoday.it/eventi/mostra-plastica-museo-scienza.html,Arte e cultura,"Via San Vittore, Magenta - San Vittore, Municipio 1, Milano, Lombardia, 20144, Italia",45.4644719,9.1666084,0
Teatri,25-03-23,2023-03-25,"Via Domenico Cucchiari, 4, Milano, MI",Teatro della Memoria,Harmaline live | teatro della memoria | milano,https://www.milanotoday.it/eventi/harmaline-live-teatro-della-memoria-2023.html,Teatro e spettacolo,"Teatro della Memoria, 4, Via Domenico Cucchiari, Ghisolfa, Bullona, Municipio 8 di Milano, Milano, Lombardia, 20154, Italia",45.4879753,9.1645395,10
,25-03-23,2023-03-25,"Via Solferino, 17, Milano, MI",All Saints' Anglican Church,Concerto corale gratuito - biola univesity (california) in concerto presso la all saint's anglican church in via solferino.,https://www.milanotoday.it/eventi/concerto-corale-gratuito-biola-univesity.html,Non classificato,"17, Via Solferino, Brera, Municipio 1, Milano, Lombardia, 20121, Italia",45.4758707,9.1872245,4
Spettacoli,25-03-23,2023-03-25,"Via Larga 14,20122, Milano, MI,Italia",Lirico Giorgio Gaber,La fabbrica dei sogni,https://www.teatro.it/spettacoli/milano/lirico-giorgio-gaber/2022-2023/la-fabbrica-dei-sogni,Teatro e spettacolo,"Teatro Lirico Giorgio Gaber, 14, Via Larga, Cerchia dei Navigli, Municipio 1, Milano, Lombardia, 20122, Italia",45.4615135,9.1918702,4
,25-03-23,2023-03-25,"Via dell'Allodola, 5, Milano, MI","Teatro ""La Creta""",I più grandi successi dello zecchino d'oro e del musical,https://www.milanotoday.it/eventi/i-piu-grandi-successi-dello-zecchino-d-oro-2023.html,Non classificato,"Via dell'Allodola, Lorenteggio, Municipio 6, Milano, Lombardia, 20147, Italia",45.454862,9.1195068,13
Manifestazioni,26-03-23,2023-03-25,"Piazzale dello Sport, 6, Milano, MI",Ippodromo Snai San Siro,L'ippodromo di San Siro apre per le Giornate Fai di primavera,https://www.milanotoday.it/eventi/ippodromo-25-26-marzo.html,Altri eventi,"Piazzale dello Sport, San Siro, Municipio 7, Milano, Lombardia, 20148, Italia",45.4789681,9.130166,13
,26-03-23,2023-03-25,"Via Giuseppe Eugenio Luraghi, 11, Milano, MI",Centro Commerciale Il Centro,Focus Junior Days: l'evento gratuito che fa amare la scienza ai bambini,https://www.milanotoday.it/eventi/evento-scienza-bambini.html,Non classificato,"Via Maestra, 11, Viale Giuseppe Eugenio Luraghi, Valera, Arese, Milano, Lombardia, 20044, Italia",45.5638918,9.0510987,8
Mostre,26-03-23,2023-03-25,"Viale Campania, 12, Milano, MI",WOW Spazio Fumetto,Bricòla - festival delle autoproduzioni a fumetti,https://www.milanotoday.it/eventi/bricola-festival-delle-autoproduzioni.html,Arte e cultura,"12, Viale Campania, Corsica, Municipio 4, Milano, Lombardia, 20133, Italia",45.4634024,9.2242161,6
Teatri,26-03-23,2023-03-25,"Viale dell'Innovazione, 20, Milano, MI",Teatro degli Arcimboldi,L'incredibile Ladybug a teatro in uno spettacolo imperdibile,https://www.milanotoday.it/eventi/spettacolo-ladybug-teatro-arcimboldi.html,Teatro e spettacolo,"20, Viale dell'Innovazione, Bicocca, Municipio 9, Milano, Lombardia, 20125, Italia",45.5148696,9.2135963,5
Spettacoli,26-03-23,2023-03-26,"Viale dell'Innovazione 20,20126, Milano, MI,Italia",Arcimboldi,"Priscilla, la regina del deserto - Il musical",https://www.teatro.it/spettacoli/milano/degli-arcimboldi/2022-2023/priscilla-la-regina-del-deserto-il-musical,Teatro e spettacolo,"20, Viale dell'Innovazione, Bicocca, Municipio 9, Milano, Lombardia, 20125, Italia",45.5148696,9.2135963,5
Disco&Feste,26-03-23,2023-03-26,"Via Enrico Terzaghi, Milano, MI",Parco Monte Stella,La Festa di Primavera al Parco Monte Stella,https://www.milanotoday.it/eventi/festa-primavera-parco-monte-stella.html,Musica e vita notturna,"Via Enrico Terzaghi, Qt 8, QT8, Municipio 8 di Milano, Milano, Lombardia, 20148, Italia",45.4872639,9.1307208,13
Spettacoli,26-03-23,2023-03-26,"Viale dell'Innovazione 20,20126, Milano, MI,Italia",Arcimboldi,Miraculous Ladybug – The Musical Show,https://www.teatro.it/spettacoli/milano/degli-arcimboldi/2022-2023/miraculous-ladybug-the-musical-show,Teatro e spettacolo,"20, Viale dell'Innovazione, Bicocca, Municipio 9, Milano, Lombardia, 20125, Italia",45.5148696,9.2135963,5
Spettacolo Teatrale,26-03-23,2023-03-26,"via Luciano Manara, 11, Milano, MI",Sala Avorio del Palace Grand Hotel,Quella sagoma di Dante -  Tre donne alle prese con l’Alighieri,,Teatro e spettacolo,"11, Via Luciano Manara, Abbiategrasso, Milano, Lombardia, 20081, Italia",45.4020753,8.9114045,9
,27-03-23,2023-03-26,"Via Ettore Ponti, 40, Milano, MI",BIKO,"Gift (new york city, usa) in concerto al biko",https://www.milanotoday.it/eventi/gift-new-york-city-usa-in-concerto-al-biko-gift.html,Non classificato,"40, Via Ettore Ponti, San Cristoforo, Municipio 6, Milano, Lombardia, 20143, Italia",45.4420773,9.1539092,0
,26-03-23,2023-03-26,"Via Giulio Natta, 19, Milano, MI",Cascina Cotica,Workshop di kokedama,https://www.milanotoday.it/eventi/workshop-di-kokedama.html,Non classificato,"Via Giulio Natta, Gallaratese, Lampugnano, Municipio 8 di Milano, Milano, Lombardia, 20148, Italia",45.4875935,9.1296363,13
Incontri,26-03-23,2023-03-26,"Via Leonardo Da Vinci, 5, Milano, MI",Santuario di Concesa,Apertura al pubblico del convento e santuario di Concesa,https://www.milanotoday.it/eventi/apertura-al-pubblico-del-convento-e-santuario-di-concesa.html,Formazione e networking,"Green Bar, 5, Via Leonardo da Vinci, Legnarello, Oltresempione, Legnano, Milano, Lombardia, 20025, Italia",45.5993829,8.9223934,1
Spettacoli,26-03-23,2023-03-26,"Via Filodrammatici 2,20121, Milano, MI,Italia",Teatro Alla Scala,La bohème,https://www.teatro.it/spettacoli/milano/teatro-alla-scala/2022-2023/la-boheme,Teatro e spettacolo,"2, Via Filodrammatici, Brera, Milano, Lombardia, 20121, Italia",45.4676198,9.1884287,4
Spettacoli,26-03-23,2023-03-26,"Via Larga 14,20122, Milano, MI,Italia",Lirico Giorgio Gaber,Forza Venite Gente,https://www.teatro.it/spettacoli/milano/lirico-giorgio-gaber/2022-2023/forza-venite-gente-tour-400-anniversario,Teatro e spettacolo,"Teatro Lirico Giorgio Gaber, 14, Via Larga, Cerchia dei Navigli, Municipio 1, Milano, Lombardia, 20122, Italia",45.4615135,9.1918702,4
Spettacoli,26-03-23,2023-03-26,"Via Boltraffio 21,20159, Milano, MI,Italia",Fontana,La fabbrica degli stronzi,https://www.teatro.it/spettacoli/milano/fontana/2022-2023/la-fabbrica-degli-stronzi,Teatro e spettacolo,"21, Via Gian Antonio Boltraffio, Isola, Municipio 9, Milano, Lombardia, 20159, Italia",45.4921952,9.1878419,10
Spettacoli,26-03-23,2023-03-26,"Corso di Porta Romana 63,20122, Milano, MI,Italia",Carcano,Cosa nostra spiegata ai bambini,https://www.teatro.it/spettacoli/milano/carcano/2022-2023/cosa-nostra-spiegata-ai-bambini,Teatro e spettacolo,"Teatro Carcano, 63, Corso di Porta Romana, Crocetta, Municipio 1, Milano, Lombardia, 20121, Italia",45.4566842,9.1955297,4
Spettacoli,26-03-23,2023-03-26,"Corso Buenos Aires 33,20124, Milano, MI,Italia",Elfo Puccini - Sala Bausch,Apple Banana,https://www.teatro.it/spettacoli/milano/elfo-puccini-sala-bausch/2022-2023/apple-banana,Teatro e spettacolo,"Teatro Elfo Puccini, 33, Corso Buenos Aires, Buenos Aires - Venezia, Municipio 3, Milano, Lombardia, 20124, Italia",45.4794317,9.2098387,6
Spettacoli,26-03-23,2023-03-26,"Corso Buenos Aires 33,20124, Milano, MI,Italia",Elfo Puccini - sala Shakespeare,La morte e la fanciulla,https://www.teatro.it/spettacoli/milano/elfo-puccini-sala-shakespeare/2022-2023/la-morte-e-la-fanciulla,Teatro e spettacolo,"Teatro Elfo Puccini, 33, Corso Buenos Aires, Buenos Aires - Venezia, Municipio 3, Milano, Lombardia, 20124, Italia",45.4794317,9.2098387,6
Spettacoli,26-03-23,2023-03-26,"via Pier Lombardo,14,20135, Milano, MI,Italia",Franco Parenti - Sala Grande,AZUL,https://www.teatro.it/spettacoli/milano/franco-parenti-sala-grande/2022-2023/azul-stefano-accorsi,Teatro e spettacolo,"Via Pier Lombardo, Porta Romana, Municipio 4, Milano, Lombardia, 20135, Italia",45.4542958,9.2063109,4
Spettacoli,26-03-23,2023-03-26,"via Filodrammatici,1,20121, Milano, MI,Italia",Filodrammatici,La prova,https://www.teatro.it/spettacoli/milano/filodrammatici/2022-2023/la-prova,Teatro e spettacolo,"Teatro dei Filodrammatici, 1, Via Filodrammatici, Brera, Municipio 1, Milano, Lombardia, 20121, Italia",45.467261,9.188435,4
Spettacoli,26-03-23,2023-03-26,"Via Giordano Rota 1,20145, Milano, MI,Italia",Nazionale Italiana Assicurazioni,Tutti parlano di Jamie - Il Musical,https://www.teatro.it/spettacoli/milano/nazionale-chebanca/2022-2023/tutti-parlano-di-jamie-il-musical,Teatro e spettacolo,"20145, Italy",45.4643,9.1895,4
Teatri,27-03-23,2023-03-27,"Corso di Porta Romana, 63, Milano, MI",Teatro Carcano,"Carlo Verdone, ""Le mie canzoni"" a teatro",https://www.milanotoday.it/eventi/spettacolo-carlo-verdone-teatro-carcano.html,Teatro e spettacolo,"Teatro Carcano, 63, Corso di Porta Romana, Crocetta, Municipio 1, Milano, Lombardia, 20121, Italia",45.4566842,9.1955297,4
,27-03-23,2023-03-27,"Via delle Ore, 3, Milano, MI",Ambrosianeum,Cosa manca all'unione europea per essere una autentica unione?,https://www.milanotoday.it/eventi/cosa-manca-all-unione-europea.html,Non classificato,"Ambrosianeum, 3, Via delle Ore, Duomo, Municipio 1, Milano, Lombardia, 20122, Italia",45.4628936,9.1925597,4
,28-03-23,2023-03-28,"Via San Giovanni sul Muro, 2, Milano, MI",Teatro Dal Verme,Due violini tra classica e rock in concerto per casa sollievo bimbi di vidas,https://www.milanotoday.it/eventi/due-violini-tra-classica-e-rock-2023.html,Non classificato,"2, Via San Giovanni sul Muro, Cerchia dei Navigli, Municipio 1, Milano, Lombardia, 20121, Italia",45.4671162,9.1814924,4
Spettacoli,29-03-23,2023-03-29,"Piazza Risorgimento 19,20066, Melzo, MI,Italia",Trivulzio,Uno spettacolo divertentissimo che non finisce assolutamente con un suicidio,https://www.teatro.it/spettacoli/melzo/trivulzio/2022-2023/uno-spettacolo-divertentissimo-che-non-finisce-assolutamente-con-un-suicidio,Teatro e spettacolo,"Piazza Risorgimento, Melzo, Milano, Lombardia, 20066, Italia",45.5003449,9.4229132,12
,29-03-23,2023-03-29,"Via Mortara, 4, Milano, MI",Corte dei Miracoli,"""Flirt"" di e con silvia torri alla corte dei miracoli",https://www.milanotoday.it/eventi/flirt-di-e-con-silvia-torri-alla-corte-dei-miracoli.html,Non classificato,"Corte dei Miracoli, 4, Via Mortara, Navigli, Municipio 6, Milano, Lombardia, 20144, Italia",45.454031,9.1726822,0
,03-06-23,2023-03-29,"Via Antonio Stoppani, 15c, Milano, MI",Renata Fabbri arte contemporanea,"Vlatka horvat e tim etchells, same river twice",https://www.milanotoday.it/eventi/vlatka-horvat-e-tim-etchells-2023.html,Non classificato,"Via Antonio Stoppani, Buenos Aires - Venezia, Municipio 3, Milano, Lombardia, 20129, Italia",45.4737949,9.2163129,6
Incontri,30-03-23,2023-03-30,"Via Santa Croce, 21, Milano, MI",ABC-ARTE ONE OF,Opening ugo la pietra | l'artista e la città,https://www.milanotoday.it/eventi/opening-ugo-la-pietra-l-artista-e-la-citta-2023.html,Formazione e networking,"Clori Home and Flowers, 21, Via Santa Croce, Ticinese, Municipio 1, Milano, Lombardia, 20122, Italia",45.4534918,9.1813499,0
,30-07-23,2023-03-30,"Via Tortona, 56, Milano, MI",Mudec - Museo delle Culture,L'attivismo artistico di Zanele Muholi in mostra al Mudec,https://www.milanotoday.it/eventi/mostra-zanele-muholi-mudec.html,Non classificato,"Mudec, 56, Via Tortona, Tortona, Municipio 6, Milano, Lombardia, 20144, Italia",45.4520455,9.1613185,0
Teatri,30-03-23,2023-03-30,"Corso di Porta Romana, Milano, MI",Teatro Carcano,Tullio Solenghi legge Woody Allen a teatro,https://www.milanotoday.it/eventi/spettacolo-tullio-solenghi-carcano.html,Teatro e spettacolo,"Corso di Porta Romana, Cerchia dei Navigli, Municipio 1, Milano, Lombardia, 20122, Italia",45.4601964,9.1889416,4
Spettacoli,30-03-23,2023-03-30,"Viale dell'Innovazione 20,20126, Milano, MI,Italia",Arcimboldi,Festa tour 2024,https://www.teatro.it/spettacoli/milano/degli-arcimboldi/2022-2023/fast-animals-and-slow-kids,Teatro e spettacolo,"20, Viale dell'Innovazione, Bicocca, Municipio 9, Milano, Lombardia, 20125, Italia",45.5148696,9.2135963,5
Mercatini,14-05-23,2023-03-30,"Via Grosotto, 7, Milano, MI",Piazza Portello,I colori e i sapori della primavera a Piazza Portello,https://www.milanotoday.it/eventi/mercatino-primavera-piazza-portello-2023.html,Mercati e shopping,"Parafarmacia Portello, 7, Via Grosotto, Villapizzone, Cagnola, Municipio 8 di Milano, Milano, Lombardia, 20149, Italia",45.490853,9.1465887,13
Mostre,30-03-23,2023-03-30,"Via Ticino, Milano, MI",PIG (presso il Centro PoliSportivo),"Apre la mostra fotografica: “idee - noi tra voi, voi tra noi”, giovedì 30 marzo dalle ore 19:00",https://www.milanotoday.it/eventi/mostre/la-mostra-motta-visconti.html,Arte e cultura,"Via Ticino, San Martino, Oltresempione, Legnano, Milano, Lombardia, 20025, Italia",45.5976013,8.9089442,1
Spettacoli,30-03-23,2023-03-30,"v. Mons. Pogliani 7/a,ang. via Grandi,20090, Cesano Boscone, MI,Italia",Cristallo,Non è vero ma ci credo,https://www.teatro.it/spettacoli/cesano-boscone/cristallo/2022-2023/non-e-vero-ma-ci-credo,Teatro e spettacolo,"20090, Italy",45.407,9.1083,14
,31-03-23,2023-03-30,"Via Valtellina, Milano, MI",Alcatraz,Festa Rock di slanciamoci raccolta fondi per la Sla,https://www.milanotoday.it/eventi/festa-rock-di-slanciamoci-raccolta-fondi-2023.html,Non classificato,"Via Valtellina, Farini, Municipio 9, Milano, Lombardia, 20159, Italia",45.4907327,9.1812435,10
,30-04-23,2023-03-30,"Via San Vittore, 12, Milano, MI",Dental Center MultiMedica,Nuova apertura: ad aprile scopri il Centro Odontoiatrico dell’Ospedale San Giuseppe,https://www.milanotoday.it/eventi/dental-center-milano.html,Non classificato,"Pronto Soccorso Ospedale S. Giuseppe, 12, Via San Vittore, Magenta - San Vittore, Municipio 1, Milano, Lombardia, 20123, Italia",45.4629888,9.1718099,0
Spettacoli,31-03-23,2023-03-31,"Via Filodrammatici 2,20121, Milano, MI,Italia",Teatro Alla Scala,Les contes d'Hoffmann,https://www.teatro.it/spettacoli/milano/teatro-alla-scala/2022-2023/les-contes-dhoffmann,Teatro e spettacolo,"2, Via Filodrammatici, Brera, Milano, Lombardia, 20121, Italia",45.4676198,9.1884287,4
,02-04-23,2023-03-31,"Via Giacomo Watt, 32, Milano, MI",Factory32,"""La bestia"" - spettacolo teatrale",https://www.milanotoday.it/eventi/la-bestia-spettacolo-teatrale.html,Non classificato,"32, Via Giacomo Watt, San Cristoforo, Municipio 6, Milano, Lombardia, 20143, Italia",45.4436684,9.1508319,0
,05-04-23,2023-03-31,"Via Sant'Antonio, 5, Milano, MI",chiesa di sant'antonio abate,A musical offering - concerti di musica sacra in sant'antonio abate,https://www.milanotoday.it/eventi/a-musical-offering-concerti-di-musica-2023.html,Non classificato,"5, Via Sant'Antonio, Duomo, Municipio 1, Milano, Lombardia, 20122, Italia",45.4614519,9.1934697,4
Concerti,31-03-23,2023-03-31,"Via Franchi Maggi, 118, Milano, MI",Giambella Proud Live,Where the wild live grows - serata nick cave,https://www.milanotoday.it/eventi/where-the-wild-live-grows-serata-nick-cave.html,Musica e vita notturna,"Circolo Svolta, 118, Via Franchi Maggi, Quinto de' Stampi, Rozzano, Milano, Lombardia, 20089, Italia",45.3940202,9.1633876,14
Teatri,31-03-23,2023-03-31,"Viale dell'Innovazione, 20, Milano, MI",TAM TEATRO ARCIMBOLDI,Paolo Jannacci  porta in scena  Jannacciami!,https://www.milanotoday.it/eventi/teatro/paolo-jannacci-porta-in-scena-jannacciami.html,Teatro e spettacolo,"20, Viale dell'Innovazione, Bicocca, Municipio 9, Milano, Lombardia, 20125, Italia",45.5148696,9.2135963,5
Spettacoli,31-03-23,2023-03-31,"Via San Giovanni sul muro 2,20121, Milano, MI,Italia",Dal Verme,Al Bano - E' la mia vita,https://www.teatro.it/spettacoli/milano/dal-verme/2022-2023/al-bano-e-la-mia-vita-tour-teatrale,Teatro e spettacolo,"2, Via San Giovanni sul Muro, Cerchia dei Navigli, Municipio 1, Milano, Lombardia, 20121, Italia",45.4671162,9.1814924,4
Manifestazioni,01-04-23,2023-04-01,"Piazzale dello Sport, Milano, MI",Ippodromo,"Apre gratis l'Ippodromo: festa, street food e corse",https://www.milanotoday.it/eventi/festa-ippodromo-1-aprile-2023.html,Altri eventi,"Piazzale dello Sport, San Siro, Municipio 7, Milano, Lombardia, 20148, Italia",45.4789681,9.130166,13
Spettacoli,01-04-23,2023-04-01,"Via Larga 14,20122, Milano, MI,Italia",Lirico Giorgio Gaber,Scomodo,https://www.teatro.it/spettacoli/milano/lirico-giorgio-gaber/2022-2023/angelo-pisani-scomodo,Teatro e spettacolo,"Teatro Lirico Giorgio Gaber, 14, Via Larga, Cerchia dei Navigli, Municipio 1, Milano, Lombardia, 20122, Italia",45.4615135,9.1918702,4
Spettacoli,01-04-23,2023-04-01,"Piazza Enzo Jannacci 1,20017, Rho, MI,Italia",Civico - Roberto de Silva,L'Heure Exquise,https://www.teatro.it/spettacoli/rho/teatro-civico-roberto-de-silva/2022-2023/lheure-exquise,Teatro e spettacolo,"Piazza Enzo Jannacci, San Pietro, Lucernate, Rho, Milano, Lombardia, 20017, Italia",45.5279748,9.0458872,8
,10-04-23,2023-04-01,"Via Nicola Antonio Porpora, 16, Milano, MI",ikonica Art Gallery,The whisper of soul -  mostra bipersonale di paola carosiello e laura lepore,https://www.milanotoday.it/eventi/the-whisper-of-soul-mostra-bipersonale-2023.html,Non classificato,"Hotel Paola, 16, Via Nicola Antonio Porpora, Buenos Aires - Venezia, Municipio 3, Milano, Lombardia, 20131, Italia",45.4859149,9.2196634,6
Spettacoli,02-04-23,2023-04-02,"Via Giordano Rota 1,20145, Milano, MI,Italia",Nazionale Italiana Assicurazioni,Vlad Dracula - il musical,https://www.teatro.it/spettacoli/milano/nazionale-chebanca/2022-2023/vlad-dracula-il-musical,Teatro e spettacolo,"20145, Italy",45.4643,9.1895,4
Spettacoli,02-04-23,2023-04-02,"via Pier Lombardo,14,20135, Milano, MI,Italia",Franco Parenti - Sala Grande,Fratellina,https://www.teatro.it/spettacoli/milano/franco-parenti-sala-grande/2022-2023/fratellina,Teatro e spettacolo,"Via Pier Lombardo, Porta Romana, Municipio 4, Milano, Lombardia, 20135, Italia",45.4542958,9.2063109,4
Spettacoli,02-04-23,2023-04-02,"Corso di Porta Romana 63,20122, Milano, MI,Italia",Carcano,Dio è morto e neanch'io mi sento tanto bene,https://www.teatro.it/spettacoli/milano/carcano/2022-2023/dio-e-morto-e-neanchio-mi-sento-tanto-bene,Teatro e spettacolo,"Teatro Carcano, 63, Corso di Porta Romana, Crocetta, Municipio 1, Milano, Lombardia, 20121, Italia",45.4566842,9.1955297,4
Spettacoli,02-04-23,2023-04-02,"Via Rovello 2,20121, Milano, MI,Italia",Piccolo Teatro - Teatro Grassi,Europeana,https://www.teatro.it/spettacoli/milano/piccolo-teatro-teatro-grassi/2022-2023/lino-guanciale-europeana-breve-storia-del-xx-secolo,Teatro e spettacolo,"2, Via Rovello, Brera, Milano, Lombardia, 20121, Italia",45.4665188,9.1847651,4
Spettacoli,02-04-23,2023-04-02,"via Filodrammatici,1,20121, Milano, MI,Italia",Filodrammatici,HeLa ovvero l'immortalità di Henrietta Lacks,https://www.teatro.it/spettacoli/milano/filodrammatici/2022-2023/hela-ovvero-limmortalita-di-henrietta-lacks,Teatro e spettacolo,"Teatro dei Filodrammatici, 1, Via Filodrammatici, Brera, Municipio 1, Milano, Lombardia, 20121, Italia",45.467261,9.188435,4
Spettacoli,02-04-23,2023-04-02,"Piazza S. Magno,20025, Legnano, MI,Italia",Galleria,I LEGNANESI - Liberi di sognare,https://www.teatro.it/spettacoli/legnano/galleria/2022-2023/liberi-di-sognare,Teatro e spettacolo,"Piazza San Magno, San Magno, Oltresempione, Legnano, Milano, Lombardia, 20025, Italia",45.5948853,8.9184024,1
Concerti,02-04-23,2023-04-02,"Largo Gustav Mahler, Milano, MI",Auditorium di Milano Fondazione Cariplo,"""I viaggi di Gulliver: i cavalli intelligenti"". Concerto per bambini",https://www.milanotoday.it/eventi/concerto-bambini-gulliver-auditorium.html,Musica e vita notturna,"Largo Gustav Mahler, Ticinese, Municipio 5, Milano, Lombardia, 20136, Italia",45.4463151,9.1792547,0
Manifestazioni,02-04-23,2023-04-02,"Via Fratelli Zoia, 194, Milano, MI",Cascina Linterno,La festa di primavera alla Cascina Linterno,https://www.milanotoday.it/eventi/festa-primavera-cascina-linterno-2023.html,Altri eventi,"Via Fratelli Zoia, Quarto Cagnino, Municipio 7, Milano, Lombardia, 20153, Italia",45.4751914,9.108401,13
Spettacoli,02-04-23,2023-04-02,"Via Larga 14,20122, Milano, MI,Italia",Lirico Giorgio Gaber,Ci vuole orecchio,https://www.teatro.it/spettacoli/milano/lirico-giorgio-gaber/2022-2023/elio-ci-vuole-orecchio,Teatro e spettacolo,"Teatro Lirico Giorgio Gaber, 14, Via Larga, Cerchia dei Navigli, Municipio 1, Milano, Lombardia, 20122, Italia",45.4615135,9.1918702,4
Spettacoli,02-04-23,2023-04-02,"Corso Buenos Aires 33,20124, Milano, MI,Italia",Elfo Puccini - sala Shakespeare,Riccardo III,https://www.teatro.it/spettacoli/milano/elfo-puccini-sala-shakespeare/2022-2023/riccardo-iii,Teatro e spettacolo,"Teatro Elfo Puccini, 33, Corso Buenos Aires, Buenos Aires - Venezia, Municipio 3, Milano, Lombardia, 20124, Italia",45.4794317,9.2098387,6
Sport,02-04-23,2023-04-02,"Corso Venezia, Milano, MI",,Milano Marathon 2023. Percorso e orari della super maratona in città,https://www.milanotoday.it/eventi/milano-marathon-2023.html,Sport e attività fisica,"Corso Venezia, Guastalla, Municipio 1, Milano, Lombardia, 20219, Italia",45.4744208,9.205056,6
Mostre,02-04-23,2023-04-02,"Via Pietrasanta, 16, Milano, MI",Magazzini Generali,Samantha fish & jesse dayton: domenica 2 aprile a milano data unica in italia,https://www.milanotoday.it/eventi/samantha-fish-jesse-dayton-domenica-2023.html,Arte e cultura,"16, Via Pietrasanta, Ex Om - Morivione, Municipio 5, Milano, Lombardia, 20141, Italia",45.4440954,9.1951652,4
Spettacoli,02-04-23,2023-04-02,"Via Ciro Menotti 11,20129, Milano, MI,Italia",Menotti,Mettici la mano,https://www.teatro.it/spettacoli/milano/menotti/2022-2023/mettici-la-mano,Teatro e spettacolo,"11, Via Ciro Menotti, Buenos Aires - Venezia, Municipio 3, Milano, Lombardia, 20129, Italia",45.4699888,9.2132156,6
Spettacoli,02-04-23,2023-04-02,"Via G. di Vittorio 6,20090, Assago, MI,Italia",Repower,Il Piccolo Principe,https://www.teatro.it/spettacoli/assago/repower/2022-2023/il-piccolo-principe,Teatro e spettacolo,"20090, Italy",45.407,9.1083,14
Spettacoli,02-04-23,2023-04-02,"Via Alessandro Manzoni 42,20121, Milano, MI,Italia",Manzoni,La dolce ala della giovinezza,https://www.teatro.it/spettacoli/milano/manzoni/2022-2023/la-dolce-ala-della-giovinezza,Teatro e spettacolo,"Teatro Manzoni, 42, Via Alessandro Manzoni, Cerchia dei Navigli, Municipio 1, Milano, Lombardia, 20121, Italia",45.4710286,9.1944762,4
Spettacoli,02-04-23,2023-04-02,"Corso Magenta 24,20123, Milano, MI,Italia",MTM - Litta,L'uomo dal fiore in bocca,https://www.teatro.it/spettacoli/milano/mtm-litta/2022-2023/luomo-dal-fiore-in-bocca,Teatro e spettacolo,"24, Corso Magenta, Cerchia dei Navigli, Municipio 1, Milano, Lombardia, 20123, Italia",45.4658664,9.1782835,4
Spettacoli,03-04-23,2023-04-03,"Via Alessandro Manzoni 42,20121, Milano, MI,Italia",Manzoni,Un alt(r)o Everest,https://www.teatro.it/spettacoli/milano/manzoni/2022-2023/un-altro-everest,Teatro e spettacolo,"Teatro Manzoni, 42, Via Alessandro Manzoni, Cerchia dei Navigli, Municipio 1, Milano, Lombardia, 20121, Italia",45.4710286,9.1944762,4
Concerti,06-04-23,2023-04-03,"Via Giuseppe di Vittorio, Milano, MI",Mediolanum Forum di Assago,Il concerto dei Maneskin a Milano (già sold out),https://www.milanotoday.it/eventi/concerto-maneskin-forum-assago.html,Musica e vita notturna,"Via Giuseppe Di Vittorio, Pontesesto, Rozzano, Milano, Lombardia, 20072, Italia",45.3848731,9.1854672,14
Spettacoli,04-04-23,2023-04-04,"Via Alessandro Manzoni 42,20121, Milano, MI,Italia",Manzoni,Vito - La felicità è un pacco,https://www.teatro.it/spettacoli/milano/manzoni/2022-2023/vito-la-felicita-e-un-pacco,Teatro e spettacolo,"Teatro Manzoni, 42, Via Alessandro Manzoni, Cerchia dei Navigli, Municipio 1, Milano, Lombardia, 20121, Italia",45.4710286,9.1944762,4
Mercatini,04-04-23,2023-04-04,"Piazza Sant'Eustorgio, Milano, MI",,"In Piazza Sant'Eustorgio il mercatino ""Il buono in tavola""",https://www.milanotoday.it/eventi/mercatino-piazza-sant-eustorgio.html,Mercati e shopping,"Piazza Sant'Eustorgio, Ticinese, Municipio 1, Milano, Lombardia, 20122, Italia",45.4536531,9.180762,0
evento solo on-line,31-12-23,2023-04-04,"Via Brera, 28, Milano, MI",Pinacoteca di Brera,"Un nuovo podcast dà voce alla Pinacoteca, a Milano e alla sua storia",,Eventi digitali,"Istituto Nazionale di Astrofisica – Osservatorio astronomico di Brera, 28, Via Brera, Cerchia dei Navigli, Municipio 1, Milano, Lombardia, 20121, Italia",45.4715946,9.1889707,4
Spettacoli,04-04-23,2023-04-04,"Viale dell'Innovazione 20,20126, Milano, MI,Italia",Arcimboldi,Salutava sempre,https://www.teatro.it/spettacoli/milano/degli-arcimboldi/2022-2023/alessandro-cattelan-salutava-sempre,Teatro e spettacolo,"20, Viale dell'Innovazione, Bicocca, Municipio 9, Milano, Lombardia, 20125, Italia",45.5148696,9.2135963,5
Spettacoli,04-04-23,2023-04-04,"Viale dell'Innovazione 20,20126, Milano, MI,Italia",Arcimboldi,Salutava sempre,https://www.teatro.it/spettacoli/milano/degli-arcimboldi/2022-2023/alessandro-cattelan-salutava-sempre,Teatro e spettacolo,"20, Viale dell'Innovazione, Bicocca, Municipio 9, Milano, Lombardia, 20125, Italia",45.5148696,9.2135963,5
Concerti,05-04-23,2023-04-05,"Piazza del Duomo, Milano, MI",Duomo,In Duomo il grande concerto di Pasqua sulle note di Bach,https://www.milanotoday.it/eventi/concerto-pasqua-duomo-2023.html,Musica e vita notturna,"Piazza del Duomo, Duomo, Municipio 1, Milano, Lombardia, Italia",45.4639102,9.1906398,4
Spettacoli,05-04-23,2023-04-05,"via Pitteri 58,20134, Milano, MI,Italia",Martinitt,Noi siamo voi - Votatevi!,https://www.teatro.it/spettacoli/milano/martinitt/2022-2023/noi-siamo-voi-votatevi,Teatro e spettacolo,"Via Riccardo Pitteri, Lambrate, Municipio 3, Milano, Lombardia, 20134, Italia",45.4798362,9.2457864,6
Spettacoli,05-04-23,2023-04-05,"Via Giordano Rota 1,20145, Milano, MI,Italia",Nazionale Italiana Assicurazioni,Canto Libero - Omaggio alle canzoni di Battisti e Mogol,https://www.teatro.it/spettacoli/milano/nazionale-chebanca/2022-2023/canto-libero-omaggio-alle-canzoni-di-battisti-e-mogol,Teatro e spettacolo,"20145, Italy",45.4643,9.1895,4
Spettacoli,05-04-23,2023-04-05,"Piazza S. Magno,20025, Legnano, MI,Italia",Galleria,ONLY FUN - Comico Show,https://www.teatro.it/spettacoli/legnano/galleria/2022-2023/only-fun-comico-show,Teatro e spettacolo,"Piazza San Magno, San Magno, Oltresempione, Legnano, Milano, Lombardia, 20025, Italia",45.5948853,8.9184024,1
Spettacoli,06-04-23,2023-04-06,"Via G. di Vittorio 6,20090, Assago, MI,Italia",Unipol Forum,MANESKIN,https://www.teatro.it/spettacoli/assago/mediolanum-forum/2022-2023/maneskin,Teatro e spettacolo,"20090, Italy",45.407,9.1083,14
Spettacoli,06-04-23,2023-04-06,"via Pier Lombardo,14,20135, Milano, MI,Italia",Franco Parenti - Sala Grande,Risate di gioia,https://www.teatro.it/spettacoli/milano/franco-parenti-sala-grande/2022-2023/risate-di-gioia,Teatro e spettacolo,"Via Pier Lombardo, Porta Romana, Municipio 4, Milano, Lombardia, 20135, Italia",45.4542958,9.2063109,4
Spettacoli,06-04-23,2023-04-06,"Largo Antonio Greppi,20121, Milano, MI,Italia",Piccolo Teatro - Teatro Strehler,Romeo e Giulietta,https://www.teatro.it/spettacoli/milano/piccolo-teatro-teatro-strehler/2022-2023/romeo-e-giulietta,Teatro e spettacolo,"Largo Antonio Greppi, Cerchia dei Navigli, Municipio 1, Milano, Lombardia, 20121, Italia",45.4718502,9.1827114,4
Mostre,30-07-23,2023-04-06,"Via Chiese, 2, Milano, MI",Pirelli Hangar Bicocca,Le luci di Janssens in mostra al Pirelli HangarBicocca,https://www.milanotoday.it/eventi/mostre/hangar-bicocca-janssens.html,Arte e cultura,"Iuta Bistrot, 2, Via Chiese, Bicocca, Municipio 9, Milano, Lombardia, 20126, Italia",45.5209859,9.21927,5
Mostre,30-07-23,2023-04-06,"Via Chiese, 2, Milano, MI",Pirelli Hangar Bicocca,La nuova mostra che indaga il potere della luce,https://www.milanotoday.it/eventi/mostra-ann-veronica-janssens-hangar-bicocca.html,Arte e cultura,"Iuta Bistrot, 2, Via Chiese, Bicocca, Municipio 9, Milano, Lombardia, 20126, Italia",45.5209859,9.21927,5
,12-05-23,2023-04-06,"Via Milazzo, 6, Milano, MI",Arte in Salotto,Flying houses,https://www.milanotoday.it/eventi/flying-houses-laurent-chehere-2023.html,Non classificato,"6, Via Milazzo, Brera, Municipio 1, Milano, Lombardia, 20121, Italia",45.4791251,9.1876651,10
Mostre,30-07-23,2023-04-06,"Via Chiese, 2, Milano, MI",Pirelli HangarBicocca,Oltre i confini del visibile: l'esperienza sensoriale di Ann Veronica Janssens,https://www.milanotoday.it/speciale/esperienza-sensoriale-ann-veronica-janssens-Hangar-Bicocca.html,Arte e cultura,"Iuta Bistrot, 2, Via Chiese, Bicocca, Municipio 9, Milano, Lombardia, 20126, Italia",45.5209859,9.21927,5
Manifestazioni,11-04-23,2023-04-06,"Via San Vittore, Milano, MI",Museo Nazionale della Scienza e della Tecnologia,Una Pasqua speciale al Museo della Scienza,https://www.milanotoday.it/eventi/programma-pasqua-museo-scienza.html,Altri eventi,"Via San Vittore, Magenta - San Vittore, Municipio 1, Milano, Lombardia, 20144, Italia",45.4644719,9.1666084,0
Spettacoli,07-04-23,2023-04-07,"Viale dell'Innovazione 20,20126, Milano, MI,Italia",Arcimboldi,Fabrizio Moro - Live 2023 Racconti Unplugged,https://www.teatro.it/spettacoli/milano/degli-arcimboldi/2022-2023/fabrizio-moro-live-2023-racconti-unplugged,Teatro e spettacolo,"20, Viale dell'Innovazione, Bicocca, Municipio 9, Milano, Lombardia, 20125, Italia",45.5148696,9.2135963,5
Concerti,07-04-23,2023-04-07,"Viale Enrico Fermi, 98, Milano, MI",Legend Club,"Jack Broadbent data unica in italia per il maestro della chitarra slide venerdì 7 aprile, legend club, milano",https://www.milanotoday.it/eventi/jack-broadbent-data-unica-in-italia-2023.html,Musica e vita notturna,"Legend Club, 98, Viale Enrico Fermi, Parco Nord, Municipio 9, Milano, Lombardia, 20161, Italia",45.5161589,9.1794377,10
,08-04-23,2023-04-07,"Via Bovisasca, 57, Milano, MI",Spirit de Milan,Una Pasqua in musica allo Spirit de Milan,https://www.milanotoday.it/eventi/concerti-pasqua-spirit-de-milan.html,Non classificato,"Via Bovisasca, Bovisa, Municipio 9, Milano, Lombardia, 20158, Italia",45.5031504,9.161215,10
Mostre,04-06-23,2023-04-08,"Via Privata Giovanni Ventura, 15, Milano, MI",Spazio Ventura XV,"A Milano la mostra ""da brividi"" sui serial killer, con scene del crimine e ""pezzi"" originali",https://www.milanotoday.it/eventi/mostra-serial-killer.html,Arte e cultura,"Via Giovanni Ventura, Lambrate, Municipio 3, Milano, Lombardia, 20134, Italia",45.4840607,9.2431286,6
,07-05-23,2023-04-08,"Piazza Castello, Milano, MI",,La mega ruota panoramica in piazza: è la più alta mai montata a Milano,https://www.milanotoday.it/eventi/ruota-panoramica-abbiategrasso.html,Non classificato,"Piazza Castello, Cerchia dei Navigli, Municipio 1, Milano, Lombardia, Italia",45.4704699,9.1819129,4
Incontri,08-04-23,2023-04-08,"Corso Magenta, 15, Milano, MI",Civico Museo Archeologico,Viaggio nella Pasqua dell'antichità al Civico Museo Archeologico,https://www.milanotoday.it/eventi/visita-guidata-pasqua-museo-archeologico.html,Formazione e networking,"Civico museo archeologico di Milano, 15, Corso Magenta, Cerchia dei Navigli, Municipio 1, Milano, Lombardia, 20123, Italia",45.465621,9.1787191,4
Mostra,09-04-23,2023-04-09,"piazza Santa Maria delle Grazie, 2, Milano, MI",Cenacolo Vinciano,"Museo del Cenacolo Vinciano, Milano: apertura festività pasquali",,Arte e cultura,"Museo del Cenacolo Vinciano, 2, Piazza Santa Maria delle Grazie, Magenta - San Vittore, Municipio 1, Milano, Lombardia, 20123, Italia",45.4662047,9.170655,0
Apertura festiva,09-04-23,2023-04-09,"via Brera, 28, Milano, MI",Pinacoteca di Brera,PASQUA con Arte a Brera,,Inaugurazioni,"Istituto Nazionale di Astrofisica – Osservatorio astronomico di Brera, 28, Via Brera, Cerchia dei Navigli, Municipio 1, Milano, Lombardia, 20121, Italia",45.4715946,9.1889707,4
Apertura festiva,10-04-23,2023-04-10,"via Brera, 28, Milano, MI",Pinacoteca di Brera,PASQUETTA Prima Passa a Brera,,Inaugurazioni,"Istituto Nazionale di Astrofisica – Osservatorio astronomico di Brera, 28, Via Brera, Cerchia dei Navigli, Municipio 1, Milano, Lombardia, 20121, Italia",45.4715946,9.1889707,4
Teatri,23-04-23,2023-04-11,"Via Rivoli, 6, Milano, MI",Piccolo Teatro Studio Melato,"""Pupo di zucchero"", il nuovo spettacolo di Emma Dante",https://www.milanotoday.it/eventi/spettacolo-pupo-di-zucchero-piccolo-teatro-melato.html,Teatro e spettacolo,"6, Via Rivoli, Brera, Municipio 1, Milano, Lombardia, 20121, Italia",45.4726093,9.182881,4
Concerti,15-04-23,2023-04-11,"Via Giuseppe di Vittorio, Milano, MI",Mediolanum Forum di Assago,Renato Zero in concerto a Milano. Orari e biglietti,https://www.milanotoday.it/eventi/concerto-renato-zero-forum-assago.html,Musica e vita notturna,"Via Giuseppe Di Vittorio, Pontesesto, Rozzano, Milano, Lombardia, 20072, Italia",45.3848731,9.1854672,14
Spettacoli,11-04-23,2023-04-11,"Via Giordano Rota 1,20145, Milano, MI,Italia",Nazionale Italiana Assicurazioni,Patty Pravo - Minaccia Bionda Tour,https://www.teatro.it/spettacoli/milano/nazionale-chebanca/2022-2023/patty-pravo-minaccia-bionda-tour,Teatro e spettacolo,"20145, Italy",45.4643,9.1895,4
,30-04-23,2023-04-11,"Via Alessandro Manzoni, 56, Milano, MI","Dental Center Humanitas, IRCCS Istituto Clinico Humanitas",Aprile: un appuntamento con la prevenzione. In Humanitas Rozzano visite dentistiche per adulti e bambini,https://www.milanotoday.it/eventi/Humanitas-Rozzano-visite-dentistiche.html,Non classificato,"56, Via Alessandro Manzoni, Paullo, Milano, Lombardia, 20067, Italia",45.4180966,9.4000575,12
Spettacoli,12-04-23,2023-04-12,"Via G. di Vittorio 6,20090, Assago, MI,Italia",Repower,The Beatbox,https://www.teatro.it/spettacoli/assago/repower/2022-2023/the-beatbox,Teatro e spettacolo,"20090, Italy",45.407,9.1083,14
Spettacoli,12-04-23,2023-04-12,"v. Matteotti 30,20064, Gorgonzola, MI,Italia",Sala Argentia,Il Pedone,https://www.teatro.it/spettacoli/gorgonzola/sala-argentia/2022-2023/giacobazzi-il-pedone,Teatro e spettacolo,"Sala Argentia, 30, Via Giacomo Matteotti, Gorgonzola, Milano, Lombardia, 20064, Italia",45.5327792,9.4032916,12
,12-04-23,2023-04-12,"Piazza del Duomo, Milano, MI",Libreria Mondadori,"Fabrizio Gatti presenta il suo nuovo libro ""Nato sul confine""",https://www.milanotoday.it/eventi/fabrizio-gatti-nato-sul-confine.html,Non classificato,"Piazza del Duomo, Duomo, Municipio 1, Milano, Lombardia, Italia",45.4639102,9.1906398,4
Spettacoli,12-04-23,2023-04-12,"Via Larga 14,20122, Milano, MI,Italia",Lirico Giorgio Gaber,Un Sabato Italiano 40 Show,https://www.teatro.it/spettacoli/milano/lirico-giorgio-gaber/2022-2023/sergio-caputo-un-sabato-italiano-40-show,Teatro e spettacolo,"Teatro Lirico Giorgio Gaber, 14, Via Larga, Cerchia dei Navigli, Municipio 1, Milano, Lombardia, 20122, Italia",45.4615135,9.1918702,4
Spettacoli,12-04-23,2023-04-12,"Via G. di Vittorio 6,20090, Assago, MI,Italia",Repower,Magical Mistery Story,https://www.teatro.it/spettacoli/assago/repower/2022-2023/the-beatbox-magical-mistery-story,Teatro e spettacolo,"20090, Italy",45.407,9.1083,14
,13-04-23,2023-04-13,"Viale Repubblica Cisalpina, 2, Milano, MI",Arena Civica Gianni Brera,Trofeo leva mezzofondo,https://www.milanotoday.it/eventi/trofeo-leva-mezzofondo-2023.html,Non classificato,"Viale Repubblica Cisalpina, Parco Sempione, Municipio 1, Milano, Lombardia, 20154, Italia",45.4764032,9.1776513,10
Spettacoli,13-04-23,2023-04-13,"v. Mons. Pogliani 7/a,ang. via Grandi,20090, Cesano Boscone, MI,Italia",Cristallo,Mettici la mano,https://www.teatro.it/spettacoli/cesano-boscone/cristallo/2022-2023/mettici-la-mano,Teatro e spettacolo,"20090, Italy",45.407,9.1083,14
,13-04-23,2023-04-13,"Via Francesco Brambilla, 10, Milano, MI",Casa della Carità,Adami clarinet quartet: viaggio nel mondo del clarinetto,https://www.milanotoday.it/eventi/adami-clarinet-quartet-viaggio-nel-mondo-del-clarinetto.html,Non classificato,"10, Via Francesco Brambilla, Adriano, Municipio 2, Milano, Lombardia, 20128, Italia",45.5123223,9.2480898,5
Spettacoli,13-04-23,2023-04-13,"Viale dell'Innovazione 20,20126, Milano, MI,Italia",Arcimboldi,Tori Amos,https://www.teatro.it/spettacoli/milano/degli-arcimboldi/2022-2023/tori-amos,Teatro e spettacolo,"20, Viale dell'Innovazione, Bicocca, Municipio 9, Milano, Lombardia, 20125, Italia",45.5148696,9.2135963,5
Teatri,16-04-23,2023-04-13,"Corso di Porta Romana, 63, Milano, MI",Teatro Carcano,"""Il Dio bambino"" con Fabio Troiano al Carcano",https://www.milanotoday.it/eventi/spettacolo-fabio-troiano-teatro-carcano.html,Teatro e spettacolo,"Teatro Carcano, 63, Corso di Porta Romana, Crocetta, Municipio 1, Milano, Lombardia, 20121, Italia",45.4566842,9.1955297,4
Spettacoli,13-04-23,2023-04-13,"Via Larga 14,20122, Milano, MI,Italia",Lirico Giorgio Gaber,Gianpaolo Gambi - Volevo fare la Showgirl,https://www.teatro.it/spettacoli/milano/lirico-giorgio-gaber/2022-2023/gianpaolo-gambi-volevo-fare-la-showgirl,Teatro e spettacolo,"Teatro Lirico Giorgio Gaber, 14, Via Larga, Cerchia dei Navigli, Municipio 1, Milano, Lombardia, 20122, Italia",45.4615135,9.1918702,4
Mostre,10-06-23,2023-04-13,"Via Gerolamo Tiraboschi, 2, Milano, MI",c|e contemporary,Francesca Rossi - Art is the weapon,https://www.milanotoday.it/eventi/francesca-rossi-art-is-the-weapon.html,Arte e cultura,"2, Via Gerolamo Tiraboschi, Porta Romana, Municipio 4, Milano, Lombardia, 20135, Italia",45.4520144,9.2086223,4
,23-05-23,2023-04-13,"Via Edoardo Bonardi, 9, Milano, MI",Politecnico di Milano - Campus Leonardo,"Guido Crepax, architetto del fumetto. libere evasioni e rigorose scenografie di un meticoloso costruttore di sogni",https://www.milanotoday.it/eventi/guido-crepax-architetto-del-fumetto-2023.html,Non classificato,"9, Via Edoardo Bonardi, Città Studi, Municipio 3, Milano, Lombardia, 20131, Italia",45.4794448,9.2283841,6
Teatri,16-04-23,2023-04-13,"Via Ulisse Dini, 7, Milano, MI",SALONE PACTA dei Teatri,1939 - l'isola gay di Mussolini,https://www.milanotoday.it/eventi/1939-l-isola-gay-di-mussolini-2022.html,Teatro e spettacolo,"PACTA Salone, 7, Via Ulisse Dini, Stadera, Municipio 5, Milano, Lombardia, 20136, Italia",45.4290193,9.1798393,0
,15-04-23,2023-04-14,"Viale Cassala, 30, Milano, MI",Spazio C30,A Milano arriva la fiera dei vini sicliani,https://www.milanotoday.it/eventi/fiera-fini-siciliani-2023.html,Non classificato,"30, Viale Cassala, Navigli, Municipio 6, Milano, Lombardia, 20143, Italia",45.4443095,9.164352,0
,12-07-23,2023-04-14,"Via Giuseppe Eugenio Luraghi, 11, Milano, MI",Il Centro di Arese,Un' esperienza immersiva nel regno delle dolcezze,https://www.milanotoday.it/eventi/esperienza-nel-regno-delle-dolcezze.html,Non classificato,"Via Maestra, 11, Viale Giuseppe Eugenio Luraghi, Valera, Arese, Milano, Lombardia, 20044, Italia",45.5638918,9.0510987,8
Mostre,04-06-23,2023-04-14,"Via Privata Passo Pordoi, 7/3, Milano, MI",Hub/Art,V.i.t.r.i.o.l. by joaquin morodo,https://www.milanotoday.it/eventi/v-i-t-r-i-o-l-by-joaquin-morodo-joaquin-morodo.html,Arte e cultura,"Via Passo Pordoi, Scalo Romana, Municipio 5, Milano, Lombardia, 20139, Italia",45.4364043,9.2092881,4
Concerti,14-04-23,2023-04-14,"Via Pisanello, Milano, MI",Centro Culturale Rosetum,Xy quartet - rosetum jazz festival,https://www.milanotoday.it/eventi/xy-quartet-rosetum-jazz-festival-2023.html,Musica e vita notturna,"Via Pisanello, Bande Nere, Municipio 7, Milano, Lombardia, 20148, Italia",45.4672182,9.140416,13
Manifestazioni,16-04-23,2023-04-14,"Piazza Elsa Morante, Milano, MI",CityLife,"Fiori, terrazzi e giardini: a Milano arriva la nuova edizione di Flora et Decora",https://www.milanotoday.it/eventi/mercatino-fiori-flora-et-decora-2023.html,Altri eventi,"Piazza Elsa Morante, Tre Torri, Municipio 8 di Milano, Milano, Lombardia, 20149, Italia",45.4767068,9.1557594,10
Spettacoli,14-04-23,2023-04-14,"Via G. di Vittorio 6,20090, Assago, MI,Italia",Repower,ABBA DREAM,https://www.teatro.it/spettacoli/assago/repower/2022-2023/abba-dream-in-concerto,Teatro e spettacolo,"20090, Italy",45.407,9.1083,14
Mostre,28-07-23,2023-04-15,"Via San Vittore Al Teatro, 3, Milano, MI",Bank Space,"Project revelation by the prism. Ingresso gratuito, Milano",https://www.milanotoday.it/eventi/project-revelation-by-the-prism-2023.html,Arte e cultura,"Maui, 3, Via San Vittore al Teatro, Cerchia dei Navigli, Municipio 1, Milano, Lombardia, 20123, Italia",45.4651817,9.1821872,4
Mostre,28-07-23,2023-04-15,"Via San Vittore Al Teatro, 3, Milano, MI",Bank Space,"Project revelation by the prism. ingresso gratuito, milano",https://www.milanotoday.it/eventi/project-revelation-by-the-prism-ingresso-gratuito.html,Arte e cultura,"Maui, 3, Via San Vittore al Teatro, Cerchia dei Navigli, Municipio 1, Milano, Lombardia, 20123, Italia",45.4651817,9.1821872,4
Teatri,16-04-23,2023-04-15,"Piazza Piero Carnelli, Milano, MI",Teatro Delfino,Gina Francon - la portinaia di palazzo chigi,https://www.milanotoday.it/eventi/gina-francon-la-portinaia-di-palazzo-chigi.html,Teatro e spettacolo,"Piazza Don Piero Carnelli, Mecenate, Municipio 4, Milano, Lombardia, 20059, Italia",45.4584915,9.2436908,2
,15-04-23,2023-04-15,"Piazza della Repubblica, 20, Milano, MI",The Westin Palace Milan,Sabato 15 aprile - mamme e bimbi eco-runners per un giorno in stazione centrale si fa “urban plogging” con centrale district,https://www.milanotoday.it/eventi/sabato-15-aprile-mamme-e-bimbi-2023.html,Non classificato,"20, Piazza della Repubblica, Centrale, Municipio 2, Milano, Lombardia, 20124, Italia",45.4790175,9.1990724,4
Spettacoli,15-04-23,2023-04-15,"Via Lattanzio 58/A,20137, Milano, MI,Italia",deSidera Teatro Oscar,Straight,https://www.teatro.it/spettacoli/milano/oscar/2022-2023/straight,Teatro e spettacolo,"Teatro Oscar DeSidera, 58/A, Via Lattanzio, Umbria - Molise, Municipio 4, Milano, Lombardia, 20137, Italia",45.4523298,9.2167181,6
,27-04-23,2023-04-15,"Via Giuseppe Dall'Occo, 1, Milano, MI",Galleria Click Art,La figura e il paesaggio,https://www.milanotoday.it/eventi/la-figura-e-il-paesaggio-liliana-fumagalli-2023.html,Non classificato,"Via Giuseppe Dall'Occo, Cormano, Zona Omogenea Milano Nord, Milano, Lombardia, 20032, Italia",45.5444599,9.1691639,5
Spettacoli,15-04-23,2023-04-15,"Via Alessandro Manzoni 42,20121, Milano, MI,Italia",Manzoni,La Sirenetta,https://www.teatro.it/spettacoli/milano/manzoni/2022-2023/la-sirenetta,Teatro e spettacolo,"Teatro Manzoni, 42, Via Alessandro Manzoni, Cerchia dei Navigli, Municipio 1, Milano, Lombardia, 20121, Italia",45.4710286,9.1944762,4
Mostre,11-06-23,2023-04-15,"Via Pier Paolo Pasolini, 3, Milano, MI",Mare Food Hub cascina Merlata,Cascina merlata... l'abbiamo sognata! installazione tra sogni e cuscini,https://www.milanotoday.it/eventi/cascina-merlata-l-abbiamo-sognata-2023.html,Arte e cultura,"Cascina Merlata SPAZIO VIVO, 3, Via Pier Paolo Pasolini, Maggiore - Musocco, Cascina Merlata, Municipio 8 di Milano, Milano, Lombardia, 20151, Italia",45.5066453,9.1031746,13
Mostre,22-04-23,2023-04-15,"Via Giuseppe Mazzini, 9, Milano, MI","Villa Casati, sala R. Crippa","L'imperfezione nella perfezione. Mostra di pittura, scultura e fotografia dei giovani artisti gaffa e vannelli",https://www.milanotoday.it/eventi/l-imperfezione-nella-perfezione-mostra-di-pittura.html,Arte e cultura,"9, Via Giuseppe Mazzini, Cerchia dei Navigli, Municipio 1, Milano, Lombardia, 20121, Italia",45.4622753,9.1887546,4
Spettacoli,16-04-23,2023-04-16,"Largo Antonio Greppi,20121, Milano, MI,Italia",Piccolo Teatro - Teatro Strehler,Il gabbiano,https://www.teatro.it/spettacoli/milano/piccolo-teatro-teatro-strehler/2022-2023/il-gabbiano,Teatro e spettacolo,"Largo Antonio Greppi, Cerchia dei Navigli, Municipio 1, Milano, Lombardia, 20121, Italia",45.4718502,9.1827114,4
Spettacoli,16-04-23,2023-04-16,"Via Pier Lombardo 14,20135, Milano, MI,Italia",Franco Parenti - Sala Blu,La felicità di Emma,https://www.teatro.it/spettacoli/milano/franco-parenti-sala-acomea/2022-2023/la-felicita-di-emma,Teatro e spettacolo,"Via Pier Lombardo, Porta Romana, Municipio 4, Milano, Lombardia, 20135, Italia",45.4542958,9.2063109,4
,16-04-23,2023-04-16,"Via Savona, 101, Milano, MI",Libreria Gogol&Company,Milano dentro fuori - reading musicale,https://www.milanotoday.it/eventi/milano-dentro-fuori-reading-musicale.html,Non classificato,"101, Via Savona, Lorenteggio, Municipio 6, Milano, Lombardia, 20146, Italia",45.4496874,9.1506305,0
Spettacoli,16-04-23,2023-04-16,"Corso Venezia 2/A,20121, Milano, MI,Italia",San Babila,L'avaro,https://www.teatro.it/spettacoli/milano/san-babila/2022-2023/lavaro,Teatro e spettacolo,"2a, Corso Venezia, Duomo, Municipio 1, Milano, Lombardia, 20121, Italia",45.4670204,9.1981104,4
Spettacoli,16-04-23,2023-04-16,"Via Ciro Menotti 11,20129, Milano, MI,Italia",Menotti,Vertigine di Giulietta,https://www.teatro.it/spettacoli/milano/menotti/2022-2023/vertigine-di-giulietta,Teatro e spettacolo,"11, Via Ciro Menotti, Buenos Aires - Venezia, Municipio 3, Milano, Lombardia, 20129, Italia",45.4699888,9.2132156,6
Concerti,16-04-23,2023-04-16,"Via Ciro Menotti, 11, Milano, MI",Teatro Menotti,Il concerto del Quartetto Rilke al Teatro Menotti,https://www.milanotoday.it/eventi/concerto-quartetto-rilke-teatro-menotti.html,Musica e vita notturna,"11, Via Ciro Menotti, Buenos Aires - Venezia, Municipio 3, Milano, Lombardia, 20129, Italia",45.4699888,9.2132156,6
Spettacoli,16-04-23,2023-04-16,"Corso di Porta Romana 63,20122, Milano, MI,Italia",Carcano,Il Dio bambino,https://www.teatro.it/spettacoli/milano/carcano/2022-2023/il-dio-bambino,Teatro e spettacolo,"Teatro Carcano, 63, Corso di Porta Romana, Crocetta, Municipio 1, Milano, Lombardia, 20121, Italia",45.4566842,9.1955297,4
Spettacoli,16-04-23,2023-04-16,"Via G. di Vittorio 6,20090, Assago, MI,Italia",Repower,Il Gruffalò,https://www.teatro.it/spettacoli/assago/repower/2022-2023/il-gruffalo,Teatro e spettacolo,"20090, Italy",45.407,9.1083,14
Spettacoli,16-04-23,2023-04-16,"Viale dell'Innovazione 20,20126, Milano, MI,Italia",Arcimboldi,Les Ballets Trockadero De Monte Carlo,https://www.teatro.it/spettacoli/milano/degli-arcimboldi/2022-2023/les-ballets-trockadero-de-monte-carlo,Teatro e spettacolo,"20, Viale dell'Innovazione, Bicocca, Municipio 9, Milano, Lombardia, 20125, Italia",45.5148696,9.2135963,5
Spettacoli,16-04-23,2023-04-16,"Via Larga 14,20122, Milano, MI,Italia",Lirico Giorgio Gaber,La vie en rose...Bolèro,https://www.teatro.it/spettacoli/milano/lirico-giorgio-gaber/2022-2023/la-vie-en-rosebolero,Teatro e spettacolo,"Teatro Lirico Giorgio Gaber, 14, Via Larga, Cerchia dei Navigli, Municipio 1, Milano, Lombardia, 20122, Italia",45.4615135,9.1918702,4
Spettacoli,16-04-23,2023-04-16,"Piazza S. Magno,20025, Legnano, MI,Italia",Galleria,Miracolato,https://www.teatro.it/spettacoli/legnano/galleria/2022-2023/max-angioni-miracolato,Teatro e spettacolo,"Piazza San Magno, San Magno, Oltresempione, Legnano, Milano, Lombardia, 20025, Italia",45.5948853,8.9184024,1
,16-04-23,2023-04-16,"Via dell'Allodola, 5, Milano, MI","Teatro ""La Creta""","Musica e libertà, a cura di Adriano Bassi",https://www.milanotoday.it/eventi/musica-e-liberta-a-cura-di-adriano-bassi.html,Non classificato,"Via dell'Allodola, Lorenteggio, Municipio 6, Milano, Lombardia, 20147, Italia",45.454862,9.1195068,13
,23-04-23,2023-04-17,"Via Matteo Bandello, 14, Milano, MI",Rossana Orlandi Master Gallery,Dal 17 al 23 aprile: l’auto del futuro protagonista della Milano Design Week,https://www.milanotoday.it/eventi/salone-del-mobile/design-week-evento-lancio.html,Non classificato,"Rossella Orlandi, 14, Via Matteo Bandello, Magenta - San Vittore, Municipio 1, Milano, Lombardia, 20123, Italia",45.4637574,9.1671068,0
,17-04-23,2023-04-17,"Viale Coni Zugna, Milano, MI",Cinema Teatro Orfeo,"""Il respiro di Shlomo"", a Milano la proiezione gratuita del docufilm sull'Olocausto",https://www.milanotoday.it/eventi/proiezione-respiro-shlomo.html,Non classificato,"Viale Coni Zugna, Magenta - San Vittore, Municipio 1, Milano, Lombardia, 20144, Italia",45.4559736,9.1711773,0
Manifestazioni,23-04-23,2023-04-17,"Viale Molise, 62, Milano, MI",Ex Macello,"Alcova, il design contemporaneo negli spazi dell'ex Macello",https://www.milanotoday.it/eventi/alcova-fuorisalone-2023-ex-macello.html,Altri eventi,"Viale Molise, Ortomercato, Municipio 4, Milano, Lombardia, 20130, Italia",45.452308,9.2241311,6
Spettacoli,17-04-23,2023-04-17,"Viale dell'Innovazione 20,20126, Milano, MI,Italia",Arcimboldi,Rhapsody,https://www.teatro.it/spettacoli/milano/degli-arcimboldi/2022-2023/queenmania-rhapsody,Teatro e spettacolo,"20, Viale dell'Innovazione, Bicocca, Municipio 9, Milano, Lombardia, 20125, Italia",45.5148696,9.2135963,5
,23-04-23,2023-04-17,"Piazza del Cannone, Milano, MI",,"Fuorisalone 2023, design e glamping in Piazza del Cannone",https://www.milanotoday.it/eventi/salone-del-mobile/glamping-casa-aperto-design-week.html,Non classificato,"Piazza del Cannone, Parco Sempione, Municipio 1, Milano, Lombardia, Italia",45.4716693,9.1780647,4
Manifestazioni,23-04-23,2023-04-17,"Via Brera, 28, Milano, MI",Orto botanico di Brera,L'Orto Botanico si trasforma in una grande tavola da gioco per il Fuorisalone,https://www.milanotoday.it/eventi/evento-eni-energia-orto-botanico-brera-fuorisalone-2023.html,Altri eventi,"Istituto Nazionale di Astrofisica – Osservatorio astronomico di Brera, 28, Via Brera, Cerchia dei Navigli, Municipio 1, Milano, Lombardia, 20121, Italia",45.4715946,9.1889707,4
Manifestazioni,23-04-23,2023-04-17,"Via Giovanni Battista Sammartini, Milano, MI",Magazzini Raccordati,"Fuorisalone, svelate le mostre di Dropcity Convention",https://www.milanotoday.it/eventi/dropcity-fuorisalone-2023.html,Altri eventi,"Via Giovanni Battista Sammartini, Centrale, Municipio 2, Milano, Lombardia, 20124, Italia",45.4898407,9.2065527,6
Manifestazioni,23-04-23,2023-04-17,"Piazza Castello, Milano, MI",Cotto d’Este,"The Secret Garden, un luogo magico al Fuorisalone",https://www.milanotoday.it/eventi/the-secret-garden-fuorisalone-2023.html,Altri eventi,"Piazza Castello, Cerchia dei Navigli, Municipio 1, Milano, Lombardia, Italia",45.4704699,9.1819129,4
Incontri,23-04-23,2023-04-17,"Via Tortona, 14, Milano, MI",Tortona Design District,Tcl alla milano design week con elements - tcl green horizon,https://www.milanotoday.it/eventi/salone-del-mobile/tcl-alla-milano-design-week.html,Formazione e networking,"14, Via Tortona, Tortona, Municipio 6, Milano, Lombardia, 20144, Italia",45.4537733,9.1685956,0
Spettacoli,17-04-23,2023-04-17,"v. Matteotti 30,20064, Gorgonzola, MI,Italia",Sala Argentia,I LEGNANESI - Sogni,https://www.teatro.it/spettacoli/gorgonzola/sala-argentia/2022-2023/i-legnanesi-sogni,Teatro e spettacolo,"Sala Argentia, 30, Via Giacomo Matteotti, Gorgonzola, Milano, Lombardia, 20064, Italia",45.5327792,9.4032916,12
Concerti,18-04-23,2023-04-17,"Via Giuseppe di Vittorio, Milano, MI",Mediolanum Forum,Max Pezzali annuncia nuove date per il concerto di Milano,https://www.milanotoday.it/eventi/concerto-max-pezzali-forum-assago-2023.html,Musica e vita notturna,"Via Giuseppe Di Vittorio, Pontesesto, Rozzano, Milano, Lombardia, 20072, Italia",45.3848731,9.1854672,14
Mostre,23-04-23,2023-04-17,"Via Bergognone, 34, Milano, MI",Base Milano,"Design Week 2023, da Base la nuova edizione di ""We Will Design""",https://www.milanotoday.it/eventi/salone-del-mobile/design-week-2023-installazioni-base.html,Arte e cultura,"Wikimedia Italia, 34, Via Bergognone Da Fossano, Tortona, Municipio 6, Milano, Lombardia, 20144, Italia",45.4518657,9.1625146,0
Manifestazioni,23-04-23,2023-04-17,"Via Marco Minghetti, Milano, MI",Delvis Unlimited,"""Primitiva"", materiali sperimentali alla Design Week",https://www.milanotoday.it/eventi/salone-del-mobile/installazione-primitiva-brera-design-week-2023.html,Altri eventi,"Via Marco Minghetti, Cerchia dei Navigli, Municipio 1, Milano, Lombardia, 20123, Italia",45.468932,9.1780092,4
Concerti,17-04-23,2023-04-17,"Via Gaudenzio Fantoli, 9, Milano, MI",FABRIQUE,Franco Ricciardi il 17 aprile in concerto al Fabrique di Milano,https://www.milanotoday.it/eventi/franco-ricciardi-il-17-aprile-2023.html,Musica e vita notturna,"Fabrique, 9, Via Gaudenzio Fantoli, Mecenate, Municipio 4, Milano, Lombardia, 20138, Italia",45.4521243,9.2522773,2
,23-04-23,2023-04-17,"Via Tortona, 16, Milano, MI",Tortona Design District,"Gac group porta alla tortona design week 2023 la sua car culture umanità, credibilità e creatività per una nuova idea di automobile",https://www.milanotoday.it/eventi/salone-del-mobile/gac-group-porta-alla-tortona-design-week-2023.html,Non classificato,"Culcasi Arredamenti, 16, Via Tortona, Tortona, Municipio 6, Milano, Lombardia, 20144, Italia",45.4535222,9.1679431,0
,23-04-23,2023-04-18,"Via Festa del Perdono, 7, Milano, MI",Cortile d’Onore Università degli Studi di Milano,"A milano design week la performance “sit on the wor(l)d”, dedicata agli alberi e all’aria che respiriamo",https://www.milanotoday.it/eventi/salone-del-mobile/a-milano-design-week.html,Non classificato,"Biblioteca di Filosofia, 7, Via Festa del Perdono, Cerchia dei Navigli, Municipio 1, Milano, Lombardia, 20122, Italia",45.459324,9.1944629,4
Spettacoli,18-04-23,2023-04-18,"Via Varese,29,20024, Garbagnate Milanese, MI,Italia",Italia,Ballantini e Petrolini,https://www.teatro.it/spettacoli/garbagnate-milanese/italia/2022-2023/ballantini-e-petrolini,Teatro e spettacolo,"Via Varese, Quadrifoglio, Santa Maria Rossa, Garbagnate Milanese, Milano, Lombardia, 20024, Italia",45.5758278,9.0778952,8
Mostre,18-04-23,2023-04-18,"Viale Enrico Fermi, 98, Milano, MI",Legend Club,O.r.k. & lizzard: martedì 18 aprile a milano il supergruppo in compagnia del trio francese,https://www.milanotoday.it/eventi/o-r-k-lizzard-martedi-18-aprile-a-milano-il-2023.html,Arte e cultura,"Legend Club, 98, Viale Enrico Fermi, Parco Nord, Municipio 9, Milano, Lombardia, 20161, Italia",45.5161589,9.1794377,10
,18-04-23,2023-04-18,"Via Festa del Perdono, Milano, MI",Università Statale,"""Non ci ferma nessuno"": il tour motivazionale di Luca Abete arriva in Statale a Milano",https://www.milanotoday.it/eventi/luca-abete-statale-18-aprile.html,Non classificato,"Via Festa del Perdono, Cerchia dei Navigli, Municipio 1, Milano, Lombardia, 20122, Italia",45.4603426,9.1940887,4
Spettacoli,18-04-23,2023-04-18,"Corso Venezia 2/A,20121, Milano, MI,Italia",San Babila,Up & Down,https://www.teatro.it/spettacoli/milano/san-babila/2022-2023/up-down,Teatro e spettacolo,"2a, Corso Venezia, Duomo, Municipio 1, Milano, Lombardia, 20121, Italia",45.4670204,9.1981104,4
Mostre,21-04-23,2023-04-18,"Via Tagiura, 17, Milano, MI",Jungle Agency,La prima mostra personale di Francesco Poroli,https://www.milanotoday.it/eventi/salone-del-mobile/dal-18-al-21-aprile-a-milano-fuorisol.html,Arte e cultura,"17, Via Tagiura, Bande Nere, Municipio 6, Milano, Lombardia, 20146, Italia",45.4575175,9.1488779,0
,23-04-23,2023-04-18,"Via Gaudenzio Ferrari, 3, Milano, MI",Almach Art Gallery,"Less, light, local",https://www.milanotoday.it/eventi/less-light-local-weplus-a-cura-di-kaori-akiyama.html,Non classificato,"Latterie 1952, 3, Via Gaudenzio Ferrari, Ticinese, Municipio 1, Milano, Lombardia, 20123, Italia",45.455937,9.1753978,0
Disco&Feste,18-04-23,2023-04-18,"Via Gaetano de Castillia, 26, Milano, MI",Isola Design District,"Milano Design Week, la festa alla Biblioteca degli Alberi",https://www.milanotoday.it/eventi/festa-inaugurazione-design-week.html,Musica e vita notturna,"Ciclofficina Stecca - Associazione +bc, 26, Via Gaetano De Castillia, Isola, Municipio 9, Milano, Lombardia, 20124, Italia",45.4851127,9.1925868,10
Spettacoli,18-04-23,2023-04-18,"Viale dell'Innovazione 20,20126, Milano, MI,Italia",Arcimboldi,Niccolò Fabi - Meno per Meno tour,https://www.teatro.it/spettacoli/milano/degli-arcimboldi/2022-2023/niccolo-fabi-meno-per-meno-tour,Teatro e spettacolo,"20, Viale dell'Innovazione, Bicocca, Municipio 9, Milano, Lombardia, 20125, Italia",45.5148696,9.2135963,5
,23-04-23,2023-04-18,"Viale Gorizia, Milano, MI",Barcone di Milano,"Salone del Mobile, ""bright flow”: il progetto che valorizza la milano “acquatica”",https://www.milanotoday.it/eventi/salone-del-mobile/salone-del-mobile-bright-flow.html,Non classificato,"Viale Gorizia, Navigli, Municipio 6, Milano, Lombardia, 20123, Italia",45.4542523,9.1738196,0
Spettacoli,18-04-23,2023-04-18,"Via Gaudenzio Fantoli,9,20138, Milano, MI,20138, Milano, MI,Italia",Fabrique,Live25,https://www.teatro.it/spettacoli/milano/fabrique/2022-2023/coma-cose-tour-estate-2023,Teatro e spettacolo,"20138, Italy",45.4643,9.1895,4
Spettacoli,19-04-23,2023-04-19,"Viale dell'Innovazione 20,20126, Milano, MI,Italia",Arcimboldi,Jim Jefferies,https://www.teatro.it/spettacoli/milano/degli-arcimboldi/2022-2023/jim-jefferies,Teatro e spettacolo,"20, Viale dell'Innovazione, Bicocca, Municipio 9, Milano, Lombardia, 20125, Italia",45.5148696,9.2135963,5
Inaugurazioni,21-04-23,2023-04-19,"Piazzale Luigi Cadorna, 5, Milano, MI",Redazione Vogue Italia,The vogue closet,https://www.milanotoday.it/eventi/salone-del-mobile/the-vogue-closet-2023.html,Inaugurazioni,"Edizioni Condé Nast Italia, 5, Piazzale Luigi Cadorna, Cerchia dei Navigli, Municipio 1, Milano, Lombardia, 20123, Italia",45.4673684,9.1772281,4
Spettacoli,19-04-23,2023-04-19,"Via Giordano Rota 1,20145, Milano, MI,Italia",Nazionale Italiana Assicurazioni,Giovanni Cacioppo,https://www.teatro.it/spettacoli/milano/nazionale-chebanca/2022-2023/giovanni-cacioppo-che-rimanga-tra-noi,Teatro e spettacolo,"20145, Italy",45.4643,9.1895,4
Mostre,23-04-23,2023-04-19,"Via Quintino Sella, 4, Milano, MI",MAS Museo d'Arte e Scienza,F / a fakeauthentic lost / found @ mas museo d'arte e scienza,https://www.milanotoday.it/eventi/f-a-fakeauthentic-lost-found-mas-museo-d-arte.html,Arte e cultura,"Museo d'arte e scienza, 4, Via Quintino Sella, Cerchia dei Navigli, Municipio 1, Milano, Lombardia, 20121, Italia",45.47025,9.182454,4
Spettacoli,19-04-23,2023-04-19,"Via Boltraffio 21,20159, Milano, MI,Italia",Fontana,Zio Vanja,https://www.teatro.it/spettacoli/milano/fontana/2022-2023/zio-vanja,Teatro e spettacolo,"21, Via Gian Antonio Boltraffio, Isola, Municipio 9, Milano, Lombardia, 20159, Italia",45.4921952,9.1878419,10
Mostre,18-05-23,2023-04-20,"piazza berlinguer milano, Milano, MI",Studio Piùpiani,Mindscapes - Mostra di pittura astratta,https://www.milanotoday.it/eventi/mindscapes-mostra-di-pittura-astratta-2023.html,Arte e cultura,"Mi casa, Piazza Enrico Berlinguer, Lorenteggio, Municipio 6, Milano, Lombardia, 20146, Italia",45.4495717,9.1516323,0
Spettacoli,20-04-23,2023-04-20,"v. Mons. Pogliani 7/a,ang. via Grandi,20090, Cesano Boscone, MI,Italia",Cristallo,Il silenzio grande,https://www.teatro.it/spettacoli/cesano-boscone/cristallo/2022-2023/il-silenzio-grande,Teatro e spettacolo,"20090, Italy",45.407,9.1083,14
Spettacoli,20-04-23,2023-04-20,"Viale dell'Innovazione 20,20126, Milano, MI,Italia",Arcimboldi,Sono cambiato,https://www.teatro.it/spettacoli/milano/degli-arcimboldi/2022-2023/angelo-duro-sono-cambiato,Teatro e spettacolo,"20, Viale dell'Innovazione, Bicocca, Municipio 9, Milano, Lombardia, 20125, Italia",45.5148696,9.2135963,5
Spettacoli,21-04-23,2023-04-21,"Piazza S. Magno,20025, Legnano, MI,Italia",Galleria,Pasolini Caravaggio,https://www.teatro.it/spettacoli/legnano/galleria/2022-2023/vittorio-sgarbi-pasolini-caravaggio,Teatro e spettacolo,"Piazza San Magno, San Magno, Oltresempione, Legnano, Milano, Lombardia, 20025, Italia",45.5945288,8.9180098,1
Concerti,22-04-23,2023-04-21,"Via Giovanni Bellezza, 16a, Milano, MI",Arci Bellezza,"Blue virus live @arci bellezza, milano",https://www.milanotoday.it/eventi/blue-virus-live-arci-bellezza-milano-blue-virus-2023.html,Musica e vita notturna,"16a, Via Giovanni Bellezza, Vigentina, Municipio 5, Milano, Lombardia, 20136, Italia",45.4486728,9.1948474,4
Spettacoli,21-04-23,2023-04-21,"Via Filodrammatici 2,20121, Milano, MI,Italia",Teatro Alla Scala,Li zite 'ngalera,https://www.teatro.it/spettacoli/milano/teatro-alla-scala/2022-2023/li-zite-ngalera,Teatro e spettacolo,"2, Via Filodrammatici, Brera, Milano, Lombardia, 20121, Italia",45.4673781,9.188701,4
,22-04-23,2023-04-21,"Corso Venezia, 55, Milano, MI",Giardini Pubblici Indro Montanelli,"A Milano l’evento conclusivo del Progetto Scuole, con tanti appuntamenti dedicati a bambini e famiglie",https://www.milanotoday.it/eventi/studenti-progetto-educativo-clima-ambiente-roadshow.html,Non classificato,"Museo di Storia Naturale, 55, Corso Venezia, Guastalla, Municipio 1, Milano, Lombardia, 20121, Italia",45.472734,9.2024419,4
Spettacoli,21-04-23,2023-04-21,"Viale dell'Innovazione 20,20126, Milano, MI,Italia",Arcimboldi,I Soliti Idioti - Il ritorno,https://www.teatro.it/spettacoli/milano/degli-arcimboldi/2022-2023/i-soliti-idioti-il-ritorno,Teatro e spettacolo,"20, Viale dell'Innovazione, Bicocca, Municipio 9, Milano, Lombardia, 20125, Italia",45.5148696,9.2135963,5
Spettacoli,21-04-23,2023-04-21,"piazza Carlo Alberto dalla Chiesa 4,20020, Arese, MI,Italia",Cinema Teatro Arese,Fiori d'acciaio,https://www.teatro.it/spettacoli/arese/cinema-teatro-arese/2022-2023/fiori-dacciaio,Teatro e spettacolo,"Cinema Teatro Arese, 4, Piazza Generale Carlo Alberto Dalla Chiesa, Sant'Anna, Arese, Milano, Lombardia, 20044, Italia",45.549694,9.0777685,8
,21-04-23,2023-04-21,"Via Carlo Valvassori Peroni, 56, Milano, MI",Auditorium STEFANO CERRI,Concerto di primavera - orchestra contrarco -  21 aprile ore 21.00 - auditorium stefano cerri,https://www.milanotoday.it/eventi/concerto-di-primavera-orchestra-contrarco-21-aprile.html,Non classificato,"Biblioteca Lambrate, 56, Via Carlo Valvassori Peroni, Città Studi, Municipio 3, Milano, Lombardia, 20133, Italia",45.4796434,9.2376734,6
Mostre,04-10-23,2023-04-22,"Piazza del Duomo, Milano, MI",Palazzo Reale,Le installazioni emozionanti di Leandro Erlich in mostra a Milano,https://www.milanotoday.it/eventi/mostra-palazzo-reale-leandro-erlich.html,Arte e cultura,"Piazza del Duomo, Duomo, Municipio 1, Milano, Lombardia, Italia",45.4639102,9.1906398,4
Mercatini,25-04-23,2023-04-22,"Via Gozzadini, Milano, MI",,Fiori e Arte sul Naviglio a Gaggiano,https://www.milanotoday.it/eventi/mercatino-fiori-gaggiano.html,Mercati e shopping,"Via Gozzadini, San Siro, Municipio 7, Milano, Lombardia, 20148, Italia",45.4739229,9.1281145,13
Manifestazioni,01-05-23,2023-04-22,"Via San Vittore, 21, Milano, MI",Museo Nazionale della Scienza e della Tecnologia,Le attività del Museo della Scienza per i Ponti di primavera,https://www.milanotoday.it/eventi/attivita-museo-scienza-ponti-primavera.html,Altri eventi,"21, Via San Vittore, Magenta - San Vittore, Municipio 1, Milano, Lombardia, 20123, Italia",45.4628946,9.1706462,0
Mostre,04-05-23,2023-04-22,"Viale Abruzzi, 87, Milano, MI",Atelier Sinergie Milano,Architetture liquide,https://www.milanotoday.it/eventi/architetture-liquide-silvia-senna-2023.html,Arte e cultura,"Bike Now, 87, Viale Abruzzi, Buenos Aires - Venezia, Municipio 3, Milano, Lombardia, 20131, Italia",45.4842597,9.2166941,6
Spettacoli,22-04-23,2023-04-22,"Piazza S. Magno,20025, Legnano, MI,Italia",Galleria,NOMADI - Live Tour,https://www.teatro.it/spettacoli/legnano/galleria/2022-2023/nomadi-ma-che-film-la-vita,Teatro e spettacolo,"Piazza San Magno, San Magno, Oltresempione, Legnano, Milano, Lombardia, 20025, Italia",45.5945288,8.9180098,1
Spettacoli,23-04-23,2023-04-23,"Viale dell'Innovazione 20,20126, Milano, MI,Italia",Arcimboldi,Maxim Galkin,https://www.teatro.it/spettacoli/milano/degli-arcimboldi/2022-2023/maxim-galkin,Teatro e spettacolo,"20, Viale dell'Innovazione, Bicocca, Municipio 9, Milano, Lombardia, 20125, Italia",45.5148696,9.2135963,5
Spettacoli,23-04-23,2023-04-23,"Corso di Porta Romana 63,20122, Milano, MI,Italia",Carcano,La buona novella,https://www.teatro.it/spettacoli/milano/carcano/2022-2023/la-buona-novella,Teatro e spettacolo,"Teatro Carcano, 63, Corso di Porta Romana, Crocetta, Municipio 1, Milano, Lombardia, 20121, Italia",45.4566842,9.1955297,4
Spettacoli,23-04-23,2023-04-23,"Via Rivoli 6,20121, Milano, MI,Italia",Piccolo Teatro - Studio Melato,Pupo di zucchero. La festa dei morti,https://www.teatro.it/spettacoli/milano/piccolo-teatro-studio-melato/2022-2023/pupo-di-zucchero-la-festa-dei-morti,Teatro e spettacolo,"6, Via Rivoli, Brera, Municipio 1, Milano, Lombardia, 20121, Italia",45.4726093,9.182881,4
Manifestazioni,23-04-23,2023-04-23,"Via Fratelli Zoia, 194, Milano, MI",Parco delle Cave,La Festa della Liberazione alla Cascina Linterno,https://www.milanotoday.it/eventi/festa-liberazione-25-aprile-cascina-linterno.html,Altri eventi,"Via Fratelli Zoia, Quarto Cagnino, Municipio 7, Milano, Lombardia, 20153, Italia",45.4720145,9.1089432,13
Mostre,19-05-23,2023-04-23,"Via dell'Unione, 6, Milano, MI",Galleria L’Affiche,La sera seduti in veranda a guardare il paesaggio. Opere di laura federici,https://www.milanotoday.it/eventi/la-sera-seduti-in-veranda-a-guardare.html,Arte e cultura,"6, Via dell'Unione, Cerchia dei Navigli, Municipio 1, Milano, Lombardia, 20122, Italia",45.4622504,9.1872195,4
Spettacoli,23-04-23,2023-04-23,"Corso Buenos Aires 33,20124, Milano, MI,Italia",Elfo Puccini - sala Shakespeare,Miracoli metropolitani - Carrozzeria Orfeo,https://www.teatro.it/spettacoli/milano/elfo-puccini-sala-shakespeare/2022-2023/miracoli-metropolitani,Teatro e spettacolo,"Teatro Elfo Puccini, 33, Corso Buenos Aires, Buenos Aires - Venezia, Municipio 3, Milano, Lombardia, 20124, Italia",45.4794317,9.2098387,6
Spettacoli,23-04-23,2023-04-23,"Via G. di Vittorio 6,20090, Assago, MI,Italia",Repower,Noches de Buenos Aires,https://www.teatro.it/spettacoli/assago/repower/2022-2023/noches-de-buenos-aires,Teatro e spettacolo,"20090, Italy",45.407,9.1083,14
Spettacoli,23-04-23,2023-04-23,"Via Alessandro Manzoni 42,20121, Milano, MI,Italia",Manzoni,Tre uomini e una culla,https://www.teatro.it/spettacoli/milano/manzoni/2022-2023/tre-uomini-e-una-culla,Teatro e spettacolo,"Teatro Manzoni, 42, Via Alessandro Manzoni, Cerchia dei Navigli, Municipio 1, Milano, Lombardia, 20121, Italia",45.4710286,9.1944762,4
,23-04-23,2023-04-23,"Via Giuseppe Gabetti, 15, Milano, MI",cascina Torrette - Mare culturale urbano,"Fluxus - tra le onde della musica - quartetto bottelli, corradi, morcone, pedrazzini",https://www.milanotoday.it/eventi/fluxus-tra-le-onde-della-musica-quartetto-bottelli.html,Non classificato,"Cascina Torrette di Trenno, 15, Via Giuseppe Gabetti, Quartiere Vercellese, Forze Armate, Municipio 7, Milano, Lombardia, 20147, Italia",45.4687457,9.1240256,13
Concerti,23-04-23,2023-04-23,"Via Fabio Massimo, 19, Milano, MI",C.I.Q.centro intern.di quartiere,Tributo f.de andre',https://www.milanotoday.it/eventi/tributo-f-de-andre-figli-di-un-temporale.html,Musica e vita notturna,"19, Via Fabio Massimo, Lodi - Corvetto, Municipio 4, Milano, Lombardia, 20139, Italia",45.4349742,9.2277681,2
Spettacoli,23-04-23,2023-04-23,"via Pier Lombardo,14,20135, Milano, MI,Italia",Franco Parenti - Sala Grande,"L’uomo che oscurò il re Sole - 
Vita di Molière",https://www.teatro.it/spettacoli/milano/franco-parenti-sala-grande/2022-2023/luomo-che-oscuro-il-re-sole-vita-di-moliere,Teatro e spettacolo,"Via Pier Lombardo, Porta Romana, Municipio 4, Milano, Lombardia, 20135, Italia",45.4542958,9.2063109,4
Spettacoli,23-04-23,2023-04-23,"via Pitteri 58,20134, Milano, MI,Italia",Martinitt,Il sequestro,https://www.teatro.it/spettacoli/milano/martinitt/2022-2023/il-sequestro,Teatro e spettacolo,"Via Riccardo Pitteri, Lambrate, Municipio 3, Milano, Lombardia, 20134, Italia",45.4798362,9.2457864,6
Teatri,23-04-23,2023-04-23,"Viale dell'Innovazione, 20, Milano, MI",Teatro Arcimboldi Milano,Il comico russo anti-Putin Maxim Galkin per la prima volta in Italia: sarà all'Arcimboldi,https://www.milanotoday.it/eventi/maxim-galkin-arcimboldi-2023.html,Teatro e spettacolo,"20, Viale dell'Innovazione, Bicocca, Municipio 9, Milano, Lombardia, 20125, Italia",45.5148696,9.2135963,5
Mostra,25-05-23,2023-04-24,"piazza Santa Maria delle Grazie, 2, Milano, MI",Cenacolo Vinciano,"MUSEO DEL CENACOLO VINCIANO, MILANO",,Arte e cultura,"Museo del Cenacolo Vinciano, 2, Piazza Santa Maria delle Grazie, Magenta - San Vittore, Municipio 1, Milano, Lombardia, 20123, Italia",45.4662047,9.170655,0
Spettacoli,24-04-23,2023-04-24,"Via San Giovanni sul muro 2,20121, Milano, MI,Italia",Dal Verme,JOE SATRIANI - Earth Tour,https://www.teatro.it/spettacoli/milano/dal-verme/2022-2023/joe-satriani-earth-tour,Teatro e spettacolo,"2, Via San Giovanni sul Muro, Cerchia dei Navigli, Municipio 1, Milano, Lombardia, 20121, Italia",45.4671162,9.1814924,4
Apertura festiva,25-04-23,2023-04-25,"via Brera, 28, Milano, MI",Pinacoteca di Brera,25 aprile: Re(si)stiamo APERTI,,Inaugurazioni,"Pinacoteca di Brera, 28, Via Brera, Cerchia dei Navigli, Municipio 1, Milano, Lombardia, 20121, Italia",45.4722421,9.1884071,4
Incontri,25-04-23,2023-04-25,"Via Lampugnano, 95, Milano, MI",Ippodromo La Maura,All'Ippodromo Snai La Maura battesimo sulla sella sui pony,https://www.milanotoday.it/eventi/snai-ippodromo-la-maura-25-aprile.html,Formazione e networking,"Via Lampugnano, Gallaratese, Quartiere Gallaratese, Municipio 8 di Milano, Milano, Lombardia, 20151, Italia",45.4898671,9.1146311,13
,26-04-23,2023-04-26,"Via Cicco Simonetta, 14a, Milano, MI",Germi,Andrea Chimenti a germi - luogo di contaminazione,https://www.milanotoday.it/eventi/andrea-chimenti-a-germi-luogo-di-contaminazione.html,Non classificato,"14a, Via Cicco Simonetta, Ticinese, Municipio 1, Milano, Lombardia, 20123, Italia",45.4563299,9.1755968,0
Spettacoli,26-04-23,2023-04-26,"Corso Buenos Aires,33,20124, Milano, MI,Italia",Teatro Elfo Puccini - sala Fassbinder,Anatomia comparata,https://www.teatro.it/spettacoli/milano/teatro-elfo-puccini-sala-fassbinder/2022-2023/anatomia-comparata-regia-nicola-russo,Teatro e spettacolo,"Teatro Elfo Puccini, 33, Corso Buenos Aires, Buenos Aires - Venezia, Municipio 3, Milano, Lombardia, 20124, Italia",45.4794317,9.2098387,6
Mostre,07-05-23,2023-04-27,"Via Pietro Borsieri, 12, Milano, MI",key Gallery,All black mostra fotografica di francesco allegretti curata da giacomo Nicolella Maschietti,https://www.milanotoday.it/eventi/all-black-mostra-fotografica-di-francesco-allegretti.html,Arte e cultura,"Bar Guadagni, 12, Via Pietro Borsieri, Isola, Municipio 9, Milano, Lombardia, 20159, Italia",45.4867002,9.1887446,10
Mostre,07-05-23,2023-04-27,"Ripa di Porta Ticinese, 61, Milano, MI",Arcadia Art Gallery,Donna - mostra personale di isabella pistillo,https://www.milanotoday.it/eventi/donna-mostra-personale-di-isabella-pistillo.html,Arte e cultura,"61, Ripa di Porta Ticinese, Navigli, Municipio 6, Milano, Lombardia, 20143, Italia",45.4508348,9.1710412,0
Mostre,20-05-23,2023-04-27,"Via Solferino, 44, Milano, MI",Antonio Colombo Arte Contemporanea,Paolo Brillo - stolen moments. bob dylan and other music icons,https://www.milanotoday.it/eventi/paolo-brillo-stolen-moments-bob-dylan.html,Arte e cultura,"44, Via Solferino, Brera, Municipio 1, Milano, Lombardia, 20121, Italia",45.4786644,9.1884688,10
,04-05-23,2023-04-27,"Via Andrea Maria Ampère, 27, Milano, MI",Spazio Arte Tolomeo,The power of art - International Exhibition,https://www.milanotoday.it/eventi/the-power-of-art-international-exhibition.html,Non classificato,"27, Via Andrea Maria Ampère, Città Studi, Municipio 3, Milano, Lombardia, 20131, Italia",45.4816019,9.2263908,6
Spettacoli,27-04-23,2023-04-27,"via Valtellina 25,20157, Milano, MI,Italia",Alcatraz,MEZZOSANGUE - Sete Tour 2023,https://www.teatro.it/spettacoli/milano/alcatraz/2022-2023/mezzosangue-sete-tour-2023,Teatro e spettacolo,"Alcatraz, 25, Via Valtellina, Isola, Municipio 9, Milano, Lombardia, 20159, Italia",45.494744,9.1823768,10
Mostre,27-05-23,2023-04-27,"Via San Maurilio, 14, Milano, MI",Gilda Contemporary Art,Synthèse visuelle - Monica gorini,https://www.milanotoday.it/eventi/synthese-visuelle-monica-gorini-monica-gorini.html,Arte e cultura,"14, Via San Maurilio, Cerchia dei Navigli, Municipio 1, Milano, Lombardia, 20123, Italia",45.4622752,9.1839049,4
Teatri,30-04-23,2023-04-27,"Largo Greppi, 1, Milano, MI",Piccolo Teatro Strehler,"""Earthbound"", ovvero le storie delle Camille",https://www.milanotoday.it/eventi/earthbound-storie-camille-piccolo-teatro.html,Teatro e spettacolo,"Largo Antonio Greppi, Cerchia dei Navigli, Municipio 1, Milano, Lombardia, 20121, Italia",45.471727,9.1826196,4
,07-05-23,2023-04-27,"Ripa di Porta Ticinese, 61, Milano, MI",Arcadia Art Gallery,Segni del tempo - mostra personale di simona della bella,https://www.milanotoday.it/eventi/segni-del-tempo-mostra-personale-di-simona-della.html,Non classificato,"61, Ripa di Porta Ticinese, Navigli, Municipio 6, Milano, Lombardia, 20143, Italia",45.4508348,9.1710412,0
Concerti,27-04-23,2023-04-27,"Via Giuseppe di Vittorio, Milano, MI",Mediolanum Forum,La nuova data del concerto di Max Pezzali a Milano,https://www.milanotoday.it/eventi/concerto-max-pezzali-mediolanum-forum-assago-2023.html,Musica e vita notturna,"Via Giuseppe Di Vittorio, Cascine Olona, Vighignolo, Settimo Milanese, Milano, Lombardia, 20019, Italia",45.4876868,9.0566303,3
Spettacoli,28-04-23,2023-04-28,"Via Boltraffio 21,20159, Milano, MI,Italia",Fontana,Animali domestici,https://www.teatro.it/spettacoli/milano/fontana/2022-2023/animali-domestici,Teatro e spettacolo,"21, Via Gian Antonio Boltraffio, Isola, Municipio 9, Milano, Lombardia, 20159, Italia",45.4921952,9.1878419,10
,30-04-23,2023-04-28,"Piazza Città di Lombardia, Milano, MI",,"Torna la Fiera del Gin a Milano: ecco ""Gin & Sound"" in Piazza Città di Lombardia",https://www.milanotoday.it/eventi/fiera-del-gin-aprile-milano.html,Non classificato,"Piazza Città di Lombardia, GARIBALDI REPUBBLICA, Municipio 9, Milano, Lombardia, 20124, Italia",45.4867209,9.1960553,10
Spettacoli,28-04-23,2023-04-28,"Via Pier Lombardo 14,20135, Milano, MI,Italia",Franco Parenti - Sala Blu,Mio figlio era come un padre per me,https://www.teatro.it/spettacoli/milano/franco-parenti-sala-acomea/2022-2023/mio-figlio-era-come-un-padre-per-me,Teatro e spettacolo,"Via Pier Lombardo, Porta Romana, Municipio 4, Milano, Lombardia, 20135, Italia",45.4542958,9.2063109,4
Spettacoli,28-04-23,2023-04-28,"Piazza S. Magno,20025, Legnano, MI,Italia",Galleria,Tel chi Filippo,https://www.teatro.it/spettacoli/legnano/galleria/2022-2023/filippo-caccamo-tel-chi-filippo,Teatro e spettacolo,"Piazza San Magno, San Magno, Oltresempione, Legnano, Milano, Lombardia, 20025, Italia",45.5945288,8.9180098,1
Spettacoli,28-04-23,2023-04-28,"Corso Venezia 2/A,20121, Milano, MI,Italia",San Babila,Insopportabilmente donna - Tess Masazza,https://www.teatro.it/spettacoli/milano/san-babila/2022-2023/insopportabilmente-donna-tess-masazza,Teatro e spettacolo,"2a, Corso Venezia, Duomo, Municipio 1, Milano, Lombardia, 20121, Italia",45.4670204,9.1981104,4
Concerti,28-04-23,2023-04-28,"Via Marziale, 11, Milano, MI",Taverna Visconti,Matteo Prefumo in concerto alla taverna visconti,https://www.milanotoday.it/eventi/matteo-prefumo-in-concerto-alla-taverna-visconti-2023.html,Musica e vita notturna,"Taverna Visconti, 11, Via Marziale, Duomo, Municipio 1, Milano, Lombardia, 20122, Italia",45.4642813,9.1993329,4
Spettacoli,29-04-23,2023-04-29,"Corso di Porta Romana 63,20122, Milano, MI,Italia",Carcano,La leggenda di Belle e la Bestia - Il musical,https://www.teatro.it/spettacoli/milano/carcano/2022-2023/la-leggenda-di-belle-e-la-bestia-il-musical,Teatro e spettacolo,"Teatro Carcano, 63, Corso di Porta Romana, Crocetta, Municipio 1, Milano, Lombardia, 20121, Italia",45.4566842,9.1955297,4
Incontro/presentazione,29-04-23,2023-04-29,"via Brera, 28, Milano, MI",Pinacoteca di Brera - Biblioteca Nazionale Braidense di Milano,"Generazione Dad. Scuole, politica e psicoanalisi",,Formazione e networking,"Pinacoteca di Brera, 28, Via Brera, Cerchia dei Navigli, Municipio 1, Milano, Lombardia, 20121, Italia",45.4722421,9.1884071,4
Manifestazioni,29-04-23,2023-04-29,"Corso Magenta, Milano, MI",Palazzo delle Stelline,Il festival del gioco da tavolo per combattere la solitudine,https://www.milanotoday.it/eventi/festival-gioco-da-tavolo-2023.html,Altri eventi,"Corso Magenta, Magenta - San Vittore, Municipio 1, Milano, Lombardia, 20123, Italia",45.4656863,9.1693109,0
Spettacoli,29-04-23,2023-04-29,"Piazza S. Magno,20025, Legnano, MI,Italia",Galleria,Alla scoperta di Morricone,https://www.teatro.it/spettacoli/legnano/galleria/2022-2023/alla-scoperta-di-morricone,Teatro e spettacolo,"Piazza San Magno, San Magno, Oltresempione, Legnano, Milano, Lombardia, 20025, Italia",45.5945288,8.9180098,1
Spettacoli,29-04-23,2023-04-29,"Via G. di Vittorio 6,20090, Assago, MI,Italia",Repower,STARS a Pop Rock Celebration,https://www.teatro.it/spettacoli/assago/repower/2022-2023/stars-a-pop-rock-celebration,Teatro e spettacolo,"20090, Italy",45.407,9.1083,14
Mostre,11-05-23,2023-04-29,"Via Giuseppe Dall'Occo, 1, Milano, MI",Galleria Click Art,Pensiero-gesto-astrazione,https://www.milanotoday.it/eventi/pensiero-gesto-astrazione.html,Arte e cultura,"Via Giuseppe Dall'Occo, Cormano, Zona Omogenea Milano Nord, Milano, Lombardia, 20032, Italia",45.5444599,9.1691639,5
Incontri,29-04-23,2023-04-29,"Piazzale dello Sport, Milano, MI",Ippodromo di San Siro,All'Ippodromo sabato dedicato a famiglie e bambini,https://www.milanotoday.it/eventi/all-ippodromo-sabato-dedicato-a-famiglie-e-bambini.html,Formazione e networking,"Piazzale dello Sport, San Siro, Municipio 7, Milano, Lombardia, 20148, Italia",45.4804825,9.1291269,13
Spettacoli,30-04-23,2023-04-30,"Via Rivoli 6,20121, Milano, MI,Italia",Piccolo Teatro - Studio Melato,Edipo. Una fiaba di magia,https://www.teatro.it/spettacoli/milano/piccolo-teatro-studio-melato/2022-2023/edipo-una-fiaba-di-magia,Teatro e spettacolo,"6, Via Rivoli, Brera, Municipio 1, Milano, Lombardia, 20121, Italia",45.4726093,9.182881,4
Spettacoli,30-04-23,2023-04-30,"Via G. di Vittorio 6,20090, Assago, MI,Italia",Repower,Il Principe Ranocchio,https://www.teatro.it/spettacoli/assago/repower/2022-2023/il-principe-ranocchio,Teatro e spettacolo,"20090, Italy",45.407,9.1083,14
Spettacoli,30-04-23,2023-04-30,"Corso Buenos Aires 33,20124, Milano, MI,Italia",Elfo Puccini - sala Shakespeare,Thanks for Vaselina - Carrozzeria Orfeo,https://www.teatro.it/spettacoli/milano/elfo-puccini-sala-shakespeare/2022-2023/thanks-for-vaselina,Teatro e spettacolo,"Teatro Elfo Puccini, 33, Corso Buenos Aires, Buenos Aires - Venezia, Municipio 3, Milano, Lombardia, 20124, Italia",45.4794317,9.2098387,6
Spettacoli,30-04-23,2023-04-30,"Largo Antonio Greppi,20121, Milano, MI,Italia",Piccolo Teatro - Teatro Strehler,Earthbound ovvero le storie delle Camille,https://www.teatro.it/spettacoli/milano/piccolo-teatro-teatro-strehler/2022-2023/earthbound-ovvero-le-storie-delle-camille,Teatro e spettacolo,"Largo Antonio Greppi, Cerchia dei Navigli, Municipio 1, Milano, Lombardia, 20121, Italia",45.471727,9.1826196,4
,30-04-23,2023-04-30,"Via Riccardo Pitteri, 8, Milano, MI",SpazioPitteri8,"World pinhole photography day a spazio pitteri 8, milano",https://www.milanotoday.it/eventi/world-pinhole-photography-day-2023.html,Non classificato,"Via Riccardo Pitteri, Lambrate, Municipio 3, Milano, Lombardia, 21771, Italia",45.4736333,9.2486288,6
Spettacoli,30-04-23,2023-04-30,"Via Giordano Rota 1,20145, Milano, MI,Italia",Nazionale Italiana Assicurazioni,Sette Spose per Sette Fratelli,https://www.teatro.it/spettacoli/milano/nazionale-chebanca/2022-2023/sette-spose-per-sette-fratelli,Teatro e spettacolo,"20145, Italy",45.4643,9.1895,4
Spettacoli,30-04-23,2023-04-30,"Viale dell'Innovazione 20,20126, Milano, MI,Italia",Arcimboldi,SHEN YUN,https://www.teatro.it/spettacoli/milano/degli-arcimboldi/2022-2023/shen-yun,Teatro e spettacolo,"20, Viale dell'Innovazione, Bicocca, Municipio 9, Milano, Lombardia, 20125, Italia",45.5148696,9.2135963,5
Spettacoli,01-05-23,2023-05-01,"Via G. di Vittorio 6,20090, Assago, MI,Italia",Unipol Forum,Max Pezzali - Max 30 nei palasport,https://www.teatro.it/spettacoli/assago/mediolanum-forum/2022-2023/max-pezzali-max-30-nei-palasport,Teatro e spettacolo,"20090, Italy",45.407,9.1083,14
Hobby,01-05-23,2023-05-01,"Via Giacomo Matteotti, Milano, MI",Villa Junker,La mostra dei Lego (gratis),https://www.milanotoday.it/eventi/mostra-lego-gratis-2023.html,Altri eventi,"Via Giacomo Matteotti, San Magno, Oltresempione, Legnano, Milano, Lombardia, 20025, Italia",45.5954251,8.9205804,1
Incontri,16-05-23,2023-05-02,"Via Ferdinando Giorgi, 15, Milano, MI",Spazio Mitades,"Aperipa', il primo aperitivo dei papà",https://www.milanotoday.it/eventi/aperitivo-papa-spazio-mitades.html,Formazione e networking,"15, Via Ferdinando Giorgi, Trenno, Municipio 8 di Milano, Milano, Lombardia, 20151, Italia",45.4903942,9.1027183,13
,28-05-23,2023-05-03,"Via San Fermo, 19, Milano, MI",Spazio HUS,In mostra a Milano l'arte di donatella sommariva,https://www.milanotoday.it/eventi/in-mostra-a-milano-l-arte-di-donatella-sommariva.html,Non classificato,"Via San Fermo, Baggio, Municipio 7, Villaggio Cavour, Settimo Milanese, Milano, Lombardia, 20019, Italia",45.4630575,9.0747604,3
Spettacoli,03-05-23,2023-05-03,"Via Gaudenzio Fantoli,9,20138, Milano, MI,20138, Milano, MI,Italia",Fabrique,Supereroi Tour,https://www.teatro.it/spettacoli/milano/fabrique/2022-2023/mr-rain-supereroi-tour,Teatro e spettacolo,"20138, Italy",45.4643,9.1895,4
,07-05-23,2023-05-03,"Via Giuseppe Sirtori, 26, Milano, MI",,A Milano un’esperienza artistica per ricordare il valore del tocco per gli esseri umani,https://www.milanotoday.it/eventi/museo-contatto-umano-milano.html,Non classificato,"Via Giuseppe Sirtori, Buenos Aires - Venezia, Municipio 3, Milano, Lombardia, 20219, Italia",45.4730121,9.2081377,6
Teatri,07-05-23,2023-05-03,"Via Giorgio Vasari, Milano, MI",Teatro Franco Parenti,"""L'Attimo Fuggente"" a teatro è un inno alla vita",https://www.milanotoday.it/eventi/spettacolo-attimo-fuggente-franco-parenti.html,Teatro e spettacolo,"Via Giorgio Vasari, Porta Romana, Municipio 4, Milano, Lombardia, 20135, Italia",45.4542475,9.2073471,4
Spettacoli,03-05-23,2023-05-03,"Viale dell'Innovazione 20,20126, Milano, MI,Italia",Arcimboldi,DIANA KRALL in concerto,https://www.teatro.it/spettacoli/milano/degli-arcimboldi/2022-2023/diana-krall-in-concerto,Teatro e spettacolo,"20, Viale dell'Innovazione, Bicocca, Municipio 9, Milano, Lombardia, 20125, Italia",45.5148696,9.2135963,5
,03-05-23,2023-05-03,"Viale Repubblica Cisalpina, 2, Milano, MI",Arena Civica Gianni Brera,"""Il ragazzo e la ragazza più veloci di Milano""",https://www.milanotoday.it/eventi/il-ragazzo-e-la-ragazza-piu-veloci-di-milano-2023.html,Non classificato,"Viale Repubblica Cisalpina, Parco Sempione, Municipio 1, Milano, Lombardia, 20154, Italia",45.4764032,9.1776513,10
Mostre,03-05-23,2023-05-03,"Via Alfonso Capecelatro, 22, Milano, MI",Artemisia5pittrici,L'estetica del vero,https://www.milanotoday.it/eventi/l-estetica-del-vero-artemisia-francesca-bruni.html,Arte e cultura,"Via Alfonso Capecelatro, Selinunte, Municipio 7, Milano, Lombardia, 20148, Italia",45.4693807,9.1321446,13
Mostra,08-07-23,2023-05-04,"via Brera, 28, Milano, MI",Pinacoteca di Brera - Biblioteca Nazionale Braidense di Milano,Manzoni 1873-2023  LA PESTE “ORRIBILE FLAGELLO” TRA VIVERE E SCRIVERE,,Arte e cultura,"Pinacoteca di Brera, 28, Via Brera, Cerchia dei Navigli, Municipio 1, Milano, Lombardia, 20121, Italia",45.4722421,9.1884071,4
Spettacoli,04-05-23,2023-05-04,"Piazza S. Magno,20025, Legnano, MI,Italia",Galleria,Il Pedone,https://www.teatro.it/spettacoli/legnano/galleria/2022-2023/giacobazzi-il-pedone,Teatro e spettacolo,"Piazza San Magno, San Magno, Oltresempione, Legnano, Milano, Lombardia, 20025, Italia",45.5945288,8.9180098,1
Incontri,18-05-23,2023-05-04,"Via Walter Tobagi, 13, Milano, MI",ART MARGINEM CONCEPT ROOM,Profezie: falcerete veli tristi,https://www.milanotoday.it/eventi/profezie-falcerete-veli-tristi.html,Formazione e networking,"13, Via Walter Tobagi, Foramagno, Mezzate, Peschiera Borromeo, Milano, Lombardia, 20068, Italia",45.4303283,9.2864245,2
,19-05-23,2023-05-04,"Via Maloia, Milano, MI",spazioSERRA,Chm13htert,https://www.milanotoday.it/eventi/chm13htert-agnes-questionmark.html,Non classificato,"Via Maloia, Farini, Municipio 9, Milano, Lombardia, 20158, Italia",45.4946286,9.1768212,10
,05-05-23,2023-05-05,"Via San Pietro All'Orto, 9, Milano, MI",Cineteca Arlecchino,"""Pastrone!"": l'incredibile vita del regista del cinema muto torna in sala alla cineteca arlecchino",https://www.milanotoday.it/eventi/cinema/pastrone-l-incredibile-vita-del-regista-del-cinema.html,Non classificato,"9, Via San Pietro all'Orto, Duomo, Municipio 1, Milano, Lombardia, 20122, Italia",45.4664611,9.1953139,4
Spettacoli,05-05-23,2023-05-05,"Via Filodrammatici 2,20121, Milano, MI,Italia",Teatro Alla Scala,Lucia di Lammermoor,https://www.teatro.it/spettacoli/milano/teatro-alla-scala/2022-2023/lucia-di-lammermoor,Teatro e spettacolo,"2, Via Filodrammatici, Brera, Milano, Lombardia, 20121, Italia",45.4673781,9.188701,4
,05-05-23,2023-05-05,"Via Carlo Valvassori Peroni, 56, Milano, MI",Biblioteca Civica Valvassori Peroni,"Open day ausilioteca ans ""il servizio tomamso compie vent'anni!""",https://www.milanotoday.it/eventi/open-day-ausilioteca-ans-il-servizio-tomamso.html,Non classificato,"Biblioteca Lambrate, 56, Via Carlo Valvassori Peroni, Città Studi, Municipio 3, Milano, Lombardia, 20133, Italia",45.4796434,9.2376734,6
Concerti,05-05-23,2023-05-05,"Via San Vittore, 21, Milano, MI",Museo Nazionale Scienza e Tecnologia,Uno speciale concerto di musica robotica al Museo della Scienza,https://www.milanotoday.it/eventi/concerto-musica-robot-museo-scienza.html,Musica e vita notturna,"21, Via San Vittore, Magenta - San Vittore, Municipio 1, Milano, Lombardia, 20123, Italia",45.4628946,9.1706462,0
Spettacoli,05-05-23,2023-05-05,"Viale dell'Innovazione 20,20126, Milano, MI,Italia",Arcimboldi,Fran Lebowitz,https://www.teatro.it/spettacoli/milano/degli-arcimboldi/2022-2023/fran-lebowitz,Teatro e spettacolo,"20, Viale dell'Innovazione, Bicocca, Municipio 9, Milano, Lombardia, 20125, Italia",45.5148696,9.2135963,5
Spettacoli,05-05-23,2023-05-05,"via Pier Lombardo,14,20135, Milano, MI,Italia",Franco Parenti - Sala Grande,Fiabafobia,https://www.teatro.it/spettacoli/milano/franco-parenti-sala-grande/2022-2023/arianna-porcelli-safonov-fiabafobia,Teatro e spettacolo,"Via Pier Lombardo, Porta Romana, Municipio 4, Milano, Lombardia, 20135, Italia",45.4542958,9.2063109,4
,19-05-23,2023-05-06,"Viale Abruzzi, 87, Milano, MI",Atelier Sinergie Milano,Maurizio Brambilla - Labirinti e composizioni dell’anima,https://www.milanotoday.it/eventi/maurizio-brambilla-labirinti-2023.html,Non classificato,"Bike Now, 87, Viale Abruzzi, Buenos Aires - Venezia, Municipio 3, Milano, Lombardia, 20131, Italia",45.4842597,9.2166941,6
,28-05-23,2023-05-06,"Via Rocca Brivio, 1, Milano, MI",Rocca Brivio,"L‘acqua e le sue storie - usi e cultura dell'acqua nella vita rurale del basso milanese attraverso gli oggetti, i documenti e le illustrazioni di luisa carminati",https://www.milanotoday.it/eventi/l-acqua-e-le-sue-storie-usi-e-cultura.html,Non classificato,"Via Rocca Brivio, Cascina Rampina, San Giuliano Milanese, Milano, Lombardia, 20077, Italia",45.3686777,9.3153886,11
Concerti,06-05-23,2023-05-06,"Via Giuseppe di Vittorio, Milano, MI",Mediolanum Forum,La nuova data del concerto di Biagio Antonacci a Milano,https://www.milanotoday.it/eventi/concertobiagio-antonacci-forum-assago.html,Musica e vita notturna,"Via Giuseppe Di Vittorio, Cascine Olona, Vighignolo, Settimo Milanese, Milano, Lombardia, 20019, Italia",45.4876868,9.0566303,3
Spettacoli,06-05-23,2023-05-06,"Corso di Porta Romana 63,20122, Milano, MI,Italia",Carcano,Noche de baile y danza,https://www.teatro.it/spettacoli/milano/carcano/2022-2023/noche-de-baile-y-danza,Teatro e spettacolo,"Teatro Carcano, 63, Corso di Porta Romana, Crocetta, Municipio 1, Milano, Lombardia, 20121, Italia",45.4566842,9.1955297,4
Inaugurazioni,21-05-23,2023-05-06,"Via Torino, 55, Milano, MI",Tognana,"Porcellane, home decor e pentole: a Milano un’eccellenza italiana inaugura un nuovo punto vendita",https://www.milanotoday.it/speciale/inaugurazione-nuovo-store-tognana-via-torino.html,Inaugurazioni,"Iliad, 55, Via Torino, Cerchia dei Navigli, Municipio 1, Milano, Lombardia, 20123, Italia",45.4606936,9.1838165,4
Sport,07-05-23,2023-05-06,"Piazza Tre Torri, Milano, MI",CityLife,"""Basket For Kids"", a CityLife lo sport incontra la beneficenza",https://www.milanotoday.it/eventi/partita-basket-beneficenza-citylife.html,Sport e attività fisica,"Piazza Tre Torri, Tre Torri, Municipio 8 di Milano, Milano, Lombardia, 20149, Italia",45.4783108,9.1570584,10
Spettacoli,06-05-23,2023-05-06,"Via G. di Vittorio 6,20090, Assago, MI,Italia",Unipol Forum,BIAGIO ANTONACCI - Palco centrale Tour,https://www.teatro.it/spettacoli/assago/mediolanum-forum/2022-2023/biagio-antonacci-palco-centrale-tour,Teatro e spettacolo,"20090, Italy",45.407,9.1083,14
Disco&Feste,06-05-23,2023-05-06,"Viale Toscana, 31, Milano, MI",Santeria Toscana 31,L'ultima serata di Le Cannibale in Santeria,https://www.milanotoday.it/eventi/festa-musica-elettronica-le-cannibale-santeria.html,Musica e vita notturna,"31, Viale Toscana, Morivione, Municipio 5, Milano, Lombardia, 20136, Italia",45.4457106,9.1886185,4
,06-05-23,2023-05-06,"Via Morandi, 10, Milano, MI",Musicolepsia,Three seconds to stop dal vivo,https://www.milanotoday.it/eventi/three-seconds-to-stop-dal-vivo-2023.html,Non classificato,"10, Via Rodolfo Morandi, Certosa di San Donato, San Donato Milanese, Milano, Lombardia, 20097, Italia",45.4105826,9.2715653,2
Concerti,06-05-23,2023-05-06,"Via Giuseppe di Vittorio, Milano, MI",Mediolanum Forum di Assago,Biagio Antonacci in concerto a Milano. Orari e biglietti,https://www.milanotoday.it/eventi/concerto-biagio-antonacci-forum-assago.html,Musica e vita notturna,"Via Giuseppe Di Vittorio, Cascine Olona, Vighignolo, Settimo Milanese, Milano, Lombardia, 20019, Italia",45.4876868,9.0566303,3
Spettacoli,07-05-23,2023-05-07,"via Pier Lombardo,14,20135, Milano, MI,Italia",Franco Parenti - Sala Grande,L'attimo fuggente,https://www.teatro.it/spettacoli/milano/franco-parenti-sala-grande/2022-2023/lattimo-fuggente-luca-bastianello,Teatro e spettacolo,"Via Pier Lombardo, Porta Romana, Municipio 4, Milano, Lombardia, 20135, Italia",45.4542958,9.2063109,4
Spettacoli,07-05-23,2023-05-07,"Via Giordano Rota 1,20145, Milano, MI,Italia",Nazionale Italiana Assicurazioni,HAPPY DAYS - Il Musical,https://www.teatro.it/spettacoli/milano/nazionale-chebanca/2022-2023/happy-days-il-musical,Teatro e spettacolo,"20145, Italy",45.4643,9.1895,4
,07-05-23,2023-05-07,"Piazzale Ferdinando Martini, Milano, MI",BIBLIOTECA CALVAIRATE,Calva plant swap - biblioteca edition,https://www.milanotoday.it/eventi/calva-plant-swap-biblioteca-edition-2023.html,Non classificato,"Piazzale Ferdinando Martini, Umbria - Molise, Municipio 4, Milano, Lombardia, 20137, Italia",45.4565981,9.2218429,6
Spettacoli,07-05-23,2023-05-07,"Corso Buenos Aires,33,20124, Milano, MI,Italia",Teatro Elfo Puccini - sala Fassbinder,Il gioco del panino,https://www.teatro.it/spettacoli/milano/teatro-elfo-puccini-sala-fassbinder/2022-2023/il-gioco-del-panino,Teatro e spettacolo,"Teatro Elfo Puccini, 33, Corso Buenos Aires, Buenos Aires - Venezia, Municipio 3, Milano, Lombardia, 20124, Italia",45.4794317,9.2098387,6
Spettacoli,07-05-23,2023-05-07,"Via Larga 14,20122, Milano, MI,Italia",Lirico Giorgio Gaber,Pretty Woman - il Musical,https://www.teatro.it/spettacoli/milano/lirico-giorgio-gaber/2022-2023/pretty-woman-il-musical,Teatro e spettacolo,"Teatro Lirico Giorgio Gaber, 14, Via Larga, Cerchia dei Navigli, Municipio 1, Milano, Lombardia, 20122, Italia",45.4615135,9.1918702,4
Spettacoli,07-05-23,2023-05-07,"Via G. di Vittorio 6,20090, Assago, MI,Italia",Repower,Mortina,https://www.teatro.it/spettacoli/assago/repower/2022-2023/mortina,Teatro e spettacolo,"20090, Italy",45.407,9.1083,14
Spettacoli,08-05-23,2023-05-08,"Via Alessandro Manzoni 42,20121, Milano, MI,Italia",Manzoni,Il Giorno Perfetto,https://www.teatro.it/spettacoli/milano/manzoni/2022-2023/il-giorno-perfetto,Teatro e spettacolo,"Teatro Manzoni, 42, Via Alessandro Manzoni, Cerchia dei Navigli, Municipio 1, Milano, Lombardia, 20121, Italia",45.4710286,9.1944762,4
Spettacoli,08-05-23,2023-05-08,"Via G. di Vittorio 6,20090, Assago, MI,Italia",Unipol Forum,TANANAI,https://www.teatro.it/spettacoli/assago/mediolanum-forum/2022-2023/tananai-live-2023,Teatro e spettacolo,"20090, Italy",45.407,9.1083,14
Mostre,08-05-23,2023-05-08,"Via Corsico, 9, Milano, MI",Libraccio,La più grande collezione di libri di Harry Potter in mostra da Libraccio,https://www.milanotoday.it/eventi/libraccio-harry-potter.html,Arte e cultura,"Il Libraccio, 9, Via Corsico, Navigli, Municipio 6, Milano, Lombardia, 20144, Italia",45.4517069,9.173657,0
,15-05-23,2023-05-09,"Alzaia Naviglio Pavese, 16, Milano, MI",Ex Fornace Gola,Il pittore Greg in mostra a milano per bambini cardiopatici nel mondo,https://www.milanotoday.it/eventi/il-pittore-greg-in-mostra-a-milano-2023.html,Non classificato,"16, Alzaia Naviglio Pavese, Navigli, Municipio 6, Milano, Lombardia, 20143, Italia",45.4500421,9.1774094,0
,24-05-23,2023-05-09,"Via Enrico Caviglia, 3, Milano, MI",Istituto Italiano di Fotografia,The game of photography,https://www.milanotoday.it/eventi/the-game-of-photography-davide-di-tria-2023.html,Non classificato,"3, Via Enrico Caviglia, Lodi - Corvetto, Municipio 4, Milano, Lombardia, 20139, Italia",45.4436084,9.2298198,2
,10-05-23,2023-05-09,"Via Bergognone, Milano, MI",Linfa Eat Different,Una cena responsabile e plant-based : linfa eat different con plant club,https://www.milanotoday.it/eventi/una-cena-responsabile-e-plant-based.html,Non classificato,"Via Bergognone da Fossano, Tortona, Municipio 6, Milano, Lombardia, 20144, Italia",45.4516585,9.1652314,0
Incontri,09-05-23,2023-05-09,"Via Bergognone, 34, Milano, MI",BASE Milano,Torna tedxmilano countdown il 9 maggio dalle 18:30 al base,https://www.milanotoday.it/eventi/torna-tedxmilano-countdown-il-9-maggio.html,Formazione e networking,"Wikimedia Italia, 34, Via Bergognone Da Fossano, Tortona, Municipio 6, Milano, Lombardia, 20144, Italia",45.4518657,9.1625146,0
Mostre,15-10-23,2023-05-09,"Piazza Sant'Eustorgio, 3, Milano, MI",Museo Diocesano,Più di 130 foto di Doisneau in mostra al Museo Diocesano,https://www.milanotoday.it/eventi/mostra-doisneau-museo-diocesano.html,Arte e cultura,"Museo Diocesano di Milano, 3, Piazza Sant'Eustorgio, Ticinese, Municipio 1, Milano, Lombardia, 20123, Italia",45.4546749,9.1810291,0
Spettacoli,09-05-23,2023-05-09,"Via Larga 14,20122, Milano, MI,Italia",Lirico Giorgio Gaber,Lo Chiamavano Scintilla,https://www.teatro.it/spettacoli/milano/lirico-giorgio-gaber/2022-2023/lo-chiamavano-scintilla,Teatro e spettacolo,"Teatro Lirico Giorgio Gaber, 14, Via Larga, Cerchia dei Navigli, Municipio 1, Milano, Lombardia, 20122, Italia",45.4615135,9.1918702,4
Teatri,25-06-23,2023-05-10,"Piazzale Vincenzo Cuoco, Milano, MI",Piazzale Cuoco,Il mondo sospeso tra magia e acrobazie al Cirque du Soleil,https://www.milanotoday.it/eventi/cirque-du-soleil-piazzale-cuoco.html,Teatro e spettacolo,"Piazzale Vincenzo Cuoco, Umbria - Molise, Municipio 4, Milano, Lombardia, 20130, Italia",45.4506042,9.2237473,6
Teatri,14-05-23,2023-05-10,"Via Rivoli, 6, Milano, MI",Piccolo Teatro Studio Melato,"""La cupa, Fabbula di un omo che divinne un albero"" a teatro",https://www.milanotoday.it/eventi/spettacolo-la-cupa-piccolo-teatro.html,Teatro e spettacolo,"6, Via Rivoli, Brera, Municipio 1, Milano, Lombardia, 20121, Italia",45.4726093,9.182881,4
Mostre,10-05-23,2023-05-10,"Piazza Vesuvio, Milano, MI",Piazza Vesuvio,"Bruno fael, omaggio alla mia milano",https://www.milanotoday.it/eventi/bruno-fael-omaggio-alla-mia-milano-2023.html,Arte e cultura,"Piazza Vesuvio, Washington, Municipio 7, Milano, Lombardia, Italia",45.4598398,9.1598207,0
,30-05-23,2023-05-10,"Via Gaudenzio Ferrari, 3, Milano, MI",Almach Art Gallery,Blow up - un progetto di ariel soulé in collaborazione con ingrid strain,https://www.milanotoday.it/eventi/blow-up-un-progetto-di-ariel-.html,Non classificato,"Latterie 1952, 3, Via Gaudenzio Ferrari, Ticinese, Municipio 1, Milano, Lombardia, 20123, Italia",45.455937,9.1753978,0
,31-05-23,2023-05-11,"Via Domodossola, 9a, Milano, MI",Humanitas Medical Care Milano,Questa estate migliora l'aspetto del tuo sorriso: l'11 maggio scopri gli allineatori trasparenti,https://www.milanotoday.it/eventi/denti-allineatori-trasparenti.html,Non classificato,"Via Domodossola, Pagano, Tre Torri, Municipio 8 di Milano, Milano, Lombardia, 20145, Italia",45.4804372,9.1606544,10
,14-05-23,2023-05-11,"Via Palestro, Milano, MI",Giardini Indro Montanelli,Fiori e colori ai Giardini Montanelli per la nuova edizione di Orticola,https://www.milanotoday.it/eventi/orticola-2023-fiera-fiori.html,Non classificato,"Via Palestro, Guastalla, Municipio 1, Milano, Lombardia, 20219, Italia",45.4729064,9.1999749,4
,10-06-23,2023-05-11,"Via Carlo Ravizza, 18, Milano, MI",Winarts Arte,Solo show di stjepan sandrk,https://www.milanotoday.it/eventi/solo-show-di-stjepan-sandrk-stjepan-sandrk.html,Non classificato,"18, Via Carlo Ravizza, De Angeli - Monte Rosa, Municipio 7, Milano, Lombardia, 20149, Italia",45.4689307,9.150804,0
,01-06-23,2023-05-11,"Via Genova Thaon di Revel, 8, Milano, MI",L'ISA,Città,https://www.milanotoday.it/eventi/citta-mauro-mariani.html,Non classificato,"8, Via Genova Thaon Di Revel, Isola, Municipio 9, Milano, Lombardia, 20159, Italia",45.4919259,9.1888998,10
Convegno/conferenza,11-05-23,2023-05-11,"Via Senato, 10, Milano, MI",Archivio di Stato di Milano,CELEBRANDO DON LISANDER. Le celebrazioni funebri di Alessandro Manzoni nelle carte degli archivi milanesi.,,Formazione e networking,"Archivio di Stato di Milano, 10, Via Senato, Guastalla, Municipio 1, Milano, Lombardia, 20121, Italia",45.4703017,9.1988675,4
,11-05-23,2023-05-11,"Via Sebenico, 31, Milano, MI",Chiesa del sacro volto,Concerto di primavera - archetipi string ensemble - 11 maggio  ore 21 -  chiesa del sacro volto (mm5 isola),https://www.milanotoday.it/eventi/concerto-di-primavera-archetipi-string-ensemble.html,Non classificato,"31, Via Sebenico, Isola, Municipio 9, Milano, Lombardia, 20124, Italia",45.4873477,9.1898409,10
Spettacoli,11-05-23,2023-05-11,"Corso di Porta Romana 63,20122, Milano, MI,Italia",Carcano,Non Hanno Un Amico,https://www.teatro.it/spettacoli/milano/carcano/2022-2023/luca-bizzarri-nonhannounamico,Teatro e spettacolo,"Teatro Carcano, 63, Corso di Porta Romana, Crocetta, Municipio 1, Milano, Lombardia, 20121, Italia",45.4566842,9.1955297,4
Concerti,12-05-23,2023-05-12,"Via Pisanello, Milano, MI",Centro Culturale Rosetum,Bo!led in concerto al rosetum jazz festival,https://www.milanotoday.it/eventi/bo-led-in-concerto-al-rosetum-jazz-festival-boiled-9937825.html,Musica e vita notturna,"Via Pisanello, Bande Nere, Municipio 7, Milano, Lombardia, 20148, Italia",45.4672182,9.140416,13
Mostre,19-11-23,2023-05-12,"Via Giulio Cesare Procaccini, 4, Milano, MI",Fabbrica del Vapore,L'Amazzonia di Sebastião Salgado in una nuova mostra fotografica,https://www.milanotoday.it/eventi/mostra-foto-sebastiao-salgado-fabbrica-vapore.html,Arte e cultura,"4, Via Giulio Cesare Procaccini, Bullona, Porta Volta, Municipio 8 di Milano, Milano, Lombardia, 20154, Italia",45.4839945,9.1753796,10
Cibo e Vino,14-05-23,2023-05-12,"Piazza Vittoria, 8, Milano, MI",piazza  della vittoria,Melegnano street food,https://www.milanotoday.it/eventi/melegnano-street-food-2023.html,Enogastronomia,"Piazza Vittoria, Melegnano, Milano, Lombardia, 20077, Italia",45.357192,9.324294,11
Cibo e Vino,14-05-23,2023-05-12,"Piazza Città di Lombardia, Milano, MI",,"A Milano lo Spritz festival, 3 giorni di festa dedicati al cocktail più famoso al mondo",https://www.milanotoday.it/eventi/spritz-festival.html,Enogastronomia,"Piazza Città di Lombardia, GARIBALDI REPUBBLICA, Municipio 9, Milano, Lombardia, 20124, Italia",45.4867209,9.1960553,10
Spettacoli,12-05-23,2023-05-12,"Via G. di Vittorio 6,20090, Assago, MI,Italia",Unipol Forum,Elodie - Tour 2023,https://www.teatro.it/spettacoli/assago/mediolanum-forum/2022-2023/elodie-tour-2023,Teatro e spettacolo,"20090, Italy",45.407,9.1083,14
Incontri,13-05-23,2023-05-13,"Via Ferdinando Giorgi, 15, Milano, MI",Spazio Mitades,Uno speciale laboratorio di birdwatching al Parco di Trenno,https://www.milanotoday.it/eventi/laboratorio-uccelli-parco-trenno.html,Formazione e networking,"15, Via Ferdinando Giorgi, Trenno, Municipio 8 di Milano, Milano, Lombardia, 20151, Italia",45.4903942,9.1027183,13
,21-05-23,2023-05-13,"Via Villa Mirabello, 6, Milano, MI",Villa Mirabello,Vintage e antiquariato all’arché bazar,https://www.milanotoday.it/eventi/vintage-e-antiquariato-all-arche-bazar.html,Non classificato,"6, Via Villa Mirabello, Maciachini - Maggiolina, Municipio 2, Milano, Lombardia, 20125, Italia",45.4970136,9.1979913,10
Incontri,14-05-23,2023-05-13,"Via Enrico Besana, 12, Milano, MI",MUBA – Museo dei Bambini di Milano,Al Muba un laboratorio per fare il pane insieme all'Opera San Francesco,https://www.milanotoday.it/eventi/laboratorio-bambini-pane-muba-2023.html,Formazione e networking,"MUBA - Museo dei Bambini, 12, Via Enrico Besana, Guastalla, Municipio 1, Milano, Lombardia, 20122, Italia",45.4599507,9.2051279,4
Incontri,13-05-23,2023-05-13,"Via Santa Maria Valle, 2, Milano, MI",MA-EC Gallery,Laboratorio di calligrafia tradizionale cinese,https://www.milanotoday.it/eventi/laboratorio-di-calligrafia-tradizionale-cinese.html,Formazione e networking,"Fondazione Alessandro Durini, 2, Via Santa Maria Valle, Cerchia dei Navigli, Municipio 1, Milano, Lombardia, 20123, Italia",45.4600544,9.1838916,4
Spettacoli,13-05-23,2023-05-13,"Via Giordano Rota 1,20145, Milano, MI,Italia",Nazionale Italiana Assicurazioni,Ti posso spiegare,https://www.teatro.it/spettacoli/milano/nazionale-chebanca/2022-2023/ti-posso-spiegare-k-follesa-a-pisani,Teatro e spettacolo,"20145, Italy",45.4643,9.1895,4
Manifestazioni,13-05-23,2023-05-13,"Via Conte Rosso, Milano, MI",,"Giochi, teatro e musica al Sabato di Lambrate",https://www.milanotoday.it/eventi/festa-fiori-sabato-lambrate.html,Altri eventi,"Via Conte Rosso, Lambrate, Municipio 3, Milano, Lombardia, 20134, Italia",45.4819574,9.2426159,6
Spettacoli,13-05-23,2023-05-13,"Via Larga 14,20122, Milano, MI,Italia",Lirico Giorgio Gaber,Il Pedone,https://www.teatro.it/spettacoli/milano/lirico-giorgio-gaber/2022-2023/giacobazzi-il-pedone,Teatro e spettacolo,"Teatro Lirico Giorgio Gaber, 14, Via Larga, Cerchia dei Navigli, Municipio 1, Milano, Lombardia, 20122, Italia",45.4615135,9.1918702,4
,25-05-23,2023-05-13,"Via Giuseppe Dall'Occo, 1, Milano, MI",Galleria Click Art,Impressioni,https://www.milanotoday.it/eventi/impressioni-nadia-bonzi-e-susanna-maccari.html,Non classificato,"Via Giuseppe Dall'Occo, Cormano, Zona Omogenea Milano Nord, Milano, Lombardia, 20032, Italia",45.5444599,9.1691639,5
Spettacoli,14-05-23,2023-05-14,"Via Gaudenzio Fantoli,9,20138, Milano, MI,20138, Milano, MI,Italia",Fabrique,Paola & Chiara - Per sempre,https://www.teatro.it/spettacoli/milano/fabrique/2022-2023/paola-chiara-per-sempre,Teatro e spettacolo,"20138, Italy",45.4643,9.1895,4
Spettacoli,14-05-23,2023-05-14,"via Pitteri 58,20134, Milano, MI,Italia",Martinitt,Come fosse amore,https://www.teatro.it/spettacoli/milano/martinitt/2022-2023/come-fosse-amore,Teatro e spettacolo,"Via Riccardo Pitteri, Lambrate, Municipio 3, Milano, Lombardia, 20134, Italia",45.4798362,9.2457864,6
Spettacoli,14-05-23,2023-05-14,"Via Larga 14,20122, Milano, MI,Italia",Lirico Giorgio Gaber,Zecchino d'Oro show,https://www.teatro.it/spettacoli/milano/lirico-giorgio-gaber/2022-2023/zecchino-doro-show,Teatro e spettacolo,"Teatro Lirico Giorgio Gaber, 14, Via Larga, Cerchia dei Navigli, Municipio 1, Milano, Lombardia, 20122, Italia",45.4615135,9.1918702,4
Spettacoli,14-05-23,2023-05-14,"Via Ciro Menotti 11,20129, Milano, MI,Italia",Menotti,Variazioni enigmatiche,https://www.teatro.it/spettacoli/milano/menotti/2022-2023/variazioni-enigmatiche,Teatro e spettacolo,"Teatro Menotti, 11, Via Ciro Menotti, Buenos Aires - Venezia, Municipio 3, Milano, Lombardia, 20129, Italia",45.4699775,9.2131112,6
Spettacoli,14-05-23,2023-05-14,"Via Rivoli 6,20121, Milano, MI,Italia",Piccolo Teatro - Studio Melato,La Cupa,https://www.teatro.it/spettacoli/milano/piccolo-teatro-studio-melato/2022-2023/la-cupa,Teatro e spettacolo,"6, Via Rivoli, Brera, Municipio 1, Milano, Lombardia, 20121, Italia",45.4726093,9.182881,4
Spettacoli,14-05-23,2023-05-14,"Via G. di Vittorio 6,20090, Assago, MI,Italia",Repower,"La Bella e la Bestia, una rosa per una vita - Musical",https://www.teatro.it/spettacoli/assago/repower/2022-2023/la-bella-e-la-bestia-una-rosa-per-una-vita-musical,Teatro e spettacolo,"20090, Italy",45.407,9.1083,14
,14-05-23,2023-05-14,"Piazza della Scala, 2, Milano, MI",Palazzo Marino-sala consiliare,Uno di due: tutto ciò che so sull'amore,https://www.milanotoday.it/eventi/uno-di-due-tutto-cio-che-so-sull-amore-2023.html,Non classificato,"Municipio di Milano, 2, Piazza della Scala, Duomo, Brera, Milano, Lombardia, 20121, Italia",45.4666601,9.1904174,4
Spettacoli,14-05-23,2023-05-14,"Corso Buenos Aires,33,20124, Milano, MI,Italia",Teatro Elfo Puccini - sala Fassbinder,L'Oreste - Quando i morti uccidono i vivi,https://www.teatro.it/spettacoli/milano/teatro-elfo-puccini-sala-fassbinder/2022-2023/loreste-quando-i-morti-uccidono-i-vivi,Teatro e spettacolo,"Teatro Elfo Puccini, 33, Corso Buenos Aires, Buenos Aires - Venezia, Municipio 3, Milano, Lombardia, 20124, Italia",45.4794317,9.2098387,6
Spettacoli,14-05-23,2023-05-14,"Corso Venezia 2/A,20121, Milano, MI,Italia",San Babila,Romeo e Giulietta. L’amore è saltimbanco,https://www.teatro.it/spettacoli/milano/san-babila/2022-2023/romeo-e-giulietta-lamore-e-saltimbanco,Teatro e spettacolo,"2a, Corso Venezia, Duomo, Municipio 1, Milano, Lombardia, 20121, Italia",45.4670204,9.1981104,4
Spettacoli,14-05-23,2023-05-14,"Via Alessandro Manzoni 42,20121, Milano, MI,Italia",Manzoni,L'erba del vicino è sempre più verde,https://www.teatro.it/spettacoli/milano/manzoni/2022-2023/lerba-del-vicino-e-sempre-piu-verde,Teatro e spettacolo,"Teatro Manzoni, 42, Via Alessandro Manzoni, Cerchia dei Navigli, Municipio 1, Milano, Lombardia, 20121, Italia",45.4710286,9.1944762,4
Spettacoli,14-05-23,2023-05-14,"via Pier Lombardo,14,20135, Milano, MI,Italia",Franco Parenti - Sala Grande,Tartufo,https://www.teatro.it/spettacoli/milano/franco-parenti-sala-grande/2022-2023/tartufo,Teatro e spettacolo,"Via Pier Lombardo, Porta Romana, Municipio 4, Milano, Lombardia, 20135, Italia",45.4542958,9.2063109,4
Spettacoli,14-05-23,2023-05-14,"Corso Buenos Aires 33,20124, Milano, MI,Italia",Elfo Puccini - Sala Bausch,Fine pena ora,https://www.teatro.it/spettacoli/milano/elfo-puccini-sala-bausch/2022-2023/fine-pena-ora,Teatro e spettacolo,"Teatro Elfo Puccini, 33, Corso Buenos Aires, Buenos Aires - Venezia, Municipio 3, Milano, Lombardia, 20124, Italia",45.4794317,9.2098387,6
Spettacoli,15-05-23,2023-05-15,"Viale dell'Innovazione 20,20126, Milano, MI,Italia",Arcimboldi,Raf - La mia casa Tour 2023,https://www.teatro.it/spettacoli/milano/degli-arcimboldi/2022-2023/raf-la-mia-casa-tour-2023,Teatro e spettacolo,"20, Viale dell'Innovazione, Bicocca, Municipio 9, Milano, Lombardia, 20125, Italia",45.5148696,9.2135963,5
Mostre,21-05-23,2023-05-16,"Via Lodovico Il Moro, 117, Milano, MI",Al Naviglio,Le installazioni floreali dell'artista Matteo Cibic arrivano a Milano,https://www.milanotoday.it/eventi/mostra-matteo-cibic_naviglio.html,Arte e cultura,"Excel Naviglio Milano, 117, Via Lodovico il Moro, Restocco Maroni, Ronchetto Sul Naviglio, Municipio 6, Milano, Lombardia, 20143, Italia",45.4435735,9.1371926,0
,16-05-23,2023-05-16,"Corso Venezia, 47, Milano, MI","Confcommercio, Palazzo Castiglioni - Sala Sommaruga",Il bello dell'impresa.  quali dispositivi. quali procedure. quali valori,https://www.milanotoday.it/eventi/il-bello-dell-impresa-quali-dispositivi-quali-procedure.html,Non classificato,"47, Corso Venezia, Guastalla, Municipio 1, Milano, Lombardia, 20121, Italia",45.4710655,9.2013574,4
Mostra,03-09-23,2023-05-16,"via Brera, 28, Milano, MI",Pinacoteca di Brera,Undicesimo Dialogo “Boccaccio Boccaccino. Alle soglie della maniera moderna in Val Padana”,,Arte e cultura,"Pinacoteca di Brera, 28, Via Brera, Cerchia dei Navigli, Municipio 1, Milano, Lombardia, 20121, Italia",45.4722421,9.1884071,4
Teatri,21-05-23,2023-05-16,"Piazza Paolo Ferrari, 6, Milano, MI",Teatro Filodrammatici,"""Quentin Crisp. La speranza è nuda"". Lo spettacolo sull'icona gay nel mondo anglosassone",https://www.milanotoday.it/eventi/spettacolo-quentin-crisp-teatro-filodrammatici.html,Teatro e spettacolo,"Piazza Paolo Ferrari, Brera, Municipio 1, Milano, Lombardia, 20121, Italia",45.4670289,9.1887678,4
Spettacoli,16-05-23,2023-05-16,"Via Alessandro Manzoni 42,20121, Milano, MI,Italia",Manzoni,SU DI NOI…la nostra storia,https://www.teatro.it/spettacoli/milano/manzoni/2022-2023/pupo-su-di-noila-nostra-storia,Teatro e spettacolo,"Teatro Manzoni, 42, Via Alessandro Manzoni, Cerchia dei Navigli, Municipio 1, Milano, Lombardia, 20121, Italia",45.4710286,9.1944762,4
,21-05-23,2023-05-16,"Via Lodovico Il Moro, 117, Milano, MI",Ristorante Al Naviglio,L'insolito giardino di api e fiori raccontato dalle opere di Matteo Cibic,https://www.milanotoday.it/eventi/a-milano-arriva-la-mostra-dedicata-a-insetti-impollinatori-e-biodiversita.html,Non classificato,"Excel Naviglio Milano, 117, Via Lodovico il Moro, Restocco Maroni, Ronchetto Sul Naviglio, Municipio 6, Milano, Lombardia, 20143, Italia",45.4435735,9.1371926,0
Spettacoli,17-05-23,2023-05-17,"Viale dell'Innovazione 20,20126, Milano, MI,Italia",Arcimboldi,Roberto Bolle e Bèjart Ballet Lausanne,https://www.teatro.it/spettacoli/milano/degli-arcimboldi/2022-2023/roberto-bolle-e-bejart-ballet-lausanne-trittico,Teatro e spettacolo,"20, Viale dell'Innovazione, Bicocca, Municipio 9, Milano, Lombardia, 20125, Italia",45.5148696,9.2135963,5
Spettacoli,17-05-23,2023-05-17,"via Valtellina 25,20157, Milano, MI,Italia",Alcatraz,The Prodigy,https://www.teatro.it/spettacoli/milano/alcatraz/2022-2023/the-prodigy,Teatro e spettacolo,"Alcatraz, 25, Via Valtellina, Isola, Municipio 9, Milano, Lombardia, 20159, Italia",45.494744,9.1823768,10
,21-05-23,2023-05-17,"Piazza Compasso d'Oro 1, Milano, MI",ADI Design Museum,"Associazione mercurio - ""Anime a colori"" la mostra | adi design museum | 17-21 maggio 23 milano",https://www.milanotoday.it/eventi/associazione-mercurio-anime-a-colori.html,Non classificato,"ADI Design Museum, 1, Piazza Compasso d’Oro, Sarpi, Porta Volta, Municipio 8 di Milano, Milano, Lombardia, 20154, Italia",45.4831707,9.1792778,10
,17-05-23,2023-05-17,"Piazza Sempione, Milano, MI",Arco della Pace,L'anteprima di The Ferragnez all'Arco della Pace: evento gratis per tutti (con Chiara e Fedez),https://www.milanotoday.it/eventi/ferragnez-anteprima-arco-pace-data.html,Non classificato,"Piazza Sempione, Parco Sempione, Municipio 1, Milano, Lombardia, Italia",45.4755976,9.1725451,10
Spettacoli,17-05-23,2023-05-17,"v. Matteotti 30,20064, Gorgonzola, MI,Italia",Sala Argentia,Tel chi Filippo,https://www.teatro.it/spettacoli/gorgonzola/sala-argentia/2022-2023/filippo-caccamo-tel-chi-filippo,Teatro e spettacolo,"Sala Argentia, 30, Via Giacomo Matteotti, Gorgonzola, Milano, Lombardia, 20064, Italia",45.5327792,9.4032916,12
Spettacoli,17-05-23,2023-05-17,"Via Giordano Rota 1,20145, Milano, MI,Italia",Nazionale Italiana Assicurazioni,Caveman,https://www.teatro.it/spettacoli/milano/nazionale-chebanca/2022-2023/maurizio-colombi-caveman,Teatro e spettacolo,"20145, Italy",45.4643,9.1895,4
Mostre,17-05-23,2023-05-17,"Via San Fermo, 19, Milano, MI",Spazio HUS,Gaetano D'Auria in mostra a Milano,https://www.milanotoday.it/eventi/gaetano-d-auria-in-mostra-a-milano-2023.html,Arte e cultura,"Via San Fermo, Baggio, Municipio 7, Villaggio Cavour, Settimo Milanese, Milano, Lombardia, 20019, Italia",45.4630575,9.0747604,3
Incontri,17-05-23,2023-05-17,"Piazza Sempione, Milano, MI",Arco della Pace,La prima di The Ferragnez 2 gratis all'Arco della Pace,https://www.milanotoday.it/eventi/ferragnez-2-gratis-arco-pace.html,Formazione e networking,"Piazza Sempione, Parco Sempione, Municipio 1, Milano, Lombardia, Italia",45.4755976,9.1725451,10
,22-05-23,2023-05-17,"Via Luigi Sacco, 14, Milano, MI",Biblioteca Civica Sicilia,Quaranta popcards in mostra a Milano fino al 22 maggio,https://www.milanotoday.it/eventi/quaranta-popcards-mostra.html,Non classificato,"Via Luigi Sacco, Washington, Municipio 7, Milano, Lombardia, 20149, Italia",45.465763,9.1514639,0
,17-05-23,2023-05-17,"Via Giulio Romano, 19, Milano, MI",Gallery Milano,"Jazz, francesco grillo e marco brioschi live al gallery milano",https://www.milanotoday.it/eventi/jazz-francesco-grillo-2023.html,Non classificato,"Via Giulio Romano, Porta Romana, Municipio 5, Milano, Lombardia, 20135, Italia",45.4487511,9.201143,4
Cibo e Vino,18-05-23,2023-05-18,"Via Francesco Albani, Milano, MI",Pizza popolare,Pizze gratis per tutti: l'evento della pizzeria per festeggiare il Napoli campione,https://www.milanotoday.it/eventi/pizza-gratis-pizzeria-popolare.html,Enogastronomia,"Via Francesco Albani, De Angeli - Monte Rosa, Portello, Municipio 8 di Milano, Milano, Lombardia, 20149, Italia",45.4795196,9.1480984,13
Concerti,18-05-23,2023-05-18,"Via Gaudenzio Fantoli, Milano, MI",FABRIQUE,Gianmaria in concerto a Milano. Orari e biglietti,https://www.milanotoday.it/eventi/concerto-gianmaria-fabrique-biglietti.html,Musica e vita notturna,"Via Gaudenzio Fantoli, Parco Monluè - Ponte Lambro, Municipio 4, Milano, Lombardia, 20059, Italia",45.4538023,9.255075,2
Incontri,18-05-23,2023-05-18,"Via delle Leghe, 18, Milano, MI",Libreria Noi,Il nuovo libro di Randa Ghazy,https://www.milanotoday.it/eventi/recensione-libero-randa-ghazy-2023.html,Formazione e networking,"NOI, 18, Via delle Leghe, Loreto, Municipio 2, Milano, Lombardia, 20127, Italia",45.4925179,9.2172808,6
Incontri,16-06-23,2023-05-18,"Via Milazzo, 6, Milano, MI",Arte in Salotto,Mediterraneo. Neva bergemann,https://www.milanotoday.it/eventi/mediterraneo-neva-bergemann.html,Formazione e networking,"6, Via Milazzo, Brera, Municipio 1, Milano, Lombardia, 20121, Italia",45.4791251,9.1876651,10
Spettacoli,18-05-23,2023-05-18,"v. Mons. Pogliani 7/a,ang. via Grandi,20090, Cesano Boscone, MI,Italia",Cristallo,Il Pedone,https://www.teatro.it/spettacoli/cesano-boscone/cristallo/2022-2023/giacobazzi-il-pedone,Teatro e spettacolo,"20090, Italy",45.407,9.1083,14
Spettacoli,18-05-23,2023-05-18,"Viale dell'Innovazione 20,20126, Milano, MI,Italia",Arcimboldi,Amori Tossici,https://www.teatro.it/spettacoli/milano/degli-arcimboldi/2022-2023/demoni-urbani-amori-tossici,Teatro e spettacolo,"20, Viale dell'Innovazione, Bicocca, Municipio 9, Milano, Lombardia, 20125, Italia",45.5148696,9.2135963,5
Spettacoli,18-05-23,2023-05-18,"Via Giordano Rota 1,20145, Milano, MI,Italia",Nazionale Italiana Assicurazioni,The Rolling Stones Experience,https://www.teatro.it/spettacoli/milano/nazionale-chebanca/2022-2023/sticky-fingers-the-rolling-stones-experience,Teatro e spettacolo,"20145, Italy",45.4643,9.1895,4
Spettacoli,18-05-23,2023-05-18,"Via Gaudenzio Fantoli,9,20138, Milano, MI,20138, Milano, MI,Italia",Fabrique,gIANMARIA - Mostro Tour 2023,https://www.teatro.it/spettacoli/milano/fabrique/2022-2023/gianmaria-mostro-tour-2023,Teatro e spettacolo,"20138, Italy",45.4643,9.1895,4
,01-07-23,2023-05-18,"Corso San Gottardo, 37, Milano, MI",Ticinese Art Gallery,Facoltà plastiche,https://www.milanotoday.it/eventi/facolta-plastiche-piero-gilardi-pino-pinelli.html,Non classificato,"37, Corso San Gottardo, Ticinese, Municipio 5, Milano, Lombardia, 20136, Italia",45.4483223,9.1797343,0
,18-05-23,2023-05-18,"Corso di Porta Romana, 63, Milano, MI",Teatro Carcano,Pensando Franca,https://www.milanotoday.it/eventi/pensando-franca-lucia-vasini-marina-de-juli-valentina-lodovini.html,Non classificato,"Teatro Carcano, 63, Corso di Porta Romana, Crocetta, Municipio 1, Milano, Lombardia, 20121, Italia",45.4566842,9.1955297,4
Disco&Feste,18-05-23,2023-05-18,"Via Valtellina, 25, Milano, MI",Alcatraz Milano,Il concerto di Myss Keta all'Alcatraz. Orari e biglietti,https://www.milanotoday.it/eventi/concerto-myss-keta-alcatraz.html,Musica e vita notturna,"Alcatraz, 25, Via Valtellina, Isola, Municipio 9, Milano, Lombardia, 20159, Italia",45.494744,9.1823768,10
Concerti,19-05-23,2023-05-19,"Via Pietro Borsieri, 37, Milano, MI",Blue Note,Vik and the doctors of jive tornano al blue note di Milano,https://www.milanotoday.it/eventi/vik-and-the-doctors-of-jive-2023.html,Musica e vita notturna,"Blue Note, 37, Via Pietro Borsieri, Isola, Municipio 9, Milano, Lombardia, 20159, Italia",45.4895296,9.1888504,10
Teatri,20-05-23,2023-05-19,"Alzaia Naviglio Grande, 190, Milano, MI",Alta Luce Teatro,"Venerdì 19 e sabato 20 ""diario di un'attrice"" da alta luce teatro",https://www.milanotoday.it/eventi/venerdi-19-e-sabato-20.html,Teatro e spettacolo,"Alzaia Naviglio Grande, Navigli, Municipio 6, Milano, Lombardia, 20136, Italia",45.4520419,9.1756524,0
Spettacoli,19-05-23,2023-05-19,"Viale dell'Innovazione 20,20126, Milano, MI,Italia",Arcimboldi,Inti-Illimani & Giulio Wilson - Agua World Tour 2023,https://www.teatro.it/spettacoli/milano/degli-arcimboldi/2022-2023/inti-illimani-gulio-wilson-agua-world-tour-2023,Teatro e spettacolo,"20, Viale dell'Innovazione, Bicocca, Municipio 9, Milano, Lombardia, 20125, Italia",45.5148696,9.2135963,5
Spettacoli,19-05-23,2023-05-19,"Via Giordano Rota 1,20145, Milano, MI,Italia",Nazionale Italiana Assicurazioni,The Dark Side of The Moon,https://www.teatro.it/spettacoli/milano/nazionale-chebanca/2022-2023/the-dark-side-of-the-moon-50th-anniversary-tour,Teatro e spettacolo,"20145, Italy",45.4643,9.1895,4
Cibo e Vino,21-05-23,2023-05-19,"Piazza Città di Lombardia, Milano, MI",Piazza Città di Lombardia,"Ostriche e champagne a Milano con il ""Francia Wine Festival""",https://www.milanotoday.it/eventi/festival-vini-francesi.html,Enogastronomia,"Piazza Città di Lombardia, GARIBALDI REPUBBLICA, Municipio 9, Milano, Lombardia, 20124, Italia",45.4867209,9.1960553,10
,19-05-23,2023-05-19,"Via Alessandro Manzoni, 56, Milano, MI",IRCCS Istituto Clinico Humanitas,Disallineamento dentale? Scopri l'apparecchio per i denti trasparente all’open day del 19 maggio,https://www.milanotoday.it/eventi/open-day-ortodonzia-milano.html,Non classificato,"56, Via Alessandro Manzoni, Paullo, Milano, Lombardia, 20067, Italia",45.4180966,9.4000575,12
Incontri,20-05-23,2023-05-20,"Via Rodolfo Margaria, Milano, MI",MuBAJ - Museo Botanico Aurelia Josz,Un pomeriggio speciale (e gratis) al Museo Botanico,https://www.milanotoday.it/eventi/visite-guidate-museo-botanico.html,Formazione e networking,"Via Rodolfo Margaria, Niguarda - Cà Granda, Municipio 9, Milano, Lombardia, 20159, Italia",45.5063082,9.1848587,10
Mostre,20-05-23,2023-05-20,"Via Sant'Antonio, 12, Milano, MI",Università degli Studi di Milano,Symposium medicina dei sistemi - il paziente del futuro,https://www.milanotoday.it/eventi/symposium-medicina-dei-sistemi-2023.html,Arte e cultura,"12, Via Sant'Antonio, Duomo, Municipio 1, Milano, Lombardia, 20122, Italia",45.4610979,9.1932264,4
Concerti,20-05-23,2023-05-20,"Piazza del Duomo, Milano, MI",Piazza Duomo,A Milano torna il concertone di Radio Italia (ed è gratis),https://www.milanotoday.it/eventi/concerto-radio-italia-live.html,Musica e vita notturna,"Piazza del Duomo, Duomo, Municipio 1, Milano, Lombardia, Italia",45.4639102,9.1906398,4
Spettacoli,20-05-23,2023-05-20,"Viale dell'Innovazione 20,20126, Milano, MI,Italia",Arcimboldi,PAOLO CONTE in concerto,https://www.teatro.it/spettacoli/milano/degli-arcimboldi/2022-2023/paolo-conte-in-concerto,Teatro e spettacolo,"20, Viale dell'Innovazione, Bicocca, Municipio 9, Milano, Lombardia, 20125, Italia",45.5148696,9.2135963,5
Spettacoli,20-05-23,2023-05-20,"Via Larga 14,20122, Milano, MI,Italia",Lirico Giorgio Gaber,Ai miei tempi non era così,https://www.teatro.it/spettacoli/milano/lirico-giorgio-gaber/2022-2023/maurizio-battista-ai-miei-tempi-non-era-cosi,Teatro e spettacolo,"Teatro Lirico Giorgio Gaber, 14, Via Larga, Cerchia dei Navigli, Municipio 1, Milano, Lombardia, 20122, Italia",45.4615135,9.1918702,4
Spettacoli,20-05-23,2023-05-20,"Via Filodrammatici 2,20121, Milano, MI,Italia",Teatro Alla Scala,Sinfonia dei Mille,https://www.teatro.it/spettacoli/milano/teatro-alla-scala/2022-2023/sinfonia-dei-mille,Teatro e spettacolo,"2, Via Filodrammatici, Brera, Milano, Lombardia, 20121, Italia",45.4673781,9.188701,4
Concerti,20-05-23,2023-05-20,"Piazza Venticinque Aprile, Milano, MI",Eataly Milano Smeraldo,Eataly Smeraldo apre le porte a Piano City: i concerti da non perdere,https://www.milanotoday.it/eventi/concerti-piano-city-eataly-smeraldo.html,Musica e vita notturna,"Piazza Venticinque Aprile, Brera, Municipio 9, Milano, Lombardia, 20100, Italia",45.4807992,9.1874526,10
,21-05-23,2023-05-20,"Via Mecenate, 84, Milano, MI",Spazio Antologico,Wish for a baby: il primo evento gratuito in italia dedicato alla fertilità e genitorialità - Il 20 e 21 maggio 2023,https://www.milanotoday.it/eventi/wish-for-a-baby-il-primo-evento-gratuito-2023.html,Non classificato,"84, Via Mecenate, Mecenate, Municipio 4, Milano, Lombardia, 20138, Italia",45.451744,9.248936,2
,20-05-23,2023-05-20,"Via Andrea Cesalpino, 40, Milano, MI",Scuola media Trevisani Scaetta,Robot olympics 2023 trevisani scaetta,https://www.milanotoday.it/eventi/robot-olympics-2023.html,Non classificato,"40, Via Andrea Cesalpino, Viale Monza, Municipio 2, Milano, Lombardia, 20128, Italia",45.5074465,9.2316508,5
Concerti,20-05-23,2023-05-20,"Piazza del Duomo, Milano, MI",Piazza Duomo,Chi ci sarà al concerto gratis di Radio Italia in Duomo: tutti i cantanti,https://www.milanotoday.it/eventi/concerto-radio-italia-cantanti-20-maggio.html,Musica e vita notturna,"Piazza del Duomo, Duomo, Municipio 1, Milano, Lombardia, Italia",45.4639102,9.1906398,4
Concerti,20-05-23,2023-05-20,"Piazza del Duomo, Milano, MI",Piazza Duomo,A Milano torna il concertone di Radio Italia gratis: chi ci sarà sul palco,https://www.milanotoday.it/eventi/concerto-radio-italia-20-maggio-2023-cantanti.html,Musica e vita notturna,"Piazza del Duomo, Duomo, Municipio 1, Milano, Lombardia, Italia",45.4639102,9.1906398,4
Spettacoli,21-05-23,2023-05-21,"Largo Antonio Greppi,20121, Milano, MI,Italia",Piccolo Teatro - Teatro Strehler,Uno sguardo dal ponte,https://www.teatro.it/spettacoli/milano/piccolo-teatro-teatro-strehler/2022-2023/uno-sguardo-dal-ponte,Teatro e spettacolo,"Largo Antonio Greppi, Cerchia dei Navigli, Municipio 1, Milano, Lombardia, 20121, Italia",45.471727,9.1826196,4
Spettacoli,21-05-23,2023-05-21,"Via Alessandro Manzoni 42,20121, Milano, MI,Italia",Manzoni,PINTUS - Bau,https://www.teatro.it/spettacoli/milano/manzoni/2022-2023/angelo-pintus-bau,Teatro e spettacolo,"Teatro Manzoni, 42, Via Alessandro Manzoni, Cerchia dei Navigli, Municipio 1, Milano, Lombardia, 20121, Italia",45.4710286,9.1944762,4
Spettacoli,21-05-23,2023-05-21,"Via Boltraffio 21,20159, Milano, MI,Italia",Fontana,Il bacio della vedova,https://www.teatro.it/spettacoli/milano/fontana/2022-2023/il-bacio-della-vedova,Teatro e spettacolo,"21, Via Gian Antonio Boltraffio, Isola, Municipio 9, Milano, Lombardia, 20159, Italia",45.4921952,9.1878419,10
Spettacoli,21-05-23,2023-05-21,"via Conservatorio 12,20122, Milano, MI,Italia",Conservatorio Giuseppe Verdi,JAMES SENESE,https://www.teatro.it/spettacoli/milano/conservatorio-giuseppe-verdi/2022-2023/james-senese,Teatro e spettacolo,"Via Conservatorio, Guastalla, Municipio 1, Milano, Lombardia, 20122, Italia",45.4658084,9.2027724,4
Mercatini,21-05-23,2023-05-21,"Via Mecenate, 88/A, Milano, MI",East Market,"East Market, i sapori di Little Italy nel tempio del vintage",https://www.milanotoday.it/eventi/mercatino-east-market-maggio-2023.html,Mercati e shopping,"Via Mecenate, Mecenate, Municipio 4, Milano, Lombardia, 20059, Italia",45.4529888,9.2481173,2
Spettacoli,21-05-23,2023-05-21,"Via Larga 14,20122, Milano, MI,Italia",Lirico Giorgio Gaber,Voce Sorgente,https://www.teatro.it/spettacoli/milano/lirico-giorgio-gaber/2022-2023/anna-oxa-voce-sorgente,Teatro e spettacolo,"Teatro Lirico Giorgio Gaber, 14, Via Larga, Cerchia dei Navigli, Municipio 1, Milano, Lombardia, 20122, Italia",45.4615135,9.1918702,4
Spettacoli,21-05-23,2023-05-21,"via Pier Lombardo,14,20135, Milano, MI,Italia",Franco Parenti - Sala Grande,Ma per fortuna che c'era il Gaber,https://www.teatro.it/spettacoli/milano/franco-parenti-sala-grande/2022-2023/ma-per-fortuna-che-cera-il-gaber,Teatro e spettacolo,"Via Pier Lombardo, Porta Romana, Municipio 4, Milano, Lombardia, 20135, Italia",45.4542958,9.2063109,4
Spettacoli,21-05-23,2023-05-21,"Via Hermada,8,20162, Milano, MI,Italia",della Cooperativa,Una marchesa ad Assisi,https://www.teatro.it/spettacoli/milano/della-cooperativa/2022-2023/una-marchesa-ad-assisi,Teatro e spettacolo,"8, Via privata Hermada, Niguarda - Cà Granda, Municipio 9, Milano, Lombardia, 20162, Italia",45.5147872,9.1901457,5
Spettacoli,22-05-23,2023-05-22,"Viale dell'Innovazione 20,20126, Milano, MI,Italia",Arcimboldi,MORRICONE Film History,https://www.teatro.it/spettacoli/milano/degli-arcimboldi/2022-2023/morricone-film-history,Teatro e spettacolo,"20, Viale dell'Innovazione, Bicocca, Municipio 9, Milano, Lombardia, 20125, Italia",45.5148696,9.2135963,5
Spettacoli,22-05-23,2023-05-22,"Via Larga 14,20122, Milano, MI,Italia",Lirico Giorgio Gaber,Daniele Silvestri - Teatri X,https://www.teatro.it/spettacoli/milano/lirico-giorgio-gaber/2022-2023/daniele-silvestri-teatri-x,Teatro e spettacolo,"Teatro Lirico Giorgio Gaber, 14, Via Larga, Cerchia dei Navigli, Municipio 1, Milano, Lombardia, 20122, Italia",45.4615135,9.1918702,4
Concerti,22-05-23,2023-05-22,"Viale dell'Innovazione, 20, Milano, MI",Teatro degli Arcimboldi,Le bellissime musiche di Ennio Morricone in un concerto imperdibile,https://www.milanotoday.it/eventi/concerto-ennio-morricone-teatro-arcimboldi.html,Musica e vita notturna,"20, Viale dell'Innovazione, Bicocca, Municipio 9, Milano, Lombardia, 20125, Italia",45.5148696,9.2135963,5
Incontri,27-05-23,2023-05-22,"Piazza Riccardo Wagner, Milano, MI",Arena Civica,Arriva la seconda edizione di Crazy Week a Milano,https://www.milanotoday.it/eventi/crazy-week-2023.html,Formazione e networking,"Piazza Riccardo Wagner, Pagano, Municipio 7, Milano, Lombardia, 20145, Italia",45.4679327,9.1555679,0
,26-05-23,2023-05-22,"Piazza Riccardo Wagner, 2, Milano, MI",,CRAZY WEEK”: al via la seconda edizione della settimana più pazza di Milano,https://www.milanotoday.it/eventi/crazy-week-seconda-edizione-milano.html,Non classificato,"Piazza Riccardo Wagner, Pagano, Municipio 7, Milano, Lombardia, 20145, Italia",45.4679327,9.1555679,0
Spettacoli,23-05-23,2023-05-23,"Via Giordano Rota 1,20145, Milano, MI,Italia",Nazionale Italiana Assicurazioni,C'è sempre qualcosa che non va,https://www.teatro.it/spettacoli/milano/nazionale-chebanca/2022-2023/pucci-ce-sempre-qualcosa-che-non-va,Teatro e spettacolo,"20145, Italy",45.4643,9.1895,4
Spettacoli,23-05-23,2023-05-23,"Via Giordano Rota 1,20145, Milano, MI,Italia",Nazionale Italiana Assicurazioni,C'è sempre qualcosa che non va,https://www.teatro.it/spettacoli/milano/nazionale-chebanca/2022-2023/pucci-ce-sempre-qualcosa-che-non-va,Teatro e spettacolo,"20145, Italy",45.4643,9.1895,4
Spettacoli,24-05-23,2023-05-24,"Via Alessandro Manzoni 42,20121, Milano, MI,Italia",Manzoni,Stand up and down comedy,https://www.teatro.it/spettacoli/milano/manzoni/2022-2023/stand-up-and-down-comedy,Teatro e spettacolo,"Teatro Manzoni, 42, Via Alessandro Manzoni, Cerchia dei Navigli, Municipio 1, Milano, Lombardia, 20121, Italia",45.4710286,9.1944762,4
,18-06-23,2023-05-24,"Via Santa Maria Valle, 2, Milano, MI",MA EC Gallery,Somewhere nowhere - Mostra personale di andrea marchesini,https://www.milanotoday.it/eventi/somewhere-nowhere-mostra-personale-di-andrea-marchesini.html,Non classificato,"Fondazione Alessandro Durini, 2, Via Santa Maria Valle, Cerchia dei Navigli, Municipio 1, Milano, Lombardia, 20123, Italia",45.4600544,9.1838916,4
Manifestazioni,28-05-23,2023-05-25,"Piazza Castello, Milano, MI",Castello Sforzesco,"Letture, laboratori e teatro: a Milano arriva il festival dei bambini e delle bambine",https://www.milanotoday.it/eventi/festival-bambini-bambine-2023.html,Altri eventi,"Piazza Castello, Cerchia dei Navigli, Municipio 1, Milano, Lombardia, Italia",45.4704699,9.1819129,4
Spettacoli,25-05-23,2023-05-25,"Via G. di Vittorio 6,20090, Assago, MI,Italia",Unipol Forum,Articolo 31,https://www.teatro.it/spettacoli/assago/mediolanum-forum/2022-2023/articolo-31-il-ritorno,Teatro e spettacolo,"20090, Italy",45.407,9.1083,14
Incontri,25-05-23,2023-05-25,"Via Walter Tobagi, 13, Milano, MI",Art Marginem Concept Room,Massimo Monteleone - alfabeti di carta,https://www.milanotoday.it/eventi/massimo-monteleone-alfabeti-di-carta-.html,Formazione e networking,"13, Via Walter Tobagi, Foramagno, Mezzate, Peschiera Borromeo, Milano, Lombardia, 20068, Italia",45.4303283,9.2864245,2
Spettacoli,25-05-23,2023-05-25,"Viale dell'Innovazione 20,20126, Milano, MI,Italia",Arcimboldi,Real Tribute Show,https://www.teatro.it/spettacoli/milano/degli-arcimboldi/2022-2023/abba-symphonic-real-tribute-show,Teatro e spettacolo,"20, Viale dell'Innovazione, Bicocca, Municipio 9, Milano, Lombardia, 20125, Italia",45.5148696,9.2135963,5
Mercatini,28-05-23,2023-05-25,"Via Nino Bixio, 37, Milano, MI",Galleria Torcular,Il mercatino di abbigliamento vintage con artisti e brand da scoprire,https://www.milanotoday.it/eventi/mercatino-vintage-via-nino-bixio.html,Mercati e shopping,"Via Nino Bixio, Buenos Aires - Venezia, Municipio 3, Milano, Lombardia, 20129, Italia",45.4725035,9.2118207,6
Spettacoli,25-05-23,2023-05-25,"via Pier Lombardo,14,20135, Milano, MI,Italia",Franco Parenti - Sala Grande,Teatro Patologico - Medea,https://www.teatro.it/spettacoli/milano/franco-parenti-sala-grande/2022-2023/teatro-patologico-medea,Teatro e spettacolo,"Via Pier Lombardo, Porta Romana, Municipio 4, Milano, Lombardia, 20135, Italia",45.4542958,9.2063109,4
Mostre,25-05-23,2023-05-25,"Via Pasquale Sottocorno, 27, Milano, MI",Art Luxury,Mostra personale di Maralba focone,https://www.milanotoday.it/eventi/mostra-personale-di-maralba-focone-2023.html,Arte e cultura,"Ricci Osteria, 27, Via Pasquale Sottocorno, XXII Marzo, Municipio 4, Milano, Lombardia, 20129, Italia",45.4662072,9.2119112,6
,14-07-23,2023-05-25,"Via Nerino, 3, Milano, MI",MAAB Gallery,"Bone deep, suns speak",https://www.milanotoday.it/eventi/bone-deep-suns-speak-benjamin-cohen.html,Non classificato,"3, Via Nerino, Cerchia dei Navigli, Municipio 1, Milano, Lombardia, 20123, Italia",45.4617617,9.1841465,4
Spettacoli,25-05-23,2023-05-25,"Via Alessandro Manzoni 42,20121, Milano, MI,Italia",Manzoni,Angelo Fausto Coppi,https://www.teatro.it/spettacoli/milano/manzoni/2022-2023/angelo-fausto-coppi,Teatro e spettacolo,"Teatro Manzoni, 42, Via Alessandro Manzoni, Cerchia dei Navigli, Municipio 1, Milano, Lombardia, 20121, Italia",45.4710286,9.1944762,4
Cibo e Vino,27-05-23,2023-05-25,"Via San Raffaele, Milano, MI",Terrazza di Palazzo Regus,Limonaia Urbana: un evento per gustare il nuovo Pesto Barilla che racconta il sapore dell'estate italiana,https://www.milanotoday.it/eventi/barilla-pesto-evento-duomo-maggio-2023.html,Enogastronomia,"Via San Raffaele, Duomo, Municipio 1, Milano, Lombardia, 20122, Italia",45.4651449,9.1913594,4
Cibo e Vino,28-05-23,2023-05-26,"Via Tortona, 35, Milano, MI",NHow Hotel,A Milano arriva il festival dell'aperitivo: tre giorni di eventi e degustazioni,https://www.milanotoday.it/eventi/festival-aperitivo-via-tortona.html,Enogastronomia,"35, Via Tortona, Tortona, Municipio 6, Milano, Lombardia, 20144, Italia",45.4510301,9.1606461,0
Spettacoli,26-05-23,2023-05-26,"via Conservatorio 12,20122, Milano, MI,Italia",Conservatorio Giuseppe Verdi,Invisible Rainbows,https://www.teatro.it/spettacoli/milano/conservatorio-giuseppe-verdi/2022-2023/roberto-cacciapaglia-invisible-rainbows,Teatro e spettacolo,"Via Conservatorio, Guastalla, Municipio 1, Milano, Lombardia, 20122, Italia",45.4658084,9.2027724,4
Manifestazioni,28-05-23,2023-05-26,"Viale Molise, 62, Milano, MI",Ex Macello,Il festival di skate e di surf arriva a Milano,https://www.milanotoday.it/eventi/skate-surf-film-festival-2023.html,Altri eventi,"Viale Molise, Umbria - Molise, Municipio 4, Milano, Lombardia, 20137, Italia",45.4518239,9.223818,6
Spettacoli,26-05-23,2023-05-26,"Viale dell'Innovazione 20,20126, Milano, MI,Italia",Arcimboldi,Modà & Orchestra,https://www.teatro.it/spettacoli/milano/degli-arcimboldi/2022-2023/moda-orchestra,Teatro e spettacolo,"20, Viale dell'Innovazione, Bicocca, Municipio 9, Milano, Lombardia, 20125, Italia",45.5148696,9.2135963,5
Incontri,27-05-23,2023-05-26,"Via Vetere, 14, Milano, MI",Artefact,>>>Shifting perspectives<<<,https://www.milanotoday.it/eventi/shifting-perspectives-paula-sanz-2023.html,Formazione e networking,"14, Via Vetere, Ticinese, Municipio 1, Milano, Lombardia, 20123, Italia",45.4560272,9.1816998,4
,26-05-23,2023-05-26,"Via Gaetano de Castillia, Milano, MI",Parco Bam,Il funambolo che camminerà tra Bosco Verticale e la Torre Unicredit,https://www.milanotoday.it/eventi/funambolo-torre-unicredit-.html,Non classificato,"Via Gaetano De Castillia, Isola, Municipio 9, Milano, Lombardia, 20100, Italia",45.4858553,9.1928992,10
,28-05-23,2023-05-26,"Viale Berengario, Milano, MI",Gud Citylife,World aperitivo day:  il Secret Garden Tour di Chandon Garden Spritz,https://www.milanotoday.it/eventi/aperitivo-day-chandon.html,Non classificato,"Viale Berengario, De Angeli - Monte Rosa, Tre Torri, Municipio 8 di Milano, Milano, Lombardia, 20149, Italia",45.476524,9.151423,0
,26-05-23,2023-05-26,"Via Antonio Ceriani, 3, Milano, MI",Chiesa Vecchia di Baggio,"Dalla patria, verso la patria - viaggio nella musica di rachmaninov",https://www.milanotoday.it/eventi/dalla-patria-verso-la-patria-2023.html,Non classificato,"Via Antonio Ceriani, Baggio, Municipio 7, Milano, Lombardia, 20153, Italia",45.4618247,9.0893652,3
Mercatini,28-05-23,2023-05-26,"Piazza Sant'Eustorgio, 3, Milano, MI",Museo Diocesano,"Chiostro in Fiera al Museo Diocesano tra artigiani, artisti e buon cibo",https://www.milanotoday.it/eventi/chiostro-in-fiera-mercatino-museo-diocesano.html,Mercati e shopping,"Museo Diocesano di Milano, 3, Piazza Sant'Eustorgio, Ticinese, Municipio 1, Milano, Lombardia, 20123, Italia",45.4546749,9.1810291,0
Incontri,04-06-23,2023-05-26,"Via Kennedy, 14, Milano, MI",Campo sportivo,17° festa dello sport,https://www.milanotoday.it/eventi/17-festa-dello-sport.html,Formazione e networking,"14, Via John Fitzgerald Kennedy, Villaggio Ambrosiano, Cascina Boffalora, Rovagnasco, Segrate, Milano, Lombardia, 20054, Italia",45.4996156,9.2990223,7
Manifestazioni,28-05-23,2023-05-26,"Via Gaetano de Castillia, 28, Milano, MI",BAM Biblioteca degli Alberi,Il festival delle meraviglie alla Biblioteca degli Alberi,https://www.milanotoday.it/eventi/festa-meraviglie-biblioteca-alberi.html,Altri eventi,"28, Via Gaetano De Castillia, Isola, Municipio 9, Milano, Lombardia, 20124, Italia",45.4857844,9.192789,10
Concerti,28-05-23,2023-05-26,"Via Circonvallazione Idroscalo, Milano, MI",Circolo Magnolia,"""Mi Ami Festival"" 2023, la più bella musica dal vivo al Magnolia",https://www.milanotoday.it/eventi/mi-ami-festival-2023.html,Musica e vita notturna,"Via Circonvallazione Idroscalo, Redecesio, Novegro, Segrate, Milano, Lombardia, 20054, Italia",45.469716,9.2854959,2
Sport,28-05-23,2023-05-27,"Piazza del Duomo, Milano, MI",Piazza Duomo,Il football americano sbarca in Piazza Duomo,https://www.milanotoday.it/eventi/campo-football-seamen-piazza-duomo.html,Sport e attività fisica,"Piazza del Duomo, Duomo, Municipio 1, Milano, Lombardia, Italia",45.4639102,9.1906398,4
,27-05-23,2023-05-27,"Largo Antonio Balestra, Milano, MI",Largo Balestra,"Parchi Agos Green&Smart, la stagione 2023 riparte da Milano",https://www.milanotoday.it/eventi/parchi-agos-green-smart-milano.html,Non classificato,"Largo Antonio Balestra, Lorenteggio, Municipio 6, Milano, Lombardia, Italia",45.4481976,9.1424399,0
,27-05-23,2023-05-27,"Piazza Cordusio, Milano, MI",Milano,manifestazione 'save children from putinism. stop al genocidio della russia!',https://www.milanotoday.it/eventi/manifestazione-bambini-ucraini-27-maggio-2023-russia.html,Non classificato,"Piazza Cordusio, Cerchia dei Navigli, Municipio 1, Milano, Lombardia, Italia",45.465058,9.1861848,4
,27-05-23,2023-05-27,"Via Giacomo Matteotti, 32, Milano, MI",La Casetta,La casetta,https://www.milanotoday.it/eventi/la-casetta-iemmeduezero-x-llegas.html,Non classificato,"32, Via Giacomo Matteotti, San Pietro, Lucernate, Rho, Milano, Lombardia, 20017, Italia",45.5290283,9.0430819,8
,27-05-23,2023-05-27,"Via Giulio Natta, 19, Milano, MI",Cascina Cotica,Cartoline illustrate e cantate - omaggio a gianni rodari,https://www.milanotoday.it/eventi/cartoline-illustrate-e-cantate-omaggio-a-gianni-rodari-2023.html,Non classificato,"Via Giulio Natta, Gallaratese, Lampugnano, Municipio 8 di Milano, Milano, Lombardia, 20151, Italia",45.4886178,9.1192528,13
Concerti,27-05-23,2023-05-27,"Via Gaudenzio Fantoli, 9, Milano, MI",FABRIQUE,Gli Aqua tornano in Italia. Il concerto di Milano e dove acquistare i biglietti,https://www.milanotoday.it/eventi/concerto-aqua-forum-assago.html,Musica e vita notturna,"Fabrique, 9, Via Gaudenzio Fantoli, Mecenate, Municipio 4, Milano, Lombardia, 20138, Italia",45.4521243,9.2522773,2
,28-05-23,2023-05-27,"Via Valenza, 2, Milano, MI",Ride Milano,"Un’incredibile festa di compleanno, tra  attrazioni, cibo e musica per tutti. Entrare per credere",https://www.milanotoday.it/eventi/iliadland-compleanno-evento-iliad.html,Non classificato,"Via Valenza, Navigli, Municipio 6, Milano, Lombardia, 20144, Italia",45.4514071,9.1691656,0
Teatri,27-05-23,2023-05-27,"Viale dell'Innovazione, 20, Milano, MI",Teatro degli Arcimboldi,Ramon Agnelli: Gala di Danza. Come avere i biglietti scontati,https://www.milanotoday.it/eventi/spettacolo-danza-ramon-agnelli-arcimboldi.html,Teatro e spettacolo,"20, Viale dell'Innovazione, Bicocca, Municipio 9, Milano, Lombardia, 20125, Italia",45.5148696,9.2135963,5
,27-05-23,2023-05-27,"Via Antonio Ceriani, 3, Milano, MI",Chiesa Vecchia di Baggio,La felicità è un percorso - recital pianistico di Alon Goldstein,https://www.milanotoday.it/eventi/la-felicita-e-un-percorso-recital-pianistico-2023.html,Non classificato,"Via Antonio Ceriani, Baggio, Municipio 7, Milano, Lombardia, 20153, Italia",45.4614003,9.0898484,3
Incontri,27-05-23,2023-05-27,"Via Giovanni Cimabue, Milano, MI",Da Monte Stella a Piazza Duomo,Trekking urbano - “alla scoperta delle tracce dello stambecco in città”,https://www.milanotoday.it/eventi/trekking-urbano-alla-scoperta-delle-tracce-2023.html,Formazione e networking,"Via Giovanni Cimabue, Qt 8, QT8, Municipio 8 di Milano, Milano, Lombardia, 20148, Italia",45.4866702,9.1426311,13
Mostre,27-05-23,2023-05-27,"Via Santa Croce, 15, Milano, MI",Associazione IBVA,"27 maggio: ""Le parole del pane. saperi e sapori in festa"". showcooking, talk, spettacoli per parlare di pane,  migrazioni, solidarietà",https://www.milanotoday.it/eventi/27-maggio-le-parole-del-pane-2023.html,Arte e cultura,"Via Santa Croce, Ticinese, Municipio 1, Milano, Lombardia, 20136, Italia",45.4551761,9.1834041,4
Mostre,26-11-23,2023-05-27,"Via Vigevano, Milano, MI",Tenoha Milano,La mostra sull'arte giapponese da Tenoha,https://www.milanotoday.it/eventi/mostra-arte-giapponese-tenoha-donne-samurai.html,Arte e cultura,"Via Vigevano, Navigli, Municipio 6, Milano, Lombardia, 20123, Italia",45.4529051,9.1745879,0
Manifestazioni,28-05-23,2023-05-27,"Via Mozart, Milano, MI",Villa Necchi Campiglio,Alla scoperta dei bellissimi luoghi del FAI a Milano,https://www.milanotoday.it/eventi/passeggiate-fai-milano-villa-necchi-campiglio.html,Altri eventi,"Via Wolfang Amedeus Mozart, Serviane, Calderara, Paderno Dugnano, Zona Omogenea Milano Nord, Milano, Lombardia, 20037, Italia",45.5684211,9.1836299,5
Spettacoli,27-05-23,2023-05-27,"Via Filodrammatici 2,20121, Milano, MI,Italia",Teatro Alla Scala,Andrea Chénier,https://www.teatro.it/spettacoli/milano/teatro-alla-scala/2022-2023/andrea-chenier,Teatro e spettacolo,"2, Via Filodrammatici, Brera, Milano, Lombardia, 20121, Italia",45.4673781,9.188701,4
,27-05-23,2023-05-27,"Via Giovanni Bovio, 5, Milano, MI",Teatro del Buratto,“Solo due passi”: lo spettacolo teatrale di Cbm italia pensato per i più piccoli e ispirato alla convenzione onu per i diritti delle persone con disabilità,https://www.milanotoday.it/eventi/spettacolo-teatrale-di-cbm.html,Non classificato,"Via Giovanni Bovio, Dergano, Municipio 9, Milano, Lombardia, 20159, Italia",45.5027065,9.1827045,10
Cibo e Vino,28-05-23,2023-05-28,"Viale Bligny, 18, Milano, MI",Meat Crew,Il locale di Milano che regala 1000 hamburger,https://www.milanotoday.it/eventi/hamburger-regalo-ristorante.html,Enogastronomia,"Meat Crew - American Burger, 18, Viale Bligny, Vigentina, Municipio 5, Milano, Lombardia, 20136, Italia",45.451028,9.1892172,4
Spettacoli,28-05-23,2023-05-28,"Largo Antonio Greppi,20121, Milano, MI,Italia",Piccolo Teatro - Teatro Strehler,Lazarus,https://www.teatro.it/spettacoli/milano/piccolo-teatro-teatro-strehler/2022-2023/lazarus,Teatro e spettacolo,"Largo Antonio Greppi, Cerchia dei Navigli, Municipio 1, Milano, Lombardia, 20121, Italia",45.4718248,9.1828857,4
Spettacoli,28-05-23,2023-05-28,"Via Rivoli 6,20121, Milano, MI,Italia",Piccolo Teatro - Studio Melato,Storie - Stefano Massini,https://www.teatro.it/spettacoli/milano/piccolo-teatro-studio-melato/2022-2023/storie-stefano-massini,Teatro e spettacolo,"6, Via Rivoli, Brera, Municipio 1, Milano, Lombardia, 20121, Italia",45.4726093,9.182881,4
Spettacoli,28-05-23,2023-05-28,"Via Rovello 2,20121, Milano, MI,Italia",Piccolo Teatro - Teatro Grassi,Prima,https://www.teatro.it/spettacoli/milano/piccolo-teatro-teatro-grassi/2022-2023/prima,Teatro e spettacolo,"2, Via Rovello, Brera, Milano, Lombardia, 20121, Italia",45.4665188,9.1847651,4
,28-05-23,2023-05-28,"Via Carlo De Angeli, 3, Milano, MI",Quartiere Spadolini,Rinnoviamo i parchi del quartiere spadolini,https://www.milanotoday.it/eventi/rinnoviamo-i-parchi-del-quartiere-spadolini.html,Non classificato,"Via Carlo De Angeli, Ex Om - Morivione, Municipio 5, Milano, Lombardia, 20136, Italia",45.4433089,9.1952737,4
Spettacoli,28-05-23,2023-05-28,"Piazza Cesare Beccaria 8,20122, Milano, MI,Italia",Gerolamo,Sempre fiori mai un fioraio. Omaggio a Paolo Poli,https://www.teatro.it/spettacoli/milano/gerolamo/2022-2023/sempre-fiori-mai-un-fioraio-omaggio-a-paolo-poli,Teatro e spettacolo,"Teatro Gerolamo, 8, Piazza Cesare Beccaria, Duomo, Municipio 1, Milano, Lombardia, 20122, Italia",45.464175,9.1945551,4
Incontri,28-05-23,2023-05-28,"Via San Vittore, 21, Milano, MI",Museo Nazionale della Scienza e della Tecnologia,Un giornata speciale al Museo della Scienza,https://www.milanotoday.it/eventi/laboratori-bambini-museo-scienza-2023.html,Formazione e networking,"21, Via San Vittore, Magenta - San Vittore, Municipio 1, Milano, Lombardia, 20123, Italia",45.4628946,9.1706462,0
Teatri,04-06-23,2023-05-29,"Via Pier Lombardo, 14, Milano, MI",Teatro Franco Parenti,"Valerio Lundini a teatro con ""Il mansplaining spiegato a mia figlia""",https://www.milanotoday.it/eventi/spettacolo-valerio-lundini-teatro-franco-parenti.html,Teatro e spettacolo,"Via Pier Lombardo, Porta Romana, Municipio 4, Milano, Lombardia, 20135, Italia",45.4542958,9.2063109,4
Spettacoli,30-05-23,2023-05-30,"Viale dell'Innovazione 20,20126, Milano, MI,Italia",Arcimboldi,The Music of Hans Zimmer,https://www.teatro.it/spettacoli/milano/degli-arcimboldi/2022-2023/the-music-of-hans-zimmer,Teatro e spettacolo,"20, Viale dell'Innovazione, Bicocca, Municipio 9, Milano, Lombardia, 20125, Italia",45.5148696,9.2135963,5
Mostre,06-06-23,2023-05-30,"Via Dante, 6, Milano, MI",,PortrAIts: una mostra per esplorare la Sclerosi Multipla attraverso gli occhi dell’Intelligenza Artificiale,https://www.milanotoday.it/speciale/portraits-sclerosi-multipla-mostra-Milano.html,Arte e cultura,"6, Via Dante Alighieri, Cascina Matta, Zelo, Mezzate, Peschiera Borromeo, Milano, Lombardia, 20068, Italia",45.436026,9.3110071,2
,24-06-23,2023-05-31,"Via Nerino, 2, Milano, MI",Wunderkammern,"Street art masters - stik, blek le rat, invader, shepard fairey, miaz brothers",https://www.milanotoday.it/eventi/street-art-masters-stik-blek-le-rat-invader-shepard-2023.html,Non classificato,"2, Via Nerino, Cerchia dei Navigli, Municipio 1, Milano, Lombardia, 20123, Italia",45.4618629,9.1839774,4
Concerti,01-06-23,2023-05-31,"Largo Gustav Mahler, Milano, MI",Auditorium di Milano,Il capolavoro di Jurassic Park suonato dall’Orchestra Sinfonica di Milano,https://www.milanotoday.it/eventi/concerto-jurassic-park-auditorium-milano.html,Musica e vita notturna,"Largo Gustav Mahler, Ticinese, Municipio 5, Milano, Lombardia, 20136, Italia",45.4463151,9.1792547,0
,04-06-23,2023-05-31,"Viale Papa Giovanni XXIII, Milano, MI",Parco Cinofili,"Torna il Bigbang, ecco tutti cantanti che ci saranno al maxi festival (gratis)",https://www.milanotoday.it/eventi/concerti/concerti-big-bang-2023.html,Non classificato,"Viale Papa Giovanni Ventitreesimo, Abbiategrasso, Milano, Lombardia, 20081, Italia",45.3979023,8.9108374,9
Spettacoli,31-05-23,2023-05-31,"Viale dell'Innovazione 20,20126, Milano, MI,Italia",Arcimboldi,Anime Superstars,https://www.teatro.it/spettacoli/milano/degli-arcimboldi/2022-2023/anime-superstars,Teatro e spettacolo,"20, Viale dell'Innovazione, Bicocca, Municipio 9, Milano, Lombardia, 20125, Italia",45.5148696,9.2135963,5
Cibo e Vino,30-06-23,2023-06-01,"Piazza del Duomo, Milano, MI",Bike Station,"La mela Giga®, troppo grandiosa per non condividerla: inquadra il QR Code, mettiti in bici, scatta una foto e postala",https://www.milanotoday.it/eventi/bike-station-duomo-marlene-mela-giga.html,Enogastronomia,"Piazza del Duomo, Duomo, Municipio 1, Milano, Lombardia, Italia",45.4639102,9.1906398,4
Incontri,31-08-23,2023-06-01,"Piazza del Duomo, Milano, MI",Duomo,Tornano le emozionanti aperture serali sulle terrazze del Duomo,https://www.milanotoday.it/eventi/terrazze-duomo-aperture-estate-2023.html,Formazione e networking,"Piazza del Duomo, Duomo, Municipio 1, Milano, Lombardia, Italia",45.4639102,9.1906398,4
Mostre,06-07-24,2023-06-01,"Via Valtellina, 5, Milano, MI",Lampo Scalo Farini,"""Van Gogh: The Immersive Experience"". L'esibizione di realtà virtuale arriva a Milano",https://www.milanotoday.it/eventi/mostra-immersiva-realt-virtuale-van-gogh.html,Arte e cultura,"5, Via Valtellina, Farini, Municipio 9, Milano, Lombardia, 20159, Italia",45.4909324,9.1810555,10
Mostre,06-07-24,2023-06-01,"Via Valtellina, 5, Milano, MI",Lampo Scalo Farini,"""Van Gogh: The Immersive Experience"". L'esibizione di realtà virtuale arriva a Milano",https://www.milanotoday.it/eventi/mostra-immersiva-realt-virtuale-van-gogh.html,Arte e cultura,"5, Via Valtellina, Farini, Municipio 9, Milano, Lombardia, 20159, Italia",45.4909324,9.1810555,10
Incontri,04-06-23,2023-06-02,"Piazza della Scala, Milano, MI",Gallerie d'Italia,Ingresso gratis alle Gallerie d'Italia,https://www.milanotoday.it/eventi/gallerie_italia-gratis-2-4-giungo.html,Formazione e networking,"Piazza della Scala, Duomo, Municipio 1, Milano, Lombardia, 20121, Italia",45.4672447,9.1901178,4
Apertura festiva,02-06-23,2023-06-02,"via Brera, 28, Milano, MI",Pinacoteca di Brera,2 giugno 2023 - ingresso gratuito alla Pinacoteca di Brera,,Inaugurazioni,"Pinacoteca di Brera, 28, Via Brera, Cerchia dei Navigli, Municipio 1, Milano, Lombardia, 20121, Italia",45.4722421,9.1884071,4
Apertura festiva,02-06-23,2023-06-02,"piazza Santa Maria delle Grazie, 2, Milano, MI",Cenacolo Vinciano,Museo del Cenacolo Vinciano: ingresso gratuito 2 giugno 2023,,Inaugurazioni,"Museo del Cenacolo Vinciano, 2, Piazza Santa Maria delle Grazie, Magenta - San Vittore, Municipio 1, Milano, Lombardia, 20123, Italia",45.4662047,9.170655,0
Spettacoli,02-06-23,2023-06-02,"Corso Buenos Aires 33,20124, Milano, MI,Italia",Elfo Puccini - sala Shakespeare,Il vizio dell'arte,https://www.teatro.it/spettacoli/milano/elfo-puccini-sala-shakespeare/2022-2023/il-vizio-dellarte,Teatro e spettacolo,"Teatro Elfo Puccini, 33, Corso Buenos Aires, Buenos Aires - Venezia, Municipio 3, Milano, Lombardia, 20124, Italia",45.4794317,9.2098387,6
Spettacoli,03-06-23,2023-06-03,"Viale dell'Innovazione 20,20126, Milano, MI,Italia",Arcimboldi,Jannacciami!,https://www.teatro.it/spettacoli/milano/degli-arcimboldi/2022-2023/jannacciami,Teatro e spettacolo,"20, Viale dell'Innovazione, Bicocca, Municipio 9, Milano, Lombardia, 20125, Italia",45.5148696,9.2135963,5
Incontri,03-06-23,2023-06-03,"Via Orefici, 15, Milano, MI",Fao Schwarz,Fao Shwarz celebra i trent'anni di Jurassic Park con una speciale giornata a tema,https://www.milanotoday.it/eventi/giornata-jurassic-park-fao-shwarz.html,Formazione e networking,"FAO Schwarz, 15, Via Orefici, Cerchia dei Navigli, Municipio 1, Milano, Lombardia, 20123, Italia",45.464913,9.1864242,4
Spettacoli,04-06-23,2023-06-04,"via Pitteri 58,20134, Milano, MI,Italia",Martinitt,Diavoli in cucina,https://www.teatro.it/spettacoli/milano/martinitt/2022-2023/diavoli-in-cucina,Teatro e spettacolo,"Via Riccardo Pitteri, Lambrate, Municipio 3, Milano, Lombardia, 20134, Italia",45.4791078,9.2461224,6
Spettacoli,04-06-23,2023-06-04,"via Pier Lombardo,14,20135, Milano, MI,Italia",Franco Parenti - Sala Grande,Valerio Lundini - Il mansplaining spiegato a mia figlia,https://www.teatro.it/spettacoli/milano/franco-parenti-sala-grande/2022-2023/valerio-lundini-il-mansplaining-spiegato-a-mia-figlia,Teatro e spettacolo,"Via Pier Lombardo, Porta Romana, Municipio 4, Milano, Lombardia, 20135, Italia",45.4542958,9.2063109,4
,04-06-23,2023-06-04,"Piazza del Cannone, Milano, MI",Piazza del Cannone,Cancer survivor day: il 4 giugno celebriamo la vita,https://www.milanotoday.it/eventi/cancer-survivor-day-2023.html,Non classificato,"Piazza del Cannone, Parco Sempione, Municipio 1, Milano, Lombardia, Italia",45.4716693,9.1780647,4
,04-06-23,2023-06-04,"Piazza del Cannone, Milano, MI",Parco Sempione,Triumph al fianco di lilt in uno speciale evento per celebrare la vita che continua dopo la malattia,https://www.milanotoday.it/eventi/triumph.html,Non classificato,"Piazza del Cannone, Parco Sempione, Municipio 1, Milano, Lombardia, Italia",45.4716693,9.1780647,4
,05-06-23,2023-06-05,"Via Privata Assab, 1, Milano, MI",Assab One,"Performance di equi.voci lettori - Particolare visita guidata alla mostra frottage, un dispositivo socievole",https://www.milanotoday.it/eventi/performance-di-equi-voci-lettori.html,Non classificato,"1, Via privata Assab, Padova, Municipio 2, Milano, Lombardia, 20132, Italia",45.4987927,9.2376847,6
Spettacoli,05-06-23,2023-06-05,"Via Alessandro Manzoni 42,20121, Milano, MI,Italia",Manzoni,Cono o Coppetta?,https://www.teatro.it/spettacoli/milano/manzoni/2022-2023/ginevra-fenyes-cono-o-coppetta,Teatro e spettacolo,"Teatro Manzoni, 42, Via Alessandro Manzoni, Cerchia dei Navigli, Municipio 1, Milano, Lombardia, 20121, Italia",45.4710286,9.1944762,4
Spettacoli,05-06-23,2023-06-05,"Via Larga 14,20122, Milano, MI,Italia",Lirico Giorgio Gaber,L'Elisir d'amore,https://www.teatro.it/spettacoli/milano/lirico-giorgio-gaber/2022-2023/lelisir-damore,Teatro e spettacolo,"Teatro Lirico Giorgio Gaber, 14, Via Larga, Cerchia dei Navigli, Municipio 1, Milano, Lombardia, 20122, Italia",45.4615135,9.1918702,4
Spettacoli,05-06-23,2023-06-05,"Viale dell'Innovazione 20,20126, Milano, MI,Italia",Arcimboldi,Valerio Lundini - Il mansplaining spiegato a mia figlia,https://www.teatro.it/spettacoli/milano/degli-arcimboldi/2022-2023/valerio-lundini-il-mansplaining-spiegato-a-mia-figlia,Teatro e spettacolo,"20, Viale dell'Innovazione, Bicocca, Municipio 9, Milano, Lombardia, 20125, Italia",45.5148696,9.2135963,5
Spettacoli,05-06-23,2023-06-05,"Via Giordano Rota 1,20145, Milano, MI,Italia",Nazionale Italiana Assicurazioni,Tutti i sogni ancora in volo,https://www.teatro.it/spettacoli/milano/nazionale-chebanca/2022-2023/massimo-ranieri-tutti-i-sogni-ancora-in-volo,Teatro e spettacolo,"20145, Italy",45.4643,9.1895,4
Spettacoli,06-06-23,2023-06-06,"Via Alessandro Manzoni 42,20121, Milano, MI,Italia",Manzoni,The Michael Jackson Experience,https://www.teatro.it/spettacoli/milano/manzoni/2022-2023/sergio-cortes-in-michael-jackson-live,Teatro e spettacolo,"Teatro Manzoni, 42, Via Alessandro Manzoni, Cerchia dei Navigli, Municipio 1, Milano, Lombardia, 20121, Italia",45.4710286,9.1944762,4
Cibo e Vino,06-06-23,2023-06-06,"Via Giovanni Schiaparelli, Milano, MI",Nik's & Co,A Milano arriva (per una sera) il bar messicano tra i 50 migliori locali del mondo,https://www.milanotoday.it/eventi/niks-bar-handshake-locale-messicano.html,Enogastronomia,"Via Giovanni Schiaparelli, Centrale, Municipio 2, Milano, Lombardia, 20124, Italia",45.4894433,9.2053979,6
,07-07-23,2023-06-07,"Via Vincenzo Forcella, 7, Milano, MI",ESH Gallery,[C]2 contemporary studio ceramics,https://www.milanotoday.it/eventi/c-2-contemporary-studio-ceramics-2023.html,Non classificato,"Via Vincenzo Forcella, Tortona, Municipio 6, Milano, Lombardia, 20144, Italia",45.452594,9.1673964,0
Convegno/conferenza,07-06-23,2023-06-07,"Piazza Santa Maria Nascente, 30, Milano, MI","Scuola primaria ""Martin Luther King""",Il CASVA come infrastruttura sociale per il QT8,,Formazione e networking,"30, Piazza Santa Maria Nascente, Qt 8, QT8, Municipio 8 di Milano, Milano, Lombardia, 20148, Italia",45.4871576,9.1339001,13
Mostre,07-06-23,2023-06-07,"Piazza Francesco Carrara, 17, Milano, MI",Centro Asteria,Siamo tutti Medea. Un viaggio attraverso il mito di Medea e la zona d'ombra in ognuno di noi,https://www.milanotoday.it/eventi/siamo-tutti-medea-un-viaggio-2023.html,Arte e cultura,"17, Piazza Francesco Carrara, Stadera, Municipio 5, Milano, Lombardia, 20136, Italia",45.4369245,9.1761088,0
,24-06-23,2023-06-07,"Via Evangelista Torricelli, 21, Milano, MI",Corals Exhibition Space,Inaugurazione mostra self(portrait),https://www.milanotoday.it/eventi/inaugurazione-mostra-self-portrait.html,Non classificato,"21, Via Evangelista Torricelli, Ravello, Parabiago, Milano, Lombardia, 20015, Italia",45.5574246,8.9394696,1
Inaugurazioni,08-06-23,2023-06-08,"Via Pietro Moscati, 11, Milano, MI",Banco Fresco,"Freschezza, qualità, convenienza: le 3 parole d’ordine del nuovo super mercato specializzato nei prodotti freschi in arrivo a Milano",https://www.milanotoday.it/eventi/negozio-milano-banco-fresco-inaugurazione.html,Inaugurazioni,"11, Via Pietro Moscati, Sarpi, Bullona, Municipio 8 di Milano, Milano, Lombardia, 20154, Italia",45.4800727,9.1706977,10
Spettacoli,08-06-23,2023-06-08,"Via San Giovanni sul muro 2,20121, Milano, MI,Italia",Dal Verme,Samuele Bersani & Orchestra,https://www.teatro.it/spettacoli/milano/dal-verme/2022-2023/samuele-bersani-orchestra,Teatro e spettacolo,"2, Via San Giovanni sul Muro, Cerchia dei Navigli, Municipio 1, Milano, Lombardia, 20121, Italia",45.4671162,9.1814924,4
Convegno/conferenza,08-06-23,2023-06-08,"Via Brera, 28, Milano, MI",Istituto Lombardo Accademia di Scienze e Lettere,Il Patrimonio Culturale Digitale (DCH): dimensione di qualità e prospettive di sviluppo del valore pubblico,,Formazione e networking,"Pinacoteca di Brera, 28, Via Brera, Cerchia dei Navigli, Municipio 1, Milano, Lombardia, 20121, Italia",45.4722421,9.1884071,4
,08-06-23,2023-06-08,"Via Santa Croce, 21, Milano, MI",ABC-ARTE ONE OF,"Opening hermann nitsch. cathartic aversion, abc-arte one of, milano",https://www.milanotoday.it/eventi/opening-hermann-nitsch-cathartic-2023.html,Non classificato,"21, Via Santa Croce, Ticinese, Municipio 1, Milano, Lombardia, 20122, Italia",45.4535237,9.1814159,0
Cibo e Vino,10-06-23,2023-06-08,"Via Piero della Francesca, 55, Milano, MI",Fifty five Milano,"Nel cuore di Milano, cene e aperitivi su una terrazza con vista mozzafiato",https://www.milanotoday.it/eventi/terrazza-milano-eventi.html,Enogastronomia,"55 Milano, 55, Via Piero della Francesca, Sarpi, Bullona, Municipio 8 di Milano, Milano, Lombardia, 20154, Italia",45.4859082,9.16045,10
Cibo e Vino,11-06-23,2023-06-08,"Via Oslavia, Milano, MI",Paderno Dugnano,Il festival degli arrosticini a pochi passi da Milano (e si entra gratis),https://www.milanotoday.it/eventi/festival-arrosticini-bombette-paderno-dugnano.html,Enogastronomia,"Via Oslavia, Rione Vittoria, Sesto San Giovanni, Zona Omogenea Milano Nord, Milano, Lombardia, 20099, Italia",45.5241083,9.2274529,5
Concerti,08-06-23,2023-06-08,"Piazza del Duomo, Milano, MI",Duomo,Questa sera il concerto della Scala gratuito in piazza Duomo,https://www.milanotoday.it/eventi/concerto-scala-duomo-gratis-stasera.html,Musica e vita notturna,"Piazza del Duomo, Duomo, Municipio 1, Milano, Lombardia, Italia",45.4639102,9.1906398,4
Manifestazioni,08-06-23,2023-06-08,"Piazza Venticinque Aprile, Milano, MI",,A Milano si paga con i soldi del Monopoly,https://www.milanotoday.it/eventi/evento-monopoly-milano.html,Altri eventi,"Piazza Venticinque Aprile, Brera, Municipio 9, Milano, Lombardia, 20100, Italia",45.480639,9.1875684,10
Disco&Feste,11-06-23,2023-06-09,"Via Fametta, 1, Milano, MI",Villa Arconati,"Terraforma, il festival tra musica e sostenibilità a Villa Arconati a giugno",https://www.milanotoday.it/eventi/festival-terraforma-2023.html,Musica e vita notturna,"1, Via Fametta, Via Trento, Castellazzo, Bollate, Milano, Lombardia, 20021, Italia",45.556757,9.0958021,8
Spettacoli,09-06-23,2023-06-09,"Viale dell'Innovazione 20,20126, Milano, MI,Italia",Arcimboldi,Okean Elzy - Help for Ukraine Tour,https://www.teatro.it/spettacoli/milano/degli-arcimboldi/2022-2023/okean-elzy-help-for-ukraine-tour,Teatro e spettacolo,"20, Viale dell'Innovazione, Bicocca, Municipio 9, Milano, Lombardia, 20125, Italia",45.5148696,9.2135963,5
Spettacoli,09-06-23,2023-06-09,"via Pier Lombardo,14,20135, Milano, MI,Italia",Franco Parenti - Sala Grande,Cleopatras,https://www.teatro.it/spettacoli/milano/franco-parenti-sala-grande/2022-2023/cleopatras,Teatro e spettacolo,"Via Pier Lombardo, Porta Romana, Municipio 4, Milano, Lombardia, 20135, Italia",45.4542958,9.2063109,4
Spettacoli,09-06-23,2023-06-09,"Via Alessandro Manzoni 42,20121, Milano, MI,Italia",Manzoni,JACOPO CULLIN - E' inutile a dire!,https://www.teatro.it/spettacoli/milano/manzoni/2022-2023/e-inutile-a-dire,Teatro e spettacolo,"Teatro Manzoni, 42, Via Alessandro Manzoni, Cerchia dei Navigli, Municipio 1, Milano, Lombardia, 20121, Italia",45.4710286,9.1944762,4
,10-06-23,2023-06-09,"Via Ernesto Calindri, 4, Milano, MI",NTT DATA,Hacking the city - Design a circular future,https://www.milanotoday.it/eventi/hacking-the-city-design-a-circular-future-2023.html,Non classificato,"NTT Data Italia, 4, Via Ernesto Calindri, San Cristoforo, Municipio 6, Milano, Lombardia, 20143, Italia",45.4430199,9.1621621,0
Cibo e Vino,11-06-23,2023-06-09,"piazza città di Lombardia, Milano, MI",piazza città di Lombardia,Arriva Carbo Beer festival: a Milano pinte artigianali e carbonara,https://www.milanotoday.it/eventi/carbonara-festiva-birra.html,Enogastronomia,"Piazza Città di Lombardia, GARIBALDI REPUBBLICA, Municipio 9, Milano, Lombardia, 20124, Italia",45.4867209,9.1960553,10
Spettacoli,09-06-23,2023-06-09,"Corso Buenos Aires 33,20124, Milano, MI,Italia",Elfo Puccini - Sala Bausch,Antropolaroid,https://www.teatro.it/spettacoli/milano/elfo-puccini-sala-bausch/2022-2023/antropolaroid,Teatro e spettacolo,"Teatro Elfo Puccini, 33, Corso Buenos Aires, Buenos Aires - Venezia, Municipio 3, Milano, Lombardia, 20124, Italia",45.4794317,9.2098387,6
,11-06-23,2023-06-09,"Via Cascina del Sole, 26, Milano, MI",Cinema Teatro Nuovo,"i novattori presentano: ""cognate"" di eric assous - venerdì 9 e domenica 11 giugno",https://www.milanotoday.it/eventi/i-novattori-presentano-cognate-di-eric-assous-2024.html,Non classificato,"26, Via Cascina del Sole, Novate Milanese, Milano, Lombardia, 20026, Italia",45.5333925,9.141665,13
,09-06-23,2023-06-09,"Viale dell'Innovazione, 20, Milano, MI",Teatro degli Arcimboldi,Il concerto per l'Ucraina con gli Okean Elzy,https://www.milanotoday.it/eventi/concerto-ucraina-con-okean-elzy.html,Non classificato,"20, Viale dell'Innovazione, Bicocca, Municipio 9, Milano, Lombardia, 20125, Italia",45.5148696,9.2135963,5
Spettacoli,09-06-23,2023-06-09,"Corso Buenos Aires 33,20124, Milano, MI,Italia",Elfo Puccini - sala Shakespeare,Peng,https://www.teatro.it/spettacoli/milano/elfo-puccini-sala-shakespeare/2022-2023/peng,Teatro e spettacolo,"Teatro Elfo Puccini, 33, Corso Buenos Aires, Buenos Aires - Venezia, Municipio 3, Milano, Lombardia, 20124, Italia",45.4794317,9.2098387,6
Disco&Feste,09-06-23,2023-06-09,"Via Giovanni Bellezza, 16a, Milano, MI",Arci Bellezza,La disco degli anni 70 e 80 all'Arci Bellezza,https://www.milanotoday.it/eventi/festa-discoteca-anni-70-80-arci-bellezza.html,Musica e vita notturna,"Arci Bellezza, 16a, Via Giovanni Bellezza, Vigentina, Municipio 5, Milano, Lombardia, 20136, Italia",45.4487392,9.1950134,4
Convegno/conferenza,09-06-23,2023-06-09,"Via Senato, 10, Milano, MI",Archivio di Stato di Milano,"1963-2023, in viaggio da 60 anni",,Formazione e networking,"10, Via Senato, Guastalla, Municipio 1, Milano, Lombardia, 20121, Italia",45.4700976,9.1981223,4
Spettacoli,09-06-23,2023-06-09,"Corso Buenos Aires,33,20124, Milano, MI,Italia",Teatro Elfo Puccini - sala Fassbinder,Pochos,https://www.teatro.it/spettacoli/milano/teatro-elfo-puccini-sala-fassbinder/2022-2023/pochos,Teatro e spettacolo,"Teatro Elfo Puccini, 33, Corso Buenos Aires, Buenos Aires - Venezia, Municipio 3, Milano, Lombardia, 20124, Italia",45.4794317,9.2098387,6
,01-07-23,2023-06-09,"Via Gaudenzio Ferrari, 3, Milano, MI",Almach Art Gallery,Tutti i colori del bianco,https://www.milanotoday.it/eventi/colori-bianco-2023.html,Non classificato,"3, Via Gaudenzio Ferrari, Ticinese, Municipio 1, Milano, Lombardia, 20123, Italia",45.4558833,9.1754506,0
,20-06-23,2023-06-10,"Via Brera, 30, Milano, MI",Showroom,Presentata a Milano l’opera di saro grimani “milano urban simphony”,https://www.milanotoday.it/eventi/presentata-a-milano-l-opera-di-saro-grimani-2023.html,Non classificato,"30, Via Brera, Cerchia dei Navigli, Municipio 1, Milano, Lombardia, 20121, Italia",45.4724235,9.1875772,4
Disco&Feste,11-06-23,2023-06-10,"Piazza Sempione, Milano, MI",Parco Sempione,Torna la grande festa di Radio Deejay: tutti i cantanti che si esibiranno,https://www.milanotoday.it/eventi/party-like-a-deejay-festa-radio-deejay-2023.html,Musica e vita notturna,"Piazza Sempione, Parco Sempione, Municipio 1, Milano, Lombardia, Italia",45.4755976,9.1725451,10
Mostre,18-06-23,2023-06-10,"Tangenziale Nord, 4, Milano, MI",Prologis Park Romentino,Alla scoperta dell'Urban Art nei pressi di Milano: appuntamenti dal 10 al 18 giugno,https://www.milanotoday.it/eventi/prologis-park-romentino-mostra-urban-art.html,Arte e cultura,"Tangenziale Nord di Milano, Cascina Novella, Monza, Zona Omogenea Milano Nord, Monza e della Brianza, Lombardia, 20092, Italia",45.5671904,9.2292733,5
,10-06-23,2023-06-10,"Via Cesare Lombroso, 54, Milano, MI",Mercato Agroalimentare di Milano,Sogemi | Tour guidato nuovo mercato agroalimentare foody 2025,https://www.milanotoday.it/eventi/sogemi-tour-guidato-nuovo-mercato-agroalimentare-foody-2025.html,Non classificato,"Via Cesare Lombroso, Ortomercato, Municipio 4, Milano, Lombardia, 20130, Italia",45.4561736,9.2240956,6
Disco&Feste,10-06-23,2023-06-10,"Via Pietrasanta, 16, Milano, MI",Magazzini Generali,La festa universitaria ai Magazzini Generali,https://www.milanotoday.it/eventi/festa-universitaria-magazzini-generali.html,Musica e vita notturna,"16, Via Pietrasanta, Ex Om - Morivione, Municipio 5, Milano, Lombardia, 20141, Italia",45.4440954,9.1951652,4
,10-06-23,2023-06-10,"Via Edoardo Bassini, 49, Milano, MI",Ideamondo Associazione Culturale,E' un mondo difficile: la mostra,https://www.milanotoday.it/eventi/e-un-mondo-difficile-la-mostra-vari.html,Non classificato,"Pizzeria Santa Maria, 49, Via Edoardo Bassini, Città Studi, Municipio 3, Milano, Lombardia, 20134, Italia",45.4816535,9.2369366,6
Incontri,10-06-23,2023-06-10,"Via Benedetto Marcello, Milano, MI",Mercato Benedetto Marcello,Food save con recup - mercato benedetto marcello,https://www.milanotoday.it/eventi/food-save-con-recup-mercato-benedetto-marcello.html,Formazione e networking,"Via Benedetto Marcello, Buenos Aires - Venezia, Municipio 3, Milano, Lombardia, 20124, Italia",45.4793692,9.2068877,6
Concerti,11-06-23,2023-06-10,"Corso Sempione, Milano, MI",Parco Sempione,Il mega concerto gratuito di Radio Deejay a Milano: tutti i cantanti che saranno sul palco,https://www.milanotoday.it/eventi/concerto-radio-deejay-gratis-cantanti.html,Musica e vita notturna,"Corso Sempione, Sarpi, Bullona, Municipio 8 di Milano, Milano, Lombardia, 20155, Italia",45.4829626,9.1628641,10
Mercatini,11-06-23,2023-06-10,"Via Conte Rosso, Milano, MI",,Il doppio appuntamento estivo del Sabato di Lambrate (anche) sui Navigli,https://www.milanotoday.it/eventi/mercatino-sabato-lambrate-navigli.html,Mercati e shopping,"Via Conte Rosso, Lambrate, Municipio 3, Milano, Lombardia, 20134, Italia",45.4833378,9.2424947,6
Spettacoli,11-06-23,2023-06-11,"Via Pier Lombardo 14,20135, Milano, MI,Italia",Franco Parenti - Sala Blu,L'estinzione della razza umana,https://www.teatro.it/spettacoli/milano/franco-parenti-sala-acomea/2022-2023/lestinzione-della-razza-umana,Teatro e spettacolo,"Via Pier Lombardo, Porta Romana, Municipio 4, Milano, Lombardia, 20135, Italia",45.4542958,9.2063109,4
Spettacoli,11-06-23,2023-06-11,"Largo Antonio Greppi,20121, Milano, MI,Italia",Piccolo Teatro - Teatro Strehler,Alice canta Battiato - ERI CON ME,https://www.teatro.it/spettacoli/milano/piccolo-teatro-teatro-strehler/2022-2023/alice-canta-battiato-eri-con-me,Teatro e spettacolo,"Largo Antonio Greppi, Cerchia dei Navigli, Municipio 1, Milano, Lombardia, 20121, Italia",45.4718248,9.1828857,4
,12-06-23,2023-06-12,"Via Gaetano Negri, 6, Milano, MI",Galleria Meravigli,"La next gen insieme a Lazza, Noemi e Dardust",https://www.milanotoday.it/eventi/next-gen-dispositivi-glo.html,Non classificato,"Ottica Lambo Optometrista, 6, Via Gaetano Negri, Quartiere Zingone, Trezzano sul Naviglio, Milano, Lombardia, 20090, Italia",45.4237515,9.062909,3
,28-07-23,2023-06-12,"Via Giosuè Carducci, Milano, MI",Piccolo Circo dei Sogni,L’estate 2023 sotto il tendone del piccolo circo dei sogni di Peschiera Borromeo (milano) con il circus summer camp,https://www.milanotoday.it/eventi/l-estate-2023-sotto-il-tendone-del-piccolo-circo.html,Non classificato,"Via Giosuè Carducci, Cerchia dei Navigli, Municipio 1, Milano, Lombardia, 20123, Italia",45.4642303,9.1746615,0
Spettacoli,12-06-23,2023-06-12,"Largo Antonio Greppi,20121, Milano, MI,Italia",Piccolo Teatro - Teatro Strehler,Hỳbris,https://www.teatro.it/spettacoli/milano/piccolo-teatro-teatro-strehler/2022-2023/hybris,Teatro e spettacolo,"Largo Antonio Greppi, Cerchia dei Navigli, Municipio 1, Milano, Lombardia, 20121, Italia",45.4718248,9.1828857,4
,02-07-23,2023-06-12,"Strada Statale dei Giovi, 35, Milano, MI",CENTRO COMMECIALE BRIANZA,"Offerta Completa per lo Shopping e il Divertimento, e un Concorso Food & Win nel Mese di Giugno",https://www.milanotoday.it/eventi/Food-Win-Mese-Giugno.html,Non classificato,"Via Strada Statale 35 dei Giovi, Villaggio Ambrosiano, Paderno Dugnano, Zona Omogenea Milano Nord, Milano, Lombardia, 20037, Italia",45.553365,9.1543228,5
Convegno/conferenza,13-06-23,2023-06-13,"Via Senato, 10, Milano, MI",Archivio di Stato di Milano,Valorizzazione di archivi e collezioni: la gestione di beni e diritti tra vincoli e autonomia negoziale,,Formazione e networking,"10, Via Senato, Guastalla, Municipio 1, Milano, Lombardia, 20121, Italia",45.4700976,9.1981223,4
Spettacoli,13-06-23,2023-06-13,"Via Rovello 2,20121, Milano, MI,Italia",Piccolo Teatro - Teatro Grassi,Libertà obbligatoria,https://www.teatro.it/spettacoli/milano/piccolo-teatro-teatro-grassi/2022-2023/di-giorgio-gaber-liberta-obbligatoria,Teatro e spettacolo,"2, Via Rovello, Brera, Milano, Lombardia, 20121, Italia",45.4665188,9.1847651,4
,14-06-23,2023-06-14,"Via Jacopo dal Verme, 16, Milano, MI",Isola Casa Teatro,Afferrare marla,https://www.milanotoday.it/eventi/afferrare-marla-dardi-makhloufi.html,Non classificato,"Panificio Angela, 16, Via Jacopo Dal Verme, Isola, Municipio 9, Milano, Lombardia, 20159, Italia",45.4872494,9.188647,10
,14-06-23,2023-06-14,"Via Giulio Romano, 19, Milano, MI",Gallery Milano,"Gigi cifarelli, fuoriclasse della chitarra, live al gallery milano domani sera (mercoledì 14 giugno, ore 21.30).",https://www.milanotoday.it/eventi/gigi-cifarelli-fuoriclasse.html,Non classificato,"Via Giulio Romano, Porta Romana, Municipio 5, Milano, Lombardia, 20135, Italia",45.4486841,9.1991393,4
,14-06-23,2023-06-14,"Darsena, Milano, MI",Darsena,In Darsena a Milano torna il wakeboard,https://www.milanotoday.it/eventi/wakeboard-darsena-2023.html,Non classificato,"Darsena, Navigli, Municipio 6, Milano, Lombardia, Italia",45.4536286,9.1755852,0
Mostre,16-07-23,2023-06-14,"Viale Vincenzo Lancetti, 43, Milano, MI",spazioSERRA,Hameli il club impossibile degli ospiti indesiderati,https://www.milanotoday.it/eventi/hameli-il-club-impossibile.html,Arte e cultura,"43, Viale Vincenzo Lancetti, Farini, Municipio 9, Milano, Lombardia, 20158, Italia",45.4950429,9.1760266,10
,30-06-23,2023-06-15,"Via Brera, 2, Milano, MI",Galleria Ponte Rosso,Galleria Ponte Rosso 1973 / 2023,https://www.milanotoday.it/eventi/galleria-ponte-rosso-2023.html,Non classificato,"Valstar, 2, Via Brera, Brera, Milano, Lombardia, 20121, Italia",45.4693543,9.1882354,4
Convegno/conferenza,15-06-23,2023-06-15,"Via Senato, 10, Milano, MI",Archivio di Stato di Milano,La verità di carta. A cosa servono gli archivi?,,Formazione e networking,"10, Via Senato, Guastalla, Municipio 1, Milano, Lombardia, 20121, Italia",45.4700976,9.1981223,4
,15-06-23,2023-06-15,"Viale Certosa, 36, Milano, MI","Pet store Arcaplanet Milano – Via Certosa, 36","Party dei Cuccioli: un evento esclusivo nel Pet store di Milano in Via Certosa, 36",https://www.milanotoday.it/eventi/party-cuccioli-milano-certosa.html,Non classificato,"36, Viale Certosa, Villapizzone, Cagnola, Municipio 8 di Milano, Milano, Lombardia, 20155, Italia",45.4907652,9.1505197,13
Auto e moto,17-06-23,2023-06-16,"Piazza Gae Aulenti, Milano, MI",,Power Full Days: un evento per presentare l’auto rivelazione dell’anno,https://www.milanotoday.it/eventi/jeep-avenger-elettrico-evento-milano-2023.html,Altri eventi,"Piazza Gae Aulenti, GARIBALDI REPUBBLICA, Municipio 9, Milano, Lombardia, Italia",45.4834778,9.1902248,10
Cibo e Vino,18-06-23,2023-06-16,"Piazza Città di Lombardia, Milano, MI",Piazza Città di Lombardia,"Milano Sushi Festival 2023: orari, programma e che cosa mangiare",https://www.milanotoday.it/eventi/milano-sushi-festival-2023.html,Enogastronomia,"Piazza Città di Lombardia, GARIBALDI REPUBBLICA, Municipio 9, Milano, Lombardia, 20124, Italia",45.4867209,9.1960553,10
Spettacoli,16-06-23,2023-06-16,"Corso Buenos Aires 33,20124, Milano, MI,Italia",Elfo Puccini - sala Shakespeare,Acquadueo. Un pianeta molto liquido,https://www.teatro.it/spettacoli/milano/elfo-puccini-sala-shakespeare/2022-2023/acquadueo-un-pianeta-molto-liquido,Teatro e spettacolo,"Teatro Elfo Puccini, 33, Corso Buenos Aires, Buenos Aires - Venezia, Municipio 3, Milano, Lombardia, 20124, Italia",45.4794317,9.2098387,6
,30-06-23,2023-06-16,"Via Gaetano de Castillia, 28, Milano, MI",BAM - Biblioteca degli Alberi Milano,"Arriva Weroad film fest, un festival cinematografico open air",https://www.milanotoday.it/eventi/weroad-film-fest-2023.html,Non classificato,"28, Via Gaetano De Castillia, Isola, Municipio 9, Milano, Lombardia, 20124, Italia",45.4857844,9.192789,10
,16-06-23,2023-06-16,"Via Andrea Verga, 5, Milano, MI",Teatro del Borgo,Us | them - the dark side of the moon 1973 - 2023,https://www.milanotoday.it/eventi/us-them-the-dark-side-of-the-moon-1973-2023.html,Non classificato,"Via Andrea Verga, Washington, Municipio 7, Milano, Lombardia, 20144, Italia",45.4624806,9.1606666,0
,18-06-23,2023-06-16,"Piazza Città di Lombardia, Milano, MI",,Milano Sushi Festival; dal 16 al 18 giugno la cucina del Sol Levante protagonista a Milano,https://www.milanotoday.it/eventi/milano-sushi-festival-milano-2023.html,Non classificato,"Piazza Città di Lombardia, GARIBALDI REPUBBLICA, Municipio 9, Milano, Lombardia, 20124, Italia",45.4867209,9.1960553,10
Cibo e Vino,18-06-23,2023-06-16,"Piazza Gramsci, Milano, MI",Cinisello Balsamo,"Panini, pizza e arrosticini: a Cinisello Balsamo arriva il festival di street food",https://www.milanotoday.it/eventi/festival-street-food-cinisello-balsamo.html,Enogastronomia,"Piazza Gramsci, Piazza Antonio Gramsci, Bullona, Municipio 8 di Milano, Milano, Lombardia, 20154, Italia",45.4820161,9.1680933,10
Disco&Feste,17-06-23,2023-06-17,"Via Luigi Granelli, 1, Milano, MI",Carroponte,"Holi dance festival, la festa indiana dei colori arriva al Carroponte",https://www.milanotoday.it/eventi/holi-dance-festival-carroponte-festa-colore.html,Musica e vita notturna,"Carroponte, 1, Via Luigi Granelli, Rondò, Torretta, Sesto San Giovanni, Zona Omogenea Milano Nord, Milano, Lombardia, 20099, Italia",45.529574,9.2209217,5
Disco&Feste,17-06-23,2023-06-17,"Viale Emilio Alemagna, 6, Milano, MI",La Triennale di Milano,La festa in Triennale con musiche degli anni '60 e '70,https://www.milanotoday.it/eventi/festa-discoteca-triennale.html,Musica e vita notturna,"Triennale Design Museum, 6, Viale Emilio Alemagna, Parco Sempione, Municipio 1, Milano, Lombardia, 20121, Italia",45.4721477,9.1734894,10
,17-06-23,2023-06-17,"Cascina Santa Brera 8, Milano, MI",Progetto Aquila,I cuccioli di San Giuliano cercano casa,https://www.milanotoday.it/eventi/adottare-cuccioli-2023.html,Non classificato,"Cascina Santa Brera, San Giuliano Milanese, Milano, Lombardia, 20075, Italia",45.3758963,9.3181631,11
Concerti,18-06-23,2023-06-17,"Via Milanese, Milano, MI",Carroponte,"A Milano l'Holi festival, la festa più colorata del mondo",https://www.milanotoday.it/eventi/holi-dance-festival-colori.html,Musica e vita notturna,"Via Milanese, Villa Rachele, Cinisello Balsamo, Zona Omogenea Milano Nord, Milano, Lombardia, 20092, Italia",45.5378403,9.2189969,5
,17-06-23,2023-06-17,"Via Pier Paolo Pasolini, 3, Milano, MI",Cascina Merlata,Connessioni: installazione monumentale partecipata a cascina merlata,https://www.milanotoday.it/eventi/connessioni-installazione-monumentale.html,Non classificato,"Cascina Merlata SPAZIO VIVO, 3, Via Pier Paolo Pasolini, Maggiore - Musocco, Cascina Merlata, Municipio 8 di Milano, Milano, Lombardia, 20151, Italia",45.5066453,9.1031746,13
Disco&Feste,17-06-23,2023-06-17,"Via Circonvallazione Idroscalo, 41c, Milano, MI",Circolo Magnolia,La Zarro Night con Il Pagante al Magnolia,https://www.milanotoday.it/eventi/festa-zarro-night-il-pagante-magnolia.html,Musica e vita notturna,"Via Circonvallazione Idroscalo, Novegro, Segrate, Milano, Lombardia, 20054, Italia",45.465095,9.2830627,2
Mostre,30-07-23,2023-06-17,"Via Alessandro Manzoni, 12, Milano, MI",Museo Poldi Pezzoli,Alla ricerca del fantasma Poldo al Museo Poldi Pezzoli,https://www.milanotoday.it/eventi/mostra-per-bambini-museo-poldi-pezzoli.html,Arte e cultura,"Museo Poldi Pezzoli, 12, Via Alessandro Manzoni, Duomo, Municipio 1, Milano, Lombardia, 20121, Italia",45.4684748,9.1917804,4
Manifestazioni,31-08-23,2023-06-17,"Via Giorgio la Pira, 16, Milano, MI",Concorezzo,Il divertimento dell'Acquapark di Concorezzo a prezzi scontati,https://www.milanotoday.it/eventi/sconti-acquapark-concorezzo-offerte.html,Altri eventi,"Via Giorgio La Pira, Cascina Sirtori, Cernusco sul Naviglio, Milano, Lombardia, 20063, Italia",45.5327289,9.3278766,7
,18-06-23,2023-06-18,"Via Giuseppe Meda, 25, Milano, MI",Associazione Artè Centro Yoga,Il sogno presentazione del disco e libro kavi: il poeta è vivo,https://www.milanotoday.it/eventi/il-sogno-presentazione-del-disco-2023.html,Non classificato,"25, Via Giuseppe Meda, Ticinese, Municipio 5, Milano, Lombardia, 20136, Italia",45.4429838,9.1790639,0
Spettacoli,18-06-23,2023-06-18,"via Pier Lombardo,14,20135, Milano, MI,Italia",Franco Parenti - Sala Grande,Il domatore,https://www.teatro.it/spettacoli/milano/franco-parenti-sala-grande/2022-2023/il-domatore,Teatro e spettacolo,"Via Pier Lombardo, Porta Romana, Municipio 4, Milano, Lombardia, 20135, Italia",45.4542958,9.2063109,4
Spettacoli,18-06-23,2023-06-18,"Piazzale Angelo Moratti,20151, Milano, MI,Italia",Stadio San Siro,TIZIANO FERRO - TZN 2023,https://www.teatro.it/spettacoli/milano/stadio-san-siro/2022-2023/tiziano-ferro-tnz-2023,Teatro e spettacolo,"Piazzale Angelo Moratti, San Siro, Municipio 7, Milano, Lombardia, 20148, Italia",45.478178,9.1212742,13
,18-06-23,2023-06-18,"Via Felice Orsini, 21, Milano, MI",Villa Scheibler,Concerto lirico in villa Scheibler,https://www.milanotoday.it/eventi/concerto-lirico-scheibler.html,Non classificato,"21, Via Felice Orsini, Vialba, Quarto Oggiaro, Municipio 8 di Milano, Milano, Lombardia, 20157, Italia",45.5181781,9.1337667,13
Spettacoli,19-06-23,2023-06-19,"Via Alessandro Manzoni 42,20121, Milano, MI,Italia",Manzoni,Il giaguaro mi guarda storto,https://www.teatro.it/spettacoli/milano/manzoni/2022-2023/teresa-mannino-il-giaguaro-mi-guarda-storto,Teatro e spettacolo,"Teatro Manzoni, 42, Via Alessandro Manzoni, Cerchia dei Navigli, Municipio 1, Milano, Lombardia, 20121, Italia",45.4710286,9.1944762,4
Manifestazioni,22-06-23,2023-06-20,Milano,10 studi di architettura di Milano,Architects party milano | i party negli studi di architettura,https://www.milanotoday.it/eventi/architects-party-milano-i-party.html,Altri eventi,"Milano, Lombardia, Italia",45.4641943,9.1896346,4
,20-06-23,2023-06-20,"Via Silvio Pellico, 6, Milano, MI",Sede dell'Associazione Amici del Loggione,"Richard Wagner, bob dylan e il mito",https://www.milanotoday.it/eventi/richard-wagner-bob-dylan-e-il-mito.html,Non classificato,"6, Via Silvio Pellico, Quartiere Marconi, Cascina Gaggia, Trezzano sul Naviglio, Milano, Lombardia, 20090, Italia",45.4307747,9.0608724,3
Incontri,22-09-23,2023-06-20,"Via Neera, 24, Milano, MI",Campo sportivo Parrocchia S. Maria Annunciata in Chiesa Rossa,Cinema arena chiesa rossa 2023,https://www.milanotoday.it/eventi/cinema-arena-chiesa-rossa-2023.html,Formazione e networking,"Via Neera, Stadera, Municipio 5, Milano, Lombardia, 20136, Italia",45.4331025,9.1801233,0
Incontri,15-07-23,2023-06-20,"Via Solferino, 56, Milano, MI",Spaziotemporaneo,Soluzione di continuità | alessio larocchi,https://www.milanotoday.it/eventi/soluzione-di-continuita-alessio-larocchi.html,Formazione e networking,"Baladin Milano, 56, Via Solferino, Brera, Municipio 1, Milano, Lombardia, 20100, Italia",45.4797332,9.1889733,10
,20-06-23,2023-06-20,"Via Silvio Pellico, 6, Milano, MI",Sala degli Amici del Loggione della Scala,Wagner e Dylan: due narrazioni a confronto,https://www.milanotoday.it/eventi/richard-wagner-bob-dylan-2023.html,Non classificato,"6, Via Silvio Pellico, Quartiere Marconi, Cascina Gaggia, Trezzano sul Naviglio, Milano, Lombardia, 20090, Italia",45.4307747,9.0608724,3
Cibo e Vino,21-06-23,2023-06-21,"Alzaia Naviglio Pavese, 2, Milano, MI",,"MIEZ’A VIA porta lo spirito di Napoli a Milano: appuntamento il 21 giugno con street gastronomy, musica e design",https://www.milanotoday.it/eventi/cucina-napoletana-evento-navigli-voiello-2023.html,Enogastronomia,"Winelivery, 2, Alzaia Naviglio Pavese, Navigli, Municipio 6, Milano, Lombardia, 20143, Italia",45.4519216,9.1776879,0
Mostre,06-09-23,2023-06-21,"Piazza del Duomo, Milano, MI",Palazzo Reale,"Scrittori, attori e artisti nelle bellissime foto di Mario Dondero",https://www.milanotoday.it/eventi/mostra-fotografica-mario-dondero-palazzo-reale.html,Arte e cultura,"Piazza del Duomo, Duomo, Municipio 1, Milano, Lombardia, Italia",45.4639102,9.1906398,4
Mostre,29-06-23,2023-06-21,"Alzaia Naviglio Pavese, 16, Milano, MI",ex fornace,Artemisia a milano  1993-2023,https://www.milanotoday.it/eventi/artemisia-a-milano-1993-2023.html,Arte e cultura,"16, Alzaia Naviglio Pavese, Navigli, Municipio 6, Milano, Lombardia, 20143, Italia",45.4500421,9.1774094,0
Spettacoli,21-06-23,2023-06-21,"Piazza Castello,20121, Milano, MI,Italia",Castello Sforzesco,MICHELE BRAVI - Mondo Sottile Live,https://www.teatro.it/spettacoli/milano/castello-sforzesco/2022-2023/michele-bravi-mondo-sottile-live,Teatro e spettacolo,"Piazza Castello, Cerchia dei Navigli, Municipio 1, Milano, Lombardia, 20121, Italia",45.4710309,9.1814326,4
,21-06-23,2023-06-21,"Corso Garibaldi, 115, Milano, MI",,Una nuova gelateria a Milano per celebrare l'autentico piacere: assaggi in omaggio,https://www.milanotoday.it/eventi/apertura-nuova-gelateria.html,Non classificato,"Corso Giuseppe Garibaldi, Brera, Municipio 1, Milano, Lombardia, 20121, Italia",45.4730864,9.1837221,4
Manifestazioni,10-09-23,2023-06-21,"Piazza Castello, Milano, MI",Castello Sforzesco,"Estate al Castello 2023, la musica e il teatro nel cuore di Milano",https://www.milanotoday.it/eventi/estate-al-castello-2023.html,Altri eventi,"Piazza Castello, Cerchia dei Navigli, Municipio 1, Milano, Lombardia, Italia",45.4704699,9.1819129,4
,20-09-23,2023-06-21,"Piazza della Repubblica, Milano, MI",ME MILAN IL DUCA,Mascoli presenta Heroes,https://www.milanotoday.it/eventi/mascoli-presenta-heroes.html,Non classificato,"Piazza della Repubblica, Centrale, Municipio 2, Milano, Lombardia, 20100, Italia",45.4788283,9.1963487,4
Manifestazioni,13-10-23,2023-06-21,"Via Giulio Cesare Procaccini, 11, Milano, MI",Fabbrica del Vapore,"Alla Fabbrica del Vapore torna ""Vapore d'estate"" (e il cinema all'aperto di Arianteo)",https://www.milanotoday.it/eventi/vapore-estate-fabbrica-vapore-2023.html,Altri eventi,"Qf QWork, 11, Via Giulio Cesare Procaccini, Sarpi, Porta Volta, Municipio 8 di Milano, Milano, Lombardia, 20154, Italia",45.4836611,9.1735769,10
Spettacoli,22-06-23,2023-06-22,"Via Filodrammatici 2,20121, Milano, MI,Italia",Teatro Alla Scala,Rusalka,https://www.teatro.it/spettacoli/milano/teatro-alla-scala/2022-2023/rusalka-regia-emma-dante,Teatro e spettacolo,"2, Via Filodrammatici, Brera, Milano, Lombardia, 20121, Italia",45.4676198,9.1884287,4
,22-06-23,2023-06-22,"Via Camporgnago, 40, Milano, MI",Casa di Reclusione di Milano Opera,Orchestra in opera per il sociale,https://www.milanotoday.it/eventi/orchestra-in-opera-per-il-sociale-2023.html,Non classificato,"Via Camporgnago, Parco delle Abbazie, Municipio 5, Milano, Lombardia, 20241, Italia",45.4015723,9.2053744,0
Mostre,29-10-23,2023-06-22,"Viale Emilio Alemagna, 6, Milano, MI",La Triennale di Milano,Il fascino della foresta arriva in Triennale,https://www.milanotoday.it/eventi/mostra-foresta-triennale.html,Arte e cultura,"Triennale Design Museum, 6, Viale Emilio Alemagna, Parco Sempione, Municipio 1, Milano, Lombardia, 20121, Italia",45.4721477,9.1734894,10
,22-06-23,2023-06-22,"Via Santa Croce, 15, Milano, MI",Associazione IBVA,Corti in giardino. proiezione dei corti vincitori di integrazione film festival 2023,https://www.milanotoday.it/eventi/corti-in-giardino-proiezione-dei-corti.html,Non classificato,"Via Santa Croce, Ticinese, Municipio 1, Milano, Lombardia, 20136, Italia",45.4540253,9.1823474,0
,22-06-23,2023-06-22,"Via Francesco de Sanctis, Milano, MI",Al Pulentin,Cena con delitto - il caso del cameriere fantasma,https://www.milanotoday.it/eventi/cena-con-delitto-il-caso-del-cameriere-fantasma-2023.html,Non classificato,"Via Francesco De Sanctis, Stadera, Municipio 5, Milano, Lombardia, 20136, Italia",45.4361899,9.1758331,0
,15-07-23,2023-06-22,"Via Ippodromo, Milano, MI",Ippodromo Snai La Maura,"I-Days Milano, tutti i concerti in programma",https://www.milanotoday.it/eventi/i-days-milano-2023-cantanti.html,Non classificato,"Via Ippodromo, San Siro, Municipio 7, Municipio 8 di Milano, Milano, Lombardia, 20151, Italia",45.4853093,9.1206293,13
Spettacoli,23-06-23,2023-06-23,"Via Giovanni Bovio,5,20159, Milano, MI,Italia",Bruno Munari,Eleazaro Rossi - L'ora di religione,https://www.teatro.it/spettacoli/milano/bruno-munari/2022-2023/eleazaro-rossi-lora-di-religione,Teatro e spettacolo,"Via Giovanni Bovio, Dergano, Municipio 9, Milano, Lombardia, 20159, Italia",45.5027065,9.1827045,10
Spettacoli,23-06-23,2023-06-23,"Corso Buenos Aires 33,20124, Milano, MI,Italia",Elfo Puccini - sala Shakespeare,Lemnos,https://www.teatro.it/spettacoli/milano/elfo-puccini-sala-shakespeare/2022-2023/lemnos,Teatro e spettacolo,"Teatro Elfo Puccini, 33, Corso Buenos Aires, Buenos Aires - Venezia, Municipio 3, Milano, Lombardia, 20124, Italia",45.4794317,9.2098387,6
Spettacoli,23-06-23,2023-06-23,"Corso Buenos Aires,33,20124, Milano, MI,Italia",Teatro Elfo Puccini - sala Fassbinder,Giusto,https://www.teatro.it/spettacoli/milano/teatro-elfo-puccini-sala-fassbinder/2022-2023/giusto,Teatro e spettacolo,"Teatro Elfo Puccini, 33, Corso Buenos Aires, Buenos Aires - Venezia, Municipio 3, Milano, Lombardia, 20124, Italia",45.4794317,9.2098387,6
Spettacoli,23-06-23,2023-06-23,"Corso Buenos Aires 33,20124, Milano, MI,Italia",Elfo Puccini - sala Shakespeare,Sherpa,https://www.teatro.it/spettacoli/milano/elfo-puccini-sala-shakespeare/2022-2023/sherpa,Teatro e spettacolo,"Teatro Elfo Puccini, 33, Corso Buenos Aires, Buenos Aires - Venezia, Municipio 3, Milano, Lombardia, 20124, Italia",45.4794317,9.2098387,6
Spettacoli,23-06-23,2023-06-23,"via Granelli 1,20099, Sesto San Giovanni, MI,Italia",Carroponte,THE LUMINEERS - Brightside World Tour 2023,https://www.teatro.it/spettacoli/sesto-san-giovanni/carroponte/2022-2023/the-lumineers-brightside-world-tour-2023,Teatro e spettacolo,"Carroponte, 1, Via Luigi Granelli, Rondò, Torretta, Sesto San Giovanni, Zona Omogenea Milano Nord, Milano, Lombardia, 20099, Italia",45.529574,9.2209217,5
Teatri,30-06-23,2023-06-23,"Via Rivoli, 6, Milano, MI",Piccolo Teatro Strehler,Passione e balli sfrenati al Milano Flamenco Festival,https://www.milanotoday.it/eventi/milano-flamenco-festival-2023.html,Teatro e spettacolo,"6, Via Rivoli, Brera, Municipio 1, Milano, Lombardia, 20121, Italia",45.4726093,9.182881,4
,23-06-23,2023-06-23,"Piazza Castello, Milano, MI",sala consiliare,"Ad Abbiategrasso, assemblea cittadina sulla sanità",https://www.milanotoday.it/eventi/ad-abbiategrasso-assemblea-cittadina-2023.html,Non classificato,"Piazza Castello, Cerchia dei Navigli, Municipio 1, Milano, Lombardia, Italia",45.4704699,9.1819129,4
,07-07-23,2023-06-23,"Via Voghera, 9, Milano, MI",Fumo Gallery,Abstract vs new figurative art,https://www.milanotoday.it/eventi/abstract-figurative-art.html,Non classificato,"Teatri Possibili, 9, Via Voghera, Tortona, Municipio 6, Milano, Lombardia, 20144, Italia",45.4542518,9.1675836,0
Convegno/conferenza,23-06-23,2023-06-23,"Via Sant'Antonio, 5, Milano, MI","Università degli Studi di Milano, Sala Pio XII",Arturo Swarz e la sua eredità: dalla tutela alla valorizzazione,,Formazione e networking,"5, Via Sant'Antonio, Duomo, Municipio 1, Milano, Lombardia, 20122, Italia",45.4614519,9.1934697,4
Manifestazioni,25-06-23,2023-06-24,"Via Palestro, Milano, MI",Giardini Indro Montanelli,Bike night milano-lago,https://www.milanotoday.it/eventi/bike-night-milano-lago.html,Altri eventi,"Via Palestro, Giardini Porta Venezia, Municipio 1, Milano, Lombardia, 20219, Italia",45.4722109,9.2017814,4
,24-06-23,2023-06-24,"Via Giulio Cesare Procaccini, 4, Milano, MI",Fabbirca del Vapore - Sala Colonne,Workshop logistica urbana: il corriere in cargo bike e la ciclo-logistica,https://www.milanotoday.it/eventi/workshop-logistica-urbana-il-corriere.html,Non classificato,"4, Via Giulio Cesare Procaccini, Bullona, Porta Volta, Municipio 8 di Milano, Milano, Lombardia, 20154, Italia",45.4839945,9.1753796,10
Disco&Feste,24-06-23,2023-06-24,"Viale Emilio Alemagna, 6, Milano, MI",La Triennale di Milano,La festa di Le Cannibale in Triennale con musica elettronica,https://www.milanotoday.it/eventi/festa-le-cannibale-triennale-musica-elettronica.html,Musica e vita notturna,"Triennale Design Museum, 6, Viale Emilio Alemagna, Parco Sempione, Municipio 1, Milano, Lombardia, 20121, Italia",45.4721477,9.1734894,10
Concerti,25-06-23,2023-06-24,"Piazzale Angelo Moratti, Milano, MI",Stadio San Siro,"I Coldplay tornano a Milano: doppio concerto a San Siro, le date",https://www.milanotoday.it/eventi/concerti-coldplay-2023-san-siro.html,Musica e vita notturna,"Piazzale Angelo Moratti, San Siro, Municipio 7, Milano, Lombardia, 20148, Italia",45.478178,9.1212742,13
,24-06-23,2023-06-24,"Via Giuseppe Eugenio Luraghi, 11, Milano, MI",Centro Odontoiatrico Humanitas Medical Care Arese,Disallineamento dentale? Quest’estate scopri l'apparecchio trasparente per il tuo sorriso,https://www.milanotoday.it/eventi/Disallineamento-dentale.html,Non classificato,"Via Maestra, 11, Viale Giuseppe Eugenio Luraghi, Valera, Arese, Milano, Lombardia, 20044, Italia",45.5638918,9.0510987,8
,25-06-23,2023-06-24,"Piazza Vittoria, Milano, MI",Castello Mediceo,Uno sguardo sul medioevo,https://www.milanotoday.it/eventi/sguardo-medioevo-2023.html,Non classificato,"Piazza Vittoria, Melegnano, Milano, Lombardia, 20077, Italia",45.357192,9.324294,11
Manifestazioni,24-06-23,2023-06-24,"Via Vittor Pisani, Milano, MI",Stazione Centrale,"Milano Pride 2023, orari e percorso",https://www.milanotoday.it/eventi/milano-pride-2023.html,Altri eventi,"Via Vittor Pisani, Centrale, Municipio 2, Milano, Lombardia, 20124, Italia",45.4817141,9.2002802,4
Spettacoli,24-06-23,2023-06-24,"Piazza Castello,20121, Milano, MI,Italia",Castello Sforzesco,"Vieni avanti, cretina!",https://www.teatro.it/spettacoli/milano/castello-sforzesco/2022-2023/vieni-avanti-cretina,Teatro e spettacolo,"Piazza Castello, Cerchia dei Navigli, Municipio 1, Milano, Lombardia, 20121, Italia",45.4710309,9.1814326,4
Cibo e Vino,25-06-23,2023-06-24,"Corso Venezia, 47, Milano, MI",Palazzo Castiglioni,"Chocolove, la grande festa del gelato al cioccolato arriva a Milano",https://www.milanotoday.it/eventi/chocolove-festival-gelato-cioccolato.html,Enogastronomia,"47, Corso Venezia, Guastalla, Municipio 1, Milano, Lombardia, 20121, Italia",45.4710655,9.2013574,4
Spettacoli,25-06-23,2023-06-25,"Corso di Porta Romana 63,20122, Milano, MI,Italia",Carcano,Il sogno di Radha - Bollywood Musical,https://www.teatro.it/spettacoli/milano/carcano/2022-2023/il-sogno-di-radha-bollywood-musical,Teatro e spettacolo,"Teatro Carcano, 63, Corso di Porta Romana, Crocetta, Municipio 1, Milano, Lombardia, 20121, Italia",45.4566842,9.1955297,4
Manifestazioni,25-06-23,2023-06-25,"Via Ippodromo, Milano, MI",Ippodromo di San Siro,Supercar e 'battesimo della sella' per i bambini: una domenica per famiglie all'Ippodromo,https://www.milanotoday.it/eventi/ippodromo-25-giugno-2023.html,Altri eventi,"Via Ippodromo, San Siro, Municipio 7, Municipio 8 di Milano, Milano, Lombardia, 20151, Italia",45.4853093,9.1206293,13
Concerti,25-06-23,2023-06-25,"Via Bovisasca, 57, Milano, MI",Spirit de Milan,Buon compleanno Spirit de Milan! Musica dal vivo e spettacoli da non perdere,https://www.milanotoday.it/eventi/festa-compleanno-spirit-de-milan-2023.html,Musica e vita notturna,"Via Bovisasca, Bovisa, Municipio 9, Milano, Lombardia, 20158, Italia",45.5031504,9.161215,10
Spettacoli,25-06-23,2023-06-25,"Viale Italia 576,20099, Sesto San Giovanni, MI,Italia",Under The Grand Chapiteau,KURIOS - Cirque du Soleil,https://www.teatro.it/spettacoli/milano/under-the-grand-chapiteau/2022-2023/kurios-cirque-du-soleil,Teatro e spettacolo,"Viale Italia, Rione Vittoria, Sesto San Giovanni, Zona Omogenea Milano Nord, Milano, Lombardia, 20099, Italia",45.5243623,9.2284729,5
Concerti,25-06-23,2023-06-25,"Largo Gustav Mahler, Milano, MI","Auditorium di Milano Fondazione Cariplo, POSTI ESAURITI",PerEnnio concerto omaggio a Morricone per il progetto Musica e Salute,https://www.milanotoday.it/eventi/concerto-morricone-musica-e-salute.html,Musica e vita notturna,"Largo Gustav Mahler, Ticinese, Municipio 5, Milano, Lombardia, 20136, Italia",45.4463151,9.1792547,0
Concerti,26-06-23,2023-06-25,"Piazzale Angelo Moratti, Milano, MI",Stadio San Siro,"Concerto Coldplay a Milano: da oggi biglietti in vendita, prezzi e dove comprarli",https://www.milanotoday.it/eventi/biglietti-concerto-coldplay-san-siro.html,Musica e vita notturna,"Piazzale Angelo Moratti, San Siro, Municipio 7, Milano, Lombardia, 20148, Italia",45.478178,9.1212742,13
Spettacoli,26-06-23,2023-06-26,"Piazza Castello,20121, Milano, MI,Italia",Castello Sforzesco,GHEMON - E' una cosetta così,https://www.teatro.it/spettacoli/milano/castello-sforzesco/2022-2023/ghemon-e-una-cosetta-cosi,Teatro e spettacolo,"Piazza Castello, Cerchia dei Navigli, Municipio 1, Milano, Lombardia, 20121, Italia",45.4710309,9.1814326,4
Convegno/conferenza,26-06-23,2023-06-26,"via Brera, 28, Milano, MI",Pinacoteca di Brera - Biblioteca Nazionale Braidense di Milano,- 100 GIORNI E OLTRE Una visione di Brera per il futuro,,Formazione e networking,"Istituto Nazionale di Astrofisica – Osservatorio astronomico di Brera, 28, Via Brera, Cerchia dei Navigli, Municipio 1, Milano, Lombardia, 20121, Italia",45.4715946,9.1889707,4
,01-07-23,2023-06-26,"Via Nicola Antonio Porpora, 16a, Milano, MI",iKonica Art Gallery,New York views,https://www.milanotoday.it/eventi/new-york-views-lucio-forte-2023.html,Non classificato,"Via Nicola Antonio Porpora, Città Studi, Municipio 3, Milano, Lombardia, 20131, Italia",45.4861128,9.2333325,6
,08-07-23,2023-06-27,"Via Santa Maria Valle, 2, Milano, MI",MA-EC Gallery,Artemida art week,https://www.milanotoday.it/eventi/artemida-art-week-2023.html,Non classificato,"Fondazione Alessandro Durini, 2, Via Santa Maria Valle, Cerchia dei Navigli, Municipio 1, Milano, Lombardia, 20123, Italia",45.4600544,9.1838916,4
Concerti,27-06-23,2023-06-27,"Piazza del Duomo, Milano, MI",Piazza Duomo,Il concerto Love Mi di Fedez torna a Milano. Tutti i cantanti presenti alla serata di beneficenza,https://www.milanotoday.it/eventi/concerto-love-mi-fedez-2023.html,Musica e vita notturna,"Piazza del Duomo, Duomo, Municipio 1, Milano, Lombardia, Italia",45.4639102,9.1906398,4
Spettacoli,27-06-23,2023-06-27,"Piazza Castello,20121, Milano, MI,Italia",Castello Sforzesco,Incognito,https://www.teatro.it/spettacoli/milano/castello-sforzesco/2022-2023/incognito,Teatro e spettacolo,"Piazza Castello, Cerchia dei Navigli, Municipio 1, Milano, Lombardia, 20121, Italia",45.4710309,9.1814326,4
Convegno/conferenza,28-06-23,2023-06-28,"via Brera, 28, Milano, MI",Pinacoteca di Brera - Biblioteca Nazionale Braidense di Milano,Sei abbonato a Brera? Aiutaci a creare il futuro del museo,,Formazione e networking,"Istituto Nazionale di Astrofisica – Osservatorio astronomico di Brera, 28, Via Brera, Cerchia dei Navigli, Municipio 1, Milano, Lombardia, 20121, Italia",45.4715946,9.1889707,4
Concerti,28-06-23,2023-06-28,"Piazzale Angelo Moratti, Milano, MI",Stadio San Siro,"Coldplay a Milano: aggiunta un'altra data, da oggi in vendita i biglietti per il concerto",https://www.milanotoday.it/eventi/coldplay-milano-nuovo-concerto-biglietti.html,Musica e vita notturna,"Piazzale Angelo Moratti, San Siro, Municipio 7, Milano, Lombardia, 20148, Italia",45.478178,9.1212742,13
Spettacoli,28-06-23,2023-06-28,"Via Fametta,1,2021 Bollate MI,Italia",Villa Arconati,Pojana e i suoi fratelli,https://www.teatro.it/spettacoli/bollate/villa-arconati/2022-2023/andrea-pennacchi-pojana-e-i-suoi-fratelli,Teatro e spettacolo,"1, Via Fametta, Via Trento, Castellazzo, Bollate, Milano, Lombardia, 20021, Italia",45.556757,9.0958021,8
,01-07-23,2023-06-29,"Piazza Città di Lombardia, Milano, MI",Piazza Città di Lombardia,La mixology incontra l'astrologia: arriva il festival dei cocktail abbinati al segno zodiacale,https://www.milanotoday.it/eventi/festival-cocktail-2023.html,Non classificato,"Piazza Città di Lombardia, GARIBALDI REPUBBLICA, Municipio 9, Milano, Lombardia, 20124, Italia",45.4867209,9.1960553,10
Spettacoli,29-06-23,2023-06-29,"Piazza Castello,20121, Milano, MI,Italia",Castello Sforzesco,MAMMADIMERDA - Live,https://www.teatro.it/spettacoli/milano/castello-sforzesco/2022-2023/mammadimerda-live,Teatro e spettacolo,"Piazza Castello, Cerchia dei Navigli, Municipio 1, Milano, Lombardia, 20121, Italia",45.4710309,9.1814326,4
,30-06-23,2023-06-30,"Corso Venezia, 2/A, Milano, MI",Teatro San Babila,"Musica e psicoterapia dal vivo al teatro san babila, va in scena il formoso therapy show",https://www.milanotoday.it/eventi/musica-e-psicoterapia-2023.html,Non classificato,"2a, Corso Venezia, Duomo, Municipio 1, Milano, Lombardia, 20121, Italia",45.4670204,9.1981104,4
Spettacoli,30-06-23,2023-06-30,"Via Castello,1,20025, Legnano, MI,Italia",Isola del Castello - Rugby sound,Tutto è possibile in Tour,https://www.teatro.it/spettacoli/legnano/isola-del-castello/2022-2023/finley-live-2023,Teatro e spettacolo,"Via Castello, Sant'Ambrogio, Legnano, Milano, Lombardia, 20025, Italia",45.58725,8.9210996,1
Disco&Feste,29-07-23,2023-06-30,Viale Milanofiori,Parcheggio Atm,"Milano Latin Festival, le più belle musiche del Sud America arrivano a Milano",https://www.milanotoday.it/eventi/milano-latin-festival-2023.html,Musica e vita notturna,"Viale Milanofiori, Bazzana Inferiore, Assago, Milano, Lombardia, 20057, Italia",45.4059453,9.1508838,14
Cibo e Vino,02-07-23,2023-06-30,"Via Fametta, 1, Milano, MI",Villa Arconati,"Arrosticini, bombette e birra nella 'piccola'Versailles' di Milano'",https://www.milanotoday.it/eventi/arrosticini-bombette-birra-villa-arconati.html,Enogastronomia,"1, Via Fametta, Via Trento, Castellazzo, Bollate, Milano, Lombardia, 20021, Italia",45.556757,9.0958021,8
Cibo e Vino,02-07-23,2023-06-30,"Via Fametta, 1, Milano, MI",Villa Arconati,"Arrosticini, bombette e birra nella piccola 'Versailles milanese'",https://www.milanotoday.it/eventi/arrosticini_birra-villa__arconati.html,Enogastronomia,"1, Via Fametta, Via Trento, Castellazzo, Bollate, Milano, Lombardia, 20021, Italia",45.556757,9.0958021,8
Spettacoli,30-06-23,2023-06-30,"Corso Buenos Aires 33,20124, Milano, MI,Italia",Elfo Puccini - Sala Bausch,La macchia,https://www.teatro.it/spettacoli/milano/elfo-puccini-sala-bausch/2022-2023/la-macchia,Teatro e spettacolo,"Teatro Elfo Puccini, 33, Corso Buenos Aires, Buenos Aires - Venezia, Municipio 3, Milano, Lombardia, 20124, Italia",45.4794317,9.2098387,6
Mostre,03-09-23,2023-07-01,"Piazza del Duomo, 12, Milano, MI",Palazzo Reale,"La reggia allo specchio, nuova mostra a Palazzo Reale",https://www.milanotoday.it/eventi/mostra-reggia-allo-specchio-palazzo-reale.html,Arte e cultura,"Giacomo, 12, Piazza del Duomo, Duomo, Municipio 1, Milano, Lombardia, 20100, Italia",45.4632066,9.1914879,4
Spettacoli,01-07-23,2023-07-01,"Via Castello,1,20025, Legnano, MI,Italia",Isola del Castello - Rugby sound,EIFFEL 65,https://www.teatro.it/spettacoli/legnano/isola-del-castello-rugby-sound/2022-2023/eiffel-65,Teatro e spettacolo,"Via Castello, Sant'Ambrogio, Legnano, Milano, Lombardia, 20025, Italia",45.58725,8.9210996,1
Promozioni,01-07-23,2023-07-01,"Via Padova, 91, Milano, MI",Bocciofila Caccialanza,"Maculopatie, screening gratuiti per la salute degli occhi a Milano",https://www.milanotoday.it/eventi/visite-gratuite-maculopatie-oculari.html,Mercati e shopping,"91, Via Padova, Padova, Municipio 2, Milano, Lombardia, 20132, Italia",45.4954283,9.2283465,6
Sport,01-07-23,2023-07-01,"Via Roma, Milano, MI",Alzaia Naviglio Pavese,"""Carton boat race"", la gara con le barche di cartone: le regole, come partecipare",https://www.milanotoday.it/eventi/corsa-barche-cartone-turbigo.html,Sport e attività fisica,"Via Roma, San Domenico, Oltresempione, Legnano, Milano, Lombardia, 20025, Italia",45.5977956,8.9124355,1
Spettacoli,01-07-23,2023-07-01,"Corso Buenos Aires 33,20124, Milano, MI,Italia",Elfo Puccini - sala Shakespeare,Festen. Il gioco della verità,https://www.teatro.it/spettacoli/milano/elfo-puccini-sala-shakespeare/2022-2023/festen-il-gioco-della-verita,Teatro e spettacolo,"Teatro Elfo Puccini, 33, Corso Buenos Aires, Buenos Aires - Venezia, Municipio 3, Milano, Lombardia, 20124, Italia",45.4794317,9.2098387,6
Disco&Feste,01-07-23,2023-07-01,"Via Bergognone, 34, Milano, MI",Base Milano,La festa Indie da Base Milano,https://www.milanotoday.it/eventi/festa-indie-base-milano.html,Musica e vita notturna,"Wikimedia Italia, 34, Via Bergognone Da Fossano, Tortona, Municipio 6, Milano, Lombardia, 20144, Italia",45.4518657,9.1625146,0
Spettacoli,02-07-23,2023-07-02,"Piazzale dello Sport,16,,20151, Milano, MI,Italia",Ippodromo di San Siro,RED HOT CHILI PEPPERS,https://www.teatro.it/spettacoli/milano/ippodromo-di-san-siro/2022-2023/red-hot-chili-peppers,Teatro e spettacolo,"Piazzale dello Sport, San Siro, Municipio 7, Milano, Lombardia, 20148, Italia",45.4804864,9.1258159,13
Spettacoli,02-07-23,2023-07-02,"Piazza Castello,20121, Milano, MI,Italia",Castello Sforzesco,Miracolato,https://www.teatro.it/spettacoli/milano/castello-sforzesco/2022-2023/max-angioni-miracolato,Teatro e spettacolo,"Piazza Castello, Cerchia dei Navigli, Municipio 1, Milano, Lombardia, 20121, Italia",45.4710309,9.1814326,4
Incontri,02-07-23,2023-07-02,"Via Grosotto, 7, Milano, MI",Piazza Portello,In Piazza Portello si scambiano i libri (e si impara a mangiare bene),https://www.milanotoday.it/eventi/scambio-libri-piazza-portello.html,Formazione e networking,"Parafarmacia Portello, 7, Via Grosotto, Villapizzone, Cagnola, Municipio 8 di Milano, Milano, Lombardia, 20149, Italia",45.490853,9.1465887,13
Spettacoli,02-07-23,2023-07-02,"Via Castello,1,20025, Legnano, MI,Italia",Isola del Castello - Rugby sound,CRISTINA D'AVENA feat. Gem Boy,https://www.teatro.it/spettacoli/legnano/isola-del-castello/2022-2023/cristina-davena-feat-gem-boy,Teatro e spettacolo,"Via Castello, Sant'Ambrogio, Legnano, Milano, Lombardia, 20025, Italia",45.58725,8.9210996,1
Spettacoli,03-07-23,2023-07-03,"Corso di Porta Vittoria,6,20122, Milano, MI,Italia",Biblioteca Sormani,E ti vengo a cercare,https://www.teatro.it/spettacoli/milano/biblioteca-sormani/2022-2023/andrea-scanzi-e-ti-vengo-a-cercare,Teatro e spettacolo,"Biblioteca Comunale Centrale Sormani, 6, Corso di Porta Vittoria, Guastalla, Municipio 1, Milano, Lombardia, 20122, Italia",45.4621276,9.1981128,4
Incontri,31-07-23,2023-07-03,"Via Ferdinando Giorgi, 15, Milano, MI",Mitades,Le attività per mamme e bambini al Parco Trenno,https://www.milanotoday.it/eventi/attivita-mamme-bambini-mitades-parco-trenno.html,Formazione e networking,"15, Via Ferdinando Giorgi, Trenno, Municipio 8 di Milano, Milano, Lombardia, 20151, Italia",45.4903942,9.1027183,13
Spettacoli,04-07-23,2023-07-04,"Viale dell'Innovazione 20,20126, Milano, MI,Italia",Arcimboldi,BOB DYLAN,https://www.teatro.it/spettacoli/milano/degli-arcimboldi/2022-2023/bob-dylan-tour-2023,Teatro e spettacolo,"20, Viale dell'Innovazione, Bicocca, Municipio 9, Milano, Lombardia, 20125, Italia",45.5148696,9.2135963,5
Spettacoli,04-07-23,2023-07-04,"Via Castello,1,20025, Legnano, MI,Italia",Isola del Castello - Rugby sound,Articolo 31 - Estate 2023,https://www.teatro.it/spettacoli/legnano/isola-del-castello/2022-2023/articolo-31-estate-2023,Teatro e spettacolo,"Via Castello, Sant'Ambrogio, Legnano, Milano, Lombardia, 20025, Italia",45.58725,8.9210996,1
Spettacoli,05-07-23,2023-07-05,"Piazzale Angelo Moratti,20151, Milano, MI,Italia",Stadio San Siro,LIGABUE - Stadi 2023,https://www.teatro.it/spettacoli/milano/stadio-san-siro/2022-2023/ligabue-stadi-2023,Teatro e spettacolo,"Piazzale Angelo Moratti, San Siro, Municipio 7, Milano, Lombardia, 20148, Italia",45.478178,9.1212742,13
Concerti,05-07-23,2023-07-05,"Piazzale Angelo Moratti, Milano, MI",Stadio Giuseppe Meazza,Ligabue torna negli stadi: annunciato concerto a Milano,https://www.milanotoday.it/eventi/concerto-ligabue-san-siro-biglietti.html,Musica e vita notturna,"Piazzale Angelo Moratti, San Siro, Municipio 7, Milano, Lombardia, 20148, Italia",45.478178,9.1212742,13
Auto e moto,16-07-23,2023-07-06,"Piazza Gae Aulenti, Milano, MI",,"Multisensorialità, test drive e musica: Gae Aulenti prende vita per presentare KONA, il nuovo SUV compatto dal look futuristico",https://www.milanotoday.it/eventi/multisensorialita-testdrive-musica-nuovo-suv.html,Altri eventi,"Piazza Gae Aulenti, GARIBALDI REPUBBLICA, Municipio 9, Milano, Lombardia, Italia",45.4834778,9.1902248,10
Spettacoli,06-07-23,2023-07-06,"Corso di Porta Vittoria,6,20122, Milano, MI,Italia",Biblioteca Sormani,Zitti tutti!,https://www.teatro.it/spettacoli/milano/biblioteca-sormani/2022-2023/zitti-tutti,Teatro e spettacolo,"Biblioteca Comunale Centrale Sormani, 6, Corso di Porta Vittoria, Guastalla, Municipio 1, Milano, Lombardia, 20122, Italia",45.4621276,9.1981128,4
Spettacoli,06-07-23,2023-07-06,"Piazzale Angelo Moratti,20151, Milano, MI,Italia",Stadio San Siro,Amici per sempre,https://www.teatro.it/spettacoli/milano/stadio-san-siro/2022-2023/pooh-amici-per-sempre,Teatro e spettacolo,"Piazzale Angelo Moratti, San Siro, Municipio 7, Milano, Lombardia, 20148, Italia",45.478178,9.1212742,13
Spettacoli,06-07-23,2023-07-06,"Via Castello,1,20025, Legnano, MI,Italia",Isola del Castello - Rugby sound,SFERA EBBASTA - Summer Tour,https://www.teatro.it/spettacoli/legnano/isola-del-castello/2022-2023/sfera-ebbasta-summer-tour,Teatro e spettacolo,"Via Castello, Sant'Ambrogio, Legnano, Milano, Lombardia, 20025, Italia",45.58725,8.9210996,1
Manifestazioni,08-07-23,2023-07-06,"Piazza Città di Lombardia, Milano, MI",Piazza Città di Lombardia,La Notte Rosa torna a illuminare Milano. Orari e programma,https://www.milanotoday.it/eventi/notte-rosa-milano-2023.html,Altri eventi,"Piazza Città di Lombardia, GARIBALDI REPUBBLICA, Municipio 9, Milano, Lombardia, 20124, Italia",45.4867209,9.1960553,10
Concerti,06-07-23,2023-07-06,"Piazzale Angelo Moratti, Milano, MI",Stadio San Siro,I Pooh in concerto a San Siro. Orari e biglietti,https://www.milanotoday.it/eventi/concerto-pooh-stadio-san-siro.html,Musica e vita notturna,"Piazzale Angelo Moratti, San Siro, Municipio 7, Milano, Lombardia, 20148, Italia",45.478178,9.1212742,13
Disco&Feste,07-07-23,2023-07-07,"Via Circonvallazione Idroscalo, 41c, Milano, MI",Circolo Magnolia,Tanti auguri Magnolia! La grande festa per i 18 anni del locale,https://www.milanotoday.it/eventi/festa-compleanno-circolo-magnolia.html,Musica e vita notturna,"Via Circonvallazione Idroscalo, Novegro, Segrate, Milano, Lombardia, 20054, Italia",45.465095,9.2830627,2
Spettacoli,07-07-23,2023-07-07,"Via Castello,1,20025, Legnano, MI,Italia",Isola del Castello - Rugby sound,SALMO - Estate 2023,https://www.teatro.it/spettacoli/legnano/isola-del-castello/2022-2023/salmo-estate-2023,Teatro e spettacolo,"Via Castello, Sant'Ambrogio, Legnano, Milano, Lombardia, 20025, Italia",45.58725,8.9210996,1
,07-07-23,2023-07-07,"Via Fabio Massimo, 19, Milano, MI",C.I.Q.,Evasio Muraro dal vivo a c.i.q.,https://www.milanotoday.it/eventi/evasio-muraro-dal-vivo-2023.html,Non classificato,"19, Via Fabio Massimo, Lodi - Corvetto, Municipio 4, Milano, Lombardia, 20139, Italia",45.4349742,9.2277681,2
Spettacoli,08-07-23,2023-07-08,"via Granelli 1,20099, Sesto San Giovanni, MI,Italia",Carroponte,Evanland - Festival Internazionale del Mondo Interiore,https://www.teatro.it/spettacoli/sesto-san-giovanni/carroponte/2022-2023/gio-evan-evanland-festival-internazionale-del-mondo-interiore-1,Teatro e spettacolo,"Carroponte, 1, Via Luigi Granelli, Rondò, Torretta, Sesto San Giovanni, Zona Omogenea Milano Nord, Milano, Lombardia, 20099, Italia",45.529574,9.2209217,5
Spettacoli,08-07-23,2023-07-08,"Via Castello,1,20025, Legnano, MI,Italia",Isola del Castello - Rugby sound,BOOMDABASH - Summer Tour 2023,https://www.teatro.it/spettacoli/legnano/isola-del-castello/2022-2023/boomdabash-summer-tour-2023,Teatro e spettacolo,"Via Castello, Sant'Ambrogio, Legnano, Milano, Lombardia, 20025, Italia",45.58725,8.9210996,1
Spettacoli,08-07-23,2023-07-08,"Piazzale Angelo Moratti,20151, Milano, MI,Italia",Stadio San Siro,MARCO MENGONI - Marco negli Stadi 2023,https://www.teatro.it/spettacoli/milano/stadio-san-siro/2022-2023/maro-mengoni-stadi-2023,Teatro e spettacolo,"Piazzale Angelo Moratti, San Siro, Municipio 7, Milano, Lombardia, 20148, Italia",45.478178,9.1212742,13
,08-07-23,2023-07-08,"Via Guascona, 19, Milano, MI",oasi lago dei cigni,Omaggio f.de andre,https://www.milanotoday.it/eventi/omaggio-f-de-andre-figli-di-un-temporale.html,Non classificato,"Via Guascona, Parco Agricolo Sud, Municipio 7, Milano, Lombardia, 20090, Italia",45.4454292,9.0672441,3
Concerti,08-07-23,2023-07-08,"Piazzale Angelo Moratti, Milano, MI",Stadio San Siro,Marco Mengoni in concerto a San Siro. Date e biglietti,https://www.milanotoday.it/eventi/concerto-marco-mengoni-stadio-san-siro.html,Musica e vita notturna,"Piazzale Angelo Moratti, San Siro, Municipio 7, Milano, Lombardia, 20148, Italia",45.478178,9.1212742,13
Disco&Feste,08-07-23,2023-07-08,"Piazza Castello, Milano, MI","Castello Sforzesco, Cortile delle Armi",La super festa di musica elettronica al Castello Sforzesco,https://www.milanotoday.it/eventi/festa-musica-elettronica-castello-sforzesco.html,Musica e vita notturna,"Piazza Castello, Cerchia dei Navigli, Municipio 1, Milano, Lombardia, Italia",45.4704699,9.1819129,4
Spettacoli,09-07-23,2023-07-09,"Via Castello,1,20025, Legnano, MI,Italia",Isola del Castello - Rugby sound,LUCHE' - Summer Tour 2023,https://www.teatro.it/spettacoli/legnano/isola-del-castello/2022-2023/luche-summer-tour-2023,Teatro e spettacolo,"Via Castello, Sant'Ambrogio, Legnano, Milano, Lombardia, 20025, Italia",45.58725,8.9210996,1
Spettacoli,09-07-23,2023-07-09,"Piazza Castello,20121, Milano, MI,Italia",Castello Sforzesco,A Muso Duro,https://www.teatro.it/spettacoli/milano/castello-sforzesco/2022-2023/rita-pavone,Teatro e spettacolo,"Piazza Castello, Cerchia dei Navigli, Municipio 1, Milano, Lombardia, 20121, Italia",45.4710309,9.1814326,4
Spettacoli,10-07-23,2023-07-10,"Piazzale dello Sport,16,,20151, Milano, MI,Italia",Ippodromo di San Siro,Live Tour 2025,https://www.teatro.it/spettacoli/milano/ippodromo-di-san-siro/2022-2023/gue-live-2023,Teatro e spettacolo,"Piazzale dello Sport, San Siro, Municipio 7, Milano, Lombardia, 20148, Italia",45.4804864,9.1258159,13
Spettacoli,10-07-23,2023-07-10,"Via Fametta,1,2021 Bollate MI,Italia",Villa Arconati,Ci vuole orecchio,https://www.teatro.it/spettacoli/bollate/villa-arconati/2022-2023/elio-ci-vuole-orecchio,Teatro e spettacolo,"1, Via Fametta, Via Trento, Castellazzo, Bollate, Milano, Lombardia, 20021, Italia",45.556757,9.0958021,8
Spettacoli,10-07-23,2023-07-10,"Via Castello,1,20025, Legnano, MI,Italia",Isola del Castello - Rugby sound,ANDREA PUCCI - Summer Tour 2023,https://www.teatro.it/spettacoli/legnano/isola-del-castello/2022-2023/andrea-pucci-pucci-summer-tour-2023,Teatro e spettacolo,"Via Castello, Sant'Ambrogio, Legnano, Milano, Lombardia, 20025, Italia",45.58725,8.9210996,1
,31-07-23,2023-07-10,"Via Giuseppe Eugenio Luraghi, 11, Milano, MI",Humanitas Medical Care Arese,Denti in salute? A luglio visite di prevenzione per il sorriso di adulti e bambini in Humanitas,https://www.milanotoday.it/eventi/denti-in-salute.html,Non classificato,"Via Maestra, 11, Viale Giuseppe Eugenio Luraghi, Valera, Arese, Milano, Lombardia, 20044, Italia",45.5638918,9.0510987,8
Spettacoli,12-07-23,2023-07-12,"Via Fametta,1,2021 Bollate MI,Italia",Villa Arconati,SUZANNE VEGA,https://www.teatro.it/spettacoli/bollate/villa-arconati/2022-2023/suzanne-vega,Teatro e spettacolo,"1, Via Fametta, Via Trento, Castellazzo, Bollate, Milano, Lombardia, 20021, Italia",45.556757,9.0958021,8
Spettacoli,12-07-23,2023-07-12,"Piazzale Angelo Moratti,20151, Milano, MI,Italia",Stadio San Siro,Pinguini Tattici Nuclerai - Stadi 2023,https://www.teatro.it/spettacoli/milano/stadio-san-siro/2022-2023/pinguini-tattici-nuclerai-stadi-2023,Teatro e spettacolo,"Piazzale Angelo Moratti, San Siro, Municipio 7, Milano, Lombardia, 20148, Italia",45.478178,9.1212742,13
Incontri,20-07-23,2023-07-12,"Via Carlo Pisacane, 55, Milano, MI",Ars Antiqua,Gli animali nell'arte,https://www.milanotoday.it/eventi/gli-animali-nell-arte-giuseppe-tassone.html,Formazione e networking,"Via Carlo Pisacane, Buenos Aires - Venezia, Municipio 3, Milano, Lombardia, 20129, Italia",45.4741658,9.2110651,6
Mostra,12-07-23,2023-07-12,"via Brera, 28, Milano, MI",Pinacoteca di Brera,FERNANDA WITTGENS - Museo Vivente,,Arte e cultura,"Istituto Nazionale di Astrofisica – Osservatorio astronomico di Brera, 28, Via Brera, Cerchia dei Navigli, Municipio 1, Milano, Lombardia, 20121, Italia",45.4715946,9.1889707,4
Spettacoli,14-07-23,2023-07-14,"Piazzale Angelo Moratti,20151, Milano, MI,Italia",Stadio San Siro,DEPECHE MODE,https://www.teatro.it/spettacoli/milano/stadio-san-siro/2022-2023/depeche-mode,Teatro e spettacolo,"Piazzale Angelo Moratti, San Siro, Municipio 7, Milano, Lombardia, 20148, Italia",45.478178,9.1212742,13
Mostre,17-09-23,2023-07-14,"Piazza del Duomo, 12, Milano, MI",Palazzo Reale,Mostra  “mario nigro. opere 1947 – 1992”,https://www.milanotoday.it/eventi/mostra-mario-nigro-opere-1947-1992-2023.html,Arte e cultura,"Giacomo, 12, Piazza del Duomo, Duomo, Municipio 1, Milano, Lombardia, 20100, Italia",45.4632066,9.1914879,4
Spettacoli,14-07-23,2023-07-14,"Piazza Castello,20121, Milano, MI,Italia",Castello Sforzesco,In concerto,https://www.teatro.it/spettacoli/milano/castello-sforzesco/2022-2023/goran-bregovic-in-concerto,Teatro e spettacolo,"Piazza Castello, Cerchia dei Navigli, Municipio 1, Milano, Lombardia, 20121, Italia",45.4710309,9.1814326,4
Concerti,15-07-23,2023-07-15,"Via Lampugnano, 95, Milano, MI",Ippodromo La Maura,Gli Arctic Monkeys in concerto a Milano. Orari e biglietti,https://www.milanotoday.it/eventi/concerto-arctic-monkeys-ippodromo-la-maura.html,Musica e vita notturna,"Via Lampugnano, Gallaratese, Lampugnano, Municipio 8 di Milano, Milano, Lombardia, 20151, Italia",45.4916933,9.1102099,13
Cibo e Vino,15-07-23,2023-07-15,"Via Giacomo Matteotti, Milano, MI",TiramiSù,"""Gelato all you can eat"": 2 ore per mangiare più coppette possibili",https://www.milanotoday.it/eventi/gelato-all-you-can-eat-rho.html,Enogastronomia,"Via Giacomo Matteotti, San Magno, Oltresempione, Legnano, Milano, Lombardia, 20025, Italia",45.5956149,8.9219135,1
Concerti,15-07-23,2023-07-15,"Via Diomede, Milano, MI",Ippodromo di San Siro,"Il mega concerto degli Iron Maiden a Milano. Orari, ingressi e biglietti",https://www.milanotoday.it/eventi/concerto-iron-maiden-biglietti.html,Musica e vita notturna,"Via Diomede, Qt 8, QT8, Municipio 8 di Milano, Milano, Lombardia, 20148, Italia",45.4830537,9.136596,13
Concerti,15-07-23,2023-07-15,"Via Ippodromo, Milano, MI",Ippodromo Snai San Siro,Gli Arctic Monkeys in concerto a Milano,https://www.milanotoday.it/eventi/arctic-monkeys-concerto-biglietti.html,Musica e vita notturna,"Via Ippodromo, San Siro, Municipio 7, Municipio 8 di Milano, Milano, Lombardia, 20151, Italia",45.4853093,9.1206293,13
Cinema,16-07-23,2023-07-16,"Viale Fulvio Testi, 121, Milano, MI",Cineteca di Milano Cinema Arlecchino,"Film ghiacciati con ghiaccioli, a Milano il cinema per bambini",https://www.milanotoday.it/eventi/film-frozen-bambini-cineteca-arlecchino.html,Arte e cultura,"Fondazione Cineteca Italiana, 121, Viale Fulvio Testi, Niguarda - Cà Granda, Municipio 9, Milano, Lombardia, 20126, Italia",45.5133792,9.2039096,5
Manifestazioni,31-07-23,2023-07-17,"Via Mozart, Milano, MI",Villa Necchi Campiglio,Gli aperitivi d'estate a Villa Necchi Campiglio,https://www.milanotoday.it/eventi/aperitivi-villa-necchi-campiglio.html,Altri eventi,"Via Wolfang Amedeus Mozart, Serviane, Calderara, Paderno Dugnano, Zona Omogenea Milano Nord, Milano, Lombardia, 20037, Italia",45.5694836,9.1831039,5
,17-07-23,2023-07-17,"Piazza della Repubblica, 20, Milano, MI",Hotel The Westin Palace,Centrale district con avis milano: lunedì 17 luglio giornata di donazione aperta ai cittadini,https://www.milanotoday.it/eventi/centrale-district-con-avis-milano-lunedi-17-luglio-2023.html,Non classificato,"20, Piazza della Repubblica, Centrale, Municipio 2, Milano, Lombardia, 20124, Italia",45.4790175,9.1990724,4
Spettacoli,17-07-23,2023-07-17,"Viale dell'Innovazione 20,20126, Milano, MI,Italia",Arcimboldi,Iggy Pop,https://www.teatro.it/spettacoli/milano/degli-arcimboldi/2022-2023/iggy-pop,Teatro e spettacolo,"20, Viale dell'Innovazione, Bicocca, Municipio 9, Milano, Lombardia, 20125, Italia",45.5148696,9.2135963,5
,18-07-23,2023-07-18,"Via Morigi, Milano, MI",El Canton,Il Pagante lancia il nuovo singolo al bar: birre gratis per tutti,https://www.milanotoday.it/eventi/pagante-birre-singolo-anteprima.html,Non classificato,"Via Morigi, Cerchia dei Navigli, Municipio 1, Milano, Lombardia, 20123, Italia",45.4637242,9.180881,4
Incontri,20-07-23,2023-07-18,"Via San Barnaba, 48, Milano, MI",Chiostri dell'Umanitaria,Gli appuntamenti estivi ai Chiostri dell'Umanitaria,https://www.milanotoday.it/eventi/appuntamenti-estivi-chiostri-umanitaria.html,Formazione e networking,"48, Via San Barnaba, Guastalla, Municipio 1, Milano, Lombardia, 20122, Italia",45.4599206,9.2019497,4
Spettacoli,18-07-23,2023-07-18,"Piazzale Angelo Moratti,20151, Milano, MI,Italia",Stadio San Siro,ULTIMO - Stadi 2023,https://www.teatro.it/spettacoli/milano/stadio-san-siro/2022-2023/ultimo-stadi-2023,Teatro e spettacolo,"Piazzale Angelo Moratti, San Siro, Municipio 7, Milano, Lombardia, 20148, Italia",45.478178,9.1212742,13
Spettacoli,19-07-23,2023-07-19,"via Granelli 1,20099, Sesto San Giovanni, MI,Italia",Carroponte,Palasport 2025,https://www.teatro.it/spettacoli/sesto-san-giovanni/carroponte/2022-2023/bresh-summer-tour-2023,Teatro e spettacolo,"Carroponte, 1, Via Luigi Granelli, Rondò, Torretta, Sesto San Giovanni, Zona Omogenea Milano Nord, Milano, Lombardia, 20099, Italia",45.529574,9.2209217,5
Spettacoli,19-07-23,2023-07-19,"Piazza Castello,20121, Milano, MI,Italia",Castello Sforzesco,"La verità, vi prego, sull'amore - Massini, Barbarossa",https://www.teatro.it/spettacoli/milano/castello-sforzesco/2022-2023/la-verita-vi-prego-sullamore-stefano-massini-luca-barbarossa,Teatro e spettacolo,"Piazza Castello, Cerchia dei Navigli, Municipio 1, Milano, Lombardia, 20121, Italia",45.4710309,9.1814326,4
Inaugurazioni,20-07-23,2023-07-19,"Corso Venezia, 51, Milano, MI",Palazzo Bovara,Lexus presenta in anteprima il suv Lbx con un grande evento gratuito,https://www.milanotoday.it/eventi/lexus-19-20-luglio.html,Inaugurazioni,"51, Corso Venezia, Guastalla, Municipio 1, Milano, Lombardia, 20121, Italia",45.4714453,9.2017768,4
Spettacoli,20-07-23,2023-07-20,"viale Alemagna,6,20121, Milano, MI,Italia",Triennale,MAKAYA MCCRAVEN,https://www.teatro.it/spettacoli/milano/triennale/2022-2023/makaya-mccraven,Teatro e spettacolo,"Triennale Design Museum, 6, Viale Emilio Alemagna, Parco Sempione, Municipio 1, Milano, Lombardia, 20121, Italia",45.4721477,9.1734894,10
Concerti,20-07-23,2023-07-20,"Piazzale Angelo Moratti, Milano, MI",Stadio Giuseppe Meazza,Blanco in concerto a San Siro (per la prima volta): biglietti in vendita da oggi,https://www.milanotoday.it/eventi/concerto-blanco-san-siro-biglietti.html,Musica e vita notturna,"Piazzale Angelo Moratti, San Siro, Municipio 7, Milano, Lombardia, 20148, Italia",45.478178,9.1212742,13
Spettacoli,20-07-23,2023-07-20,"Piazzale Angelo Moratti,20151, Milano, MI,Italia",Stadio San Siro,BLANCO 2023,https://www.teatro.it/spettacoli/milano/stadio-san-siro/2022-2023/blanco-2023,Teatro e spettacolo,"Piazzale Angelo Moratti, San Siro, Municipio 7, Milano, Lombardia, 20148, Italia",45.478178,9.1212742,13
Spettacoli,20-07-23,2023-07-20,"Piazza Castello,20121, Milano, MI,Italia",Castello Sforzesco,Santo Piacere,https://www.teatro.it/spettacoli/milano/castello-sforzesco/2022-2023/giovanni-scifoni-santo-piacere,Teatro e spettacolo,"Piazza Castello, Cerchia dei Navigli, Municipio 1, Milano, Lombardia, 20121, Italia",45.4710309,9.1814326,4
Disco&Feste,23-07-23,2023-07-21,"Via Bovisasca, 57, Milano, MI",Spirit de Milan,Allo Spirit de Milan arriva un weekend ricco di musica,https://www.milanotoday.it/eventi/concerti-spirt-de-milan-luglio-2023.html,Musica e vita notturna,"Via Bovisasca, Bovisa, Municipio 9, Milano, Lombardia, 20158, Italia",45.5031504,9.161215,10
,23-07-23,2023-07-21,"Corso Indipendenza, Milano, MI",Hotel,saro grimani in mostra a milano dal 21 al 23 luglio,https://www.milanotoday.it/eventi/saro-grimani-in-mostra-a-milano-dal-21-al-23-luglio.html,Non classificato,"Corso Indipendenza, Buenos Aires - Venezia, Municipio 3, Milano, Lombardia, 20129, Italia",45.468222,9.2122896,6
Spettacoli,22-07-23,2023-07-22,"Piazzale Angelo Moratti,20151, Milano, MI,Italia",Stadio San Siro,MUSE - Will of the People World Tour,https://www.teatro.it/spettacoli/milano/stadio-san-siro/2022-2023/muse-will-of-the-people-world-tour,Teatro e spettacolo,"Piazzale Angelo Moratti, San Siro, Municipio 7, Milano, Lombardia, 20148, Italia",45.478178,9.1212742,13
Concerti,22-07-23,2023-07-22,"Piazzale Angelo Moratti, Milano, MI",Stadio San Siro,I Muse in concerto a San Siro. Orari e biglietti,https://www.milanotoday.it/eventi/concerto-muse-stadio-san-siro.html,Musica e vita notturna,"Piazzale Angelo Moratti, San Siro, Municipio 7, Milano, Lombardia, 20148, Italia",45.478178,9.1212742,13
Disco&Feste,22-07-23,2023-07-22,"Via Emilio Morosini, 8, Milano, MI",Giardino delle Culture,Musica d'estate al Giardino delle Culture,https://www.milanotoday.it/eventi/festa-musica-giardino-delle-culture.html,Musica e vita notturna,"Via Emilio Morosini, XXII Marzo, Municipio 4, Milano, Lombardia, 20135, Italia",45.4579092,9.2103091,4
Concerti,22-07-23,2023-07-22,"Piazzale dello Sport, Milano, MI",San Siro,I Muse arrivano a Milano per un concerto imperdibile. Date e biglietti,https://www.milanotoday.it/eventi/concerto-muse-biglietti.html,Musica e vita notturna,"Piazzale dello Sport, San Siro, Municipio 7, Milano, Lombardia, 20148, Italia",45.4789681,9.130166,13
Concerti,24-07-23,2023-07-24,"Piazzale dello Sport, Milano, MI",San Siro,"I Maneskin in concerto a San Siro. Date, orari e biglietti",https://www.milanotoday.it/eventi/concerto-maneskin-san-siro-2022.html,Musica e vita notturna,"Piazzale dello Sport, San Siro, Municipio 7, Milano, Lombardia, 20148, Italia",45.4789681,9.130166,13
Concerti,25-07-23,2023-07-24,"Piazzale Angelo Moratti, Milano, MI",Stadio San Siro,Il nuovo tour dei Måneskin negli stadi e le due date di Milano,https://www.milanotoday.it/eventi/concerto-maneskin-stadio-san-siro.html,Musica e vita notturna,"Piazzale Angelo Moratti, San Siro, Municipio 7, Milano, Lombardia, 20148, Italia",45.478178,9.1212742,13
Spettacoli,25-07-23,2023-07-25,"Piazzale Angelo Moratti,20151, Milano, MI,Italia",Stadio San Siro,MANESKIN,https://www.teatro.it/spettacoli/milano/stadio-san-siro/2022-2023/maneskin,Teatro e spettacolo,"Piazzale Angelo Moratti, San Siro, Municipio 7, Milano, Lombardia, 20148, Italia",45.478178,9.1212742,13
Spettacoli,26-07-23,2023-07-26,"Via Riccardo Pitteri,60,20134, Milano, MI,Italia",Arena Milano Est,Io? Doppio! Politicamente corretto,https://www.teatro.it/spettacoli/milano/arena-milano-est/2022-2023/paolo-ruffini-io-doppio-politicamente-corretto,Teatro e spettacolo,"Via Riccardo Pitteri, Lambrate, Municipio 3, Milano, Lombardia, 20134, Italia",45.4796903,9.2454355,6
Concerti,26-07-23,2023-07-26,"Piazza Castello, Milano, MI",Cortile delle Armi del Castello Sforzesco,Alex Britti in concerto a Milano: annullato per il maltempo,https://www.milanotoday.it/eventi/concerto-alex-britti-castello-sforzesco-2023.html,Musica e vita notturna,"Piazza Castello, Cerchia dei Navigli, Municipio 1, Milano, Lombardia, Italia",45.4704699,9.1819129,4
Spettacoli,27-07-23,2023-07-27,"Corso di Porta Vittoria,6,20122, Milano, MI,Italia",Biblioteca Sormani,IO,https://www.teatro.it/spettacoli/milano/biblioteca-sormani/2022-2023/io-rezza-mastrella,Teatro e spettacolo,"Biblioteca Comunale Centrale Sormani, 6, Corso di Porta Vittoria, Guastalla, Municipio 1, Milano, Lombardia, 20122, Italia",45.4621276,9.1981128,4
Concerti,27-07-23,2023-07-27,"Via Riccardo Pitteri, 58, Milano, MI",Arena Milano Est,Uno speciale concerto omaggio a Lucio Dalla,https://www.milanotoday.it/eventi/concerto-omaggio-lucio-dalla-arena-milano-est.html,Musica e vita notturna,"Via Riccardo Pitteri, Lambrate, Municipio 3, Milano, Lombardia, 20134, Italia",45.4805358,9.2454637,6
Spettacoli,27-07-23,2023-07-27,"via Granelli 1,20099, Sesto San Giovanni, MI,Italia",Carroponte,Marlene Kuntz - Karma Clima,https://www.teatro.it/spettacoli/sesto-san-giovanni/carroponte/2022-2023/marlene-kuntz-karma-clima-tour-estate-2023,Teatro e spettacolo,"Carroponte, 1, Via Luigi Granelli, Rondò, Torretta, Sesto San Giovanni, Zona Omogenea Milano Nord, Milano, Lombardia, 20099, Italia",45.529574,9.2209217,5
Spettacoli,27-07-23,2023-07-27,"Piazza Castello,20121, Milano, MI,Italia",Castello Sforzesco,NOBRAINO - Tour 2023,https://www.teatro.it/spettacoli/milano/castello-sforzesco/2022-2023/nobraino-tour-2023,Teatro e spettacolo,"Piazza Castello, Cerchia dei Navigli, Municipio 1, Milano, Lombardia, 20121, Italia",45.4710309,9.1814326,4
Spettacoli,29-07-23,2023-07-29,"Piazza Castello,20121, Milano, MI,Italia",Castello Sforzesco,BENJAMIN CLEMENTINE,https://www.teatro.it/spettacoli/milano/castello-sforzesco/2022-2023/benjamin-clementine-tour-2023,Teatro e spettacolo,"Piazza Castello, Cerchia dei Navigli, Municipio 1, Milano, Lombardia, 20121, Italia",45.4710309,9.1814326,4
Spettacoli,03-08-23,2023-08-03,"Piazza Castello,20121, Milano, MI,Italia",Castello Sforzesco,Grandi Balletti,https://www.teatro.it/spettacoli/milano/castello-sforzesco/2022-2023/grandi-balletti,Teatro e spettacolo,"Piazza Castello, Cerchia dei Navigli, Municipio 1, Milano, Lombardia, 20121, Italia",45.4710309,9.1814326,4
Cibo e Vino,05-08-23,2023-08-04,"Via Fametta, 1, Milano, MI",Villa Arconati,Ultimo appuntamento con le pinte artigianali nella 'piccola Versailles di Milano',https://www.milanotoday.it/eventi/birra-villa-4-agosto.html,Enogastronomia,"1, Via Fametta, Via Trento, Castellazzo, Bollate, Milano, Lombardia, 20021, Italia",45.556757,9.0958021,8
Mostra,10-08-23,2023-08-10,"piazza Santa Maria delle Grazie, 2, Milano, MI",Cenacolo Vinciano,Ferragosto al Cenacolo,,Arte e cultura,"Museo del Cenacolo Vinciano, 2, Piazza Santa Maria delle Grazie, Magenta - San Vittore, Municipio 1, Milano, Lombardia, 20123, Italia",45.4662047,9.170655,0
Spettacoli,12-08-23,2023-08-12,"Corso Magenta 24,20123, Milano, MI,Italia",MTM - Litta,Tu sei la bellezza,https://www.teatro.it/spettacoli/milano/mtm-litta/2022-2023/tu-sei-la-bellezza,Teatro e spettacolo,"24, Corso Magenta, Cerchia dei Navigli, Municipio 1, Milano, Lombardia, 20123, Italia",45.4658664,9.1782835,4
Apertura festiva,15-08-23,2023-08-14,"via Brera, 28, Milano, MI",Pinacoteca di Brera,FERRAGOSTO a BRERA 2023 - Apertura il 14 e il 15,,Inaugurazioni,"Istituto Nazionale di Astrofisica – Osservatorio astronomico di Brera, 28, Via Brera, Cerchia dei Navigli, Municipio 1, Milano, Lombardia, 20121, Italia",45.4715946,9.1889707,4
Manifestazioni,20-08-23,2023-08-20,"Piazza dei Mercanti, Milano, MI",Milano,"Manifestazione a Milano dei russi contro la guerra: ""Putin è un assassino""",https://www.milanotoday.it/eventi/manifestazione-putin-assassino-piazza-mercanti-20-agosto-2023.html,Altri eventi,"Piazza dei Mercanti, Duomo, Municipio 1, Milano, Lombardia, 20121, Italia",45.4646599,9.1876261,4
,03-09-23,2023-08-21,"Via Arona, 19, Milano, MI",Vigorelli,Football americano al vigorelli con i seamen milano,https://www.milanotoday.it/eventi/football-americano-al-vigorelli.html,Non classificato,"19, Via Arona, Portello, Tre Torri, Municipio 8 di Milano, Milano, Lombardia, 20149, Italia",45.4821434,9.1582793,10
,15-10-23,2023-08-21,"Via San Dionigi, 90, Milano, MI",Depuratore di Milano Nosedo,Aperte le iscrizioni al concorso arredo per vacche e amici. ed. 2023. bando,https://www.milanotoday.it/eventi/aperte-le-iscrizioni-al-concorso-arredo-per-vacche.html,Non classificato,"Via San Dionigi, Lodi - Corvetto, Municipio 4, Milano, Lombardia, 20139, Italia",45.4365102,9.2174109,2
Concerti,24-08-23,2023-08-24,"Piazza Castello, Milano, MI",Castello Sforzesco,"Musica classica italiana e ucraina al Castello Sforzesco il 24 agosto, Giornata dell'indipendenza",https://www.milanotoday.it/eventi/concerto-musica-scolpita-pietra.html,Musica e vita notturna,"Piazza Castello, Cerchia dei Navigli, Municipio 1, Milano, Lombardia, Italia",45.4704699,9.1819129,4
Spettacoli,25-08-23,2023-08-25,"Piazza Castello,20121, Milano, MI,Italia",Castello Sforzesco,40 FINGERS - Live,https://www.teatro.it/spettacoli/milano/castello-sforzesco/2022-2023/40-fingers-live,Teatro e spettacolo,"Piazza Castello, Cerchia dei Navigli, Municipio 1, Milano, Lombardia, 20121, Italia",45.4710309,9.1814326,4
Spettacoli,31-08-23,2023-08-31,"Piazza Castello,20121, Milano, MI,Italia",Castello Sforzesco,CARMEN CONSOLI - ELVIS COSTELLO,https://www.teatro.it/spettacoli/milano/castello-sforzesco/2022-2023/carmen-consoli-elvis-costello-tour-2023,Teatro e spettacolo,"Piazza Castello, Cerchia dei Navigli, Municipio 1, Milano, Lombardia, 20121, Italia",45.4710309,9.1814326,4
Cibo e Vino,11-09-23,2023-09-01,"via Don Giacomo Bianchi, Milano, MI",Parabiago,La Sagra di San Lorenzo con musica e ottimo cibo,https://www.milanotoday.it/eventi/sagra-parabiago-2023.html,Enogastronomia,"Via Don Giacomo Bianchi, San Lorenzo, Parabiago, Milano, Lombardia, 20015, Italia",45.5691925,8.9620263,1
Spettacoli,01-09-23,2023-09-01,"via Granelli 1,20099, Sesto San Giovanni, MI,Italia",Carroponte,CRISTINA D'AVENA feat. Gem Boy,https://www.teatro.it/spettacoli/sesto-san-giovanni/carroponte/2023-2024/cristina-davena-feat-gem-boy,Teatro e spettacolo,"Carroponte, 1, Via Luigi Granelli, Rondò, Torretta, Sesto San Giovanni, Zona Omogenea Milano Nord, Milano, Lombardia, 20099, Italia",45.529574,9.2209217,5
Manifestazioni,17-09-23,2023-09-01,"Via Camillo Benso Conte di Cavour, 70, Milano, MI",Corsico,"Musica, spettacoli e tanto sport: torna la Festa di Corsico (con i fuochi d'artificio)",https://www.milanotoday.it/eventi/festa-corsico-2023.html,Altri eventi,"70, Via Camillo Benso Conte di Cavour, Cascina Confaloniera, Rosate, Unione dei Comuni I Fontanili, Milano, Lombardia, 20088, Italia",45.3510115,9.0150963,14
,31-12-23,2023-09-01,"Via Strada Statale 35 dei Giovi, Milano, MI",Centro Commerciale Brianza,1.200 euro in gift card da spendere al centro commerciale: fino a quando e dove partecipare al concorso a premi,https://www.milanotoday.it/eventi/concorso-premi-gratuito-centro-brianza.html,Non classificato,"Via Strada Statale 35 dei Giovi, Battiloca, Dugnano, Paderno Dugnano, Zona Omogenea Milano Nord, Milano, Lombardia, 20037, Italia",45.5662182,9.1498335,5
Manifestazioni,03-09-23,2023-09-01,"Via Cusago, 2, Milano, MI",Libera Masseria,Cislianerfest 2023 - 10^ edizione,https://www.milanotoday.it/eventi/cislianerfest-2023-10-edizione-festival.html,Altri eventi,"2, Via per Cusago di Sotto, Cascina Santa Maria Fenino, Cascina Palazzetta, Monzoro, Cusago, Milano, Lombardia, 20090, Italia",45.4469883,9.0332309,3
Disco&Feste,01-09-23,2023-09-01,"Viale Molise, Milano, MI",ex Macello,Il super party (gratis) all'ex Macello,https://www.milanotoday.it/eventi/festa-gratis-le-cannibale-ex-macello.html,Musica e vita notturna,"Viale Molise, Ortomercato, Municipio 4, Milano, Lombardia, 20137, Italia",45.4518437,9.2242524,6
Incontri,03-09-23,2023-09-01,"Via Orefici, 15, Milano, MI",Fao Schwarz,"Back To Hogwarts, a lezione di magia nella scuola di Harry Potter",https://www.milanotoday.it/eventi/lezioni-magia-harry-potter-fao-schwarz.html,Formazione e networking,"FAO Schwarz, 15, Via Orefici, Cerchia dei Navigli, Municipio 1, Milano, Lombardia, 20123, Italia",45.464913,9.1864242,4
Concerti,02-09-23,2023-09-02,"Viale dell'Innovazione, 20, Milano, MI",Teatro degli Arcimboldi,Il Volo in concerto agli Arcimboldi,https://www.milanotoday.it/eventi/concerto-il-volo-teatro-arcimboldi.html,Musica e vita notturna,"20, Viale dell'Innovazione, Bicocca, Municipio 9, Milano, Lombardia, 20125, Italia",45.5148696,9.2135963,5
Disco&Feste,02-09-23,2023-09-02,"Via Circonvallazione Idroscalo, 41, Milano, MI",Circolo Magnolia,La super festa degli anni Duemila al Magnolia,https://www.milanotoday.it/eventi/festa-anni-duemila-circolo-magnolia.html,Musica e vita notturna,"Circolo Magnolia, 41, Via Circonvallazione Idroscalo, Novegro, Segrate, Milano, Lombardia, 20054, Italia",45.4637036,9.286076,2
Concerti,02-09-23,2023-09-02,"Via Luigi Granelli, 1, Milano, MI",Carroponte,Lo Stato Sociale in concerto a Milano. Orari e biglietti,https://www.milanotoday.it/eventi/concerto-stato-sociale-carroponte.html,Musica e vita notturna,"Carroponte, 1, Via Luigi Granelli, Rondò, Torretta, Sesto San Giovanni, Zona Omogenea Milano Nord, Milano, Lombardia, 20099, Italia",45.529574,9.2209217,5
Spettacoli,04-09-23,2023-09-04,"Piazza Castello,20121, Milano, MI,Italia",Castello Sforzesco,CASINO ROYALE,https://www.teatro.it/spettacoli/milano/castello-sforzesco/2023-2024/casino-royale,Teatro e spettacolo,"Piazza Castello, Cerchia dei Navigli, Municipio 1, Milano, Lombardia, 20121, Italia",45.4710309,9.1814326,4
Incontri,04-09-23,2023-09-04,"Corso Vittorio Emanuele II, 12, Milano, MI",Libreria Bocca,La biografia. Come si scrive la vita,https://www.milanotoday.it/eventi/la-biografia-come-si-scrive-la-vita-fabiola-giancotti.html,Formazione e networking,"Corso Vittorio Emanuele Secondo, Duomo, Municipio 1, Milano, Lombardia, 20122, Italia",45.464759,9.1930823,4
,14-09-23,2023-09-05,"Largo Corsia dei Servi, 4, Milano, MI",CENTRO CULTURALE DI MILANO,Onda d'urto      centro culturale di milano       jelmoni studio gallery,https://www.milanotoday.it/eventi/onda-d-urto-centro-culturale-di-milano.html,Non classificato,"Largo Corsia dei Servi, Duomo, Municipio 1, Milano, Lombardia, 20122, Italia",45.4647722,9.1958825,4
Manifestazioni,08-09-23,2023-09-05,Rho fiera Milano,Rho Fiera,Le avventure fra arte e design di topyalbrys,https://www.milanotoday.it/eventi/le-avventure-fra-arte-e-design.html,Altri eventi,"Rho Fiera, Passerella pedonale Rho Fiera - MIND, Zona Industriale Alcide De Gasperi, Mazzo, Rho, Milano, Lombardia, 20017, Italia",45.5211715,9.0884719,8
Spettacoli,05-09-23,2023-09-05,"Viale dell'Innovazione 20,20126, Milano, MI,Italia",Arcimboldi,Robert Plant & Saving Grace feat Suzi Dian,https://www.teatro.it/spettacoli/milano/degli-arcimboldi/2023-2024/robert-plant-saving-grace-feat-suzi-dian,Teatro e spettacolo,"20, Viale dell'Innovazione, Bicocca, Municipio 9, Milano, Lombardia, 20125, Italia",45.5148696,9.2135963,5
,08-09-23,2023-09-05,Rho Fiera Milano,PLAST,Le avventure fra arte e design di Topylabrys,https://www.milanotoday.it/eventi/avventure-fra-arte-e-design-2023.html,Non classificato,"Rho Fiera, Passerella pedonale Rho Fiera - MIND, Zona Industriale Alcide De Gasperi, Mazzo, Rho, Milano, Lombardia, 20017, Italia",45.5211715,9.0884719,8
Spettacoli,06-09-23,2023-09-06,"via Granelli 1,20099, Sesto San Giovanni, MI,Italia",Carroponte,Edoardo Bennato,https://www.teatro.it/spettacoli/sesto-san-giovanni/carroponte/2023-2024/edoardo-bennato,Teatro e spettacolo,"Carroponte, 1, Via Luigi Granelli, Rondò, Torretta, Sesto San Giovanni, Zona Omogenea Milano Nord, Milano, Lombardia, 20099, Italia",45.529574,9.2209217,5
,01-10-23,2023-09-06,"Via San Dionigi, 90, Milano, MI",Depuratore di Milano Nosedo,“Arte in rete?” mostra di tovaglie d’artista lungo la rete di recinsione fra il maf e il parco della vettabbia,https://www.milanotoday.it/eventi/arte-in-rete-mostra-di-tovaglie-d-artista.html,Non classificato,"Via San Dionigi, Lodi - Corvetto, Municipio 4, Milano, Lombardia, 20139, Italia",45.4365102,9.2174109,2
Spettacoli,07-09-23,2023-09-07,"via Granelli 1,20099, Sesto San Giovanni, MI,Italia",Carroponte,MANUEL AGNELLI - Tour 2023,https://www.teatro.it/spettacoli/sesto-san-giovanni/carroponte/2023-2024/manuel-agnelli-tour-2023,Teatro e spettacolo,"Carroponte, 1, Via Luigi Granelli, Rondò, Torretta, Sesto San Giovanni, Zona Omogenea Milano Nord, Milano, Lombardia, 20099, Italia",45.529574,9.2209217,5
,07-09-23,2023-09-07,"Largo Vittorio Veneto, 12, Milano, MI",VILLA LITTA,"""Concerto di fine estate""",https://www.milanotoday.it/eventi/concerto-di-fine-estate-fabius-constable-orchestra-10314277.html,Non classificato,"Villa Litta, 12, Largo Vittorio Veneto, Lainate, Milano, Lombardia, 20045, Italia",45.571432,9.0265841,8
Spettacoli,07-09-23,2023-09-07,"Via Rovello 2,20121, Milano, MI,Italia",Piccolo Teatro - Teatro Grassi,"Un'ultima cosa.  Cinque invettive, sette donne e un funerale",https://www.teatro.it/spettacoli/milano/piccolo-teatro-teatro-grassi/2023-2024/unultima-cosa-cinque-invettive-sette-donne-e-un-funerale,Teatro e spettacolo,"2, Via Rovello, Brera, Milano, Lombardia, 20121, Italia",45.4665188,9.1847651,4
Spettacoli,07-09-23,2023-09-07,"Via Pietro Borsieri,37,20159, Milano, MI,Italia",Blue Note,WOODY ALLEN and his New Orleans jazz band,https://www.teatro.it/spettacoli/milano/blue-note/2023-2024/woody-allen-and-his-new-orleans-jazz-band,Teatro e spettacolo,"Blue Note, 37, Via Pietro Borsieri, Isola, Municipio 9, Milano, Lombardia, 20159, Italia",45.4895296,9.1888504,10
Spettacoli,07-09-23,2023-09-07,"Via Filodrammatici 2,20121, Milano, MI,Italia",Teatro Alla Scala,Wonderful Town (MITO Settembre Musica 23),https://www.teatro.it/spettacoli/milano/teatro-alla-scala/2023-2024/wonderful-town,Teatro e spettacolo,"2, Via Filodrammatici, Brera, Milano, Lombardia, 20121, Italia",45.4676198,9.1884287,4
Spettacoli,07-09-23,2023-09-07,"Via Riccardo Pitteri,60,20134, Milano, MI,Italia",Arena Milano Est,La fine del mondo,https://www.teatro.it/spettacoli/milano/arena-milano-est/2023-2024/andrea-perroni-la-fine-del-mondo,Teatro e spettacolo,"Via Riccardo Pitteri, Lambrate, Municipio 3, Milano, Lombardia, 20134, Italia",45.4796903,9.2454355,6
,10-09-23,2023-09-07,"Piazza Tre Torri, Milano, MI",CityLife,"Il ""festival della pizza"" di Milano",https://www.milanotoday.it/eventi/festival-pizza-2023.html,Non classificato,"Piazza Tre Torri, Tre Torri, Municipio 8 di Milano, Milano, Lombardia, 20149, Italia",45.4783108,9.1570584,10
Manifestazioni,10-09-23,2023-09-07,"Piazza del Duomo, Milano, MI",Duomo,La festa della danza di Roberto Bolle in piazza Duomo,https://www.milanotoday.it/eventi/festa-danza-roberto-bolle-duomo-2023.html,Altri eventi,"Piazza del Duomo, Duomo, Municipio 1, Milano, Lombardia, Italia",45.4639102,9.1906398,4
Spettacoli,07-09-23,2023-09-07,"Piazza Castello,20121, Milano, MI,Italia",Castello Sforzesco,Live 2024,https://www.teatro.it/spettacoli/milano/castello-sforzesco/2023-2024/alex-britti-live-2023,Teatro e spettacolo,"Piazza Castello, Cerchia dei Navigli, Municipio 1, Milano, Lombardia, 20121, Italia",45.4710309,9.1814326,4
Disco&Feste,10-09-23,2023-09-08,"Via dei Salici, 9, Milano, MI",Centro Pertini Il Salice,"District Festival 2023, la musica protagonista a Legnano",https://www.milanotoday.it/eventi/district-festival-legnano-2023.html,Musica e vita notturna,"Parcheggio centro polifunzionale Sandro Pertini( I Salici), 9, Via dei Salici, Mazzafame, Oltrestazione, Legnano, Milano, Lombardia, 20025, Italia",45.5959015,8.8869323,1
Cinema,10-09-23,2023-09-08,"Via Gaetano de Castillia, Milano, MI","Biblioteca degli Alberi, Portanuova","Fuoricinema 2023, i film notturni nel cuore di Milano",https://www.milanotoday.it/eventi/fuoricinema-2023-programma-film.html,Arte e cultura,"Via Gaetano De Castillia, Isola, Municipio 9, Milano, Lombardia, 20100, Italia",45.4858553,9.1928992,10
Spettacoli,08-09-23,2023-09-08,"Piazzale dello Sport,16,,20151, Milano, MI,Italia",Ippodromo di San Siro,LAZZA - Ouvertour Summer 2023,https://www.teatro.it/spettacoli/milano/ippodromo-di-san-siro/2023-2024/lazza-ouvertour-summer-2023,Teatro e spettacolo,"Piazzale dello Sport, San Siro, Municipio 7, Milano, Lombardia, 20148, Italia",45.4804864,9.1258159,13
Mostre,23-09-23,2023-09-08,"Via Carlo Tenca, 11, Milano, MI",Galleria Cael,"Mostra di arte contemporanea ""art walkway - 3rd edition""",https://www.milanotoday.it/eventi/mostra-di-arte-contemporanea-art-walkway.html,Arte e cultura,"11, Via Carlo Tenca, Centrale, Municipio 2, Milano, Lombardia, 20124, Italia",45.4806693,9.2017813,6
Incontro/presentazione,08-09-23,2023-09-08,"via Brera, 28, Milano, MI",Pinacoteca di Brera - Biblioteca Nazionale Braidense di Milano,La moderna politica culturale di Fernanda Wittgens,,Formazione e networking,"Istituto Nazionale di Astrofisica – Osservatorio astronomico di Brera, 28, Via Brera, Cerchia dei Navigli, Municipio 1, Milano, Lombardia, 20121, Italia",45.4715946,9.1889707,4
Disco&Feste,08-09-23,2023-09-08,"Piazza Castello, Milano, MI","Castello Sforzesco, Cortile delle Armi",La festa al Castello con il dj Lele Sacchi,https://www.milanotoday.it/eventi/serata-lele-sacchi-castello-sforzesco-2023.html,Musica e vita notturna,"Piazza Castello, Cerchia dei Navigli, Municipio 1, Milano, Lombardia, Italia",45.4704699,9.1819129,4
Spettacoli,08-09-23,2023-09-08,"via Conservatorio 12,20122, Milano, MI,Italia",Conservatorio Giuseppe Verdi,"New York, New York (MITO Settembre Musica 23)",https://www.teatro.it/spettacoli/milano/conservatorio-giuseppe-verdi/2023-2024/new-york-new-york,Teatro e spettacolo,"Via Conservatorio, Guastalla, Municipio 1, Milano, Lombardia, 20122, Italia",45.4658084,9.2027724,4
Spettacoli,08-09-23,2023-09-08,"via Pitteri 58,20134, Milano, MI,Italia",Martinitt,Il pianoforte di Chopin (MITO Settembre Musica 23),https://www.teatro.it/spettacoli/milano/martinitt/2023-2024/il-pianoforte-di-chopin,Teatro e spettacolo,"Via Riccardo Pitteri, Lambrate, Municipio 3, Milano, Lombardia, 20134, Italia",45.4798362,9.2457864,6
Spettacoli,09-09-23,2023-09-09,"Viale dell'Innovazione 20,20126, Milano, MI,Italia",Arcimboldi,Tutti per uno - Viaggio nel Tempo,https://www.teatro.it/spettacoli/milano/arcimboldi/2023-2024/il-volo-tutti-per-uno,Teatro e spettacolo,"20, Viale dell'Innovazione, Bicocca, Municipio 9, Milano, Lombardia, 20125, Italia",45.5148696,9.2135963,5
,09-09-23,2023-09-09,"Corso Buenos Aires, 75, Milano, MI",,A Milano apre un nuovo negozio Chicco ideale per chi si prende cura dei più piccoli: quando e dove sarà inaugurato,https://www.milanotoday.it/eventi/nuova-apertura-chicco-corso-buenos-aires-75.html,Non classificato,"75, Corso Buenos Aires, Buenos Aires - Venezia, Municipio 3, Milano, Lombardia, 20124, Italia",45.4849419,9.2152599,6
,09-09-23,2023-09-09,"Corso Buenos Aires, 75, Milano, MI",,A Milano apre un nuovo negozio Chicco ideale per chi si prende cura dei più piccoli: quando e dove sarà inaugurato,https://www.milanotoday.it/eventi/nuova-apertura-chicco-corso-buenos-aires-75.html,Non classificato,"75, Corso Buenos Aires, Buenos Aires - Venezia, Municipio 3, Milano, Lombardia, 20124, Italia",45.4849419,9.2152599,6
Spettacoli,09-09-23,2023-09-09,"Piazza Cesare Beccaria 8,20122, Milano, MI,Italia",Gerolamo,Da Venezia a Dresda (MITO Settembre Musica 23),https://www.teatro.it/spettacoli/milano/gerolamo/2023-2024/da-venezia-a-dresda,Teatro e spettacolo,"Teatro Gerolamo, 8, Piazza Cesare Beccaria, Duomo, Municipio 1, Milano, Lombardia, 20122, Italia",45.464175,9.1945551,4
Spettacoli,09-09-23,2023-09-09,"Via San Giovanni sul muro 2,20121, Milano, MI,Italia",Dal Verme,Buenos Aires (MITO Settembre Musica 23),https://www.teatro.it/spettacoli/milano/dal-verme/2023-2024/buenos-aires,Teatro e spettacolo,"2, Via San Giovanni sul Muro, Cerchia dei Navigli, Municipio 1, Milano, Lombardia, 20121, Italia",45.4671162,9.1814924,4
Spettacoli,09-09-23,2023-09-09,"Via Fratelli Zoia,89,20153, Milano, MI,Italia",Spazio Teatro 89,Il pianoforte di Beethoven (MITO Settembre Musica 23),https://www.teatro.it/spettacoli/milano/spazio-teatro-89/2023-2024/il-pianoforte-di-beethoven,Teatro e spettacolo,"Via Fratelli Zoia, Quarto Cagnino, Municipio 7, Milano, Lombardia, 20153, Italia",45.4751914,9.108401,13
Spettacoli,09-09-23,2023-09-09,"Piazza Castello,20121, Milano, MI,Italia",Castello Sforzesco,Amore Bestiale Tour,https://www.teatro.it/spettacoli/milano/castello-sforzesco/2023-2024/barbascura-x-amore-bestiale-tour,Teatro e spettacolo,"Piazza Castello, Cerchia dei Navigli, Municipio 1, Milano, Lombardia, 20121, Italia",45.4710309,9.1814326,4
Spettacoli,09-09-23,2023-09-09,"via Granelli 1,20099, Sesto San Giovanni, MI,Italia",Carroponte,TANANAI - Live 2023 - Festival,https://www.teatro.it/spettacoli/sesto-san-giovanni/carroponte/2023-2024/tananai-live-2023-festival,Teatro e spettacolo,"Carroponte, 1, Via Luigi Granelli, Rondò, Torretta, Sesto San Giovanni, Zona Omogenea Milano Nord, Milano, Lombardia, 20099, Italia",45.529574,9.2209217,5
,09-09-23,2023-09-09,"Corso Buenos Aires, 75, Milano, MI",,A Milano apre un nuovo negozio Chicco ideale per chi si prende cura dei più piccoli: quando e dove sarà inaugurato,https://www.milanotoday.it/eventi/nuova-apertura-chicco-corso-buenos-aires-75.html,Non classificato,"75, Corso Buenos Aires, Buenos Aires - Venezia, Municipio 3, Milano, Lombardia, 20124, Italia",45.4849419,9.2152599,6
,09-09-23,2023-09-09,"Corso Buenos Aires, 75, Milano, MI",,A Milano apre un nuovo negozio Chicco ideale per chi si prende cura dei più piccoli: quando e dove sarà inaugurato,https://www.milanotoday.it/eventi/nuova-apertura-chicco-corso-buenos-aires-75.html,Non classificato,"75, Corso Buenos Aires, Buenos Aires - Venezia, Municipio 3, Milano, Lombardia, 20124, Italia",45.4849419,9.2152599,6
,10-09-23,2023-09-09,"Via Tortona, 27, Milano, MI",StudioPiù,"Plug-mi, the urban culture festival",https://www.milanotoday.it/eventi/plug-mi-the-urban-culture-festival.html,Non classificato,"27, Via Tortona, Tortona, Municipio 6, Milano, Lombardia, 20144, Italia",45.4518228,9.1631525,0
,09-09-23,2023-09-09,"Corso Buenos Aires, 75, Milano, MI",,A Milano apre un nuovo negozio Chicco ideale per chi si prende cura dei più piccoli: quando e dove sarà inaugurato,https://www.milanotoday.it/eventi/nuova-apertura-chicco-corso-buenos-aires-75.html,Non classificato,"75, Corso Buenos Aires, Buenos Aires - Venezia, Municipio 3, Milano, Lombardia, 20124, Italia",45.4849419,9.2152599,6
Spettacoli,10-09-23,2023-09-10,"Via Hermada,8,20162, Milano, MI,Italia",della Cooperativa,"Il pianoforte di Ravel
(MITO Settembre Musica 23)",https://www.teatro.it/spettacoli/milano/della-cooperativa/2023-2024/il-pianoforte-di-ravel,Teatro e spettacolo,"8, Via privata Hermada, Niguarda - Cà Granda, Municipio 9, Milano, Lombardia, 20162, Italia",45.5147872,9.1901457,5
Spettacoli,10-09-23,2023-09-10,"Piazza Castello,20121, Milano, MI,Italia",Castello Sforzesco,Francesca Michielin - L'estate dei cani sciolti,https://www.teatro.it/spettacoli/milano/castello-sforzesco/2023-2024/francesca-michielin-lestate-dei-cani-sciolti,Teatro e spettacolo,"Piazza Castello, Duomo, Municipio 1, Milano, Lombardia, 20121, Italia",45.4691077,9.1813081,4
Spettacoli,10-09-23,2023-09-10,"Via San Giovanni sul muro 2,20121, Milano, MI,Italia",Dal Verme,Città segrete (MITO Settembre Musica 23),https://www.teatro.it/spettacoli/milano/dal-verme/2023-2024/citta-segrete,Teatro e spettacolo,"2, Via San Giovanni sul Muro, Cerchia dei Navigli, Municipio 1, Milano, Lombardia, 20121, Italia",45.4671162,9.1814924,4
Spettacoli,10-09-23,2023-09-10,"Largo Antonio Greppi,20121, Milano, MI,Italia",Piccolo Teatro - Teatro Strehler,"Dorothy nella città dei ragazzi
(MITO Settembre Musica 23)",https://www.teatro.it/spettacoli/milano/piccolo-teatro-teatro-strehler/2023-2024/dorothy-nella-citta-dei-ragazzi,Teatro e spettacolo,"Largo Antonio Greppi, Cerchia dei Navigli, Municipio 1, Milano, Lombardia, 20121, Italia",45.4718248,9.1828857,4
Spettacoli,11-09-23,2023-09-11,"Via San Giovanni sul muro 2,20121, Milano, MI,Italia",Dal Verme,Asti - Paolo Conte Reloaded (MITO Settembre Musica 23),https://www.teatro.it/spettacoli/milano/dal-verme/2023-2024/asti-paolo-conte-reloaded,Teatro e spettacolo,"2, Via San Giovanni sul Muro, Cerchia dei Navigli, Municipio 1, Milano, Lombardia, 20121, Italia",45.4671162,9.1814924,4
Spettacoli,11-09-23,2023-09-11,"Via Fratelli Zoia,89,20153, Milano, MI,Italia",Spazio Teatro 89,"Il pianoforte di Rachmaninov
(MITO Settembre Musica 23)",https://www.teatro.it/spettacoli/milano/spazio-teatro-89/2023-2024/il-pianoforte-di-rachmaninov,Teatro e spettacolo,"Via Fratelli Zoia, Quarto Cagnino, Municipio 7, Milano, Lombardia, 20153, Italia",45.474182,9.1089718,13
Spettacoli,12-09-23,2023-09-12,"Via Rivoli 6,20121, Milano, MI,Italia",Piccolo Teatro - Studio Melato,"The King's Singers - Cambridge
(MITO Settembre Musica 23)",https://www.teatro.it/spettacoli/milano/piccolo-teatro-studio-melato/2023-2024/the-kings-singers-cambridge,Teatro e spettacolo,"6, Via Rivoli, Brera, Municipio 1, Milano, Lombardia, 20121, Italia",45.4726093,9.182881,4
Incontro/presentazione,15-01-24,2023-09-12,"via Brera, 28, Milano, MI",Pinacoteca di Brera - Biblioteca Nazionale Braidense di Milano,MATISSE e BONNARD,,Formazione e networking,"Pinacoteca di Brera, 28, Via Brera, Cerchia dei Navigli, Municipio 1, Milano, Lombardia, 20121, Italia",45.4722421,9.1884071,4
Spettacoli,12-09-23,2023-09-12,"Via G. di Vittorio 6,20090, Assago, MI,Italia",Unipol Forum,BJORK - Cornucopia,https://www.teatro.it/spettacoli/assago/mediolanum-forum/2023-2024/bjork-cornucopia,Teatro e spettacolo,"20090, Italy",45.407,9.1083,14
Spettacoli,12-09-23,2023-09-12,"Via MacMahon,16,20155, Milano, MI,Italia",Out Off,"Il pianoforte di Albéniz
(MITO Settembre Musica 23)",https://www.teatro.it/spettacoli/milano/out-off/2023-2024/il-pianoforte-di-albeniz,Teatro e spettacolo,"20155, Italy",45.4643,9.1895,4
Spettacoli,13-09-23,2023-09-13,"via Pitteri 58,20134, Milano, MI,Italia",Martinitt,Il pianoforte di Stravinskij (MITO Settembre Musica 23),https://www.teatro.it/spettacoli/milano/martinitt/2023-2024/il-pianoforte-di-stravinskij-mito-settembre-musica-23,Teatro e spettacolo,"Via Riccardo Pitteri, Lambrate, Municipio 3, Milano, Lombardia, 20134, Italia",45.4791078,9.2461224,6
Spettacoli,13-09-23,2023-09-13,"Via Rivoli 6,20121, Milano, MI,Italia",Piccolo Teatro - Studio Melato,Due viennesi in Australia (MITO Settembre Musica 23),https://www.teatro.it/spettacoli/milano/piccolo-teatro-studio-melato/2023-2024/due-viennesi-in-australia-mito-settembre-musica-23,Teatro e spettacolo,"6, Via Rivoli, Brera, Municipio 1, Milano, Lombardia, 20121, Italia",45.4726093,9.182881,4
,01-10-23,2023-09-13,"Via Atto Vannucci, 13, Milano, MI",Laboratorio Artistico,"Acqua, fonte di vita",https://www.milanotoday.it/eventi/acqua-fonte-di-vita-allieve-di-pittura-ad-olio-della-pittrice-francesca-bruni-e-dei-soci-del-laboratorio.html,Non classificato,"Via Atto Vannucci, Porta Romana, Municipio 5, Milano, Lombardia, 20122, Italia",45.4494202,9.19864,4
Mostra,14-09-23,2023-09-14,"via Acerbi 47, Milano, MI",Casa del Mantegna,GEP 2023. Apertura serale di Casa del Mantegna – 23 settembre 2023,,Arte e cultura,"Via Enrico Acerbi, Bruzzano, Municipio 9, Milano, Lombardia, 20161, Italia",45.5283338,9.177468,5
Mostre,14-01-24,2023-09-14,"Via Chiese, 2, Milano, MI",Pirelli HangarBicocca,"“Reincarnations of Shadows”, a Milano la prima mostra personale di Thao Nguyen Phan",https://www.milanotoday.it/eventi/reincarnations-of-shadows-hangar-pirelli.html,Arte e cultura,"Iuta Bistrot, 2, Via Chiese, Bicocca, Municipio 9, Milano, Lombardia, 20126, Italia",45.5209859,9.21927,5
,14-09-23,2023-09-14,"Corso di Porta Romana, 63, Milano, MI",Teatro Carcano,"A Milano, musica e comicità abbracciano la solidarietà",https://www.milanotoday.it/eventi/fondazione-ant-spettacolo-benefico-settembre-2023.html,Non classificato,"Teatro Carcano, 63, Corso di Porta Romana, Crocetta, Municipio 1, Milano, Lombardia, 20121, Italia",45.4566842,9.1955297,4
Visita Guidata,15-12-23,2023-09-14,"via Brera, 28, Milano, MI",Pinacoteca di Brera,Quattro chiacchiere fra Matisse e Bonnard,,Arte e cultura,"Pinacoteca di Brera, 28, Via Brera, Cerchia dei Navigli, Municipio 1, Milano, Lombardia, 20121, Italia",45.4722421,9.1884071,4
Incontro/presentazione,14-09-23,2023-09-14,"via Brera, 28, Milano, MI",Pinacoteca di Brera - Biblioteca Nazionale Braidense di Milano,Museo e modernità per Fernanda Wittgens,,Formazione e networking,"Pinacoteca di Brera, 28, Via Brera, Cerchia dei Navigli, Municipio 1, Milano, Lombardia, 20121, Italia",45.4722421,9.1884071,4
Visita Guidata,14-09-23,2023-09-14,"via Brera, 28, Milano, MI",Pinacoteca di Brera - Biblioteca Nazionale Braidense di Milano,GEP 2023 Biblioteca Nazionale Braidense Una Biblioteca da scoprire,,Arte e cultura,"Pinacoteca di Brera, 28, Via Brera, Cerchia dei Navigli, Municipio 1, Milano, Lombardia, 20121, Italia",45.4722421,9.1884071,4
Cibo e Vino,17-09-23,2023-09-14,"Piazza Città di Lombardia, Milano, MI",Piazza Città di Lombardia,Il festival della birra artigianale nella piazza al coperto più grande d'Europa,https://www.milanotoday.it/eventi/festival-birra-piazza-citta-lombardia-2023.html,Enogastronomia,"Piazza Città di Lombardia, GARIBALDI REPUBBLICA, Municipio 9, Milano, Lombardia, 20124, Italia",45.4867209,9.1960553,10
Spettacoli,14-09-23,2023-09-14,"via Conservatorio 12,20122, Milano, MI,Italia",Conservatorio Giuseppe Verdi,Russie (MITO Settembre Musica 23),https://www.teatro.it/spettacoli/milano/conservatorio-giuseppe-verdi/2023-2024/russie-mito-settembre-musica-23,Teatro e spettacolo,"Via Conservatorio, Guastalla, Municipio 1, Milano, Lombardia, 20122, Italia",45.464677,9.2030999,4
Spettacoli,14-09-23,2023-09-14,"via Barona angolo via Boffalora,20142, Milano, MI,Italia",EDI,Il pianoforte di Prokof'ev (MITO Settembre Musica 23),https://www.teatro.it/spettacoli/milano/edi/2023-2024/il-pianoforte-di-prokofev-mito-settembre-musica-23,Teatro e spettacolo,"20142, Italy",45.4122,9.1715,0
Manifestazioni,01-10-23,2023-09-14,"Via Giuseppe di Vittorio, 2, Milano, MI",Centro sportivo,Sagra dei porcini a Senago 2023,https://www.milanotoday.it/eventi/sagre/porcini-2023.html,Altri eventi,"28/2, Via Giuseppe Di Vittorio, Foramagno, Peschiera Borromeo, Milano, Lombardia, 20068, Italia",45.4270849,9.2880658,2
,30-09-23,2023-09-14,"Via Santa Maria Valle, 2, Milano, MI",MA-EC Gallery,Horizons. Mostra di Vittoria Palazzolo,https://www.milanotoday.it/eventi/horizons-mostra-di-vittoria-palazzolo-vittoria-palazzolo.html,Non classificato,"Fondazione Alessandro Durini, 2, Via Santa Maria Valle, Cerchia dei Navigli, Municipio 1, Milano, Lombardia, 20123, Italia",45.4600544,9.1838916,4
Mostre,14-01-24,2023-09-14,"Via Chiese, 2, Milano, MI",Pirelli HangarBicocca,"“Reincarnations of Shadows”, a Milano la prima mostra personale di Thao Nguyen Phan",https://www.milanotoday.it/eventi/reincarnations-of-shadows-hangar-pirelli.html,Arte e cultura,"Iuta Bistrot, 2, Via Chiese, Bicocca, Municipio 9, Milano, Lombardia, 20126, Italia",45.5209859,9.21927,5
Concerti,15-09-23,2023-09-15,"Via Circonvallazione Idroscalo, 41c, Milano, MI",Circolo Magnolia,Paola e Chiara in concerto al Magnolia. Orari e biglietti,https://www.milanotoday.it/eventi/concerto-paola-chiara-circolo-magnolia.html,Musica e vita notturna,"Via Circonvallazione Idroscalo, Novegro, Segrate, Milano, Lombardia, 20054, Italia",45.465041,9.2826811,2
Incontro/presentazione,15-09-23,2023-09-15,"via Brera, 28, Milano, MI",Pinacoteca di Brera - Biblioteca Nazionale Braidense di Milano,FEDERICO SOLMI Artista,,Formazione e networking,"Pinacoteca di Brera, 28, Via Brera, Cerchia dei Navigli, Municipio 1, Milano, Lombardia, 20121, Italia",45.4722421,9.1884071,4
Sport,16-09-23,2023-09-15,"Piazza Tre Torri, Milano, MI",CityLife,A Milano ci sarà una corsa a eliminazione. Ecco come funziona,https://www.milanotoday.it/eventi/citylife-night-run-maratona-2023.html,Sport e attività fisica,"Piazza Tre Torri, Tre Torri, Municipio 8 di Milano, Milano, Lombardia, 20149, Italia",45.4783108,9.1570584,10
Disco&Feste,15-09-23,2023-09-15,"Via Dogana, Milano, MI",Doppio Malto Duomo,Auguri Doppio Malto! La super festa gratis e aperta a tutti,https://www.milanotoday.it/eventi/compleanno-doppio-malto-duomo-festa-gratis.html,Musica e vita notturna,"Via Dogana, Cerchia dei Navigli, Municipio 1, Milano, Lombardia, 20122, Italia",45.463294,9.1888124,4
,04-11-23,2023-09-15,"Via del Vecchio Politecnico, 3, Milano, MI",Istituto Svizzero,"Then, oh then, oh then",https://www.milanotoday.it/eventi/then-oh-then-oh-then.html,Non classificato,"3, Via del Vecchio Politecnico, Guastalla, Municipio 1, Milano, Lombardia, 20121, Italia",45.4724248,9.1964505,4
Spettacoli,15-09-23,2023-09-15,"via Granelli 1,20099, Sesto San Giovanni, MI,Italia",Carroponte,Live25,https://www.teatro.it/spettacoli/sesto-san-giovanni/carroponte/2023-2024/coma-cose-tour-estate-2023,Teatro e spettacolo,"Carroponte, 1, Via Luigi Granelli, Rondò, Torretta, Sesto San Giovanni, Zona Omogenea Milano Nord, Milano, Lombardia, 20099, Italia",45.529574,9.2209217,5
,29-09-23,2023-09-15,"Via Privata Assab, 1, Milano, MI",Assab One,Di luce e di sabbia. Suggestioni dall’antica Nubia,https://www.milanotoday.it/eventi/di-luce-e-di-sabbia-suggestioni-dall-antica-nubia-camilla-ferrari.html,Non classificato,"1, Via privata Assab, Padova, Municipio 2, Milano, Lombardia, 20132, Italia",45.4987927,9.2376847,6
Spettacoli,15-09-23,2023-09-15,"Via San Elembardo 2,20126, Milano, MI,Italia",Officina,Il pianoforte di Brahms (MITO Settembre Musica 23),https://www.teatro.it/spettacoli/milano/officina/2023-2024/il-pianoforte-di-brahms-mito-settembre-musica-23,Teatro e spettacolo,"20126, Italy",45.4643,9.1895,4
Spettacoli,15-09-23,2023-09-15,"Via Rivoli 6,20121, Milano, MI,Italia",Piccolo Teatro - Studio Melato,Viaggi (MITO Settembre Musica 23),https://www.teatro.it/spettacoli/milano/piccolo-teatro-studio-melato/2023-2024/viaggi-mito-settembre-musica-23,Teatro e spettacolo,"6, Via Rivoli, Brera, Municipio 1, Milano, Lombardia, 20121, Italia",45.4726093,9.182881,4
,29-09-23,2023-09-15,"Via Milazzo, 6, Milano, MI",Arte in Salotto,Mi tierra,https://www.milanotoday.it/eventi/mi-tierra-keila-guilarte.html,Non classificato,"6, Via Milazzo, Brera, Municipio 1, Milano, Lombardia, 20121, Italia",45.4791251,9.1876651,10
,26-09-23,2023-09-16,"Via Enrico Caviglia, 3, Milano, MI",Istituto Italiano di Fotografia,Mostra premiazione idee photo contest - istituto italiano di fotografia,https://www.milanotoday.it/eventi/mostre-premiazione-idee-photo-contest-istituto-italiano-di-fotografia-lello-muzio-francesco-paolo-nolfo-barbara-pece-roberto-solomita-michela-zeppetella-valeria-ciardulli.html,Non classificato,"3, Via Enrico Caviglia, Lodi - Corvetto, Municipio 4, Milano, Lombardia, 20139, Italia",45.4436084,9.2298198,2
Mercatini,17-09-23,2023-09-16,"Viale Emilio Alemagna, 14, Milano, MI",Cascina Nascosta,"Nel cuore di Parco Sempione, arriva il Camaleonte Market, mercatino dedicato all’artigianato con ingresso gratuito",https://www.milanotoday.it/eventi/camaleonte-market-amor-proprio.html,Mercati e shopping,"Ciclofficina Nascosta, 14, Viale Emilio Alemagna, Parco Sempione, Municipio 1, Milano, Lombardia, 20121, Italia",45.4737946,9.1722696,10
Manifestazioni,17-09-23,2023-09-16,"Piazza Castello, Milano, MI",Castello Sforzesco,"Festival del disegno 2023, laboratori gratis per bambini, ragazzi e adulti",https://www.milanotoday.it/eventi/festival-disegno-2023-laboratori-gratis-bambini.html,Altri eventi,"Piazza Castello, Cerchia dei Navigli, Municipio 1, Milano, Lombardia, Italia",45.4704699,9.1819129,4
,17-10-23,2023-09-16,"Viale Lombardia, 26, Milano, MI",Balene in volo,Drawing challenge: disegna quello che vedi per 30 giorni #dqcv30,https://www.milanotoday.it/eventi/drawing-challenge-disegna-quello-che-vedi-2023.html,Non classificato,"26, Viale Lombardia, Quartiere Regina Elena, Milanino, Cusano Milanino, Zona Omogenea Milano Nord, Milano, Lombardia, 20095, Italia",45.546173,9.1903457,5
Spettacoli,16-09-23,2023-09-16,"via Barona angolo via Boffalora,20142, Milano, MI,Italia",EDI,Il pianoforte di Shumann (MITO Settembre Musica 23),https://www.teatro.it/spettacoli/milano/edi/2023-2024/il-pianoforte-di-shumann-mito-settembre-musica-23,Teatro e spettacolo,"20142, Italy",45.4122,9.1715,0
Disco&Feste,16-09-23,2023-09-16,"Viale Emilio Alemagna, Milano, MI",La Triennale di Milano,La super festa di chiusura di Le Cannibale in Triennale,https://www.milanotoday.it/eventi/festa-le-cannibale-triennale-settembre-2023.html,Musica e vita notturna,"Viale Emilio Alemagna, Parco Sempione, Municipio 1, Milano, Lombardia, 20123, Italia",45.470981,9.1741781,10
Spettacoli,16-09-23,2023-09-16,"Largo Gustav Mahler,20136, Milano, MI,Italia",Auditorium di Milano,"Tra Granada, Madrid e Aranjuez (MITO Settembre Musica 23)",https://www.teatro.it/spettacoli/milano/auditorium-di-milano/2023-2024/tra-granada-madrid-e-aranjuez-mito-settembre-musica-23,Teatro e spettacolo,"Largo Gustav Mahler, Ticinese, Municipio 5, Milano, Lombardia, 20136, Italia",45.4463151,9.1792547,0
Spettacoli,16-09-23,2023-09-16,"Largo Antonio Greppi,20121, Milano, MI,Italia",Piccolo Teatro - Teatro Strehler,Dorothy nella città dei bambini (MITO Settembre Musica 23),https://www.teatro.it/spettacoli/milano/piccolo-teatro-teatro-strehler/2023-2024/dorothy-nella-citta-dei-bambini-mito-settembre-musica-23,Teatro e spettacolo,"Largo Antonio Greppi, Cerchia dei Navigli, Municipio 1, Milano, Lombardia, 20121, Italia",45.4718248,9.1828857,4
,29-09-23,2023-09-16,"Viale Abruzzi, 87, Milano, MI",Atelier Sinergie Milano,Il mondo nella mente di Laura Giorgia Boracchi,https://www.milanotoday.it/eventi/il-mondo-nella-mente-di-laura-giorgia-boracchi-laura-giorgia-boracchi.html,Non classificato,"87, Viale Abruzzi, Buenos Aires - Venezia, Municipio 3, Milano, Lombardia, 20131, Italia",45.4843149,9.2167435,6
,22-10-23,2023-09-16,"Via Giorgio Washington, 105, Milano, MI",Artgallery MCL-virtual gallery,"""Pop art"",mail art online exhibition",https://www.milanotoday.it/eventi/pop-art-mail-art-online-exhibition-artisti-vari-10378792.html,Non classificato,"105, Via Giorgio Washington, Tortona, Municipio 6, Milano, Lombardia, 20146, Italia",45.4556068,9.1552213,0
,17-09-23,2023-09-16,"Piazza Sempione, Milano, MI",Parco Sempione,"A Milano torna l'evento top del benessere, oltre 500 appuntamenti tra workout e consulti medici: come iscriversi gratis",https://www.milanotoday.it/eventi/my-personal-trainer-urban-walk-milano-16-settembre.html,Non classificato,"Piazza Sempione, Parco Sempione, Municipio 1, Milano, Lombardia, Italia",45.4755976,9.1725451,10
Mostra,01-10-23,2023-09-16,"via Grigna 13, Milano, MI",Ville Aperte in Brianza,GEP 2023. Ville aperte in Brianza,,Arte e cultura,"Via Grigna, Villaggio Gorizia, Cassina di Prà, Baranzate, Milano, Lombardia, 20021, Italia",45.5272386,9.1108633,13
Spettacoli,17-09-23,2023-09-17,"via Pier Lombardo,14,20135, Milano, MI,Italia",Franco Parenti - Sala Grande,Le Bal. L'Italia balla dal 1940 al 2001,https://www.teatro.it/spettacoli/milano/franco-parenti-sala-grande/2023-2024/le-bal-litalia-balla-dal-1940-al-2001,Teatro e spettacolo,"Via Pier Lombardo, Porta Romana, Municipio 4, Milano, Lombardia, 20135, Italia",45.4542958,9.2063109,4
Spettacoli,17-09-23,2023-09-17,"via G. B. Bazzoni 2,20123, Milano, MI,Italia",Chiesa di Santa Maria Segreta,Venezia (MITO Settembre Musica 23),https://www.teatro.it/spettacoli/milano/chiesa-di-santa-maria-segreta/2023-2024/venezio-mito-settembre-musica-23,Teatro e spettacolo,"20123, Italy",45.4643,9.1895,4
,24-09-23,2023-09-17,"Via Mecenate, 88/A, Milano, MI",East Market,Il grande ritorno di East Market,https://www.milanotoday.it/eventi/mercatino-vintage-east-market.html,Non classificato,"Via Mecenate, Mecenate, Municipio 4, Milano, Lombardia, 20059, Italia",45.4548592,9.2455733,2
Spettacoli,17-09-23,2023-09-17,"Via San Giovanni sul muro 2,20121, Milano, MI,Italia",Dal Verme,Due capolavori sulla Senna (MITO Settembre Musica 23),https://www.teatro.it/spettacoli/milano/dal-verme/2023-2024/due-capolavori-sulla-senna-mito-settembre-musica-23,Teatro e spettacolo,"2, Via San Giovanni sul Muro, Cerchia dei Navigli, Municipio 1, Milano, Lombardia, 20121, Italia",45.4671162,9.1814924,4
Hobby,25-11-23,2023-09-17,"Piazzale dello Sport, 16, Milano, MI",Ippodromo di San Siro,Riparte la stagione del galoppo a San Siro,https://www.milanotoday.it/eventi/corse-cavalli-ippodromo-2023.html,Altri eventi,"Piazzale dello Sport, San Siro, Municipio 7, Milano, Lombardia, 20148, Italia",45.4804825,9.1291269,13
Spettacoli,17-09-23,2023-09-17,"Via Giovanni Bovio,5,20159, Milano, MI,Italia",Bruno Munari,Il pianoforte di Gershwin (MITO Settembre Musica 23),https://www.teatro.it/spettacoli/milano/bruno-munari/2023-2024/il-pianoforte-di-gershwin-mito-settembre-musica-23,Teatro e spettacolo,"Via Giovanni Bovio, Dergano, Municipio 9, Milano, Lombardia, 20159, Italia",45.5027065,9.1827045,10
Spettacoli,17-09-23,2023-09-17,"Via Rivoli 6,20121, Milano, MI,Italia",Piccolo Teatro - Studio Melato,La grande mela (MITO Settembre Musica 23),https://www.teatro.it/spettacoli/milano/piccolo-teatro-studio-melato/2023-2024/la-grande-mela-mito-settembre-musica-23,Teatro e spettacolo,"6, Via Rivoli, Brera, Municipio 1, Milano, Lombardia, 20121, Italia",45.4726093,9.182881,4
Spettacoli,18-09-23,2023-09-18,"Via Neera 24,20141, Milano, MI,Italia",Santa Maria Annunciata in Chiesa Rossa,Il pianoforte di Shubert (MITO Settembre Musica 23),https://www.teatro.it/spettacoli/milano/santa-maria-annunciata-in-chiesa-rossa/2023-2024/il-pianoforte-di-shubert-mito-settembre-musica-23,Teatro e spettacolo,"Via Neera, Stadera, Municipio 5, Milano, Lombardia, 20136, Italia",45.4331632,9.1830672,0
,26-09-23,2023-09-18,"Via Enrico Caviglia, 3, Milano, MI",Istituto Italiano di Fotografia,Un’isola più isole,https://www.milanotoday.it/eventi/un-isola-piu-isole-mostra-collettiva.html,Non classificato,"3, Via Enrico Caviglia, Lodi - Corvetto, Municipio 4, Milano, Lombardia, 20139, Italia",45.4436084,9.2298198,2
Spettacoli,18-09-23,2023-09-18,"Largo Victor de Sabata,20121, Milano, MI,Italia",Santuario di San Giuseppe,Tra Stradella e Castelfidardo (MITO Settembre Musica 23),https://www.teatro.it/spettacoli/milano/santuario-di-san-giuseppe/2023-2024/tra-stradella-e-castelfidardo-mito-settembre-musica-23,Teatro e spettacolo,"Largo Victor de Sabata, Brera, Municipio 1, Milano, Lombardia, 20121, Italia",45.4684465,9.1888155,4
,20-09-23,2023-09-19,"Via Adolfo Omodeo, 29, Milano, MI",Parco dei Triangoli,Nuovo cinema diffuso: a settembre le ultime proiezioni in programma al parco dei triangoli,https://www.milanotoday.it/eventi/nuovo-cinema-diffuso-a-settembre-2023.html,Non classificato,"29, Via Adolfo Omodeo, Gallaratese, Quartiere Gallaratese, Municipio 8 di Milano, Milano, Lombardia, 20151, Italia",45.490328,9.1156258,13
,19-09-23,2023-09-19,"Via Ugo Foscolo, 3, Milano, MI",LIBRERIA FELTRINELLI,"“Social fame. Adolescenza, social media e disturbi alimentari”",https://www.milanotoday.it/eventi/social-fame-adolescenza-social-media-e-disturbi-alimentari-presentazione-il-19-settembre-a-milano.html,Non classificato,"3, Via Ugo Foscolo, Duomo, Municipio 1, Milano, Lombardia, 20121, Italia",45.4652805,9.1906683,4
Cibo e Vino,25-09-23,2023-09-19,"Via Privata Belgirate, 15, Milano, MI",,"In occasione della Milano Fashion Week, il prosciutto simbolo del Made in Italy organizza un evento ""itinerante""",https://www.milanotoday.it/eventi/eventi-musica-cibo-fashion-week-2023.html,Enogastronomia,"15, Via privata Belgirate, Maciachini - Maggiolina, Municipio 2, Milano, Lombardia, 20125, Italia",45.4944386,9.2031146,6
Spettacoli,19-09-23,2023-09-19,"Via San Giovanni sul muro 2,20121, Milano, MI,Italia",Dal Verme,Un pianoforte a Parigi (MITO Settembre Musica 23),https://www.teatro.it/spettacoli/milano/dal-verme/2023-2024/un-pianoforte-a-parigi-mito-settembre-musica-23,Teatro e spettacolo,"2, Via San Giovanni sul Muro, Cerchia dei Navigli, Municipio 1, Milano, Lombardia, 20121, Italia",45.4671162,9.1814924,4
Spettacoli,19-09-23,2023-09-19,"piazza Piero Carnelli,20138, Milano, MI,Italia",Delfino,Il pianoforte di Bach (MITO Settembre Musica 23),https://www.teatro.it/spettacoli/milano/delfino/2023-2024/il-pianoforte-di-bach-mito-settembre-musica-23,Teatro e spettacolo,"Piazza Don Piero Carnelli, Mecenate, Municipio 4, Milano, Lombardia, 20059, Italia",45.4584915,9.2436908,2
,19-09-23,2023-09-19,"Piazza San Babila, Milano, MI",Sfilata itinerante,"Presentazione nuova collezione ""Borsa gioiello""",https://www.milanotoday.it/eventi/presentazione-nuova-collezione-borsa-gioiello-cherie-pochette-milano.html,Non classificato,"Piazza San Babila, Duomo, Municipio 1, Milano, Lombardia, 20122, Italia",45.466374,9.1977066,4
Mostre,21-01-24,2023-09-20,"Piazza del Duomo, 12, Milano, MI",Palazzo Reale,La mostra fotografica che celebra la diversità culturale,https://www.milanotoday.it/eventi/mostra-fotografica-jimmy-nelson.html,Arte e cultura,"12, Piazza del Duomo, Duomo, Municipio 1, Milano, Lombardia, 20122, Italia",45.4631707,9.1911184,4
,21-10-23,2023-09-20,"Via Nerino, 2, Milano, MI",Wunderkammern,Pichiavo - diaspasis,https://www.milanotoday.it/eventi/pichiavo-diaspasis-10372411.html,Non classificato,"2, Via Nerino, Cerchia dei Navigli, Municipio 1, Milano, Lombardia, 20123, Italia",45.4618629,9.1839774,4
,21-10-23,2023-09-20,"Via Nerino, 2, Milano, MI",Wunderkammern,Pichiavo | diaspasis,https://www.milanotoday.it/eventi/pichiavo-diaspasis-pichiavo-2023.html,Non classificato,"2, Via Nerino, Cerchia dei Navigli, Municipio 1, Milano, Lombardia, 20123, Italia",45.4618629,9.1839774,4
Spettacoli,20-09-23,2023-09-20,"Via Giovanni Bovio,5,20159, Milano, MI,Italia",Bruno Munari,Il pianoforte di Debussy (MITO Settembre Musica 23),https://www.teatro.it/spettacoli/milano/bruno-munari/2023-2024/il-pianoforte-di-debussy-mito-settembre-musica-23,Teatro e spettacolo,"Via Giovanni Bovio, Dergano, Municipio 9, Milano, Lombardia, 20159, Italia",45.5027065,9.1827045,10
,20-09-23,2023-09-20,"Piazzale Stazione Genova, 4, Milano, MI",Bobino Milano,Open mic,https://www.milanotoday.it/eventi/open-mic-monica-faggiani-corinna-grandi-virgigno.html,Non classificato,"Bobino, 4, Piazzale Stazione Genova, Navigli, Municipio 6, Milano, Lombardia, 20144, Italia",45.4536005,9.1698498,0
,21-10-23,2023-09-20,"Via Nerino, 2, Milano, MI",Wunderkammern,PichiAvo - Diaspasis,https://www.milanotoday.it/eventi/pichiavo-diaspasis-pichiavo.html,Non classificato,"2, Via Nerino, Cerchia dei Navigli, Municipio 1, Milano, Lombardia, 20123, Italia",45.4618629,9.1839774,4
,08-10-23,2023-09-20,"Via Evangelista Torricelli, 21, Milano, MI",Corals,"Inaugurazione mostra ""Hey you, hey now""",https://www.milanotoday.it/eventi/inaugurazione-mostra-hey-you-hey-now-william-fernando-aparicio-e-luca-salvemini.html,Non classificato,"21, Via Evangelista Torricelli, Ravello, Parabiago, Milano, Lombardia, 20015, Italia",45.5574246,8.9394696,1
Spettacoli,20-09-23,2023-09-20,"Via San Giovanni sul muro 2,20121, Milano, MI,Italia",Dal Verme,In volo (MITO Settembre Musica 23),https://www.teatro.it/spettacoli/milano/dal-verme/2023-2024/in-volo-mito-settembre-musica-23,Teatro e spettacolo,"2, Via San Giovanni sul Muro, Cerchia dei Navigli, Municipio 1, Milano, Lombardia, 20121, Italia",45.4671162,9.1814924,4
Mostre,21-01-24,2023-09-20,"Piazza del Duomo, 12, Milano, MI",Palazzo Reale,La mostra fotografica che celebra la diversità culturale,https://www.milanotoday.it/eventi/mostra-fotografica-jimmy-nelson.html,Arte e cultura,"12, Piazza del Duomo, Duomo, Municipio 1, Milano, Lombardia, 20122, Italia",45.4631707,9.1911184,4
,21-09-23,2023-09-20,"Via Sant'Agnese, 18, Milano, MI",Ambrosiana Art Gallery,Piero Gilardi. Ecosistemi 1:1,https://www.milanotoday.it/eventi/piero-gilardi-ecosistemi-1-1-piero-gilardi.html,Non classificato,"18, Via Sant'Agnese, Cerchia dei Navigli, Municipio 1, Milano, Lombardia, 20123, Italia",45.4644885,9.176065,0
,04-10-23,2023-09-20,"Via Privata Passo Pordoi, 7/3, Milano, MI",Interface HUB,Dreamars IV,https://www.milanotoday.it/eventi/dreamars-iv.html,Non classificato,"Via Passo Pordoi, Scalo Romana, Municipio 5, Milano, Lombardia, 20139, Italia",45.4364043,9.2092881,4
Spettacoli,20-09-23,2023-09-20,"via Valtellina 25,20157, Milano, MI,Italia",Alcatraz,PAUL WELLER - Tour 2023,https://www.teatro.it/spettacoli/milano/alcatraz/2023-2024/paul-weller-tour-2023,Teatro e spettacolo,"Alcatraz, 25, Via Valtellina, Isola, Municipio 9, Milano, Lombardia, 20159, Italia",45.494744,9.1823768,10
,22-10-23,2023-09-21,"Via Achille Maiocchi, 15, Milano, MI",Maiocchi15,"Ascesa, discesa: un’alba libanese. Esposizione personale delle opere di Rami Lazkani",https://www.milanotoday.it/eventi/ascesa-discesa-un-alba-libanese-esposizione-personale-delle-opere-di-rami-lazkani-rami-lazkani.html,Non classificato,"Via Achille Maiocchi, Buenos Aires - Venezia, Municipio 3, Milano, Lombardia, 20129, Italia",45.4749763,9.212389,6
,27-10-23,2023-09-21,"Via Maloia, 1, Milano, MI",spazioSERRA,Babylon,https://www.milanotoday.it/eventi/babylon-da-un-idea-di-joykix-e-rossella-moratto-joykix-roberto-casti-marco-cesari-lucrezia-costa-francesco-fossati-lorenzo-lunghi-rebecca-mari-matteo-urbani-danilo-vuolo-compostpunk-vincenzo-zancana.html,Non classificato,"Via Maloia, Farini, Municipio 9, Milano, Lombardia, 20158, Italia",45.4946286,9.1768212,10
,07-10-23,2023-09-21,"Galleria Strasburgo, 3, Milano, MI",Studio Bolzani,Colori di città invisibili - Dipinti di alioune badara ndiaye,https://www.milanotoday.it/eventi/colori-di-citta-invisibili-2023.html,Non classificato,"3, Galleria privata Strasburgo, Duomo, Municipio 1, Milano, Lombardia, 20122, Italia",45.4649141,9.197794,4
,21-09-23,2023-09-21,"Corso di Porta Vittoria, 43, Milano, MI",piazzale camera del lavoro,Omaggio Fabrizio De Andrè,https://www.milanotoday.it/eventi/omaggio-de-andre-figli-di-un-temporale.html,Non classificato,"43, Corso di Porta Vittoria, Guastalla, Municipio 1, Milano, Lombardia, 20122, Italia",45.4624935,9.2038876,4
Mostre,29-09-23,2023-09-21,"Via Magolfa, 30, Milano, MI",Casa delle Arti - Spazio Alda Merini,A Casa Merini i ritratti speciali di Francesca Viridiana Bastoni,https://www.milanotoday.it/eventi/mostra-bastoni-casa-alda-merini.html,Arte e cultura,"Via Magolfa, Navigli, Municipio 6, Milano, Lombardia, 20136, Italia",45.4508604,9.1765214,0
Inaugurazione,21-09-23,2023-09-21,"via Brera, 28, Milano, MI",Pinacoteca di Brera,Lunga vita a Piero!,,Inaugurazioni,"Pinacoteca di Brera, 28, Via Brera, Cerchia dei Navigli, Municipio 1, Milano, Lombardia, 20121, Italia",45.4722421,9.1884071,4
,07-10-23,2023-09-21,"Via Enrico Caviglia, 3, Milano, MI",Istituto Italiano di Fotografia,"Istituto italiano di fotografia ospita ""The dummy award 2023""",https://www.milanotoday.it/eventi/istituto-italiano-di-fotografia-ospita-the-dummy-award-2023.html,Non classificato,"3, Via Enrico Caviglia, Lodi - Corvetto, Municipio 4, Milano, Lombardia, 20139, Italia",45.4436084,9.2298198,2
Mostre,18-11-23,2023-09-21,"Corso Plebisciti, 12, Milano, MI",Osart Gallery,Patonaz - franklyn dzingai & wilfred timire,https://www.milanotoday.it/eventi/patonaz-franklyn-dzingai-wilfred-timire-franklyn.html,Arte e cultura,"Corso Plebisciti, Buenos Aires - Venezia, Municipio 3, Milano, Lombardia, 20129, Italia",45.4681056,9.2179035,6
Convegno/conferenza,21-09-23,2023-09-21,"Via Brera, 28, Milano, MI",Pinacoteca di Brera,PREMIO ROSA di BRERA 7' Edizione,,Formazione e networking,"Pinacoteca di Brera, 28, Via Brera, Cerchia dei Navigli, Municipio 1, Milano, Lombardia, 20121, Italia",45.4722421,9.1884071,4
,21-09-23,2023-09-21,"Via Roberto Lepetit, 3, Milano, MI",Ostello Bello Grande,Non chiamatele start-up: fare impresa in una Milano che cambia,https://www.milanotoday.it/eventi/non-chiamatele-startup-fare-impresa-in-una-milano-che-cambia-volt-milano.html,Non classificato,"3, Via Roberto Lepetit, Centrale, Municipio 2, Milano, Lombardia, 20124, Italia",45.4824209,9.2036148,6
Mostre,28-01-24,2023-09-21,"Via Tortona, 56, Milano, MI",Mudec - Museo delle Culture,Le incredibili opere di Van Gogh in mostra a Milano,https://www.milanotoday.it/eventi/mostra-van-gogh-mudec.html,Arte e cultura,"Mudec, 56, Via Tortona, Tortona, Municipio 6, Milano, Lombardia, 20144, Italia",45.4520455,9.1613185,0
Cibo e Vino,24-09-23,2023-09-21,"Piazza Città di Lombardia, Milano, MI",Piazza Città di Lombardia,"Spritz Festival 2023, quattro giorni all'insegna del buon bere",https://www.milanotoday.it/eventi/spritz-festival-2023.html,Enogastronomia,"Piazza Città di Lombardia, GARIBALDI REPUBBLICA, Municipio 9, Milano, Lombardia, 20124, Italia",45.4867209,9.1960553,10
Spettacoli,21-09-23,2023-09-21,"via Filodrammatici,1,20121, Milano, MI,Italia",Filodrammatici,Ballantini e Petrolini,https://www.teatro.it/spettacoli/milano/filodrammatici/2023-2024/ballantini-e-petrolini,Teatro e spettacolo,"Teatro dei Filodrammatici, 1, Via Filodrammatici, Brera, Municipio 1, Milano, Lombardia, 20121, Italia",45.467261,9.188435,4
Sagre,24-09-23,2023-09-21,"Piazza Città di Lombardia, Milano, MI",Piazza Città di Lombardia,"A Milano arriva il festival dedicato allo 'Spritz': quattro giorni di musica, brindisi e degustazioni",https://www.milanotoday.it/eventi/milano-spritz-festival-autunno-2023.html,Enogastronomia,"Piazza Città di Lombardia, GARIBALDI REPUBBLICA, Municipio 9, Milano, Lombardia, 20124, Italia",45.4867209,9.1960553,10
Mostre,28-01-24,2023-09-21,"Via Tortona, 56, Milano, MI",Mudec - Museo delle Culture,Le incredibili opere di Van Gogh in mostra a Milano,https://www.milanotoday.it/eventi/mostra-van-gogh-mudec.html,Arte e cultura,"Mudec, 56, Via Tortona, Tortona, Municipio 6, Milano, Lombardia, 20144, Italia",45.4520455,9.1613185,0
,21-09-23,2023-09-21,"Piazza Cordusio, Milano, MI",Milano,"""Peace is everyone's business"": i russi liberi manifestano contro la guerra a Milano",https://www.milanotoday.it/eventi/manifestazione-pace-tutti-21-settembre-2023.html,Non classificato,"Piazza Cordusio, Cerchia dei Navigli, Municipio 1, Milano, Lombardia, Italia",45.465058,9.1861848,4
Manifestazioni,24-09-23,2023-09-22,"Piazza Gae Aulenti, Milano, MI",piazza Gae Aulenti,Il nuovo tour dei Lego arriva a Milano: tutte le attività in programma,https://www.milanotoday.it/eventi/tour-lego-giochi-bambini-gae-aulenti.html,Altri eventi,"Piazza Gae Aulenti, GARIBALDI REPUBBLICA, Municipio 9, Milano, Lombardia, Italia",45.4834778,9.1902248,10
Manifestazioni,24-09-23,2023-09-22,"Via Maria Cristina, Milano, MI",,"Pero in Festa 2023, tre giorni di musica e street food",https://www.milanotoday.it/eventi/festival-pero-2023-programma.html,Altri eventi,"Via Maria Cristina, Cassina del Pero, Pero, Milano, Lombardia, 20016, Italia",45.5107915,9.0876269,13
,24-09-23,2023-09-22,"Foro Buonaparte, 67, Milano, MI",Fondazione Luciana Matalon,Collater.al photography 2023,https://www.milanotoday.it/eventi/collater-al-photography-2023-artisti-vari.html,Non classificato,"Fondazione Matalon, 67, Foro Buonaparte, Cerchia dei Navigli, Municipio 1, Milano, Lombardia, 20121, Italia",45.4678515,9.1808028,4
,21-10-23,2023-09-22,"Via Benedetto Marcello, 46, Milano, MI",Galleria Manifiesto Blanco,Under a spell - Heinz Schattner,https://www.milanotoday.it/eventi/mostra-under-a-spell-heinz-schattner-manifiesto-blanco-heinz-schattner.html,Non classificato,"Manifiesto Blanco, 46, Via Benedetto Marcello, Buenos Aires - Venezia, Municipio 3, Milano, Lombardia, 20124, Italia",45.4830737,9.2106807,6
Convegno/conferenza,22-09-23,2023-09-22,"via Conservatorio, Milano, MI",Basilica di Santa Maria della Passione,GEP 2023 – Storie di restauro. La chiesa di Santa Maria della Passione – 22 settembre – Conferenza e visite guidate,,Formazione e networking,"Via Conservatorio, Guastalla, Municipio 1, Milano, Lombardia, 20122, Italia",45.464677,9.2030999,4
Manifestazioni,01-10-23,2023-09-22,"Piazza Gae Aulenti, Milano, MI",piazza Gae Aulenti,Un vero villaggio svizzero (col trenino del Bernina) tra i grattacieli,https://www.milanotoday.it/eventi/villaggio-svizzera-2023.html,Altri eventi,"Piazza Gae Aulenti, GARIBALDI REPUBBLICA, Municipio 9, Milano, Lombardia, Italia",45.4834778,9.1902248,10
,23-09-23,2023-09-23,"Via Giuseppe Eugenio Luraghi, 11, Milano, MI",Centro Odontoiatrico Humanitas Medical Care Arese,Disallineamento dentale? Scopri l'apparecchio trasparente per il tuo sorriso all'open day del 23 settembre,https://www.milanotoday.it/eventi/disallineamento-dentale-arese.html,Non classificato,"Via Maestra, 11, Viale Giuseppe Eugenio Luraghi, Valera, Arese, Milano, Lombardia, 20044, Italia",45.5638918,9.0510987,8
Spettacoli,23-09-23,2023-09-23,"via Filodrammatici,1,20121, Milano, MI,Italia",Filodrammatici,Un uomo chiamato Bob Dylan,https://www.teatro.it/spettacoli/milano/filodrammatici/2023-2024/un-uomo-chiamato-bob-dylan,Teatro e spettacolo,"Teatro dei Filodrammatici, 1, Via Filodrammatici, Brera, Municipio 1, Milano, Lombardia, 20121, Italia",45.467261,9.188435,4
,23-09-23,2023-09-23,"Via Valtellina, 25, Milano, MI",Alcatraz Milano,La festa degli Anni Novanta e lo speciale tributo agli 883,https://www.milanotoday.it/eventi/festa-anni-novanta-alcatraz.html,Non classificato,"Alcatraz, 25, Via Valtellina, Isola, Municipio 9, Milano, Lombardia, 20159, Italia",45.494744,9.1823768,10
Spettacoli,23-09-23,2023-09-23,"Piazzale dello Sport,16,,20151, Milano, MI,Italia",Ippodromo di San Siro,MARRACASH - Marrageddon Festival,https://www.teatro.it/spettacoli/milano/ippodromo-di-san-siro/2023-2024/marracash-marrageddon-festival,Teatro e spettacolo,"Piazzale dello Sport, San Siro, Municipio 7, Milano, Lombardia, 20148, Italia",45.4804864,9.1258159,13
Spettacoli,23-09-23,2023-09-23,"Via Alessandro Manzoni 42,20121, Milano, MI,Italia",Manzoni,Buon Compleanno Mimì,https://www.teatro.it/spettacoli/milano/manzoni/2023-2024/buon-compleanno-mimi,Teatro e spettacolo,"Teatro Manzoni, 42, Via Alessandro Manzoni, Cerchia dei Navigli, Municipio 1, Milano, Lombardia, 20121, Italia",45.4710286,9.1944762,4
,23-09-23,2023-09-23,"Via Giulio Cesare Procaccini, 4, Milano, MI",Fabbrica del Vapore,Città del futuro 2023: il festival multiculturale alla Fabbrica del vapore,https://www.milanotoday.it/eventi/citta-del-futuro-2023-il-23-settembre-la-prima-edizione-del-festival-multiculturale-alla-fabbrica-del-vapore-di-milano-lovefoxy-mark-broom.html,Non classificato,"4, Via Giulio Cesare Procaccini, Bullona, Porta Volta, Municipio 8 di Milano, Milano, Lombardia, 20154, Italia",45.4839945,9.1753796,10
Mostra,24-09-23,2023-09-23,"Via Manzoni, Milano, MI",Museo Poldi Pezzoli,Gli allestimenti del Museo Poldi Pezzoli: dall’Ottocento a oggi,,Arte e cultura,"Via Alessandro Manzoni, Quartiere Campetto, Trezzano sul Naviglio, Milano, Lombardia, 20090, Italia",45.4284775,9.0621913,3
,01-10-23,2023-09-23,"Corso Garibaldi, 116, Milano, MI",Salone degli Archi,Arché bazar,https://www.milanotoday.it/eventi/arche-bazar.html,Non classificato,"Corso Giuseppe Garibaldi, Brera, Municipio 1, Milano, Lombardia, 20121, Italia",45.4730864,9.1837221,4
Mostra,24-09-23,2023-09-23,"PIAZZA SAN BERNARDINO, 5, Milano, MI",MUSEO ARCHEOLOGICO DELLA VALLE SABBIA,GEP 2023. Il MAVS vi InVita: alla scoperta della tradizione millenaria della ceramica,,Arte e cultura,"Piazza Papa Paolo sesto, San Bernardino, Oltrestazione, Legnano, Milano, Lombardia, 20025, Italia",45.577922,8.8989648,1
Visita Guidata,23-09-23,2023-09-23,"Via Borgonuovo, Milano, MI",Museo del Risorgimento e Laboratorio di storia moderna e contemporanea,GEP 2023 al Museo del Risorgimento di Milano. Le parole della politica,,Arte e cultura,"Via Borgonuovo, Cerchia dei Navigli, Municipio 1, Milano, Lombardia, 20121, Italia",45.4714008,9.1907277,4
Visita Guidata,23-09-23,2023-09-23,"Via Brera, Milano, MI",Museo astronomico - Orto botanico di Brera,L’Orto Botanico di Brera si racconta dopo gli episodi estivi di estremo maltempo,,Arte e cultura,"Via Brera, Cerchia dei Navigli, Municipio 1, Milano, Lombardia, 20121, Italia",45.4710342,9.187609,4
Visita Guidata,23-09-23,2023-09-23,"via Frova 10, Milano, MI",Museo Fotografia Contemporanea,Museo di Fotografia Contemporanea: visita guidata speciale alle collezioni e alla mostra “Nel corso del tempo. Fotografie di Francesco Radino nelle collezioni del Museo di Fotografia Contemporanea”,,Arte e cultura,"Museo di Fotografia Contemporanea, 10, Via Giovanni Frova, Borgo Primavera, Cinisello, Cinisello Balsamo, Zona Omogenea Milano Nord, Milano, Lombardia, 20092, Italia",45.557169,9.2156253,5
Itinerario culturale,24-09-23,2023-09-23,"Via Senato, Milano, MI",Soprintendenza Archivistica e Bibliografica della Lombardia,Giornate europee del Patrimonio - GEP 2023 - Iniziative in Lombardia,,Arte e cultura,"Via Senato, Cerchia dei Navigli, Municipio 1, Milano, Lombardia, 20121, Italia",45.4714266,9.1962309,4
,24-09-23,2023-09-23,"Via Dante, Milano, MI","Vie Dante e Verdi – CORSICO  Via della Pace, nei pressi del Maniero della Contrada La Flora - LEGNANO (Milano)",Gli ambulanti di Forte dei marmi a Corsico e Legnano il 23 e 24 settembre,https://www.milanotoday.it/eventi/gli-ambulanti-di-forte-dei-marmi-2023.html,Non classificato,"Via Dante, Brera, Municipio 1, Milano, Lombardia, 20121, Italia",45.4666876,9.1843146,4
Visita Guidata,23-09-23,2023-09-23,"VICOLO SAN GIUSEPPE, 5, Milano, MI",Complesso del Convento e della Chiesa di San Giuseppe,Il Complesso di San Giuseppe e la ridefinizione moderna di Giovan Battista Marchetti,,Arte e cultura,"5, Vicolo San Giuseppe, Adriano, San Giuseppe, Vimodrone, Milano, Lombardia, 20055, Italia",45.5119145,9.2677291,5
,01-10-23,2023-09-23,"Bastioni di Porta Venezia, Milano, MI",Giardini Indro Montanelli,Il corso di difesa personale gratuito: come iscriversi e partecipare,https://www.milanotoday.it/eventi/difesa-personale-corso-2023.html,Non classificato,"Bastioni di Porta Venezia, Giardini Porta Venezia, Municipio 1, Milano, Lombardia, 20219, Italia",45.4747584,9.2036113,4
,24-09-23,2023-09-23,"Piazza Sempione, Milano, MI",Arco della Pace,A Milano torna la corsa più inclusiva di sempre: quando si corre e dove ci si iscrive,https://www.milanotoday.it/eventi/run-for-inclusion-milano.html,Non classificato,"Piazza Sempione, Parco Sempione, Municipio 1, Milano, Lombardia, Italia",45.4755976,9.1725451,10
Mostra,23-09-23,2023-09-23,"piazza Cittadella  9, Milano, MI",Civico Museo Archeologico di Bergamo,GEP 2023: “Quattro passi a Bergomum”. Conferenza e visita guidata,,Arte e cultura,"9, Piazza Cittadella, Gessate, Milano, Lombardia, 20060, Italia",45.5560076,9.4367403,12
,11-11-23,2023-09-23,"Via Roma, 45, Milano, MI",Galleria Magenta,Leggère sull'acqua,https://www.milanotoday.it/eventi/leggere-sull-acqua-marco-pessa.html,Non classificato,"45, Via Roma, Molino Ortolina, Pioltello, Milano, Lombardia, 20096, Italia",45.500319,9.3277849,7
Visita Guidata,23-09-23,2023-09-23,"CORSO DI PORTA TICINESE, Milano, MI",Luogo sconosciuto,GEP 2023 – Storie di restauro. La basilica paleocristiana di San Lorenzo maggiore a Milano – 23 settembre – Visite guidate,,Arte e cultura,"Corso di Porta Ticinese, Cerchia dei Navigli, Municipio 1, Milano, Lombardia, 20123, Italia",45.4597208,9.1812604,4
Attività Didattica,23-09-23,2023-09-23,"Viale Alemagna, 6, Milano, MI",Triennale di Milano - Triennale design museum,Triennale di Milano. Quando soffia il tempo,,Formazione e networking,"Triennale Design Museum, 6, Viale Emilio Alemagna, Parco Sempione, Municipio 1, Milano, Lombardia, 20121, Italia",45.4721477,9.1734894,10
Mostra,24-09-23,2023-09-23,"Viale Antonio Gramsci 161, Milano, MI",Galleria Campari,GEP 2023. Approfondimenti e visite guidate in Galleria Campari,,Arte e cultura,"161, Viale Antonio Gramsci, Rondò, Cassina de' Gatti, Sesto San Giovanni, Zona Omogenea Milano Nord, Milano, Lombardia, 20099, Italia",45.5389285,9.2354926,5
Teatri,24-09-23,2023-09-23,"Via Sant'Uguzzone, 8, Milano, MI",Milano,Teatro in fasce per bambini 0-3 anni,https://www.milanotoday.it/eventi/teatro-in-fasce-per-bambini-0-3-anni.html,Teatro e spettacolo,"Casa dei Giochi, 8, Via Sant'Uguzzone, Viale Monza, Municipio 2, Milano, Lombardia, 20126, Italia",45.5210885,9.2259917,5
Visita Guidata,23-09-23,2023-09-23,"via Brera, 28, Milano, MI",Pinacoteca di Brera,GEP 2023 Il restauro svela la vita segreta dei dipinti,,Arte e cultura,"Pinacoteca di Brera, 28, Via Brera, Cerchia dei Navigli, Municipio 1, Milano, Lombardia, 20121, Italia",45.4722421,9.1884071,4
,08-10-23,2023-09-23,"Corso Garibaldi, 17, Milano, MI",Sede Gruppo Bagutta,Ada Nori - Personale d'arte,https://www.milanotoday.it/eventi/ada-nori-personale-d-arte-ada-nori.html,Non classificato,"Tempo Ritrovato Libri, 17, Corso Giuseppe Garibaldi, Brera, Municipio 1, Milano, Lombardia, 20121, Italia",45.4726949,9.1836643,4
Seminario,23-09-23,2023-09-23,"Via Meucci, 85, Milano, MI",Cherubini Vivaio del Garda,IL GARDA È VERDE: NEL PRESENTE RIDIPINGERE DI LUCE LA STORIA,,Formazione e networking,"85, Via privata Antonio Meucci, Adriano, Municipio 2, Milano, Lombardia, 20128, Italia",45.5074767,9.2375086,5
Visita Guidata,23-09-23,2023-09-23,"Via Ernesto Breda, 56, Milano, MI",Associazione Archivio del Lavoro,Sesto città degli archivi. La memoria del lavoro,,Arte e cultura,"56, Via Ernesto Breda, Rondò, Sesto San Giovanni, Zona Omogenea Milano Nord, Milano, Lombardia, 20099, Italia",45.5318684,9.2289917,5
Mostra,24-09-23,2023-09-23,"Corso Magenta, Milano, MI",Museo Martinitt e Stelline,GEP 2023. I racconti di Martinitt e Stelline,,Arte e cultura,"Corso Magenta, Magenta - San Vittore, Municipio 1, Milano, Lombardia, 20123, Italia",45.4657212,9.17112,0
Mostra,23-09-23,2023-09-23,"Via Alessandro Manzoni, Milano, MI",Chiesa parrocchiale di S. Eusebio in Pasturo (LC),GEP 2023. Visita guidata alla chiesa parrocchiale di S. Eusebio in Pasturo,,Arte e cultura,"Via Alessandro Manzoni, Duomo, Municipio 1, Milano, Lombardia, 20121, Italia",45.4709378,9.1936604,4
Mostra,23-09-23,2023-09-23,"via S. Giorgio, Milano, MI",Chiesa parrocchiale di S. Giorgio in Cremeno (LC),GEP 2023. Visita guidata alla chiesa parrocchiale di S. Giorgio in Cremeno,,Arte e cultura,"Via San Giorgio, Maliano, Lucernate, Rho, Milano, Lombardia, 20017, Italia",45.5269149,9.0449998,8
Mostra,23-09-23,2023-09-23,"via don Mariani, Milano, MI",Chiesa parrocchiale di S. Francesco in Moggio (LC),GEP 2023. Visita guidata alla chiesa parrocchiale di S. Francesco in Moggio,,Arte e cultura,"Via Don Grazioso Mariani, Mirabello, Carugate, Milano, Lombardia, 20061, Italia",45.5447766,9.3463821,7
Visita Guidata,24-09-23,2023-09-23,"Via De Amicis 17, Milano, MI",Centro Artistico Alik Cavaliere,Centro Artistico Alik Cavaliere. La pittura dello scultore: un patrimonio e il suo doppio.,,Arte e cultura,"Antiquarium Alda Levi, 17, Via Edmondo De Amicis, Ticinese, Municipio 1, Milano, Lombardia, 20123, Italia",45.4577507,9.1796498,0
,30-09-23,2023-09-23,"Piazza delle Betulle, 1, Milano, MI",Chiesa Parrocchiale di San Vincenzo e Santa Rita,Settembre in musica: note di eleganza e solidarietà,https://www.milanotoday.it/eventi/settembre-in-musica-note-di-eleganza-e-solidarieta-a-rodano-millepini-luca-maggioni-veronika-koprivica-rossella-spinosa-gerardo-monizza-francesco-grillo.html,Non classificato,"Piazza delle Betulle, Briavacca, Millepini, Rodano, Briavacca, Milano, Lombardia, 20053, Italia",45.4669818,9.3389821,7
Mostra,23-09-23,2023-09-23,"Piazza Santa Maria, Milano, MI",Chiesa parrocchiale Natività della Beata Vergine in Maggio di Cremeno (LC),GEP 2023. Visita guidata alla chiesa parrocchiale Natività della Beata Vergine in Maggio di Cremeno,,Arte e cultura,"Piazza Santa Maria del Suffragio, XXII Marzo, Municipio 4, Milano, Lombardia, Italia",45.4622406,9.2117088,6
Attività Didattica,23-09-23,2023-09-23,"Largo Alfonso Lamarmora 17, Milano, MI",Fondazione ISEC - Istituto per la Storia dell’Età Contemporanea,Fondazione ISEC. Sesto città degli archivi: la memoria dell'impresa,,Formazione e networking,"Villa Mylius, 17, Largo Alfonso Lamarmora, Rondò, Cassina de' Gatti, Sesto San Giovanni, Zona Omogenea Milano Nord, Milano, Lombardia, 20099, Italia",45.5350027,9.2370809,5
,24-09-23,2023-09-23,"Via Circonvallazione Idroscalo, 41, Milano, MI",CIRCOLO MAGNOLIA,The sound of pizza,https://www.milanotoday.it/eventi/the-sound-of-pizza.html,Non classificato,"Circolo Magnolia, 41, Via Circonvallazione Idroscalo, Novegro, Segrate, Milano, Lombardia, 20054, Italia",45.4637036,9.286076,2
,24-09-23,2023-09-24,"Via Savona, 101, Milano, MI",Gogol&Company,Milano dentro fuori -  musica e letture in piazza berlinguer,https://www.milanotoday.it/eventi/milano-dentro-fuori-musica-e-letture-.html,Non classificato,"101, Via Savona, Lorenteggio, Municipio 6, Milano, Lombardia, 20146, Italia",45.4496874,9.1506305,0
Spettacoli,24-09-23,2023-09-24,"Viale dell'Innovazione 20,20126, Milano, MI,Italia",Arcimboldi,Ma... diamoci del tu!,https://www.teatro.it/spettacoli/milano/arcimboldi/2023-2024/enrico-brignano-ma-diamoci-del-tu,Teatro e spettacolo,"20, Viale dell'Innovazione, Bicocca, Municipio 9, Milano, Lombardia, 20125, Italia",45.5148696,9.2135963,5
Mostra,24-09-23,2023-09-24,"via Mazzini 92, Milano, MI",Planetario di Lumezzane,GEP 2023. Proiezione del cielo stellato sotto la cupola del Planetario,,Arte e cultura,"92, Via Giuseppe Mazzini, Paullo, Milano, Lombardia, 20067, Italia",45.4165994,9.3915677,12
Mostra,24-09-23,2023-09-24,"via Garibaldi 7, Milano, MI",Museo Civico Goffredo Bellini,"GEP 2023: Arte e dintorni a Mantova. Il Novecento tra storia, memoria e attualità Relatore: Roberto Pedrazzoli",,Arte e cultura,"Parrucchiere, 7, Via Giuseppe Garibaldi, Cernusco sul Naviglio, Milano, Lombardia, 20063, Italia",45.5250958,9.3309945,7
Convegno/conferenza,24-09-23,2023-09-24,"piazza della Chiesa 1, Milano, MI",chiesa dei SS. Protaso e Gervaso,GEP 2023 – Storie di restauro. L’intervento conservativo della chiesa dei SS. Protaso e Gervaso a Gorgonzola – 24 settembre – Conferenza e visite guidate,,Formazione e networking,"Il Fornaio della Piazza, 1, Piazza della Chiesa, Novate Milanese, Milano, Lombardia, 20026, Italia",45.5317464,9.1403779,13
Mostra,24-09-23,2023-09-24,"via Volta 6, Milano, MI",Museo del Tessile e della Tradizione industriale di Busto Arsizio,GEP 2023. GIOCOMERENDA: UN MONDO DI FILI,,Arte e cultura,"6, Via Alessandro Volta, Brera, Municipio 1, Milano, Lombardia, 20121, Italia",45.4793242,9.1839459,10
Mostra,24-09-23,2023-09-24,"Via dell'Ambrosiana, 20, Milano, MI",Museo Mangini Bonomi - Fondazione Emilio Carlo Mangini,GEP 2023 al Museo Mangini Bonomi. LE COLLEZIONI:  Aspetti di vita nella casa di un tempo,,Arte e cultura,"Museo Mangini Bonomi, 20, Via dell'Ambrosiana, Cerchia dei Navigli, Municipio 1, Milano, Lombardia, 20123, Italia",45.4634581,9.1851679,4
Mostra,24-09-23,2023-09-24,"Piazzale Castello, Milano, MI",Castello Sforzesco,"GEP 2023 al Castello Sforzesco di Milano. Artisti, artigiani e designer",,Arte e cultura,"Piazzale Luigi Cadorna, Cerchia dei Navigli, Municipio 1, Milano, Lombardia, 20123, Italia",45.4683729,9.1773559,4
Visita Guidata,24-09-23,2023-09-24,"Viale Alemagna, 6, Milano, MI",Triennale di Milano - Triennale design museum,Triennale Discover - Palazzo dell’Arte e il Giardino Giancarlo De Carlo,,Arte e cultura,"Triennale Design Museum, 6, Viale Emilio Alemagna, Parco Sempione, Municipio 1, Milano, Lombardia, 20121, Italia",45.4721477,9.1734894,10
Attività Didattica,24-09-23,2023-09-24,"Corso Magenta, 15, Milano, MI",Civico Museo archeologico di Milano,"GEP 2023 al Museo archeologico di Milano - ""FOR KIDS: IL LUNGO PERCORSO DELL'ACQUA""",,Formazione e networking,"Civico museo archeologico di Milano, 15, Corso Magenta, Cerchia dei Navigli, Municipio 1, Milano, Lombardia, 20123, Italia",45.465621,9.1787191,4
Visita Guidata,24-09-23,2023-09-24,"Corso Magenta, 15, Milano, MI",Civico Museo archeologico di Milano,"GEP 2023 al Museo archeologico di Milano - ""LE VIE DELL'ACQUA A MEDIOLANUM""",,Arte e cultura,"Civico museo archeologico di Milano, 15, Corso Magenta, Cerchia dei Navigli, Municipio 1, Milano, Lombardia, 20123, Italia",45.465621,9.1787191,4
Incontro/presentazione,24-09-23,2023-09-24,"Via Senato, 10, Milano, MI",Archivio di Stato di Milano,"“Faro andata e ritorno. Archivi e comunità”. Le Giornate Europee del Patrimonio all’Archivio di Stato di Milano, con visita all’Archivio del Piccolo Teatro di Milano",,Formazione e networking,"10, Via Senato, Guastalla, Municipio 1, Milano, Lombardia, 20121, Italia",45.4700976,9.1981223,4
Attività Didattica,24-09-23,2023-09-24,"Piazza del Duomo, 12, Milano, MI",Duomo di Milano,Il Duomo d’estate Visita guidata dedicata alle famiglie con bambini di età compresa tra i 6 e i 10 anni.,,Formazione e networking,"12, Piazza del Duomo, Duomo, Municipio 1, Milano, Lombardia, 20122, Italia",45.4631707,9.1911184,4
,24-09-23,2023-09-24,"Via Mecenate, 84, Milano, MI",East End Studios,Sfilata all'interno della Venere di Botticelli alla Milano fashion week,https://www.milanotoday.it/eventi/sfilata-all-interno-della-venere-di-botticelli-alla-milano-fashion-week.html,Non classificato,"84, Via Mecenate, Mecenate, Municipio 4, Milano, Lombardia, 20138, Italia",45.451744,9.248936,2
Spettacoli,26-09-23,2023-09-26,"Via G. di Vittorio 6,20090, Assago, MI,Italia",Unipol Forum,The 5 Seconds of Summer Show,https://www.teatro.it/spettacoli/assago/mediolanum-forum/2023-2024/the-5-seconds-of-summer-show,Teatro e spettacolo,"20090, Italy",45.407,9.1083,14
Manifestazioni,02-10-23,2023-09-26,"Piazza dei Mercanti, 2, Milano, MI",Palazzo dei Giureconsulti,"Milano Beauty Week 2023, tutti gli appuntamenti da non perdere",https://www.milanotoday.it/eventi/milano-beauty-week-2023.html,Altri eventi,"2, Piazza dei Mercanti, Duomo, Brera, Milano, Lombardia, 20123, Italia",45.4646697,9.1878971,4
,27-09-23,2023-09-27,"Via Marcona, 55, Milano, MI","Liceo Artistico di Brera, spazio Hajech",“ vieni a conoscere la biodiversità urbana”,https://www.milanotoday.it/eventi/vieni-a-conoscere-la-biodiversita-urbana.html,Non classificato,"Via Marcona, XXII Marzo, Municipio 4, Milano, Lombardia, 20130, Italia",45.4641306,9.2225866,6
Spettacoli,27-09-23,2023-09-27,"Via Larga 14,20122, Milano, MI,Italia",Lirico Giorgio Gaber,Festival Musical Square - Beethoven in Vermont,https://www.teatro.it/spettacoli/milano/lirico-giorgio-gaber/2023-2024/festival-musical-square-beethoven-in-vermont,Teatro e spettacolo,"Teatro Lirico Giorgio Gaber, 14, Via Larga, Cerchia dei Navigli, Municipio 1, Milano, Lombardia, 20122, Italia",45.4615135,9.1918702,4
Spettacoli,27-09-23,2023-09-27,"Via Gaudenzio Fantoli,9,20138, Milano, MI,20138, Milano, MI,Italia",Fabrique,Sophie And The Giants,https://www.teatro.it/spettacoli/milano/fabrique/2023-2024/sophie-and-the-giants,Teatro e spettacolo,"20138, Italy",45.4643,9.1895,4
,30-12-23,2023-09-27,"Via Sant'Agnese, 18, Milano, MI",L'appartamento,Inaugurazione nuovo spazio espositivo Identities,https://www.milanotoday.it/eventi/inaugurazione-nuovo-spazio-espositivo-l-appartamento-identities-mostra-collettiva-di-fotografia-yelena-yemchuck-kincso-bede-iosonopipo-sofiya-chotyrbok-giulia-agostini-yelena-yemchuck-kincso-bede-iosonopipo-sofiya-chotyrbok-giulia-agostini.html,Non classificato,"18, Via Sant'Agnese, Cerchia dei Navigli, Municipio 1, Milano, Lombardia, 20123, Italia",45.4644885,9.176065,0
Mostre,30-11-23,2023-09-28,"Via Sant'Agnese, 18, Milano, MI",Galleria L’Appartamento,La mostra fotografica che indaga l'identità contemporanea,https://www.milanotoday.it/eventi/mostra-fotografica-identities-galleria-appartamento.html,Arte e cultura,"18, Via Sant'Agnese, Cerchia dei Navigli, Municipio 1, Milano, Lombardia, 20123, Italia",45.4644885,9.176065,0
,28-09-23,2023-09-28,"Via Marco Formentini, 10, Milano, MI",CENTRO BRERA,Le poesie di Mao Zedong,https://www.milanotoday.it/eventi/cina-le-poesie-di-mao-zedong-mao-zedong.html,Non classificato,"Laboratorio Fondazione Mondadori, 10, Via Marco Formentini, Cerchia dei Navigli, Municipio 1, Milano, Lombardia, 20121, Italia",45.4716659,9.1863017,4
,10-10-23,2023-09-28,"Via Enrico Caviglia, 3, Milano, MI",Istituto Italiano di Fotografia,I will remind you,https://www.milanotoday.it/eventi/i-will-remind-you-alessia-angelo.html,Non classificato,"3, Via Enrico Caviglia, Lodi - Corvetto, Municipio 4, Milano, Lombardia, 20139, Italia",45.4436084,9.2298198,2
,01-10-23,2023-09-28,"Via Valtellina, 5, Milano, MI","Scalo Farini (Via Valtellina, 5)",Scalo Farini: international street food milano,https://www.milanotoday.it/eventi/scalo-farini-international-street-food-milano.html,Non classificato,"5, Via Valtellina, Farini, Municipio 9, Milano, Lombardia, 20159, Italia",45.4909324,9.1810555,10
,08-10-23,2023-09-28,"Ripa di Porta Ticinese, 61, Milano, MI",Arcadia Art Gallery,Mostra di arte contemporanea,https://www.milanotoday.it/eventi/mostra-di-arte-contemporanea-benedetta-belloni-giorgia-lualdi-pietro-panza-benedetta-belloni-giorgia-lualdi-pietro-panza.html,Non classificato,"61, Ripa di Porta Ticinese, Navigli, Municipio 6, Milano, Lombardia, 20143, Italia",45.4508348,9.1710412,0
Cibo e Vino,01-10-23,2023-09-28,"Via Valtellina, 5, Milano, MI",Scalo Farini,Il festival internazionale di street food sbarca a Milano,https://www.milanotoday.it/eventi/festival-internazionale-street-food-lampo-scalo-farini.html,Enogastronomia,"5, Via Valtellina, Farini, Municipio 9, Milano, Lombardia, 20159, Italia",45.4909324,9.1810555,10
Spettacoli,28-09-23,2023-09-28,"Viale dell'Innovazione 20,20126, Milano, MI,Italia",Arcimboldi,CALLAS 100,https://www.teatro.it/spettacoli/milano/degli-arcimboldi/2023-2024/callas-100,Teatro e spettacolo,"20, Viale dell'Innovazione, Bicocca, Municipio 9, Milano, Lombardia, 20125, Italia",45.5148696,9.2135963,5
Incontri,08-10-23,2023-09-28,"Viale Antonio Gramsci, 194, Milano, MI",Auditorium BCC,Armoniaviva,https://www.milanotoday.it/eventi/armoniaviva-artisti-vari.html,Formazione e networking,"194, Viale Antonio Gramsci, Baraggia, Sesto San Giovanni, Zona Omogenea Milano Nord, Milano, Lombardia, 20099, Italia",45.539871,9.2368459,5
Convegno/conferenza,29-09-23,2023-09-28,"Via Senato, 10, Milano, MI",Archivio di Stato di Milano,"L’Archivio di Stato di Milano a LuBeC 2023 | Lucca, 28 e 29 settembre 2023",,Formazione e networking,"10, Via Senato, Guastalla, Municipio 1, Milano, Lombardia, 20121, Italia",45.4700976,9.1981223,4
,31-12-23,2023-09-29,"Via Tortona, 27, Milano, MI",Superstudiopiù,Wildlife photographer of the year,https://www.milanotoday.it/eventi/wildlife-photographer-of-the-year-milano-2023.html,Non classificato,"27, Via Tortona, Tortona, Municipio 6, Milano, Lombardia, 20144, Italia",45.4518228,9.1631525,0
Incontri,01-10-23,2023-09-29,"Piazzale dello Sport, Milano, MI",Ippodromo di San Siro,Ippodromo aperto per famiglie e bambini nel weekend,https://www.milanotoday.it/eventi/ippodromo-san-siro-cosa-fare-1-ottobre-2023.html,Formazione e networking,"Piazzale dello Sport, San Siro, Municipio 7, Milano, Lombardia, 20148, Italia",45.4804825,9.1291269,13
Mostre,31-12-23,2023-09-29,"Via Tortona, 27, Milano, MI",Superstudio Più,"Wildlife Photographer of the Year, più di cento fotografie nella nuova mostra a Milano",https://www.milanotoday.it/eventi/wildlife-photographer-of-the-year-2023.html,Arte e cultura,"27, Via Tortona, Tortona, Municipio 6, Milano, Lombardia, 20144, Italia",45.4518228,9.1631525,0
,01-10-23,2023-09-29,"Alzaia Naviglio Pavese, 5, Milano, MI",Villa Salterio,"Alle porte di Milano si festeggia la ""Calabria in tutti i sensi""",https://www.milanotoday.it/eventi/alle-porte-di-milano-si-festeggia-la-calabria-in-tutti-i-sensi.html,Non classificato,"Alzaia Naviglio Pavese, Stadera, Municipio 5, Milano, Lombardia, 20142, Italia",45.425873,9.1691821,0
Mostra,09-12-23,2023-09-29,"via Brera, 28, Milano, MI",Pinacoteca di Brera - Biblioteca Nazionale Braidense di Milano,Alpha Beta,,Arte e cultura,"Pinacoteca di Brera, 28, Via Brera, Cerchia dei Navigli, Municipio 1, Milano, Lombardia, 20121, Italia",45.4722421,9.1884071,4
,08-10-23,2023-09-29,"Via Giovanni Spagliardi, Milano, MI",Chiesa Sant'Ambrogio della Vittoria,Antìtesi // contemporary design selection,https://www.milanotoday.it/eventi/antitesi-contemporary-design-selection-vari.html,Non classificato,"Via Giovanni Spagliardi, Lorenteggio, Municipio 6, Milano, Lombardia, 20152, Italia",45.4547851,9.1114444,13
Spettacoli,29-09-23,2023-09-29,"Via Larga 14,20122, Milano, MI,Italia",Lirico Giorgio Gaber,Postmodern Jukebox - Life in the Past Lane Tour,https://www.teatro.it/spettacoli/milano/lirico-giorgio-gaber/2023-2024/postmodern-jukebox-life-in-the-past-lane-tour,Teatro e spettacolo,"Teatro Lirico Giorgio Gaber, 14, Via Larga, Cerchia dei Navigli, Municipio 1, Milano, Lombardia, 20122, Italia",45.4615135,9.1918702,4
Manifestazioni,29-09-23,2023-09-29,"Via San Vittore, 21, Milano, MI",Museo Nazionale della Scienza e della Tecnologia,La notte bianca del Museo Scienza e Tecnica: entrata gratis,https://www.milanotoday.it/eventi/museo-scienza-tecnica.html,Altri eventi,"21, Via San Vittore, Magenta - San Vittore, Municipio 1, Milano, Lombardia, 20123, Italia",45.4628946,9.1706462,0
,14-10-23,2023-09-30,"Via Nirone, Milano, MI",Galleria degli Artisti,Mostra personale di Giovanna Pesenti alla galleria degli artisti,https://www.milanotoday.it/eventi/mostra-personale-di-giovanna-pesenti-alla-galleria-degli-artisti-giovanna-pesenti.html,Non classificato,"Via Nirone, Cerchia dei Navigli, Municipio 1, Milano, Lombardia, 20123, Italia",45.4642835,9.1783312,4
,30-09-23,2023-09-30,"Via San Dionigi, 90, Milano, MI",Depuratore di Milano Nosedo,“Le portatrici d’acqua” performance progetto a cura del laboratorio Killili con la direzione artistica dell’architetto maddalena ferraresi,https://www.milanotoday.it/eventi/le-portatrici-d-acqua-performance-2023.html,Non classificato,"Via San Dionigi, Scalo Romana, Municipio 5, Milano, Lombardia, 20139, Italia",45.435828,9.217683,2
,30-09-23,2023-09-30,"Via Francesco de Lemene, 50, Milano, MI",Cascina Boldinasco,Una giornata 'in cascina' per raccontare la cooperazione,https://www.milanotoday.it/eventi/una-giornata-in-cascina-per-raccontare-la-cooperazione.html,Non classificato,"50, Via Francesco De Lemene, Villapizzone, Garegnano, Municipio 8 di Milano, Milano, Lombardia, 20156, Italia",45.4938377,9.1358746,13
,01-10-23,2023-09-30,"Tangenziale Nord, 4, Milano, MI",Prologis Park Romentino,Alla scoperta dell'Urban Art nei pressi di Milano: ripartono i tour gratuiti presso il Prologis Park Romentino,https://www.milanotoday.it/eventi/street-art-mostra-milano.html,Non classificato,"Tangenziale Nord di Milano, Cascina Novella, Monza, Zona Omogenea Milano Nord, Monza e della Brianza, Lombardia, 20092, Italia",45.5671904,9.2292733,5
Disco&Feste,30-09-23,2023-09-30,"Via Valtellina, 25, Milano, MI",Alcatraz,La super festa anni 90 e il tributo a Jovanotti,https://www.milanotoday.it/eventi/festa-anni-90-alcatraz.html,Musica e vita notturna,"Alcatraz, 25, Via Valtellina, Isola, Municipio 9, Milano, Lombardia, 20159, Italia",45.494744,9.1823768,10
,30-09-23,2023-09-30,"Piazza Sempione, 14, Milano, MI",Cascina Nascosta,Cibo e donne: Nora Bouazzouni presenta il suo libro,https://www.milanotoday.it/eventi/cibo-e-donne-nora-bouazzouni-presenta-il-suo-libro-faminismo-il-sessismo-e-in-tavola-nora-bouazzouni.html,Non classificato,"Piazza Sempione, Parco Sempione, Municipio 1, Milano, Lombardia, Italia",45.4755976,9.1725451,10
Spettacoli,30-09-23,2023-09-30,"Viale dell'Innovazione 20,20126, Milano, MI,Italia",Arcimboldi,Atom Heart Mother,https://www.teatro.it/spettacoli/milano/arcimboldi/2023-2024/pink-floyd-legend-atom-heart-mother,Teatro e spettacolo,"20, Viale dell'Innovazione, Bicocca, Municipio 9, Milano, Lombardia, 20125, Italia",45.5148696,9.2135963,5
,15-10-23,2023-09-30,"Via Giulio Cesare Procaccini, 4, Milano, MI",FABBRICA DEL VAPORE,"Dove inizia la città: la voce delle periferie nel segno di Jannacci, Baber, Testori",https://www.milanotoday.it/eventi/dove-inizia-la-citta-la-voce-delle-periferie-nel-segno-di-jannacci-gaber-testori-marco-garofalo.html,Non classificato,"4, Via Giulio Cesare Procaccini, Bullona, Porta Volta, Municipio 8 di Milano, Milano, Lombardia, 20154, Italia",45.4839945,9.1753796,10
Concerti,30-09-23,2023-09-30,"Viale dell'Innovazione, 20, Milano, MI",Teatro degli Arcimboldi,Il mega concerto dedicato ai Pink Floyd,https://www.milanotoday.it/eventi/concerto-pink-floyd-legend-arcimboldi.html,Musica e vita notturna,"20, Viale dell'Innovazione, Bicocca, Municipio 9, Milano, Lombardia, 20125, Italia",45.5148696,9.2135963,5
,30-09-23,2023-09-30,"Via Fara, 4, Milano, MI",Palazzo Arcivescovile - Groppello d'Adda,"Magolandia, dove la magia prende vita e diventa realtà",https://www.milanotoday.it/eventi/magolandia-evento-magia-prende-vita.html,Non classificato,"Chef Mi, 4, Via Gustavo Fara, Centrale, Municipio 2, Milano, Lombardia, 20124, Italia",45.4821259,9.1978339,4
,30-09-23,2023-09-30,"Piazza delle Betulle, 1, Milano, MI",Chiesa di S.ta Rita,Le quattro stagioni rivisitate da Francesco Grillo,https://www.milanotoday.it/eventi/una-serata-di-eleganza-musicale-le-quattro-stagioni-rivisitate-da-francesco-grillo-francesco-grillo.html,Non classificato,"Piazza delle Betulle, Briavacca, Millepini, Rodano, Briavacca, Milano, Lombardia, 20053, Italia",45.4669818,9.3389821,7
,01-10-23,2023-09-30,"Alzaia Naviglio Grande, 190, Milano, MI",Alta Luce Teatro,"""La vita davanti a sé"" di Romain Gary, in scena da Alta Luce Teatro il 30 settembre e l'1 ottobre",https://www.milanotoday.it/eventi/la-vita-davanti-a-se-di-romain-gary-in-scena-da-alta-luce-teatro-il-30-settembre-e-l-1-ottobre-atir.html,Non classificato,"Alzaia Naviglio Grande, Navigli, Municipio 6, Milano, Lombardia, 20136, Italia",45.4520419,9.1756524,0
,30-09-23,2023-09-30,"Via Giovanni Polvani, Milano, MI",BiM - Dove Bicocca incontra Milano,"Bim fest, il festival di Bicocca",https://www.milanotoday.it/eventi/bim-fest-il-festival-di-bicocca-tra-musica-arte-artigianato-e-botanica-sabato-30-settembre-specific-e-radio-raheem.html,Non classificato,"Via Giovanni Polvani, Bicocca, Municipio 9, Milano, Lombardia, 20126, Italia",45.5125104,9.2125873,5
,07-10-23,2023-09-30,"Foro Buonaparte, 67, Milano, MI",Fondazione Luciana Matalon,Collettiva internazionale  “organizing chaos”  dal 30 settembre al 7 ottobre a milano,https://www.milanotoday.it/eventi/collettiva-internazionale-organizing-chaos-2023.html,Non classificato,"Fondazione Matalon, 67, Foro Buonaparte, Cerchia dei Navigli, Municipio 1, Milano, Lombardia, 20121, Italia",45.4678515,9.1808028,4
,30-09-23,2023-09-30,"Via Cascina Bellaria, 19, Milano, MI",Aspria Harbour Club,Padel vs racism all’Aspria Harbour Club,https://www.milanotoday.it/eventi/padel-vs-racism-all-aspria-harbour-club-torna-il-torneo-di-padel-a-sostegno-della-lotta-contro-il-razzismo.html,Non classificato,"19, Via Cascina Bellaria, Parco Bosco In Città, Municipio 7, Milano, Lombardia, 20153, Italia",45.4808636,9.1055051,13
Manifestazioni,01-10-23,2023-09-30,"Via Grosotto, 7, Milano, MI",Piazza Portello,"A Milano due giornate dedicate al benessere degli amici a quattro zampe: attività, offerte e consigli",https://www.milanotoday.it/eventi/the-royal-canin-show.html,Altri eventi,"H&M, 7, Via Grosotto, Villapizzone, Cagnola, Municipio 8 di Milano, Milano, Lombardia, 20149, Italia",45.4903254,9.146256,13
,07-10-23,2023-09-30,"Foro Buonaparte, 67, Milano, MI",Fondazione Luciana Matalon,Collettiva internazionale  “Organizing chaos”  dal 30 settembre al 7 ottobre a milano,https://www.milanotoday.it/eventi/collettiva-internazionale-organizing-chaos-dal-30-settembre.html,Non classificato,"Fondazione Matalon, 67, Foro Buonaparte, Cerchia dei Navigli, Municipio 1, Milano, Lombardia, 20121, Italia",45.4678515,9.1808028,4
Incontro/presentazione,30-09-23,2023-09-30,"via Brera, 28, Milano, MI",Pinacoteca di Brera - Biblioteca Nazionale Braidense di Milano,La Resistenza delle donne,,Formazione e networking,"Pinacoteca di Brera, 28, Via Brera, Cerchia dei Navigli, Municipio 1, Milano, Lombardia, 20121, Italia",45.4722421,9.1884071,4
,13-10-23,2023-09-30,"Viale Abruzzi, 87, Milano, MI",Atelier Sinergie Milano,Andrea Mele - forme metropolitane,https://www.milanotoday.it/eventi/andrea-mele-forme-metropolitane-andrea-mele-10396516.html,Non classificato,"87, Viale Abruzzi, Buenos Aires - Venezia, Municipio 3, Milano, Lombardia, 20131, Italia",45.4843149,9.2167435,6
Cibo e Vino,30-09-23,2023-09-30,"Via Melchiorre Gioia, Milano, MI",La Buttiga,"La ""beer run"" di Milano: 10 chilometri e mezzo di corsa, bevendo birre",https://www.milanotoday.it/eventi/beer-run-buttiga.html,Enogastronomia,"Via Melchiorre Gioia, Brera, Municipio 1, Milano, Lombardia, 20100, Italia",45.4801619,9.1898203,10
Mostre,05-11-23,2023-09-30,"Via Rivoltana, Milano, MI",Parco Esposizioni Novegro,"La mostra con dinosauri ""vivi"" e a grandezza naturale",https://www.milanotoday.it/eventi/dinosauri-novegro-30-settembre-5-novembre.html,Arte e cultura,"Via Rivoltana, Parco Forlanini - Ortica, Municipio 3, Novegro, Segrate, Milano, Lombardia, 21771, Italia",45.4723059,9.2711769,2
Spettacoli,01-10-23,2023-10-01,"Viale dell'Innovazione 20,20126, Milano, MI,Italia",Arcimboldi,Francesco Renga - TOUR ANNULLATO,https://www.teatro.it/spettacoli/milano/degli-arcimboldi/2023-2024/francesco-renga-insieme-tour-2023,Teatro e spettacolo,"20, Viale dell'Innovazione, Bicocca, Municipio 9, Milano, Lombardia, 20125, Italia",45.5148696,9.2135963,5
,01-10-23,2023-10-01,"Piazzale Ferdinando Martini, 1, Milano, MI",milano,Plant swap a Calvairate - green week edition,https://www.milanotoday.it/eventi/plant-swap-a-calvairate-green-week-edition-la-loggia-di-calvairate.html,Non classificato,"1, Piazzale Ferdinando Martini, Umbria - Molise, Municipio 4, Milano, Lombardia, 20137, Italia",45.4576284,9.2201912,6
,01-10-23,2023-10-01,"Via Guascona, Milano, MI",oasi lago dei cigni,Omaggio Fabrizio De Andrè,https://www.milanotoday.it/eventi/omaggio-f-de-andre-cantautori-italiani-figli-di-un-temporale.html,Non classificato,"Via Guascona, Parco Agricolo Sud, Municipio 7, Milano, Lombardia, 20090, Italia",45.4412257,9.0662384,3
,01-10-23,2023-10-01,"Via Riccardo Pitteri, 56, Milano, MI",Teatro Martinitt,Remira market al Martinitt,https://www.milanotoday.it/eventi/remira-market-al-martinitt-remira-market.html,Non classificato,"56, Via Riccardo Pitteri, Lambrate, Municipio 3, Milano, Lombardia, 20134, Italia",45.475064,9.248082,6
,01-10-23,2023-10-01,"Via Giovanni Pezzotti, 53, Milano, MI",CINETEATRO STELLA,Il favoloso mondo di George Gershwin,https://www.milanotoday.it/eventi/il-favoloso-mondo-di-george-gershwin-hcm-orchestra-feat-paolo-tomelleri.html,Non classificato,"53, Via Giovanni Pezzotti, Tibaldi, Municipio 5, Milano, Lombardia, 20141, Italia",45.4393892,9.1841439,0
,08-10-23,2023-10-01,"Corso Italia, 37, Milano, MI",Basilica di San Celso,Fatto bene: una mostra per apprezzare il buon design,https://www.milanotoday.it/eventi/fatto-bene-una-mostra-per-apprezzare-il-buon-design-francesco-faccin-lorenzo-damiani-maddalena-casadei-zanellato-bortotto-federica-biasi-giuseppe-arezzi-francesco-forcellini-matteo-di-ciommo-tipstudio-maddalena-selvini-isato-prugger.html,Non classificato,"37, Corso Italia, Vigentina, Municipio 1, Milano, Lombardia, 20122, Italia",45.4551276,9.1873184,4
Spettacoli,01-10-23,2023-10-01,"via Pitteri 58,20134, Milano, MI,Italia",Martinitt,I tre porcellini - Un musical... curvy,https://www.teatro.it/spettacoli/milano/martinitt/2023-2024/i-tre-porcellini-un-musical-curvy,Teatro e spettacolo,"Via Riccardo Pitteri, Lambrate, Municipio 3, Milano, Lombardia, 20134, Italia",45.4791078,9.2461224,6
,02-10-23,2023-10-02,"Piazza Città di Lombardia, Milano, MI",Palazzo Lombardia,"Il Belvedere della Regione sarà aperto per la ""Festa dei nonni""",https://www.milanotoday.it/eventi/apertura-belvedere-lombardia-2023.html,Non classificato,"Piazza Città di Lombardia, GARIBALDI REPUBBLICA, Municipio 9, Milano, Lombardia, 20124, Italia",45.4867209,9.1960553,10
Spettacoli,02-10-23,2023-10-02,"Viale dell'Innovazione 20,20126, Milano, MI,Italia",Arcimboldi,Europe - 40th Anniversary Tour,https://www.teatro.it/spettacoli/milano/degli-arcimboldi/2023-2024/europe-40th-anniversary-tour,Teatro e spettacolo,"20, Viale dell'Innovazione, Bicocca, Municipio 9, Milano, Lombardia, 20125, Italia",45.5148696,9.2135963,5
,07-10-23,2023-10-02,"Via Pier Lombardo, 14, Milano, MI",Teatro Franco Parenti,If! Festival della creatività,https://www.milanotoday.it/eventi/if-festival-della-creativita.html,Non classificato,"Via Pier Lombardo, Porta Romana, Municipio 4, Milano, Lombardia, 20135, Italia",45.4542958,9.2063109,4
,02-10-23,2023-10-02,"Via Giovanni Bellezza, 16a, Milano, MI",Arci Bellezza,The Andre in concerto al circolo Arci Bellezza,https://www.milanotoday.it/eventi/the-andre-in-concerto-al-circolo-arci-bellezza-il-12-ottobre-the-andre.html,Non classificato,"Arci Bellezza, 16a, Via Giovanni Bellezza, Vigentina, Municipio 5, Milano, Lombardia, 20136, Italia",45.4487392,9.1950134,4
,03-10-23,2023-10-03,"Corso Magenta, 63, Milano, MI",Fondazione Eni Enrico Mattei,"Presentazione ""Come l'economia può salvare il mondo""",https://www.milanotoday.it/eventi/presentazione-hoepli-come-l-economia-puo-salvare-il-mondo-di-erik-angner.html,Non classificato,"63, Corso Magenta, Magenta - San Vittore, Municipio 1, Milano, Lombardia, 20123, Italia",45.4656338,9.1716105,0
Manifestazioni,09-10-23,2023-10-03,"Piazza del Duomo, Milano, MI",La Rinascente,Buon compleanno Tex! Una settimana dedicata al Ranger più famoso dei fumetti,https://www.milanotoday.it/eventi/settimana-tex-willer-rinascente.html,Altri eventi,"Piazza del Duomo, Duomo, Municipio 1, Milano, Lombardia, Italia",45.4639102,9.1906398,4
,20-10-23,2023-10-04,"Via Milazzo, 6, Milano, MI",Arte in Salotto,Art deco di Andrea Baruffi,https://www.milanotoday.it/eventi/art-deco-andrea-baruffi.html,Non classificato,"6, Via Milazzo, Brera, Municipio 1, Milano, Lombardia, 20121, Italia",45.4791251,9.1876651,10
,04-10-23,2023-10-04,"Via Broletto, 28, Milano, MI",Libreria del Mare,"Presentazione del libro ""Parentesi atlantica"" di Andrea Cestari",https://www.milanotoday.it/eventi/presentazione-del-libro-parentesi-atlantica-di-andrea-cestari-alla-libreria-del-mare-di-milano-andrea-cestari.html,Non classificato,"La libreria del mare, 28, Via Broletto, Brera, Municipio 1, Milano, Lombardia, 20121, Italia",45.4674764,9.185844,4
Spettacoli,04-10-23,2023-10-04,"Via G. di Vittorio 6,20090, Assago, MI,Italia",Unipol Forum,Gigi D'Alessio - Dove c'è il sole Tour,https://www.teatro.it/spettacoli/assago/mediolanum-forum/2023-2024/gigi-dalessio-dove-ce-il-sole-tour,Teatro e spettacolo,"20090, Italy",45.407,9.1083,14
,04-10-23,2023-10-04,"Via San Calocero, 29, Milano, MI",Libreria Linea d'Ombra,"Presentazione del libro ""1944 i fascisti bruciano Bergiola""",https://www.milanotoday.it/eventi/presentazione-del-libro-1944-i-fascisti-bruciano-bergiola-matteo.html,Non classificato,"Pianoroll Computer Music Milano, 29, Via San Calocero, Magenta - San Vittore, Municipio 1, Milano, Lombardia, 20123, Italia",45.4577107,9.1719445,0
,04-10-23,2023-10-04,"Via Legnano, 14, Milano, MI",Spazio ARB,Pensare e/o sognare: percorsi tra arte e alchimia,https://www.milanotoday.it/eventi/pensare-e-o-sognare-percorsi-tra-arte-e-alchimia.html,Non classificato,"14, Via Legnano, Brera, Municipio 1, Milano, Lombardia, 20121, Italia",45.4743247,9.1819064,4
Manifestazioni,09-10-23,2023-10-05,"Via San Vittore, 21, Milano, MI",Museo Nazionale Scienza e Tecnologia Leonardo da Vinci,"Milano Digital Week 2023, la nuova edizione tra innovazione e tecnologia",https://www.milanotoday.it/eventi/digital-week-2023.html,Altri eventi,"21, Via San Vittore, Magenta - San Vittore, Municipio 1, Milano, Lombardia, 20123, Italia",45.4628946,9.1706462,0
,05-10-23,2023-10-05,"Via Savona, 101, Milano, MI",Gogol&Company,Questa non è una presentazione: primo incontro con Paolo Cognetti.,https://www.milanotoday.it/eventi/questa-non-e-una-presentazione-primo-incontro-con-paolo-cognetti-paolo-cognetti.html,Non classificato,"101, Via Savona, Lorenteggio, Municipio 6, Milano, Lombardia, 20146, Italia",45.4496874,9.1506305,0
Incontri,05-10-23,2023-10-05,"Piazza Edmond Jacob Safra, Milano, MI",Memoriale della Shoah,Sulla Rotta di Bilal - Letture e dialoghi,https://www.milanotoday.it/eventi/bilal-letture-dialoghi.html,Formazione e networking,"Piazza Edmond Jacob Safra, Centrale, Municipio 2, Milano, Lombardia, 20124, Italia",45.4880206,9.2082383,6
,28-10-23,2023-10-05,"Via Brera, 2, Milano, MI",Galleria Ponte Rosso,La passione brucia,https://www.milanotoday.it/eventi/la-passione-brucia-vittorio-emanuele.html,Non classificato,"Valstar, 2, Via Brera, Brera, Milano, Lombardia, 20121, Italia",45.4693543,9.1882354,4
,08-10-23,2023-10-05,"Via Pescantina, 8, Milano, MI",FABBRICA DI LAMPADINE,La reine de marbre,https://www.milanotoday.it/eventi/la-reine-de-marbre-spettacolo-multilingue-teatro-multilingue.html,Non classificato,"8, Via Pescantina, Niguarda - Cà Granda, Municipio 9, Milano, Lombardia, 20162, Italia",45.5231811,9.2029173,5
Spettacoli,05-10-23,2023-10-05,"Via Ciro Menotti 11,20129, Milano, MI,Italia",Menotti,Assange,https://www.teatro.it/spettacoli/milano/menotti/2023-2024/alessandro-di-battista-assange,Teatro e spettacolo,"Teatro Menotti, 11, Via Ciro Menotti, Buenos Aires - Venezia, Municipio 3, Milano, Lombardia, 20129, Italia",45.4699775,9.2131112,6
Mostre,08-10-23,2023-10-05,"Via Gaetano de Castillia, 28, Milano, MI",Fondazione Riccardo Catella,"In 90 anni, quanto sono cambiate abitudini e consumi? A Milano la mostra sulla rivoluzione quotidiana",https://www.milanotoday.it/eventi/mostra-henkel-italia-5-8-ottobre.html,Arte e cultura,"28, Via Gaetano De Castillia, Isola, Municipio 9, Milano, Lombardia, 20124, Italia",45.4857844,9.192789,10
,17-10-23,2023-10-05,"Piazza Cinque Giornate, Milano, MI","Coin, La Maison Citroen",Citroen festeggia i 75 anni della 2 CV: quando e dove sarà celebrata a Milano,https://www.milanotoday.it/eventi/citroen-2cv-75-anni-evento-milano.html,Non classificato,"Piazza Cinque Giornate, Guastalla, Municipio 1, Milano, Lombardia, 20135, Italia",45.4621145,9.2067244,4
Manifestazioni,08-10-23,2023-10-05,"Corso di Porta Ticinese, 95, Milano, MI",Museo Diocesano,"Chiostro in Fiera 2023, l'artigianato di qualità nel cuore di Milano",https://www.milanotoday.it/eventi/chiostro-in-fiera-2023-mercatino-museo-diocesano.html,Altri eventi,"95, Corso di Porta Ticinese, Ticinese, Municipio 1, Milano, Lombardia, 20123, Italia",45.4550676,9.1813468,0
Teatri,29-10-23,2023-10-05,"Piazza Piemonte, Milano, MI",Teatro Nazionale,"Il musical ""Chicago"" al Teatro Nazionale di Milano",https://www.milanotoday.it/eventi/chicago-musical-ottobre-2023.html,Teatro e spettacolo,"Piazza Piemonte, Washington, Municipio 7, Milano, Lombardia, 20149, Italia",45.4662442,9.1546307,0
,05-10-23,2023-10-05,"Via Pasquale Sottocorno, 27, Milano, MI",Art Luxury,Note cromatiche di Amasia,https://www.milanotoday.it/eventi/note-cromatiche-di-amasia-amasia.html,Non classificato,"Ricci Osteria, 27, Via Pasquale Sottocorno, XXII Marzo, Municipio 4, Milano, Lombardia, 20129, Italia",45.4662072,9.2119112,6
Manifestazioni,19-11-23,2023-10-06,"Piazzale Vincenzo Cuoco, Milano, MI",Piazzale Cuoco,"La magia del circo sull'acqua, il nuovo spettacolo a Milano",https://www.milanotoday.it/eventi/circo-sull-acqua-piazzale-cuoco.html,Altri eventi,"Piazzale Vincenzo Cuoco, Umbria - Molise, Municipio 4, Milano, Lombardia, 20130, Italia",45.4509316,9.2236063,6
,08-10-23,2023-10-06,"Piazza Oldrini, 100, Milano, MI",Piazza Oldrini,Festival della carbonara & cucina romana,https://www.milanotoday.it/eventi/festival-della-carbonara-cucina-romana.html,Non classificato,"100, Piazza Abramo Oldrini, Rondò, Sesto San Giovanni, Zona Omogenea Milano Nord, Milano, Lombardia, 20099, Italia",45.5374259,9.2312698,5
,06-10-23,2023-10-06,"Viale Cassala, 30, Milano, MI",C30,"Milano digital week, un workshop di Scuolazoo sull'utilizzo dell'ai a scuola",https://www.milanotoday.it/eventi/milano-digital-week-un-workshop-di-scuolazoo-sull-utilizzo-dell-ai-a-scuola-scuolazoo.html,Non classificato,"30, Viale Cassala, Navigli, Municipio 6, Milano, Lombardia, 20143, Italia",45.4443095,9.164352,0
,22-10-23,2023-10-06,"Via Giuseppe di Vittorio, 2, Milano, MI",Centro sportivo di SENAGO,Sagra dei pizzoccheri,https://www.milanotoday.it/eventi/sagra-dei-pizzoccheri.html,Non classificato,"28/2, Via Giuseppe Di Vittorio, Foramagno, Peschiera Borromeo, Milano, Lombardia, 20068, Italia",45.4270849,9.2880658,2
,07-10-23,2023-10-06,"Viale Bligny, 52, Milano, MI",Teatro Principe,Roofinders altyn night party,https://www.milanotoday.it/eventi/roofinders-altyn-night-party-son-pascal.html,Non classificato,"52, Viale Bligny, Vigentina, Municipio 5, Milano, Lombardia, 20136, Italia",45.4508352,9.1937791,4
Convegno/conferenza,06-10-23,2023-10-06,"Via Senato, 10, Milano, MI",Archivio di Stato di Milano,"Milano Digital Week: I-DEALS COmprendere Limiti @ COstruire Comunità | Venerdì 6 ottobre 2023, ore 15, Palazzo del Senato, Milano",,Formazione e networking,"10, Via Senato, Guastalla, Municipio 1, Milano, Lombardia, 20121, Italia",45.4700976,9.1981223,4
,08-10-23,2023-10-06,"Via San Faustino, 5, Milano, MI",Quartiere Ortica,Orticainfesta! 2023 - festival dei diritti,https://www.milanotoday.it/eventi/orticainfesta-2023-festival-dei-diritti-2023.html,Non classificato,"5, Via San Faustino, Lambrate, Municipio 3, Milano, Lombardia, 20134, Italia",45.4717873,9.2416377,6
Spettacoli,06-10-23,2023-10-06,"Via G. di Vittorio 6,20090, Assago, MI,Italia",Unipol Forum,Amici per sempre,https://www.teatro.it/spettacoli/assago/mediolanum-forum/2023-2024/pooh-amici-per-sempre,Teatro e spettacolo,"20090, Italy",45.407,9.1083,14
Manifestazioni,08-10-23,2023-10-06,"Piazza Castello, Milano, MI",Castello Sforzesco,"Wired Next Fest 2023, quando l'innovazione è protagonista",https://www.milanotoday.it/eventi/wired-next-fest-2023-programma.html,Altri eventi,"Piazza Castello, Cerchia dei Navigli, Municipio 1, Milano, Lombardia, Italia",45.4704699,9.1819129,4
Cibo e Vino,06-10-23,2023-10-06,"Piazza Armando Diaz, Milano, MI",Da Donato,"A Milano apre ""Da Donato con mollica o senza"": buffet gratis per l'inaugurazione",https://www.milanotoday.it/eventi/apre-donato-mollica-senza-quando-dove.html,Enogastronomia,"Piazza Armando Diaz, Cerchia dei Navigli, Municipio 1, Milano, Lombardia, 20122, Italia",45.4623603,9.1900022,4
,06-10-23,2023-10-06,"Via Giovanni Bellezza, 16a, Milano, MI",Arci Bellezza,"Bruce Soord, la voce di the Pineapple Thief, live con il nuovo album",https://www.milanotoday.it/eventi/bruce-soord-la-voce-di-the-pineapple-thief-dal-vivo-con-il-nuovo-album-venerdi-6-ottobre-a-milano-bruce-soord.html,Non classificato,"Arci Bellezza, 16a, Via Giovanni Bellezza, Vigentina, Municipio 5, Milano, Lombardia, 20136, Italia",45.4487392,9.1950134,4
Spettacoli,06-10-23,2023-10-06,"v. Matteotti 30,20064, Gorgonzola, MI,Italia",Sala Argentia,La leggenda di Belle e la Bestia - Il musical,https://www.teatro.it/spettacoli/gorgonzola/sala-argentia/2023-2024/la-leggenda-di-belle-e-la-bestia-il-musical,Teatro e spettacolo,"Sala Argentia, 30, Via Giacomo Matteotti, Gorgonzola, Milano, Lombardia, 20064, Italia",45.5327792,9.4032916,12
Teatri,10-12-23,2023-10-06,"Via Circonvallazione Idroscalo, Milano, MI",Idroscalo,Gravity Equilibrium: l'incredibile spettacolo all'Idroscalo,https://www.milanotoday.it/eventi/gravity-equilibrium-2023.html,Teatro e spettacolo,"Via Circonvallazione Idroscalo, Redecesio, Novegro, Segrate, Milano, Lombardia, 20054, Italia",45.469716,9.2854959,2
Spettacoli,06-10-23,2023-10-06,"vicolo Fiume 4,20092, Cinisello Balsamo, MI,Italia",Pax,Andavo ai 100 all'ora,https://www.teatro.it/spettacoli/cinisello-balsamo/pax/2023-2024/paolo-cevoli-andavo-ai-100-allora,Teatro e spettacolo,"CineTeatro Pax, 4, Vicolo Fiume, Cinisello, Cinisello Balsamo, Zona Omogenea Milano Nord, Milano, Lombardia, 20092, Italia",45.5564874,9.2169118,5
,25-11-23,2023-10-06,"Via Gaudenzio Ferrari, 3, Milano, MI",Almach Art Gallery,Salvador Aulestia: genio apotista,https://www.milanotoday.it/eventi/salvador-aulestia-genio-apotista-salvador-aulestia.html,Non classificato,"3, Via Gaudenzio Ferrari, Ticinese, Municipio 1, Milano, Lombardia, 20123, Italia",45.4558833,9.1754506,0
,06-10-23,2023-10-06,"Via Giuseppe Candiani, 131, Milano, MI",La Scighera,Jerez por fiesta!,https://www.milanotoday.it/eventi/jerez-por-fiesta-eva-del-cristo-e-santiago-moreno.html,Non classificato,"La Scighera, 131, Via Giuseppe Candiani, Bovisa, Municipio 9, Milano, Lombardia, 20158, Italia",45.5029369,9.1618014,10
Concerti,07-10-23,2023-10-07,"Via Giuseppe di Vittorio, Milano, MI",Mediolanum Forum di Assago,Renga e Nek insieme in un concerto imperdibile,https://www.milanotoday.it/eventi/concerto-renga-nek-mediolanum-forum-assago.html,Musica e vita notturna,"Via Giuseppe Di Vittorio, Cascine Olona, Vighignolo, Settimo Milanese, Milano, Lombardia, 20019, Italia",45.4867995,9.0567603,3
,17-10-23,2023-10-07,"Corso Garibaldi, 95, Milano, MI",SPAZIO ROSETO,Radomir Damnjan: dalla pittura alla pittura n.1,https://www.milanotoday.it/eventi/radomir-damnjan-dalla-pittura-alla-pittura-n-1-radomir-damnjan.html,Non classificato,"95, Corso Giuseppe Garibaldi, Brera, Municipio 1, Milano, Lombardia, 20121, Italia",45.4772456,9.1842803,10
,08-10-23,2023-10-07,"Via Gaetano de Castillia, 28, Milano, MI",Fondazione Riccardo Catella,90 volte Henkel: la rivoluzione quotidiana,https://www.milanotoday.it/eventi/90-volte-henkel-la-rivoluzione-quotidiana.html,Non classificato,"28, Via Gaetano De Castillia, Isola, Municipio 9, Milano, Lombardia, 20124, Italia",45.4857844,9.192789,10
,07-10-23,2023-10-07,"Via Michele Lessona, 70, Milano, MI",CasArché,"Arché live ""Di confini si muore, di orizzonti si vive""",https://www.milanotoday.it/eventi/arche-live-di-confini-si-muore-di-orizzonti-si-vive.html,Non classificato,"Via Michele Lessona, Vialba, Quarto Oggiaro, Municipio 8 di Milano, Milano, Lombardia, 20157, Italia",45.515496,9.1361201,13
,23-03-24,2023-10-07,"Largo Angelo Testori, 13, Milano, MI",CASA TESTORI,Born in Mac Mahon. Gli eroi della periferia di Giovanni Testori,https://www.milanotoday.it/eventi/born-in-mac-mahon-gli-eroi-della-periferia-di-giovanni-testori.html,Non classificato,"13, Largo Angelo Testori, Novate Milanese, Milano, Lombardia, 20026, Italia",45.5292587,9.1367315,13
,07-10-23,2023-10-07,"Via Sant'Agnese, 18, Milano, MI",L'Appartamento,Artist talk,https://www.milanotoday.it/eventi/artist-talk-sofiya-chotyrbok-and-giulia-agostini-identities-sabato-7-ottobre-a-partire-alle-ore-18-sofiya-chotyrbok-e-giulia-agostini.html,Non classificato,"18, Via Sant'Agnese, Cerchia dei Navigli, Municipio 1, Milano, Lombardia, 20123, Italia",45.4644885,9.176065,0
,23-03-24,2023-10-07,"Largo Angelo Testori, 13, Milano, MI",CASA TESTORI,Born in Mac Mahon. Gli eroi della periferia di Giovanni Testori,https://www.milanotoday.it/eventi/born-in-mac-mahon-gli-eroi-della-periferia-di-giovanni-testori.html,Non classificato,"13, Largo Angelo Testori, Novate Milanese, Milano, Lombardia, 20026, Italia",45.5292587,9.1367315,13
,08-10-23,2023-10-07,"Via XXV Aprile, Milano, MI",Via Roma-Via XXV Aprile,Gli ambulanti di Forte dei Marmi a Monza e Segrate,https://www.milanotoday.it/eventi/gli-ambulanti-di-forte-dei-marmi-a-monza-e-segrate-nel-week-end-del-7-e-8-ottobre.html,Non classificato,"Via Venticinque Aprile, Triulzo Inferiore, Triulzo, San Donato Milanese, Milano, Lombardia, 20138, Italia",45.4293534,9.2707589,2
Incontri,07-10-23,2023-10-07,"Via Maria Drago, Milano, MI",Ucraina Più,Guerra in Ucraina: incontro a Milano con lo storico Yaroslav Hrytsak,https://www.milanotoday.it/eventi/storia_ucraina-hrytsak-7-ottobre-2023.html,Formazione e networking,"Via Maria Drago, Musocco, Quarto Oggiaro, Municipio 8 di Milano, Milano, Lombardia, 20157, Italia",45.5117468,9.1284811,13
,07-10-23,2023-10-07,"Via Leonardo Da Vinci, Milano, MI",Lago Bellaria - Fialdini FIshing Area,Daiwa day il 7 ottobre 2023,https://www.milanotoday.it/eventi/daiwa-day-7-ottobre-2023-daiwa-italy.html,Non classificato,"Via Leonardo da Vinci, Cascina Fagnana, Buccinasco, Milano, Lombardia, 20090, Italia",45.4312929,9.1188552,14
Spettacoli,07-10-23,2023-10-07,"Via G. di Vittorio 6,20090, Assago, MI,Italia",Unipol Forum,RENGANEK - Live 2024,https://www.teatro.it/spettacoli/assago/mediolanum-forum/2023-2024/renga-nek-concerto-2023,Teatro e spettacolo,"20090, Italy",45.407,9.1083,14
Convegno/conferenza,07-10-23,2023-10-07,"Via Senato, 10, Milano, MI",Archivio di Stato di Milano,Domenica di carta all’Archivio di Stato di Milano: presentazione dell’Annuario 2021 e visite guidate alla mostra sui teatri milanesi tra ‘700 e ‘800,,Formazione e networking,"10, Via Senato, Guastalla, Municipio 1, Milano, Lombardia, 20121, Italia",45.4700976,9.1981223,4
Moda,15-10-23,2023-10-07,"Via Tortona, 54, Milano, MI",Base Milano,House of Luxury: un evento senza precedenti a Milano,https://www.milanotoday.it/eventi/shopping-sconti-milano.html,Mercati e shopping,"Museo del Teatro di Figura, 54, Via Tortona, Tortona, Municipio 6, Milano, Lombardia, 20144, Italia",45.4521943,9.1625287,0
Manifestazioni,15-10-23,2023-10-07,"Corso Venezia, 51, Milano, MI",Palazzo Bovara,"Milano Wine Week 2023, la nuova edizione ricca di degustazioni",https://www.milanotoday.it/eventi/milano-wine-week-2023-programma.html,Altri eventi,"51, Corso Venezia, Guastalla, Municipio 1, Milano, Lombardia, 20121, Italia",45.4714453,9.2017768,4
,07-10-23,2023-10-07,"Viale Eginardo, 29, Milano, MI",Allianz MiCo. Gate 3,Hyrox Milano,https://www.milanotoday.it/eventi/hyrox-milano.html,Non classificato,"Banca Akros, 29, Viale Eginardo, De Angeli - Monte Rosa, Portello, Municipio 8 di Milano, Milano, Lombardia, 20149, Italia",45.4803857,9.1513526,10
,08-10-23,2023-10-07,"Piazza Castello, Milano, MI",Castello Sforzesco,Wired next fest 2023 - milano,https://www.milanotoday.it/eventi/wired-next-fest-2023-milano.html,Non classificato,"Piazza Castello, Cerchia dei Navigli, Municipio 1, Milano, Lombardia, Italia",45.4704699,9.1819129,4
Spettacoli,07-10-23,2023-10-07,"Piazza S. Magno,20025, Legnano, MI,Italia",Galleria,The Music of Hans Zimmer,https://www.teatro.it/spettacoli/legnano/galleria/2023-2024/the-music-of-hans-zimmer,Teatro e spettacolo,"Piazza San Magno, San Magno, Oltresempione, Legnano, Milano, Lombardia, 20025, Italia",45.5945411,8.9179889,1
,07-10-23,2023-10-07,"Via Domenico Berra, 10, Milano, MI",ASSOCIAZIONE CULTURALE CASA BERRA,Giornata del contemporaneo,https://www.milanotoday.it/eventi/7-ottobre-2023-giornata-del-contemporaneo.html,Non classificato,"10, Via Domenico Berra, Padova, Municipio 2, Milano, Lombardia, 20132, Italia",45.5087633,9.2486748,5
Manifestazioni,08-10-23,2023-10-08,"Via San Giovanni sul Muro, 2, Milano, MI",Teatro Dal Verme,Torna tedxmilano - Da cosa nasce cosa,https://www.milanotoday.it/eventi/torna-tedxmilano-da-cosa-nasce-cosa.html,Altri eventi,"2, Via San Giovanni sul Muro, Cerchia dei Navigli, Municipio 1, Milano, Lombardia, 20121, Italia",45.4671162,9.1814924,4
Attività Didattica,08-10-23,2023-10-08,"via Brera, 28, Milano, MI",Pinacoteca di Brera,F@Mu 2023 Piera vi aspetta a Brera,,Formazione e networking,"Pinacoteca di Brera, 28, Via Brera, Cerchia dei Navigli, Municipio 1, Milano, Lombardia, 20121, Italia",45.4722421,9.1884071,4
,08-10-23,2023-10-08,"Via Giulio e Corrado Venini, 83, Milano, MI",Hug,Greenquiz: una serata per l’ambiente con i volontari di Greenpeace e ospiti speciali,https://www.milanotoday.it/eventi/greenquiz-una-serata-per-l-ambiente-con-i-volontari-di-greenpeace-e-ospiti-speciali.html,Non classificato,"83, Via Giulio e Corrado Venini, Loreto, Municipio 2, Milano, Lombardia, 20127, Italia",45.4942963,9.2168319,6
Concerti,08-10-23,2023-10-08,"Via Pietro Borsieri, 37, Milano, MI",Blue Note,Il concerto di Joe Bastianich e Gennaro Porcelli tra melodie country e blues,https://www.milanotoday.it/eventi/concerto-joe-bastianich-blue-note.html,Musica e vita notturna,"Blue Note, 37, Via Pietro Borsieri, Isola, Municipio 9, Milano, Lombardia, 20159, Italia",45.4895296,9.1888504,10
,08-10-23,2023-10-08,"Via Fezzan, 11, Milano, MI",EcoTeatro,Historia tango nuevo ai confini del jazz,https://www.milanotoday.it/eventi/historia-tango-nuevo-ai-confini-del-jazz-l-8-ottobre-si-apre-la-stagione-2023-24-dell-ecoteatro-di-milano-con-i-ballerini-samuel-peron-e-veera-kinnunen-historia-tango-nuevo-samuel-peron-e-veera-kinnunen.html,Non classificato,"EcoTeatro, 11, Via Fezzan, Bande Nere, Municipio 6, Milano, Lombardia, 20146, Italia",45.4592109,9.1459527,0
Spettacoli,08-10-23,2023-10-08,"Via Ulisse Dini,7,20142, Milano, MI,Italia",PACTA Salone,GRAMSCI GAY,https://www.teatro.it/spettacoli/milano/pacta-salone/2023-2024/gramsci-gay,Teatro e spettacolo,"PACTA Salone, 7, Via Ulisse Dini, Stadera, Municipio 5, Milano, Lombardia, 20136, Italia",45.4290193,9.1798393,0
,08-10-23,2023-10-08,"Via Domenico Berra, 10, Milano, MI",ASSOCIAZIONE CULTURALE CASA BERRA,Tra storia territorio ed arte,https://www.milanotoday.it/eventi/tra-storia-territorio-ed-arte.html,Non classificato,"10, Via Domenico Berra, Padova, Municipio 2, Milano, Lombardia, 20132, Italia",45.5087633,9.2486748,5
Spettacoli,08-10-23,2023-10-08,"Via Alessandro Manzoni 42,20121, Milano, MI,Italia",Manzoni,Fiabe in concerto,https://www.teatro.it/spettacoli/milano/manzoni/2023-2024/fiabe-in-concerto,Teatro e spettacolo,"Teatro Manzoni, 42, Via Alessandro Manzoni, Cerchia dei Navigli, Municipio 1, Milano, Lombardia, 20121, Italia",45.4710286,9.1944762,4
Spettacoli,08-10-23,2023-10-08,"Via Rovello 2,20121, Milano, MI,Italia",Piccolo Teatro - Teatro Grassi,Il barone rampante,https://www.teatro.it/spettacoli/milano/piccolo-teatro-teatro-grassi/2023-2024/il-barone-rampante,Teatro e spettacolo,"2, Via Rovello, Brera, Milano, Lombardia, 20121, Italia",45.4665188,9.1847651,4
Incontro/presentazione,08-10-23,2023-10-08,"via Brera, 28, Milano, MI",Pinacoteca di Brera - Biblioteca Nazionale Braidense di Milano,La correttrice,,Formazione e networking,"Pinacoteca di Brera, 28, Via Brera, Cerchia dei Navigli, Municipio 1, Milano, Lombardia, 20121, Italia",45.4722421,9.1884071,4
Spettacoli,08-10-23,2023-10-08,"Corso Venezia 2/A,20121, Milano, MI,Italia",San Babila,Il saggio di fine anno,https://www.teatro.it/spettacoli/milano/san-babila/2023-2024/camihawke-il-saggio-di-fine-anno,Teatro e spettacolo,"Teatro San Babila, 2a, Corso Venezia, Duomo, Municipio 1, Milano, Lombardia, 20121, Italia",45.4671392,9.1983345,4
,20-10-23,2023-10-09,"Via Alfonso Corti, 12, Milano, MI",CNR Centro Convegni Area della Ricerca Mi1,"Mostra ""Arcobaleno e oltre - la terra vista dallo spazio""",https://www.milanotoday.it/eventi/mostra-arcobaleno-e-oltre-la-terra-vista-dallo-spazio-per-il-centenario-del-consiglio-nazionale-delle-ricerche.html,Non classificato,"12, Via Alfonso Corti, Città Studi, Municipio 3, Milano, Lombardia, 20131, Italia",45.4805862,9.2316977,6
Cibo e Vino,09-10-23,2023-10-09,"Piazza del Duomo, Milano, MI",Tram della dolcezza,Il tram che regala fette di torta in giro per Milano: tutte le tappe e gli orari,https://www.milanotoday.it/eventi/fette-torta-gratis-tram-dove-quando.html,Enogastronomia,"Piazza del Duomo, Duomo, Municipio 1, Milano, Lombardia, Italia",45.4639102,9.1906398,4
Spettacoli,09-10-23,2023-10-09,"Via G. di Vittorio 6,20090, Assago, MI,Italia",Unipol Forum,Checco Zalone - AMORE + IVA,https://www.teatro.it/spettacoli/assago/mediolanum-forum/2023-2024/checco-zalone-amore-iva,Teatro e spettacolo,"20090, Italy",45.407,9.1083,14
Spettacoli,09-10-23,2023-10-09,"Via Alessandro Manzoni 42,20121, Milano, MI,Italia",Manzoni,Gli ultimi giorni di Van Gogh - Il diario ritrovato,https://www.teatro.it/spettacoli/milano/manzoni/2023-2024/gli-ultimi-giorni-di-van-gogh-il-diario-ritrovato,Teatro e spettacolo,"Teatro Manzoni, 42, Via Alessandro Manzoni, Cerchia dei Navigli, Municipio 1, Milano, Lombardia, 20121, Italia",45.4710286,9.1944762,4
Spettacoli,09-10-23,2023-10-09,"Corso di Porta Romana 63,20122, Milano, MI,Italia",Carcano,VAJONTS 23,https://www.teatro.it/spettacoli/milano/carcano/2023-2024/vajonts23,Teatro e spettacolo,"Teatro Carcano, 63, Corso di Porta Romana, Crocetta, Municipio 1, Milano, Lombardia, 20121, Italia",45.4566842,9.1955297,4
,16-10-23,2023-10-10,"Via Carlo Botta, 18, Milano, MI",Bagni misteriosi del Teatro Franco Parenti,"Scritto nella pietra. Calligrafie di Morioka Shizue, Nakajima Hiroyuki, Bruno Riva",https://www.milanotoday.it/eventi/scritto-nella-pietra-calligrafie-di-morioka-shizue-nakajima-hiroyuki-bruno-riva.html,Non classificato,"18, Via Carlo Botta, Porta Romana, Municipio 4, Milano, Lombardia, 20135, Italia",45.4537805,9.2050141,4
,12-10-23,2023-10-10,"Via Pietro Borsieri, 12, Milano, MI",Key Gallery,Ricordi nascosti: la mostra personale di Youn Jin Soo,https://www.milanotoday.it/eventi/ricordi-nascosti-mostra-personale-di-youn-jin-soo-key-gallery-youn-jin-soo.html,Non classificato,"Bar Guadagni, 12, Via Pietro Borsieri, Isola, Municipio 9, Milano, Lombardia, 20159, Italia",45.4867002,9.1887446,10
,11-10-23,2023-10-11,"Via Evangelista Torricelli, 21, Milano, MI",Corals,"Inaugurazione mostra ""Cibo a colori""",https://www.milanotoday.it/eventi/inaugurazione-mostra-cibo-a-colori-licia-fusai-simona-muzzi.html,Non classificato,"21, Via Evangelista Torricelli, Ravello, Parabiago, Milano, Lombardia, 20015, Italia",45.5574246,8.9394696,1
Mostre,11-02-24,2023-10-11,"Piazza del Duomo, Milano, MI",Palazzo Reale,Le opere di El Greco in mostra a Palazzo Reale,https://www.milanotoday.it/eventi/mostra-el-greco-palazzo-reale.html,Arte e cultura,"Piazza del Duomo, Duomo, Municipio 1, Milano, Lombardia, Italia",45.4639102,9.1906398,4
,19-10-23,2023-10-11,"Via Pasquale Sottocorno, 27, Milano, MI",Art Luxury,Mostra personale di Martin Lucchini,https://www.milanotoday.it/eventi/mostra-personale-di-martin-lucchini-martin-lucchini.html,Non classificato,"Ricci Osteria, 27, Via Pasquale Sottocorno, XXII Marzo, Municipio 4, Milano, Lombardia, 20129, Italia",45.4662072,9.2119112,6
Teatri,22-10-23,2023-10-11,"Viale dell'Innovazione, 20, Milano, MI",Teatro degli Arcimboldi,"Il grande debutto italiano del ""Fantasma dell'Opera""",https://www.milanotoday.it/eventi/spettacolo-fantasma-dell-opera-arcimboldi.html,Teatro e spettacolo,"20, Viale dell'Innovazione, Bicocca, Municipio 9, Milano, Lombardia, 20125, Italia",45.5148696,9.2135963,5
Mostre,11-02-24,2023-10-11,"Piazza del Duomo, Milano, MI",Palazzo Reale,Le opere di El Greco in mostra a Palazzo Reale,https://www.milanotoday.it/eventi/mostra-el-greco-palazzo-reale.html,Arte e cultura,"Piazza del Duomo, Duomo, Municipio 1, Milano, Lombardia, Italia",45.4639102,9.1906398,4
,08-11-23,2023-10-11,"Via San Fermo, 19, Milano, MI",Spazio HUS,Le città invisibili di Italo Calvino nelle opere dell'artista Germana Conca,https://www.milanotoday.it/eventi/le-citta-invisibili-di-italo-calvino-nelle-opere-dell-artista-germana-conca-germana-conca.html,Non classificato,"Via San Fermo, Baggio, Municipio 7, Villaggio Cavour, Settimo Milanese, Milano, Lombardia, 20019, Italia",45.4630575,9.0747604,3
,27-10-23,2023-10-12,"Via Enrico Caviglia, 3, Milano, MI",Istituto Italiano di Fotografia,Darkness-blue glow,https://www.milanotoday.it/eventi/darkness-blue-glow-giacomo-vanetti.html,Non classificato,"3, Via Enrico Caviglia, Lodi - Corvetto, Municipio 4, Milano, Lombardia, 20139, Italia",45.4436084,9.2298198,2
,12-10-23,2023-10-12,"Viale Emilio Alemagna, 6, Milano, MI",Triennale,Rinascimento poetico alla Triennale di Milano,https://www.milanotoday.it/eventi/rinascimento-poetico-alla-triennale-di-milano-rinascimento-poetico.html,Non classificato,"Triennale Design Museum, 6, Viale Emilio Alemagna, Parco Sempione, Municipio 1, Milano, Lombardia, 20121, Italia",45.4721477,9.1734894,10
,12-10-23,2023-10-12,"Via Don Giovanni Calabria, 1, Milano, MI",ELF TEATRO,"Lezione conoscitiva, scuola per attori energia in azione",https://www.milanotoday.it/eventi/lezione-conoscitiva-scuola-per-attori-energia-in-azione-lezione-tenuta-da-elisabetta-fraccacreta-e-elisabetta-pogliani.html,Non classificato,"Via don Giovanni Calabria, Parco Lambro - Cimiano, Municipio 3, Milano, Lombardia, 20132, Italia",45.5013195,9.2457951,6
Mostre,18-02-24,2023-10-12,"Via Chiese, 2, Milano, MI",Pirelli HangarBicocca,"""James Lee Byars"" ai confini tra misticismo, spiritualità e corporalità: la mostra a Milano",https://www.milanotoday.it/eventi/james-lee-byars-hangar-pirelli.html,Arte e cultura,"Iuta Bistrot, 2, Via Chiese, Bicocca, Municipio 9, Milano, Lombardia, 20126, Italia",45.5209859,9.21927,5
Mostre,18-02-24,2023-10-12,"Via Chiese, 2, Milano, MI",Pirelli HangarBicocca,"""James Lee Byars"" ai confini tra misticismo, spiritualità e corporalità: la mostra a Milano",https://www.milanotoday.it/eventi/james-lee-byars-hangar-pirelli.html,Arte e cultura,"Iuta Bistrot, 2, Via Chiese, Bicocca, Municipio 9, Milano, Lombardia, 20126, Italia",45.5209859,9.21927,5
,12-10-23,2023-10-12,"Via San Gerolamo Emiliani, 1, Milano, MI",ELF TEATRO,Lezione conoscitiva scuola per attori,https://www.milanotoday.it/eventi/lezione-conoscitiva-scuola-per-attori-energia-in-azione-lezione-tenuta-da-elisabetta-fraccacreta-elisabetta-pogliani.html,Non classificato,"1, Via San Gerolamo Emiliani, Porta Romana, Municipio 4, Milano, Lombardia, 20135, Italia",45.4494558,9.2072837,4
Spettacoli,12-10-23,2023-10-12,"piazza Carlo Alberto dalla Chiesa 4,20020, Arese, MI,Italia",Cinema Teatro Arese,I LEGNANESI - Sogni,https://www.teatro.it/spettacoli/arese/cinema-teatro-arese/2023-2024/i-legnanesi-sogni,Teatro e spettacolo,"Cinema Teatro Arese, 4, Piazza Generale Carlo Alberto Dalla Chiesa, Sant'Anna, Arese, Milano, Lombardia, 20044, Italia",45.549694,9.0777685,8
Spettacoli,12-10-23,2023-10-12,"Piazza Enzo Jannacci 1,20017, Rho, MI,Italia",Civico - Roberto de Silva,La Gilda - Laura Marinoni,https://www.teatro.it/spettacoli/rho/teatro-civico-roberto-de-silva/2023-2024/la-gilda-laura-marinoni,Teatro e spettacolo,"Piazza Enzo Jannacci, San Pietro, Lucernate, Rho, Milano, Lombardia, 20017, Italia",45.5279748,9.0458872,8
,12-10-23,2023-10-12,"Piazza Bruno Buozzi, 2, Milano, MI",Chiosco Giannasi,I know my pülaster: continua la celebrazione del pollo arrosto,https://www.milanotoday.it/eventi/i-know-my-pulaster-continua-la-celebrazione-del-pollo-arrosto-con-un-evento-milanese-firmato-chef-in-camicia-e-giannasi-chef-in-camicia.html,Non classificato,"Giannasi, 2, Piazza Bruno Buozzi, Porta Romana, Municipio 5, Milano, Lombardia, 20135, Italia",45.4496514,9.2060306,4
,22-10-23,2023-10-13,"Via Gaetano de Castillia, 26, Milano, MI",Stecca3,Girotondi – cromie condivise,https://www.milanotoday.it/eventi/girotondi-cromie-condivise-installazione-collettiva.html,Non classificato,"Stecca 3.0, 26, Via Gaetano De Castillia, Isola, Municipio 9, Milano, Lombardia, 20100, Italia",45.4852038,9.1926195,10
,29-10-23,2023-10-13,"Corso Garibaldi, 17, Milano, MI",Sede Gruppo Bagutta,"Roberto Vallini ""Naturarte""",https://www.milanotoday.it/eventi/roberto-vallini-naturarte-gruppo-culturale-artisti-di-via-bagutta.html,Non classificato,"Tempo Ritrovato Libri, 17, Corso Giuseppe Garibaldi, Brera, Municipio 1, Milano, Lombardia, 20121, Italia",45.4726949,9.1836643,4
Mostre,11-02-24,2023-10-13,"Piazza del Duomo, Milano, MI",Palazzo Reale e Triennale,Più di 500 fotografie di Basilico in mostra a Milano,https://www.milanotoday.it/eventi/mostra-fotografica-basilico-palazzo-reale-triennale.html,Arte e cultura,"Piazza del Duomo, Duomo, Municipio 1, Milano, Lombardia, Italia",45.4639102,9.1906398,4
,15-10-23,2023-10-13,"Piazza della Pieve, Milano, MI",,Torna la sagra della polenta,https://www.milanotoday.it/festa-polenta-san-donato-2023.html,Non classificato,"Piazza della Pieve, Certosa di San Donato, Triulzo, San Donato Milanese, Milano, Lombardia, 20097, Italia",45.414234,9.2635019,2
Mostre,11-02-24,2023-10-13,"Piazza del Duomo, Milano, MI",Palazzo Reale e Triennale,Più di 500 fotografie di Basilico in mostra a Milano,https://www.milanotoday.it/eventi/mostra-fotografica-basilico-palazzo-reale-triennale.html,Arte e cultura,"Piazza del Duomo, Duomo, Municipio 1, Milano, Lombardia, Italia",45.4639102,9.1906398,4
Mostre,18-10-23,2023-10-13,"Corso Magenta, 24, Milano, MI",Palazzo Litta,Mostra gratuita dello scultore park eun sun a milano per l’anniversario della nascita della corea del sud,https://www.milanotoday.it/eventi/mostra-gratuita-dello-scultore-park-eu.html,Arte e cultura,"Soprintendenza Archeologia, Belle Arti e Paesaggio per la Città Metropolitana  di Milano, 24, Corso Magenta, Cerchia dei Navigli, Municipio 1, Milano, Lombardia, 20123, Italia",45.4661897,9.1783767,4
Cibo e Vino,15-10-23,2023-10-13,"Via Roma, Milano, MI",Parco Pertini,La Festa della birra a Cesano Boscone (e si entra gratis),https://www.milanotoday.it/eventi/festa-birra-2023-cesano-boscone.html,Enogastronomia,"Via Roma, San Domenico, Oltresempione, Legnano, Milano, Lombardia, 20025, Italia",45.5977498,8.9124613,1
Cibo e Vino,13-10-23,2023-10-13,"Corso Venezia, 51, Milano, MI",Palazzo Bovara,Lugana Armonie Senza Tempo: dal Lago di Garda alla Milano Wine Week per un’edizione ricca di novità,https://www.milanotoday.it/eventi/lugana-armonie-senza-tempo-lago-garda-milano-wine-week-2023.html,Enogastronomia,"51, Corso Venezia, Guastalla, Municipio 1, Milano, Lombardia, 20121, Italia",45.4714453,9.2017768,4
Incontro/presentazione,14-10-23,2023-10-14,"via Brera, 28, Milano, MI",Pinacoteca di Brera - Biblioteca Nazionale Braidense di Milano,La ragazza con il compasso d’oro,,Formazione e networking,"Pinacoteca di Brera, 28, Via Brera, Cerchia dei Navigli, Municipio 1, Milano, Lombardia, 20121, Italia",45.4722421,9.1884071,4
,14-10-23,2023-10-14,"Via San Cristoforo, Milano, MI",Teatro Bello,Le leggende del jazz: Paolo Tomelleri e la sua orchestra,https://www.milanotoday.it/eventi/le-leggende-del-jazz-paolo-tomelleri-e-la-sua-orchestra-a-cura-di-girandola-onlus-paolo-tomelleri-e-la-sua-orchestra.html,Non classificato,"Via San Cristoforo, Lorenteggio, Municipio 6, Milano, Lombardia, 20143, Italia",45.448402,9.154942,0
Disco&Feste,14-10-23,2023-10-14,"Via Tortona, 2, Milano, MI",Super Club,A Milano si balla in un luogo nascosto,https://www.milanotoday.it/eventi/festa-le-cannibale-via-tortona.html,Musica e vita notturna,"2, Via Tortona, Tortona, Municipio 6, Milano, Lombardia, 20144, Italia",45.4555413,9.1692714,0
Disco&Feste,14-10-23,2023-10-14,"Via Giovanni Bellezza, 16a, Milano, MI",Circolo Arci Bellezza,La super festa anni '90 all'Arci Bellezza,https://www.milanotoday.it/eventi/festa-anni-90-arci-bellezza.html,Musica e vita notturna,"Arci Bellezza, 16a, Via Giovanni Bellezza, Vigentina, Municipio 5, Milano, Lombardia, 20136, Italia",45.4487392,9.1950134,4
,21-10-23,2023-10-14,"Piazza del Popolo, Milano, MI",Villa Borri Manzoli,A Villa Borri Manzoli la mostra di Topylabrys,https://www.milanotoday.it/eventi/a-villa-borri-manzoli-la-mostra-di-topylabrys-topylabrys.html,Non classificato,"Piazza del Popolo, Corbetta, Milano, Lombardia, Italia",45.4658364,8.9200605,9
Spettacoli,14-10-23,2023-10-14,"Via Alessandro Manzoni 42,20121, Milano, MI,Italia",Manzoni,Una famiglia di incanto,https://www.teatro.it/spettacoli/milano/manzoni/2023-2024/una-famiglia-di-incanto,Teatro e spettacolo,"Teatro Manzoni, 42, Via Alessandro Manzoni, Cerchia dei Navigli, Municipio 1, Milano, Lombardia, 20121, Italia",45.4710286,9.1944762,4
Spettacoli,14-10-23,2023-10-14,"Piazza S. Magno,20025, Legnano, MI,Italia",Galleria,Reunion,https://www.teatro.it/spettacoli/legnano/galleria/2023-2024/le-orme-reunion,Teatro e spettacolo,"Piazza San Magno, San Magno, Oltresempione, Legnano, Milano, Lombardia, 20025, Italia",45.5945411,8.9179889,1
,15-10-23,2023-10-14,"Piazza Soncino, 6, Milano, MI",Villa Casati Stampa,Una ghirlanda di libri,https://www.milanotoday.it/eventi/una-ghirlanda-di-libri-cinisello-balsamo-14-15-ottobre-2023-tanti.html,Non classificato,"6, Piazza Soncino, Crocetta, Balsamo, Cinisello Balsamo, Zona Omogenea Milano Nord, Milano, Lombardia, 20092, Italia",45.5539622,9.2231529,5
,15-10-23,2023-10-14,"Via Gaetano de Castillia, 28, Milano, MI",Fondazione Catella,I feel good,https://www.milanotoday.it/eventi/i-feel-good.html,Non classificato,"28, Via Gaetano De Castillia, Isola, Municipio 9, Milano, Lombardia, 20124, Italia",45.4857844,9.192789,10
,15-10-23,2023-10-14,"Via Messina, Milano, MI",Caserma Vvf,La caserma dei pompieri di via Messina sarà visitabile per le giornate del Fai,https://www.milanotoday.it/eventi/giornata-fai-caserma-pompieri-2023.html,Non classificato,"Via Messina, Bullona, Porta Volta, Municipio 8 di Milano, Milano, Lombardia, 20154, Italia",45.4854009,9.1738632,10
,27-10-23,2023-10-14,"Viale Abruzzi, 87, Milano, MI",Atelier Sinergie Milano,Polaroid mood,https://www.milanotoday.it/eventi/polaroid-mood-andrea-hanni.html,Non classificato,"87, Viale Abruzzi, Buenos Aires - Venezia, Municipio 3, Milano, Lombardia, 20131, Italia",45.4843149,9.2167435,6
Manifestazioni,16-10-23,2023-10-14,"Via Giovanni Battista Piranesi, 14, Milano, MI",Palazzo del Ghiaccio,L'eccellenza italiana protagonista di Milano Golosa 2023,https://www.milanotoday.it/eventi/milano-golosa-2023-programma.html,Altri eventi,"Via Giovanni Battista Piranesi, Corsica, Municipio 4, Milano, Lombardia, 20135, Italia",45.4606845,9.2245794,6
,14-10-23,2023-10-14,"Via Clerici, 10, Milano, MI",Circolo Filologico milanese,La lirica per tutti,https://www.milanotoday.it/eventi/la-lirica-per-tutti-ekaterina-adamova-2023.html,Non classificato,"10, Via Clerici, Brera, Municipio 1, Milano, Lombardia, 20121, Italia",45.4672554,9.1870791,4
Mostre,05-05-24,2023-10-14,"Via Privata Giovanni Ventura, 15, Milano, MI",Spazio Ventura XV,"Scientopolis, un viaggio sorprendente all'interno della scienza",https://www.milanotoday.it/eventi/scientopolis-mostra-scienza-spazio-ventura.html,Arte e cultura,"Via Giovanni Ventura, Lambrate, Municipio 3, Milano, Lombardia, 20134, Italia",45.4840607,9.2431286,6
Mostre,05-05-24,2023-10-14,"Via Privata Giovanni Ventura, 15, Milano, MI",Spazio Ventura XV,"Scientopolis, un viaggio sorprendente all'interno della scienza",https://www.milanotoday.it/eventi/scientopolis-mostra-scienza-spazio-ventura.html,Arte e cultura,"Via Giovanni Ventura, Lambrate, Municipio 3, Milano, Lombardia, 20134, Italia",45.4840607,9.2431286,6
Manifestazioni,14-10-23,2023-10-14,"Piazzale Lavater, Milano, MI",Gelateria Wally,"'Come prima più di prima', a Milano torna l'appuntamento con il gelato, la solidarietà e l'inclusione",https://www.milanotoday.it/eventi/come-prima-piu-di-prima.html,Altri eventi,"Piazzale Lavater, Buenos Aires - Venezia, Municipio 3, Milano, Lombardia, 20129, Italia",45.4764983,9.2114055,6
Sport,15-10-23,2023-10-14,"Piazza del Duomo, Milano, MI",Piazza Duomo,La tappa finale della Deejay Ten arriva a Milano (con la musica di Radio Deejay),https://www.milanotoday.it/eventi/deejay-ten-corsa-piazza-duomo-2023.html,Sport e attività fisica,"Piazza del Duomo, Duomo, Municipio 1, Milano, Lombardia, Italia",45.4639102,9.1906398,4
,14-10-23,2023-10-14,"Via Franchi Maggi, 94, Milano, MI",GONG,Concerto Rozzano,https://www.milanotoday.it/eventi/concerto-rozzano-via-franchi-maggi-94-matteo-chiereghin-calaveras-inc-e-sette-ottavi.html,Non classificato,"Via Franchi Maggi, Quinto de' Stampi, Rozzano, Milano, Lombardia, 20089, Italia",45.3973242,9.1700148,14
Spettacoli,15-10-23,2023-10-15,"Via Andrea Maria Ampère 1,20131, Milano, MI,Italia",MTM - Leonardo,La cena dei cretini,https://www.teatro.it/spettacoli/milano/leonardo/2023-2024/la-cena-dei-cretini,Teatro e spettacolo,"Teatro Leonardo da Vinci, 1, Via Andrea Maria Ampère, Città Studi, Municipio 3, Milano, Lombardia, 20131, Italia",45.4795266,9.2263901,6
,15-10-23,2023-10-15,"Piazza dei Mercanti, Milano, MI",,"Mille giorni di Navalny, la manifestazione a Milano",https://www.milanotoday.it/eventi/manifestazione-mille-giorni-navalny-carcere.html,Non classificato,"Piazza dei Mercanti, Duomo, Municipio 1, Milano, Lombardia, 20121, Italia",45.4646599,9.1876261,4
Spettacoli,15-10-23,2023-10-15,"Piazza Cesare Beccaria 8,20122, Milano, MI,Italia",Gerolamo,Potevo essere io,https://www.teatro.it/spettacoli/milano/gerolamo/2023-2024/potevo-essere-io,Teatro e spettacolo,"Teatro Gerolamo, 8, Piazza Cesare Beccaria, Duomo, Municipio 1, Milano, Lombardia, 20122, Italia",45.464175,9.1945551,4
Spettacoli,15-10-23,2023-10-15,"Via Hermada,8,20162, Milano, MI,Italia",della Cooperativa,Il Duce delinquente,https://www.teatro.it/spettacoli/milano/della-cooperativa/2023-2024/il-duce-delinquente,Teatro e spettacolo,"8, Via privata Hermada, Niguarda - Cà Granda, Municipio 9, Milano, Lombardia, 20162, Italia",45.5147872,9.1901457,5
,15-10-23,2023-10-15,"Via Larga, 14, Milano, MI",Teatro Lirico Giorgio Gaber,“Raffaella! Omaggio alla Carrà”,https://www.milanotoday.it/eventi/raffaella-omaggio-alla-carra-il-nuovo-spettacolo-musicale-raffella-carra.html,Non classificato,"Teatro Lirico Giorgio Gaber, 14, Via Larga, Cerchia dei Navigli, Municipio 1, Milano, Lombardia, 20122, Italia",45.4615135,9.1918702,4
Spettacoli,15-10-23,2023-10-15,"Via Larga 14,20122, Milano, MI,Italia",Lirico Giorgio Gaber,RAFFAELLA! Omaggio alla Carrà,https://www.teatro.it/spettacoli/milano/lirico-giorgio-gaber/2023-2024/raffaella-omaggio-alla-carra,Teatro e spettacolo,"Teatro Lirico Giorgio Gaber, 14, Via Larga, Cerchia dei Navigli, Municipio 1, Milano, Lombardia, 20122, Italia",45.4615135,9.1918702,4
,15-10-23,2023-10-15,"Via Federico de Roberto, Milano, MI",Parco Villa Scheibler,Marcia della pace a Quarto Oggiaro,https://www.milanotoday.it/eventi/marcia-della-pace-a-quarto-oggiaro.html,Non classificato,"Via Federico de Roberto, Vialba, Quarto Oggiaro, Municipio 8 di Milano, Milano, Lombardia, 20157, Italia",45.5143304,9.1369894,13
Fitness,15-10-23,2023-10-15,"Corso Como, 15, Milano, MI",Hollywood Rythmoteque Milano,L'imperdibile party a Milano che coniuga Yoga e nightlife,https://www.milanotoday.it/eventi/party-yoga-benessere.html,Sport e attività fisica,"Hollywood, 15, Corso Como, GARIBALDI REPUBBLICA, Municipio 9, Milano, Lombardia, 20154, Italia",45.4825948,9.1872054,10
,16-10-23,2023-10-16,"Corso Europa, Milano, MI",Villa Burba,Don Milani oggi: incontro a Rho,https://www.milanotoday.it/eventi/don-milani-oggi-incontro-a-rho-lunedi-16-ottobre-don-milani-oggi.html,Non classificato,"Corso Europa, Duomo, Municipio 1, Milano, Lombardia, 20122, Italia",45.4648635,9.1969852,4
,31-10-23,2023-10-16,"Piazzale Francesco Accursio, 5, Milano, MI",Biblioteca Accursio,Facce da blogger: la mostra personale di Elena Datrino,https://www.milanotoday.it/eventi/facce-da-blogger-la-mostra-personale-di-elena-datrino-elena-datrino.html,Non classificato,"Biblioteca Comunale Accursio, 5, Piazzale Francesco Accursio, Villapizzone, Cagnola, Municipio 8 di Milano, Milano, Lombardia, 20151, Italia",45.4913863,9.1461543,13
,16-10-23,2023-10-16,"Largo Greppi 1, Milano, MI",Teatro Strehler,"Ask me anything: grandi costruzioni, quale impatto?",https://www.milanotoday.it/eventi/ask-me-anything-grandi-costruzioni-quale-impatto.html,Non classificato,"Largo Antonio Greppi, Cerchia dei Navigli, Municipio 1, Milano, Lombardia, 20121, Italia",45.4718248,9.1828857,4
Spettacoli,16-10-23,2023-10-16,"Largo Antonio Greppi,20121, Milano, MI,Italia",Piccolo Teatro - Teatro Strehler,Marco Paolini - Il racconto del Vajont,https://www.teatro.it/spettacoli/milano/piccolo-teatro-teatro-strehler/2023-2024/marco-paolini-il-racconto-del-vajont,Teatro e spettacolo,"Largo Antonio Greppi, Cerchia dei Navigli, Municipio 1, Milano, Lombardia, 20121, Italia",45.4718248,9.1828857,4
Spettacoli,16-10-23,2023-10-16,"Viale dell'Innovazione 20,20126, Milano, MI,Italia",Arcimboldi,Gilberto Gil,https://www.teatro.it/spettacoli/milano/degli-arcimboldi/2023-2024/gilberto-gil,Teatro e spettacolo,"20, Viale dell'Innovazione, Bicocca, Municipio 9, Milano, Lombardia, 20125, Italia",45.5148696,9.2135963,5
,20-10-23,2023-10-16,"Piazza dell'Ateneo Nuovo, 1, Milano, MI",Università degli Studi di Milano-Bicocca,“Deviazioni e percorsi”: 10 anni del polo penitenziario dell’università Bicocca,https://www.milanotoday.it/eventi/deviazioni-e-percorsi-10-anni-del-polo-penitenziario-dell-universita-di-milano-bicocca.html,Non classificato,"1, Piazza dell'Ateneo Nuovo, Bicocca, Municipio 9, Milano, Lombardia, 20126, Italia",45.5182975,9.2137546,5
,16-10-23,2023-10-16,"Viale Coni Zugna, 50, Milano, MI",Cinema Teatro Orfeo,Arriva Giangurgolò al cinema teatro Orfeo,https://www.milanotoday.it/eventi/arriva-giangurgolo-al-cinema-teatro-orfeo-16-ottobre-vii-edizione-del-premio-internazionale-della-comicita-renato-converso-bruce-ketta-angelo-mirra-eddy-sick-il-domatore-fausto-terenzi-e-molti-altri-ancora.html,Non classificato,"Sevilla mia, 50, Viale Coni Zugna, Navigli, Municipio 6, Milano, Lombardia, 20144, Italia",45.4569653,9.1694511,0
Spettacoli,17-10-23,2023-10-17,"Corso di Porta Romana 63,20122, Milano, MI,Italia",Carcano,La tragédie de Carmen,https://www.teatro.it/spettacoli/milano/carcano/2023-2024/la-tragedie-de-carmen,Teatro e spettacolo,"Teatro Carcano, 63, Corso di Porta Romana, Crocetta, Municipio 1, Milano, Lombardia, 20121, Italia",45.4566842,9.1955297,4
,22-10-23,2023-10-17,"Via Palermo, 10, Milano, MI","The Jewelry HUB, La Pelota",Ta-daan porta in scena gli artigiani del gioiello alla Milano jewelry week,https://www.milanotoday.it/eventi/ta-daan-porta-in-scena-gli-artigiani-del-gioiello-alla-milano-jewelry-week.html,Non classificato,"10, Via Palermo, Brera, Municipio 1, Milano, Lombardia, 20121, Italia",45.4753936,9.1851577,4
,17-10-23,2023-10-17,"Via Francesco Soave, 3, Milano, MI",Magazzino Musica,“Il mio tempo verrà”: vicende umane e artistiche di Gustav Mahler,https://www.milanotoday.it/eventi/il-mio-tempo-verra-vicende-umane-e-artistiche-di-gustav-mahler-compositore-e-direttore.html,Non classificato,"Via Francesco Soave, Porta Romana, Municipio 5, Milano, Lombardia, 20135, Italia",45.4477348,9.1986255,4
Spettacoli,18-10-23,2023-10-18,"Via Larga 14,20122, Milano, MI,Italia",Lirico Giorgio Gaber,Festival Musical Square - Piani Incrociati,https://www.teatro.it/spettacoli/milano/lirico-giorgio-gaber/2023-2024/festival-musical-square-piani-incrociati,Teatro e spettacolo,"Teatro Lirico Giorgio Gaber, 14, Via Larga, Cerchia dei Navigli, Municipio 1, Milano, Lombardia, 20122, Italia",45.4615135,9.1918702,4
,18-10-23,2023-10-18,"Via Privata Passo Pordoi, 7/3, Milano, MI",Hub/Art,"Inaugurazione mostra ""Threads of identity""",https://www.milanotoday.it/eventi/inaugurazione-mostra-threads-of-identity-mohammed-el-hajoui-ndjantou-boris-mosa-one-daniele-de-giorgio-giulia-nelli-alvise-pasquali.html,Non classificato,"Via Passo Pordoi, Scalo Romana, Municipio 5, Milano, Lombardia, 20139, Italia",45.4364043,9.2092881,4
Spettacoli,18-10-23,2023-10-18,"Via G. di Vittorio 6,20090, Assago, MI,Italia",Unipol Forum,Rebel with a Cello,https://www.teatro.it/spettacoli/assago/mediolanum-forum/2023-2024/hauser-rebel-with-a-cello,Teatro e spettacolo,"20090, Italy",45.407,9.1083,14
Spettacoli,18-10-23,2023-10-18,"Corso Buenos Aires 33,20124, Milano, MI,Italia",Elfo Puccini - sala Shakespeare,Muri. Prima e dopo Basaglia,https://www.teatro.it/spettacoli/milano/elfo-puccini-sala-shakespeare/2023-2024/muri-prima-e-dopo-basaglia,Teatro e spettacolo,"Teatro Elfo Puccini, 33, Corso Buenos Aires, Buenos Aires - Venezia, Municipio 3, Milano, Lombardia, 20124, Italia",45.4794317,9.2098387,6
Fiere,19-10-23,2023-10-19,"Via Bergognone, 34, Milano, MI",BASE Milano,"“Il Futuro è Z”, il 19 ottobre a Milano la fiera del lavoro dedicata a laureandi e neolaureati",https://www.milanotoday.it/eventi/job-meeting-milano.html,Mercati e shopping,"Wikimedia Italia, 34, Via Bergognone Da Fossano, Tortona, Municipio 6, Milano, Lombardia, 20144, Italia",45.4518657,9.1625146,0
Fiere,19-10-23,2023-10-19,"Via Bergognone, 34, Milano, MI",BASE Milano,"“Il Futuro è Z”, il 19 ottobre a Milano la fiera del lavoro dedicata a laureandi e neolaureati",https://www.milanotoday.it/eventi/job-meeting-milano.html,Mercati e shopping,"Wikimedia Italia, 34, Via Bergognone Da Fossano, Tortona, Municipio 6, Milano, Lombardia, 20144, Italia",45.4518657,9.1625146,0
,19-10-23,2023-10-19,"Via Eugenio Villoresi, 26, Milano, MI",Teatro Linguaggicreativi,Hedda: riscrittura contemporanea originale tratta da Hedda Gabler,https://www.milanotoday.it/eventi/hedda-riscrittura-contemporanea-originale-tratta-da-hedda-gabler-di-ibsen-clio-buren.html,Non classificato,"26, Via Eugenio Villoresi, Isola del Bosco, Torretta, Sesto San Giovanni, Zona Omogenea Milano Nord, Milano, Lombardia, 20099, Italia",45.5258217,9.225938,5
,19-11-23,2023-10-19,"Via San Maurilio, 14, Milano, MI",Gilda Contemporary Art,Reveal di Mauro de Carli,https://www.milanotoday.it/eventi/reveal-mauro-de-carli-mauro-de-carli.html,Non classificato,"14, Via San Maurilio, Cerchia dei Navigli, Municipio 1, Milano, Lombardia, 20123, Italia",45.4622752,9.1839049,4
,19-10-23,2023-10-19,"Via Valtellina, 25, Milano, MI",ALCATRAZ,"L'entourloop live with N’zeng, Troy Berkley & Blabbermouf",https://www.milanotoday.it/eventi/l-entourloop-live-w-n-zeng-troy-berkley-blabbermouf-l-entourloop.html,Non classificato,"Alcatraz, 25, Via Valtellina, Isola, Municipio 9, Milano, Lombardia, 20159, Italia",45.494744,9.1823768,10
Fiere,19-10-23,2023-10-19,"Via Bergognone, 34, Milano, MI",BASE Milano,"“Il Futuro è Z”, il 19 ottobre a Milano la fiera del lavoro dedicata a laureandi e neolaureati",https://www.milanotoday.it/eventi/job-meeting-milano.html,Mercati e shopping,"Wikimedia Italia, 34, Via Bergognone Da Fossano, Tortona, Municipio 6, Milano, Lombardia, 20144, Italia",45.4518657,9.1625146,0
Fiere,19-10-23,2023-10-19,"Via Bergognone, 34, Milano, MI",BASE Milano,"“Il Futuro è Z”, il 19 ottobre a Milano la fiera del lavoro dedicata a laureandi e neolaureati",https://www.milanotoday.it/eventi/job-meeting-milano.html,Mercati e shopping,"Wikimedia Italia, 34, Via Bergognone Da Fossano, Tortona, Municipio 6, Milano, Lombardia, 20144, Italia",45.4518657,9.1625146,0
Fiere,19-10-23,2023-10-19,"Via Bergognone, 34, Milano, MI",BASE Milano,"“Il Futuro è Z”, il 19 ottobre a Milano la fiera del lavoro dedicata a laureandi e neolaureati",https://www.milanotoday.it/eventi/job-meeting-milano.html,Mercati e shopping,"Wikimedia Italia, 34, Via Bergognone Da Fossano, Tortona, Municipio 6, Milano, Lombardia, 20144, Italia",45.4518657,9.1625146,0
Spettacoli,19-10-23,2023-10-19,"Via San Giovanni sul muro 2,20121, Milano, MI,Italia",Dal Verme,Paolo Fresu & Omar Sosa - Food,https://www.teatro.it/spettacoli/milano/dal-verme/2023-2024/paolo-fresu-omar-sosa-food,Teatro e spettacolo,"2, Via San Giovanni sul Muro, Cerchia dei Navigli, Municipio 1, Milano, Lombardia, 20121, Italia",45.4671162,9.1814924,4
Cibo e Vino,20-10-23,2023-10-20,"Via Lecco, 1A, Milano, MI",Fradiavolo,"A Porta Venezia una nuova pizzeria ""dolce"" e colorata: quando apre e quali sono le specialità nel menù",https://www.milanotoday.it/eventi/milano-fradiavolo-pizzeria-porta-venezia.html,Enogastronomia,"Frank Milano, 1a, Via Lecco, Buenos Aires - Venezia, Municipio 3, Milano, Lombardia, 20219, Italia",45.4759026,9.2031947,4
Spettacoli,20-10-23,2023-10-20,"Via Larga 14,20122, Milano, MI,Italia",Lirico Giorgio Gaber,L'Amore in Musica,https://www.teatro.it/spettacoli/milano/lirico-giorgio-gaber/2023-2024/carmelo-zappulla-lamore-in-musica,Teatro e spettacolo,"Teatro Lirico Giorgio Gaber, 14, Via Larga, Cerchia dei Navigli, Municipio 1, Milano, Lombardia, 20122, Italia",45.4615135,9.1918702,4
,20-10-23,2023-10-20,"Via Alfredo Campanini, 12, Milano, MI",TORRE GALFA,Andrea Marcaccini: teatro pensieri trasparenze emotive,https://www.milanotoday.it/eventi/andrea-marcaccini-teatro-pensieri-trasparenze-emotive-andrea-marcaccini.html,Non classificato,"Via Alfredo Campanini, GARIBALDI REPUBBLICA, Municipio 9, Milano, Lombardia, 20124, Italia",45.4861448,9.1980334,10
Cibo e Vino,20-10-23,2023-10-20,"Via Lecco, 1A, Milano, MI",Fradiavolo,"A Porta Venezia una nuova pizzeria ""dolce"" e colorata: quando apre e quali sono le specialità nel menù",https://www.milanotoday.it/eventi/milano-fradiavolo-pizzeria-porta-venezia.html,Enogastronomia,"Frank Milano, 1a, Via Lecco, Buenos Aires - Venezia, Municipio 3, Milano, Lombardia, 20219, Italia",45.4759026,9.2031947,4
Cibo e Vino,20-10-23,2023-10-20,"Via Lecco, 1A, Milano, MI",Fradiavolo,"A Porta Venezia una nuova pizzeria ""dolce"" e colorata: quando apre e quali sono le specialità nel menù",https://www.milanotoday.it/eventi/milano-fradiavolo-pizzeria-porta-venezia.html,Enogastronomia,"Frank Milano, 1a, Via Lecco, Buenos Aires - Venezia, Municipio 3, Milano, Lombardia, 20219, Italia",45.4759026,9.2031947,4
Spettacoli,20-10-23,2023-10-20,"p.zza IV Novembre 3,20025, Legnano, MI,Italia",Talisio Tirinnanzi,Alice canta Battiato - ERI CON ME,https://www.teatro.it/spettacoli/legnano/talisio-tirinnanzi/2023-2024/alice-canta-battiato-eri-con-me,Teatro e spettacolo,"Scuola Secondaria di Primo Grado Giovanni Ungaretti, 3, Piazza Quattro Novembre, San Giorgio su Legnano, Milano, Lombardia, 20034, Italia",45.5765251,8.9157963,1
Spettacoli,20-10-23,2023-10-20,"Piazza S. Magno,20025, Legnano, MI,Italia",Galleria,Bis!,https://www.teatro.it/spettacoli/legnano/galleria/2023-2024/francesco-cicchella-bis,Teatro e spettacolo,"Piazza San Magno, San Magno, Oltresempione, Legnano, Milano, Lombardia, 20025, Italia",45.5948853,8.9184024,1
,25-10-23,2023-10-20,"Via Tortona, 27, Milano, MI",MyOwnGallery- Stuperstudio,Mostra seria ironia di Francesca Agrati,https://www.milanotoday.it/eventi/mostra-seria-ironia-di-francesca-agrati-francesca-agrati.html,Non classificato,"Mandarina duck, 27, Via Tortona, Tortona, Municipio 6, Milano, Lombardia, 20144, Italia",45.4506784,9.1634775,0
,20-10-23,2023-10-20,"Piazza Antonio Gramsci, 12, Milano, MI",D'Augusta Gioielli,D'Augusta festeggia  i 50 anni di Riviera Baume & Mercier,https://www.milanotoday.it/eventi/d-augusta-festeggia-i-50-anni-di-riviera-baume-mercier.html,Non classificato,"12, Piazza Antonio Gramsci, Bullona, Municipio 8 di Milano, Milano, Lombardia, 20154, Italia",45.4823051,9.168292,10
,22-10-23,2023-10-20,"Via Giulio Cesare Procaccini, 4, Milano, MI",FABBRICA DEL VAPORE,Milano scultura,https://www.milanotoday.it/eventi/milano-scultura-fabbrica-vapore.html,Non classificato,"4, Via Giulio Cesare Procaccini, Bullona, Porta Volta, Municipio 8 di Milano, Milano, Lombardia, 20154, Italia",45.4839945,9.1753796,10
Cibo e Vino,20-10-23,2023-10-20,"Via Lecco, 1A, Milano, MI",Fradiavolo,"A Porta Venezia una nuova pizzeria ""dolce"" e colorata: quando apre e quali sono le specialità nel menù",https://www.milanotoday.it/eventi/milano-fradiavolo-pizzeria-porta-venezia.html,Enogastronomia,"Frank Milano, 1a, Via Lecco, Buenos Aires - Venezia, Municipio 3, Milano, Lombardia, 20219, Italia",45.4759026,9.2031947,4
Cibo e Vino,20-10-23,2023-10-20,"Via Lecco, 1A, Milano, MI",Fradiavolo,"A Porta Venezia una nuova pizzeria ""dolce"" e colorata: quando apre e quali sono le specialità nel menù",https://www.milanotoday.it/eventi/milano-fradiavolo-pizzeria-porta-venezia.html,Enogastronomia,"Frank Milano, 1a, Via Lecco, Buenos Aires - Venezia, Municipio 3, Milano, Lombardia, 20219, Italia",45.4759026,9.2031947,4
,22-10-23,2023-10-20,"Piazza Città di Lombardia, Milano, MI",Piazza Città di Lombardia,Vino e tartufi protagonisti di due festival imperdibili,https://www.milanotoday.it/eventi/festival-fungo-tartufo-2023-piazza-citta-lombardia.html,Non classificato,"Piazza Città di Lombardia, GARIBALDI REPUBBLICA, Municipio 9, Milano, Lombardia, 20124, Italia",45.4867209,9.1960553,10
,20-10-23,2023-10-20,"Corso Garibaldi 125, Milano, MI",Galleria Antonia Jannone,La picciona innamorata di Renata Prevost,https://www.milanotoday.it/eventi/presentazione-libro-la-picciona-innamorata-di-renata-prevost-per-elemento115-editore-renata-prevost.html,Non classificato,"Corso Giuseppe Garibaldi, Brera, Municipio 1, Milano, Lombardia, 20121, Italia",45.4754564,9.1836669,10
Cibo e Vino,22-10-23,2023-10-20,"Piazza città di lombardia, Milano, MI",Piazza città di Lombardia,A Milano arriva il festival dei funghi e tartufi (ma solo lombardi),https://www.milanotoday.it/eventi/festival-funghi-tartufi-2023.html,Enogastronomia,"Piazza Città di Lombardia, GARIBALDI REPUBBLICA, Municipio 9, Milano, Lombardia, 20124, Italia",45.4867209,9.1960553,10
,27-10-23,2023-10-21,"SP208, Km 2, Milano, MI",Centro commerciale Carosello,"Avventura e divertimento in galleria: per i piccoli arriva un mondo di giochi, laboratori e animali fantastici",https://www.milanotoday.it/eventi/giocarosello-centro-commerciale.html,Non classificato,"SP208, Cascina Santa Marcellina, Carugate, Milano, Lombardia, 20061, Italia",45.5479826,9.3293979,7
Spettacoli,21-10-23,2023-10-21,"Via G. di Vittorio 6,20090, Assago, MI,Italia",Unipol Forum,Live 2023,https://www.teatro.it/spettacoli/assago/mediolanum-forum/2023-2024/madame-live-2023,Teatro e spettacolo,"20090, Italy",45.407,9.1083,14
Mostre,28-01-24,2023-10-21,"Via Luigi Granelli, Milano, MI",Mil - Next Museum,La mostra immersiva di Klimt dove si entra nei quadri,https://www.milanotoday.it/eventi/mostra-klimt-sesto-san-giovanni.html,Arte e cultura,"Via Luigi Granelli, Isola del Bosco, Torretta, Sesto San Giovanni, Zona Omogenea Milano Nord, Milano, Lombardia, 20099, Italia",45.5296158,9.2252397,5
Spettacoli,21-10-23,2023-10-21,"Via Larga 14,20122, Milano, MI,Italia",Lirico Giorgio Gaber,The space Violin Visual Concert,https://www.teatro.it/spettacoli/milano/lirico-giorgio-gaber/2023-2024/andrea-casta-the-space-violin-visual-concert,Teatro e spettacolo,"Teatro Lirico Giorgio Gaber, 14, Via Larga, Cerchia dei Navigli, Municipio 1, Milano, Lombardia, 20122, Italia",45.4615135,9.1918702,4
Mostre,28-01-24,2023-10-21,"Via Luigi Granelli, Milano, MI",Mil - Next Museum,La mostra immersiva di Klimt dove si entra nei quadri,https://www.milanotoday.it/eventi/mostra-klimt-sesto-san-giovanni.html,Arte e cultura,"Via Luigi Granelli, Isola del Bosco, Torretta, Sesto San Giovanni, Zona Omogenea Milano Nord, Milano, Lombardia, 20099, Italia",45.5296158,9.2252397,5
Spettacoli,21-10-23,2023-10-21,"Via Alessandro Manzoni 42,20121, Milano, MI,Italia",Manzoni,Il lupo e i sette capretti,https://www.teatro.it/spettacoli/milano/manzoni/2023-2024/il-lupo-e-i-sette-capretti-la-casa-delle-storie,Teatro e spettacolo,"Teatro Manzoni, 42, Via Alessandro Manzoni, Cerchia dei Navigli, Municipio 1, Milano, Lombardia, 20121, Italia",45.4710286,9.1944762,4
Spettacoli,21-10-23,2023-10-21,"Via Amendola 3,20090, Segrate, MI,Italia",Toscanini - Cascina Commenda,Come fosse amore,https://www.teatro.it/spettacoli/segrate/toscanini-cascina-commenda/2023-2024/come-fosse-amore,Teatro e spettacolo,"Via Giorgio Amendola, Milano Due, Lavanderie, Rovagnasco, Segrate, Milano, Lombardia, 20054, Italia",45.4989371,9.2832848,7
Manifestazioni,21-10-23,2023-10-21,"Via Lodovico Montegani, Milano, MI",Stadera,La festa nel quartiere Stadera con musica e una mega tavolata di cibo,https://www.milanotoday.it/eventi/festa-stadera-2023.html,Altri eventi,"Via Lodovico Montegani, Stadera, Municipio 5, Milano, Lombardia, 20136, Italia",45.4355551,9.1780459,0
Incontro/presentazione,21-10-23,2023-10-21,"via Brera, 28, Milano, MI",Pinacoteca di Brera - Biblioteca Nazionale Braidense di Milano,Il cuore a destra,,Formazione e networking,"Istituto Nazionale di Astrofisica – Osservatorio astronomico di Brera, 28, Via Brera, Cerchia dei Navigli, Municipio 1, Milano, Lombardia, 20121, Italia",45.4715946,9.1889707,4
,22-10-23,2023-10-21,"Via Luigi Nono, 9, Milano, MI",Tempio del Futuro Perduto,Dekmantel festival arriva a Milano,https://www.milanotoday.it/eventi/dekmantel-festival-arriva-a-milano-il-21-ottobre-dekmantel-tour-al-tempio-del-futuro-perduto-interstellar-funk-e-casper-tielrooij.html,Non classificato,"9, Via Luigi Nono, Bullona, Porta Volta, Municipio 8 di Milano, Milano, Lombardia, 20154, Italia",45.4864027,9.1751051,10
Spettacoli,21-10-23,2023-10-21,"v. Matteotti 30,20064, Gorgonzola, MI,Italia",Sala Argentia,Una volta nella vita (Once),https://www.teatro.it/spettacoli/gorgonzola/sala-argentia/2023-2024/una-volta-nella-vita-once,Teatro e spettacolo,"Sala Argentia, 30, Via Giacomo Matteotti, Gorgonzola, Milano, Lombardia, 20064, Italia",45.5327792,9.4032916,12
Concerti,21-10-23,2023-10-21,"Via Giuseppe di Vittorio, Milano, MI",Mediolanum Forum di Assago,Madame per la prima volta in concerto al Mediolanum Forum. Orari e biglietti,https://www.milanotoday.it/eventi/concerto-madame-mediolanum-forum.html,Musica e vita notturna,"Via Giuseppe Di Vittorio, Pontesesto, Rozzano, Milano, Lombardia, 20072, Italia",45.3848731,9.1854672,14
,25-11-23,2023-10-21,"Viale Gran Sasso, 35, Milano, MI",Galleria PoliArt Contemporary,Mario Sasso: imago urbis,https://www.milanotoday.it/eventi/mario-sasso-imago-urbis-imago-urbis.html,Non classificato,"35, Viale Gran Sasso, Buenos Aires - Venezia, Municipio 3, Milano, Lombardia, 20131, Italia",45.4812111,9.2225898,6
Spettacoli,22-10-23,2023-10-22,"Via Rovello 2,20121, Milano, MI,Italia",Piccolo Teatro - Teatro Grassi,L'interpretazione dei sogni,https://www.teatro.it/spettacoli/milano/piccolo-teatro-teatro-grassi/2023-2024/stefano-massini-linterpretazione-dei-sogni,Teatro e spettacolo,"2, Via Rovello, Brera, Milano, Lombardia, 20121, Italia",45.4665188,9.1847651,4
Spettacoli,22-10-23,2023-10-22,"Via Alessandro Manzoni 42,20121, Milano, MI,Italia",Manzoni,Angelo Pintus - Insieme per i bambini,https://www.teatro.it/spettacoli/milano/manzoni/2023-2024/angelo-pintus-insieme-per-i-bambini,Teatro e spettacolo,"Teatro Manzoni, 42, Via Alessandro Manzoni, Cerchia dei Navigli, Municipio 1, Milano, Lombardia, 20121, Italia",45.4710286,9.1944762,4
Spettacoli,22-10-23,2023-10-22,"Corso di Porta Romana 63,20122, Milano, MI,Italia",Carcano,"Giovanna: la pulzella, la fanciulla, l'allodola",https://www.teatro.it/spettacoli/milano/carcano/2023-2024/giovanna-la-pulzella-la-fanciulla-lallodola,Teatro e spettacolo,"Teatro Carcano, 63, Corso di Porta Romana, Crocetta, Municipio 1, Milano, Lombardia, 20121, Italia",45.4566842,9.1955297,4
Spettacoli,22-10-23,2023-10-22,"Via Hermada,8,20162, Milano, MI,Italia",della Cooperativa,6° (sei gradi),https://www.teatro.it/spettacoli/milano/della-cooperativa/2023-2024/giobbe-covatta-6-sei-gradi,Teatro e spettacolo,"8, Via privata Hermada, Niguarda - Cà Granda, Municipio 9, Milano, Lombardia, 20162, Italia",45.5147872,9.1901457,5
Spettacoli,22-10-23,2023-10-22,"Via Rovello 2,20121, Milano, MI,Italia",Piccolo Teatro - Teatro Grassi,I Promessi sposi alla prova,https://www.teatro.it/spettacoli/milano/piccolo-teatro-teatro-grassi/2023-2024/i-promessi-sposi-alla-prova,Teatro e spettacolo,"2, Via Rovello, Brera, Milano, Lombardia, 20121, Italia",45.4665188,9.1847651,4
Spettacoli,22-10-23,2023-10-22,"Piazza Cesare Beccaria 8,20122, Milano, MI,Italia",Gerolamo,Tutto sua madre,https://www.teatro.it/spettacoli/milano/gerolamo/2023-2024/tutto-sua-madre,Teatro e spettacolo,"Teatro Gerolamo, 8, Piazza Cesare Beccaria, Duomo, Municipio 1, Milano, Lombardia, 20122, Italia",45.464175,9.1945551,4
Attività Didattica,22-10-23,2023-10-22,"via Brera, 28, Milano, MI",Pinacoteca di Brera,Torna Camera con vista,,Formazione e networking,"Istituto Nazionale di Astrofisica – Osservatorio astronomico di Brera, 28, Via Brera, Cerchia dei Navigli, Municipio 1, Milano, Lombardia, 20121, Italia",45.4715946,9.1889707,4
,22-10-23,2023-10-22,"Piazza San Matteo, 23, Milano, MI",Piazza San Matteo 23,"""Vedo me"": spettacolo di musica, teatro e danza",https://www.milanotoday.it/eventi/vedo-me-spettacolo-di-musica-teatro-e-danza-claire-gaffa.html,Non classificato,"Piazza San Matteo, San Giuliano Monzese, Cologno Monzese, Milano, Lombardia, 20093, Italia",45.5279677,9.291011,7
,22-10-23,2023-10-22,"Piazza Duca d'Aosta, Milano, MI",Stazione centrale,Festival delle bande,https://www.milanotoday.it/eventi/festival-delle-bande-corpo-musicale-di-crescenzago-banda-citta-di-corsico-banda-santa-marcellina-di-carugate-banda-san-damiano-e-sant-albino-di-brugherio-in-collaborazione-con-scuola-di-danza-sauvage-di-jessica-sala.html,Non classificato,"Piazza Duca d'Aosta, Centrale, Municipio 2, Milano, Lombardia, 20124, Italia",45.4848412,9.2032441,6
Spettacoli,22-10-23,2023-10-22,"p.zza IV Novembre 3,20025, Legnano, MI,Italia",Talisio Tirinnanzi,C'è sempre qualcosa che non va,https://www.teatro.it/spettacoli/legnano/talisio-tirinnanzi/2023-2024/pucci-ce-sempre-qualcosa-che-non-va,Teatro e spettacolo,"Scuola Secondaria di Primo Grado Giovanni Ungaretti, 3, Piazza Quattro Novembre, San Giorgio su Legnano, Milano, Lombardia, 20034, Italia",45.5765251,8.9157963,1
Mercatini,22-10-23,2023-10-22,"Via Emilio Morosini, 8, Milano, MI",Giardino delle Culture,La nuova edizione del mercatino Remira: usato e sostenibilità,https://www.milanotoday.it/eventi/remira-market-2023.html,Mercati e shopping,"Via Emilio Morosini, XXII Marzo, Municipio 4, Milano, Lombardia, 20135, Italia",45.4579092,9.2103091,4
Concerti,22-10-23,2023-10-22,"Via Giuseppe di Vittorio, Milano, MI",Mediolanum Forum,Il concerto di 50 Cent a Milano. Orari e biglietti,https://www.milanotoday.it/eventi/concerto-50-cent-forum-assago.html,Musica e vita notturna,"Via Giuseppe Di Vittorio, Pontesesto, Rozzano, Milano, Lombardia, 20072, Italia",45.3848731,9.1854672,14
Spettacoli,22-10-23,2023-10-22,"Viale dell'Innovazione 20,20126, Milano, MI,Italia",Arcimboldi,The Phantom of the Opera,https://www.teatro.it/spettacoli/milano/degli-arcimboldi/2023-2024/the-phantom-of-the-opera,Teatro e spettacolo,"20, Viale dell'Innovazione, Bicocca, Municipio 9, Milano, Lombardia, 20125, Italia",45.5148696,9.2135963,5
,22-10-23,2023-10-22,"Galleria Vittorio Emanuele II, 12, Milano, MI",Libreria Bocca,Rinascimento poetico in libreria Bocca,https://www.milanotoday.it/eventi/rinascimento-poetico-in-libreria-bocca-rinascimento-poetico.html,Non classificato,"Libreria Bocca, 12, Galleria Vittorio Emanuele Secondo, Duomo, Municipio 1, Milano, Lombardia, 20121, Italia",45.4651429,9.1901652,4
Spettacoli,22-10-23,2023-10-22,"Corso Buenos Aires 33,20124, Milano, MI,Italia",Elfo Puccini - sala Shakespeare,Bahamuth,https://www.teatro.it/spettacoli/milano/elfo-puccini-sala-shakespeare/2023-2024/bahamuth,Teatro e spettacolo,"Teatro Elfo Puccini, 33, Corso Buenos Aires, Buenos Aires - Venezia, Municipio 3, Milano, Lombardia, 20124, Italia",45.4794317,9.2098387,6
,22-10-23,2023-10-22,"Via Ennio, 32, Milano, MI",Spazio Classica,Concerto Trio spazio classica,https://www.milanotoday.it/eventi/concerto-trio-spazio-classica-ninny-nobile-angelo-abella-giusi-d-auria.html,Non classificato,"Via Ennio, Umbria - Molise, Municipio 4, Milano, Lombardia, 20135, Italia",45.4535075,9.2163876,6
Spettacoli,22-10-23,2023-10-22,"Largo Antonio Greppi,20121, Milano, MI,Italia",Piccolo Teatro - Teatro Strehler,Boomers,https://www.teatro.it/spettacoli/milano/piccolo-teatro-teatro-strehler/2023-2024/marco-paolini-boomers,Teatro e spettacolo,"Largo Antonio Greppi, Cerchia dei Navigli, Municipio 1, Milano, Lombardia, 20121, Italia",45.4718502,9.1827114,4
,22-10-23,2023-10-22,"Via Melchiorre Gioia, Milano, MI",Volvo Studio,Vincent Peirani in concerto al Jazzmi,https://www.milanotoday.it/eventi/vincent-peirani-in-concerto-al-jazzmi-vincent-peirani.html,Non classificato,"Via Melchiorre Gioia, Brera, Municipio 1, Milano, Lombardia, 20100, Italia",45.4803757,9.190068,10
Incontro/presentazione,23-10-23,2023-10-23,"via Brera, 28, Milano, MI",Pinacoteca di Brera,PROSPERO FONTANA La Vergine assunta e santi: restauro e riscoperta,,Formazione e networking,"Istituto Nazionale di Astrofisica – Osservatorio astronomico di Brera, 28, Via Brera, Cerchia dei Navigli, Municipio 1, Milano, Lombardia, 20121, Italia",45.4715946,9.1889707,4
Spettacoli,23-10-23,2023-10-23,"Via Pietrasanta 14,20124, Milano, MI,Italia",Magazzini Generali,ANGELINA MANGO - Voglia di Vivere Tour,https://www.teatro.it/spettacoli/milano/magazzini-generali/2023-2024/angelina-mango-voglia-di-vivere-tour,Teatro e spettacolo,"14, Via Pietrasanta, Ex Om - Morivione, Municipio 5, Milano, Lombardia, 20141, Italia",45.4438506,9.1964489,4
,28-10-23,2023-10-23,"Via Nicola Antonio Porpora, 16a, Milano, MI",iKonica Art Gallery,Visioni virtuose virtuali,https://www.milanotoday.it/eventi/visioni-virtuose-virtuali-piero-campini.html,Non classificato,"Via Nicola Antonio Porpora, Città Studi, Municipio 3, Milano, Lombardia, 20131, Italia",45.4861128,9.2333325,6
Spettacoli,23-10-23,2023-10-23,"Via Larga 14,20122, Milano, MI,Italia",Lirico Giorgio Gaber,Omaggio a Morricone - Musiche da Oscar,https://www.teatro.it/spettacoli/milano/lirico-giorgio-gaber/2023-2024/omaggio-a-morricone-musiche-da-oscar,Teatro e spettacolo,"Teatro Lirico Giorgio Gaber, 14, Via Larga, Cerchia dei Navigli, Municipio 1, Milano, Lombardia, 20122, Italia",45.4615135,9.1918702,4
Spettacoli,24-10-23,2023-10-24,"Via Larga 14,20122, Milano, MI,Italia",Lirico Giorgio Gaber,Dario Baldan Bembo - La mia musica la mia vita,https://www.teatro.it/spettacoli/milano/lirico-giorgio-gaber/2023-2024/dario-baldan-bembo-la-mia-musica-la-mia-vita,Teatro e spettacolo,"Teatro Lirico Giorgio Gaber, 14, Via Larga, Cerchia dei Navigli, Municipio 1, Milano, Lombardia, 20122, Italia",45.4615135,9.1918702,4
Spettacoli,24-10-23,2023-10-24,"Corso Venezia 2/A,20121, Milano, MI,Italia",San Babila,MATTEO BOCELLI - A Night With Matteo,https://www.teatro.it/spettacoli/milano/san-babila/2023-2024/matteo-bocelli-a-night-with-matteo,Teatro e spettacolo,"2a, Corso Venezia, Duomo, Municipio 1, Milano, Lombardia, 20121, Italia",45.4670204,9.1981104,4
Spettacoli,25-10-23,2023-10-25,"via Valtellina 25,20157, Milano, MI,Italia",Alcatraz,Tour 2023,https://www.teatro.it/spettacoli/milano/alcatraz/2023-2024/negrita-tour-2023,Teatro e spettacolo,"Alcatraz, 25, Via Valtellina, Isola, Municipio 9, Milano, Lombardia, 20159, Italia",45.494744,9.1823768,10
,25-10-23,2023-10-25,"Via Nino Oxilia, 10, Milano, MI",Cinema Beltrade,"Careseekers, in cerca di cura",https://www.milanotoday.it/eventi/careseekers-in-cerca-di-cura-in-sala-a-milano-al-cinema-beltrade.html,Non classificato,"Cinema Beltrade, 10, Via Nino Oxilia, Loreto, Municipio 2, Milano, Lombardia, 20127, Italia",45.4924673,9.214887,6
,25-10-23,2023-10-25,"Via Giacomo Quarenghi 21, Milano, MI",biblioteca Gallaratese,Lezione (non seriosa) di milanese in biblioteca gallaratese,https://www.milanotoday.it/eventi/lezione-non-seriosa-di-milanese-in-biblioteca-gallaratese.html,Non classificato,"Biblioteca Comunale Gallaratese, 21, Via Giacomo Quarenghi, Gallaratese, Quartiere Gallaratese, Municipio 8 di Milano, Milano, Lombardia, 20151, Italia",45.4962275,9.1149541,13
,05-11-23,2023-10-25,"Via Andrea Maria Ampère, Milano, MI",Teatro Leonardo,Otello di Corrado d'Elia,https://www.milanotoday.it/eventi/otello-compagnia-corrado-d-elia.html,Non classificato,"Via Andrea Maria Ampère, Città Studi, Municipio 3, Milano, Lombardia, 20131, Italia",45.4815526,9.2266627,6
Mostre,10-03-24,2023-10-25,"Via Tortona, 56, Milano, MI",Mudec - Museo delle Culture,"""Rodin e la danza"", le sculture dell'artista francese arrivano a Milano",https://www.milanotoday.it/eventi/mostra-rodin-danza-mudec.html,Arte e cultura,"Mudec, 56, Via Tortona, Tortona, Municipio 6, Milano, Lombardia, 20144, Italia",45.4520455,9.1613185,0
Mostre,10-03-24,2023-10-25,"Via Tortona, 56, Milano, MI",Mudec - Museo delle Culture,"""Rodin e la danza"", le sculture dell'artista francese arrivano a Milano",https://www.milanotoday.it/eventi/mostra-rodin-danza-mudec.html,Arte e cultura,"Mudec, 56, Via Tortona, Tortona, Municipio 6, Milano, Lombardia, 20144, Italia",45.4520455,9.1613185,0
,07-11-23,2023-10-25,"Ripa di Porta Ticinese, 61, Milano, MI",Arcadia Art Gallery,Rinascita per la vita,https://www.milanotoday.it/eventi/rinascita-per-la-vita-rebirth-for-the-life-carafi.html,Non classificato,"61, Ripa di Porta Ticinese, Navigli, Municipio 6, Milano, Lombardia, 20143, Italia",45.4508348,9.1710412,0
Incontri,31-10-23,2023-10-25,"Via Elba, 14, Milano, MI",Leo & Coco,Una festa speciale di Halloween per bambini,https://www.milanotoday.it/eventi/festa-halloween-bambini-ludoteca-leo-coco.html,Formazione e networking,"Via Elba, Washington, Municipio 7, Milano, Lombardia, 20144, Italia",45.4631819,9.1583368,0
,17-11-23,2023-10-25,"Via Milazzo, 6, Milano, MI",Arte in Salotto,Body bondage,https://www.milanotoday.it/eventi/body-bondage-paola-cassola.html,Non classificato,"6, Via Milazzo, Brera, Municipio 1, Milano, Lombardia, 20121, Italia",45.4791251,9.1876651,10
Cibo e Vino,28-10-23,2023-10-26,"Via Giovanni Battista Sammartini, Milano, MI",Mercato Centrale Milano,L'imperdibile Festa della birra a Milano tra risate e divertimento,https://www.milanotoday.it/eventi/festa-della-birra-milano.html,Enogastronomia,"Via Giovanni Battista Sammartini, Centrale, Municipio 2, Milano, Lombardia, 20124, Italia",45.4898407,9.2065527,6
,26-10-23,2023-10-26,"Corso Venezia, 47, Milano, MI","Palazzo Castiglioni, Sala Colucci","Salute mentale, una serata speciale per imparare a coltivare il benessere emotivo",https://www.milanotoday.it/eventi/serata-humanitas-salute-mentale-26-ottobre.html,Non classificato,"47, Corso Venezia, Guastalla, Municipio 1, Milano, Lombardia, 20121, Italia",45.4710655,9.2013574,4
,26-10-23,2023-10-26,"Corso Venezia, 47, Milano, MI","Palazzo Castiglioni, Sala Colucci","Salute mentale, una serata speciale per imparare a coltivare il benessere emotivo",https://www.milanotoday.it/eventi/serata-humanitas-salute-mentale-26-ottobre.html,Non classificato,"47, Corso Venezia, Guastalla, Municipio 1, Milano, Lombardia, 20121, Italia",45.4710655,9.2013574,4
,26-10-23,2023-10-26,"Corso Venezia, 47, Milano, MI","Palazzo Castiglioni, Sala Colucci","Salute mentale, una serata speciale per imparare a coltivare il benessere emotivo",https://www.milanotoday.it/eventi/serata-humanitas-salute-mentale-26-ottobre.html,Non classificato,"47, Corso Venezia, Guastalla, Municipio 1, Milano, Lombardia, 20121, Italia",45.4710655,9.2013574,4
,26-10-23,2023-10-26,"Corso Venezia, 47, Milano, MI","Palazzo Castiglioni, Sala Colucci","Salute mentale, una serata speciale per imparare a coltivare il benessere emotivo",https://www.milanotoday.it/eventi/serata-humanitas-salute-mentale-26-ottobre.html,Non classificato,"47, Corso Venezia, Guastalla, Municipio 1, Milano, Lombardia, 20121, Italia",45.4710655,9.2013574,4
,26-10-23,2023-10-26,"Corso Venezia, 47, Milano, MI","Palazzo Castiglioni, Sala Colucci","Salute mentale, una serata speciale per imparare a coltivare il benessere emotivo",https://www.milanotoday.it/eventi/serata-humanitas-salute-mentale-26-ottobre.html,Non classificato,"47, Corso Venezia, Guastalla, Municipio 1, Milano, Lombardia, 20121, Italia",45.4710655,9.2013574,4
,26-10-23,2023-10-26,"Via Santa Croce, 19, Milano, MI",Casa Emergency,Come nutrire il mondo con i prodotti del mare,https://www.milanotoday.it/eventi/incontro-pesca-sostenibile.html,Non classificato,"Enoteca naturale, 19, Via Santa Croce, Ticinese, Municipio 1, Milano, Lombardia, 20122, Italia",45.4533988,9.1819841,0
,27-10-23,2023-10-27,"Corso di Porta Romana, 61, Milano, MI",Le Village by CA Milano,Greenvesting forum 2023,https://www.milanotoday.it/eventi/greenvesting-forum-2023-dove-finanza-pianeta-e-persone-si-incontrano.html,Non classificato,"61, Corso di Porta Romana, Guastalla, Municipio 1, Milano, Lombardia, 20122, Italia",45.4566871,9.1949768,4
Mostre,07-01-24,2023-10-27,"Via Sant'Andrea, 6, Milano, MI",Palazzo Morando,I cento anni di storia del Rotary Club in mostra a Milano,https://www.milanotoday.it/eventi/mostra-storia-rotary-palazzo-morando.html,Arte e cultura,"Palazzo Morando - Costume Moda Immagine, 6, Via Sant'Andrea, Duomo, Municipio 1, Milano, Lombardia, 20121, Italia",45.4685907,9.1962586,4
,12-11-23,2023-10-27,"Via Pietro Borsieri, 12, Milano, MI",Key Gallery,"Tilf relay, personal exhibition",https://www.milanotoday.it/eventi/tilf-relay-personal-exhibition-tilf.html,Non classificato,"Bar Guadagni, 12, Via Pietro Borsieri, Isola, Municipio 9, Milano, Lombardia, 20159, Italia",45.4867002,9.1887446,10
Mostre,07-01-24,2023-10-27,"Via Sant'Andrea, 6, Milano, MI",Palazzo Morando,I cento anni di storia del Rotary Club in mostra a Milano,https://www.milanotoday.it/eventi/mostra-storia-rotary-palazzo-morando.html,Arte e cultura,"Palazzo Morando - Costume Moda Immagine, 6, Via Sant'Andrea, Duomo, Municipio 1, Milano, Lombardia, 20121, Italia",45.4685907,9.1962586,4
,27-10-23,2023-10-27,"Via Pisanello, 1, Milano, MI",Centro Culturale Rosetum,Dainius Pulauskas acoustic group-rosetum jazz festival,https://www.milanotoday.it/eventi/dainius-pulauskas-acoustic-group-rosetum-jazz-festival-dainius-pulauskas-acoustic-group.html,Non classificato,"Via Pisanello, Bande Nere, Municipio 7, Milano, Lombardia, 20148, Italia",45.4672182,9.140416,13
Incontri,27-10-23,2023-10-27,"Via Ugo Foscolo, Milano, MI",Feltrinelli Duomo,"L'autore Stefano Mannucci presenta il suo libro ""Batti il tempo” insieme a Diodato",https://www.milanotoday.it/eventi/presentazione-libro-stefano-mannucci-diodato.html,Formazione e networking,"Via Ugo Foscolo, Cascine Olona, Vighignolo, Settimo Milanese, Milano, Lombardia, 20019, Italia",45.4868291,9.0602398,3
,05-11-23,2023-10-27,"Via Giuseppe di Vittorio, 2, Milano, MI",Centro sportivo di SENAGO,"Aagra della cassoeula, bolliti misti e ossobuco",https://www.milanotoday.it/eventi/sagra-della-cassoeula-bolliti-misti-e-ossobuco.html,Non classificato,"28/2, Via Giuseppe Di Vittorio, Foramagno, Peschiera Borromeo, Milano, Lombardia, 20068, Italia",45.4270849,9.2880658,2
,28-10-23,2023-10-28,"Piazza dell'Ateneo Nuovo, 1, Milano, MI","Università Bicocca, edificio U6",Linux day milano 2023,https://www.milanotoday.it/eventi/linux-day-milano-2023.html,Non classificato,"1, Piazza dell'Ateneo Nuovo, Bicocca, Municipio 9, Milano, Lombardia, 20126, Italia",45.5182975,9.2137546,5
Teatri,30-10-23,2023-10-28,"Viale dell'Innovazione, 20, Milano, MI",Teatro degli Arcimboldi,"La magia di ""Roberto Bolle & Friends"" torna a Milano",https://www.milanotoday.it/eventi/spettacolo-roberto-bolle-arcimboldi-2023.html,Teatro e spettacolo,"20, Viale dell'Innovazione, Bicocca, Municipio 9, Milano, Lombardia, 20125, Italia",45.5148696,9.2135963,5
,28-10-23,2023-10-28,"Via Giuseppe Mazzini, 140, Milano, MI",Asilo del Cane di Palazzolo Milanese ODV,Open day asilo del cane,https://www.milanotoday.it/eventi/open-day-asilo-del-cane-di-palazzolo-milanese-odv.html,Non classificato,"Via Giuseppe Mazzini, Cerchia dei Navigli, Municipio 1, Milano, Lombardia, 20123, Italia",45.4634905,9.1885191,4
,29-10-23,2023-10-28,"Via Asiago, 51, Milano, MI",Amoreiki,Seminario reiki primo livello a Milano,https://www.milanotoday.it/eventi/seminario-reiki-primo-livello-a-milano.html,Non classificato,"51, Via Asiago, Viale Monza, Municipio 2, Milano, Lombardia, 20128, Italia",45.5060417,9.2303516,5
,28-10-23,2023-10-28,"Via dell'Allodola, 5, Milano, MI","Teatro ""La Creta""",Da Bach a Bacchetti,https://www.milanotoday.it/eventi/da-bach-a-bacchetti-andrea-bacchetti.html,Non classificato,"Via dell'Allodola, Lorenteggio, Municipio 6, Milano, Lombardia, 20147, Italia",45.454862,9.1195068,13
Incontri,17-02-24,2023-10-28,"Via Niccolò Jommelli, 24, Milano, MI",Spazio Tadini,La poesia racconta la società. A Milano gli artisti dialogano sul futuro,https://www.milanotoday.it/eventi/incontri-poesia-spazio-tadini.html,Formazione e networking,"Milano Arte Expo, 24, Via Niccolò Jommelli, Loreto, Municipio 3, Milano, Lombardia, 20131, Italia",45.4865099,9.2255126,6
,29-10-23,2023-10-28,"Viale Monza, 113, Milano, MI",Deposito Officina Rotabili Storici di Milano Centrale,Due giorni a Milano per ammirare locomotive d'epoca a vapore: quando e dove,https://www.milanotoday.it/eventi/fondazione-fs-open-days-dors-28-29-ottobre.html,Non classificato,"Viale Monza, Municipio 2, Milano, Lombardia, Italia",45.5124819,9.2243327,5
,28-10-23,2023-10-28,"Via Adolfo Consolini, Milano, MI",MANIFESTIVAL,Manifestival: festival di arte pubblica,https://www.milanotoday.it/eventi/manifestival-festival-di-arte-pubblica-nel-quartiere-gallaratese.html,Non classificato,"Via Adolfo Consolini, Gallaratese, Quartiere Gallaratese, Municipio 8 di Milano, Milano, Lombardia, 20151, Italia",45.5033175,9.1057698,13
Concerti,02-12-23,2023-10-28,"Via Rimini, 38, Milano, MI",Arca Milano,Francesca Michielin in concerto a Milano: tutti gli appuntamenti,https://www.milanotoday.it/eventi/concerti-francesca-michielin-arca-milano.html,Musica e vita notturna,"38, Via Rimini, San Cristoforo, Municipio 6, Milano, Lombardia, 20142, Italia",45.440858,9.1692032,0
Manifestazioni,28-10-23,2023-10-28,"Via Sandro Pertini, Milano, MI",Parco Europa,La festa degli aquiloni giganti a Rho,https://www.milanotoday.it/eventi/festa-aquiloni-parco-rho.html,Altri eventi,"Via Sandro Pertini, Parco Agricolo Sud, Municipio 7, Milano, Lombardia, 20019, Italia",45.4570447,9.0721904,3
,29-10-23,2023-10-28,"Via dei Caduti, 9, Milano, MI",Centro Civico,Mostra bonsai,https://www.milanotoday.it/eventi/mostra-bonsai-coordinamento-lombardia-piemonte-bonsai-blu-milano.html,Non classificato,"Via dei Caduti, Assago, Milano, Lombardia, 20057, Italia",45.4052747,9.1314449,14
,29-10-23,2023-10-28,"Viale Monza, 11, Milano, MI",Deposito Officina Rotabili Storici di Milano Centrale,Apre (gratis) l'officina di Milano che si occupa dei treni a vapore,https://www.milanotoday.it/eventi/officina-treni-vapore-2023.html,Non classificato,"Viale Monza, Municipio 2, Milano, Lombardia, Italia",45.5124819,9.2243327,5
,28-10-23,2023-10-28,"Corso Garibaldi, 17, Milano, MI",Corso Giuseppe Garibaldi,Diciottesima edizione arte in Garibaldi,https://www.milanotoday.it/eventi/18-edizione-arte-in-garibaldi-gruppo-culturale-artisti-di-via-bagutta.html,Non classificato,"La Filetteria Italiana, 17, Corso Giuseppe Garibaldi, Brera, Municipio 1, Milano, Lombardia, 20121, Italia",45.4728923,9.1836063,4
,28-10-23,2023-10-28,"Viale Palmiro Togliatti, 105, Milano, MI",Cascina Grande,"Cybersecurity: formazione, lavoro, inclusione",https://www.milanotoday.it/eventi/cybersecurity-formazione-lavoro-inclusione-ricreazione.html,Non classificato,"Viale Palmiro Togliatti, Locate di Triulzi, Milano, Lombardia, 20085, Italia",45.3552488,9.22056,11
Incontri,17-02-24,2023-10-28,"Via Niccolò Jommelli, 24, Milano, MI",Spazio Tadini,La poesia racconta la società. A Milano gli artisti dialogano sul futuro,https://www.milanotoday.it/eventi/incontri-poesia-spazio-tadini.html,Formazione e networking,"Milano Arte Expo, 24, Via Niccolò Jommelli, Loreto, Municipio 3, Milano, Lombardia, 20131, Italia",45.4865099,9.2255126,6
,28-10-23,2023-10-28,"Via Egadi, 5, Milano, MI",Mimabo Centro Multidisciplinare,Corso sullo svezzamento per neo-genitori,https://www.milanotoday.it/eventi/corso-sullo-svezzamento-per-neo-genitori-nicola-maria-palini-e-arianna-terrana.html,Non classificato,"Via Egadi, Washington, Municipio 7, Milano, Lombardia, 20144, Italia",45.4599296,9.1582672,0
,28-10-23,2023-10-28,"Piazza di Santa Maria delle Grazie, Milano, MI",Piazza Santa Maria delle Grazie,Le meraviglie di Milano,https://www.milanotoday.it/eventi/sabato-28-ottobre-le-meraviglie-di-milano-il-cenacolo-vinciano-santa-maria-delle-grazie-e-san-maurizio.html,Non classificato,"Piazza Santa Maria delle Grazie, Magenta - San Vittore, Municipio 1, Milano, Lombardia, 20123, Italia",45.4662916,9.1704104,0
,28-10-23,2023-10-28,"Galleria Vittorio Emanuele II, 11/12, Milano, MI",Rizzoli,Idee in circolo: laboratorio creativo all'insegna della sostenibilità,https://www.milanotoday.it/eventi/idee-in-circolo-laboratorio-creativo-all-insegna-della-sostenibilita-ed-economia-circolare.html,Non classificato,"Galleria Vittorio Emanuele Secondo, Duomo, Municipio 1, Milano, Lombardia, 20121, Italia",45.4656869,9.1900266,4
Spettacoli,29-10-23,2023-10-29,"Corso di Porta Romana 63,20122, Milano, MI,Italia",Carcano,Cetra una volta,https://www.teatro.it/spettacoli/milano/carcano/2023-2024/cetra-una-volta,Teatro e spettacolo,"Teatro Carcano, 63, Corso di Porta Romana, Crocetta, Municipio 1, Milano, Lombardia, 20121, Italia",45.4566842,9.1955297,4
,29-10-23,2023-10-29,"Via Felice Orsini, 21, Milano, MI",Villa Scheibler,La lirica per tutti,https://www.milanotoday.it/eventi/la-lirica-per-tutti-ekaterina-adamova.html,Non classificato,"21, Via Felice Orsini, Vialba, Quarto Oggiaro, Municipio 8 di Milano, Milano, Lombardia, 20157, Italia",45.5181781,9.1337667,13
Spettacoli,29-10-23,2023-10-29,"Via Alessandro Manzoni 42,20121, Milano, MI,Italia",Manzoni,Testimone d'accusa,https://www.teatro.it/spettacoli/milano/manzoni/2023-2024/testimone-daccusa,Teatro e spettacolo,"Teatro Manzoni, 42, Via Alessandro Manzoni, Cerchia dei Navigli, Municipio 1, Milano, Lombardia, 20121, Italia",45.4710286,9.1944762,4
Convegno/conferenza,29-10-23,2023-10-29,"via Brera, 28, Milano, MI",Pinacoteca di Brera - Biblioteca Nazionale Braidense di Milano,Alessandro Manzoni. La storia e la fabula,,Formazione e networking,"Istituto Nazionale di Astrofisica – Osservatorio astronomico di Brera, 28, Via Brera, Cerchia dei Navigli, Municipio 1, Milano, Lombardia, 20121, Italia",45.4715946,9.1889707,4
Manifestazioni,29-10-23,2023-10-29,"Corso Como, Milano, MI",Giardino Politkovskaja,"Il ricordo delle vittime di repressione in Urss: la ""Restituzione dei Nomi"" a Milano",https://www.milanotoday.it/eventi/manifestazione-repressioni-unione-sovietica-29-ottobre-2023.html,Altri eventi,"Corso Como, GARIBALDI REPUBBLICA, Municipio 9, Milano, Lombardia, 20100, Italia",45.4817426,9.1872468,10
Spettacoli,29-10-23,2023-10-29,"Via Rivoli 6,20121, Milano, MI,Italia",Piccolo Teatro - Studio Melato,Ottantanove,https://www.teatro.it/spettacoli/milano/piccolo-teatro-studio-melato/2023-2024/ottantanove,Teatro e spettacolo,"6, Via Rivoli, Brera, Municipio 1, Milano, Lombardia, 20121, Italia",45.4726093,9.182881,4
,26-11-23,2023-10-29,"Via Gaetano de Castillia, 20, Milano, MI",Area giochi - De Castillia / Casa della Memoria,Operazione isola: urban game,https://www.milanotoday.it/eventi/operazione-isola-urban-game.html,Non classificato,"20, Via Gaetano De Castillia, Isola, Municipio 9, Milano, Lombardia, 20100, Italia",45.4856084,9.1914978,10
,20-12-23,2023-10-29,"Via Giovanni Battista Piazzetta, 2, Milano, MI",Associazione La Strada,Scopri i laboratori di cucina etnica e circolare di Co-Cooking,https://www.milanotoday.it/eventi/scopri-i-laboratori-di-cucina-etnica-e-circolare-di-co-cooking-impresa-sociale-cocooker.html,Non classificato,"Via Giovanni Battista Piazzetta, Lodi - Corvetto, Municipio 4, Milano, Lombardia, 20139, Italia",45.4348055,9.2219146,2
,29-10-23,2023-10-29,"Piazza del Duomo, 11, Milano, MI","Libreria Bocca, Galleria Vittorio Emanuele",Incontro con Dante alla libreria Bocca,https://www.milanotoday.it/eventi/incontro-con-dante-alla-libreria-bocca-di-milano-claudio-rocco.html,Non classificato,"Piazza del Duomo, Duomo, Municipio 1, Milano, Lombardia, Italia",45.4639102,9.1906398,4
Convegno/conferenza,18-12-23,2023-10-30,"Via Senato, Milano, MI",Soprintendenza Archivistica e Bibliografica della Lombardia,1963-2023: 60 anni in viaggio | #carnetdevoyage e #visionifuture,,Formazione e networking,"Via Senato, Cerchia dei Navigli, Municipio 1, Milano, Lombardia, 20121, Italia",45.4714266,9.1962309,4
Disco&Feste,30-10-23,2023-10-30,"Via Giosuè Borsi, 9, Milano, MI",Apollo Club,Halloween a ritmo di rock all'Apollo Club di Milano,https://www.milanotoday.it/eventi/festa-halloween-apollo-club.html,Musica e vita notturna,"9, Via Giosuè Borsi, Navigli, Municipio 6, Milano, Lombardia, 20143, Italia",45.4474144,9.1736183,0
Convegno/conferenza,30-10-23,2023-10-30,"Via Senato, Milano, MI",Soprintendenza Archivistica e Bibliografica della Lombardia,60 anni in viaggio | Tutela | Archivi e Arte,,Formazione e networking,"Via Senato, Cerchia dei Navigli, Municipio 1, Milano, Lombardia, 20121, Italia",45.4714266,9.1962309,4
,11-11-23,2023-10-30,"Via Enrico Caviglia, 3, Milano, MI",Istituto Italiano di Fotografia,Dīn u dunya: religione e vita terrena,https://www.milanotoday.it/eventi/di-n-u-dunya-religione-e-vita-terrena-chiara-bussandri.html,Non classificato,"3, Via Enrico Caviglia, Lodi - Corvetto, Municipio 4, Milano, Lombardia, 20139, Italia",45.4436084,9.2298198,2
,31-10-23,2023-10-31,"Via Sansovino, 9, Milano, MI",Castello di Rivalta,Paranormal manifesto,https://www.milanotoday.it/eventi/paranormal-manifesto-castello-di-rivalta-the-meraviglia-x-hypnos.html,Non classificato,"9, Via Sansovino, Buenos Aires - Venezia, Municipio 3, Milano, Lombardia, 20133, Italia",45.4792243,9.2185282,6
,31-10-23,2023-10-31,"Via Adolfo Omodeo, 1, Milano, MI",Villa Cavenago,Halloween in villa Cavenago,https://www.milanotoday.it/eventi/halloween-in-villa-cavenago.html,Non classificato,"Via Adolfo Omodeo, Gallaratese, Quartiere Gallaratese, Municipio 8 di Milano, Milano, Lombardia, 20151, Italia",45.4902791,9.1154294,13
Disco&Feste,31-10-23,2023-10-31,"Viale Luigi Camoens, Milano, MI",Just Cavalli,Il terrificante party di Halloween (in maschera),https://www.milanotoday.it/eventi/festa-halloween-just-cavalli.html,Musica e vita notturna,"Viale Luigi Camoens, Parco Sempione, Municipio 1, Milano, Lombardia, 20154, Italia",45.4729814,9.1728556,10
,31-10-23,2023-10-31,"Via Gaetano Negri, 10, Milano, MI",Mib,Halloween private party in piazza Affari,https://www.milanotoday.it/eventi/halloween-private-party-in-piazza-affari-mib-milano.html,Non classificato,"BPER Banca, 10, Via Gaetano Negri, Cerchia dei Navigli, Municipio 1, Milano, Lombardia, 20123, Italia",45.4651327,9.1836481,4
Mostre,03-03-24,2023-10-31,"Piazza del Duomo, Milano, MI",Palazzo Reale,"""Goya. La ribellione della ragione"" in mostra a Milano",https://www.milanotoday.it/eventi/mostra-goya-palazzo-reale.html,Arte e cultura,"Piazza del Duomo, Duomo, Municipio 1, Milano, Lombardia, Italia",45.4639102,9.1906398,4
,31-10-23,2023-10-31,"Corso di Porta Romana, 63, Milano, MI",Teatro Carcano,Vita da ballerini,https://www.milanotoday.it/eventi/vita-da-ballerini-choros-ballet.html,Non classificato,"Teatro Carcano, 63, Corso di Porta Romana, Crocetta, Municipio 1, Milano, Lombardia, 20121, Italia",45.4566842,9.1955297,4
Mostre,03-03-24,2023-10-31,"Piazza del Duomo, Milano, MI",Palazzo Reale,"""Goya. La ribellione della ragione"" in mostra a Milano",https://www.milanotoday.it/eventi/mostra-goya-palazzo-reale.html,Arte e cultura,"Piazza del Duomo, Duomo, Municipio 1, Milano, Lombardia, Italia",45.4639102,9.1906398,4
,04-11-23,2023-10-31,"Piazza Città di Lombardia, Milano, MI",Piazza Città di Lombardia,Gin & sound: fiera del gin alla 4^ edizione,https://www.milanotoday.it/eventi/gin-sound-fiera-del-gin-4-edizione.html,Non classificato,"Piazza Città di Lombardia, GARIBALDI REPUBBLICA, Municipio 9, Milano, Lombardia, 20124, Italia",45.4867209,9.1960553,10
,31-10-23,2023-10-31,"Viale Emilio Alemagna, 6, Milano, MI",Triennale Milano,Francesco Cavestri in concerto per la rassegna Jazzmi,https://www.milanotoday.it/eventi/francesco-cavestri-in-concerto-per-la-rassegna-jazzmi-francesco-cavestri.html,Non classificato,"Triennale Design Museum, 6, Viale Emilio Alemagna, Parco Sempione, Municipio 1, Milano, Lombardia, 20121, Italia",45.4721477,9.1734894,10
Disco&Feste,31-10-23,2023-10-31,"Viale Emilio Alemagna, 6, Milano, MI",Teatro dell'Arte Triennale di Milano,Una speciale festa di Halloween tra musica dal vivo e dj set,https://www.milanotoday.it/eventi/festa-halloween-triennale.html,Musica e vita notturna,"Triennale Design Museum, 6, Viale Emilio Alemagna, Parco Sempione, Municipio 1, Milano, Lombardia, 20121, Italia",45.4721477,9.1734894,10
Disco&Feste,31-10-23,2023-10-31,"Via Pietrasanta, 16, Milano, MI",Magazzini Generali,La super festa di Halloween ai Magazzini Generali,https://www.milanotoday.it/eventi/festa-halloween-magazzini-generali-2023.html,Musica e vita notturna,"16, Via Pietrasanta, Ex Om - Morivione, Municipio 5, Milano, Lombardia, 20141, Italia",45.4440954,9.1951652,4
,01-11-23,2023-10-31,"Via Giulio Cesare Procaccini, 4, Milano, MI",Vapore1928,Halloween in the industrial space Vapore 1928,https://www.milanotoday.it/eventi/halloween-in-the-industrial-space-vapore-1928.html,Non classificato,"4, Via Giulio Cesare Procaccini, Bullona, Porta Volta, Municipio 8 di Milano, Milano, Lombardia, 20154, Italia",45.4839945,9.1753796,10
,31-10-23,2023-10-31,"Via Circo, 4, Milano, MI","Liceo Classico Statale ""Tito Livio""",Halloween 2023: Scuolazoo invita gli studenti a svelare le proprie paure,https://www.milanotoday.it/eventi/halloween-2023-a-milano-scuolazoo-invita-gli-studenti-a-svelare-le-proprie-paure-scuolazoo.html,Non classificato,"Liceo classico statale Tito Livio, 4, Via Circo, Cerchia dei Navigli, Municipio 1, Milano, Lombardia, 20123, Italia",45.4616658,9.1807088,4
Disco&Feste,31-10-23,2023-10-31,"Viale Monte Grappa, 14, Milano, MI",Play Club,"Halloween 2023, una festa terrificante nel cuore di Milano",https://www.milanotoday.it/eventi/festa-halloween-party-club.html,Musica e vita notturna,"14, Viale Monte Grappa, GARIBALDI REPUBBLICA, Municipio 9, Milano, Lombardia, 20124, Italia",45.4808654,9.1896377,10
,02-11-23,2023-11-02,"Via San Martino, 60, Milano, MI",Dodo Cafè,"Nina Simone, una storia importante",https://www.milanotoday.it/eventi/nina-simone-una-storia-importante-gianni-del-savio.html,Non classificato,"Via San Martino, Vigentina, Municipio 1, Milano, Lombardia, 20136, Italia",45.4532663,9.1878846,4
Spettacoli,02-11-23,2023-11-02,"Via Filodrammatici 2,20121, Milano, MI,Italia",Teatro Alla Scala,Peter Grimes,https://www.teatro.it/spettacoli/milano/teatro-alla-scala/2023-2024/peter-grimes,Teatro e spettacolo,"2, Via Filodrammatici, Brera, Milano, Lombardia, 20121, Italia",45.4673781,9.188701,4
Concerti,02-11-23,2023-11-02,"Viale Enrico Fermi, 98, Milano, MI",Legend Club,Written by wolves  per la prima volta in italia: data unica 2 novembre milano,https://www.milanotoday.it/eventi/written-by-wolves-2023.html,Musica e vita notturna,"Legend Club, 98, Viale Enrico Fermi, Parco Nord, Municipio 9, Milano, Lombardia, 20161, Italia",45.5161589,9.1794377,10
Manifestazioni,05-11-23,2023-11-03,"Via San Vittore, 21, Milano, MI",Museo Nazionale della Scienza e della Tecnologia,"Focus Live 2023, un weekend dedicato alla scienza",https://www.milanotoday.it/eventi/focus-live-2023-museo-scienza.html,Altri eventi,"21, Via San Vittore, Magenta - San Vittore, Municipio 1, Milano, Lombardia, 20123, Italia",45.4628946,9.1706462,0
,04-11-23,2023-11-03,"Via Nicola Antonio Porpora, 16a, Milano, MI",iKonica Gallery,Permanenza: ogni cosa è impermanente,https://www.milanotoday.it/eventi/permanenza-ogni-cosa-e-impermanente-mostra-collettiva.html,Non classificato,"Via Nicola Antonio Porpora, Loreto, Municipio 3, Milano, Lombardia, 20131, Italia",45.4860581,9.2259393,6
,05-11-23,2023-11-03,"Via degli Olivetani, 3, Milano, MI","Sala delle Colonne, Oratorio di San Vittore",Fiera d'autunno 2023,https://www.milanotoday.it/eventi/fiera-d-autunno-2023.html,Non classificato,"Caritas Ambrosiana Siloe - Servizi Integrati Lavoro Orientamento Educazione, 3, Via degli Olivetani, Magenta - San Vittore, Municipio 1, Milano, Lombardia, 20123, Italia",45.4623284,9.169321,0
,03-11-23,2023-11-03,"Alzaia Naviglio Grande, 190, Milano, MI",Alta Luce Teatro,"""Lei conosce Arpad Weisz?""",https://www.milanotoday.it/eventi/lei-conosce-arpad-weisz-ad-alta-luce-teatro-venerdi-3-novembre-ore-20-30-menoventi.html,Non classificato,"Alzaia Naviglio Grande, Navigli, Municipio 6, Milano, Lombardia, 20136, Italia",45.4520419,9.1756524,0
Concerti,04-11-23,2023-11-04,"Via Giuseppe di Vittorio, Milano, MI",Mediolanum Forum di Assago,Il concerto di Annalisa a Milano e dove acquistare i biglietti,https://www.milanotoday.it/eventi/concerto-annalisa-forum-assago-biglietti.html,Musica e vita notturna,"Via Giuseppe Di Vittorio, Cascine Olona, Vighignolo, Settimo Milanese, Milano, Lombardia, 20019, Italia",45.4867995,9.0567603,3
,11-11-23,2023-11-04,"Via Mac Mahon, 16, Milano, MI",Teatro Out Off,Peak Mytikas: una performance di otto ore,https://www.milanotoday.it/eventi/peak-mytikas-on-the-top-of-mount-olympus-una-performance-di-8-ore-troubleyn-jan-fabre.html,Non classificato,"Via Mac Mahon, Villapizzone, Cagnola, Municipio 8 di Milano, Milano, Lombardia, 20155, Italia",45.4950411,9.1565963,10
,05-11-23,2023-11-04,"Via Giuseppe Gabetti, 15, Milano, MI",cascina Torrette - Mare culturale urbano,Workshop e talk con lo street artist millo presso mare culturale urbano,https://www.milanotoday.it/eventi/workshop-e-talk-con-lo-street-artist.html,Non classificato,"Cascina Torrette di Trenno, 15, Via Giuseppe Gabetti, Quartiere Vercellese, Forze Armate, Municipio 7, Milano, Lombardia, 20147, Italia",45.4687457,9.1240256,13
,05-11-23,2023-11-04,"Via Mozart, 14, Milano, MI",Villa Necchi Campiglio,"Colori d'Autunno, a Villa Necchi torna la mostra mercato dei fiori",https://www.milanotoday.it/eventi/mostra-fiori-colori-autunno-fai-villa-necchi.html,Non classificato,"14, Via Wolfgang Amadeus Mozart, Quartiere Boschetto, Trezzano sul Naviglio, Milano, Lombardia, 20090, Italia",45.4159579,9.0475197,3
,04-11-23,2023-11-04,"Via Cicco Simonetta, 14/A, Milano, MI",Germi,Pit Coccato presenta il suo nuovo album,https://www.milanotoday.it/eventi/pit-coccato-presenta-il-suo-nuovo-album-a-milano-pit-coccato.html,Non classificato,"14a, Via Cicco Simonetta, Ticinese, Municipio 1, Milano, Lombardia, 20123, Italia",45.4563299,9.1755968,0
Teatri,12-11-23,2023-11-04,"Via Lodovico Montegani, 35, Milano, MI",Atelier Carlo Colla e Figli,"Hansel e Gretel, spettacolo di marionette",https://www.milanotoday.it/eventi/spettacolo-hansel-e-gretel-marionette.html,Teatro e spettacolo,"Via Lodovico Montegani, Stadera, Municipio 5, Milano, Lombardia, 20136, Italia",45.4311496,9.177589,0
Apertura festiva,04-11-23,2023-11-04,"via Brera, 28, Milano, MI",Pinacoteca di Brera,4 Novembre 2023: ingresso gratuito alla Pinacoteca di Brera,,Inaugurazioni,"Pinacoteca di Brera, 28, Via Brera, Cerchia dei Navigli, Municipio 1, Milano, Lombardia, 20121, Italia",45.4722421,9.1884071,4
Incontro/presentazione,04-11-23,2023-11-04,"via Brera, 28, Milano, MI",Pinacoteca di Brera - Biblioteca Nazionale Braidense di Milano,﻿SULL'APPENNINO di DINO CAMPANA,,Formazione e networking,"Pinacoteca di Brera, 28, Via Brera, Cerchia dei Navigli, Municipio 1, Milano, Lombardia, 20121, Italia",45.4722421,9.1884071,4
,04-11-23,2023-11-04,"Via Marghera, 33, Milano, MI",Gelateria Marghera,Degustazione gratuita alla gelateria Marghera di Milano,https://www.milanotoday.it/eventi/degustazione-gratuita-alla-gelateria-marghera-di-milano.html,Non classificato,"Gelateria Marghera, 33, Via Marghera, Washington, Municipio 7, Milano, Lombardia, 20149, Italia",45.4668877,9.1525401,0
,16-11-23,2023-11-04,"Via Giuseppe Dall'Occo, 1, Milano, MI",Click Art,"Mostra collettiva ""Giocando con il rosso""",https://www.milanotoday.it/eventi/mostra-collettiva-giocando-con-il-rosso.html,Non classificato,"Via Giuseppe Dall'Occo, Cormano, Zona Omogenea Milano Nord, Milano, Lombardia, 20032, Italia",45.5444673,9.1692278,5
Spettacoli,04-11-23,2023-11-04,"via Pier Lombardo,14,20135, Milano, MI,Italia",Franco Parenti - Sala Grande,La vita davanti a sé,https://www.teatro.it/spettacoli/milano/franco-parenti-sala-grande/2023-2024/la-vita-davanti-a-se,Teatro e spettacolo,"Via Pier Lombardo, Porta Romana, Municipio 4, Milano, Lombardia, 20135, Italia",45.4542958,9.2063109,4
,05-11-23,2023-11-05,"Corso Garibaldi, 27, Milano, MI",Corso Giuseppe Garibaldi,Acquari ad arte,https://www.milanotoday.it/eventi/acquari-ad-arte-gruppo-culturale-artisti-di-via-bagutta.html,Non classificato,"27, Corso Giuseppe Garibaldi, Brera, Municipio 1, Milano, Lombardia, 20121, Italia",45.4730231,9.18362,4
,05-11-23,2023-11-05,"Via San Giovanni sul Muro, 2, Milano, MI",Teatro Dal Verme,Milano suona Morricone. Dove acquistare i biglietti del concerto,https://www.milanotoday.it/eventi/concerto-morricone-teatro-dal-verme.html,Non classificato,"2, Via San Giovanni sul Muro, Cerchia dei Navigli, Municipio 1, Milano, Lombardia, 20121, Italia",45.4671162,9.1814924,4
Spettacoli,05-11-23,2023-11-05,"Largo Antonio Greppi,20121, Milano, MI,Italia",Piccolo Teatro - Teatro Strehler,L'arte della commedia,https://www.teatro.it/spettacoli/milano/piccolo-teatro-teatro-strehler/2023-2024/larte-della-commedia,Teatro e spettacolo,"Largo Antonio Greppi, Cerchia dei Navigli, Municipio 1, Milano, Lombardia, 20121, Italia",45.4718248,9.1828857,4
,06-11-23,2023-11-06,"Via Mecenate, 88/A, Milano, MI",East End Studios - Studio Novanta,L'energia di Fritz Kalkbrenner in esclusiva a Milano,https://www.milanotoday.it/eventi/l-energia-di-fritz-kalkbrenner-in-esclusiva-a-milano-fritz-kalkbrenner.html,Non classificato,"Via Mecenate, Mecenate, Municipio 4, Milano, Lombardia, 20059, Italia",45.4548592,9.2455733,2
,09-11-23,2023-11-06,"Via Mac Mahon, 16, Milano, MI",Teatro Out Off,Jan Fabre teaching group,https://www.milanotoday.it/eventi/jan-fabre-teaching-group-jan-fabre-cedric-charron-annabelle-chambon.html,Non classificato,"Via Mac Mahon, Villapizzone, Cagnola, Municipio 8 di Milano, Milano, Lombardia, 20155, Italia",45.4950411,9.1565963,10
,01-12-23,2023-11-06,"Via Eugenio Villoresi, 26, Milano, MI",Teatro Linguaggicreativi,Corpi sul palco,https://www.milanotoday.it/eventi/corpi-sul-palco-andrea-contin.html,Non classificato,"26, Via Eugenio Villoresi, Isola del Bosco, Torretta, Sesto San Giovanni, Zona Omogenea Milano Nord, Milano, Lombardia, 20099, Italia",45.5258217,9.225938,5
,02-12-23,2023-11-06,"Via Eugenio Villoresi, 26, Milano, MI",Teatro Linguaggicreativi,Laura Loriga,https://www.milanotoday.it/eventi/laura-loriga-laura-loriga.html,Non classificato,"26, Via Eugenio Villoresi, Isola del Bosco, Torretta, Sesto San Giovanni, Zona Omogenea Milano Nord, Milano, Lombardia, 20099, Italia",45.5258217,9.225938,5
,07-11-23,2023-11-07,"Via Benigno Crespi, 30, Milano, MI",ACSG Associazione Culturale Studi Grafici,Esplorando l'arte della prospettiva anamorfica,https://www.milanotoday.it/eventi/esplorando-l-arte-della-prospettiva-anamorfica-un-incontro-formativo-con-cuboliquido-maestro-della-decezione-visiva-cuboliquido.html,Non classificato,"30, Via Benigno Crespi, Dergano, Municipio 9, Milano, Lombardia, 20159, Italia",45.5016848,9.1854876,10
,25-11-23,2023-11-07,"Via Brera, 2, Milano, MI",Galleria Ponte Rosso,Paolo Paradiso he-art,https://www.milanotoday.it/eventi/paolo-paradiso-he-art-paolo-paradiso.html,Non classificato,"Valstar, 2, Via Brera, Brera, Milano, Lombardia, 20121, Italia",45.4693543,9.1882354,4
Incontri,07-11-23,2023-11-07,"Via Gaetano de Castillia, 8, Milano, MI",Fondazione Catella,Sclerosi Multipla: a Milano l'evento che mette in dialogo giovani pazienti e esperti,https://www.milanotoday.it/eventi/sclerosi-multipla-milano.html,Formazione e networking,"8, Via Gaetano De Castillia, Isola, Municipio 9, Milano, Lombardia, 20100, Italia",45.4852708,9.1894104,10
,25-11-23,2023-11-08,"Via Evangelista Torricelli, 21, Milano, MI",Corals,Di-segnare. Sognare,https://www.milanotoday.it/eventi/inaugurazione-mostra-di-segnare-sognare.html,Non classificato,"21, Via Evangelista Torricelli, Ravello, Parabiago, Milano, Lombardia, 20015, Italia",45.5574246,8.9394696,1
,08-11-23,2023-11-08,"Piazza della Scala, 2, Milano, MI",Palazzo Marino,Women for society: diritti umani e sostenibilità economica per l’inclusione sociale,https://www.milanotoday.it/eventi/women-for-society-diritti-umani-e-sostenibilita-economica-per-l-inclusione-sociale.html,Non classificato,"Municipio di Milano, 2, Piazza della Scala, Duomo, Brera, Milano, Lombardia, 20121, Italia",45.4666601,9.1904174,4
,08-11-23,2023-11-08,"Via Orti 19, Milano, MI",Punto Einaudi,Gli estranei di Victor Matteucci,https://www.milanotoday.it/eventi/al-punto-einaudi-di-milano-la-presentazione-del-libro-gli-estranei-di-victor-matteucci-victor-matteucci.html,Non classificato,"19, Via Orti, Guastalla, Municipio 1, Milano, Lombardia, 20122, Italia",45.4551419,9.2004732,4
,12-11-23,2023-11-08,"Via Carlo Pisacane, 55, Milano, MI",Ars Antiqua,Secoli di bellezza: le donne nell'arte,https://www.milanotoday.it/eventi/secoli-di-bellezza-le-donne-nell-arte.html,Non classificato,"Via Carlo Pisacane, Buenos Aires - Venezia, Municipio 3, Milano, Lombardia, 20129, Italia",45.4698798,9.2112066,6
,04-11-24,2023-11-08,"Via della Moscova, 18, Milano, MI",LCA Studio Legale,Storie di libertà ritrovata: Letizia Battaglia in mostra,https://www.milanotoday.it/eventi/mostra-letizia-battaglia.html,Non classificato,"18, Via della Moscova, Brera, Municipio 1, Milano, Lombardia, 20121, Italia",45.476242,9.1927262,4
Manifestazioni,09-11-23,2023-11-08,"Via Gattamelata, Milano, MI",Allianz MiCo - Milano Congressi,IAB Forum 2023: ecco i primi Speaker internazionali da cui lasciarsi ispirare,https://www.milanotoday.it/eventi/programma-iab-forum-2023.html,Altri eventi,"Via Gattamelata, Portello, Municipio 8 di Milano, Milano, Lombardia, 20149, Italia",45.4814103,9.1553459,10
,04-11-24,2023-11-08,"Via della Moscova, 18, Milano, MI",LCA Studio Legale,Storie di libertà ritrovata: Letizia Battaglia in mostra,https://www.milanotoday.it/eventi/mostra-letizia-battaglia.html,Non classificato,"18, Via della Moscova, Brera, Municipio 1, Milano, Lombardia, 20121, Italia",45.476242,9.1927262,4
,13-01-24,2023-11-09,"Via Santa Croce, 21, Milano, MI",ABC ARTE ONE OF,Tomas Rajlich: golden times,https://www.milanotoday.it/eventi/tomas-rajlich-golden-times-tomas-rajlich-milano.html,Non classificato,"21, Via Santa Croce, Ticinese, Municipio 1, Milano, Lombardia, 20122, Italia",45.4535237,9.1814159,0
,13-01-24,2023-11-09,"Via Santa Croce, 21, Milano, MI",ABC ARTE ONE OF,Tomas Rajlich: golden times,https://www.milanotoday.it/eventi/tomas-rajlich-golden-times-tomas-rajlich-milano.html,Non classificato,"21, Via Santa Croce, Ticinese, Municipio 1, Milano, Lombardia, 20122, Italia",45.4535237,9.1814159,0
,11-11-23,2023-11-09,"Corso Venezia, 2, Milano, MI",Milano,Wallapop porta a Milano un’installazione d’impatto,https://www.milanotoday.it/eventi/wallapop-porta-a-milano-un-installazione-d-impatto.html,Non classificato,"2, Corso Venezia, Duomo, Brera, Milano, Lombardia, 20121, Italia",45.4670928,9.1982412,4
Incontro/presentazione,09-11-23,2023-11-09,"via Brera, 28, Milano, MI",Pinacoteca di Brera - Biblioteca Nazionale Braidense di Milano,DONAZIONE ARCHIVIO ROBERTO CIACCIO,,Formazione e networking,"Pinacoteca di Brera, 28, Via Brera, Cerchia dei Navigli, Municipio 1, Milano, Lombardia, 20121, Italia",45.4722421,9.1884071,4
,13-01-24,2023-11-09,"Via Santa Croce, 21, Milano, MI",ABC ARTE ONE OF,Tomas Rajlich: golden times,https://www.milanotoday.it/eventi/tomas-rajlich-golden-times-tomas-rajlich.html,Non classificato,"21, Via Santa Croce, Ticinese, Municipio 1, Milano, Lombardia, 20122, Italia",45.4535237,9.1814159,0
,13-01-24,2023-11-09,"Via Santa Croce, 21, Milano, MI",ABC ARTE ONE OF,Tomas Rajlich: golden times,https://www.milanotoday.it/eventi/tomas-rajlich-golden-times-tomas-rajlich.html,Non classificato,"21, Via Santa Croce, Ticinese, Municipio 1, Milano, Lombardia, 20122, Italia",45.4535237,9.1814159,0
,14-12-23,2023-11-09,"Via Maloia, 1, Milano, MI",spazioSERRA,Migrant belonging(s),https://www.milanotoday.it/eventi/migrant-belonging-s-nicolei-buendia-gupit.html,Non classificato,"Via Maloia, Farini, Municipio 9, Milano, Lombardia, 20158, Italia",45.4946286,9.1768212,10
Manifestazioni,12-11-23,2023-11-10,"Via Moncucco, 35, Milano, MI",Superstudio Maxi,"Yoga Festival 2023, lezioni e incontri aperti a tutti",https://www.milanotoday.it/eventi/yoga-fesival-2023.html,Altri eventi,"35, Via Moncucco, San Cristoforo, Municipio 6, Milano, Lombardia, 20143, Italia",45.4388607,9.1668385,0
,12-11-23,2023-11-10,"Via Nino Oxilia, 10, Milano, MI",Cinema Beltrade,"Il doc con i Verdena ""X sempre assenti""",https://www.milanotoday.it/eventi/il-doc-con-i-verdena-x-sempre-assenti-in-sala-al-cinema-beltrade-con-il-regista-francesco-fei.html,Non classificato,"Cinema Beltrade, 10, Via Nino Oxilia, Loreto, Municipio 2, Milano, Lombardia, 20127, Italia",45.4924673,9.214887,6
Teatri,22-11-23,2023-11-10,"Viale dell'Innovazione, 20, Milano, MI",Teatro degli Arcimboldi,"Zelig 2023, la comicità protagonista con Claudio Bisio e Vanessa Incontrada",https://www.milanotoday.it/eventi/zelig-2023-biglietti-arcimboldi.html,Teatro e spettacolo,"20, Viale dell'Innovazione, Bicocca, Municipio 9, Milano, Lombardia, 20125, Italia",45.5148696,9.2135963,5
Concerti,11-11-23,2023-11-10,"Via Giuseppe di Vittorio, Milano, MI",Mediolanum Forum di Assago,Luciano Ligabue in concerto a Milano. Orari e biglietti,https://www.milanotoday.it/eventi/concerto-ligabue-milano-2023.html,Musica e vita notturna,"Via Giuseppe Di Vittorio, Cascine Olona, Vighignolo, Settimo Milanese, Milano, Lombardia, 20019, Italia",45.4867995,9.0567603,3
,11-11-23,2023-11-10,"Viale Bligny, 52, Milano, MI",Teatro Principe,La notte di San Martino,https://www.milanotoday.it/eventi/la-notte-di-san-martino-a-milano-sciacuddhuzziensemble-feat-the-lesionati.html,Non classificato,"52, Viale Bligny, Vigentina, Municipio 5, Milano, Lombardia, 20136, Italia",45.4508352,9.1937791,4
,10-11-23,2023-11-10,"Via Ascanio Sforza, 69, Milano, MI",Art Studio Finestreria,"Fabula, Luisa Elia",https://www.milanotoday.it/eventi/fabula-luisa-elia-21-11-23-luisa-elia.html,Non classificato,"69, Via Ascanio Sforza, Ticinese, Municipio 5, Milano, Lombardia, 20141, Italia",45.4431758,9.1764198,0
,11-11-23,2023-11-11,"Viale Palmiro Togliatti, 105, Milano, MI",Cascina Grande,Cybersecurity: lavoro > diversificazione > inclusione,https://www.milanotoday.it/eventi/cybersecurity-lavoro-diversificazione-inclusione-ri-creazione.html,Non classificato,"Viale Palmiro Togliatti, Locate di Triulzi, Milano, Lombardia, 20085, Italia",45.3552488,9.22056,11
Mostre,01-10-24,2023-11-11,"Via San Vittore, 21, Milano, MI",Museo Nazionale della Scienza e della Tecnologia,L'installazione al Museo della Scienza dove si toccano i colori,https://www.milanotoday.it/eventi/installazione-kaleidoscope-museo-scienza.html,Arte e cultura,"21, Via San Vittore, Magenta - San Vittore, Municipio 1, Milano, Lombardia, 20123, Italia",45.4628946,9.1706462,0
,11-11-23,2023-11-11,"Piazzale Cimitero Monumentale, Milano, MI",Cimitero Monumentale di Milano,Visita guidata al cimitero Monumentale di Milano,https://www.milanotoday.it/eventi/sabato-11-novembre-visita-guidata-al-cimitero-monumentale-di-milano.html,Non classificato,"Piazzale Cimitero Monumentale, Sarpi, Porta Volta, Municipio 8 di Milano, Milano, Lombardia, 20154, Italia",45.4842922,9.1786475,10
Mostre,01-10-24,2023-11-11,"Via San Vittore, 21, Milano, MI",Museo Nazionale della Scienza e della Tecnologia,L'installazione al Museo della Scienza dove si toccano i colori,https://www.milanotoday.it/eventi/installazione-kaleidoscope-museo-scienza.html,Arte e cultura,"21, Via San Vittore, Magenta - San Vittore, Municipio 1, Milano, Lombardia, 20123, Italia",45.4628946,9.1706462,0
,12-11-23,2023-11-11,"Viale Giacomo Matteotti, 27, Milano, MI",Teatro Giovanni XXIII,La scala Shepard,https://www.milanotoday.it/eventi/la-scala-shepard-la-silloge.html,Non classificato,"27c, Viale Giacomo Matteotti, Cusano, Cusano Milanino, Zona Omogenea Milano Nord, Milano, Lombardia, 20095, Italia",45.5503549,9.1824655,5
Mostre,11-11-23,2023-11-11,"Via Circonvallazione Idroscalo, Milano, MI",Circolo Magnolia,La serata dedicata agli anni 2000 al Magnolia,https://www.milanotoday.it/eventi/festa-anni-2000-circolo-magnolia.html,Arte e cultura,"Via Circonvallazione Idroscalo, Redecesio, Novegro, Segrate, Milano, Lombardia, 20054, Italia",45.469716,9.2854959,2
,11-11-23,2023-11-11,"Via Edmondo de Amicis, 6, Milano, MI",Centro ricreativo Rhodense,"Noemi crack bang, il libro inchiesta sul mondo degli invisibili",https://www.milanotoday.it/eventi/noemi-crack-bang-il-libro-inchiesta-sul-mondo-degli-invisibili-la-presentazione-sabato-11-novembre-al-centro-ricreativo-di-rho-noemi-crack-bang.html,Non classificato,"6, Via Edmondo De Amicis, Maliano, Lucernate, Rho, Milano, Lombardia, 20017, Italia",45.5295085,9.0397759,8
Disco&Feste,11-11-23,2023-11-11,"Via Gaudenzio Fantoli, 9, Milano, MI",FABRIQUE,"La super festa ""a caso"" al Fabrique",https://www.milanotoday.it/eventi/festa-random-fabrique.html,Musica e vita notturna,"Fabrique, 9, Via Gaudenzio Fantoli, Mecenate, Municipio 4, Milano, Lombardia, 20138, Italia",45.4521243,9.2522773,2
,11-11-23,2023-11-11,"Via Alessandro Tadino, 20, Milano, MI",Galleria d'Arte Cabinet,Stazioni letterarie: destinazioni d'autore,https://www.milanotoday.it/eventi/stazioni-letterarie-destinazioni-d-autore-l-evento-letterario-da-non-perdere-nella-raffinata-cornice-della-galleria-d-arte-cabinet-a-milano-another-coffee-stories.html,Non classificato,"Galleria Giò Marconi, 20, Via Alessandro Tadino, Buenos Aires - Venezia, Municipio 3, Milano, Lombardia, 20124, Italia",45.4789476,9.2076281,6
,11-11-23,2023-11-11,"Via Sant'Uguzzone, 8, Milano, MI",Casa dei Giochi,Total party kon,https://www.milanotoday.it/eventi/total-party-kon.html,Non classificato,"Casa dei Giochi, 8, Via Sant'Uguzzone, Viale Monza, Municipio 2, Milano, Lombardia, 20126, Italia",45.5210885,9.2259917,5
Manifestazioni,31-12-23,2023-11-11,"Via Pio la Torre, 9, Milano, MI",Centro Giardinaggio di Vimodrone,Il Villaggio di Natale alle porte di Milano,https://www.milanotoday.it/eventi/villaggio-natale-garden-steflor.html,Altri eventi,"9, Via Pio La Torre, Pozzuolo Martesana, Milano, Lombardia, 20060, Italia",45.5139753,9.4468584,12
,11-11-23,2023-11-11,"Via Fezzan, 11, Milano, MI",Ecoteatro,L’odissea – una vera troyata. 10° anniversario per il musical parodia di thomas centaro,https://www.milanotoday.it/eventi/l-odissea-una-vera-troyata.html,Non classificato,"EcoTeatro, 11, Via Fezzan, Bande Nere, Municipio 6, Milano, Lombardia, 20146, Italia",45.4592109,9.1459527,0
,17-11-23,2023-11-11,"Via Quintino Sella, 4, Milano, MI",Museo d'Arte e Scienza,Aquars III,https://www.milanotoday.it/eventi/aquars-iii.html,Non classificato,"Museo d'arte e scienza, 4, Via Quintino Sella, Cerchia dei Navigli, Municipio 1, Milano, Lombardia, 20121, Italia",45.47025,9.182454,4
,12-11-23,2023-11-12,"Via Antonio Pacinotti, 4, Milano, MI",MOU,La musica spiegata ai bambini,https://www.milanotoday.it/eventi/la-musica-spiegata-ai-bambini-il-jazz.html,Non classificato,"4, Via Antonio Pacinotti, Quartiere Campetto, Trezzano sul Naviglio, Milano, Lombardia, 20090, Italia",45.4302517,9.0598381,3
,12-11-23,2023-11-12,"Piazza Francesco Carrara, 17, Milano, MI",Centro Asteria,"La lirica in periferia, sesta edizione: concerto gratuito al Centro Asteria",https://www.milanotoday.it/eventi/la-lirica-in-periferia-sesta-edizione-concerto-gratuito-al-centro-asteria-soprano-ekaterina-adamova-tenore-vitaliy-kovalchuk-baritono-valerio-sgargi-pianoforte-maestro-loris-peverada.html,Non classificato,"17, Piazza Francesco Carrara, Stadera, Municipio 5, Milano, Lombardia, 20136, Italia",45.4369245,9.1761088,0
,13-11-23,2023-11-13,"Via Laghetto, 2, Milano, MI",Chiamamilano,"Cani e gatti, l’amore oltre le differenze",https://www.milanotoday.it/eventi/cani-e-gatti-l-amore-oltre-le-differenze-maria-giovanna-farina-filosofa.html,Non classificato,"Chiamamilano, 2, Via Laghetto, Duomo, Brera, Milano, Lombardia, 20122, Italia",45.4614842,9.195516,4
,13-11-23,2023-11-13,"Via Alessandro Manzoni, 42, Milano, MI",Teatro Manzoni,Canzoni & risate: lo spettacolo benefico,https://www.milanotoday.it/eventi/13-novembre-teatro-manzoni-canzoni-risate-lo-spettacolo-benefico-organizzato-dall-associazione-centro-dino-ferrari-ets-per-raccogliere-fondi-a-sostegno-della-ricerca-scientifica-valentina-persia-ernesto-maria-ponte-leslie-sackey-rudy.html,Non classificato,"Teatro Manzoni, 42, Via Alessandro Manzoni, Cerchia dei Navigli, Municipio 1, Milano, Lombardia, 20121, Italia",45.4710286,9.1944762,4
,15-01-24,2023-11-13,"Via Carroccio 6, Milano, MI",Carroccio6,Arte per la world toilet day 2023,https://www.milanotoday.it/eventi/arte-per-la-world-toilet-day-2023.html,Non classificato,"Ambrosia Daily Spa, 6, Via Carroccio, Magenta - San Vittore, Municipio 1, Milano, Lombardia, 20123, Italia",45.4606612,9.1735531,0
,13-11-23,2023-11-13,"Via Pier Lombardo, 1, Milano, MI",Teatro Franco Parenti,Affamati di futuro unplugged,https://www.milanotoday.it/eventi/affamati-di-futuro-unplugged.html,Non classificato,"Via Pier Lombardo, Porta Romana, Municipio 4, Milano, Lombardia, 20135, Italia",45.4542958,9.2063109,4
,15-01-24,2023-11-13,"Via Carroccio 6, Milano, MI",Carroccio6,Arte per la world toilet day 2023,https://www.milanotoday.it/eventi/arte-per-la-world-toilet-day-2023.html,Non classificato,"Ambrosia Daily Spa, 6, Via Carroccio, Magenta - San Vittore, Municipio 1, Milano, Lombardia, 20123, Italia",45.4606612,9.1735531,0
,13-11-23,2023-11-13,"Piazza Tre Torri, 1l, Milano, MI",Cinema CityLife Anteo,L’Ocean film festival tour Italia approda a Milano,https://www.milanotoday.it/eventi/l-ocean-film-festival-tour-italia-approda-a-milano-una-serata-che-celebra-le-meraviglie-degli-oceani-del-mondo-comodamente-seduti-al-cinema.html,Non classificato,"Piazza Stefano Ghezzi, Tre Torri, Cernusco sul Naviglio, Milano, Lombardia, 20063, Italia",45.5174185,9.3254424,7
,19-11-23,2023-11-14,"Via Mac Mahon, 16, Milano, MI",Teatro Out Off,I monologhi dell’atomica,https://www.milanotoday.it/eventi/i-monologhi-dell-atomica-elena-arvigo.html,Non classificato,"Via Mac Mahon, Villapizzone, Cagnola, Municipio 8 di Milano, Milano, Lombardia, 20155, Italia",45.4950411,9.1565963,10
,22-12-23,2023-11-14,"Via Vincenzo Forcella, 7, Milano, MI",ESH Gallery,Tensioni superficiali,https://www.milanotoday.it/eventi/tensioni-superficiali.html,Non classificato,"Via Vincenzo Forcella, Tortona, Municipio 6, Milano, Lombardia, 20144, Italia",45.452594,9.1673964,0
,25-11-23,2023-11-14,"Via Santa Maria Valle, 2, Milano, MI",MA-EC Gallery,Wonderart: la meraviglia dell'arte e l'espansione della prospettiva umana,https://www.milanotoday.it/eventi/wonderart-la-meraviglia-dell-arte-e-l-espansione-della-prospettiva-umana.html,Non classificato,"Fondazione Alessandro Durini, 2, Via Santa Maria Valle, Cerchia dei Navigli, Municipio 1, Milano, Lombardia, 20123, Italia",45.4600544,9.1838916,4
,15-11-23,2023-11-15,"Via Gottlieb Wilhelm Daimler, Milano, MI",Merlata Bloom,Grande apertura a Milano: dove e quando trovare imperdibili offerte sui prodotti tecnologici,https://www.milanotoday.it/eventi/apertura-juice-merlata-bloom-apple.html,Non classificato,"Via Gottlieb Wilhelm Daimler, Maggiore - Musocco, Cascina Merlata, Municipio 8 di Milano, Milano, Lombardia, 20016, Italia",45.5092369,9.0998402,13
Inaugurazioni,15-11-23,2023-11-15,"Via Gottlieb Wilhelm Daimler, Milano, MI",Merlata Bloom Milano,Al nuovo Lifestyle Center di Merlata Bloom uno store di elettronica con prodotti e offerte imbattibili,https://www.milanotoday.it/eventi/elettronica-inaugurazione-merlata.html,Inaugurazioni,"Via Gottlieb Wilhelm Daimler, Maggiore - Musocco, Cascina Merlata, Municipio 8 di Milano, Milano, Lombardia, 20016, Italia",45.5092369,9.0998402,13
,15-11-23,2023-11-15,"Galleria Vittorio Emanuele II, 12, Milano, MI",Libreria Bocca,Un anno di rinascimento poetico in libreria Bocca,https://www.milanotoday.it/eventi/un-anno-di-rinascimento-poetico-in-libreria-bocca-rinascimento-poetico.html,Non classificato,"Libreria Bocca, 12, Galleria Vittorio Emanuele Secondo, Duomo, Municipio 1, Milano, Lombardia, 20121, Italia",45.4651429,9.1901652,4
Cinema,15-11-23,2023-11-15,"Via Gottlieb Wilhelm Daimler, Milano, MI",Notorious Cinemas Merlata Bloom Milano,Nasce a Milano il tempio di ultima generazione dedicato al Cinema,https://www.milanotoday.it/eventi/cinema-multisala-milano.html,Arte e cultura,"Via Gottlieb Wilhelm Daimler, Maggiore - Musocco, Cascina Merlata, Municipio 8 di Milano, Milano, Lombardia, 20016, Italia",45.5092369,9.0998402,13
,15-11-23,2023-11-15,"Via Gottlieb Wilhelm Daimler, Milano, MI",Merlata Bloom,Grande apertura a Milano: dove e quando trovare imperdibili offerte sui prodotti tecnologici,https://www.milanotoday.it/eventi/apertura-juice-merlata-bloom-apple.html,Non classificato,"Via Gottlieb Wilhelm Daimler, Maggiore - Musocco, Cascina Merlata, Municipio 8 di Milano, Milano, Lombardia, 20016, Italia",45.5092369,9.0998402,13
,15-11-23,2023-11-15,"Via Valtellina, 21, Milano, MI",Gate,Wendy night & emo night presentano Milano da urlare,https://www.milanotoday.it/eventi/wendy-night-emo-night-presentano-milano-da-urlare.html,Non classificato,"Gate, 21, Via Valtellina, Isola, Municipio 9, Milano, Lombardia, 20159, Italia",45.4943778,9.1819083,10
Cinema,15-11-23,2023-11-15,"Via Gottlieb Wilhelm Daimler, Milano, MI",Notorious Cinemas Merlata Bloom Milano,Nasce a Milano il tempio di ultima generazione dedicato al Cinema,https://www.milanotoday.it/eventi/cinema-multisala-milano.html,Arte e cultura,"Via Gottlieb Wilhelm Daimler, Maggiore - Musocco, Cascina Merlata, Municipio 8 di Milano, Milano, Lombardia, 20016, Italia",45.5092369,9.0998402,13
Cinema,15-11-23,2023-11-15,"Via Gottlieb Wilhelm Daimler, Milano, MI",Notorious Cinemas Merlata Bloom Milano,Nasce a Milano il tempio di ultima generazione dedicato al Cinema,https://www.milanotoday.it/eventi/cinema-multisala-milano.html,Arte e cultura,"Via Gottlieb Wilhelm Daimler, Maggiore - Musocco, Cascina Merlata, Municipio 8 di Milano, Milano, Lombardia, 20016, Italia",45.5092369,9.0998402,13
,15-11-23,2023-11-15,"Piazza Leonardo da Vinci, 32, Milano, MI",Aula De Donato,Ilaria Li Vigni: incontro con l'autore,https://www.milanotoday.it/eventi/incontro-con-l-autore-ilaria-li-vigni.html,Non classificato,"32, Piazza Leonardo da Vinci, Città Studi, Municipio 3, Milano, Lombardia, 20133, Italia",45.4778083,9.2272468,6
Cinema,15-11-23,2023-11-15,"Via Gottlieb Wilhelm Daimler, Milano, MI",Notorious Cinemas Merlata Bloom Milano,Nasce a Milano il tempio di ultima generazione dedicato al Cinema,https://www.milanotoday.it/eventi/cinema-multisala-milano.html,Arte e cultura,"Via Gottlieb Wilhelm Daimler, Maggiore - Musocco, Cascina Merlata, Municipio 8 di Milano, Milano, Lombardia, 20016, Italia",45.5092369,9.0998402,13
,15-11-23,2023-11-15,"Via Gottlieb Wilhelm Daimler, Milano, MI",Merlata Bloom,Grande apertura a Milano: dove e quando trovare imperdibili offerte sui prodotti tecnologici,https://www.milanotoday.it/eventi/apertura-juice-merlata-bloom-apple.html,Non classificato,"Via Gottlieb Wilhelm Daimler, Maggiore - Musocco, Cascina Merlata, Municipio 8 di Milano, Milano, Lombardia, 20016, Italia",45.5092369,9.0998402,13
,15-11-23,2023-11-15,"Via Mac Mahon, 16, Milano, MI",Teatro Out Off,Incontro con Jan Fabre,https://www.milanotoday.it/eventi/incontro-con-jan-fabre-mercoledi-15-novembre-ore-17-00-teatro-out-off-jan-fabre.html,Non classificato,"Via Mac Mahon, Villapizzone, Cagnola, Municipio 8 di Milano, Milano, Lombardia, 20155, Italia",45.4950411,9.1565963,10
,15-11-23,2023-11-15,"Via Gottlieb Wilhelm Daimler, Milano, MI",Merlata Bloom,Grande apertura a Milano: dove e quando trovare imperdibili offerte sui prodotti tecnologici,https://www.milanotoday.it/eventi/apertura-juice-merlata-bloom-apple.html,Non classificato,"Via Gottlieb Wilhelm Daimler, Maggiore - Musocco, Cascina Merlata, Municipio 8 di Milano, Milano, Lombardia, 20016, Italia",45.5092369,9.0998402,13
Inaugurazioni,15-11-23,2023-11-15,"Via Gottlieb Wilhelm Daimler, Milano, MI",Merlata Bloom Milano,Al nuovo Lifestyle Center di Merlata Bloom uno store di elettronica con prodotti e offerte imbattibili,https://www.milanotoday.it/eventi/elettronica-inaugurazione-merlata.html,Inaugurazioni,"Via Gottlieb Wilhelm Daimler, Maggiore - Musocco, Cascina Merlata, Municipio 8 di Milano, Milano, Lombardia, 20016, Italia",45.5092369,9.0998402,13
Inaugurazioni,15-11-23,2023-11-15,"Via Gottlieb Wilhelm Daimler, Milano, MI",Merlata Bloom Milano,Al nuovo Lifestyle Center di Merlata Bloom uno store di elettronica con prodotti e offerte imbattibili,https://www.milanotoday.it/eventi/elettronica-inaugurazione-merlata.html,Inaugurazioni,"Via Gottlieb Wilhelm Daimler, Maggiore - Musocco, Cascina Merlata, Municipio 8 di Milano, Milano, Lombardia, 20016, Italia",45.5092369,9.0998402,13
Inaugurazioni,15-11-23,2023-11-15,"Via Gottlieb Wilhelm Daimler, Milano, MI",Merlata Bloom Milano,Al nuovo Lifestyle Center di Merlata Bloom uno store di elettronica con prodotti e offerte imbattibili,https://www.milanotoday.it/eventi/elettronica-inaugurazione-merlata.html,Inaugurazioni,"Via Gottlieb Wilhelm Daimler, Maggiore - Musocco, Cascina Merlata, Municipio 8 di Milano, Milano, Lombardia, 20016, Italia",45.5092369,9.0998402,13
Inaugurazioni,15-11-23,2023-11-15,"Via Gottlieb Wilhelm Daimler, Milano, MI",Merlata Bloom Milano,Al nuovo Lifestyle Center di Merlata Bloom uno store di elettronica con prodotti e offerte imbattibili,https://www.milanotoday.it/eventi/elettronica-inaugurazione-merlata.html,Inaugurazioni,"Via Gottlieb Wilhelm Daimler, Maggiore - Musocco, Cascina Merlata, Municipio 8 di Milano, Milano, Lombardia, 20016, Italia",45.5092369,9.0998402,13
,15-11-23,2023-11-15,"Via Gottlieb Wilhelm Daimler, Milano, MI",Merlata Bloom,Grande apertura a Milano: dove e quando trovare imperdibili offerte sui prodotti tecnologici,https://www.milanotoday.it/eventi/apertura-juice-merlata-bloom-apple.html,Non classificato,"Via Gottlieb Wilhelm Daimler, Maggiore - Musocco, Cascina Merlata, Municipio 8 di Milano, Milano, Lombardia, 20016, Italia",45.5092369,9.0998402,13
Cinema,15-11-23,2023-11-15,"Via Gottlieb Wilhelm Daimler, Milano, MI",Notorious Cinemas Merlata Bloom Milano,Nasce a Milano il tempio di ultima generazione dedicato al Cinema,https://www.milanotoday.it/eventi/cinema-multisala-milano.html,Arte e cultura,"Via Gottlieb Wilhelm Daimler, Maggiore - Musocco, Cascina Merlata, Municipio 8 di Milano, Milano, Lombardia, 20016, Italia",45.5092369,9.0998402,13
,02-02-24,2023-11-16,"Via Goito, 7, Milano, MI",Mimmo Scognamiglio Artecontemporanea,"S'avreschida de su sambene, sas istellas de su coro",https://www.milanotoday.it/eventi/giuseppe-mulas-s-avreschida-de-su-sambene-sas-istellas-de-su-coro-giuseppe-mulas.html,Non classificato,"7, Via Goito, Brera, Municipio 1, Milano, Lombardia, 20121, Italia",45.4744679,9.1893463,4
,11-12-23,2023-11-16,"Via San Fermo, 19, Milano, MI",Spazio HUS,In mostra a Milano le opere di le Sauvage Décorateur,https://www.milanotoday.it/eventi/in-mostra-a-milano-le-opere-di-le-sauvage-decorateur-le-sauvage-decorateur.html,Non classificato,"Via San Fermo, Baggio, Municipio 7, Villaggio Cavour, Settimo Milanese, Milano, Lombardia, 20019, Italia",45.4630575,9.0747604,3
,16-11-23,2023-11-16,"Viale dell'Innovazione, 3, Milano, MI",BiM-dove Bicocca incontra Milano,"Bookcity: una serata dedicata  all’illustrazione, all’arte e alla fotografia",https://www.milanotoday.it/eventi/in-occasione-della-12-edizione-di-bookcity-milano-giovedi-16-novembre-bim-ospita-una-serata-dedicata-all-illustrazione-all-arte-e-alla-fotografia-the-milaneser-fermacampione-specific.html,Non classificato,"3, Viale dell'Innovazione, Bicocca, Municipio 9, Milano, Lombardia, 20126, Italia",45.512096,9.2113367,5
Incontri,19-11-23,2023-11-16,"Via Giovanni Battista Sammartini, 2, Milano, MI",Mercato Centrale Milano,"BookCity, a Milano l'iniziativa culturale che unisce viaggio, cibo e cultura",https://www.milanotoday.it/eventi/bookcity-mercato-centrale.html,Formazione e networking,"2, Via Giovanni Battista Sammartini, Centrale, Municipio 2, Milano, Lombardia, 20125, Italia",45.4906477,9.2074972,6
Auto e moto,16-11-23,2023-11-16,"Via dei Missaglia, 89, Milano, MI",Mocauto,Da Mocauto una serata dedicata alla nuova MG Cyberster,https://www.milanotoday.it/eventi/MG-Cyberster-mocauto.html,Altri eventi,"89, Via dei Missaglia, Gratosoglio - Ticinello, Municipio 5, Milano, Lombardia, 20142, Italia",45.4139539,9.1753377,0
Incontri,16-11-23,2023-11-16,"Via Magolfa, 30, Milano, MI",Casa Museo di Alda Merini,Ranuccio Bastoni presenta il suo libro dedicato ai mitici anni '60,https://www.milanotoday.it/eventi/presentazione-libro-ranuccio-bastoni.html,Formazione e networking,"Via Magolfa, Navigli, Municipio 6, Milano, Lombardia, 20136, Italia",45.4508604,9.1765214,0
,16-12-23,2023-11-16,"Via Benedetto Marcello, 46, Milano, MI",Galleria Manifiesto Blanco,Mostra sacri legni Shoko Okumura,https://www.milanotoday.it/eventi/mostra-sacri-legni-shoko-okumura-manifiesto-blanco-shoko-okumura.html,Non classificato,"Manifiesto Blanco, 46, Via Benedetto Marcello, Buenos Aires - Venezia, Municipio 3, Milano, Lombardia, 20124, Italia",45.4830737,9.2106807,6
,30-03-24,2023-11-16,"Via Gerolamo Tiraboschi, 2, Milano, MI",c|e contemporary,Giulia Del Mastio: in soggettiva,https://www.milanotoday.it/eventi/giulia-del-mastio-in-soggettiva-giulia-del-mastio.html,Non classificato,"2, Via Gerolamo Tiraboschi, Porta Romana, Municipio 4, Milano, Lombardia, 20135, Italia",45.4520144,9.2086223,4
,30-03-24,2023-11-16,"Via Gerolamo Tiraboschi, 2, Milano, MI",c|e contemporary,Giulia Del Mastio: in soggettiva,https://www.milanotoday.it/eventi/giulia-del-mastio-in-soggettiva-giulia-del-mastio.html,Non classificato,"2, Via Gerolamo Tiraboschi, Porta Romana, Municipio 4, Milano, Lombardia, 20135, Italia",45.4520144,9.2086223,4
,02-02-24,2023-11-16,"Via Goito, 7, Milano, MI",Mimmo Scognamiglio Artecontemporanea,"S'avreschida de su sambene, sas istellas de su coro",https://www.milanotoday.it/eventi/giuseppe-mulas-s-avreschida-de-su-sambene-sas-istellas-de-su-coro-giuseppe-mulas.html,Non classificato,"7, Via Goito, Brera, Municipio 1, Milano, Lombardia, 20121, Italia",45.4744679,9.1893463,4
,16-11-23,2023-11-16,"Via Fratelli Zoia, 89, Milano, MI",Spazio Teatro 89,Questionario per anime buone,https://www.milanotoday.it/eventi/questionario-per-anime-buone-in-prima-nazionale-allo-spazio-teatro-89-gaia-magni-elena-ferri-elisa-pastore.html,Non classificato,"Via Fratelli Zoia, La Viridiana, Forze Armate, Municipio 7, Milano, Lombardia, 20152, Italia",45.460948,9.1108287,13
,17-11-23,2023-11-16,"Via Giovenale, 7, Milano, MI",Al Cortile,"r|w refractions: colore, riflessi e rifrazione per celebrare il vino",https://www.milanotoday.it/eventi/r-w-refractions-colore-riflessi-e-rifrazione-per-celebrare-il-vino-attraverso-la-luce-e-le-cromie-dei-piatti-di-al-cortile-a-milano.html,Non classificato,"7, Via Giovenale, Ticinese, Municipio 5, Milano, Lombardia, 20136, Italia",45.4495933,9.1846482,0
,19-11-23,2023-11-16,"Via Bergognone, 34, Milano, MI",BASE Milano,PhotoVogue festival,https://www.milanotoday.it/eventi/photovogue-festival-novembre.html,Non classificato,"Wikimedia Italia, 34, Via Bergognone Da Fossano, Tortona, Municipio 6, Milano, Lombardia, 20144, Italia",45.4518657,9.1625146,0
,16-11-23,2023-11-16,"Viale Bligny, 52, Milano, MI",Teatro PRINCIPE,Little big in Italia,https://www.milanotoday.it/eventi/little-big-in-italia-little-big.html,Non classificato,"52, Viale Bligny, Vigentina, Municipio 5, Milano, Lombardia, 20136, Italia",45.4508352,9.1937791,4
,02-12-23,2023-11-17,"Via Lodovico Settala, 41, Milano, MI",Theoria - Warehouse,Prehistoric wave di Andrea Benetti,https://www.milanotoday.it/eventi/prehistoric-wave-di-andrea-benetti-andrea-benetti.html,Non classificato,"Via Lodovico Settala, Buenos Aires - Venezia, Municipio 3, Milano, Lombardia, 20124, Italia",45.4799746,9.2056333,6
,19-11-23,2023-11-17,"Via dell'Aprica, 16, Milano, MI",Ninfa Labs,Waterless: la mostra che si sgretola come i nostri ecosistemi senza acqua,https://www.milanotoday.it/eventi/la-mostra-che-si-sgretola-come-i-nostri-ecosistemi-senza-acqua-scopri-waterless-lucas-bruggemann-e-kilian-van-der-velden.html,Non classificato,"16, Via dell'Aprica, Farini, Municipio 9, Milano, Lombardia, 20159, Italia",45.4939331,9.1791765,10
,19-11-23,2023-11-17,"Piazza Tre Torri, 1l, Milano, MI",CityLife Anteo,National geographic fest 2023,https://www.milanotoday.it/eventi/national-geographic-fest-2023.html,Non classificato,"Piazza Stefano Ghezzi, Tre Torri, Cernusco sul Naviglio, Milano, Lombardia, 20063, Italia",45.5174185,9.3254424,7
,17-11-23,2023-11-17,"Via Eugenio Villoresi, 26, Milano, MI",Teatro Linguaggicreativi,"Il cuore, la milza, il lago",https://www.milanotoday.it/eventi/il-cuore-la-milza-il-lago-vittorio-borsari.html,Non classificato,"26, Via Eugenio Villoresi, Isola del Bosco, Torretta, Sesto San Giovanni, Zona Omogenea Milano Nord, Milano, Lombardia, 20099, Italia",45.5258217,9.225938,5
,17-11-23,2023-11-17,"Via Pisanello, 1, Milano, MI",Centro Culturale Rosetum,Jussi Fredriksson trio al Rosetum jazz festival,https://www.milanotoday.it/eventi/jussi-fredriksson-trio-rosetum-jazz-festival-6-jussi-fredriksson-trio.html,Non classificato,"Via Pisanello, Bande Nere, Municipio 7, Milano, Lombardia, 20148, Italia",45.4672182,9.140416,13
,18-11-23,2023-11-18,"Via Brera, 28, Milano, MI",Biblioteca Nazionale Braidense,“Cara adozione 2 – lettere per conoscere l’adozione e progettare una società accogliente”,https://www.milanotoday.it/eventi/cara-adozione-2023.html,Non classificato,"Pinacoteca di Brera, 28, Via Brera, Cerchia dei Navigli, Municipio 1, Milano, Lombardia, 20121, Italia",45.4722421,9.1884071,4
,19-11-23,2023-11-18,"Via Moncucco, 35, Milano, MI",SUPERSTUDIO MAXI,Arriva a Milano Entraingioco: la festa dei giochi da tavolo,https://www.milanotoday.it/eventi/arriva-a-milano-entraingioco-la-festa-dei-giochi-da-tavolo-erno-rubik.html,Non classificato,"35, Via Moncucco, San Cristoforo, Municipio 6, Milano, Lombardia, 20143, Italia",45.4388607,9.1668385,0
Concerti,18-11-23,2023-11-18,"Via Giuseppe di Vittorio, Milano, MI",Mediolanum Forum di Assago,Mr. Rain in concerto a Milano (e dove acquistare i biglietti),https://www.milanotoday.it/eventi/concerto-mr-rain-mediolanum-forum-assago.html,Musica e vita notturna,"Via Giuseppe Di Vittorio, Cascine Olona, Vighignolo, Settimo Milanese, Milano, Lombardia, 20019, Italia",45.4867995,9.0567603,3
Auto e moto,19-11-23,2023-11-18,"Via dei Missaglia, 89, Milano, MI",Mocauto Center,Da Mocauto il weekend dedicato al lancio di Fiat 600 con test drive gratuiti sulla gamma elettrica,https://www.milanotoday.it/eventi/audition-gazzetta-motori.html,Altri eventi,"89, Via dei Missaglia, Gratosoglio - Ticinello, Municipio 5, Milano, Lombardia, 20142, Italia",45.4139539,9.1753377,0
Mostre,07-04-24,2023-11-18,"Via Giulio Cesare Procaccini, Milano, MI",Fabbrica del Vapore,Jean Tinguely a Milano,https://www.milanotoday.it/eventi/tinguely-milano-2023.html,Arte e cultura,"Via Giulio Cesare Procaccini, Bullona, Porta Volta, Municipio 8 di Milano, Milano, Lombardia, 20154, Italia",45.4838783,9.1755509,10
Disco&Feste,18-11-23,2023-11-18,"Via Gaudenzio Fantoli, 9, Milano, MI",FABRIQUE,Gli Eiffel 65 in concerto a Milano,https://www.milanotoday.it/eventi/concerto-eiffel-65-fabrique.html,Musica e vita notturna,"Fabrique, 9, Via Gaudenzio Fantoli, Mecenate, Municipio 4, Milano, Lombardia, 20138, Italia",45.4521243,9.2522773,2
Manifestazioni,07-01-24,2023-11-18,"Via Luigi Granelli, 1, Milano, MI",Carroponte,Il Villaggio di Natale a due passi da Milano (e con un milione di luci colorate),https://www.milanotoday.it/eventi/villaggio-natale-carroponte.html,Altri eventi,"Carroponte, 1, Via Luigi Granelli, Rondò, Torretta, Sesto San Giovanni, Zona Omogenea Milano Nord, Milano, Lombardia, 20099, Italia",45.529574,9.2209217,5
,18-11-23,2023-11-18,"Piazza Castello, Milano, MI",Castello Sforzesco Biblioteca d’Arte,Mimmo Rotella e l'integrazione delle arti e delle scienze,https://www.milanotoday.it/eventi/mimmo-rotella-e-l-integrazione-delle-arti-e-delle-scienze-fabrizio-citton-e-fabiola-giancotti.html,Non classificato,"Piazza Castello, Cerchia dei Navigli, Municipio 1, Milano, Lombardia, Italia",45.4704699,9.1819129,4
Manifestazioni,07-01-24,2023-11-18,"Via Palestro, Milano, MI",Giardini Indro Montanelli,Il Villaggio delle Meraviglie porta il Natale in città,https://www.milanotoday.it/eventi/villaggio-delle-meraviglie-natale-2023.html,Altri eventi,"Via Palestro, Giardini Porta Venezia, Municipio 1, Milano, Lombardia, 20219, Italia",45.4722109,9.2017814,4
,18-11-23,2023-11-18,"Via Zambeletti, 4, Milano, MI",Officina Dalla Corte,Porte aperte in Officina dalla Corte,https://www.milanotoday.it/eventi/porte-aperte-in-officina-dalla-corte-andrea-antonelli.html,Non classificato,"Via Leopoldo Zambeletti, Belgioioso, Baranzate, Milano, Lombardia, 20021, Italia",45.5266979,9.1023063,8
,18-11-23,2023-11-18,"Via Clerici, 10, Milano, MI",Circolo Filologico Milanese,Favole che parlano di pace...,https://www.milanotoday.it/eventi/favole-che-parlano-di-pace-lucia-spezzano-e-piero-tonin.html,Non classificato,"10, Via Clerici, Brera, Municipio 1, Milano, Lombardia, 20121, Italia",45.4672554,9.1870791,4
,19-11-23,2023-11-18,"Via Enrico Caviglia, 3, Milano, MI",Istituto Italiano di Fotografia,Photography books & zines reviews,https://www.milanotoday.it/eventi/photography-books-zines-reviews.html,Non classificato,"3, Via Enrico Caviglia, Lodi - Corvetto, Municipio 4, Milano, Lombardia, 20139, Italia",45.4436084,9.2298198,2
,25-11-23,2023-11-18,"Via Ugo Guido Mondolfo, 7, Milano, MI",ICS MEDRE TERESA DI CALCUTTA,Gli alunni dell’Ics Madre Teresa di Calcutta contro la violenza sulle donne,https://www.milanotoday.it/eventi/gli-alunni-dell-ics-madre-teresa-di-calcutta-di-milano-contro-la-violenza-sulle-donne-gli-alunni-dell-ics-madre-teresa-di-calcutta.html,Non classificato,"7, Via Ugo Guido Mondolfo, Mecenate, Municipio 4, Milano, Lombardia, 20138, Italia",45.4475971,9.2534076,2
Incontro/presentazione,18-11-23,2023-11-18,"via Brera, 28, Milano, MI",Pinacoteca di Brera - Biblioteca Nazionale Braidense di Milano,CARA ADOZIONE 2,,Formazione e networking,"Pinacoteca di Brera, 28, Via Brera, Cerchia dei Navigli, Municipio 1, Milano, Lombardia, 20121, Italia",45.4722421,9.1884071,4
,18-11-23,2023-11-18,"Piazza Tirana, 32, Milano, MI",Nuova Acropoli,Workshop di teatro e filosofia,https://www.milanotoday.it/eventi/workshop-di-teatro-e-filosofia-paola-bafile.html,Non classificato,"Piazza Tirana, Giambellino, Municipio 6, Milano, Lombardia, 20147, Italia",45.4432775,9.1304013,0
,18-11-23,2023-11-18,"Via Larga, Milano, MI",Teatro Lirico Giorgio Gaber,"Daniele Tinti live con il suo ""Crossover""",https://www.milanotoday.it/eventi/daniele-tinti-live-con-il-suo-crossover-il-18-novembre-al-teatro-lirico-giorgio-gaber-daniele-tinti.html,Non classificato,"Via Larga, Duomo, Municipio 1, Milano, Lombardia, 20122, Italia",45.4623893,9.1938637,4
,18-11-23,2023-11-18,"Piazza Cincinnato, 6, Milano, MI",Equipe Logodinamica,Parola e musica per raggiungere i tuoi sogni,https://www.milanotoday.it/eventi/parola-e-musica-per-raggiungere-i-tuoi-sogni-con-f-caramagna-t-camargo-guarnieri-e-e-caruso-fabrizio-caramagna-tania-camargo-guarnieri-e-enrico-caruso.html,Non classificato,"Piazza Cincinnato, Buenos Aires - Venezia, Municipio 2, Milano, Lombardia, 20124, Italia",45.479941,9.2040819,6
,18-11-23,2023-11-18,"Via Marsala, 8, Milano, MI",Casa delle Associazioni e del Volontariato Municipio 1,"Esperanto, lingua senza frontiere",https://www.milanotoday.it/eventi/esperanto-lingua-senza-frontiere-lucia-spezzano.html,Non classificato,"8, Via Marsala, Brera, Municipio 1, Milano, Lombardia, 20121, Italia",45.4788366,9.187267,10
Manifestazioni,07-01-24,2023-11-18,"Via Luigi Granelli, 1, Milano, MI",Carroponte,Il Villaggio di Natale a due passi da Milano (e con un milione di luci colorate),https://www.milanotoday.it/eventi/villaggio-natale-carroponte.html,Altri eventi,"Carroponte, 1, Via Luigi Granelli, Rondò, Torretta, Sesto San Giovanni, Zona Omogenea Milano Nord, Milano, Lombardia, 20099, Italia",45.529574,9.2209217,5
,18-11-23,2023-11-18,"Via Vittorio Veneto, Milano, MI",Via Vittorio Veneto,Gli ambulanti di Forte dei Marmi a Cassano D’Adda,https://www.milanotoday.it/eventi/il-mercato-de-gli-ambulanti-di-forte-dei-marmi-a-cassano-d-adda-sabato-18-novembre-2023.html,Non classificato,"Via Vittorio Veneto, Rondinella, Cassina de' Gatti, Sesto San Giovanni, Zona Omogenea Milano Nord, Milano, Lombardia, 20099, Italia",45.5368879,9.2360149,5
Mostre,07-04-24,2023-11-18,"Via Giulio Cesare Procaccini, Milano, MI",Fabbrica del Vapore,Jean Tinguely a Milano,https://www.milanotoday.it/eventi/tinguely-milano-2023.html,Arte e cultura,"Via Giulio Cesare Procaccini, Bullona, Porta Volta, Municipio 8 di Milano, Milano, Lombardia, 20154, Italia",45.4838783,9.1755509,10
,03-12-23,2023-11-18,"Piazza Riccardo Wagner, 2, Milano, MI",Teatro Wagner,Cappuccetto rosso story,https://www.milanotoday.it/eventi/cappuccetto-rosso-story-compagnia-dei-bambini-di-mitzi-amoroso.html,Non classificato,"Piazza Riccardo Wagner, Pagano, Municipio 7, Milano, Lombardia, 20145, Italia",45.4679327,9.1555679,0
,18-11-23,2023-11-18,"Piazza Castello, Milano, MI",Castello Sforzesco Biblioteca d’Arte,Mimmo Rotella e l'integrazione delle arti e delle scienze,https://www.milanotoday.it/eventi/mimmo-rotella-e-l-integrazione-delle-arti-2023.html,Non classificato,"Piazza Castello, Cerchia dei Navigli, Municipio 1, Milano, Lombardia, Italia",45.4704699,9.1819129,4
Manifestazioni,07-01-24,2023-11-18,"Via Palestro, Milano, MI",Giardini Indro Montanelli,Il Villaggio delle Meraviglie porta il Natale in città,https://www.milanotoday.it/eventi/villaggio-delle-meraviglie-natale-2023.html,Altri eventi,"Via Palestro, Giardini Porta Venezia, Municipio 1, Milano, Lombardia, 20219, Italia",45.4722109,9.2017814,4
,19-11-23,2023-11-19,"Via San Paolo, 10, Milano, MI",Società del Giardino,iSemprevivi: cena di solidarietà,https://www.milanotoday.it/eventi/isemprevivi-cena-di-solidarieta-isemprevivi.html,Non classificato,"Società del Giardino, 10, Via San Paolo, Duomo, Municipio 1, Milano, Lombardia, 20121, Italia",45.4658411,9.1936652,4
,19-11-23,2023-11-19,"Piazza Soncino, 6, Milano, MI",Villa Casati Stampa,Panettoniamoci,https://www.milanotoday.it/eventi/panettoniamoci-19-novembre-cinisello-balsamo.html,Non classificato,"6, Piazza Soncino, Crocetta, Balsamo, Cinisello Balsamo, Zona Omogenea Milano Nord, Milano, Lombardia, 20092, Italia",45.5539622,9.2231529,5
Mercatini,19-11-23,2023-11-19,"Via Mecenate, 88/A, Milano, MI",East Market,Buon compleanno East Market! L'edizione speciale del mercatino vintage,https://www.milanotoday.it/eventi/east-market-mercatino-compleanno-novembre-2023.html,Mercati e shopping,"Via Mecenate, Mecenate, Municipio 4, Milano, Lombardia, 20059, Italia",45.4548592,9.2455733,2
,19-11-23,2023-11-19,"Via Carlo Boncompagni, 57, Milano, MI",Lascia la scia,Laboratorio di bio materiali,https://www.milanotoday.it/eventi/lab-di-bio-materiali-monica-bispo.html,Non classificato,"57, Via Carlo Boncompagni, Lodi - Corvetto, Municipio 4, Milano, Lombardia, 20139, Italia",45.4380816,9.2317361,2
,24-11-23,2023-11-20,"Via Noto, 8, Milano, MI",Università degli Studi,Giornate di studio sul circo in università tra meraviglia e solidarietà,https://www.milanotoday.it/eventi/giornate-di-studio-sul-circo-2023.html,Non classificato,"8, Via Noto, Ripamonti, Municipio 5, Milano, Lombardia, 20141, Italia",45.4309298,9.199272,4
Mostre,21-11-23,2023-11-21,"Via Palestro, 14, Milano, MI",PAC - Padiglione d’arte contemporanea,"""Argentina. Quel che la notte racconta al giorno""",https://www.milanotoday.it/eventi/mostra-argentina-padiglione-arte-contemporanea.html,Arte e cultura,"14, Via Palestro, Guastalla, Municipio 1, Milano, Lombardia, 20121, Italia",45.4729115,9.1995282,4
Mostre,21-11-23,2023-11-21,"Via Palestro, 14, Milano, MI",PAC - Padiglione d’arte contemporanea,"""Argentina. Quel che la notte racconta al giorno""",https://www.milanotoday.it/eventi/mostra-argentina-padiglione-arte-contemporanea.html,Arte e cultura,"14, Via Palestro, Guastalla, Municipio 1, Milano, Lombardia, 20121, Italia",45.4729115,9.1995282,4
Convegno/conferenza,21-11-23,2023-11-21,"via Brera, 28, Milano, MI",Pinacoteca di Brera,Dialogando con la materia dell’arte,,Formazione e networking,"Pinacoteca di Brera, 28, Via Brera, Cerchia dei Navigli, Municipio 1, Milano, Lombardia, 20121, Italia",45.4722421,9.1884071,4
Mostre,21-11-23,2023-11-21,"Via Palestro, 14, Milano, MI",PAC - Padiglione d’arte contemporanea,"""Argentina. Quel che la notte racconta al giorno""",https://www.milanotoday.it/eventi/mostra-argentina-padiglione-arte-contemporanea.html,Arte e cultura,"14, Via Palestro, Guastalla, Municipio 1, Milano, Lombardia, 20121, Italia",45.4729115,9.1995282,4
,03-12-23,2023-11-21,"Via Alessandro Manzoni, 40, Milano, MI",Teatro Manzoni,La strana coppia,https://www.milanotoday.it/eventi/la-strana-coppia-gianluca-guidi-e-giampiero-ingrassia.html,Non classificato,"40, Via Alessandro Manzoni, Cerchia dei Navigli, Municipio 1, Milano, Lombardia, 20121, Italia",45.4712799,9.1941811,4
Mostre,21-11-23,2023-11-21,"Via Palestro, 14, Milano, MI",PAC - Padiglione d’arte contemporanea,"""Argentina. Quel che la notte racconta al giorno""",https://www.milanotoday.it/eventi/mostra-argentina-padiglione-arte-contemporanea.html,Arte e cultura,"14, Via Palestro, Guastalla, Municipio 1, Milano, Lombardia, 20121, Italia",45.4729115,9.1995282,4
Concerti,21-11-23,2023-11-21,"Via Giuseppe di Vittorio, Milano, MI",Mediolanum Forum di Assago,"Dopo il successo al Forum d'Assago, Elodie torna a Milano per un nuovo concerto",https://www.milanotoday.it/eventi/concerto-elodie-forum-assago.html,Musica e vita notturna,"Via Giuseppe Di Vittorio, Cascine Olona, Vighignolo, Settimo Milanese, Milano, Lombardia, 20019, Italia",45.4867995,9.0567603,3
Mostre,21-11-23,2023-11-21,"Via Palestro, 14, Milano, MI",PAC - Padiglione d’arte contemporanea,"""Argentina. Quel che la notte racconta al giorno""",https://www.milanotoday.it/eventi/mostra-argentina-padiglione-arte-contemporanea.html,Arte e cultura,"14, Via Palestro, Guastalla, Municipio 1, Milano, Lombardia, 20121, Italia",45.4729115,9.1995282,4
,22-11-23,2023-11-22,"Via Francesco Sforza, 12/A, Milano, MI",Chiesa Valdese,Concerto solidale De vuelta al sur - misa tango,https://www.milanotoday.it/eventi/concerto-solidale-de-vuelta-al-sur-misa-tango-coro-canti-corum-e-coro-hispano-americano.html,Non classificato,"Libreria Claudiana, 12a, Via Francesco Sforza, Duomo, Municipio 1, Milano, Lombardia, 20122, Italia",45.461392,9.1968387,4
,22-12-23,2023-11-22,"Via Giulio Cesare Procaccini, 4, Milano, MI",Fabbrica del Vapore,Bozzetti inediti: dove nasce l'ispirazione,https://www.milanotoday.it/eventi/bozzetti-inediti-dove-nasce-l-ispirazione-cesare-catania.html,Non classificato,"4, Via Giulio Cesare Procaccini, Bullona, Porta Volta, Municipio 8 di Milano, Milano, Lombardia, 20154, Italia",45.4839945,9.1753796,10
,22-11-23,2023-11-22,"Via Pietro Crespi, 10, Milano, MI",Don't Tell Mama,Il buon uso della distanza: il nuovo romanzo di Vito Di Battista,https://www.milanotoday.it/eventi/vito-di-battista-presenta-il-suo-romanzo-il-buon-uso-della-distanza-vito-di-battista-con-michele-orti-manara-e-alberto-baraghini.html,Non classificato,"10, Via Pietro Crespi, Nolo, Municipio 2, Milano, Lombardia, 20127, Italia",45.4931493,9.220984,6
,24-11-23,2023-11-22,"Via Gattamelata, Milano, MI",Allianz MiCo - Milano Congressi,Salone dei Pagamenti 2023: dal 22 al 24 novembre l’ottava edizione dell’evento promosso dall’ABI,https://www.milanotoday.it/eventi/abi-salone-dei-pagamenti-2023-novembre-digitale-innovazione.html,Non classificato,"Via Gattamelata, Portello, Municipio 8 di Milano, Milano, Lombardia, 20149, Italia",45.4814103,9.1553459,10
,02-12-23,2023-11-22,"Via Nicola Antonio Porpora, 16a, Milano, MI",iKonica Art Gallery,In mostra a Milano le opere di Marco Di Piazza,https://www.milanotoday.it/eventi/in-mostra-a-milano-le-opere-di-marco-di-piazza-marco-di-piazza.html,Non classificato,"Via Nicola Antonio Porpora, Loreto, Municipio 3, Milano, Lombardia, 20131, Italia",45.4860581,9.2259393,6
,26-11-23,2023-11-22,"Alzaia Naviglio Pavese, 16, Milano, MI",Spazio Ex Fornace Gola,Who are you: the who raccontati dai protagonisti dell’arte contemporanea,https://www.milanotoday.it/eventi/who-are-you-the-who-raccontati-dai-protagonisti-dell-arte-contemporanea-elena-assi-francesco-biondo-alessandro-busci-matteo-ceschi-monica-cristaldi-sergio-d-antonio-alberto-de-lazzari-cinzia-fantozzi-sara-forte-jeanfilip-lady-be-maria-cristina-limido-.htm,Non classificato,"16, Alzaia Naviglio Pavese, Navigli, Municipio 6, Milano, Lombardia, 20143, Italia",45.4500421,9.1774094,0
Mostre,04-02-24,2023-11-22,"Via Filippo Turati, Milano, MI",Museo della Permanente,Immensi diorami e opere mai viste prima: a Milano la maxi mostra sui Lego,https://www.milanotoday.it/eventi/mostra-lego-permanente-quando-biglietti.html,Arte e cultura,"Via Filippo Turati, Cascine Olona, Vighignolo, Settimo Milanese, Milano, Lombardia, 20019, Italia",45.4912448,9.0548789,3
Mostre,04-02-24,2023-11-22,"Via Filippo Turati, Milano, MI",Museo della Permanente,Immensi diorami e opere mai viste prima: a Milano la maxi mostra sui Lego,https://www.milanotoday.it/eventi/mostra-lego-permanente-quando-biglietti.html,Arte e cultura,"Via Filippo Turati, Cascine Olona, Vighignolo, Settimo Milanese, Milano, Lombardia, 20019, Italia",45.4912448,9.0548789,3
,14-12-23,2023-11-22,"Galleria Strasburgo, 3, Milano, MI",Studio Bolzani,Album. Omaggio a Giorgio Soavi,https://www.milanotoday.it/eventi/album-omaggio-a-giorgio-soavi.html,Non classificato,"3, Galleria privata Strasburgo, Duomo, Municipio 1, Milano, Lombardia, 20122, Italia",45.4649141,9.197794,4
Mostre,04-02-24,2023-11-23,"Via Filippo Turati, 34, Milano, MI",Museo della Permanente,A Milano la prima mostra postuma dedicata a Botero,https://www.milanotoday.it/eventi/mostra-botero-museo-permanente.html,Arte e cultura,"34, Via Filippo Turati, Brera, Municipio 1, Milano, Lombardia, 20100, Italia",45.4766179,9.1954771,4
Mostre,04-02-24,2023-11-23,"Via Filippo Turati, 34, Milano, MI",Museo della Permanente,A Milano la prima mostra postuma dedicata a Botero,https://www.milanotoday.it/eventi/mostra-botero-museo-permanente.html,Arte e cultura,"34, Via Filippo Turati, Brera, Municipio 1, Milano, Lombardia, 20100, Italia",45.4766179,9.1954771,4
,26-11-23,2023-11-23,"Via Bramante, 42, Milano, MI",ADI Design Museum,Fair values: la boutique solidale di Cbm Italia,https://www.milanotoday.it/eventi/fair-values-la-boutique-solidale-di-cbm-italia-con-2mila-prodotti-di-design-moda-e-beauty.html,Non classificato,"42, Via Bramante, Sarpi, Porta Volta, Municipio 8 di Milano, Milano, Lombardia, 20154, Italia",45.4827857,9.1785257,10
,23-11-23,2023-11-23,"Piazza della Repubblica, 20, Milano, MI",Westin Palace Milan,Studiare o lavorare in Australia? Il primo evento dedicato all’orientamento,https://www.milanotoday.it/eventi/studiare-o-lavorare-in-australia-a-milano-il-primo-evento-gratuito-dedicato-all-orientamento.html,Non classificato,"20, Piazza della Repubblica, Centrale, Municipio 2, Milano, Lombardia, 20124, Italia",45.4790175,9.1990724,4
Concerti,25-11-23,2023-11-23,"Via Giuseppe di Vittorio, Milano, MI",Mediolanum Forum di Assago,Madonna in concerto (sold out) a Milano per l'unica data italiana,https://www.milanotoday.it/eventi/madonna-in-concerto-a-milano-sold-out.html,Musica e vita notturna,"Via Giuseppe Di Vittorio, Cascine Olona, Vighignolo, Settimo Milanese, Milano, Lombardia, 20019, Italia",45.4867995,9.0567603,3
,23-11-23,2023-11-23,"Via San Martino, 60, Milano, MI",Dodo Cafè,Tom Petty: l'antemprima,https://www.milanotoday.it/eventi/tom-petty-l-antemprima-tom-petty.html,Non classificato,"Via San Martino, Vigentina, Municipio 1, Milano, Lombardia, 20136, Italia",45.4532663,9.1878846,4
,23-11-23,2023-11-23,"Via Privata Stefanardo da Vimercate, 14, Milano, MI",Istituto Comprensivo Paolo e Larissa Pini,La difesa delle donne al centro dell'Auditorium Pini.,https://www.milanotoday.it/eventi/prevenire-e-difendersi-la-difesa-delle-donne-al-centro-dell-auditorium-pini.html,Non classificato,"14, Via privata Stefanardo da Vimercate, Viale Monza, Municipio 2, Milano, Lombardia, 20128, Italia",45.5063684,9.2264879,5
,02-12-23,2023-11-23,"Via Nirone, Milano, MI",Galleria degli Artisti,Evocazioni contemporanee,https://www.milanotoday.it/eventi/evocazioni-contemporanee.html,Non classificato,"Via Nirone, Cerchia dei Navigli, Municipio 1, Milano, Lombardia, 20123, Italia",45.4642835,9.1783312,4
,26-11-23,2023-11-24,"Piazza Piero Carnelli, Milano, MI",Teatro Delfino,Telepathy,https://www.milanotoday.it/eventi/telepathy-francesco-tesei.html,Non classificato,"Piazza Don Piero Carnelli, Mecenate, Municipio 4, Milano, Lombardia, 20059, Italia",45.4584915,9.2436908,2
,24-11-23,2023-11-24,"Via Luigi Settembrini, 7, Milano, MI",ICLeS,Cura vs indifferenza,https://www.milanotoday.it/eventi/cura-vs-indifferenza-incontro-con-s-natoli-e-g-dalmasso-24-novembre-2023-ore-17-30.html,Non classificato,"7, Via Luigi Settembrini, Centrale, Municipio 2, Milano, Lombardia, 20124, Italia",45.4806979,9.2046878,6
,25-11-23,2023-11-24,"Via Massimo D'Azeglio, 3, Milano, MI",Milano LUISS Hub for makers and students,"Coaching, un lavoro tra giovani e futuro",https://www.milanotoday.it/eventi/coaching-un-lavoro-tra-giovani-e-futuro-arriva-l-expo-di-icf-il-24-e-25-novembre-al-milano-luiss-hub-for-makers-and-students.html,Non classificato,"3, Via Massimo D'Azeglio, GARIBALDI REPUBBLICA, Municipio 9, Milano, Lombardia, 20100, Italia",45.4832831,9.1847016,10
,24-11-23,2023-11-24,"Via Rivoli, 6, Milano, MI",Teatro Studio Melato,Ask me anything,https://www.milanotoday.it/eventi/ask-me-anything-lancia-le-tue-domande-alla-scienza-evento-scientifico-gratuito-piu-codice-promo-teatro-a-10-euro.html,Non classificato,"6, Via Rivoli, Brera, Municipio 1, Milano, Lombardia, 20121, Italia",45.4726093,9.182881,4
,25-11-23,2023-11-24,"Viale Gorizia, 1, Milano, MI",EDICOLA Radetzy,"Belive: bemusic, a dj set in an unconventional kiosk",https://www.milanotoday.it/eventi/belive-media-partner-della-milano-music-week-invita-la-genz-al-bemusic-a-dj-set-in-an-unconventional-kiosk-belive.html,Non classificato,"Poke Darsena, 1, Viale Gorizia, Navigli, Municipio 6, Milano, Lombardia, 20144, Italia",45.4549058,9.1729943,0
Concerti,25-11-23,2023-11-25,"Via Giuseppe di Vittorio, Milano, MI",Mediolanum Forum,Madonna in concerto a Milano. Orari e biglietti,https://www.milanotoday.it/eventi/concerto-madonna-biglietti.html,Musica e vita notturna,"Via Giuseppe Di Vittorio, Cascine Olona, Vighignolo, Settimo Milanese, Milano, Lombardia, 20019, Italia",45.4867995,9.0567603,3
,25-11-23,2023-11-25,"Viale Molise, 69, Milano, MI",banca del tempo,Reading poetico contro la violenza sulle donne,https://www.milanotoday.it/eventi/reading-poetico-contro-la-violenza-sulle-donne-associazione-guizart-e-gruppo-bagutta.html,Non classificato,"69, Viale Molise, Ortomercato, Municipio 4, Milano, Lombardia, 20130, Italia",45.4567161,9.2243043,6
,25-11-23,2023-11-25,"Via Carlo Valvassori Peroni, 56, Milano, MI",Auditorium Stefano Cerri,Estudiantina Bergamo: concerto di mandolini e chitarre contro la violenza di genere,https://www.milanotoday.it/eventi/estudiantina-bergamo-concerto-di-mandolini-e-chitarre-contro-la-violenza-di-genere-orchestra-a-plettro-estudiantina-bergamo-aps.html,Non classificato,"Biblioteca Lambrate, 56, Via Carlo Valvassori Peroni, Città Studi, Municipio 3, Milano, Lombardia, 20133, Italia",45.4796434,9.2376734,6
Disco&Feste,25-11-23,2023-11-25,"Via Ippodromo, Milano, MI",Ippodromo di San Siro,Ippodromo San Siro: la festa per la fine della stagione,https://www.milanotoday.it/eventi/festa-ippodromo-san-siro.html,Musica e vita notturna,"Via Ippodromo, San Siro, Municipio 7, Municipio 8 di Milano, Milano, Lombardia, 20151, Italia",45.4859421,9.1245162,13
,26-11-23,2023-11-25,"Piazza Ventiquattro Maggio, Milano, MI",Toys Center,Tour del rivoluzionario Twister Air,https://www.milanotoday.it/eventi/arriva-a-milano-il-tour-del-rivoluzionario-twister-air-chi-sara-il-campione-italiano-ninna-e-matti.html,Non classificato,"Piazza Ventiquattro Maggio, Ticinese, Municipio 5, Milano, Lombardia, 20136, Italia",45.4526349,9.1798455,0
,25-11-23,2023-11-25,"Piazza della Repubblica, 55, Milano, MI",sala polifunzionale Brollo,Omaggio ai cantautori italiani,https://www.milanotoday.it/eventi/omaggio-ai-cantautori-italiani-figli-di-un-temporale.html,Non classificato,"Piazza della Repubblica, Centrale, Municipio 2, Milano, Lombardia, 20124, Italia",45.4783469,9.1978059,4
,26-11-23,2023-11-25,"Via Tommaso Pini, 1, Milano, MI",Libera Scuola Rudolf Steiner,Bazar di Natale,https://www.milanotoday.it/eventi/bazar-di-natale-vari.html,Non classificato,"Libera Scuola Rudolf Steiner, 1, Via Tommaso Pini, Lambrate, Municipio 3, Milano, Lombardia, 20134, Italia",45.4845429,9.2399429,6
,26-11-23,2023-11-25,"Via Larga, 14, Milano, MI",Teatro Lirico,Vanity fair stories,https://www.milanotoday.it/eventi/vanity-fair-stories-2023.html,Non classificato,"Teatro Lirico Giorgio Gaber, 14, Via Larga, Cerchia dei Navigli, Municipio 1, Milano, Lombardia, 20122, Italia",45.4615135,9.1918702,4
Mercatini,07-01-24,2023-11-25,"Via Carlo Botta, 18, Milano, MI",Palazzina dei Bagni Misteriosi,Piste di pattinaggio e mercatini di Natale ai Bagni Misteriosi,https://www.milanotoday.it/eventi/mercatino-natale-pista-pattinaggio-bagni-misteriosi.html,Mercati e shopping,"18, Via Carlo Botta, Porta Romana, Municipio 4, Milano, Lombardia, 20135, Italia",45.4537805,9.2050141,4
,03-12-23,2023-11-25,"Corso di Porta Nuova, 32, Milano, MI",Unione Femminile Nazionale,Il mercatino natalizio di Arché vi aspetta,https://www.milanotoday.it/eventi/il-mercatino-natalizio-di-arche-vi-aspetta.html,Non classificato,"Centro Sicurezza Porta Nuova, 32, Corso di Porta Nuova, Brera, Municipio 1, Milano, Lombardia, 20121, Italia",45.4767253,9.1920113,4
Mercatini,07-01-24,2023-11-25,"Via Carlo Botta, 18, Milano, MI",Palazzina dei Bagni Misteriosi,Piste di pattinaggio e mercatini di Natale ai Bagni Misteriosi,https://www.milanotoday.it/eventi/mercatino-natale-pista-pattinaggio-bagni-misteriosi.html,Mercati e shopping,"18, Via Carlo Botta, Porta Romana, Municipio 4, Milano, Lombardia, 20135, Italia",45.4537805,9.2050141,4
,25-11-23,2023-11-25,"Via San Faustino, 5, Milano, MI",Sanfaustino5,La tagliatrice professionista,https://www.milanotoday.it/eventi/la-tagliatrice-professionista-elena-cerasetti-e-trio-hayez.html,Non classificato,"5, Via San Faustino, Lambrate, Municipio 3, Milano, Lombardia, 20134, Italia",45.4717873,9.2416377,6
,25-11-23,2023-11-25,"Via Bartolomeo Colleoni, 14, Milano, MI",Hotel NH Collection Milano CityLife,Incontra gli specialisti della riproduzione assistita,https://www.milanotoday.it/eventi/incontra-gli-specialisti-della-riproduzione-assistita-milano-25-novembre-2023.html,Non classificato,"NH Collection Milano CityLife, 14, Via Bartolomeo Colleoni, Portello, Municipio 8 di Milano, Milano, Lombardia, 20149, Italia",45.4824199,9.1527481,10
,02-02-24,2023-11-25,"Via Roma, 45, Milano, MI",Galleria Magenta,La pietra vede di Luigi Gatti,https://www.milanotoday.it/eventi/la-pietra-vede-luigi-gatti-luigi-gatti.html,Non classificato,"45, Via Roma, Molino Ortolina, Pioltello, Milano, Lombardia, 20096, Italia",45.500319,9.3277849,7
,26-11-23,2023-11-25,"Via Masaccio, 19, Milano, MI",Hotel Melià,Ibra bamboo rod show,https://www.milanotoday.it/eventi/ibra-bamboo-rod-show.html,Non classificato,"Melià Milano, 19, Via Masaccio, De Angeli - Monte Rosa, Portello, Municipio 8 di Milano, Milano, Lombardia, 20149, Italia",45.4791849,9.1458654,13
,25-11-23,2023-11-25,"Via Giovanni Antonio Plana, 45, Milano, MI",L'amaca,Musica e profumo,https://www.milanotoday.it/eventi/musica-e-profumo.html,Non classificato,"Via Giovanni Antonio Plana, Ghisolfa, Portello, Municipio 8 di Milano, Milano, Lombardia, 20155, Italia",45.4890331,9.154822,10
,02-02-24,2023-11-25,"Via Roma, 45, Milano, MI",Galleria Magenta,La pietra vede di Luigi Gatti,https://www.milanotoday.it/eventi/la-pietra-vede-luigi-gatti-luigi-gatti.html,Non classificato,"45, Via Roma, Molino Ortolina, Pioltello, Milano, Lombardia, 20096, Italia",45.500319,9.3277849,7
,26-11-23,2023-11-26,"Via Luigi Nono, 9, Milano, MI",Tempio del Futuro Perduto,Genitori green e bambini felici,https://www.milanotoday.it/eventi/presentazione-libro-genitori-green-e-bambini-felici-lisa-casali.html,Non classificato,"9, Via Luigi Nono, Bullona, Porta Volta, Municipio 8 di Milano, Milano, Lombardia, 20154, Italia",45.4864027,9.1751051,10
Mercatini,26-11-23,2023-11-26,"Alzaia Naviglio Grande, Milano, MI",,Il Mercato dell'Antiquariato nel cuore di Milano,https://www.milanotoday.it/eventi/mercato-antiquariato-navigli-2023.html,Mercati e shopping,"Alzaia Naviglio Grande, Navigli, Municipio 6, Milano, Lombardia, 20136, Italia",45.4520419,9.1756524,0
Inaugurazioni,26-11-23,2023-11-26,"Piazza dell'Ospedale Maggiore, 3, Milano, MI",Spazio A2A Niguarda,Comportamenti virtuosi e scelte corrette: il risparmio in bolletta non è un miraggio,https://www.milanotoday.it/eventi/luce-gas-milano-offerte-risparmiare-bolletta.html,Inaugurazioni,"Ethos profumerie, 3, Piazza Ospedale Maggiore, Niguarda - Cà Granda, Municipio 9, Milano, Lombardia, 21026, Italia",45.5110287,9.1876947,10
,26-11-23,2023-11-26,"Via Giuseppe Meda, 25, Milano, MI",Associazione Culturale Arte',"Rechaka yoga, la catarsi delle emozioni",https://www.milanotoday.it/eventi/rechaka-yoga-la-catarsi-delle-emozioni-alice-ravello.html,Non classificato,"25, Via Giuseppe Meda, Ticinese, Municipio 5, Milano, Lombardia, 20136, Italia",45.4429838,9.1790639,0
Inaugurazioni,26-11-23,2023-11-26,"Piazza dell'Ospedale Maggiore, 3, Milano, MI",Spazio A2A Niguarda,Comportamenti virtuosi e scelte corrette: il risparmio in bolletta non è un miraggio,https://www.milanotoday.it/eventi/luce-gas-milano-offerte-risparmiare-bolletta.html,Inaugurazioni,"Ethos profumerie, 3, Piazza Ospedale Maggiore, Niguarda - Cà Granda, Municipio 9, Milano, Lombardia, 21026, Italia",45.5110287,9.1876947,10
Inaugurazioni,26-11-23,2023-11-26,"Piazza dell'Ospedale Maggiore, 3, Milano, MI",Spazio A2A Niguarda,Comportamenti virtuosi e scelte corrette: il risparmio in bolletta non è un miraggio,https://www.milanotoday.it/eventi/luce-gas-milano-offerte-risparmiare-bolletta.html,Inaugurazioni,"Ethos profumerie, 3, Piazza Ospedale Maggiore, Niguarda - Cà Granda, Municipio 9, Milano, Lombardia, 21026, Italia",45.5110287,9.1876947,10
Inaugurazioni,26-11-23,2023-11-26,"Piazza dell'Ospedale Maggiore, 3, Milano, MI",Spazio A2A Niguarda,Comportamenti virtuosi e scelte corrette: il risparmio in bolletta non è un miraggio,https://www.milanotoday.it/eventi/luce-gas-milano-offerte-risparmiare-bolletta.html,Inaugurazioni,"Ethos profumerie, 3, Piazza Ospedale Maggiore, Niguarda - Cà Granda, Municipio 9, Milano, Lombardia, 21026, Italia",45.5110287,9.1876947,10
Inaugurazioni,26-11-23,2023-11-26,"Piazza dell'Ospedale Maggiore, 3, Milano, MI",Spazio A2A Niguarda,Comportamenti virtuosi e scelte corrette: il risparmio in bolletta non è un miraggio,https://www.milanotoday.it/eventi/luce-gas-milano-offerte-risparmiare-bolletta.html,Inaugurazioni,"Ethos profumerie, 3, Piazza Ospedale Maggiore, Niguarda - Cà Granda, Municipio 9, Milano, Lombardia, 21026, Italia",45.5110287,9.1876947,10
Sport,26-11-23,2023-11-26,"Via Arona, Milano, MI",,"FollowYourPassion, la mezza maratona e la 10 km tornano in città",https://www.milanotoday.it/eventi/follow-your-passion-maratona-milano21.html,Sport e attività fisica,"Via Arona, Sarpi, Bullona, Municipio 8 di Milano, Milano, Lombardia, 20155, Italia",45.4844138,9.1612648,10
,26-11-23,2023-11-26,"Via Don Lorenzo Milani, 24, Milano, MI",Canile di Legnano,"Il seminario per sfatare il mito ""cani pericolosi""",https://www.milanotoday.it/eventi/seminario-cani-pitbull.html,Non classificato,"Canile comunale, 24, Via Don Lorenzo Milani, Olmina, Oltresempione, Legnano, Milano, Lombardia, 20025, Italia",45.6157082,8.9322137,1
,26-11-23,2023-11-26,"Via Francesco Ferrucci, 5, Milano, MI",Exalge,Sensiinmovimento: degustazione di vino,https://www.milanotoday.it/eventi/sensiinmovimento-degustazione-di-vino.html,Non classificato,"5, Via Francesco Ferrucci, Pagano, Bullona, Municipio 8 di Milano, Milano, Lombardia, 20145, Italia",45.4792453,9.164257,10
,01-12-23,2023-11-27,Milano,Varie,Call tech action,https://www.milanotoday.it/eventi/call-tech-action-l-evento-dedicato-a-innovazione-educazione-formazione-e-lavoro-nei-settori-fintech-insurtech-e-proptech.html,Non classificato,"Milano, Lombardia, Italia",45.4641943,9.1896346,4
Incontri,28-11-23,2023-11-28,"Corso Venezia, Milano, MI",Palazzo Castiglioni,Shape Next Summit 28 novembre 2023,https://www.milanotoday.it/eventi/shape-next-summit.html,Formazione e networking,"Corso Venezia, Guastalla, Municipio 1, Milano, Lombardia, 20219, Italia",45.4744208,9.205056,6
,28-11-23,2023-11-28,"Via Paolo Mantegazza, 38, Milano, MI",QuasiLocanda,"Mostra benefica ""aiutiamoresq""",https://www.milanotoday.it/eventi/mostra-benefica-aiutiamoresq-2023.html,Non classificato,"38, Via Paolo Mantegazza, Villapizzone, Municipio 8 di Milano, Milano, Lombardia, 20156, Italia",45.5009122,9.1493314,13
Incontro/presentazione,28-11-23,2023-11-28,"via Brera, 28, Milano, MI",Pinacoteca di Brera - Biblioteca Nazionale Braidense di Milano,Attraversando muri di silenzio. Poesie dal carcere sul carcere,,Formazione e networking,"Pinacoteca di Brera, 28, Via Brera, Cerchia dei Navigli, Municipio 1, Milano, Lombardia, 20121, Italia",45.4722421,9.1884071,4
Mostra,01-04-24,2023-11-28,"via Brera, 28, Milano, MI",Pinacoteca di Brera,Quattro chiacchiere fra… Lotto e Morelli,,Arte e cultura,"Pinacoteca di Brera, 28, Via Brera, Cerchia dei Navigli, Municipio 1, Milano, Lombardia, 20121, Italia",45.4722421,9.1884071,4
Mercatini,07-01-24,2023-11-29,"Piazza Città di Lombardia, Milano, MI",Piazza Città di Lombardia,Il Natale arriva in Piazza Città di Lombardia,https://www.milanotoday.it/eventi/pista-pattinaggio-piazza-citta-di-lombardia-natale-2023.html,Mercati e shopping,"Piazza Città di Lombardia, GARIBALDI REPUBBLICA, Municipio 9, Milano, Lombardia, 20124, Italia",45.4867209,9.1960553,10
,29-11-23,2023-11-29,"Piazza Città di Lombardia, Milano, MI",Grattacielo Regione Lombardia,Oggi si potrà ammirare (gratis) Milano dall'ultimo piano del grattacielo della Regione,https://www.milanotoday.it/eventi/belvedere-regione-apertura-29-novembre-2023.html,Non classificato,"Piazza Città di Lombardia, GARIBALDI REPUBBLICA, Municipio 9, Milano, Lombardia, 20124, Italia",45.4867209,9.1960553,10
Mercatini,07-01-24,2023-11-29,"Piazza Città di Lombardia, Milano, MI",Piazza Città di Lombardia,Il Natale arriva in Piazza Città di Lombardia,https://www.milanotoday.it/eventi/pista-pattinaggio-piazza-citta-di-lombardia-natale-2023.html,Mercati e shopping,"Piazza Città di Lombardia, GARIBALDI REPUBBLICA, Municipio 9, Milano, Lombardia, 20124, Italia",45.4867209,9.1960553,10
,29-11-23,2023-11-29,"Via Ettore Ponti, 40, Milano, MI",BIKO,Bright Magus in concerto,https://www.milanotoday.it/eventi/bright-magus-in-concerto-bright-magus.html,Non classificato,"Arci Biko, 40, Via Ettore Ponti, San Cristoforo, Municipio 6, Milano, Lombardia, 20143, Italia",45.4421057,9.1538049,0
,03-12-23,2023-11-30,"Via Milazzo, 9, Milano, MI",Anteo Palazzo del Cinema,Souq film festival,https://www.milanotoday.it/eventi/souq-film-festival-2023.html,Non classificato,"9, Via Milazzo, Brera, Municipio 1, Milano, Lombardia, 20121, Italia",45.4796871,9.1877076,10
,06-01-24,2023-11-30,"Via Gaudenzio Ferrari, 3, Milano, MI",Almach Art Gallery,"Carin Grudda presenta ""Qui - altrove, noi siamo un'isola""",https://www.milanotoday.it/eventi/carin-grudda-qui-altrove-noi-siamo-un-isola-carin-grudda.html,Non classificato,"3, Via Gaudenzio Ferrari, Ticinese, Municipio 1, Milano, Lombardia, 20123, Italia",45.4558833,9.1754506,0
,30-11-23,2023-11-30,"Via Fratelli Zoia, 89, Milano, MI",Spazio Teatro 89,"""Medea, desír"" allo spazio teatro 89",https://www.milanotoday.it/eventi/medea-desir-allo-spazio-teatro-89-astragali-teatro-fabio-tolledi-roberta-quarta-matteo-mele-anna-cinzia-villani-simonetta-rotundo.html,Non classificato,"Via Fratelli Zoia, La Viridiana, Forze Armate, Municipio 7, Milano, Lombardia, 20152, Italia",45.460948,9.1108287,13
,30-11-23,2023-11-30,"Via Pasquale Sottocorno, 27, Milano, MI",Ricci Osteria,Natale in Puglia: l’unico vero natale pugliese a Milano,https://www.milanotoday.it/eventi/giovedi-30-novembre-natale-in-puglia-l-unico-vero-natale-pugliese-a-milano.html,Non classificato,"Ricci Osteria, 27, Via Pasquale Sottocorno, XXII Marzo, Municipio 4, Milano, Lombardia, 20129, Italia",45.4662072,9.2119112,6
,30-11-23,2023-11-30,"Viale Elvezia, 18, Milano, MI",LunaLabs,Arthemy: design driven by AI,https://www.milanotoday.it/eventi/arthemy-design-driven-by-ai.html,Non classificato,"luna labs s.r.l., 18, Viale Elvezia, Sarpi, Municipio 1, Milano, Lombardia, 20154, Italia",45.4769896,9.1769952,10
,30-11-23,2023-11-30,"Via Rivoli, 4, Milano, MI",Leadagious,Leadagious inaugura il suo headquarter nel centro di Milano,https://www.milanotoday.it/eventi/leadagious-inaugura-il-suo-headquarter-nel-centro-di-milano-porte-aperte-ai-milanesi-con-il-format-caramelle-e-domande-dagli-sconosciuti.html,Non classificato,"4, Via Rivoli, Brera, Municipio 1, Milano, Lombardia, 20121, Italia",45.4724146,9.1829415,4
Concerti,20-12-23,2023-11-30,"Via San Giovanni sul Muro, 2, Milano, MI",Teatro dal Verme,Ludovico Einaudi in concerto a Milano. Tutte le date e dove acquistare i biglietti,https://www.milanotoday.it/eventi/concerto-ludovico-einaudi-teatro-dal-verme.html,Musica e vita notturna,"2, Via San Giovanni sul Muro, Cerchia dei Navigli, Municipio 1, Milano, Lombardia, 20121, Italia",45.4671162,9.1814924,4
,06-01-24,2023-11-30,"Via Gaudenzio Ferrari, 3, Milano, MI",Almach Art Gallery,"Carin Grudda presenta ""Qui - altrove, noi siamo un'isola""",https://www.milanotoday.it/eventi/carin-grudda-qui-altrove-noi-siamo-un-isola-carin-grudda.html,Non classificato,"3, Via Gaudenzio Ferrari, Ticinese, Municipio 1, Milano, Lombardia, 20123, Italia",45.4558833,9.1754506,0
Incontro/presentazione,30-11-23,2023-11-30,"Via Brera, 28, Milano, MI",Pinacoteca di Brera,Giovanni Gerolamo Savoldo,,Formazione e networking,"Pinacoteca di Brera, 28, Via Brera, Cerchia dei Navigli, Municipio 1, Milano, Lombardia, 20121, Italia",45.4722421,9.1884071,4
,12-12-23,2023-11-30,"Via Cesare Cesariano, 4, Milano, MI",Fabbrica del Vapore - Sala Colonne,Muse: the energy for tomorrow,https://www.milanotoday.it/eventi/muse-the-energy-for-tomorrow-alexandra-crouwers-bianca-carague-chao-wang-doug-tolman-ekoangge-elena-aya-bundurakis-giacomo-erba-jazon-frings-kailum-graves-c-lab-collective-lauren-moffatt-leonard-maassen-luca-carlevarino-marcela-magno-muhammad-amdad-hoss.h,Non classificato,"Via Cesare Cesariano, Sarpi, Municipio 1, Milano, Lombardia, 20154, Italia",45.4784241,9.1768332,10
,01-12-23,2023-12-01,"Via Luigi Caroli, 12, Milano, MI",Spazio Caroli 12,Il mercatino di Natale: tutto da gustare,https://www.milanotoday.it/eventi/il-mercatino-di-natale-tutto-da-gustare-vinhood.html,Non classificato,"Spazio Caroli 12, 12, Via Luigi Caroli, Adriano, Municipio 2, Milano, Lombardia, 20128, Italia",45.5086054,9.2386262,5
,10-12-23,2023-12-01,"Via Fabio Filzi, Milano, MI",Parco Borromeo,Sagra della polenta,https://www.milanotoday.it/eventi/sagra-della-polenta-peschiera-borromeo.html,Non classificato,"Via Fabio Filzi, Villaggio Gorizia, Cassina di Prà, Baranzate, Milano, Lombardia, 20021, Italia",45.5245626,9.1143328,13
Mercatini,01-12-23,2023-12-01,"SP208, km 2, Milano, MI",Centro Commerciale Carosello,"Luci, divertimento e tanto shopping con l'imperdibile Christmas Collection",https://www.milanotoday.it/eventi/carosello-christmas-collection.html,Mercati e shopping,"SP208, Cascina Santa Marcellina, Carugate, Milano, Lombardia, 20061, Italia",45.5482194,9.3238171,7
Mercatini,01-12-23,2023-12-01,"SP208, km 2, Milano, MI",Centro Commerciale Carosello,"Luci, divertimento e tanto shopping con l'imperdibile Christmas Collection",https://www.milanotoday.it/eventi/carosello-christmas-collection.html,Mercati e shopping,"SP208, Cascina Santa Marcellina, Carugate, Milano, Lombardia, 20061, Italia",45.5482194,9.3238171,7
,23-12-23,2023-12-01,"Via Fiori Chiari, 28, Milano, MI",FOSCARINI – Spazio Brera,Apre a Milano il nuovo pop up store di Ta-daan,https://www.milanotoday.it/eventi/apre-a-milano-il-nuovo-pop-up-store-di-ta-daan-per-trovare-il-perfetto-regalo-di-natale.html,Non classificato,"Foscarini, 28, Via Fiori Chiari, Cerchia dei Navigli, Municipio 1, Milano, Lombardia, 20121, Italia",45.4719506,9.1851872,4
,02-12-23,2023-12-01,"Alzaia Naviglio Grande, 190, Milano, MI",Alta Luce Teatro,"""La colonna infame"" di Alessandro Manzoni ad alta luce teatro venerdì 1 e sabato 2 dicembre",https://www.milanotoday.it/eventi/colonna-infame-2023.html,Non classificato,"Alzaia Naviglio Grande, Navigli, Municipio 6, Milano, Lombardia, 20136, Italia",45.4520419,9.1756524,0
Mercatini,01-12-23,2023-12-01,"SP208, km 2, Milano, MI",Centro Commerciale Carosello,"Luci, divertimento e tanto shopping con l'imperdibile Christmas Collection",https://www.milanotoday.it/eventi/carosello-christmas-collection.html,Mercati e shopping,"SP208, Cascina Santa Marcellina, Carugate, Milano, Lombardia, 20061, Italia",45.5482194,9.3238171,7
evento solo on-line,31-12-23,2023-12-01,"via Brera, 28, Milano, MI",Pinacoteca di Brera - Biblioteca Nazionale Braidense di Milano,Il Calendario dell'Avvento 2023 -  Pinacoteca di Brera,,Eventi digitali,"Pinacoteca di Brera, 28, Via Brera, Cerchia dei Navigli, Municipio 1, Milano, Lombardia, 20121, Italia",45.4722421,9.1884071,4
,03-12-23,2023-12-01,"Via Cascina Bellaria, 19, Milano, MI",Aspria Harbour Club,Sport e solidarietà tornano a fare squadra all’Aspria Harbour Club,https://www.milanotoday.it/eventi/sport-e-solidarieta-tornano-a-fare-squadra-all-aspria-harbour-club-le-sfide-tra-professionisti-e-amatori-per-l-aspria-charity-open-2023.html,Non classificato,"19, Via Cascina Bellaria, Parco Bosco In Città, Municipio 7, Milano, Lombardia, 20153, Italia",45.4808636,9.1055051,13
Mercatini,06-12-23,2023-12-01,"Piazza del Duomo, Milano, MI",Piazza Duomo,Artigianato e gastronomia: tornano i mercatini di Natale in Piazza Duomo,https://www.milanotoday.it/eventi/mercatino-natale-piazza-duomo.html,Mercati e shopping,"Piazza del Duomo, Duomo, Municipio 1, Milano, Lombardia, Italia",45.4639102,9.1906398,4
,02-12-23,2023-12-01,"Viale Luigi Camoens, 2, Milano, MI",Just Me,"1/12 jp  (ex Pineta) fa scatenare just me: un party firmato Milano Marittima, a Milano",https://www.milanotoday.it/eventi/1-12-jp-ex-pineta-fa-scatenare-just-me-un-party-firmatoi-milano-marittima-a-milano-francesco-camparini.html,Non classificato,"Viale Luigi Camoens, Parco Sempione, Municipio 1, Milano, Lombardia, 20154, Italia",45.4729814,9.1728556,10
Mercatini,01-12-23,2023-12-01,"SP208, km 2, Milano, MI",Centro Commerciale Carosello,"Luci, divertimento e tanto shopping con l'imperdibile Christmas Collection",https://www.milanotoday.it/eventi/carosello-christmas-collection.html,Mercati e shopping,"SP208, Cascina Santa Marcellina, Carugate, Milano, Lombardia, 20061, Italia",45.5482194,9.3238171,7
,15-12-23,2023-12-01,"Via Carlo Tenca, 11, Milano, MI",Galleria Cael,"Mostra d'arte contemporanea internazionale ""gifts of art- 4th milan edition: un viaggio emozionale tra doni artistici e bellezza estetica""",https://www.milanotoday.it/eventi/mostra-d-arte-contemporanea-internazionale-gifts-of-art-4th-milan-edition-un-viaggio-emozionale-tra-doni-artistici-e-bellezza-estetica-2023.html,Non classificato,"11, Via Carlo Tenca, Centrale, Municipio 2, Milano, Lombardia, 20124, Italia",45.4806693,9.2017813,6
,01-12-23,2023-12-01,"Piazza Francesco Carrara, 17, Milano, MI",Centro Asteria,Spettacolo teatrale reportage Chernobyl,https://www.milanotoday.it/eventi/spettacolo-teatrale-reportage-chernobyl-l-atomo-e-la-vanga-la-scienza-e-la-terra-roberta-biagiarelli.html,Non classificato,"17, Piazza Francesco Carrara, Stadera, Municipio 5, Milano, Lombardia, 20136, Italia",45.4369245,9.1761088,0
Mercatini,01-12-23,2023-12-01,"SP208, km 2, Milano, MI",Centro Commerciale Carosello,"Luci, divertimento e tanto shopping con l'imperdibile Christmas Collection",https://www.milanotoday.it/eventi/carosello-christmas-collection.html,Mercati e shopping,"SP208, Cascina Santa Marcellina, Carugate, Milano, Lombardia, 20061, Italia",45.5482194,9.3238171,7
,02-12-23,2023-12-02,"Piazza del Duomo, Milano, MI",Palazzo Reale di Milano,Visita guidata alla mostra di Goya,https://www.milanotoday.it/eventi/sabato-02-dicembre-visita-guidata-alla-mostra-di-goya-a-milano.html,Non classificato,"Piazza del Duomo, Duomo, Municipio 1, Milano, Lombardia, Italia",45.4639102,9.1906398,4
Manifestazioni,02-12-23,2023-12-02,"Piazza Tre Torri, Milano, MI",Citylife Shopping District,Il camion gigante di Babbo Natale (e della Coca Cola) che arriva a Milano,https://www.milanotoday.it/eventi/camion-natale-coca-cola-2023.html,Altri eventi,"Piazza Tre Torri, Tre Torri, Municipio 8 di Milano, Milano, Lombardia, 20149, Italia",45.4783108,9.1570584,10
,02-12-23,2023-12-02,"Via Pietro Pomponazzi, 9e, Milano, MI",Ècate,Aperitivo con contenuti,https://www.milanotoday.it/eventi/aperitivo-con-contenuti.html,Non classificato,"Via Pietro Pomponazzi, Tibaldi, Municipio 5, Milano, Lombardia, 20136, Italia",45.4418973,9.1822169,0
,07-01-24,2023-12-02,"compasso D'oro, 1, Milano, MI",ADI Design Museum,Nel paese dei balocchi (I laboratori di Pinocchio),https://www.milanotoday.it/eventi/nel-paese-dei-balocchi-i-laboratori-di-pinocchio.html,Non classificato,"ADI Design Museum, 1, Piazza Compasso d’Oro, Sarpi, Porta Volta, Municipio 8 di Milano, Milano, Lombardia, 20154, Italia",45.4831707,9.1792778,10
,07-01-24,2023-12-02,"compasso D'oro, 1, Milano, MI",ADI Design Museum,Nel paese dei balocchi (I laboratori di Pinocchio),https://www.milanotoday.it/eventi/nel-paese-dei-balocchi-i-laboratori-di-pinocchio.html,Non classificato,"ADI Design Museum, 1, Piazza Compasso d’Oro, Sarpi, Porta Volta, Municipio 8 di Milano, Milano, Lombardia, 20154, Italia",45.4831707,9.1792778,10
,27-01-24,2023-12-02,"Viale Gran Sasso, 35, Milano, MI",Galleria PoliArt Contemporary,Paolo Conti: il castello,https://www.milanotoday.it/eventi/paolo-conti-il-castello-paolo-conti.html,Non classificato,"35, Viale Gran Sasso, Buenos Aires - Venezia, Municipio 3, Milano, Lombardia, 20131, Italia",45.4812111,9.2225898,6
,13-01-24,2023-12-02,"Via Brera, 2, Milano, MI",Galleria Ponte Rosso,Natale regala arte,https://www.milanotoday.it/eventi/natale-regala-arte-collettiva.html,Non classificato,"Valstar, 2, Via Brera, Brera, Milano, Lombardia, 20121, Italia",45.4693543,9.1882354,4
Disco&Feste,02-12-23,2023-12-02,"Viale Toscana, 31, Milano, MI",Santeria Toscana 31,Dove sarà l'ultima festa dell'anno di Le Cannibale,https://www.milanotoday.it/eventi/festa-le-cannibale-santeria-toscana-2023.html,Musica e vita notturna,"Santeria Toscana 31, 31, Viale Toscana, Vigentina, Municipio 5, Milano, Lombardia, 20136, Italia",45.4456408,9.1883503,4
,02-12-23,2023-12-02,"Via dell'Allodola, 5, Milano, MI","Teatro ""La Creta""",Abbracciare la terra: spettacolo e mostra sull'ecologia integrale,https://www.milanotoday.it/eventi/abbracciare-la-terra-spettacolo-e-mostra-sull-ecologia-integrale-alessandra-sonia-romano-matteo-cisternino-matteo-nicodemo-giorgia-stefanelli-marina-anzani-mariateresa-monteverdi.html,Non classificato,"Via dell'Allodola, Lorenteggio, Municipio 6, Milano, Lombardia, 20147, Italia",45.454862,9.1195068,13
,22-12-23,2023-12-02,"Via Giuseppe Dall'Occo, 1, Milano, MI",Galleria Click Art,20x20=400 emozioni,https://www.milanotoday.it/eventi/20x20-400-emozioni.html,Non classificato,"Via Giuseppe Dall'Occo, Cormano, Zona Omogenea Milano Nord, Milano, Lombardia, 20032, Italia",45.5444673,9.1692278,5
,27-01-24,2023-12-02,"Viale Gran Sasso, 35, Milano, MI",Galleria PoliArt Contemporary,Paolo Conti: il castello,https://www.milanotoday.it/eventi/paolo-conti-il-castello-paolo-conti.html,Non classificato,"35, Viale Gran Sasso, Buenos Aires - Venezia, Municipio 3, Milano, Lombardia, 20131, Italia",45.4812111,9.2225898,6
Manifestazioni,10-12-23,2023-12-02,"Strada Statale Sempione, Milano, MI",Fiera Milano,Torna l'Artigiano in Fiera con gli stand di oltre 80 Paesi,https://www.milanotoday.it/eventi/fiera-artigianato-natale-2023.html,Altri eventi,"Strada Statale del Sempione - Via Pisacane (Pero), Via Sempione, Cassina del Pero, Pero, Milano, Lombardia, 20016, Italia",45.5082768,9.0914871,13
,13-01-24,2023-12-02,"Via Brera, 2, Milano, MI",Galleria Ponte Rosso,Natale regala arte,https://www.milanotoday.it/eventi/natale-regala-arte-collettiva.html,Non classificato,"Valstar, 2, Via Brera, Brera, Milano, Lombardia, 20121, Italia",45.4693543,9.1882354,4
,02-12-23,2023-12-02,"Via Giovanni Polvani, Milano, MI",BiM-dove Bicocca incontra Milano,Bim Christmas market,https://www.milanotoday.it/eventi/bim-christmas-market-rory-gardiner-red-bazaar-specific.html,Non classificato,"Via Giovanni Polvani, Bicocca, Municipio 9, Milano, Lombardia, 20126, Italia",45.5125104,9.2125873,5
Disco&Feste,02-12-23,2023-12-02,"Via Privata Deruta, 20, Milano, MI",Circolo Magnolia,La festa degli anni 2000 al Circolo Magnolia,https://www.milanotoday.it/eventi/festa-anni-2000-circolo-magnolia-2023.html,Musica e vita notturna,"Byoblu Edizioni, 20, Via privata Deruta, Parco Lambro - Cimiano, Municipio 3, Milano, Lombardia, 20132, Italia",45.4928029,9.2387631,6
Concerti,03-12-23,2023-12-03,"Piazza Città di Lombardia, Milano, MI","Opel Corsa Sound Studio, Palazzo Regione Lombardia",Il tour che connette musica e tecnologia arriva a Milano: Mr Rain e Wad gli ospiti,https://www.milanotoday.it/eventi/concerto-gratuito-mrrain-wad.html,Musica e vita notturna,"Piazza Città di Lombardia, GARIBALDI REPUBBLICA, Municipio 9, Milano, Lombardia, 20124, Italia",45.4867209,9.1960553,10
,03-12-23,2023-12-03,"Via Giuseppe Tartini, 13, Milano, MI",QKing Corestaurant,Pranzo indonesiano con spettacolo di ballo balinese,https://www.milanotoday.it/eventi/pranzo-indonesiano-con-spettacolo-di-ballo-balinese-2023.html,Non classificato,"13, Via Giuseppe Tartini, Dergano, Municipio 9, Milano, Lombardia, 20158, Italia",45.5040915,9.1756543,10
,03-12-23,2023-12-03,"Corso Buenos Aires, 33, Milano, MI",Teatro Elfo Puccini,“Happy reincarnation” di Christoph Schlemmer,https://www.milanotoday.it/eventi/happy-reincarnation-di-christoph-schlemmer-a-milano-christoph-schlemmer.html,Non classificato,"Teatro Elfo Puccini, 33, Corso Buenos Aires, Buenos Aires - Venezia, Municipio 3, Milano, Lombardia, 20124, Italia",45.4794317,9.2098387,6
,03-12-23,2023-12-03,"Viale Ca' Granda, 19, Milano, MI",Auditorium Teresa Sarti Strada,"Armonie di solidarietà: il concerto benefico ""Music for life""",https://www.milanotoday.it/eventi/armonie-di-solidarieta-il-concerto-benefico-music-for-life-a-milano-andrea-de-francesco-oboe-e-luca-maggioni-viola-direttore-maestro-carlo-taffuri-giovani-musicisti-dell-elite-ensemble-di-varese.html,Non classificato,"Viale Ca' Granda, Niguarda - Cà Granda, Municipio 9, Milano, Lombardia, 20162, Italia",45.5082273,9.1935515,5
Sport,03-12-23,2023-12-03,"Piazza Alberto Burri, Milano, MI",CityLife,"Ecco la ""Stramilano SottoZero"", la prima corsa invernale della città",https://www.milanotoday.it/eventi/stramilano-sottozero-3-dicembre.html,Sport e attività fisica,"Piazza Alberto Burri, Tre Torri, Municipio 8 di Milano, Milano, Lombardia, 20145, Italia",45.4775354,9.1581423,10
Concerti,03-12-23,2023-12-03,"Via Gaudenzio Fantoli, 9, Milano, MI",FABRIQUE,Aiello in concerto a Milano. Date e biglietti,https://www.milanotoday.it/eventi/concerto-aiello-milano-biglietti.html,Musica e vita notturna,"Fabrique, 9, Via Gaudenzio Fantoli, Mecenate, Municipio 4, Milano, Lombardia, 20138, Italia",45.4521243,9.2522773,2
Concerti,04-12-23,2023-12-04,"Viale dell'Innovazione, 20, Milano, MI",Teatro degli Arcimboldi,Madame in concerto a Milano. Orari e biglietti,https://www.milanotoday.it/eventi/concerto-madame-teatro-arcimboldi-biglietti.html,Musica e vita notturna,"20, Viale dell'Innovazione, Bicocca, Municipio 9, Milano, Lombardia, 20125, Italia",45.5148696,9.2135963,5
,04-12-23,2023-12-04,"Via Andrea Maffei, 1, Milano, MI",Bistruccio,Wine tasting Lungoparma a Milano,https://www.milanotoday.it/eventi/wine-tasting-lungoparma-a-milano-da-bistruccio-by-workness-4-dicembre-ore-20.html,Non classificato,"1, Via Andrea Maffei, XXII Marzo, Municipio 4, Milano, Lombardia, 20135, Italia",45.4588219,9.209057,4
Mostre,14-01-24,2023-12-05,"Piazza della Scala, 2, Milano, MI","Palazzo Marino, Sala Alessi","Perugino, Il Battesimo di Cristo",https://www.milanotoday.it/eventi/mostra-perugino-battesimo-cristo-palazzo-marino.html,Arte e cultura,"Municipio di Milano, 2, Piazza della Scala, Duomo, Brera, Milano, Lombardia, 20121, Italia",45.4666601,9.1904174,4
,07-01-24,2023-12-05,"Via Achille Maiocchi, 15, Milano, MI",Maiocchi15,Another world: presentazione del progetto di Visual Art di Marco Salom,https://www.milanotoday.it/eventi/another-world-presentazione-del-progetto-di-visual-art-di-marco-salom-marco-salom.html,Non classificato,"Via Achille Maiocchi, Buenos Aires - Venezia, Municipio 3, Milano, Lombardia, 20129, Italia",45.4749763,9.212389,6
,07-01-24,2023-12-05,"Via Achille Maiocchi, 15, Milano, MI",Maiocchi15,Another world: presentazione del progetto di Visual Art di Marco Salom,https://www.milanotoday.it/eventi/another-world-presentazione-del-progetto-di-visual-art-di-marco-salom-marco-salom.html,Non classificato,"Via Achille Maiocchi, Buenos Aires - Venezia, Municipio 3, Milano, Lombardia, 20129, Italia",45.4749763,9.212389,6
,05-12-23,2023-12-05,"Piazza Leonardo da Vinci, 32, Milano, MI",Politecnico di Milano,Disabilità e accessibilità: le politiche in Lombardia e a Milano,https://www.milanotoday.it/eventi/disabilita-e-accessibilita-le-politiche-in-lombardia-e-a-milano.html,Non classificato,"32, Piazza Leonardo da Vinci, Città Studi, Municipio 3, Milano, Lombardia, 20133, Italia",45.4778083,9.2272468,6
Mostre,14-01-24,2023-12-05,"Piazza della Scala, 2, Milano, MI","Palazzo Marino, Sala Alessi","Perugino, Il Battesimo di Cristo",https://www.milanotoday.it/eventi/mostra-perugino-battesimo-cristo-palazzo-marino.html,Arte e cultura,"Municipio di Milano, 2, Piazza della Scala, Duomo, Brera, Milano, Lombardia, 20121, Italia",45.4666601,9.1904174,4
,07-12-23,2023-12-06,"Via Melchiorre Gioia, 22, Milano, MI",Gioia 22,Spazio triplo,https://www.milanotoday.it/eventi/spazio-triplo-giuseppe-maria-tricarico.html,Non classificato,"22, Via Melchiorre Gioia, GARIBALDI REPUBBLICA, Municipio 9, Milano, Lombardia, 20124, Italia",45.4852352,9.1963135,10
,06-12-23,2023-12-06,"Via Bicocca degli Arcimboldi, 8, Milano, MI",Aula 02 dell'Edificio U7  -Università Bicocca,Educare fin da piccoli: la scuola Paolo e Larissa Pini in prima linea nella prevenzione della violenza di genere,https://www.milanotoday.it/eventi/educare-fin-da-piccoli-la-scuola-paolo-e-larissa-pini-in-prima-linea-nella-prevenzione-della-violenza-di-genere.html,Non classificato,"8, Via Bicocca degli Arcimboldi, Bicocca, Municipio 9, Milano, Lombardia, 20126, Italia",45.5173732,9.2134574,5
,06-12-23,2023-12-06,"Via Ercole Ricotti, 10, Milano, MI",Chiesa di Santa Maria del Buon Consiglio,Percorsi musicali in Lombardia,https://www.milanotoday.it/eventi/percorsi-musicali-in-lombardia-dominika-zamara.html,Non classificato,"Via Ercole Ricotti, Bovisa, Municipio 9, Milano, Lombardia, 20158, Italia",45.5009779,9.1636389,10
,16-01-24,2023-12-06,"Via Santa Maria Valle 2, Milano, MI",MA-EC Gallery,"Il senso del due, mostra personale di Cristiano Plicato",https://www.milanotoday.it/eventi/il-senso-del-due-mostra-personale-di-cristiano-plicato-cristiano-plicato.html,Non classificato,"Fondazione Alessandro Durini, 2, Via Santa Maria Valle, Cerchia dei Navigli, Municipio 1, Milano, Lombardia, 20123, Italia",45.4600544,9.1838916,4
,16-01-24,2023-12-06,"Via Santa Maria Valle 2, Milano, MI",MA-EC Gallery,"Il senso del due, mostra personale di Cristiano Plicato",https://www.milanotoday.it/eventi/il-senso-del-due-mostra-personale-di-cristiano-plicato-cristiano-plicato.html,Non classificato,"Fondazione Alessandro Durini, 2, Via Santa Maria Valle, Cerchia dei Navigli, Municipio 1, Milano, Lombardia, 20123, Italia",45.4600544,9.1838916,4
Mercatini,10-12-23,2023-12-07,"Piazza Castello, Milano, MI",Piazza Castello,Torna la Fiera degli Oh Bej! Oh Bej!,https://www.milanotoday.it/eventi/torna-la-fiera-degli-oh-bej-oh-bej.html,Mercati e shopping,"Piazza Castello, Cerchia dei Navigli, Municipio 1, Milano, Lombardia, Italia",45.4704699,9.1819129,4
Manifestazioni,07-01-24,2023-12-07,"Viale Eginardo, Milano, MI",Fiera Allianz MiCo,"A Christmas Magic, il Villaggio di Natale al coperto più grande d'Italia",https://www.milanotoday.it/eventi/a-christmas-magic-villaggio-natale-citylife.html,Altri eventi,"Viale Eginardo, De Angeli - Monte Rosa, Portello, Municipio 8 di Milano, Milano, Lombardia, 20149, Italia",45.4808958,9.1510083,10
Manifestazioni,07-01-24,2023-12-07,"Piazza Duca d'Aosta, Milano, MI",Stazione Centrale,"Sensation On Ice, in Stazione Centrale torna la mitica pista di pattinaggio",https://www.milanotoday.it/eventi/sensation-on-ice-pista-pattinaggio-stazione-centrale.html,Altri eventi,"Piazza Duca d'Aosta, Centrale, Municipio 2, Milano, Lombardia, 20124, Italia",45.4848412,9.2032441,6
,07-01-24,2023-12-07,"Piazza Duca d'Aosta, Milano, MI",,"A Milano arriva la più grande esperienza su ghiaccio all'aperto tra luci, mercatini e degustazioni",https://www.milanotoday.it/eventi/senstation-on-ice-2023.html,Non classificato,"Piazza Duca d'Aosta, Centrale, Municipio 2, Milano, Lombardia, 20124, Italia",45.4848412,9.2032441,6
,10-12-23,2023-12-07,"Cavalcavia Eugenio Bussa, Milano, MI",Cavalcavia Bussa,Fiera degli Alter Bejz,https://www.milanotoday.it/eventi/fiera-degli-alter-bejz.html,Non classificato,"Cavalcavia Eugenio Bussa, GARIBALDI REPUBBLICA, Municipio 9, Milano, Lombardia, 20100, Italia",45.4849485,9.1861508,10
Manifestazioni,07-01-24,2023-12-07,"Viale Eginardo, Milano, MI",Fiera Allianz MiCo,"A Christmas Magic, il Villaggio di Natale al coperto più grande d'Italia",https://www.milanotoday.it/eventi/a-christmas-magic-villaggio-natale-citylife.html,Altri eventi,"Viale Eginardo, De Angeli - Monte Rosa, Portello, Municipio 8 di Milano, Milano, Lombardia, 20149, Italia",45.4808958,9.1510083,10
Manifestazioni,07-01-24,2023-12-07,"Piazza Duca d'Aosta, Milano, MI",Stazione Centrale,"Sensation On Ice, in Stazione Centrale torna la mitica pista di pattinaggio",https://www.milanotoday.it/eventi/sensation-on-ice-pista-pattinaggio-stazione-centrale.html,Altri eventi,"Piazza Duca d'Aosta, Centrale, Municipio 2, Milano, Lombardia, 20124, Italia",45.4848412,9.2032441,6
Mostre,07-01-24,2023-12-07,"Via Bergognone, 26, Milano, MI",Spazio Bergognone,"Chaos Lab, immaginazione e scienza per i bambini",https://www.milanotoday.it/eventi/chaos-lab-laboratori-bambini.html,Arte e cultura,"BASE Milano, 26, Via Bergognone Da Fossano, Tortona, Municipio 6, Milano, Lombardia, 20144, Italia",45.4531125,9.1636486,0
,07-01-24,2023-12-07,"Piazza Duca d'Aosta, Milano, MI",,"A Milano arriva la più grande esperienza su ghiaccio all'aperto tra luci, mercatini e degustazioni",https://www.milanotoday.it/eventi/senstation-on-ice-2023.html,Non classificato,"Piazza Duca d'Aosta, Centrale, Municipio 2, Milano, Lombardia, 20124, Italia",45.4848412,9.2032441,6
Mostre,07-01-24,2023-12-07,"Via Bergognone, 26, Milano, MI",Spazio Bergognone,"Chaos Lab, immaginazione e scienza per i bambini",https://www.milanotoday.it/eventi/chaos-lab-laboratori-bambini.html,Arte e cultura,"BASE Milano, 26, Via Bergognone Da Fossano, Tortona, Municipio 6, Milano, Lombardia, 20144, Italia",45.4531125,9.1636486,0
Manifestazioni,07-01-24,2023-12-08,"Via dei Platani, 31, Milano, MI",Casa di Babbo Natale,La Casa di Babbo Natale a Melegnano. Quando si illumina e quando visitarla,https://www.milanotoday.it/eventi/casa-babbo-natale-2023.html,Altri eventi,"31, Via dei Platani, Melegnano, Milano, Lombardia, 20077, Italia",45.3510448,9.324728,11
Manifestazioni,07-01-24,2023-12-08,"Via dei Platani, 31, Milano, MI",Casa di Babbo Natale,La Casa di Babbo Natale a Melegnano. Quando si illumina e quando visitarla,https://www.milanotoday.it/eventi/casa-babbo-natale-2023.html,Altri eventi,"31, Via dei Platani, Melegnano, Milano, Lombardia, 20077, Italia",45.3510448,9.324728,11
,06-01-24,2023-12-08,"Via dei Platani, 31, Milano, MI",,"Torna la mitica ""casa di Babbo Natale"" di Melegnano: quando vederla, gli orari",https://www.milanotoday.it/eventi/casa-babbo-natale-melegnano-2023.html,Non classificato,"31, Via dei Platani, Melegnano, Milano, Lombardia, 20077, Italia",45.3510448,9.324728,11
,06-01-24,2023-12-08,"Via dei Platani, 31, Milano, MI",,"Torna la mitica ""casa di Babbo Natale"" di Melegnano: quando vederla, gli orari",https://www.milanotoday.it/eventi/casa-babbo-natale-melegnano-2023.html,Non classificato,"31, Via dei Platani, Melegnano, Milano, Lombardia, 20077, Italia",45.3510448,9.324728,11
Concerti,09-12-23,2023-12-08,"Largo Gustav Mahler, Milano, MI",Auditorium di Milano,100 anni di magia con le più belle canzoni Disney,https://www.milanotoday.it/eventi/concerto-canzoni-disney-auditorium-milano.html,Musica e vita notturna,"Largo Gustav Mahler, Ticinese, Municipio 5, Milano, Lombardia, 20136, Italia",45.4463151,9.1792547,0
Disco&Feste,09-12-23,2023-12-09,"Via Circonvallazione Idroscalo, Milano, MI",Circolo Magnolia,"Berlin Calling, la serata techno al Circolo Magnolia",https://www.milanotoday.it/eventi/la-serata-techno-al-circolo-magnolia.html,Musica e vita notturna,"Via Circonvallazione Idroscalo, Redecesio, Novegro, Segrate, Milano, Lombardia, 20054, Italia",45.469716,9.2854959,2
Concerti,10-12-23,2023-12-09,"Viale dell'Innovazione, 20, Milano, MI",Teatro degli Arcimboldi,Harry Potter: la magia del cinema con l'orchestra sinfonica,https://www.milanotoday.it/eventi/cinema/harry-potter-concerto-arcimboldi.html,Musica e vita notturna,"20, Viale dell'Innovazione, Bicocca, Municipio 9, Milano, Lombardia, 20125, Italia",45.5148696,9.2135963,5
,30-12-23,2023-12-09,"Piazza del Duomo, Milano, MI",Duomo di Milano,Per Natale tornano i concerti d'organo in Duomo a Milano,https://www.milanotoday.it/eventi/concerti-duomo-organo-2023.html,Non classificato,"Piazza del Duomo, Duomo, Municipio 1, Milano, Lombardia, Italia",45.4639102,9.1906398,4
Disco&Feste,09-12-23,2023-12-09,"Via Gaudenzio Fantoli, 9, Milano, MI",Fabrique,Una serata imperdibile con Rondodasosa e Artie 5ive,https://www.milanotoday.it/eventi/serata-fabrique-rondodasosa-artie5ive.html,Musica e vita notturna,"Fabrique, 9, Via Gaudenzio Fantoli, Mecenate, Municipio 4, Milano, Lombardia, 20138, Italia",45.4521243,9.2522773,2
Spettacoli,09-12-23,2023-12-09,"Via Pietro Borsieri,37,20159, Milano, MI,Italia",Blue Note,Drusilla Foer in concerto,https://www.teatro.it/spettacoli/milano/blue-note/2023-2024/drusilla-foer-in-concerto,Teatro e spettacolo,"Blue Note, 37, Via Pietro Borsieri, Isola, Municipio 9, Milano, Lombardia, 20159, Italia",45.4895296,9.1888504,10
,09-12-23,2023-12-09,"Viale Lucania, 17, Milano, MI",Chiesina San Vittore e 40 Martiri,Corvetto in lirica,https://www.milanotoday.it/eventi/concerto-corvetto-in-lirica-ekaterina-adamova-2023.html,Non classificato,"Viale Lucania, Lodi - Corvetto, Municipio 4, Milano, Lombardia, 20139, Italia",45.4430378,9.2239399,2
,17-12-23,2023-12-10,"Via Emilio Morosini, 8, Milano, MI",Giardino delle Culture,Mercatino di Natale a Milano,https://www.milanotoday.it/eventi/xmas-market-a-milano-2023.html,Non classificato,"Via Emilio Morosini, XXII Marzo, Municipio 4, Milano, Lombardia, 20135, Italia",45.4556203,9.2084527,4
,14-12-23,2023-12-10,"Via Fratelli Zoia, 89, Milano, MI",Spazio Teatro 89,Ben. Animali in cattività,https://www.milanotoday.it/eventi/spettacolo-ben-animali-in-cattivita-tragicommedia-di-natale-marco-lo-chiatto-riccardo-pieretti-mariagrazia-pompei.html,Non classificato,"Via Fratelli Zoia, La Viridiana, Forze Armate, Municipio 7, Milano, Lombardia, 20152, Italia",45.460948,9.1108287,13
,10-12-23,2023-12-10,"Via Valtellina, 21, Milano, MI",GATE MILANO,Primo concerto in Italia per la band dei Kasta,https://www.milanotoday.it/eventi/primo-concerto-in-italia-per-la-band-dei-kasta-kasta.html,Non classificato,"Gate, 21, Via Valtellina, Isola, Municipio 9, Milano, Lombardia, 20159, Italia",45.4943778,9.1819083,10
Spettacoli,10-12-23,2023-12-10,"Via Circ. Idroscalo/Strada Prov.le 29 (Segrate),20100, Milano, MI,Italia",Idroscalo - Teatro Walter Chiari,ON AIR - Liberi di...,https://www.teatro.it/spettacoli/milano/idroscalo-teatro-walter-chiari/2023-2024/gravity-circus-equilibrium,Teatro e spettacolo,"Milan, Italy",45.46427,9.18951,4
,12-12-23,2023-12-12,"Via Roberto Lepetit, 33, Milano, MI",Ostello Bello Centrale,"Chard: il gioco che scotta, per parlare di fantasie e di relazioni, senza tabù",https://www.milanotoday.it/eventi/together-invita-i-milanesi-a-provare-nasce-chard-il-gioco-che-scotta-per-parlare-di-fantasie-e-di-relazioni-senza-tabu-together.html,Non classificato,"Joy Rent, 33, Via Roberto Lepetit, Centrale, Municipio 2, Milano, Lombardia, 20124, Italia",45.4842874,9.205552,6
,07-01-24,2023-12-13,"Via Valtellina, 7, Milano, MI",Il Sistina Chapiteau,"San Silvestro: Cats, Il musical con Malika Ayane",https://www.milanotoday.it/eventi/cats-musical-Sistina-Chapiteau-malika-ayane.html,Non classificato,"Via Valtellina, Farini, Municipio 9, Milano, Lombardia, 20159, Italia",45.4907327,9.1812435,10
,13-12-23,2023-12-13,"Corso Europa, 9, Milano, MI",Hotel Galileo,Diritti umani e salute mentale: una settimana di sensibilizzazione,https://www.milanotoday.it/eventi/diritti-umani-e-salute-mentale-una-settimana-di-sensibilizzazione-no.html,Non classificato,"Galileo, 9, Corso Europa, Duomo, Municipio 1, Milano, Lombardia, 20122, Italia",45.4642102,9.1961443,4
Teatri,21-12-23,2023-12-13,"Teatro Strehler, Milano, MI",Piiccolo teatro Strehler,La magia dello Schiaccianoci torna a Milano,https://www.milanotoday.it/eventi/spettacolo-schiaccianoci-piccolo-teatro-2023.html,Teatro e spettacolo,"Piccolo Teatro Strehler, Largo Antonio Greppi, Brera, Municipio 1, Milano, Lombardia, 20121, Italia",45.4725614,9.1823394,4
,29-12-23,2023-12-13,"Via Evangelista Torricelli, 21, Milano, MI",Corals,"Inaugurazione mostra ""Annotazioni: parole, emozioni""",https://www.milanotoday.it/eventi/inaugurazione-mostra-annotazioni-parole-emozioni-antonio-bernardo-giuseppe-calcagnile-martyna-pietrasik.html,Non classificato,"21, Via Evangelista Torricelli, Ravello, Parabiago, Milano, Lombardia, 20015, Italia",45.5574246,8.9394696,1
,07-01-24,2023-12-13,"Via Valtellina, 7, Milano, MI",Il Sistina Chapiteau,"San Silvestro: Cats, Il musical con Malika Ayane",https://www.milanotoday.it/eventi/cats-musical-Sistina-Chapiteau-malika-ayane.html,Non classificato,"Via Valtellina, Farini, Municipio 9, Milano, Lombardia, 20159, Italia",45.4907327,9.1812435,10
Convegno/conferenza,13-12-23,2023-12-13,"Piazza Vecchia 15, Milano, MI",Biblioteca Civica Angelo Mai,B3 | Bernardo Buontalenti Bergamo | Convegno,,Formazione e networking,"15, Piazza Vecchia Filanda, Cernusco sul Naviglio, Milano, Lombardia, 20063, Italia",45.5255253,9.3292612,7
,14-12-23,2023-12-14,"Largo Corsia dei Servi, 4, Milano, MI",Centro Culturale di Milano,Vengo anch’io: Enzo Jannacci,https://www.milanotoday.it/eventi/vengo-anch-io-enzo-jannacci-serata-speciale-di-proiezione-del-film-di-carlo-verdelli-con-ospiti-paolo-tomelleri-e-sandro-pate.html,Non classificato,"Largo Corsia dei Servi, Duomo, Municipio 1, Milano, Lombardia, 20122, Italia",45.4647722,9.1958825,4
,22-12-23,2023-12-14,"Largo Corsia dei Servi, 4, Milano, MI",CENTRO CULTURALE DI MILANO,The Wall al centro culturale di Milano,https://www.milanotoday.it/eventi/la-centralita-di-milano-nel-contesto-europeo-e-un-elemento-preferenziale-per-l-assegnazione-di-progetti-culturali-che-valorizzano-il-nostro-patrimonio-e-rafforzano-le-collaborazioni.html,Non classificato,"Largo Corsia dei Servi, Duomo, Municipio 1, Milano, Lombardia, 20122, Italia",45.4647722,9.1958825,4
Mostre,30-06-24,2023-12-14,"Piazza Cesare Beccaria, Milano, MI",Piazza Beccaria,"Space dreamers, a Milano l'incredibile mostra per viaggiare nello spazio e sbarcare su Marte",https://www.milanotoday.it/eventi/space-dreamers-mostra-spazio.html,Arte e cultura,"Piazza Cesare Beccaria, Duomo, Municipio 1, Milano, Lombardia, Italia",45.4641118,9.1948087,4
,13-01-24,2023-12-14,"Via San Fermo, 19, Milano, MI",Spazio HUS,"Apre a Milano la mostra collettiva ""Confluenze contemporanee""",https://www.milanotoday.it/eventi/apre-a-milano-la-mostra-collettiva-confluenze-contemporanee-francesca-baldini-mariano-bellarosa-margherita-budini-giorgio-cavina-fabrizio-ceccarelli-alessandro-fenati-stefano-prati-terino-romagnoli-daniela-walser.html,Non classificato,"Via San Fermo, Baggio, Municipio 7, Villaggio Cavour, Settimo Milanese, Milano, Lombardia, 20019, Italia",45.4630575,9.0747604,3
,21-12-23,2023-12-14,"Via Walter Tobagi, 13, Milano, MI",Art Marginem Concept Room,"I giovedì d'arte: madre terra, sorella acqua",https://www.milanotoday.it/eventi/i-giovedi-d-arte-madre-terra-sorella-acqua-cinzia-fantozzi.html,Non classificato,"13, Via Walter Tobagi, Foramagno, Mezzate, Peschiera Borromeo, Milano, Lombardia, 20068, Italia",45.4303283,9.2864245,2
Mostre,30-06-24,2023-12-14,"Piazza Cesare Beccaria, Milano, MI",Piazza Beccaria,"Space dreamers, a Milano l'incredibile mostra per viaggiare nello spazio e sbarcare su Marte",https://www.milanotoday.it/eventi/space-dreamers-mostra-spazio.html,Arte e cultura,"Piazza Cesare Beccaria, Duomo, Municipio 1, Milano, Lombardia, Italia",45.4641118,9.1948087,4
Convegno/conferenza,16-12-23,2023-12-14,"Largo Angelo Testori 13, Milano, MI",Casa Testori,"Giovanni Testori. Arte, Scrittura e Teatro | Convegno internazionale di Studi",,Formazione e networking,"13, Largo Angelo Testori, Novate Milanese, Milano, Lombardia, 20026, Italia",45.5292587,9.1367315,13
,13-01-24,2023-12-14,"Via San Fermo, 19, Milano, MI",Spazio HUS,Confluenze contemporanee,https://www.milanotoday.it/eventi/confluenze-contemporanee-2023.html,Non classificato,"Via San Fermo, Baggio, Municipio 7, Villaggio Cavour, Settimo Milanese, Milano, Lombardia, 20019, Italia",45.4630575,9.0747604,3
,13-01-24,2023-12-14,"Via San Fermo, 19, Milano, MI",Spazio HUS,"Apre a Milano la mostra collettiva ""Confluenze contemporanee""",https://www.milanotoday.it/eventi/apre-a-milano-la-mostra-collettiva-confluenze-contemporanee-francesca-baldini-mariano-bellarosa-margherita-budini-giorgio-cavina-fabrizio-ceccarelli-alessandro-fenati-stefano-prati-terino-romagnoli-daniela-walser.html,Non classificato,"Via San Fermo, Baggio, Municipio 7, Villaggio Cavour, Settimo Milanese, Milano, Lombardia, 20019, Italia",45.4630575,9.0747604,3
,13-01-24,2023-12-14,"Via San Fermo, 19, Milano, MI",Spazio HUS,Confluenze contemporanee,https://www.milanotoday.it/eventi/confluenze-contemporanee-2023.html,Non classificato,"Via San Fermo, Baggio, Municipio 7, Villaggio Cavour, Settimo Milanese, Milano, Lombardia, 20019, Italia",45.4630575,9.0747604,3
Spettacoli,15-12-23,2023-12-15,"Viale dell'Innovazione 20,20126, Milano, MI,Italia",Arcimboldi,Panariello vs Masini - IL RITORNO,https://www.teatro.it/spettacoli/milano/degli-arcimboldi/2023-2024/panariello-vs-masini-lo-strano-incontro,Teatro e spettacolo,"20, Viale dell'Innovazione, Bicocca, Municipio 9, Milano, Lombardia, 20125, Italia",45.5148696,9.2135963,5
Inaugurazioni,12-01-24,2023-12-15,"Via Vincenzo Capelli, 2, Milano, MI",MSC Lighthouse,Atmosfere e vacanze da sogno: il primo temporary store che ti porta in crociera nel cuore di Milano,https://www.milanotoday.it/eventi/msc-lighthouse.html,Inaugurazioni,"2, Via Vincenzo Capelli, GARIBALDI REPUBBLICA, Municipio 9, Milano, Lombardia, 20100, Italia",45.4825241,9.1878307,10
,16-12-23,2023-12-15,"Alzaia Naviglio Grande, 190, Milano, MI",Alta Luce Teatro,"Teatro canzone al femminile: ad alta luce teatro arrivano ""le belle di notte""",https://www.milanotoday.it/eventi/teatro-canzone-al-femminile-ad-alta-luce.html,Non classificato,"Alzaia Naviglio Grande, Navigli, Municipio 6, Milano, Lombardia, 20136, Italia",45.4520419,9.1756524,0
Inaugurazioni,12-01-24,2023-12-15,"Via Vincenzo Capelli, 2, Milano, MI",MSC Lighthouse,Atmosfere e vacanze da sogno: il primo temporary store che ti porta in crociera nel cuore di Milano,https://www.milanotoday.it/eventi/msc-lighthouse.html,Inaugurazioni,"2, Via Vincenzo Capelli, GARIBALDI REPUBBLICA, Municipio 9, Milano, Lombardia, 20100, Italia",45.4825241,9.1878307,10
Spettacolo Teatrale,15-12-23,2023-12-15,"via Brera, 28, Milano, MI",Pinacoteca di Brera,La BALLATA dei DIMENTICATI,,Teatro e spettacolo,"Pinacoteca di Brera, 28, Via Brera, Cerchia dei Navigli, Municipio 1, Milano, Lombardia, 20121, Italia",45.4722421,9.1884071,4
Disco&Feste,15-12-23,2023-12-15,"Viale Tunisia, 15, Milano, MI",Eroica Caffè,Vinyl & Shaker: a Milano l’evento del whiskey serio che non si prende troppo sul serio,https://www.milanotoday.it/eventi/un-evento-imperdibile-per-gli-amanti-del-whiskey.html,Musica e vita notturna,"Eroica Caffè Milano, 15, Viale Tunisia, Buenos Aires - Venezia, Municipio 3, Milano, Lombardia, 20124, Italia",45.4775479,9.2045435,6
,16-12-23,2023-12-16,"Ripa di Porta Ticinese, 85, Milano, MI",Ripa 85,Coltiviamo benessere & sport per tutti,https://www.milanotoday.it/eventi/coltiviamo-benessere-sportpertutti.html,Non classificato,"85, Ripa di Porta Ticinese, Navigli, Municipio 6, Milano, Lombardia, 20143, Italia",45.4496513,9.1660703,0
,16-12-23,2023-12-16,"Via Giuseppe Guerzoni, 23, Milano, MI",Magma,Moj dom: la tua storia in un oggetto,https://www.milanotoday.it/eventi/moj-dom-la-tua-storia-in-un-oggetto-balkan-people-in-italy-10684680.html,Non classificato,"23, Via Giuseppe Guerzoni, Dergano, Municipio 9, Milano, Lombardia, 20158, Italia",45.4989272,9.1757014,10
,16-12-23,2023-12-16,"Alzaia Naviglio Grande, Milano, MI",Naviglio Grande,Il concerto di Natale sul Naviglio (con kayak e canoe),https://www.milanotoday.it/eventi/concerto-natale-naviglio-2023.html,Non classificato,"Alzaia Naviglio Grande, Navigli, Municipio 6, Milano, Lombardia, 20136, Italia",45.4520419,9.1756524,0
,16-12-23,2023-12-16,"Via Giulio Cesare Procaccini, 4, Milano, MI",Spazio Fattoria c/o Fabbrica del Vapore,Paf! Performing arts festival kids &young 2023,https://www.milanotoday.it/eventi/paf-performing-arts-festival-kids-young-2023-fattoria-vittadini.html,Non classificato,"4, Via Giulio Cesare Procaccini, Bullona, Porta Volta, Municipio 8 di Milano, Milano, Lombardia, 20154, Italia",45.4839945,9.1753796,10
,16-12-23,2023-12-16,"Via Giuseppe Guerzoni, 23, Milano, MI",Magma,La tua storia in un oggetto: moj dom,https://www.milanotoday.it/eventi/la-tua-storia-in-un-oggetto-moj-dom.html,Non classificato,"23, Via Giuseppe Guerzoni, Dergano, Municipio 9, Milano, Lombardia, 20158, Italia",45.4989272,9.1757014,10
Sport,16-12-23,2023-12-16,"Piazza Sempione, Milano, MI",Piazza Sempione,"Torna la Babbo Running, la camminata più divertente dedicata al Natale",https://www.milanotoday.it/eventi/babbo-running-camminata-corsa-natale.html,Sport e attività fisica,"Piazza Sempione, Parco Sempione, Municipio 1, Milano, Lombardia, Italia",45.4755976,9.1725451,10
Teatri,17-12-23,2023-12-17,"Piazza Riccardo Wagner, Milano, MI",Teatro Wagner,"""Natale in casa Cupiello... un anno dopo"": a teatro lo spettacolo per raccogliere fondi per i bimbi",https://www.milanotoday.it/eventi/spettacolo-teatro-piazza-wagner-domenica.html,Teatro e spettacolo,"Piazza Riccardo Wagner, Pagano, Municipio 7, Milano, Lombardia, 20145, Italia",45.4679327,9.1555679,0
,17-12-23,2023-12-17,"Ripa di Porta Ticinese, 61, Milano, MI",Arcadia Art Gallery,Arte e cultura a sostegno della prevenzione della violenza e #ioscelgome,https://www.milanotoday.it/eventi/arte-e-cultura-a-sostegno-della-prevenzione-della-violenza.html,Non classificato,"61, Ripa di Porta Ticinese, Navigli, Municipio 6, Milano, Lombardia, 20143, Italia",45.4508348,9.1710412,0
,30-12-23,2023-12-17,"Via Pistoia, 10, Milano, MI",Padiglione della Biblioteca di Baggio,Mostra della street artist Afgana Shamsia Hassani,https://www.milanotoday.it/eventi/mostra-della-street-artist-afgana-shamsia-hassani-shamsia-hassani.html,Non classificato,"Biblioteca Comunale Baggio, 10, Via Pistoia, Baggio, Municipio 7, Milano, Lombardia, 20153, Italia",45.4633673,9.0903283,3
,18-12-23,2023-12-18,"Piazza Città di Lombardia, Milano, MI",Piazza Città di Lombardia,Oggi a Milano si regalano focaccia genovese e pesto,https://www.milanotoday.it/eventi/focaccia-gratis-oggi.html,Non classificato,"Piazza Città di Lombardia, GARIBALDI REPUBBLICA, Municipio 9, Milano, Lombardia, 20124, Italia",45.4867209,9.1960553,10
,18-12-23,2023-12-18,"Corso Buenos Aires, 33, Milano, MI",Teatro Elfo Puccini,Gospel night,https://www.milanotoday.it/eventi/gospel-night-rejoice-gospel-choir-and-special-guest-leslie-sackey.html,Non classificato,"Teatro Elfo Puccini, 33, Corso Buenos Aires, Buenos Aires - Venezia, Municipio 3, Milano, Lombardia, 20124, Italia",45.4794317,9.2098387,6
Concerti,19-12-23,2023-12-18,"Piazza del Duomo, Milano, MI",Piazza Duomo,I due concerti (gratis) di Natale in Duomo e come prenotarsi,https://www.milanotoday.it/eventi/concerti-natale-duomo-2023.html,Musica e vita notturna,"Piazza del Duomo, Duomo, Municipio 1, Milano, Lombardia, Italia",45.4639102,9.1906398,4
,19-12-23,2023-12-19,"Via Martiri della Libertà, Milano, MI",Arcadia Cinema Melzo,martedì 19 dicembre 2023 una serata in compagnia al cinema da “arcadia cinema melzo” (mi),https://www.milanotoday.it/eventi/martedi-19-dicembre-2023-una-serata-in-compagnia-al-cinema-da-arcadia-cinema-melzo-mi-10625107.html,Non classificato,"Via Martiri della Libertà, Costa di San Giorgio, Legnano, Milano, Lombardia, 20025, Italia",45.5829254,8.9186487,1
,21-12-23,2023-12-21,"Via Rubens, 7, Milano, MI",Spazio Darshanatura,L'onda del suono: meditazione sonora del solstizio d'inverno,https://www.milanotoday.it/eventi/l-onda-del-suono-meditazione-sonora-del-solstizio-d-inverno-antonella-martellini-e-alessandro-pennini.html,Non classificato,"7, Via Pietro Rubens, Selinunte, Municipio 7, Milano, Lombardia, 20146, Italia",45.466951,9.1450568,0
Teatri,14-01-24,2023-12-21,"Viale dell'Innovazione, 20, Milano, MI",Teatro degli Arcimboldi,La magia di Peter Pan con le canzoni di Edoardo Bennato,https://www.milanotoday.it/eventi/spettacolo-peter-pan-teatro-arcimboldi.html,Teatro e spettacolo,"20, Viale dell'Innovazione, Bicocca, Municipio 9, Milano, Lombardia, 20125, Italia",45.5148696,9.2135963,5
Teatri,14-01-24,2023-12-21,"Viale dell'Innovazione, 20, Milano, MI",Teatro degli Arcimboldi,La magia di Peter Pan con le canzoni di Edoardo Bennato,https://www.milanotoday.it/eventi/spettacolo-peter-pan-teatro-arcimboldi.html,Teatro e spettacolo,"20, Viale dell'Innovazione, Bicocca, Municipio 9, Milano, Lombardia, 20125, Italia",45.5148696,9.2135963,5
Incontro/presentazione,21-12-23,2023-12-21,"via Brera, 28, Milano, MI",Pinacoteca di Brera - Biblioteca Nazionale Braidense di Milano,Fernanda! Fernandissima!,,Formazione e networking,"Pinacoteca di Brera, 28, Via Brera, Cerchia dei Navigli, Municipio 1, Milano, Lombardia, 20121, Italia",45.4722421,9.1884071,4
,12-02-24,2023-12-22,"Via Luigi Nono, 9, Milano, MI",Tempio del Futuro Perduto,Italo ghetto tre: la mostra fotografica al Tempio del futuro perduto,https://www.milanotoday.it/eventi/italo-ghetto-tre-la-mostra-fotografica-al-tempio-del-futuro-perduto-fabrizio-rat-elisa-bee-virya-industrial-romantico-dolce-potente.html,Non classificato,"9, Via Luigi Nono, Bullona, Porta Volta, Municipio 8 di Milano, Milano, Lombardia, 20154, Italia",45.4864027,9.1751051,10
,12-02-24,2023-12-22,"Via Luigi Nono, 9, Milano, MI",Tempio del Futuro Perduto,Italo ghetto tre: la mostra fotografica al Tempio del futuro perduto,https://www.milanotoday.it/eventi/italo-ghetto-tre-la-mostra-fotografica-al-tempio-del-futuro-perduto-fabrizio-rat-elisa-bee-virya-industrial-romantico-dolce-potente.html,Non classificato,"9, Via Luigi Nono, Bullona, Porta Volta, Municipio 8 di Milano, Milano, Lombardia, 20154, Italia",45.4864027,9.1751051,10
,24-12-23,2023-12-23,"Via Tortona, 27, Milano, MI",Super Club,"Club inferno, urban utopia, 3.10am @super club",https://www.milanotoday.it/eventi/club-inferno-urban-utopia-3-10am-super-club-resa.html,Non classificato,"27, Via Tortona, Tortona, Municipio 6, Milano, Lombardia, 20144, Italia",45.4518228,9.1631525,0
Teatri,26-12-23,2023-12-23,"Corso di Porta Romana, 63, Milano, MI",Teatro Carcano,"A Christmas Carol, il Musical di Natale",https://www.milanotoday.it/eventi/spettacolo-christmas-carol-teatro-carcano-2023.html,Teatro e spettacolo,"Teatro Carcano, 63, Corso di Porta Romana, Crocetta, Municipio 1, Milano, Lombardia, 20121, Italia",45.4566842,9.1955297,4
Concerti,23-12-23,2023-12-23,"Via Filodrammatici, 2, Milano, MI",Teatro alla Scala,La magia del concerto di Natale alla Scala,https://www.milanotoday.it/eventi/concerto-di-natale-teatro-scala.html,Musica e vita notturna,"2, Via Filodrammatici, Brera, Milano, Lombardia, 20121, Italia",45.4673781,9.188701,4
,23-12-23,2023-12-23,"Viale Lucania, 18, Milano, MI",Chiesina San Vittore e 40 Martiri,Concerto lirico natalizio,https://www.milanotoday.it/eventi/concerto-lirico-natalizio-ekaterina-adamova.html,Non classificato,"Viale Lucania, Lodi - Corvetto, Municipio 4, Milano, Lombardia, 20139, Italia",45.4430378,9.2239399,2
Disco&Feste,25-12-23,2023-12-25,"Via Alfonso Gatto, Milano, MI",Amnesia Milano,All'Amnesia la notte di Natale è elettronica,https://www.milanotoday.it/eventi/festa-natale-amnesia.html,Musica e vita notturna,"Via Alfonso Gatto, Parco Forlanini - Ortica, Municipio 4, Milano, Lombardia, 20059, Italia",45.4641873,9.2389918,6
Altro,31-01-24,2023-12-26,"via Brera, 28, Milano, MI",Pinacoteca di Brera,Festività 25-31 dicembre 2023 a BRERA,,Altri eventi,"Pinacoteca di Brera, 28, Via Brera, Cerchia dei Navigli, Municipio 1, Milano, Lombardia, 20121, Italia",45.4722421,9.1884071,4
,31-12-23,2023-12-26,"Piazza Carlo Stuparich, Milano, MI",Allianz Cloud,A Milano cresce l’attesa per lo show unico al mondo dei Top Performers di Le Cirque,https://www.milanotoday.it/eventi/top-performers-le-cirque-milano-allianz-cloud.html,Non classificato,"Piazza Carlo Stuparich, De Angeli - Monte Rosa, QT8, Municipio 8 di Milano, Milano, Lombardia, 20148, Italia",45.4830796,9.1428469,13
Mostra,31-12-23,2023-12-26,"piazza Santa Maria delle Grazie, 2, Milano, MI",Cenacolo Vinciano,"Museo Cenacolo Vinciano, Milano",,Arte e cultura,"Museo del Cenacolo Vinciano, 2, Piazza Santa Maria delle Grazie, Magenta - San Vittore, Municipio 1, Milano, Lombardia, 20123, Italia",45.4662047,9.170655,0
Mostra,31-12-23,2023-12-26,"piazza Santa Maria delle Grazie, 2, Milano, MI",Cenacolo Vinciano,Museo del Cenacolo Vinciano,,Arte e cultura,"Museo del Cenacolo Vinciano, 2, Piazza Santa Maria delle Grazie, Magenta - San Vittore, Municipio 1, Milano, Lombardia, 20123, Italia",45.4662047,9.170655,0
,31-12-23,2023-12-26,"Piazza Carlo Stuparich, Milano, MI",Allianz Cloud,"Alis, uno show internazionale unico",https://www.milanotoday.it/eventi/alis-26-31-dicembre-2023.html,Non classificato,"Piazza Carlo Stuparich, De Angeli - Monte Rosa, QT8, Municipio 8 di Milano, Milano, Lombardia, 20148, Italia",45.4830796,9.1428469,13
Fitness,26-12-23,2023-12-26,"Via Mariani, Milano, MI",Oratorio di Sant'Ilario,La corsa per digerire il pranzo di Natale: torna la corsa di Santo Stefano,https://www.milanotoday.it/eventi/corsa-santo-stefano-2023.html,Sport e attività fisica,"Via Mariani, Sant'Ilario, Nerviano, Milano, Lombardia, 20014, Italia",45.5661077,8.9883067,1
,27-12-23,2023-12-27,"Piazza del Duomo, Milano, MI",Duomo di Milano,Mädchenchor am Dom und St. Quintin e il Mainzer Domchor in concerto,https://www.milanotoday.it/eventi/madchenchor-am-dom-und-st-quintin-e-il-mainzer-domchor-in-concerto-madchenchor-am-dom-und-st-quintin-e-il-mainzer-domchor.html,Non classificato,"Piazza del Duomo, Duomo, Municipio 1, Milano, Lombardia, Italia",45.4639102,9.1906398,4
Teatri,07-01-24,2023-12-28,"Via Rivoli, 6, Milano, MI",Piccolo Teatro Studio Melato,"""Il Canto di Natale"", spettacolo di marionette per bambini",https://www.milanotoday.it/eventi/canto-natale-2023-teatro-colla.html,Teatro e spettacolo,"6, Via Rivoli, Brera, Municipio 1, Milano, Lombardia, 20121, Italia",45.4726093,9.182881,4
Teatri,07-01-24,2023-12-28,"Via Rivoli, 6, Milano, MI",Piccolo Teatro Studio Melato,"""Il Canto di Natale"", spettacolo di marionette per bambini",https://www.milanotoday.it/eventi/canto-natale-2023-teatro-colla.html,Teatro e spettacolo,"6, Via Rivoli, Brera, Municipio 1, Milano, Lombardia, 20121, Italia",45.4726093,9.182881,4
,01-01-24,2023-12-31,"Via San Barnaba, 48, Milano, MI",Ai Chiostri Milano,Prevendita capodanno belle epoque 2024,https://www.milanotoday.it/eventi/prevendita-capodanno-belle-epoque-2024-beyond-the-magazine-e-ai-chiostri-milano.html,Non classificato,"48, Via San Barnaba, Guastalla, Municipio 1, Milano, Lombardia, 20122, Italia",45.4599206,9.2019497,4
Cibo e Vino,31-12-23,2023-12-31,"Via Giovanni Battista Sammartini, 2, Milano, MI",Mercato Centrale Milano,"Musica, festa e prelibatezze da gustare: un Capodanno speciale al Mercato Centrale Milano",https://www.milanotoday.it/eventi/capodanno-mercato-centrale-milano.html,Enogastronomia,"2, Via Giovanni Battista Sammartini, Centrale, Municipio 2, Milano, Lombardia, 20125, Italia",45.4906477,9.2074972,6
Disco&Feste,31-12-23,2023-12-31,"Via Gaudenzio Fantoli, 9, Milano, MI",Fabrique,La festa di Capodanno con Radio 105,https://www.milanotoday.it/eventi/festa-capodanno-2024-fabrique-radio-105.html,Musica e vita notturna,"Fabrique, 9, Via Gaudenzio Fantoli, Mecenate, Municipio 4, Milano, Lombardia, 20138, Italia",45.4521243,9.2522773,2
Cibo e Vino,31-12-23,2023-12-31,"Via Giovanni Battista Sammartini, 2, Milano, MI",Mercato Centrale Milano,"Musica, festa e prelibatezze da gustare: un Capodanno speciale al Mercato Centrale Milano",https://www.milanotoday.it/eventi/capodanno-mercato-centrale-milano.html,Enogastronomia,"2, Via Giovanni Battista Sammartini, Centrale, Municipio 2, Milano, Lombardia, 20125, Italia",45.4906477,9.2074972,6
Cibo e Vino,31-12-23,2023-12-31,"Via Giovanni Battista Sammartini, 2, Milano, MI",Mercato Centrale Milano,"Musica, festa e prelibatezze da gustare: un Capodanno speciale al Mercato Centrale Milano",https://www.milanotoday.it/eventi/capodanno-mercato-centrale-milano.html,Enogastronomia,"2, Via Giovanni Battista Sammartini, Centrale, Municipio 2, Milano, Lombardia, 20125, Italia",45.4906477,9.2074972,6
,31-12-23,2023-12-31,"Corso di Porta Romana, 63, Milano, MI",Carcano,Un Capodanno speciale con Enrico Bertolino,https://www.milanotoday.it/eventi/spettacolo-teatro-enrico-bertolino-carcano-capodanno.html,Non classificato,"Teatro Carcano, 63, Corso di Porta Romana, Crocetta, Municipio 1, Milano, Lombardia, 20121, Italia",45.4566842,9.1955297,4
Cibo e Vino,31-12-23,2023-12-31,"Via Giovanni Battista Sammartini, 2, Milano, MI",Mercato Centrale Milano,"Musica, festa e prelibatezze da gustare: un Capodanno speciale al Mercato Centrale Milano",https://www.milanotoday.it/eventi/capodanno-mercato-centrale-milano.html,Enogastronomia,"2, Via Giovanni Battista Sammartini, Centrale, Municipio 2, Milano, Lombardia, 20125, Italia",45.4906477,9.2074972,6
,01-01-24,2023-12-31,"Via San Barnaba, 48, Milano, MI",Ai Chiostri Milano,Prevendita capodanno belle epoque 2024,https://www.milanotoday.it/eventi/prevendita-capodanno-belle-epoque-2024-beyond-the-magazine-e-ai-chiostri-milano.html,Non classificato,"48, Via San Barnaba, Guastalla, Municipio 1, Milano, Lombardia, 20122, Italia",45.4599206,9.2019497,4
Cibo e Vino,31-12-23,2023-12-31,"Via Giovanni Battista Sammartini, 2, Milano, MI",Mercato Centrale Milano,"Musica, festa e prelibatezze da gustare: un Capodanno speciale al Mercato Centrale Milano",https://www.milanotoday.it/eventi/capodanno-mercato-centrale-milano.html,Enogastronomia,"2, Via Giovanni Battista Sammartini, Centrale, Municipio 2, Milano, Lombardia, 20125, Italia",45.4906477,9.2074972,6
Disco&Feste,31-12-23,2023-12-31,"Via Pietrasanta, Milano, MI",Magazzini Generali,"Capodanno a New York, la festa ai Magazzini Generali",https://www.milanotoday.it/eventi/festa-capodanno-2024-magazzini-generali.html,Musica e vita notturna,"Via Pietrasanta, Ex Om - Morivione, Municipio 5, Milano, Lombardia, 20141, Italia",45.4435711,9.1976276,4
Incontri,15-01-23,2023-01-15,"Via Privata Cuccagna, 2/4, Milano, MI, Italia",Cascina Cuccagna,"Laboratori, spettacoli e merende alla Cascina Cuccagna",https://www.milanotoday.it/eventi/festa-bambini-cascina-cuccagna.html,Formazione e networking,"Via Privata Cuccagna, 2/4, 20135 Milano MI, Italy",45.451133,9.211579,4
Incontri,30-03-23,2023-02-09,"Via Privata Ulderico Ollearo, 3, Milano, MI, Italia",Associazione Culturale Bianca Pilat,La sfida,https://www.milanotoday.it/eventi/la-sfida-aldo-spoldi-2023.html,Formazione e networking,"Via Privata Ulderico Ollearo, 3, 20155 Milano MI, Italy",45.493295,9.1598109,10
Incontri,12-02-23,2023-02-12,"Via Gian Carlo Clerici, 150, Milano, MI, Italia",Parco Nord,Le giornate naturalistiche al Parco Nord,https://www.milanotoday.it/eventi/giornate-domenica-parco-nord.html,Formazione e networking,"Via Gian Carlo Clerici, 150, 20099 Sesto San Giovanni MI, Italy",45.5342137,9.2134208,5
Teatri,23-02-23,2023-02-23,"Via C. Battisti, 14, Milano, MI, Italia",Cinema Auditorium Don Bosco,Per favore ruba un po' più in là,https://www.milanotoday.it/eventi/per-favore-ruba-un-po-piu-in-la.html,Teatro e spettacolo,"Via Cesare Battisti, 14, 20097 San Donato Milanese MI, Italy",45.4184053,9.2634165,2
,19-03-23,2023-03-03,"Viale Sarca – angolo Via Chiese, Milano, MI, Italia",Bicocca Village,Al Bicocca Village di Milano arriva l'evento “Smettetela di farci la festa”,https://www.milanotoday.it/eventi/Donne-primo-piano.html,Non classificato,"Viale Sarca & Via Chiese, 20126 Milano MI, Italy",45.5217641,9.2122465,5
,19-03-23,2023-03-12,"Location Multiple, Milano, MI, Italia",,"Irlanda a Milano: dal 12 al 19 marzo, oltre 50 appuntamenti per festeggiare San Patrizio e l’isola di smeraldo",https://www.milanotoday.it/eventi/festa-san-patrizio-irlanda-2023-eventi.html,Non classificato,"Milan, Metropolitan City of Milan, Italy",45.468503,9.1824027,4
Mostre,16-03-23,2023-03-16,"Via C. Battisti, 14, Milano, MI, Italia",Auditorium Don Bosco,Cose di ogni giorno,https://www.milanotoday.it/eventi/cose-di-ogni-giorno-denny-mendez.html,Arte e cultura,"Via Cesare Battisti, 14, 20097 San Donato Milanese MI, Italy",45.4184053,9.2634165,2
Convegno/conferenza,17-03-23,2023-03-17,"via Borgo Canale, 23, Milano, MI, Italia",Associazione Longaretti,Longaretti vive: una storia per tutti L’archivio dell’artista riconosciuto di interesse culturale,,Formazione e networking,"Milan, Metropolitan City of Milan, Italy",45.468503,9.1824027,4
Teatri,30-03-23,2023-03-30,"Via C. Battisti, 14, Milano, MI, Italia",Auditorium Don Bosco,Certi di esistere,https://www.milanotoday.it/eventi/certi-di-esistere-alessandro-benvenuti.html,Teatro e spettacolo,"Via Cesare Battisti, 14, 20097 San Donato Milanese MI, Italy",45.4184053,9.2634165,2
,02-04-23,2023-04-02,"Piazza delle donne partigiane, Milano, MI, Italia",Barrio's Live,"Strong as metal, rebel as rock, woman as music.",https://www.milanotoday.it/eventi/strong-as-metal-rebel-as-rock-woman.html,Non classificato,"Via paolo giovio, angolo di, Via Ercole Ferrario, 30, 20144 Milano MI, Italy",45.4624093,9.1619333,0
,09-04-23,2023-04-09,"Albiolo, Milano, MI, Italia",Sede Aila,Pasqua un dono del cuore,https://www.milanotoday.it/eventi/pasqua-un-dono-del-cuore-2023.html,Non classificato,"Milan, Metropolitan City of Milan, Italy",45.468503,9.1824027,4
Mostra,09-04-23,2023-04-09,"Corso Magenta, 24 (Palazzo Arese Litta), Milano, MI, Italia",Direzione regionale Musei nazionali Lombardia,Musei statali della Lombardia: aperture nelle festività pasquali,,Arte e cultura,"Corso Magenta, 24, 20121 Milano MI, Italy",45.4658994,9.178299,4
Mostra,10-04-23,2023-04-10,"Corso Magenta, 24 (Palazzo Arese Litta), Milano, MI, Italia",Direzione regionale Musei nazionali Lombardia,Musei statali della Lombardia: aperture per le festività pasquali,,Arte e cultura,"Corso Magenta, 24, 20121 Milano MI, Italy",45.4658994,9.178299,4
Teatri,15-04-23,2023-04-15,"Via G. Carducci, 10, Milano, MI, Italia",Piccolo Circo dei Sogni,"Sotto il tendone di peschiera borromeo, la proiezione gratuita del film-spettacolo “Circoteatro ambrosiano, il circo prima del circo”",https://www.milanotoday.it/eventi/sotto-il-tendone-di-peschiera-borromeo-2023.html,Teatro e spettacolo,"V. Giosuè Carducci, 10, 20123 Milano MI, Italy",45.46631989999999,9.1756473,4
Mostre,20-04-23,2023-04-20,"Via C. Battisti, 14, Milano, MI, Italia",Cinema Auditorium Don Bosco,Oltremare. storie di confine,https://www.milanotoday.it/eventi/oltremare-storie-di-confine-teatro-gost-2023.html,Arte e cultura,"Via Cesare Battisti, 14, 20097 San Donato Milanese MI, Italy",45.4184053,9.2634165,2
Teatri,07-05-23,2023-05-05,"Via Giordano Rota, Milano, MI, Italia",Teatro Nazionale CheBanca!,Il musical di Happy Days arriva a Milano,https://www.milanotoday.it/eventi/happy-days-teatro-nazionale-che-banca.html,Teatro e spettacolo,"Via Giordano Rota, 20149 Milano MI, Italy",45.4665504,9.1542783,0
Teatri,12-05-23,2023-05-12,Stazione del Passante Ferroviario di Milano Porta Vittoria,Cielo sotto Milano,La storia d'amore tra Clara e Robert Schumann in un concerto-racconto a Milano,https://www.milanotoday.it/eventi/storia-amore-clara-robert-schumann-cielo-sotto-milano.html,Teatro e spettacolo,"Milano Porta Vittoria, 20137 Milano MI, Italy",45.4598929,9.2235503,6
Manifestazioni,14-05-23,2023-05-14,"Via Privata Cuccagna, 2, Milano, MI, Italia",Cascina Cuccagna,Auguri Cascina Cuccagna! La festa per celebrare gli 11 anni,https://www.milanotoday.it/eventi/festa-cascina-cuccagna-domenica-bestiale.html,Altri eventi,"Via Privata Cuccagna, 2, 20135 Milano MI, Italy",45.4512106,9.2116309,4
Cibo e Vino,31-05-23,2023-05-24,"Location Multiple, Milano, MI, Italia",,"Coupon, sconti e un cono gourmet: ecco come si festeggia un compleanno",https://www.milanotoday.it/eventi/brand-gelato-arte-compie-20anni.html,Enogastronomia,"Milan, Metropolitan City of Milan, Italy",45.468503,9.1824027,4
,27-05-23,2023-05-27,"Via Privata Cuccagna, 2/4, Milano, MI, Italia",Cascina Cuccagna,Dire fare essere - Fiera dei talenti,https://www.milanotoday.it/eventi/dire-fare-essere-fiera-dei-talenti-artifex.html,Non classificato,"Via Privata Cuccagna, 2/4, 20135 Milano MI, Italy",45.451133,9.211579,4
Teatri,30-05-23,2023-05-30,"Porta Vittoria Passante Ferroviario, Viale Molise, Milano, MI, Italia",Il Cielo Sotto Milano,"""Molly Bloom Penelope infedele"": il musical sull'ultimo capitolo dell'Ulisse di Joyce",https://www.milanotoday.it/eventi/molly-bloom-30-maggio-2023.html,Teatro e spettacolo,"37 B, Viale Molise, 47, 20137 Milano MI, Italy",45.4545769,9.2236851,6
evento solo on site,15-08-23,2023-08-12,"Corso Magenta, 24 (Palazzo Arese Litta), Milano, MI, Italia",Direzione regionale Musei nazionali Lombardia,Ferragosto al Museo 2023 alla Direzione regionale Musei Lombardia - tutte le sedi,,Altri eventi,"Corso Magenta, 24, 20121 Milano MI, Italy",45.4658994,9.178299,4
Cibo e Vino,03-09-23,2023-08-24,"Via Sant'Eurosia, 29, Milano, MI, Italia","Cesano Maderno, Area Velodromo",La festa della birra a Cesano Maderno con musica e ottimo cibo,https://www.milanotoday.it/eventi/festa-birra-cesano-maderno-2023.html,Enogastronomia,"Milan, Metropolitan City of Milan, Italy",45.468503,9.1824027,4
,31-10-23,2023-09-09,"Via Gatto angolo Viale Forlanini, Milano, MI, Italia",Amnesia,Amnesia Milano: tutti i suoi ospiti di settembre e ottobre 2023,https://www.milanotoday.it/eventi/amnesia-milano-tutti-i-suoi-ospiti-di-settembre-ed-ottobre-2023.html,Non classificato,"Viale Enrico Forlanini & Via Alfonso Gatto, 20138 Milano MI, Italy",45.4619285,9.2385731,2
Cibo e Vino,17-09-23,2023-09-11,"Location Multiple, Milano, MI, Italia",,"Due eventi per celebrare il ‘Mese del Luppolo’, tra degustazioni e attività coinvolgenti",https://www.milanotoday.it/eventi/celebrazione-mese-luppolo-birra.html,Enogastronomia,"Milan, Metropolitan City of Milan, Italy",45.468503,9.1824027,4
Mostra,14-09-23,2023-09-14,"San Biagio, via Forcello 3, Milano, MI, Italia",PARCO ARCHEOLOGICO DEL FORCELLO,"GEP 2023 ""UNA STORIA DI TERRA, ACQUA E FUOCO"" apertura straordinaria con visite guidate al sito e attività didattica a tema per bambini e adulti",,Arte e cultura,"Via Niccolò Paganini, 6, 20131 Milano MI, Italy",45.4831632,9.2158157,6
Mostra,15-09-23,2023-09-15,"Municipio Rivanazzano, p.zza Cornaggia, 71, Milano, MI, Italia",Castelletto Parco Brugnatelli,"GEP 2023. 23 Settembre – “Racconti, percorsi, luoghi, laboratori: Arte e Musica per la religione” 24 Settembre – “Archeologia ed arte contemporanea si incontrano”",,Arte e cultura,"Via Carlo Ottavio Cornaggia, 71, 20123 Milano MI, Italy",45.4589957,9.1848302,4
,24-09-23,2023-09-18,"Via Thomas Mann Parco Giolli Testi MM PONALE, Milano, MI, Italia",Parco Nord Milano,Parchi sommersi. Capitolo due: parco nord Milano,https://www.milanotoday.it/eventi/parchi-sommersi-capitolo-2023.html,Non classificato,"Parco pubblico - Giolli/Testi, Via Privata Raffaello Giolli, 7, 20162 Milano MI, Italy",45.52475099999999,9.2102625,5
Visita Guidata,23-09-23,2023-09-23,"Largo Colle Aperto, Milano, MI, Italia",Mura di Bergamo,Bergamo città fortezza – una nuova vita per le mura,,Arte e cultura,"Via Carlo Valvassori Peroni, 61, 20133 Milano MI, Italy",45.4807356,9.2364529,6
Mostra,24-09-23,2023-09-23,"Via Capitani di Masegra 1, Milano, MI, Italia",CAST – il CAstello delle STorie di Montagna,L’Orlando Furioso a Castello Masegra,,Arte e cultura,"Via Rosa Massara de Capitani, 20158 Milano MI, Italy",45.5014775,9.1650791,10
Mostra,24-09-23,2023-09-23,"Via Valle delle Cartiere 57/59, Milano, MI, Italia",Museo della Carta di Toscolano Maderno (BS),GEP 2023. L’antica arte del fare carta,,Arte e cultura,"Via Santa Maria Valle, 20123 Milano MI, Italy",45.4602041,9.1839902,4
evento solo on site,23-09-23,2023-09-23,"Via Musei 81/B, Milano, MI, Italia",Museo di Santa Giulia,Fondazione Brescia Musei: A spasso con... la Pimpa!,,Altri eventi,"Milan, Metropolitan City of Milan, Italy",45.468503,9.1824027,4
Mostra,24-09-23,2023-09-23,"Via Castelnuovo 9, Milano, MI, Italia",Museo della Seta di Como,GEP 2023:  Il filo segreto: alla scoperta della Seta nel territorio comasco -  Visita guidata,,Arte e cultura,"Via dei Tulipani, 18, 20146 Milano MI, Italy",45.4498563,9.137729,0
Mostra,23-09-23,2023-09-23,"via Becagli, 33, Milano, MI, Italia",Parrocchia San Colombano,GEP 2023. Mostra: Da campo di battaglia del 1702 a campo di pace oggi “Non basta dire buongiorno alla Pace per dire addio alla guerra” (Roger Etchegaray) per la Riconciliazione come via alla Pace,,Arte e cultura,"Via Legnone, 20158 Milano MI, Italy",45.4983223,9.1815418,10
Itinerario culturale,23-09-23,2023-09-23,"Via Brasa, 14, Milano, MI, Italia",Ecomuseo Valle del Bitto di Albaredo,"Ecomuseo della Valle del Bitto di Albaredo. Il METABORGO:"" Scopri il Passato, attraverso il futuro""",,Arte e cultura,"Via Legnone, 20158 Milano MI, Italy",45.4983223,9.1815418,10
Mostra,24-09-23,2023-09-23,"STRADA BEGOZZO 9, Milano, MI, Italia",COMPLESSO ARCHITETTONICO DI VILLA STROZZI A PALIDANO DI GONZAGA (MN),"GEP 2023.  IL GIARDINO ROMANTICO DI VILLA STROZZI SI RACCONTA – 23-24 settembre 2023 con eventi di animazione, visite guidate e performance di land art.",,Arte e cultura,"Milan, Metropolitan City of Milan, Italy",45.468503,9.1824027,4
Mostra,24-09-23,2023-09-23,"viale Pavia 26/28, Milano, MI, Italia",Museo “Ettore Archinti”,GEP 2023. Ettore Archinti. Lo scultore e l'uomo. Apertura straordinaria e visita guidata,,Arte e cultura,"Via Pavia, 2/6/28, 20136 Milano MI, Italy",45.4477676,9.1793645,0
Visita Guidata,23-09-23,2023-09-23,"via Brasa, Milano, MI, Italia",Ecomuseo Valle del Bitto di Albaredo,GEP 2023. Il MetaBorgo di Albaredo:” Scopri il Passato attraverso il Futuro”,,Arte e cultura,"Via Legnone, 20158 Milano MI, Italy",45.4983223,9.1815418,10
evento solo on site,23-09-23,2023-09-23,"Piazza Moretto, 4, Milano, MI, Italia",Pinacoteca Tosio Martinengo,Fondazione Brescia Musei: Un ballo in maschera,,Altri eventi,"Piazza Italia, 20091 Bresso MI, Italy",45.5325217,9.1955933,5
Mostra,24-09-23,2023-09-23,"Corso Magenta, 24 (Palazzo Arese Litta), Milano, MI, Italia",Direzione regionale Musei nazionali Lombardia,GEP 2023. Il campus Bocconi: dal sogno alla realizzazione (mostra gratuita con possibilità di visita guidata su prenotazione),,Arte e cultura,"Corso Magenta, 24, 20121 Milano MI, Italy",45.4658994,9.178299,4
Visita Guidata,24-09-23,2023-09-23,"Via Brigida Avogadro, Milano, MI, Italia",Centro Storico di Brescia,Brescia assediata: passeggiata culturale sui luoghi dell’assedio del 1438-1440,,Arte e cultura,"Via Privata Gerolamo Avogadro, 20143 Milano MI, Italy",45.4436318,9.1449376,0
evento solo on site,23-09-23,2023-09-23,"Piazza Moretto, 4, Milano, MI, Italia",Pinacoteca Tosio Martinengo,Fondazione Brescia Musei: Carte parlanti,,Altri eventi,"Piazza Italia, 20091 Bresso MI, Italy",45.5325217,9.1955933,5
Manifestazioni,12-11-23,2023-09-23,"Via Piemonte, Località La Lanca, Milano, MI, Italia","Pura Vida Farm, San Martino Siccomaro, Pavia",Il bellissimo villaggio delle zucche alle porte di Milano,https://www.milanotoday.it/eventi/villaggio-zucche-pura-vida-farm-2023.html,Altri eventi,"Via Piemonte, 20098 San Giuliano Milanese MI, Italy",45.3953965,9.2568579,2
Mostra,23-09-23,2023-09-23,"Via Becagli, 33, Milano, MI, Italia",Parrocchia San Colombano,GEP 2023. Da campo di battaglia del 1702 a campo di pace oggi “Non basta dire buongiorno alla Pace per dire addio alla guerra” (Roger Etchegaray) per la Riconciliazione come via alla Pace,,Arte e cultura,"Via Legnone, 20158 Milano MI, Italy",45.4983223,9.1815418,10
Mostra,23-09-23,2023-09-23,"via Francesca Manzoni, Milano, MI, Italia",Chiesa parrocchiale di S. Alessandro in Barzio (LC),GEP 2023. Visita guidata alla chiesa parrocchiale di S. Alessandro in Barzio,,Arte e cultura,"Via Francesca Cerkovo, 20157 Milano MI, Italy",45.5118284,9.153209,10
Mostra,23-09-23,2023-09-23,"via Becagli, 33, Milano, MI, Italia",Memoriale della Riconciliazione (Parco San Colombano),GEP 2023. Biciclettata tra Riva e Luzzara sui luoghi simbolo della Battaglia del 1702,,Arte e cultura,"Via Legnone, 20158 Milano MI, Italy",45.4983223,9.1815418,10
Mostra,24-09-23,2023-09-23,"via Gardesana n. 3 (lungo il lago, tra il bivio per Tignale dalla Gardesana e Campione), Milano, MI, Italia",Limonaia Pra dela Fam - Tignale,"GEP 2023. LA LIMONAIA, PATRIMONIO CULTURALE SOSTENIBILE: UN’EREDITÀ PER IL FUTURO",,Arte e cultura,"Milan, Metropolitan City of Milan, Italy",45.468503,9.1824027,4
evento solo on site,24-09-23,2023-09-24,"Via del Castello, 9, Milano, MI, Italia","Museo del Risorgimento ""Leonessa d'Italia""",Fondazione Brescia Musei: Sorelle d'Italia - la rivoluzione è donna,,Altri eventi,"Milan, Metropolitan City of Milan, Italy",45.468503,9.1824027,4
Mostra,24-09-23,2023-09-24,"via Becagli, 33, Milano, MI, Italia",Memoriale della Riconciliazione (Parco San Colombano),"GEP 2023. incontro-conferenza sul tema della pace, in memoria di Patrizio Guandalini.",,Arte e cultura,"Via Legnone, 20158 Milano MI, Italy",45.4983223,9.1815418,10
Manifestazione Sportiva,24-09-23,2023-09-24,"lungolago Cesare Battisti 134, Milano, MI, Italia",Lega Navale Italiana sez. Brescia Desenzano,Desenzano del Garda: OPEN DAY SAILABILITY - LAGO PER TUTTI NESSUNO ESCLUSO,,Sport e attività fisica,"Via Cesare Battisti, 134, 20122 Milano MI, Italy",45.4623907,9.2020174,4
Mostra,24-09-23,2023-09-24,"VIA DOMENION, 51, Milano, MI, Italia",46.538636,GEP 2023. La coltivazione e l’utilizzo delle rape a Livigno,,Arte e cultura,"Via Legnone, 20158 Milano MI, Italy",45.4983223,9.1815418,10
evento solo on site,24-09-23,2023-09-24,"Via Musei 81/B, Milano, MI, Italia",Museo di Santa Giulia,"Fondazione Brescia Musei: Lorenzo Mattotti. Storie, ritmi, movimenti | Visita guidata alla mostra",,Altri eventi,"Milan, Metropolitan City of Milan, Italy",45.468503,9.1824027,4
evento solo on site,24-09-23,2023-09-24,"Via Musei 81/B, Milano, MI, Italia",Museo di Santa Giulia,Fondazione Brescia Musei: Plessi sposa Brixia | Visita guidata alla mostra,,Altri eventi,"Milan, Metropolitan City of Milan, Italy",45.468503,9.1824027,4
Visita Guidata,24-09-23,2023-09-24,"Corso Magenta, 24 (Palazzo Arese Litta), Milano, MI, Italia",Direzione regionale Musei nazionali Lombardia,Visite guidate alla Ca’ Granda,,Arte e cultura,"Corso Magenta, 24, 20121 Milano MI, Italy",45.4658994,9.178299,4
Visita Guidata,24-09-23,2023-09-24,"via del Castello 9, Milano, MI, Italia",Castello di Brescia,"Il Castello di Brescia: uso, riuso e prospettive future",,Arte e cultura,"Milan, Metropolitan City of Milan, Italy",45.468503,9.1824027,4
evento solo on site,24-09-23,2023-09-24,"Piazza Moretto, 4, Milano, MI, Italia",Pinacoteca Tosio Martinengo,Fondazione Brescia Musei: Copiando s'impara!,,Altri eventi,"Piazza Italia, 20091 Bresso MI, Italy",45.5325217,9.1955933,5
Mostra,24-09-23,2023-09-24,"piazza Bolognini, 2, Milano, MI, Italia",Castello Bolognini,GEP 2023. Una giornata a corte. Visita guidata,,Arte e cultura,"Via Borgonuovo, 12, 20121 Milano MI, Italy",45.4712109,9.1911528,4
Visita Guidata,24-09-23,2023-09-24,"Via Capitani di Masegra 1, Milano, MI, Italia",MuMiVV – Museo dei Minerali di Valtellina e Valchiavenna,Alla scoperta dei minerali della Provincia di Sondrio. MuMiVV – Museo dei Minerali di Valtellina e Valchiavenna,,Arte e cultura,"Via Rosa Massara de Capitani, 20158 Milano MI, Italy",45.5014775,9.1650791,10
Convegno/conferenza,29-09-23,2023-09-29,"Piazza del Collegio, Milano, MI, Italia",Real Collegio,LuBec 2023 | Due convegni promossi dalla SAB Lombardia,,Formazione e networking,"Via S. Vigilio, 10, 20142 Milano MI, Italy",45.43579159999999,9.1642883,0
,01-10-23,2023-09-30,"Via Novegro s/n, V.le Esposizioni, Milano, MI, Italia",Parco Esposizioni Novegro,La magia del Musical “CATS” arriva a Milano. In anteprima il flashmob per QuattroZampeInFiera,https://www.milanotoday.it/eventi/musical-cats-milano-anteprima-flashmob-quattrozampeinfiera.html,Non classificato,"Via Novegro Strada Rivoltana (Segrate), 20054 Novegro-Tregarezzo MI, Italy",45.47258129999999,9.2779819,2
,31-10-23,2023-10-01,"Lainate e Arese, Milano, MI, Italia",Location Multiple,Denti in salute? Prenota il tuo check-up in occasione del Mese della Salute Orale,https://www.milanotoday.it/eventi/denti-piu-in-salute.html,Non classificato,"Via Arese & Via Lainate, 21042 Caronno Pertusella VA, Italy",45.58197010000001,9.0455908,8
,01-10-23,2023-10-01,"Via C. R. Darwin, 60, Milano, MI, Italia",Polo Zooantropologico,Arca delle code in festa per i bambini,https://www.milanotoday.it/eventi/arca-delle-code-in-festa-per-i-bambini.html,Non classificato,"Via C. R. Darwin, 60, 20019 Settimo Milanese MI, Italy",45.4643454,9.051642,3
,16-12-23,2023-10-07,"Via Gian Carlo Clerici, Milano, MI, Italia",Parco Nord,Ciclo di incontri di ginnastica psichica,https://www.milanotoday.it/eventi/ciclo-di-incontri-di-ginnastica-psichica.html,Non classificato,"Via Gian Carlo Clerici, Milano MI, Italy",45.5328826,9.204104,5
Mostre,25-02-24,2023-10-12,"Via Portico, 71, Milano, MI, Italia",Oriocenter - Orio al Serio (BG),A pochi passi da Milano la più grande mostra d'Europa di opere con mattoncini LEGO®,https://www.milanotoday.it/eventi/mostra-lego-oriocenter.html,Arte e cultura,"Viale Carlo Troya, 20144 Milano MI, Italy",45.4514368,9.1550999,0
Mostre,25-02-24,2023-10-12,"Via Portico, 71, Milano, MI, Italia",Oriocenter - Orio al Serio (BG),A pochi passi da Milano la più grande mostra d'Europa di opere con mattoncini LEGO®,https://www.milanotoday.it/eventi/mostra-lego-oriocenter.html,Arte e cultura,"Viale Carlo Troya, 20144 Milano MI, Italy",45.4514368,9.1550999,0
Mostre,15-10-23,2023-10-14,"Location multiple, Milano, MI, Italia",Prologis Park Romentino e Prologis Park Lodi,Scoprire l'Urban Art a Milano: ecco quando e dove visitare due gallerie a cielo aperto,https://www.milanotoday.it/eventi/urban-art-milano-ottobre.html,Arte e cultura,"Milan, Metropolitan City of Milan, Italy",45.468503,9.1824027,4
,19-10-23,2023-10-19,"Via C. Battisti, 14, Milano, MI, Italia",Auditorium Don Bosco,L'ultima cena del barone rampante,https://www.milanotoday.it/eventi/l-ultima-cena-del-barone-rampante-teatro-gost.html,Non classificato,"Via Cesare Battisti, 14, 20097 San Donato Milanese MI, Italy",45.4184053,9.2634165,2
,22-10-23,2023-10-22,"Via Privata Cuccagna, 2, Milano, MI, Italia",Cascina Cuccagna,"Le Carrousel, il mercatino del ""fatto a mano"" in Cascina Cuccagna",https://www.milanotoday.it/eventi/mercatino-le-carousel-cascina-cuccagna.html,Non classificato,"Via Privata Cuccagna, 2, 20135 Milano MI, Italy",45.4512106,9.2116309,4
,26-10-23,2023-10-26,"Via Carmagnola, angolo via Pepe, Milano, MI, Italia",LIBRERIA LES MOTS,"Book concert: ""Isole comprese""",https://www.milanotoday.it/eventi/book-concert-isole-comprese-angel-luis-galzerano.html,Non classificato,"Via Guglielmo Pepe & Via Carmagnola, 20159 Milano MI, Italy",45.48599309999999,9.1866556,10
Concerti,29-10-23,2023-10-28,"Porta Vittoria Passante Ferroviario, Viale Molise, Milano, MI, Italia",Il Cielo Sotto Milano,"""Mamma Rai"", concerto-spettacolo della Dual Band a Milano",https://www.milanotoday.it/eventi/mamma-rai-dual-band-28-29-ottobre-2023.html,Musica e vita notturna,"37 B, Viale Molise, 47, 20137 Milano MI, Italy",45.4545769,9.2236851,6
Disco&Feste,31-10-23,2023-10-29,"Via Sammartini, angolo piazza Quattro Novembre, Milano, MI, Italia",Mercato Centrale Milano,Merchalloween: al Mercato una rassegna di eventi spaventosamente divertenti,https://www.milanotoday.it/eventi/halloween-eventi-milano.html,Musica e vita notturna,"Piazza IV Novembre & Via Giovanni Battista Sammartini, 20124 Milano MI, Italy",45.486958,9.2032406,6
,31-10-23,2023-10-31,"Via G. Carducci, 6, Milano, MI, Italia",Piccolo Circo dei Sogni,Evento di Halloween: il piccolo circo dei sogni,https://www.milanotoday.it/eventi/evento-di-halloween-il-piccolo-circo-dei-sogni-di-peschiera-borromeo-milano-mette-in-scena-halloween-circus-la-notte-della-sopravvivenza.html,Non classificato,"V. Giosuè Carducci, 6, 20123 Mombretto MI, Italy",45.4667928,9.176367,4
,25-12-23,2023-11-04,"via Gatto angolo Viale Forlanini, Milano, MI, Italia",Amnesia,Amnesia Milano: il calendario di novembre e dicembre 2023,https://www.milanotoday.it/eventi/amnesia-milano-il-calendario-di-novembre-e-dicembre-2023-joseph-capriati-sama-adbulhadi-adam-beyer-indira-paganotto.html,Non classificato,"Viale Enrico Forlanini & Via Alfonso Gatto, 20138 Milano MI, Italy",45.4619285,9.2385731,2
Manifestazioni,12-11-23,2023-11-07,"Rho, Fieramilano, Milano, MI, Italia",Rho Fiera,"Eicma 2023, torna la grande fiera delle moto",https://www.milanotoday.it/eventi/eicma-2023-biglietti.html,Altri eventi,"Rho Fiera, 20017 Rho MI, Italy",45.5211262,9.0885097,8
,09-11-23,2023-11-09,"Via C. Battisti, 14, Milano, MI, Italia",Auditorium Don Bosco,"Donne come noi, l’amore al tempo dei social",https://www.milanotoday.it/eventi/donne-come-noi-l-amore-al-tempo-dei-social-compagnia-teatrale-cheproblemace.html,Non classificato,"Via Cesare Battisti, 14, 20097 San Donato Milanese MI, Italy",45.4184053,9.2634165,2
,11-11-23,2023-11-11,"Via Cordusio, angolo via Armorari, Milano, MI, Italia",passeggiata all'aperto,La Milano di Ernest Hemingway,https://www.milanotoday.it/eventi/la-milano-di-ernrst-hemingway-ernrst-hemingway-10567627.html,Non classificato,"Via Armorari & Via Cordusio, 20123 Milano MI, Italy",45.4646568,9.1853675,4
Inaugurazioni,15-11-23,2023-11-15,"All'angolo tra via Pasolini e via Daimler, Milano, MI, Italia",Centro Commerciale Merlata Bloom,L'innovativo store di Milano Merlata che coniuga sport e sostenibilità apre le porte al Merlata Bloom,https://www.milanotoday.it/eventi/decathlon-nuova-apertura-merlata-bloom.html,Inaugurazioni,"Via Gottlieb Wilhelm Daimler & Via Pier Paolo Pasolini, 20151 Milano MI, Italy",45.5106827,9.1014867,13
,16-11-23,2023-11-15,"Piazza Donne Partigiane, Milano, MI, Italia",Barrio's,Urban hub infiamma il Barrio's nel quartiere di Marracash,https://www.milanotoday.it/eventi/16-dicembre-urban-hub-infiamma-il-barrio-s-nel-quartiere-di-marracash-urban-hub.html,Non classificato,"Piazzale Donne Partigiane, 20142 Milano MI, Italy",45.43231189999999,9.1495665,0
Inaugurazioni,15-11-23,2023-11-15,"All'angolo tra via Pasolini e via Daimler, Milano, MI, Italia",Centro Commerciale Merlata Bloom,L'innovativo store di Milano Merlata che coniuga sport e sostenibilità apre le porte al Merlata Bloom,https://www.milanotoday.it/eventi/decathlon-nuova-apertura-merlata-bloom.html,Inaugurazioni,"Via Gottlieb Wilhelm Daimler & Via Pier Paolo Pasolini, 20151 Milano MI, Italy",45.5106827,9.1014867,13
Inaugurazioni,15-11-23,2023-11-15,"All'angolo tra via Pasolini e via Daimler, Milano, MI, Italia",Centro Commerciale Merlata Bloom,L'innovativo store di Milano Merlata che coniuga sport e sostenibilità apre le porte al Merlata Bloom,https://www.milanotoday.it/eventi/decathlon-nuova-apertura-merlata-bloom.html,Inaugurazioni,"Via Gottlieb Wilhelm Daimler & Via Pier Paolo Pasolini, 20151 Milano MI, Italy",45.5106827,9.1014867,13
Inaugurazioni,15-11-23,2023-11-15,"All'angolo tra via Pasolini e via Daimler, Milano, MI, Italia",Centro Commerciale Merlata Bloom,L'innovativo store di Milano Merlata che coniuga sport e sostenibilità apre le porte al Merlata Bloom,https://www.milanotoday.it/eventi/decathlon-nuova-apertura-merlata-bloom.html,Inaugurazioni,"Via Gottlieb Wilhelm Daimler & Via Pier Paolo Pasolini, 20151 Milano MI, Italy",45.5106827,9.1014867,13
Inaugurazioni,15-11-23,2023-11-15,"All'angolo tra via Pasolini e via Daimler, Milano, MI, Italia",Centro Commerciale Merlata Bloom,L'innovativo store di Milano Merlata che coniuga sport e sostenibilità apre le porte al Merlata Bloom,https://www.milanotoday.it/eventi/decathlon-nuova-apertura-merlata-bloom.html,Inaugurazioni,"Via Gottlieb Wilhelm Daimler & Via Pier Paolo Pasolini, 20151 Milano MI, Italy",45.5106827,9.1014867,13
,02-12-23,2023-11-17,"Location multiple, Milano, MI, Italia",Fondazione IRCCS Ca’ Granda Ospedale Maggiore Policlinico di Milano e IRCCS Ospedale San Raffaele di Milano,Dermatite atopica: a Milano due giorni di screening gratuiti su prenotazione,https://www.milanotoday.it/eventi/screening-gratuiti-dermatite-milano.html,Non classificato,"Milan, Metropolitan City of Milan, Italy",45.468503,9.1824027,4
,18-11-23,2023-11-18,"Via C. Battisti, 14, Milano, MI, Italia",Auditorium Don Bosco,Ciccio Pasticcio e i tre porcellini,https://www.milanotoday.it/eventi/ciccio-pasticcio-e-i-tre-porcellini-ciccio-pasticcio-band.html,Non classificato,"Via Cesare Battisti, 14, 20097 San Donato Milanese MI, Italy",45.4184053,9.2634165,2
Manifestazioni,26-11-23,2023-11-24,"Strada Statale Sempione, 28, Milano, MI, Italia",Fieramilano,"Milano Games Week 2023, la nuova edizione tra videogiochi e musica",https://www.milanotoday.it/eventi/milano-games-week-2023.html,Altri eventi,"Strada Statale Sempione, 28, 20017 Rho MI, Italy",45.5197013,9.07896,8
,31-01-24,2023-11-30,"Via E. de Amicis, 17, Milano, MI, Italia",Centro Artistico Alik Cavaliere,I pensieri di Gustavo B.,https://www.milanotoday.it/eventi/i-pensieri-di-gustavo-b-2023.html,Non classificato,"Via Edmondo de Amicis, 17, 20123 Milano MI, Italy",45.457678,9.1794302,0
,31-01-24,2023-11-30,"Via E. de Amicis, 17, Milano, MI, Italia",Centro Artistico Alik Cavaliere,I pensieri di Gustavo B.,https://www.milanotoday.it/eventi/i-pensieri-di-gustavo-b-2023.html,Non classificato,"Via Edmondo de Amicis, 17, 20123 Milano MI, Italy",45.457678,9.1794302,0
Incontri,24-11-23,2023-12-01,"Via Sammartini, angolo piazza Quattro Novembre, Milano, MI, Italia",Mercato Centrale Milano,Gli eventi dell'avvento: un lungo calendario di appuntamenti divertenti e ricchi di bontà,https://www.milanotoday.it/eventi/gli-eventi-dell-avvento.html,Formazione e networking,"Piazza IV Novembre & Via Giovanni Battista Sammartini, 20124 Milano MI, Italy",45.486958,9.2032406,6
Fiere,10-12-23,2023-12-02,"Strada Statale Sempione, 28, Milano, MI, Italia",Fieramilano,A Milano un viaggio all'insegna dell'artigianato tra culture e tradizioni,https://www.milanotoday.it/eventi/fiera-artigianato-milano.html,Mercati e shopping,"Strada Statale Sempione, 28, 20017 Rho MI, Italy",45.5197013,9.07896,8
Teatri,31-01-24,2023-12-04,"Via Giordano Rota, Milano, MI, Italia",Teatro Nazionale CheBanca!,"""Chicago, il Musical"" tra jazz e coreografie spettacolari",https://www.milanotoday.it/eventi/musical-chicago-teatro-nazionale.html,Teatro e spettacolo,"Via Giordano Rota, 20149 Milano MI, Italy",45.4665504,9.1542783,0
Teatri,31-01-24,2023-12-04,"Via Giordano Rota, Milano, MI, Italia",Teatro Nazionale CheBanca!,"""Chicago, il Musical"" tra jazz e coreografie spettacolari",https://www.milanotoday.it/eventi/musical-chicago-teatro-nazionale.html,Teatro e spettacolo,"Via Giordano Rota, 20149 Milano MI, Italy",45.4665504,9.1542783,0
Mercatini,17-12-23,2023-12-17,"Via Privata Cuccagna, 2, Milano, MI, Italia",Cascina Cuccagna,Il mercatino in Cascina Cuccagna aspettando il Natale,https://www.milanotoday.it/eventi/mercatino-natale-le-carousel-cascina-cuccagna.html,Mercati e shopping,"Via Privata Cuccagna, 2, 20135 Milano MI, Italy",45.4512106,9.2116309,4
