categoria,data_fine,data_inizio,indirizzo,luogo,titolo,url,macro_categoria,geocoded_address,lat,long,Cluster
Mostre,01-01-21,2021-01-01,"Piazza San Babila, Milano, MI",Teatro Nuovo,Mostra su Banksy al Teatro Nuovo di Milano: 60 opere e 30 murales a grandezza naturale,https://www.milanotoday.it/eventi/banksy-teatro-nuovo.html,Arte e cultura,"Piazza San Babila, Duomo, Municipio 1, Milano, Lombardia, 20122, Italia",45.466374,9.1977066,8
Iniziative Digitali,31-12-21,2021-01-01,"., Milano, MI",Centro storico,DANTE 2021,,Eventi digitali,"Milano, Lombardia, Italia",45.4641943,9.1896346,8
Mostre,01-01-21,2021-01-01,"Piazza San Babila, Milano, MI",Teatro Nuovo,Mostra su Banksy al Teatro Nuovo di Milano: 60 opere e 30 murales a grandezza naturale,https://www.milanotoday.it/eventi/banksy-teatro-nuovo.html,Arte e cultura,"Piazza San Babila, Duomo, Municipio 1, Milano, Lombardia, 20122, Italia",45.466374,9.1977066,8
Mostre,01-01-21,2021-01-01,"Piazza San Babila, Milano, MI",Teatro Nuovo,Mostra su Banksy al Teatro Nuovo di Milano: 60 opere e 30 murales a grandezza naturale,https://www.milanotoday.it/eventi/banksy-teatro-nuovo.html,Arte e cultura,"Piazza San Babila, Duomo, Municipio 1, Milano, Lombardia, 20122, Italia",45.466374,9.1977066,8
Spettacoli,03-01-21,2021-01-03,"via Pitteri 58,20134, Milano, MI,Italia",Martinitt,B&B: cuori in affitto,https://www.teatro.it/spettacoli/milano/martinitt/2020-2021/bb-cuori-in-affitto,Teatro e spettacolo,"Via Riccardo Pitteri, Lambrate, Municipio 3, Milano, Lombardia, 20134, Italia",45.4791078,9.2461224,7
Spettacoli,03-01-21,2021-01-03,"via Pitteri 58,20134, Milano, MI,Italia",Martinitt,B&B: cuori in affitto,https://www.teatro.it/spettacoli/milano/martinitt/2020-2021/bb-cuori-in-affitto,Teatro e spettacolo,"Via Riccardo Pitteri, Lambrate, Municipio 3, Milano, Lombardia, 20134, Italia",45.4791078,9.2461224,7
Spettacoli,06-01-21,2021-01-06,"Corso Magenta 24,20123, Milano, MI,Italia",MTM - Litta,Cyrano sulla Luna,https://www.teatro.it/spettacoli/milano/litta/2020-2021/cyrano-sulla-luna,Teatro e spettacolo,"Soprintendenza Archeologia, Belle Arti e Paesaggio per la Città Metropolitana  di Milano, 24, Corso Magenta, Cerchia dei Navigli, Municipio 1, Milano, Lombardia, 20123, Italia",45.4661897,9.1783767,8
Spettacoli,06-01-21,2021-01-06,"Corso Magenta 24,20123, Milano, MI,Italia",MTM - Litta,Cyrano sulla Luna,https://www.teatro.it/spettacoli/milano/litta/2020-2021/cyrano-sulla-luna,Teatro e spettacolo,"Soprintendenza Archeologia, Belle Arti e Paesaggio per la Città Metropolitana  di Milano, 24, Corso Magenta, Cerchia dei Navigli, Municipio 1, Milano, Lombardia, 20123, Italia",45.4661897,9.1783767,8
Incontri,30-01-21,2021-01-07,"Via Privata Cascia, 6, Milano, MI",Jardino,"""Speculum divinitatis"" - Icone ortodosse",https://www.milanotoday.it/eventi/speculum-divinitatis-icone-ortodosse.html,Formazione e networking,"6, Via Privata Cascia, Adriano, Municipio 2, Milano, Lombardia, 20128, Italia",45.5119899,9.2439487,4
Spettacoli,09-01-21,2021-01-09,"Largo Antonio Greppi,20121, Milano, MI,Italia",Piccolo Teatro - Teatro Strehler,La tragedia del vendicatore,https://www.teatro.it/spettacoli/milano/piccolo-teatro-teatro-strehler/2020-2021/la-tragedia-del-vendicatore,Teatro e spettacolo,"Largo Antonio Greppi, Cerchia dei Navigli, Municipio 1, Milano, Lombardia, 20121, Italia",45.4718502,9.1827114,8
Spettacoli,09-01-21,2021-01-09,"Largo Antonio Greppi,20121, Milano, MI,Italia",Piccolo Teatro - Teatro Strehler,La tragedia del vendicatore,https://www.teatro.it/spettacoli/milano/piccolo-teatro-teatro-strehler/2020-2021/la-tragedia-del-vendicatore,Teatro e spettacolo,"Largo Antonio Greppi, Cerchia dei Navigli, Municipio 1, Milano, Lombardia, 20121, Italia",45.4718502,9.1827114,8
Incontri,05-02-21,2021-01-10,"Piazza Venticinque Aprile, Milano, MI",on line,Laboratorio gratuito di fotografia contro la violenza,https://www.milanotoday.it/eventi/laboratorio-gratuito-di-fotografia-contro-la-violenza.html,Formazione e networking,"Piazza Venticinque Aprile, Brera, Municipio 9, Milano, Lombardia, 20100, Italia",45.480639,9.1875684,8
,13-01-21,2021-01-13,"Via Enrico Caviglia, 3, Milano, MI",Istituto Italiano di Fotografia,“Skrei. il viaggio” talk online con la fotografa Valentina Tamborra,https://www.milanotoday.it/eventi/skrei-il-viaggio-talk-online-con-la-fotografa-2021.html,Non classificato,"CSDM, 3, Via Enrico Caviglia, Lodi - Corvetto, Municipio 4, Milano, Lombardia, 20139, Italia",45.4428538,9.2307904,0
Spettacoli,14-01-21,2021-01-14,"Via Orcagna 2,20131, Milano, MI,Italia",No'hma Teresa Pomodoro,Dio è morto e neanch'io mi sento tanto bene,https://www.teatro.it/spettacoli/milano/nohma-teresa-pomodoro/2020-2021/dio-e-morto-e-neanchio-mi-sento-tanto-bene,Teatro e spettacolo,"2, Via Andrea Orcagna, Città Studi, Municipio 3, Milano, Lombardia, 20131, Italia",45.4812196,9.2281055,0
Spettacoli,17-01-21,2021-01-17,"Corso Buenos Aires,33,20124, Milano, MI,Italia",Teatro Elfo Puccini - sala Fassbinder,I figli della frettolosa,https://www.teatro.it/spettacoli/milano/teatro-elfo-puccini-sala-fassbinder/2020-2021/i-figli-della-frettolosa,Teatro e spettacolo,"Teatro Elfo Puccini, 33, Corso Buenos Aires, Buenos Aires - Venezia, Municipio 3, Milano, Lombardia, 20124, Italia",45.4794317,9.2098387,0
Spettacoli,17-01-21,2021-01-17,"Via Boltraffio 21,20159, Milano, MI,Italia",Fontana,Chi ruba un piede è fortunato in amore,https://www.teatro.it/spettacoli/milano/fontana/2020-2021/chi-ruba-un-piede-e-fortunato-in-amore,Teatro e spettacolo,"21, Via Gian Antonio Boltraffio, Isola, Municipio 9, Milano, Lombardia, 20159, Italia",45.4921952,9.1878419,2
Spettacoli,17-01-21,2021-01-17,"Via Orcagna 2,20131, Milano, MI,Italia",No'hma Teresa Pomodoro,OFFelia,https://www.teatro.it/spettacoli/milano/nohma-teresa-pomodoro/2020-2021/offelia,Teatro e spettacolo,"2, Via Andrea Orcagna, Città Studi, Municipio 3, Milano, Lombardia, 20131, Italia",45.4812196,9.2281055,0
Spettacoli,20-01-21,2021-01-20,"via Pier Lombardo,14,20135, Milano, MI,Italia",Franco Parenti - Sala Grande,L'onore perduto di Katharina Blum,https://www.teatro.it/spettacoli/milano/franco-parenti-sala-grande/2020-2021/lonore-perduto-di-katharina-blum,Teatro e spettacolo,"Via Pier Lombardo, Porta Romana, Municipio 4, Milano, Lombardia, 20135, Italia",45.4542958,9.2063109,0
Seminario,20-02-21,2021-01-20,"Via Senato, 10, Milano, MI",Archivio di Stato di Milano,"Presentazione live streaming volume ""Records Management. ISO 15489: progettare sistemi documentali""",,Formazione e networking,"10, Via Senato, Guastalla, Municipio 1, Milano, Lombardia, 20121, Italia",45.4700976,9.1981223,8
Incontri,24-01-21,2021-01-24,"Via Giovanni Battista Boeri, 3, Milano, MI",Opera Cardinal Ferrari,100 anni dalla firma costitutiva dell'opera cardinal ferrari storico centro d'accoglienza milanese,https://www.milanotoday.it/eventi/100-anni-dalla-firma-costitutiva-dell-opera-cardinal-ferrari.html,Formazione e networking,"Via Giovanni Battista Boeri, Tibaldi, Municipio 5, Milano, Lombardia, 20136, Italia",45.43812,9.1863084,6
Spettacoli,24-01-21,2021-01-24,"Via Rivoli 6,20121, Milano, MI,Italia",Piccolo Teatro - Studio Melato,Natale in casa Cupiello,https://www.teatro.it/spettacoli/milano/piccolo-teatro-studio-melato/2020-2021/natale-in-casa-cupiello,Teatro e spettacolo,"6, Via Rivoli, Brera, Municipio 1, Milano, Lombardia, 20121, Italia",45.4726093,9.182881,8
Spettacoli,24-01-21,2021-01-24,"Via Orcagna 2,20131, Milano, MI,Italia",No'hma Teresa Pomodoro,Largo al factotum,https://www.teatro.it/spettacoli/milano/nohma-teresa-pomodoro/2020-2021/largo-al-factotum,Teatro e spettacolo,"2, Via Andrea Orcagna, Città Studi, Municipio 3, Milano, Lombardia, 20131, Italia",45.4812196,9.2281055,0
Seminario,27-02-21,2021-01-27,"Via Senato, 10, Milano, MI",Archivio di Stato di Milano,Seminario “I calzini «nuovi» del principe Carlo. La classificazione in archivistica e il progetto Titulus” - Live streaming,,Formazione e networking,"10, Via Senato, Guastalla, Municipio 1, Milano, Lombardia, 20121, Italia",45.4700976,9.1981223,8
Altro,13-05-21,2021-01-27,"Via Senato, Milano, MI",Soprintendenza Archivistica e Bibliografica della Lombardia,BaSe Bacheca Semiologica,,Altri eventi,"Via Senato, Cerchia dei Navigli, Municipio 1, Milano, Lombardia, 20121, Italia",45.4714266,9.1962309,8
Mostre,10-02-21,2021-01-27,"Via Melzo, 30, Milano, MI",gli eroici furori,Risveglio - Simona Uberto,https://www.milanotoday.it/eventi/risveglio-simona-uberto-simona-uberto.html,Arte e cultura,"La Teiera Eclettica, 30, Via Melzo, Buenos Aires - Venezia, Municipio 3, Milano, Lombardia, 20129, Italia",45.4751952,9.2080791,0
Incontri,11-02-21,2021-01-27,"Via Piero della Francesca, Milano, MI",On line,Corso di dizione con Fabrizio Croci,https://www.milanotoday.it/eventi/corso-dizione-fabrizio-croci.html,Formazione e networking,"Via Piero della Francesca, Sarpi, Bullona, Municipio 8 di Milano, Milano, Lombardia, 20155, Italia",45.4837691,9.1640902,2
Incontri,20-02-21,2021-01-27,"Via Giuseppe Verdi, 9, Milano, MI",Vizzolo al futuro,Giorno della memoria: mostra fotografia di Iliza Ugliano,https://www.milanotoday.it/eventi/giorno-della-memoria-mostra-fotografia-di-iliza-ugliano-2021.html,Formazione e networking,"9, Via Giuseppe Verdi, Brera, Municipio 1, Milano, Lombardia, 20121, Italia",45.4687575,9.1883373,8
Incontri,28-01-21,2021-01-27,"Via Privata Stefanardo da Vimercate, Milano, MI",online,La seconda opportunità: parlano i ragazzi,https://www.milanotoday.it/eventi/seconda-opportunita-parlano-ragazzi.html,Formazione e networking,"Via privata Stefanardo da Vimercate, Viale Monza, Municipio 2, Milano, Lombardia, 20128, Italia",45.5064524,9.2266047,4
Spettacoli,28-01-21,2021-01-28,"Via Hermada,8,20162, Milano, MI,Italia",della Cooperativa,I me ciamava per nome: 44787,https://www.teatro.it/spettacoli/milano/della-cooperativa/2020-2021/i-me-ciamava-per-nome-44787,Teatro e spettacolo,"8, Via privata Hermada, Niguarda - Cà Granda, Municipio 9, Milano, Lombardia, 20162, Italia",45.5147872,9.1901457,4
Spettacoli,28-01-21,2021-01-28,"Via Orcagna 2,20131, Milano, MI,Italia",No'hma Teresa Pomodoro,L'amico di Fred,https://www.teatro.it/spettacoli/milano/nohma-teresa-pomodoro/2020-2021/lamico-di-fred,Teatro e spettacolo,"2, Via Andrea Orcagna, Città Studi, Municipio 3, Milano, Lombardia, 20131, Italia",45.4812196,9.2281055,0
Spettacoli,31-01-21,2021-01-31,"via Pitteri 58,20134, Milano, MI,Italia",Martinitt,Luci (e ombre) della ribalta,https://www.teatro.it/spettacoli/milano/martinitt/2020-2021/luci-e-ombre-della-ribalta,Teatro e spettacolo,"Via Riccardo Pitteri, Lambrate, Municipio 3, Milano, Lombardia, 20134, Italia",45.4798362,9.2457864,7
Spettacoli,31-01-21,2021-01-31,"Corso Buenos Aires,33,20124, Milano, MI,Italia",Teatro Elfo Puccini - sala Fassbinder,Himmelweg (la via del cielo),https://www.teatro.it/spettacoli/milano/teatro-elfo-puccini-sala-fassbinder/2020-2021/himmelweg-la-via-del-cielo,Teatro e spettacolo,"Teatro Elfo Puccini, 33, Corso Buenos Aires, Buenos Aires - Venezia, Municipio 3, Milano, Lombardia, 20124, Italia",45.4794317,9.2098387,0
Mostre,30-03-21,2021-02-02,"Via Comelico, 40, Milano, MI",Dep Art Gallery,Regine Schumann. Chromasophia,https://www.milanotoday.it/eventi/regine-schumann-chromasophia-regine-schumann-2021.html,Arte e cultura,"Via Comelico, XXII Marzo, Municipio 4, Milano, Lombardia, 20135, Italia",45.4542938,9.2144305,0
Incontri,12-02-21,2021-02-03,"Via del Vecchio Politecnico, 3, Milano, MI",Istituto Svizzero,'The most beautiful swiss books,https://www.milanotoday.it/eventi/the-most-beautiful-swiss-books-2021.html,Formazione e networking,"3, Via del Vecchio Politecnico, Guastalla, Municipio 1, Milano, Lombardia, 20121, Italia",45.4724248,9.1964505,8
Incontri,12-02-21,2021-02-03,"Via del Vecchio Politecnico, 3, Milano, MI",Istituto Svizzero,Reopening: 'the most beautiful swiss books',https://www.milanotoday.it/eventi/reopening-the-most-beautiful-swiss-books-2021.html,Formazione e networking,"3, Via del Vecchio Politecnico, Guastalla, Municipio 1, Milano, Lombardia, 20121, Italia",45.4724248,9.1964505,8
Seminario,03-02-21,2021-02-03,"Via Senato, 10, Milano, MI",Archivio di Stato di Milano,Seminario “Standard e software per la descrizione archivistica” - live streaming,,Formazione e networking,"10, Via Senato, Guastalla, Municipio 1, Milano, Lombardia, 20121, Italia",45.4700976,9.1981223,8
Spettacoli,07-02-21,2021-02-07,"Corso Buenos Aires 33,20124, Milano, MI,Italia",Elfo Puccini - Sala Bausch,Io lavoro per la morte,https://www.teatro.it/spettacoli/milano/elfo-puccini-sala-bausch/2020-2021/io-lavoro-per-la-morte,Teatro e spettacolo,"Teatro Elfo Puccini, 33, Corso Buenos Aires, Buenos Aires - Venezia, Municipio 3, Milano, Lombardia, 20124, Italia",45.4794317,9.2098387,0
Spettacoli,07-02-21,2021-02-07,"Via Pier Lombardo 14,20135, Milano, MI,Italia",Franco Parenti - Sala Blu,L'angelo di Kobane,https://www.teatro.it/spettacoli/milano/franco-parenti-sala-acomea/2020-2021/langelo-di-kobane,Teatro e spettacolo,"Via Pier Lombardo, Porta Romana, Municipio 4, Milano, Lombardia, 20135, Italia",45.4542958,9.2063109,0
Mostre,30-06-21,2021-02-09,"Piazza Castello, Milano, MI","Castello Sforzesco, Cortile delle Armi",Il Castello Sforzesco rende omaggio a Raffaello con una grande collezione di opere,https://www.milanotoday.it/eventi/mostra-raffaello-castello-sforzesco.html,Arte e cultura,"Piazza Castello, Cerchia dei Navigli, Municipio 1, Milano, Lombardia, Italia",45.4704699,9.1819129,8
Nuova Apertura,15-02-21,2021-02-09,"piazza Santa Maria delle Grazie, 2, Milano, MI",Cenacolo Vinciano,Il Museo del Cenacolo riapre al pubblico,,Inaugurazioni,"Museo del Cenacolo Vinciano, 2, Piazza Santa Maria delle Grazie, Magenta - San Vittore, Municipio 1, Milano, Lombardia, 20123, Italia",45.4662047,9.170655,8
Mostre,20-06-21,2021-02-09,"Via Tortona, 56, Milano, MI",Mudec - Museo delle Culture Milano,La grande strada Inca in mostra al Mudec,https://www.milanotoday.it/eventi/mostra-inca-mudec.html,Arte e cultura,"Mudec, 56, Via Tortona, Tortona, Municipio 6, Milano, Lombardia, 20144, Italia",45.4520455,9.1613185,6
Webinar,10-02-21,2021-02-10,"Via Senato, 10, Milano, MI",Archivio di Stato di Milano,"Webinar mostra “Fiume tra nazionalismo conservatore, progetti rivoluzionari e immaginazione al potere. Il sostegno dei milanesi a Gabriele d’Annunzio”",,Eventi digitali,"10, Via Senato, Guastalla, Municipio 1, Milano, Lombardia, 20121, Italia",45.4700976,9.1981223,8
,24-02-21,2021-02-10,"Via Privata Passo Pordoi, 7/3, Milano, MI",HUB/ART,Ars gratia artis III,https://www.milanotoday.it/eventi/ars-gratia-artis-iii-2021.html,Non classificato,"Via Passo Pordoi, Scalo Romana, Municipio 5, Milano, Lombardia, 20139, Italia",45.4364043,9.2092881,0
Mostre,24-02-21,2021-02-10,"Via Privata Passo Pordoi, 7/3, Milano, MI",Hub/Art,Ars gratia artis III,https://www.milanotoday.it/eventi/ars-gratia-artis-III.html,Arte e cultura,"Via Passo Pordoi, Scalo Romana, Municipio 5, Milano, Lombardia, 20139, Italia",45.4364043,9.2092881,0
Spettacoli,11-02-21,2021-02-11,"Via Orcagna 2,20131, Milano, MI,Italia",No'hma Teresa Pomodoro,Mille bolle blu,https://www.teatro.it/spettacoli/milano/nohma-teresa-pomodoro/2020-2021/mille-bolle-blu,Teatro e spettacolo,"2, Via Andrea Orcagna, Città Studi, Municipio 3, Milano, Lombardia, 20131, Italia",45.4812196,9.2281055,0
,12-03-21,2021-02-11,"Via Benedetto Marcello, 46, Milano, MI",Galleria Manifiesto Blanco,Mostra bill & the city - William magruder @ manifiesto blanco,https://www.milanotoday.it/eventi/mostra-bill-the-city-william-2021--.html,Non classificato,"Manifiesto Blanco, 46, Via Benedetto Marcello, Buenos Aires - Venezia, Municipio 3, Milano, Lombardia, 20124, Italia",45.4830737,9.2106807,0
Mostre,11-04-21,2021-02-11,"Piazza della Scala, 6, Milano, MI",Gallerie d'Italia,Alle Gallerie d'Italia una mostra sulla Milano sospesa del lockdown,https://www.milanotoday.it/eventi/mostra-lockdown-milano.html,Arte e cultura,"Gallerie d'Italia, 6, Piazza della Scala, Duomo, Municipio 1, Milano, Lombardia, 20121, Italia",45.467265,9.1905257,8
Incontri,19-02-21,2021-02-12,"Piazza Riccardo Wagner, 2, Milano, MI",iSemprevivi,L’associazione Isemprevivi+onlus presenta la cooperativa di lavoro “la luce di Carlotta”,https://www.milanotoday.it/eventi/l-associazione-isemprevivi-onlus-2021.html,Formazione e networking,"Piazza Riccardo Wagner, Pagano, Municipio 7, Milano, Lombardia, 20145, Italia",45.4681615,9.1561888,2
,12-03-21,2021-02-12,"Via Giuseppe Verdi, 8, Milano, MI",Vizzolo al futuro,Adotta un'arnia,https://www.milanotoday.it/eventi/adotta-un-arnia-enrico-gatti-2021.html,Non classificato,"8, Via Giuseppe Verdi, Brera, Municipio 1, Milano, Lombardia, 20121, Italia",45.4683014,9.1890175,8
Mostre,10-04-21,2021-02-13,"Via Gaetano de Castillia, 26, Milano, MI",Stecca 3.0,Correlazioni: legami di rame 2021,https://www.milanotoday.it/eventi/correlazioni-legami-di-rame-2021.html,Arte e cultura,"Ciclofficina Stecca - Associazione +bc, 26, Via Gaetano De Castillia, Isola, Municipio 9, Milano, Lombardia, 20124, Italia",45.4851127,9.1925868,8
Teatri,14-02-21,2021-02-14,"Via Spoleto, 4, Milano, MI",ReKlama Tv | Streaming,"Francesca Puglisi: ""il meglio di me"" a teatro 2.0 live streaming",https://www.milanotoday.it/eventi/francesca-puglisi-2021.html,Teatro e spettacolo,"4, Via Spoleto, Loreto, Municipio 2, Milano, Lombardia, 20127, Italia",45.4954582,9.2163813,4
Spettacoli,14-02-21,2021-02-14,"Via Rivoli 6,20121, Milano, MI,Italia",Piccolo Teatro - Studio Melato,Maggio 43,https://www.teatro.it/spettacoli/milano/piccolo-teatro-studio-melato/2020-2021/maggio-43,Teatro e spettacolo,"6, Via Rivoli, Brera, Municipio 1, Milano, Lombardia, 20121, Italia",45.4726093,9.182881,8
Spettacoli,14-02-21,2021-02-14,"Corso di Porta Romana 63,20122, Milano, MI,Italia",Carcano,Sherlock Holmes e i delitti di Jack lo Squartatore,https://www.teatro.it/spettacoli/milano/carcano/2020-2021/sherlock-holmes-e-i-delitti-di-jack-lo-squartatore,Teatro e spettacolo,"Teatro Carcano, 63, Corso di Porta Romana, Crocetta, Municipio 1, Milano, Lombardia, 20121, Italia",45.4566842,9.1955297,8
Spettacoli,14-02-21,2021-02-14,"via Pier Lombardo 14,20135, Milano, MI,Italia",Franco Parenti - Sala 3,Settanta volte sette,https://www.teatro.it/spettacoli/milano/franco-parenti-sala-3/2020-2021/settanta-volte-sette,Teatro e spettacolo,"Via Pier Lombardo, Porta Romana, Municipio 4, Milano, Lombardia, 20135, Italia",45.4542958,9.2063109,0
Spettacoli,14-02-21,2021-02-14,"Via Boltraffio 21,20159, Milano, MI,Italia",Fontana,Valzer per un mentalista,https://www.teatro.it/spettacoli/milano/fontana/2020-2021/valzer-per-un-mentalista,Teatro e spettacolo,"21, Via Gian Antonio Boltraffio, Isola, Municipio 9, Milano, Lombardia, 20159, Italia",45.4921952,9.1878419,2
Mostre,15-02-21,2021-02-15,"San Siro, Milano, MI",Stadio San Siro,"Lukaku vs Ibrahimović ""face to face – heart to heart""",https://www.milanotoday.it/eventi/lukaku-vs-ibrahimovi-face-to-face-heart-to-heart-2021.html,Arte e cultura,"Stadio Giuseppe Meazza, Via dei Piccolomini, San Siro, Municipio 7, Milano, Lombardia, 20148, Italia",45.4782003,9.123964,9
Mostre,19-09-21,2021-02-16,"Via Palestro, 14, Milano, MI",PAC - Padiglione d’arte contemporanea,Le opere dell'artista Luisa Lambri in una mostra speciale al PAC,https://www.milanotoday.it/eventi/mostra-luisa-lambri-pac.html,Arte e cultura,"14, Via Palestro, Guastalla, Municipio 1, Milano, Lombardia, 20121, Italia",45.4729115,9.1995282,8
Incontri,16-02-21,2021-02-16,"Via Monte Napoleone, Milano, MI",Online su zoom,Future food system networks,https://www.milanotoday.it/eventi/future-food-system-networks-2021.html,Formazione e networking,"Via Monte Napoleone, Duomo, Municipio 1, Milano, Lombardia, 20122, Italia",45.4671347,9.1965125,8
Mostre,20-03-21,2021-02-16,"Corso Plebisciti, 12, Milano, MI",Osart Gallery,"Prorogata: ""libertà sulla parola""",https://www.milanotoday.it/eventi/prorogata-liberta-sulla-parola-2021.html,Arte e cultura,"Corso Plebisciti, Buenos Aires - Venezia, Municipio 3, Milano, Lombardia, 20129, Italia",45.4681056,9.2179035,0
Mostre,18-07-21,2021-02-17,"Via Chiese, 2, Milano, MI",Hangar Bicocca,Un parco divertimenti 'hightech': la mostra di Beloufa all'Hangar Bicocca,https://www.milanotoday.it/eventi/mostra-hangar-bicocca-beloufa.html,Arte e cultura,"Iuta Bistrot, 2, Via Chiese, Bicocca, Municipio 9, Milano, Lombardia, 20126, Italia",45.5209859,9.21927,4
Mostra,31-12-21,2021-02-17,"Via Brera, 28, Milano, MI",Pinacoteca di Brera,Le Fantasie di Mafai,,Arte e cultura,"Istituto Nazionale di Astrofisica – Osservatorio astronomico di Brera, 28, Via Brera, Cerchia dei Navigli, Municipio 1, Milano, Lombardia, 20121, Italia",45.4715946,9.1889707,8
Seminario,17-02-21,2021-02-17,"Via Senato, 10, Milano, MI",Archivio di Stato di Milano,Seminario: L’utilizzo delle fonti nella ricerca genealogica e familiare. Il caso del film documentario “Un’ora sola ti vorrei” di Alina Marazzi.,,Formazione e networking,"10, Via Senato, Guastalla, Municipio 1, Milano, Lombardia, 20121, Italia",45.4700976,9.1981223,8
Mostra,31-12-21,2021-02-17,"Via Brera, 28, Milano, MI",Pinacoteca di Brera,Le Fantasie di Mafai,,Arte e cultura,"Istituto Nazionale di Astrofisica – Osservatorio astronomico di Brera, 28, Via Brera, Cerchia dei Navigli, Municipio 1, Milano, Lombardia, 20121, Italia",45.4715946,9.1889707,8
Incontri,19-02-21,2021-02-19,"Via Camillo Finocchiaro Aprile, 14, Milano, MI",UNITRE Milano,Seminario - Riflessioni sulla sanità in emergenza - 19 febbraio ore 17.15-googlemeet,https://www.milanotoday.it/eventi/seminario-riflessioni-sulla-sanita.html,Formazione e networking,"14, Via Camillo Finocchiaro Aprile, Centrale, Municipio 2, Milano, Lombardia, 20124, Italia",45.4788206,9.199894,8
Mostre,05-03-21,2021-02-19,"Via Carlo Tenca, 11, Milano, MI",galleria cael,Change the way,https://www.milanotoday.it/eventi/change-the-way-2021.html,Arte e cultura,"11, Via Carlo Tenca, Centrale, Municipio 2, Milano, Lombardia, 20124, Italia",45.4806693,9.2017813,0
Mostre,09-03-21,2021-02-19,"Via Giuseppe Dall'Occo, 1, Milano, MI",Galleria Click Art,"""Ordine & caos"" mostra collettiva di pittura",https://www.milanotoday.it/eventi/ordine-caos-mostra-collettiva-di-pittura-2021.html,Arte e cultura,"Via Giuseppe Dall'Occo, Cormano, Zona Omogenea Milano Nord, Milano, Lombardia, 20032, Italia",45.5444599,9.1691639,4
Mostre,05-03-21,2021-02-19,"Via Giuseppe Mazzini, 9, Milano, MI",villa Casati,Mostra di Natalia Tyurkina (pittura olio su tela),https://www.milanotoday.it/eventi/mostra-di-natalia-tyurkina-2021.html,Arte e cultura,"9, Via Giuseppe Mazzini, Cerchia dei Navigli, Municipio 1, Milano, Lombardia, 20121, Italia",45.4622753,9.1887546,8
Spettacoli,20-02-21,2021-02-20,"Via Filodrammatici 2,20121, Milano, MI,Italia",Teatro Alla Scala,Salome,https://www.teatro.it/spettacoli/milano/teatro-alla-scala/2020-2021/salome,Teatro e spettacolo,"2, Via Filodrammatici, Brera, Milano, Lombardia, 20121, Italia",45.4676198,9.1884287,8
Teatri,28-05-21,2021-02-20,"Via Jacopo dal Verme, 16, Milano, MI",Isolacasateatro,Teatro utile 2021 - Accademia dei filodrammatici di Milano,https://www.milanotoday.it/eventi/teatro-utile-2021-accademia-dei-filodrammatici-2021.html,Teatro e spettacolo,"Panificio Angela, 16, Via Jacopo Dal Verme, Isola, Municipio 9, Milano, Lombardia, 20159, Italia",45.4872494,9.188647,2
Spettacoli,21-02-21,2021-02-21,"Corso Buenos Aires 33,20124, Milano, MI,Italia",Elfo Puccini - Sala Bausch,Cabaret Ceronetti,https://www.teatro.it/spettacoli/milano/elfo-puccini-sala-bausch/2020-2021/cabaret-ceronetti,Teatro e spettacolo,"Teatro Elfo Puccini, 33, Corso Buenos Aires, Buenos Aires - Venezia, Municipio 3, Milano, Lombardia, 20124, Italia",45.4794317,9.2098387,0
Spettacoli,21-02-21,2021-02-21,"Via Rovello 2,20121, Milano, MI,Italia",Piccolo Teatro - Teatro Grassi,Misery,https://www.teatro.it/spettacoli/milano/piccolo-teatro-teatro-grassi/2020-2021/misery,Teatro e spettacolo,"2, Via Rovello, Brera, Milano, Lombardia, 20121, Italia",45.4665188,9.1847651,8
Moda,22-02-21,2021-02-22,"Via Alessandro Volta, 7A, Milano, MI",Moscova District Market,"La Private Sale ""Spring preview 2021"" con sconti dal 50% all'80% su top brand uomo donna",https://www.milanotoday.it/eventi/private-sale-sconti-top-uomo-donna.html,Mercati e shopping,"7a, Via Alessandro Volta, Brera, Municipio 1, Milano, Lombardia, 20121, Italia",45.4794117,9.1836722,8
Moda,22-02-21,2021-02-22,"Via Alessandro Volta, 7A, Milano, MI",Moscova District Market,"La Private Sale ""Spring preview 2021"" con sconti dal 50% all'80% su top brand uomo donna",https://www.milanotoday.it/eventi/private-sale-sconti-top-uomo-donna.html,Mercati e shopping,"7a, Via Alessandro Volta, Brera, Municipio 1, Milano, Lombardia, 20121, Italia",45.4794117,9.1836722,8
Moda,22-02-21,2021-02-22,"Via Alessandro Volta, 7A, Milano, MI",Moscova District Market,"La Private Sale ""Spring preview 2021"" con sconti dal 50% all'80% su top brand uomo donna",https://www.milanotoday.it/eventi/private-sale-sconti-top-uomo-donna.html,Mercati e shopping,"7a, Via Alessandro Volta, Brera, Municipio 1, Milano, Lombardia, 20121, Italia",45.4794117,9.1836722,8
Mostre,12-03-21,2021-02-23,"Via Melzo, 30, Milano, MI",gli eroici furori,Correlazioni - Paki Paola Bernardi,https://www.milanotoday.it/eventi/correlazioni-paki-paola-bernardi-paki-paola-bernardi.html,Arte e cultura,"La Teiera Eclettica, 30, Via Melzo, Buenos Aires - Venezia, Municipio 3, Milano, Lombardia, 20129, Italia",45.4751952,9.2080791,0
Seminario,24-02-21,2021-02-24,"Via Senato, 10, Milano, MI",Archivio di Stato di Milano,"Seminario “Ruoli, competenze, esperienze per il records management”",,Formazione e networking,"10, Via Senato, Guastalla, Municipio 1, Milano, Lombardia, 20121, Italia",45.4700976,9.1981223,8
Mostre,25-02-21,2021-02-25,"Via del Vecchio Politecnico, 3, Milano, MI",Istituto Svizzero,Mass files,https://www.milanotoday.it/eventi/mass-files-veronika-spierenburg-2021.html,Arte e cultura,"3, Via del Vecchio Politecnico, Guastalla, Municipio 1, Milano, Lombardia, 20121, Italia",45.4724248,9.1964505,8
,02-04-21,2021-02-25,"Via di Porta Tenaglia, 7, Milano, MI",Pianca & Partners,“La nuova stanza”: la personale di Andrea Branzi da Pianca & Partners,https://www.milanotoday.it/eventi/la-nuova-stanza-la-personale-2021.html,Non classificato,"Via di Porta Tenaglia, Brera, Municipio 1, Milano, Lombardia, 20121, Italia",45.4776554,9.1821986,8
Mostre,01-03-21,2021-02-25,"Piazza del Duomo, Milano, MI",Libreria Bocca dal 1775,Omaggio a Giorgio Melzi,https://www.milanotoday.it/eventi/omaggio-a-giorgio-melzi-2021.html,Arte e cultura,"Piazza del Duomo, Duomo, Municipio 1, Milano, Lombardia, Italia",45.4639102,9.1906398,8
Spettacoli,28-02-21,2021-02-28,"Corso di Porta Romana 63,20122, Milano, MI,Italia",Carcano,Il diario di Anne Frank,https://www.teatro.it/spettacoli/milano/carcano/2020-2021/il-diario-di-anne-frank,Teatro e spettacolo,"Teatro Carcano, 63, Corso di Porta Romana, Crocetta, Municipio 1, Milano, Lombardia, 20121, Italia",45.4566842,9.1955297,8
Spettacoli,28-02-21,2021-02-28,"Via Pier Lombardo 14,20135, Milano, MI,Italia",Franco Parenti - Sala Blu,Emily Dickinson. Vertigine in altezza,https://www.teatro.it/spettacoli/milano/franco-parenti-sala-acomea/2020-2021/emily-dickinson-vertigine-in-altezza,Teatro e spettacolo,"Via Pier Lombardo, Porta Romana, Municipio 4, Milano, Lombardia, 20135, Italia",45.4542958,9.2063109,0
Iniziative Digitali,07-03-21,2021-03-02,"Via Brera, 28, Milano, MI",Pinacoteca di Brera,"""Un museo a casa tua""",,Eventi digitali,"Istituto Nazionale di Astrofisica – Osservatorio astronomico di Brera, 28, Via Brera, Cerchia dei Navigli, Municipio 1, Milano, Lombardia, 20121, Italia",45.4715946,9.1889707,8
Mostra,25-07-21,2021-03-02,"piazza Duomo, Milano, MI",Palazzo Reale,LE SIGNORE DELL'ARTE. Storie di donne tra '500 e '600,,Arte e cultura,"Piazza del Duomo, Duomo, Municipio 1, Milano, Lombardia, Italia",45.4639102,9.1906398,8
Spettacoli,03-03-21,2021-03-03,"Corso di Porta Romana 63,20122, Milano, MI,Italia",Carcano,Vergine Madre,https://www.teatro.it/spettacoli/milano/carcano/2020-2021/vergine-madre,Teatro e spettacolo,"Teatro Carcano, 63, Corso di Porta Romana, Crocetta, Municipio 1, Milano, Lombardia, 20121, Italia",45.4566842,9.1955297,8
Seminario,03-03-21,2021-03-03,"Via Senato, 10, Milano, MI",Archivio di Stato di Milano,Seminario “I processi delle Corti di Assise straordinarie ai collaborazionisti della Repubblica Sociale Italiana”,,Formazione e networking,"10, Via Senato, Guastalla, Municipio 1, Milano, Lombardia, 20121, Italia",45.4700976,9.1981223,8
Incontri,03-03-21,2021-03-03,"Viale Sondrio, Milano, MI",Istituto Svizzero,Beyond reality: populism and political communication in the digital era,https://www.milanotoday.it/eventi/beyond-reality-populism-2021.html,Formazione e networking,"Viale Sondrio, Maciachini - Maggiolina, Municipio 2, Milano, Lombardia, 20124, Italia",45.4903222,9.2000265,8
Spettacoli,04-03-21,2021-03-04,"Corso di Porta Romana 63,20122, Milano, MI,Italia",Carcano,Magnificat,https://www.teatro.it/spettacoli/milano/carcano/2020-2021/magnificat,Teatro e spettacolo,"Teatro Carcano, 63, Corso di Porta Romana, Crocetta, Municipio 1, Milano, Lombardia, 20121, Italia",45.4566842,9.1955297,8
,25-03-21,2021-03-04,"Via Lovanio, 6, Milano, MI",Amy-d Arte Spazio,"Mostra ""dive into the zeitgeist"" degli artisti Alessio Barchitta e Jingge Dong",https://www.milanotoday.it/eventi/mostra-dive-into-the-zeitgeist-2021.html,Non classificato,"6, Via Lovanio, Brera, Municipio 1, Milano, Lombardia, 20121, Italia",45.4766942,9.1861782,8
Incontri,31-03-21,2021-03-07,"Galleria Vittorio Emanuele II, 12, Milano, MI",Libreria Bocca,Space parallel,https://www.milanotoday.it/eventi/space-parallel-2021.html,Formazione e networking,"Libreria Bocca, 12, Galleria Vittorio Emanuele Secondo, Duomo, Municipio 1, Milano, Lombardia, 20121, Italia",45.4651429,9.1901652,8
Spettacoli,07-03-21,2021-03-07,"via Pitteri 58,20134, Milano, MI,Italia",Martinitt,Gli amici non hanno segreti,https://www.teatro.it/spettacoli/milano/martinitt/2020-2021/gli-amici-non-hanno-segreti,Teatro e spettacolo,"Via Riccardo Pitteri, Lambrate, Municipio 3, Milano, Lombardia, 20134, Italia",45.4798362,9.2457864,7
Spettacoli,07-03-21,2021-03-07,"Via Ciro Menotti 11,20129, Milano, MI,Italia",Menotti,Mater dulcissima,https://www.teatro.it/spettacoli/milano/menotti/2020-2021/mater-dulcissima,Teatro e spettacolo,"11, Via Ciro Menotti, Buenos Aires - Venezia, Municipio 3, Milano, Lombardia, 20129, Italia",45.4699888,9.2132156,0
Spettacoli,07-03-21,2021-03-07,"Via Alessandro Manzoni 42,20121, Milano, MI,Italia",Manzoni,Il Gruffalò,https://www.teatro.it/spettacoli/milano/manzoni/2020-2021/il-gruffalo,Teatro e spettacolo,"Teatro Manzoni, 42, Via Alessandro Manzoni, Cerchia dei Navigli, Municipio 1, Milano, Lombardia, 20121, Italia",45.4710286,9.1944762,8
Spettacoli,08-03-21,2021-03-08,"Via San Giovanni sul muro 2,20121, Milano, MI,Italia",Dal Verme,PFM canta De Andrè,https://www.teatro.it/spettacoli/milano/dal-verme/2020-2021/pfm-canta-de-andre,Teatro e spettacolo,"2, Via San Giovanni sul Muro, Cerchia dei Navigli, Municipio 1, Milano, Lombardia, 20121, Italia",45.4671162,9.1814924,8
Teatri,09-03-21,2021-03-09,"Via Spoleto, 4, Milano, MI",ReKlama Tv | Streaming,"""Smartuorc - la vita ai tempi del pane fatto in casa""",https://www.milanotoday.it/eventi/smartuorc-la-vita-ai-tempi-del-pane-fatto-in-casa.html,Teatro e spettacolo,"4, Via Spoleto, Loreto, Municipio 2, Milano, Lombardia, 20127, Italia",45.4954582,9.2163813,4
Seminario,10-03-21,2021-03-10,"Via Senato, 10, Milano, MI",Archivio di Stato di Milano,Il progetto Books within books: Hebrew Fragmens in European Libraries e il ruolo dell’archivista nella ricerca di frammenti ebraici,,Formazione e networking,"10, Via Senato, Guastalla, Municipio 1, Milano, Lombardia, 20121, Italia",45.4700976,9.1981223,8
Incontri,30-06-21,2021-03-10,"Via Privata Passo Pordoi, 7/3, Milano, MI",Hub/Art,"Opening mostra ""metamorphosis"" di Laura Benetton",https://www.milanotoday.it/eventi/opening-mostra-metamorphosis-2021.html,Formazione e networking,"Via Passo Pordoi, Scalo Romana, Municipio 5, Milano, Lombardia, 20139, Italia",45.4364043,9.2092881,0
Incontri,12-03-21,2021-03-12,"Viale Sondrio, Milano, MI",Online,Plotino sull’immortalità dell’anima,https://www.milanotoday.it/eventi/plotino-sull-immortalita-dell-anima-2021.html,Formazione e networking,"Viale Sondrio, Maciachini - Maggiolina, Municipio 2, Milano, Lombardia, 20124, Italia",45.4903222,9.2000265,8
Spettacoli,12-03-21,2021-03-12,"Via San Giovanni sul muro 2,20121, Milano, MI,Italia",Dal Verme,Abba Mania,https://www.teatro.it/spettacoli/milano/dal-verme/2020-2021/abba-mania,Teatro e spettacolo,"2, Via San Giovanni sul Muro, Cerchia dei Navigli, Municipio 1, Milano, Lombardia, 20121, Italia",45.4671162,9.1814924,8
Incontri,12-03-21,2021-03-12,"Via Laghetto, 2, Milano, MI",Chiamamilano,La violenza non deve vincere,https://www.milanotoday.it/eventi/la-violenza-non-deve-vincere-2021.html,Formazione e networking,"Chiamamilano, 2, Via Laghetto, Duomo, Brera, Milano, Lombardia, 20122, Italia",45.4614842,9.195516,8
Spettacoli,13-03-21,2021-03-13,"Via Pier Lombardo 14,20135, Milano, MI,Italia",Franco Parenti - Sala Blu,Io e Pirandello,https://www.teatro.it/spettacoli/milano/franco-parenti-sala-acomea/2020-2021/io-e-pirandello,Teatro e spettacolo,"Via Pier Lombardo, Porta Romana, Municipio 4, Milano, Lombardia, 20135, Italia",45.4542958,9.2063109,0
Spettacoli,14-03-21,2021-03-14,"Via Hermada,8,20162, Milano, MI,Italia",della Cooperativa,Paolo Hendel - La giovinezza è sopravvalutata,https://www.teatro.it/spettacoli/milano/della-cooperativa/2020-2021/la-giovinezza-e-sopravvalutata,Teatro e spettacolo,"8, Via privata Hermada, Niguarda - Cà Granda, Municipio 9, Milano, Lombardia, 20162, Italia",45.5147872,9.1901457,4
Spettacoli,14-03-21,2021-03-14,"via Pier Lombardo,14,20135, Milano, MI,Italia",Franco Parenti - Sala Grande,Fronte del porto,https://www.teatro.it/spettacoli/milano/franco-parenti-sala-grande/2020-2021/fronte-del-porto,Teatro e spettacolo,"Via Pier Lombardo, Porta Romana, Municipio 4, Milano, Lombardia, 20135, Italia",45.4542958,9.2063109,0
Spettacoli,14-03-21,2021-03-14,"Largo Antonio Greppi,20121, Milano, MI,Italia",Piccolo Teatro - Teatro Strehler,Eternapoli,https://www.teatro.it/spettacoli/milano/piccolo-teatro-teatro-strehler/2020-2021/eternapoli,Teatro e spettacolo,"Largo Antonio Greppi, Cerchia dei Navigli, Municipio 1, Milano, Lombardia, 20121, Italia",45.4718502,9.1827114,8
Spettacoli,17-03-21,2021-03-17,"Viale dell'Innovazione 20,20126, Milano, MI,Italia",Arcimboldi,Carmen,https://www.teatro.it/spettacoli/milano/degli-arcimboldi/2020-2021/carmen,Teatro e spettacolo,"20, Viale dell'Innovazione, Bicocca, Municipio 9, Milano, Lombardia, 20125, Italia",45.5148696,9.2135963,4
,18-03-21,2021-03-18,"Via Ugo Betti, 62, Milano, MI",Croce Bianca Milano sezione Milano Vialba,Corsi soccorritori volontari e volontari trasporto sanitario - 2021,https://www.milanotoday.it/eventi/corsi-soccorritori-volontari-2021.html,Non classificato,"62, Via Ugo Betti, Gallaratese, Quartiere Gallaratese, Municipio 8 di Milano, Milano, Lombardia, 20151, Italia",45.4947415,9.1093282,9
Mostre,02-04-21,2021-03-19,"Via Giuseppe Dall'Occo, 1, Milano, MI",Galleria Click Art,"4° edizione mostra collettiva ""pensiero-gesto-astrazione""",https://www.milanotoday.it/eventi/4-edizione-mostra-collettiva-2021.html,Arte e cultura,"Via Giuseppe Dall'Occo, Cormano, Zona Omogenea Milano Nord, Milano, Lombardia, 20032, Italia",45.5444599,9.1691639,4
Iniziative Digitali,20-03-21,2021-03-20,"Via Ungaretti, 2, Milano, MI",Associazione cullturale Orizzonte,Lettura della Divina Commedia non stop,,Eventi digitali,"2, Via Giuseppe Ungaretti, Bussero, Milano, Lombardia, 20041, Italia",45.5335204,9.3705888,3
,21-03-21,2021-03-21,"Via Spoleto, 4, Milano, MI",ReKlama Tv | Streaming,"Rossella Rapisarda festeggia Alda Merini con lo spettacolo ""senza filtro""",https://www.milanotoday.it/eventi/rossella-rapisarda-festeggia-alda-merini-2021.html,Non classificato,"4, Via Spoleto, Loreto, Municipio 2, Milano, Lombardia, 20127, Italia",45.4954582,9.2163813,4
Mostre,04-03-22,2021-03-21,"Piazza Giuseppe Missori, 2, Milano, MI","Missori Suits by 101 Flats, Piazza Missori , Milano","Vincenzo Mascoli in stanza n.2020,transiti_soste/ripartenze.",https://www.milanotoday.it/eventi/vincenzo-mascoli-in-stanza-n-2020.html,Arte e cultura,"msg servizi, 2, Piazza Giuseppe Missori, Cerchia dei Navigli, Municipio 1, Milano, Lombardia, 20123, Italia",45.4611991,9.1881418,8
,21-03-21,2021-03-21,"Largo Oreste Murani, Milano, MI",evento digitale live,"Evento digitale live ""Milano: sfida antirazzista"" organizzato da associazione life in collaborazione con Barbabietola srl",https://www.milanotoday.it/eventi/evento-digitale-live-milano-2021.html,Non classificato,"Largo Oreste Murani, Città Studi, Municipio 3, Milano, Lombardia, Italia",45.4731527,9.2347356,0
Mostre,04-03-22,2021-03-21,"Piazza Giuseppe Missori, 2, Milano, MI","Missori Suits by 101 Flats, Piazza Missori , Milano","Vincenzo Mascoli in stanza n.2020,transiti_soste/ripartenze.",https://www.milanotoday.it/eventi/vincenzo-mascoli-in-stanza-n-2020.html,Arte e cultura,"msg servizi, 2, Piazza Giuseppe Missori, Cerchia dei Navigli, Municipio 1, Milano, Lombardia, 20123, Italia",45.4611991,9.1881418,8
Iniziative Digitali,24-03-21,2021-03-24,"Via Borgogna, 3, Milano, MI",Casa della Cultura di Milano,Dante al Cinema. Coco,,Eventi digitali,"Marco, 3, Via Borgogna, Duomo, Municipio 1, Milano, Lombardia, 20122, Italia",45.4659702,9.1981985,8
Seminario,24-03-21,2021-03-24,"Via Senato, 10, Milano, MI",Archivio di Stato di Milano,Ancora su I calzini «nuovi» del principe Carlo.  La classificazione in Archivistica. Approfondimento sulla bozza di titolario per Enti pubblici di ricerca - Titoli I-IV.,,Formazione e networking,"10, Via Senato, Guastalla, Municipio 1, Milano, Lombardia, 20121, Italia",45.4700976,9.1981223,8
Iniziative Digitali,25-03-21,2021-03-25,"via Volta, 74, Milano, MI",dimora storica della Fam. Mantero,DANTEDI 2021 – Pillole di Dante’s Dream - Tutte quelle vive Luci,,Eventi digitali,"74, Via Alessandro Volta, Magenta, Milano, Lombardia, 20013, Italia",45.4677597,8.8842404,5
Visita Guidata,25-03-21,2021-03-25,"Via Senato, 10, Milano, MI",Archivio di Stato di Milano,"I papi simoniaci del XIX Canto dell’Inferno di Dante: Niccolò III, Bonifacio VIII e Clemente V attraverso i documenti dell’Archivio di Stato di Milano",,Arte e cultura,"10, Via Senato, Guastalla, Municipio 1, Milano, Lombardia, 20121, Italia",45.4700976,9.1981223,8
,25-01-22,2021-03-25,"Via Gerolamo Morone, Milano, MI",Casa del Manzoni,“La umana commedia” «Scene dantesche ritrovate in 90 e più ex~voto»,https://www.milanotoday.it/eventi/la-umana-commedia-2021.html,Non classificato,"Via Gerolamo Morone, Duomo, Municipio 1, Milano, Lombardia, 20121, Italia",45.4681863,9.1916738,8
Iniziative Digitali,25-03-21,2021-03-25,"Via Mercalli, 18, Milano, MI",Fondazione La Vincenziana – Collegi Universitari Diocesi di Milano,"L'attualità di Dante Alighieri. Politica, libertà, amore",,Eventi digitali,"Via Giuseppe Mercalli, Vigentina, Municipio 1, Milano, Lombardia, 20136, Italia",45.4554626,9.189026,8
,22-04-21,2021-03-25,"Viale Vincenzo Lancetti, Milano, MI",spazioSERRA,Osanna(!),https://www.milanotoday.it/eventi/osanna-alessio-barchitta-2021.html,Non classificato,"Viale Vincenzo Lancetti, Farini, Municipio 9, Milano, Lombardia, 20159, Italia",45.4953582,9.1784613,2
Iniziative Digitali,25-03-21,2021-03-25,"Via Senato, 10, Milano, MI",Associazione Culturale Dante e le arti,Il folle volo. Dante e il XXVI canto dell'Inferno,,Eventi digitali,"10, Via Senato, Guastalla, Municipio 1, Milano, Lombardia, 20121, Italia",45.4700976,9.1981223,8
Iniziative Digitali,25-03-21,2021-03-25,"Via Senato, 10, Milano, MI",Associazione Culturale Dante e le arti,Dante a Sant’Egidio,,Eventi digitali,"10, Via Senato, Guastalla, Municipio 1, Milano, Lombardia, 20121, Italia",45.4700976,9.1981223,8
,25-01-22,2021-03-25,"Via Gerolamo Morone, Milano, MI",Casa del Manzoni,“La umana commedia” «Scene dantesche ritrovate in 90 e più ex~voto»,https://www.milanotoday.it/eventi/la-umana-commedia-2021.html,Non classificato,"Via Gerolamo Morone, Duomo, Municipio 1, Milano, Lombardia, 20121, Italia",45.4681863,9.1916738,8
Iniziative Digitali,25-03-21,2021-03-25,"Via Vittorio Veneto, 17, Milano, MI",Biblioteca civica,Un umanesimo collettivo in biblioteca,,Eventi digitali,"17, Via Vittorio Veneto, Rondinella, Cassina de' Gatti, Sesto San Giovanni, Zona Omogenea Milano Nord, Milano, Lombardia, 20099, Italia",45.5359635,9.2349754,4
Altro,25-03-21,2021-03-25,"Via Senato, Milano, MI",Soprintendenza Archivistica e Bibliografica della Lombardia,Io sono legno sanza vela e sanza governo,,Altri eventi,"Via Senato, Cerchia dei Navigli, Municipio 1, Milano, Lombardia, 20121, Italia",45.4714266,9.1962309,8
Iniziative Digitali,25-03-21,2021-03-25,"Via Ungaretti, 2, Milano, MI",Associazione cullturale Orizzonte,Lettura della Divina Commedia non stop,,Eventi digitali,"2, Via Giuseppe Ungaretti, Bussero, Milano, Lombardia, 20041, Italia",45.5335204,9.3705888,3
Spettacoli,28-03-21,2021-03-28,"Corso Buenos Aires 33,20124, Milano, MI,Italia",Elfo Puccini - Sala Bausch,L'effetto che fa,https://www.teatro.it/spettacoli/milano/elfo-puccini-sala-bausch/2020-2021/leffetto-che-fa,Teatro e spettacolo,"Teatro Elfo Puccini, 33, Corso Buenos Aires, Buenos Aires - Venezia, Municipio 3, Milano, Lombardia, 20124, Italia",45.4794317,9.2098387,0
Spettacoli,28-03-21,2021-03-28,"Corso di Porta Romana 63,20122, Milano, MI,Italia",Carcano,Indaco e gli illusionisti della Danza,https://www.teatro.it/spettacoli/milano/carcano/2020-2021/indaco-e-gli-illusionisti-della-danza,Teatro e spettacolo,"Teatro Carcano, 63, Corso di Porta Romana, Crocetta, Municipio 1, Milano, Lombardia, 20121, Italia",45.4566842,9.1955297,8
Spettacoli,30-03-21,2021-03-30,"Viale dell'Innovazione 20,20126, Milano, MI,Italia",Arcimboldi,Sogno e son desto… oggi è un altro giorno,https://www.teatro.it/spettacoli/milano/degli-arcimboldi/2020-2021/sogno-e-son-desto-oggi-e-un-altro-giorno,Teatro e spettacolo,"20, Viale dell'Innovazione, Bicocca, Municipio 9, Milano, Lombardia, 20125, Italia",45.5148696,9.2135963,4
Seminario,31-03-21,2021-03-31,"Via Senato, 10, Milano, MI",Archivio di Stato di Milano,Seminario “Custodire e gestire. L'Archivio della Basilica e del Sacro Convento di Assisi dalla storia alla formazione”,,Formazione e networking,"10, Via Senato, Guastalla, Municipio 1, Milano, Lombardia, 20121, Italia",45.4700976,9.1981223,8
Spettacoli,31-03-21,2021-03-31,"Via Alessandro Manzoni 42,20121, Milano, MI,Italia",Manzoni,"Un ebreo, un ligure e l'ebraismo - Moni Ovadia, Dario Vergassola",https://www.teatro.it/spettacoli/milano/manzoni/2020-2021/un-ebreo-un-ligure-e-lebraismo-moni-ovadia-dario-vergassola,Teatro e spettacolo,"Teatro Manzoni, 42, Via Alessandro Manzoni, Cerchia dei Navigli, Municipio 1, Milano, Lombardia, 20121, Italia",45.4710286,9.1944762,8
Spettacoli,01-04-21,2021-04-01,"via Pier Lombardo,14,20135, Milano, MI,Italia",Franco Parenti - Sala Grande,L'attimo fuggente,https://www.teatro.it/spettacoli/milano/franco-parenti-sala-grande/2020-2021/lattimo-fuggente,Teatro e spettacolo,"Via Pier Lombardo, Porta Romana, Municipio 4, Milano, Lombardia, 20135, Italia",45.4542958,9.2063109,0
Spettacoli,01-04-21,2021-04-01,"Largo Antonio Greppi,20121, Milano, MI,Italia",Piccolo Teatro - Teatro Strehler,Elvira,https://www.teatro.it/spettacoli/milano/piccolo-teatro-teatro-strehler/2020-2021/elvira,Teatro e spettacolo,"Largo Antonio Greppi, Cerchia dei Navigli, Municipio 1, Milano, Lombardia, 20121, Italia",45.4718502,9.1827114,8
Spettacoli,02-04-21,2021-04-02,"Via Alessandro Manzoni 42,20121, Milano, MI,Italia",Manzoni,PANPERS - 10 anni di minchiate,https://www.teatro.it/spettacoli/milano/manzoni/2020-2021/10-anni-di-minchiate,Teatro e spettacolo,"Teatro Manzoni, 42, Via Alessandro Manzoni, Cerchia dei Navigli, Municipio 1, Milano, Lombardia, 20121, Italia",45.4710286,9.1944762,8
Spettacoli,07-04-21,2021-04-07,"Via Giordano Rota 1,20145, Milano, MI,Italia",Nazionale Italiana Assicurazioni,Finché social non ci separi,https://www.teatro.it/spettacoli/milano/nazionale-chebanca/2020-2021/finche-social-non-ci-separi,Teatro e spettacolo,"20145, Italy",45.4643,9.1895,8
Manifestazioni,21-04-21,2021-04-08,"Via Enrico Caviglia, 3, Milano, MI",Istituto Italiano di Fotografia,Mostra “in your arms” di Noemi Boccasile,https://www.milanotoday.it/eventi/mostra-in-your-arms-di-noemi-boccasile-2021.html,Altri eventi,"CSDM, 3, Via Enrico Caviglia, Lodi - Corvetto, Municipio 4, Milano, Lombardia, 20139, Italia",45.4428538,9.2307904,0
Incontri,09-04-21,2021-04-09,"Viale Sondrio, Milano, MI",online,Transizione ecologica fra mito e realtà,https://www.milanotoday.it/eventi/transizione-ecologica-fra-mito-e-realta.html,Formazione e networking,"Viale Sondrio, Maciachini - Maggiolina, Municipio 2, Milano, Lombardia, 20124, Italia",45.4903222,9.2000265,8
Spettacoli,11-04-21,2021-04-11,"Corso Buenos Aires 33,20124, Milano, MI,Italia",Elfo Puccini - Sala Bausch,Circeo - Il massacro,https://www.teatro.it/spettacoli/milano/elfo-puccini-sala-bausch/2020-2021/circeo-il-massacro,Teatro e spettacolo,"Teatro Elfo Puccini, 33, Corso Buenos Aires, Buenos Aires - Venezia, Municipio 3, Milano, Lombardia, 20124, Italia",45.4794317,9.2098387,0
Spettacoli,11-04-21,2021-04-11,"Viale dell'Innovazione 20,20126, Milano, MI,Italia",Arcimboldi,Marco Masini 30th Anniversary,https://www.teatro.it/spettacoli/milano/degli-arcimboldi/2020-2021/marco-masini-30th-anniversary,Teatro e spettacolo,"20, Viale dell'Innovazione, Bicocca, Municipio 9, Milano, Lombardia, 20125, Italia",45.5148696,9.2135963,4
Seminario,14-04-21,2021-04-14,"Via Senato, 10, Milano, MI",Archivio di Stato di Milano,"Seminario ""Manifattura, scrittura, decorazione della Bibbia: il caso di Montecassino""",,Formazione e networking,"10, Via Senato, Guastalla, Municipio 1, Milano, Lombardia, 20121, Italia",45.4700976,9.1981223,8
,24-05-21,2021-04-14,"Via Andrea Maffei, 1, Milano, MI","Other Size Gallery, Workness Milano",Karim el maktafi. Fantasia,https://www.milanotoday.it/eventi/karim-el-maktafi-fantasia-2021.html,Non classificato,"1, Via Andrea Maffei, XXII Marzo, Municipio 4, Milano, Lombardia, 20135, Italia",45.4588219,9.209057,0
,14-04-22,2021-04-15,"Via Domenico Berra, 10, Milano, MI",CASABERRA,Arte a Casaberra un condominio che diventa una mostra permanente,https://www.milanotoday.it/eventi/arte-casaberra-condominio-mostra.html,Non classificato,"10, Via Domenico Berra, Padova, Municipio 2, Milano, Lombardia, 20132, Italia",45.5087633,9.2486748,4
,14-04-22,2021-04-15,"Via Domenico Berra, 10, Milano, MI",CASABERRA,Arte a Casaberra un condominio che diventa una mostra permanente,https://www.milanotoday.it/eventi/arte-casaberra-condominio-mostra.html,Non classificato,"10, Via Domenico Berra, Padova, Municipio 2, Milano, Lombardia, 20132, Italia",45.5087633,9.2486748,4
Mostre,30-04-21,2021-04-15,"Via Gaudenzio Ferrari, 3, Milano, MI",Almach Art Gallery,Ariel soulé - Comedy,https://www.milanotoday.it/eventi/ariel-soule-comedy-ariel-soule-2021.html,Arte e cultura,"3, Via Gaudenzio Ferrari, Ticinese, Municipio 1, Milano, Lombardia, 20123, Italia",45.4558833,9.1754506,6
Incontri,23-04-21,2021-04-16,"Via Melzo, 30, Milano, MI",gli eroici furori,Brigarte  - Art and solidarity,https://www.milanotoday.it/eventi/brigarte-art-and-solidarity-2021.html,Formazione e networking,"La Teiera Eclettica, 30, Via Melzo, Buenos Aires - Venezia, Municipio 3, Milano, Lombardia, 20129, Italia",45.4751952,9.2080791,0
Spettacoli,18-04-21,2021-04-18,"Via Rovello 2,20121, Milano, MI,Italia",Piccolo Teatro - Teatro Grassi,Le cinque rose di Jennifer,https://www.teatro.it/spettacoli/milano/piccolo-teatro-teatro-grassi/2020-2021/le-cinque-rose-di-jennifer,Teatro e spettacolo,"2, Via Rovello, Brera, Milano, Lombardia, 20121, Italia",45.4665188,9.1847651,8
Spettacoli,19-04-21,2021-04-19,"via Pier Lombardo,14,20135, Milano, MI,Italia",Franco Parenti - Sala Grande,Cita a ciegas (Confidenze fatali),https://www.teatro.it/spettacoli/milano/franco-parenti-sala-grande/2020-2021/cita-a-ciegas-confidenze-fatali,Teatro e spettacolo,"Via Pier Lombardo, Porta Romana, Municipio 4, Milano, Lombardia, 20135, Italia",45.4542958,9.2063109,0
Mostre,15-05-21,2021-04-20,"Via Giuseppe Mengoni, 4, Milano, MI",Leica Galerie presso Leica Store,"Nuova mostra a Leica Galerie milano ""the cult of rifo - a bloody beetroots journey""  dal 20 aprile 2021",https://www.milanotoday.it/eventi/nuova-mostra-a-leica-2021.html,Arte e cultura,"4, Via Giuseppe Mengoni, Duomo, Municipio 1, Milano, Lombardia, 20121, Italia",45.4651836,9.1884181,8
,20-04-21,2021-04-20,"Viale Papiniano, 31, Milano, MI",Canale Youtube Circoli Culturali Giovanni Paolo II,La grande avventura: crescere in sapienza in tempi difficili,https://www.milanotoday.it/eventi/la-grande-avventura-crescere-in-sapienza-2021.html,Non classificato,"31, Viale Papiniano, Magenta - San Vittore, Municipio 1, Milano, Lombardia, 20123, Italia",45.4590855,9.1686928,6
Mostre,20-04-21,2021-04-20,"Piazza della Repubblica, Milano, MI",Online,Venus ascending,https://www.milanotoday.it/eventi/venus-ascending-meloe-gennai.html,Arte e cultura,"Piazza della Repubblica, Centrale, Municipio 2, Milano, Lombardia, 20100, Italia",45.4788283,9.1963487,8
Seminario,21-04-21,2021-04-21,"Via Senato, 10, Milano, MI",Archivio di Stato di Milano,Seminario “Le emergenze negli archivi e nelle biblioteche: dalla prevenzione alle best practice in caso di eventi disastrosi naturali o indotti dall'azione umana”,,Formazione e networking,"10, Via Senato, Guastalla, Municipio 1, Milano, Lombardia, 20121, Italia",45.4700976,9.1981223,8
Spettacoli,21-04-21,2021-04-21,"Viale dell'Innovazione 20,20126, Milano, MI,Italia",Arcimboldi,Raf Tozzi. Due - La nostra storia,https://www.teatro.it/spettacoli/milano/degli-arcimboldi/2020-2021/raf-tozzi,Teatro e spettacolo,"20, Viale dell'Innovazione, Bicocca, Municipio 9, Milano, Lombardia, 20125, Italia",45.5148696,9.2135963,4
Mostre,24-07-21,2021-04-22,"Via Daniele Manin, 13, Milano, MI",Galleria Milano,"Galleria Milano, la nuova mostra di Riccardo Arena tra simbolismo e utopie",https://www.milanotoday.it/eventi/mostra-riccardo-arena-galleria-milano.html,Arte e cultura,"13, Via Daniele Manin, Brera, Municipio 1, Milano, Lombardia, 20121, Italia",45.4742077,9.1961047,8
,10-05-21,2021-04-22,"Via Enrico Caviglia, 3, Milano, MI",milano,"Mostra fotografica ""Spiagge"" di cosimo beduini a iif",https://www.milanotoday.it/eventi/mostra-fotografica-spiagge-2021.html,Non classificato,"CSDM, 3, Via Enrico Caviglia, Lodi - Corvetto, Municipio 4, Milano, Lombardia, 20139, Italia",45.4428538,9.2307904,0
Spettacoli,24-04-21,2021-04-24,"Piazza S. Magno,20025, Legnano, MI,Italia",Galleria,Sogno e son desto… oggi è un altro giorno,https://www.teatro.it/spettacoli/legnano/galleria/2020-2021/sogno-e-son-desto-oggi-e-un-altro-giorno,Teatro e spettacolo,"Piazza San Magno, San Magno, Oltresempione, Legnano, Milano, Lombardia, 20025, Italia",45.5948853,8.9184024,5
Manifestazioni,25-04-21,2021-04-24,"Via Antonio Sant'Elia, Milano, MI",Parco Monte Stella,"Milano&Monza Run Free, arriva la seconda tappa: iscrizioni e orari",https://www.milanotoday.it/eventi/milano-monza-gara-monte-stella.html,Altri eventi,"Via Antonio Sant'Elia, Gallaratese, Lampugnano, Municipio 8 di Milano, Milano, Lombardia, 20148, Italia",45.4862935,9.1302029,9
Spettacoli,25-04-21,2021-04-25,"via Filodrammatici,1,20121, Milano, MI,Italia",Filodrammatici,Mai morti,https://www.teatro.it/spettacoli/milano/filodrammatici/2020-2021/mai-morti,Teatro e spettacolo,"Teatro dei Filodrammatici, 1, Via Filodrammatici, Brera, Municipio 1, Milano, Lombardia, 20121, Italia",45.467261,9.188435,8
Spettacoli,25-04-21,2021-04-25,"Via Giordano Rota 1,20145, Milano, MI,Italia",Nazionale Italiana Assicurazioni,Stomp,https://www.teatro.it/spettacoli/milano/nazionale-chebanca/2020-2021/stomp,Teatro e spettacolo,"20145, Italy",45.4643,9.1895,8
Mostre,13-09-21,2021-04-26,"Via Giovanni Terruggia, 14, Milano, MI","Galleria d’Arte Sacra dei Contemporanei, Villa Clerici",Le sfaccettature del sacro in una nuova mostra a Milano,https://www.milanotoday.it/eventi/mostra-arte-villa-clerici.html,Arte e cultura,"Galleria d'Arte Sacra dei Contemporanei, 8/14, Via Giovanni Terruggia, Niguarda - Cà Granda, Municipio 9, Milano, Lombardia, 20162, Italia",45.5179802,9.1894216,4
Mostre,02-05-21,2021-04-26,"Via Giulio Cesare Procaccini, Milano, MI",Fabbrica del Vapore,Lunedì 26 aprile alla Fabbrica del Vapore riapre la mostra Frida Kahlo - Il caos dentro,https://www.milanotoday.it/eventi/mostra-frida-fabbrica-vapore.html,Arte e cultura,"Via Giulio Cesare Procaccini, Bullona, Porta Volta, Municipio 8 di Milano, Milano, Lombardia, 20154, Italia",45.4839792,9.1756444,2
Mostre,02-05-21,2021-04-26,"Via Giulio Cesare Procaccini, 4, Milano, MI",Fabbrica del Vapore,"Mostra Frida Kahlo alla Fabbrica del Vapore: ""Il caos dentro""",https://www.milanotoday.it/eventi/mostra-kahlo-2021.html,Arte e cultura,"4, Via Giulio Cesare Procaccini, Bullona, Porta Volta, Municipio 8 di Milano, Milano, Lombardia, 20154, Italia",45.4839945,9.1753796,2
Mostre,27-07-21,2021-04-26,"Via Giulio Cesare Procaccini, Milano, MI",Fabbrica del Vapore,Riapre la mostra Frida Kahlo - Il caos dentro,https://www.milanotoday.it/eventi/frida-kahlo-maggio-2021.html,Arte e cultura,"Via Giulio Cesare Procaccini, Bullona, Porta Volta, Municipio 8 di Milano, Milano, Lombardia, 20154, Italia",45.4839792,9.1756444,2
Teatri,30-04-21,2021-04-27,"Via Rovello, 2, Milano, MI",Piccolo Teatro Grassi,Il Piccolo Teatro riapre con delle prove speciali aperte al pubblico,https://www.milanotoday.it/eventi/prove-aperte-piccolo-teatro-riapertura.html,Teatro e spettacolo,"2, Via Rovello, Brera, Milano, Lombardia, 20121, Italia",45.4665188,9.1847651,8
Spettacoli,27-04-21,2021-04-27,"Via Giordano Rota 1,20145, Milano, MI,Italia",Nazionale Italiana Assicurazioni,Insopportabilmente donna - Tess Masazza,https://www.teatro.it/spettacoli/milano/nazionale-chebanca/2020-2021/insopportabilmente-donna-tess-masazza,Teatro e spettacolo,"20145, Italy",45.4643,9.1895,8
Mostre,16-05-21,2021-04-27,"Via Giuseppe Giacosa, Milano, MI",Nolo,Sui muri di NoLo la mostra di Zero racconta le storie di quartiere,https://www.milanotoday.it/eventi/mostra-zero-nolo.html,Arte e cultura,"Via Giuseppe Giacosa, Nolo, Municipio 2, Milano, Lombardia, 20127, Italia",45.4967839,9.2201975,4
Mostre,25-07-21,2021-04-27,"Piazza del Duomo, 12, Milano, MI",Palazzo Reale,Le più grandi artiste del Cinquecento in una mostra esclusiva a Milano,https://www.milanotoday.it/eventi/mostra-artiste-donne-palazzo-reale.html,Arte e cultura,"Giacomo, 12, Piazza del Duomo, Duomo, Municipio 1, Milano, Lombardia, 20100, Italia",45.4632066,9.1914879,8
Seminario,28-04-21,2021-04-28,"Via Senato, 10, Milano, MI",Archivio di Stato di Milano,Seminario “Presentazione Liber sententiarum potestatis Mediolani 1385”,,Formazione e networking,"10, Via Senato, Guastalla, Municipio 1, Milano, Lombardia, 20121, Italia",45.4700976,9.1981223,8
Mostre,01-05-21,2021-04-28,"Viale Emilio Alemagna, 6, Milano, MI",Triennale Milano,"Arriva la mostra ""Grani D'Autore"" firmata Barilla: dalla semina al raccolto del grano duro attraverso le opere di 11 artisti",https://www.milanotoday.it/eventi/mostra-triennale-milano-grani-d-autore.html,Arte e cultura,"Triennale Design Museum, 6, Viale Emilio Alemagna, Parco Sempione, Municipio 1, Milano, Lombardia, 20121, Italia",45.4721477,9.1734894,2
Mostre,13-06-21,2021-04-28,"Via Giovanni Frova, 10, Milano, MI",Museo di Fotografia Contemporanea,"""Tana libera tutti"", i bambini protagonisti di una nuova mostra",https://www.milanotoday.it/eventi/mostra-piazza-cinisello-balsamo.html,Arte e cultura,"Museo di Fotografia Contemporanea, 10, Via Giovanni Frova, Borgo Primavera, Cinisello, Cinisello Balsamo, Zona Omogenea Milano Nord, Milano, Lombardia, 20092, Italia",45.557169,9.2156253,4
Moda,04-05-21,2021-04-28,"Via Alessandro Volta, 7A, Milano, MI",Moscova District Market,Moscova Vintage Market: per pochi giorni il caveau del vintage,https://www.milanotoday.it/eventi/moscova-vintage-market-per-pochi-giorni-il-caveau-del-vintage.html,Mercati e shopping,"7a, Via Alessandro Volta, Brera, Municipio 1, Milano, Lombardia, 20121, Italia",45.4794117,9.1836722,8
,07-05-21,2021-04-28,"Alzaia Naviglio Grande, 4, Milano, MI",Vi.P. Gallery Milano,"Ivo Stazio, oltre il blu reale",https://www.milanotoday.it/eventi/ivo-stazio-oltre-il-blu-reale-ivo-2021.html,Non classificato,"4, Alzaia Naviglio Grande, Navigli, Municipio 6, Milano, Lombardia, 20144, Italia",45.4521916,9.1761844,6
,25-06-21,2021-04-29,"Via Nerino, 3, Milano, MI",MAAB Gallery,Fine del mercato,https://www.milanotoday.it/eventi/fine-del-mercato-franck-scurti-2021.html,Non classificato,"3, Via Nerino, Cerchia dei Navigli, Municipio 1, Milano, Lombardia, 20123, Italia",45.4617617,9.1841465,8
Mostre,27-09-21,2021-04-29,"Largo Isarco, 2, Milano, MI",Fondazione Prada,Un orso ricerca la propria identità nella nuova mostra digitale in Fondazione Prada,https://www.milanotoday.it/eventi/riapertura-fondazione-prada-programma.html,Arte e cultura,"2, Largo Isarco, Scalo Romana, Municipio 5, Milano, Lombardia, 20139, Italia",45.4441885,9.2034768,0
Mostre,30-05-21,2021-04-30,"Via Giuseppe Verdi, 9, Milano, MI",Vizzolo al futuro,Andrea Fusi: nel corso del tempo,https://www.milanotoday.it/eventi/andrea-fusi-nel-corso-del-tempo-2021.html,Arte e cultura,"9, Via Giuseppe Verdi, Brera, Municipio 1, Milano, Lombardia, 20121, Italia",45.4687575,9.1883373,8
Mostre,31-05-21,2021-05-01,"Via Dalmazia, 11, Milano, MI",Chiesa di San Nicolao della Flue,Nadia Nespoli | Preghiera,https://www.milanotoday.it/eventi/nadia-nespoli-preghiera-2021.html,Arte e cultura,"Via Dalmazia, Mecenate, Municipio 4, Milano, Lombardia, 20059, Italia",45.4580093,9.2433715,7
Mostre,07-11-21,2021-05-01,"Via Tortona, 56, Milano, MI",Mudec - Museo delle Culture Milano,"Donne, Messico e libertà nella nuova mostra su Tina Modotti",https://www.milanotoday.it/eventi/mostra-tina-modotti-mudec.html,Arte e cultura,"Mudec, 56, Via Tortona, Tortona, Municipio 6, Milano, Lombardia, 20144, Italia",45.4520455,9.1613185,6
Spettacoli,02-05-21,2021-05-02,"Corso di Porta Romana 63,20122, Milano, MI,Italia",Carcano,Hollywood Burger,https://www.teatro.it/spettacoli/milano/carcano/2020-2021/hollywood-burger,Teatro e spettacolo,"Teatro Carcano, 63, Corso di Porta Romana, Crocetta, Municipio 1, Milano, Lombardia, 20121, Italia",45.4566842,9.1955297,8
Spettacoli,02-05-21,2021-05-02,"via Pier Lombardo,14,20135, Milano, MI,Italia",Franco Parenti - Sala Grande,Ladro di razza,https://www.teatro.it/spettacoli/milano/franco-parenti-sala-grande/2020-2021/ladro-di-razza,Teatro e spettacolo,"Via Pier Lombardo, Porta Romana, Municipio 4, Milano, Lombardia, 20135, Italia",45.4542958,9.2063109,0
Incontri,09-05-21,2021-05-02,"Via Luigi Guanella, Milano, MI",LA BOUTIQUE DEI NASI ROSSI DI PRIMAVERA c/o Associazione Veronica Sacchi ODV,La boutique dei nasi rossi di primavera,https://www.milanotoday.it/eventi/la-boutique-dei-nasi-rossi-di-primavera.html,Formazione e networking,"Via Don Guanella - Via Apelle, Via Don Luigi Guanella, Viale Monza, Municipio 2, Milano, Lombardia, 20128, Italia",45.5109409,9.2262787,4
Spettacoli,03-05-21,2021-05-03,"Largo Antonio Greppi,20121, Milano, MI,Italia",Piccolo Teatro - Teatro Strehler,A questa comunità abbiamo dato il nome di polis,https://www.teatro.it/spettacoli/milano/piccolo-teatro-teatro-strehler/2020-2021/a-questa-comunita-abbiamo-dato-il-nome-di-polis,Teatro e spettacolo,"Largo Antonio Greppi, Cerchia dei Navigli, Municipio 1, Milano, Lombardia, 20121, Italia",45.4718502,9.1827114,8
Teatri,03-05-21,2021-05-03,"Largo Greppi, 1, Milano, MI",Piccolo Teatro Strehler,Il Piccolo Teatro riapre con uno spettacolo gratuito e le musiche di Enrico Intra,https://www.milanotoday.it/eventi/piccolo-teatro-riapre-spettacolo-gratis.html,Teatro e spettacolo,"Largo Antonio Greppi, Cerchia dei Navigli, Municipio 1, Milano, Lombardia, 20121, Italia",45.4718502,9.1827114,8
Incontri,09-07-21,2021-05-03,"Piazza del Duomo, Milano, MI",Duomo,"Dante in Duomo, le letture aprono al pubblico: date e modalità d'ingresso",https://www.milanotoday.it/eventi/letture-dante-duomo.html,Formazione e networking,"Piazza del Duomo, Duomo, Municipio 1, Milano, Lombardia, Italia",45.4639102,9.1906398,8
Teatri,15-05-21,2021-05-04,"Via Rivoli, 6, Milano, MI",Piccolo Teatro Studio Melato,Il Piccolo Teatro alza il sipario con uno spettacolo sul calcio femminile,https://www.milanotoday.it/eventi/ladies-football-club-spettacolo-piccolo-teatro.html,Teatro e spettacolo,"6, Via Rivoli, Brera, Municipio 1, Milano, Lombardia, 20121, Italia",45.4726093,9.182881,8
Mostre,18-05-21,2021-05-04,"Via Andrea Maria Ampère, 27, Milano, MI",Spazio Arte Tolomeo,Ars et lux,https://www.milanotoday.it/eventi/ars-et-lux-2021.html,Arte e cultura,"27, Via Andrea Maria Ampère, Città Studi, Municipio 3, Milano, Lombardia, 20131, Italia",45.4816019,9.2263908,0
Teatri,16-05-21,2021-05-04,"Corso Buenos Aires, 33, Milano, MI",Teatro Elfo Puccini,"""Lo strano caso del cane ucciso a mezzanotte"" torna all'Elfo Puccini: orari e biglietti",https://www.milanotoday.it/eventi/strano-caso-cane-ucciso-mezzanotte-elfo-puccini.html,Teatro e spettacolo,"Teatro Elfo Puccini, 33, Corso Buenos Aires, Buenos Aires - Venezia, Municipio 3, Milano, Lombardia, 20124, Italia",45.4794317,9.2098387,0
Mostre,30-07-21,2021-05-04,"Via Amatore Sciesa, 4, Milano, MI",IED Istituto Europeo di Design,Allo IED le tesi di moda e design diventano una mostra interamente virtuale,https://www.milanotoday.it/eventi/ied-mostra-virtuale-gratis.html,Arte e cultura,"4, Via Amatore Sciesa, Ravello, Parabiago, Milano, Lombardia, 20015, Italia",45.5533742,8.9417875,5
,05-06-21,2021-05-04,"Via Luigi Federico Menabrea, 6, Milano, MI",LABORATORIO VI.P.,Attesa ad un filo,https://www.milanotoday.it/eventi/attesa-ad-un-filo-2021.html,Non classificato,"6, Via Luigi Federico Menabrea, Isola, Municipio 9, Milano, Lombardia, 20159, Italia",45.4945214,9.1872954,2
,30-05-21,2021-05-04,"Via Luigi Canonica, 38, Milano, MI",Art Studio 38,Redaelli - B code. Il codice binario nelle opere di giordano e Michele Redaelli,https://www.milanotoday.it/eventi/redaelli-b-code-2021.html,Non classificato,"38, Via Luigi Canonica, Sarpi, Municipio 1, Milano, Lombardia, 20154, Italia",45.4792227,9.1739287,2
Iniziative Digitali,05-05-21,2021-05-05,"Via Senato 10, Milano, MI",Archivio di Stato di Milano,Cinque Maggio 1821-2021: maratona di lettura dell’ode manzoniana per ricordare Napoleone Bonaparte nel Bicentenario della sua morte,,Eventi digitali,"10, Via Senato, Guastalla, Municipio 1, Milano, Lombardia, 20121, Italia",45.4700976,9.1981223,8
Mostre,05-05-21,2021-05-05,"Piazza della Repubblica, Milano, MI",Istituto Svizzero,Il soggetto inaspettatamente trasgressivo,https://www.milanotoday.it/eventi/soggetto-inaspettatamente-trasgressivo-2021.html,Arte e cultura,"Piazza della Repubblica, Centrale, Municipio 2, Milano, Lombardia, 20100, Italia",45.4788283,9.1963487,8
Mostre,28-05-21,2021-05-05,"Via Giulio Cesare Procaccini, 4, Milano, MI",Fabbrica del Vapore - Sala delle Colonne,Nessuno escluso. Una mostra di Christian Tasso sulla disabilità come risorsa,https://www.milanotoday.it/eventi/nessuno-escluso-una-mostra-di-christian-tasso-2021.html,Arte e cultura,"4, Via Giulio Cesare Procaccini, Bullona, Porta Volta, Municipio 8 di Milano, Milano, Lombardia, 20154, Italia",45.4839945,9.1753796,2
Altro,31-05-21,2021-05-05,"Via Senato, Milano, MI",Soprintendenza Archivistica e Bibliografica della Lombardia,"Soprintendenza Archivistica e Bibliografica della Lombardia - Dante Alighieri  > La Divina Commedia  > Inferno, dal Canto XXVI",,Altri eventi,"Via Senato, Cerchia dei Navigli, Municipio 1, Milano, Lombardia, 20121, Italia",45.4714266,9.1962309,8
Spettacoli,05-05-21,2021-05-05,"Via Alessandro Manzoni 42,20121, Milano, MI,Italia",Manzoni,Antonio Ornano - L'Ornano Furioso,https://www.teatro.it/spettacoli/milano/manzoni/2020-2021/lornano-furioso,Teatro e spettacolo,"Teatro Manzoni, 42, Via Alessandro Manzoni, Cerchia dei Navigli, Municipio 1, Milano, Lombardia, 20121, Italia",45.4710286,9.1944762,8
Mostre,27-05-21,2021-05-05,"Corso di Porta Vigentina, 26, Milano, MI",Galleria Francesco Zanuso,Alla Galleria Zanuso una mostra speciale dedicata al Vietnam,https://www.milanotoday.it/eventi/mostra-gratis-galleria-zanuso-quadri-vietnam.html,Arte e cultura,"26, Corso di Porta Vigentina, Vigentina, Municipio 1, Milano, Lombardia, 20122, Italia",45.4541218,9.1958744,8
Mostre,12-09-21,2021-05-06,"Viale Emilio Alemagna, 6, Milano, MI",La Triennale,Le opere di Guillermo Kuitca in una nuova mostra in Triennale,https://www.milanotoday.it/eventi/mostra-guillermo-kuitca-triennale.html,Arte e cultura,"Triennale Design Museum, 6, Viale Emilio Alemagna, Parco Sempione, Municipio 1, Milano, Lombardia, 20121, Italia",45.4721477,9.1734894,2
Spettacoli,06-05-21,2021-05-06,"Via Alessandro Manzoni 42,20121, Milano, MI,Italia",Manzoni,"Gli uomini vengono da Marte, le donne da Venere",https://www.teatro.it/spettacoli/milano/manzoni/2020-2021/gli-uomini-vengono-da-marte-le-donne-da-venere,Teatro e spettacolo,"Teatro Manzoni, 42, Via Alessandro Manzoni, Cerchia dei Navigli, Municipio 1, Milano, Lombardia, 20121, Italia",45.4710286,9.1944762,8
Mostre,03-06-21,2021-05-06,"Lancetti, Milano, MI",spazioSERRA,12v (x8),https://www.milanotoday.it/eventi/12v-x8-alice-paltrinieri-2021.html,Arte e cultura,"Lancetti, Farini, Municipio 9, Milano, Lombardia, 20158, Italia",45.4952552,9.1757454,2
Mostre,06-05-21,2021-05-06,"Via Laghetto, 2, Milano, MI",Chiamamilano,Essere madre è per sempre,https://www.milanotoday.it/eventi/essere-madre-e-per-sempre-2021.html,Arte e cultura,"Chiamamilano, 2, Via Laghetto, Duomo, Brera, Milano, Lombardia, 20122, Italia",45.4614842,9.195516,8
Mostre,22-05-21,2021-05-07,"Via Giuseppe Dall'Occo, 1, Milano, MI",Galleria Click Art,Arte in città,https://www.milanotoday.it/eventi/arte-in-citta-2021.html,Arte e cultura,"Via Giuseppe Dall'Occo, Cormano, Zona Omogenea Milano Nord, Milano, Lombardia, 20032, Italia",45.5444599,9.1691639,4
Cinema,31-07-21,2021-05-07,"Viale Fulvio Testi, 121, Milano, MI",Cineteca Milano MIC,"Cineteca Milano, si riparte con nuovi film e con nuovi spazi",https://www.milanotoday.it/eventi/riapertura-cineteca-programma-film.html,Arte e cultura,"Fondazione Cineteca Italiana, 121, Viale Fulvio Testi, Niguarda - Cà Granda, Municipio 9, Milano, Lombardia, 20126, Italia",45.5133792,9.2039096,4
Mostre,30-01-22,2021-05-07,"Corso Magenta, 15, Milano, MI",Civico Museo Archeologico,"Al Museo Archeologico riapre la mostra ""Sotto il cielo di Nut. Egitto divino"" con un nuovo percorso da scoprire",https://www.milanotoday.it/eventi/mostra-egitto-museo-archeologico.html,Arte e cultura,"Civico museo archeologico di Milano, 15, Corso Magenta, Cerchia dei Navigli, Municipio 1, Milano, Lombardia, 20123, Italia",45.465621,9.1787191,8
Mostre,30-05-21,2021-05-07,"Via Privata della Braida, 5, Milano, MI",Après-coup,"Rock City, la grande stagione del rock in mostra a Milano",https://www.milanotoday.it/eventi/mostra-rock-city-apres-coup.html,Arte e cultura,"5, Via privata della Braida, Guastalla, Municipio 1, Milano, Lombardia, 20122, Italia",45.4543754,9.2020833,0
Concerti,07-05-21,2021-05-07,"Via Pietro Borsieri, 37, Milano, MI",Blue Note,Il Blue Note riapre con un grande concerto di Paolo Fresu,https://www.milanotoday.it/eventi/blue-note-riapre-concerto-paolo-fresu.html,Musica e vita notturna,"Blue Note, 37, Via Pietro Borsieri, Isola, Municipio 9, Milano, Lombardia, 20159, Italia",45.4895296,9.1888504,2
Spettacoli,07-05-21,2021-05-07,"Via Lattanzio 58/A,20137, Milano, MI,Italia",deSidera Teatro Oscar,Chiedimi se sono di turno,https://www.teatro.it/spettacoli/milano/oscar/2020-2021/chiedimi-se-sono-di-turno,Teatro e spettacolo,"Teatro Oscar DeSidera, 58/A, Via Lattanzio, Umbria - Molise, Municipio 4, Milano, Lombardia, 20137, Italia",45.4523298,9.2167181,0
,21-05-21,2021-05-07,"Via Giovanni Pacini, 28, Milano, MI",Pacer,Spoart,https://www.milanotoday.it/eventi/spoart-giorgio-maggiorelli-2021.html,Non classificato,"PACER - La fabbrica dei kilometri, 28, Via Giovanni Pacini, Città Studi, Municipio 3, Milano, Lombardia, 20131, Italia",45.4821251,9.2293694,0
Mostre,30-01-22,2021-05-07,"Corso Magenta, 15, Milano, MI",Civico Museo Archeologico,"Al Museo Archeologico riapre la mostra ""Sotto il cielo di Nut. Egitto divino"" con un nuovo percorso da scoprire",https://www.milanotoday.it/eventi/mostra-egitto-museo-archeologico.html,Arte e cultura,"Civico museo archeologico di Milano, 15, Corso Magenta, Cerchia dei Navigli, Municipio 1, Milano, Lombardia, 20123, Italia",45.465621,9.1787191,8
Manifestazioni,08-05-21,2021-05-08,"Corso Sempione, Milano, MI",Arco della Pace,La grande manifestazione per il Ddl Zan a Milano contro l'odio omotransfobico,https://www.milanotoday.it/eventi/manifestazione-ddl-zan-arco-pace.html,Altri eventi,"Corso Sempione, Sarpi, Bullona, Municipio 8 di Milano, Milano, Lombardia, 20154, Italia",45.4792264,9.1684116,2
,08-05-21,2021-05-08,"Viale Filippo Meda, Milano, MI",Auditorium Padre Reina,Rho - Premiazione 23° concorso di poesia del calendimaggio,https://www.milanotoday.it/eventi/rho-premiazione-23-2021.html,Non classificato,"Viale Filippo Meda, Maliano, Lucernate, Rho, Milano, Lombardia, 20017, Italia",45.5253592,9.0425315,1
Concerti,05-06-21,2021-05-08,"Via Antonio Ceriani, 3, Milano, MI",chiesa vecchia di Baggio,"Primavera di Baggio, tornano i concerti gratuiti: orari e come prenotare",https://www.milanotoday.it/eventi/primavera-di-baggio-concerti-2021.html,Musica e vita notturna,"Via Antonio Ceriani, Baggio, Municipio 7, Milano, Lombardia, 20153, Italia",45.4614003,9.0898484,9
Mostre,22-05-21,2021-05-08,"Via Luigi Nono, 9, Milano, MI",Tempio del Futuro Perduto,“Tempo sospeso”: il reportage fotografico di Francesca sorge sulla vita di comunità,https://www.milanotoday.it/eventi/tempo-sospeso-il-reportage-fotografico-2021.html,Arte e cultura,"9, Via Luigi Nono, Bullona, Porta Volta, Municipio 8 di Milano, Milano, Lombardia, 20154, Italia",45.4864027,9.1751051,2
Mostre,19-06-21,2021-05-08,"Via San Vittore, 21, Milano, MI",Museo Nazionale della Scienza e della Tecnologia,"Museo della Scienza, le visite guidate gratuite alla scoperta di grandi avventure",https://www.milanotoday.it/eventi/museo-scienza-visite-guidate-bambini.html,Arte e cultura,"21, Via San Vittore, Magenta - San Vittore, Municipio 1, Milano, Lombardia, 20123, Italia",45.4628946,9.1706462,8
Spettacoli,09-05-21,2021-05-09,"via Pier Lombardo,14,20135, Milano, MI,Italia",Franco Parenti - Sala Grande,Tartufo,https://www.teatro.it/spettacoli/milano/franco-parenti-sala-grande/2020-2021/tartufo,Teatro e spettacolo,"Via Pier Lombardo, Porta Romana, Municipio 4, Milano, Lombardia, 20135, Italia",45.4542958,9.2063109,0
Spettacoli,09-05-21,2021-05-09,"Corso Buenos Aires,33,20124, Milano, MI,Italia",Teatro Elfo Puccini - sala Fassbinder,La notte di Antigone,https://www.teatro.it/spettacoli/milano/teatro-elfo-puccini-sala-fassbinder/2020-2021/la-notte-di-antigone,Teatro e spettacolo,"Teatro Elfo Puccini, 33, Corso Buenos Aires, Buenos Aires - Venezia, Municipio 3, Milano, Lombardia, 20124, Italia",45.4794317,9.2098387,0
,23-05-21,2021-05-10,"Via Monte Napoleone, Milano, MI",Via Montenapoleone,L'architettura e il design degli anni '60 in una nuova mostra in Montenapoleone,https://www.milanotoday.it/eventi/mostra-fotografica-montenapoleone.html,Non classificato,"Via Monte Napoleone, Duomo, Municipio 1, Milano, Lombardia, 20122, Italia",45.4671347,9.1965125,8
Concerti,10-05-21,2021-05-10,"Via Filodrammatici, 2, Milano, MI",La Scala,La Scala riapre con un concerto diretto da Chailly,https://www.milanotoday.it/eventi/teatro-scala-riapre-con-concerto-riccardo-chailly.html,Musica e vita notturna,"2, Via Filodrammatici, Brera, Milano, Lombardia, 20121, Italia",45.4676198,9.1884287,8
Mostre,25-05-21,2021-05-11,"Via Enrico Caviglia, 3, Milano, MI",Istituto Italiano di Fotografia,"Mostra fotografica ""The food dilemma"" di Tatiana Ramundo in iif",https://www.milanotoday.it/eventi/mostra-fotografica-the-food-dilemma.html,Arte e cultura,"CSDM, 3, Via Enrico Caviglia, Lodi - Corvetto, Municipio 4, Milano, Lombardia, 20139, Italia",45.4428538,9.2307904,0
Teatri,23-05-21,2021-05-11,"largo Greppi, Milano, MI",Piccolo Teatro Strehler,Al Piccolo Teatro il Macbeth è un viaggio nell'anima degli attori,https://www.milanotoday.it/eventi/spettacolo-macbeth-piccolo-teatro.html,Teatro e spettacolo,"Largo Antonio Greppi, Cerchia dei Navigli, Municipio 1, Milano, Lombardia, 20121, Italia",45.4718502,9.1827114,8
Mostre,11-05-21,2021-05-11,"Via Messina, 48, Milano, MI",Piccola Scuola di Circo,Paccottiglia deluxe + equilibrium tremens,https://www.milanotoday.it/eventi/paccottiglia-deluxe-equilibrium-tremens-2021.html,Arte e cultura,"48, Via Messina, Ghisolfa, Municipio 8 di Milano, Milano, Lombardia, 20154, Italia",45.488177,9.1720103,2
Mostre,03-09-21,2021-05-11,"Via Maurizio Gonzaga, 2, Milano, MI",BABS Art Gallery,Dalla penna biro al nft,https://www.milanotoday.it/eventi/dalla-penna-biro-al-nft-paolo-amico-2021.html,Arte e cultura,"2, Via Maurizio Gonzaga, Cerchia dei Navigli, Municipio 1, Milano, Lombardia, 20123, Italia",45.4619404,9.1894546,8
Mostre,12-09-21,2021-05-11,"Viale Emilio Alemagna, 6, Milano, MI",La Triennale di Milano,La Triennale inaugura una mostra dedicata al grande architettoVico Magistretti,https://www.milanotoday.it/eventi/mostra-magistretti-triennale.html,Arte e cultura,"Triennale Design Museum, 6, Viale Emilio Alemagna, Parco Sempione, Municipio 1, Milano, Lombardia, 20121, Italia",45.4721477,9.1734894,2
Seminario,12-05-21,2021-05-12,"Via Senato, 10, Milano, MI",Archivio di Stato di Milano,Da documento a monumento: i 1300 anni della cartola de accepto mundio di Anstruda e il suo percorso attraverso i secoli (12 maggio 721 - 12 maggio 2021),,Formazione e networking,"10, Via Senato, Guastalla, Municipio 1, Milano, Lombardia, 20121, Italia",45.4700976,9.1981223,8
Inaugurazione,12-05-21,2021-05-12,"Via Senato 10, Milano, MI",Archivio di Stato di Milano,Nasce la rete delle scuole di Archivistica Paleografia e Diplomatica degli Archivi di Stato italiani,,Inaugurazioni,"10, Via Senato, Guastalla, Municipio 1, Milano, Lombardia, 20121, Italia",45.4700976,9.1981223,8
Mostre,02-06-21,2021-05-12,"Via Melzo, 30, Milano, MI",gli eroici furori,Guido Buganza | Ritmica della memoria,https://www.milanotoday.it/eventi/guido-buganza-ritmica-della-memoria-2021.html,Arte e cultura,"La Teiera Eclettica, 30, Via Melzo, Buenos Aires - Venezia, Municipio 3, Milano, Lombardia, 20129, Italia",45.4751952,9.2080791,0
Mostre,29-05-21,2021-05-13,"Foro Buonaparte, 67, Milano, MI",Fondazione Luciana Matalon,Liburnus – Mostra personale di Neven Zoricic,https://www.milanotoday.it/eventi/liburnus-mostra-personale-di-neven-zoricic-2021.html,Arte e cultura,"Gran Caffè al Foro, 67, Foro Buonaparte, Duomo, Municipio 1, Milano, Lombardia, 20121, Italia",45.467893,9.1809797,8
Mostra,27-09-21,2021-05-13,"via Manzoni, 12, Milano, MI",Museo Poldi Pezzoli,La Forma del Tempo,,Arte e cultura,"12, Via Alessandro Manzoni, Cusano, Cusano Milanino, Zona Omogenea Milano Nord, Milano, Lombardia, 20095, Italia",45.5477706,9.175727,4
,15-07-21,2021-05-13,"Via Carlo Tenca, 18, Milano, MI",ARS Milano,Caem 2021 contemporary art exhibition Milano,https://www.milanotoday.it/eventi/caem-2021-contemporary-art-exhibition-2021.html,Non classificato,"18, Via Carlo Tenca, Centrale, Municipio 2, Milano, Lombardia, 20124, Italia",45.4811144,9.2024693,0
Incontri,29-05-21,2021-05-13,"Via Enrico Besana, 12, Milano, MI",MUBA – Museo dei Bambini di Milano,Muba riapre con laboratori speciali di creatività per i bambini,https://www.milanotoday.it/eventi/riapertura-muba-laboratori-bambini.html,Formazione e networking,"MUBA - Museo dei Bambini, 12, Via Enrico Besana, Guastalla, Municipio 1, Milano, Lombardia, 20122, Italia",45.4599507,9.2051279,0
Mostre,31-10-21,2021-05-14,"Piazza San Babila, Milano, MI",Teatro Nuovo,Al Teatro Nuovo una mostra su Banksy con 60 opere d'arte e più di 30 murales a grandezza naturale,https://www.milanotoday.it/eventi/mostra-banksy-teatro-nuovo.html,Arte e cultura,"Piazza San Babila, Duomo, Municipio 1, Milano, Lombardia, 20122, Italia",45.466374,9.1977066,8
Cinema,30-05-21,2021-05-14,"Viale Fulvio Testi, 121, Milano, MI",Cineteca Milano MIC,Alla Cineteca di Milano una grande rassegna su Mariangela Melato: orari e biglietti,https://www.milanotoday.it/eventi/cineteca-rassegna-film-su-mariangela-melato.html,Arte e cultura,"Fondazione Cineteca Italiana, 121, Viale Fulvio Testi, Niguarda - Cà Granda, Municipio 9, Milano, Lombardia, 20126, Italia",45.5133792,9.2039096,4
Mostre,20-05-21,2021-05-14,"Via Francesco Ferrucci, 5, Milano, MI",Exalge,"""Passi"", a Milano la prima mostra fotografica di Enrico Liuzzo",https://www.milanotoday.it/eventi/mostra-fotografica-enrico-liuzzo-passi.html,Arte e cultura,"5, Via Francesco Ferrucci, Pagano, Bullona, Municipio 8 di Milano, Milano, Lombardia, 20145, Italia",45.4792453,9.164257,2
Spettacoli,14-05-21,2021-05-14,"Corso di Porta Romana 63,20122, Milano, MI,Italia",Carcano,Nina's Drag Queens - Le Gattoparde,https://www.teatro.it/spettacoli/milano/carcano/2020-2021/le-gattoparde-lultima-festa-prima-della-fine-del-mondo,Teatro e spettacolo,"Teatro Carcano, 63, Corso di Porta Romana, Crocetta, Municipio 1, Milano, Lombardia, 20121, Italia",45.4566842,9.1955297,8
Spettacoli,15-05-21,2021-05-15,"Via Rivoli 6,20121, Milano, MI,Italia",Piccolo Teatro - Studio Melato,Ladies Football Club,https://www.teatro.it/spettacoli/milano/piccolo-teatro-studio-melato/2020-2021/ladies-football-club,Teatro e spettacolo,"6, Via Rivoli, Brera, Municipio 1, Milano, Lombardia, 20121, Italia",45.4726093,9.182881,8
Spettacoli,16-05-21,2021-05-16,"Via Ciro Menotti 11,20129, Milano, MI,Italia",Menotti,Alda. Diario di una diversa,https://www.teatro.it/spettacoli/milano/menotti/2020-2021/alda-diario-di-una-diversa,Teatro e spettacolo,"11, Via Ciro Menotti, Buenos Aires - Venezia, Municipio 3, Milano, Lombardia, 20129, Italia",45.4699888,9.2132156,0
Concerti,16-05-21,2021-05-16,"Piazza Francesco Carrara, 17, Milano, MI",Centro Asteria,Concerto per l'Armenia,https://www.milanotoday.it/eventi/concerto-per-l-armenia-2021.html,Musica e vita notturna,"17, Piazza Francesco Carrara, Stadera, Municipio 5, Milano, Lombardia, 20136, Italia",45.4369245,9.1761088,6
,16-05-21,2021-05-16,"Piazza Castello, Milano, MI",Castello Sforzesco,"Candlelight memorial 2021 - 16-5-2021 Cambia location non più in Staz. Centrale, ma in piazza castello",https://www.milanotoday.it/eventi/candlelight-memorial-2021.html,Non classificato,"Piazza Castello, Cerchia dei Navigli, Municipio 1, Milano, Lombardia, Italia",45.4704699,9.1819129,8
,16-05-21,2021-05-16,"Piazza Duca d'Aosta, 1, Milano, MI","Galleria dei Mosaici - Spazio ex deposito Bagagli,","Candlelight memorial 2021 - 16-5-2021   Stazione centrale di milano-piazza duca d’aosta 1,",https://www.milanotoday.it/eventi/candlelight-memorial-2021-2021.html,Non classificato,"Rossopomodoro, 1, Piazza Duca d'Aosta, Centrale, Municipio 2, Milano, Lombardia, 20125, Italia",45.4856477,9.2051669,0
Incontri,27-06-21,2021-05-16,"Alzaia Naviglio Pavese, Milano, MI",Parco Chiesa Rossa,Milano da scoprire: riprendono le visite alla Chiesa Rossa,https://www.milanotoday.it/eventi/visite-guidate-chiesa-rossa.html,Formazione e networking,"Alzaia Naviglio Pavese, Stadera, Municipio 5, Milano, Lombardia, 20142, Italia",45.4235288,9.167844,6
Spettacoli,16-05-21,2021-05-16,"Corso Buenos Aires,33,20124, Milano, MI,Italia",Teatro Elfo Puccini - sala Fassbinder,Il rumore del silenzio,https://www.teatro.it/spettacoli/milano/teatro-elfo-puccini-sala-fassbinder/2020-2021/il-rumore-del-silenzio,Teatro e spettacolo,"Teatro Elfo Puccini, 33, Corso Buenos Aires, Buenos Aires - Venezia, Municipio 3, Milano, Lombardia, 20124, Italia",45.4794317,9.2098387,0
Incontri,16-05-21,2021-05-16,"Piazza del Duomo, Milano, MI",Duomo,Alla scoperta del Duomo di Milano con nuove visite guidate,https://www.milanotoday.it/eventi/visite-guidate-duomo.html,Formazione e networking,"Piazza del Duomo, Duomo, Municipio 1, Milano, Lombardia, Italia",45.4639102,9.1906398,8
Spettacoli,16-05-21,2021-05-16,"Via Rovello 2,20121, Milano, MI,Italia",Piccolo Teatro - Teatro Grassi,A German Life,https://www.teatro.it/spettacoli/milano/piccolo-teatro-teatro-grassi/2020-2021/a-german-life,Teatro e spettacolo,"2, Via Rovello, Brera, Milano, Lombardia, 20121, Italia",45.4665188,9.1847651,8
Spettacoli,16-05-21,2021-05-16,"Corso Buenos Aires 33,20124, Milano, MI,Italia",Elfo Puccini - sala Shakespeare,Lo strano caso del cane ucciso a mezzanotte,https://www.teatro.it/spettacoli/milano/elfo-puccini-sala-shakespeare/2020-2021/lo-strano-caso-del-cane-ucciso-a-mezzanotte,Teatro e spettacolo,"Teatro Elfo Puccini, 33, Corso Buenos Aires, Buenos Aires - Venezia, Municipio 3, Milano, Lombardia, 20124, Italia",45.4794317,9.2098387,0
Sport,16-05-21,2021-05-16,"Piazza del Cannone, Milano, MI",,"Generali Marathon 2021, a Milano si torna a correre con un'edizione speciale",https://www.milanotoday.it/eventi/generali-milano-marathon-2021.html,Sport e attività fisica,"Piazza del Cannone, Parco Sempione, Municipio 1, Milano, Lombardia, Italia",45.4716693,9.1780647,8
Spettacoli,16-05-21,2021-05-16,"viale Alemagna,6,20121, Milano, MI,Italia",Triennale,Sorelle,https://www.teatro.it/spettacoli/milano/triennale-teatro-dellarte/2020-2021/sorelle,Teatro e spettacolo,"Triennale Design Museum, 6, Viale Emilio Alemagna, Parco Sempione, Municipio 1, Milano, Lombardia, 20121, Italia",45.4721477,9.1734894,2
Spettacoli,16-05-21,2021-05-16,"Corso Buenos Aires 33,20124, Milano, MI,Italia",Elfo Puccini - Sala Bausch,Aspettando il telegramma,https://www.teatro.it/spettacoli/milano/elfo-puccini-sala-bausch/2020-2021/aspettando-il-telegramma,Teatro e spettacolo,"Teatro Elfo Puccini, 33, Corso Buenos Aires, Buenos Aires - Venezia, Municipio 3, Milano, Lombardia, 20124, Italia",45.4794317,9.2098387,0
Mostre,17-05-21,2021-05-17,"Via Privata Cascia, 6, Milano, MI",Jardino,Intĭm ~ Us - Verso nuove vie di connessione,https://www.milanotoday.it/eventi/int-m-us-verso-nuove-vie-di-connessione-2021.html,Arte e cultura,"6, Via Privata Cascia, Adriano, Municipio 2, Milano, Lombardia, 20128, Italia",45.5119899,9.2439487,4
Mostre,17-05-21,2021-05-17,"Via Enrico Caviglia, 3, Milano, MI",Istituto Italiano di Fotografia,Mostra “il diario dei viaggi impossibili” di Ylenia Bonacina,https://www.milanotoday.it/eventi/mostra-il-diario-dei-viaggi-impossibili-2021.html,Arte e cultura,"CSDM, 3, Via Enrico Caviglia, Lodi - Corvetto, Municipio 4, Milano, Lombardia, 20139, Italia",45.4428538,9.2307904,0
Incontri,17-05-21,2021-05-17,"Via Carlo Darwin, 20, Milano, MI",Domus Academy Milano,Domus academy Milano: la talk con Sebastian Behmann di Studio other spaces e studio Olafur Eliasson,https://www.milanotoday.it/eventi/domus-academy-milano-la-talk-con-sebastian-behmann-di-studio-other-spaces-e-studio-olafur-eliasson-sebastian-behmann-7874160.html,Formazione e networking,"20, Via Carlo Darwin, Navigli, Municipio 6, Milano, Lombardia, 20143, Italia",45.4455443,9.1743922,6
,17-05-21,2021-05-17,"Piazza Castello, 2, Milano, MI",Casa della Psicologia,Viaggi e miraggi: strade del mondo e della mente,https://www.milanotoday.it/eventi/viaggi-e-miraggi-2021.html,Non classificato,"Bar Castello, 2, Piazza Castello, Brera, Municipio 1, Milano, Lombardia, 20121, Italia",45.4690445,9.1818105,8
Teatri,23-05-21,2021-05-18,"Via Rovello, 2, Milano, MI",Piccolo Teatro Grassi,"Al Piccolo Teatro il nuovo spettacolo ""Antichi Maestri"": orari e biglietti",https://www.milanotoday.it/eventi/piccolo-teatro-spettacolo-antichi-maestri.html,Teatro e spettacolo,"2, Via Rovello, Brera, Milano, Lombardia, 20121, Italia",45.4665188,9.1847651,8
,18-05-21,2021-05-18,"Foro Buonaparte, 67, Milano, MI","Fondazione Luciana Matalon,","Inside collettiva internazionale | Dal 4 al 12 giugno presso la fondazione Luciana Matalon, Milano",https://www.milanotoday.it/eventi/inside-collettiva-internazionale-4-12-giugno.html,Non classificato,"Gran Caffè al Foro, 67, Foro Buonaparte, Duomo, Municipio 1, Milano, Lombardia, 20121, Italia",45.467893,9.1809797,8
Mostre,19-05-21,2021-05-18,"Via del Vecchio Politecnico, 3, Milano, MI",Istituto Svizzero,Dorota gawęda & eglė kulbokaitė,https://www.milanotoday.it/eventi/dorota-gaw-da-egl-kulbokait-2021.html,Arte e cultura,"3, Via del Vecchio Politecnico, Guastalla, Municipio 1, Milano, Lombardia, 20121, Italia",45.4724248,9.1964505,8
Teatri,23-05-21,2021-05-18,"Via Rovello, 2, Milano, MI",Piccolo Teatro Grassi,"Al Piccolo Teatro gli ""Antichi Maestri"" di Tiezzi e Lombardi",https://www.milanotoday.it/eventi/spettacolo-piccolo-teatro-antichi-maestri.html,Teatro e spettacolo,"2, Via Rovello, Brera, Milano, Lombardia, 20121, Italia",45.4665188,9.1847651,8
,19-05-21,2021-05-19,"Via Lodi, 15, Milano, MI",Radio USOM,Luca Milani presenta Dirty hearts,https://www.milanotoday.it/eventi/luca-milani-presenta-dirty-hearts-2021.html,Non classificato,"15, Via Lodi, Melzo, Milano, Lombardia, 20066, Italia",45.4962992,9.420945,3
Mostre,18-09-21,2021-05-19,"Via Giuseppe Mengoni, 4, Milano, MI",Leica Galerie,"""Apparizioni"", la nuova mostra fotografica di Guido Harari in 40 ritratti",https://www.milanotoday.it/eventi/mostra-fotografo-harari-leica-galleria.html,Arte e cultura,"4, Via Giuseppe Mengoni, Duomo, Municipio 1, Milano, Lombardia, 20121, Italia",45.4651836,9.1884181,8
Mostre,13-06-21,2021-05-20,"Via Pietro Andrea Saccardo, 12, Milano, MI",Scalo Lambrate,Disintegration-io,https://www.milanotoday.it/eventi/disintegration-io-marco-sorgato-2021.html,Arte e cultura,"Via Pietro Andrea Saccardo, Lambrate, Municipio 3, Milano, Lombardia, 20134, Italia",45.4815089,9.2437107,7
Spettacoli,20-05-21,2021-05-20,"via Filodrammatici,1,20121, Milano, MI,Italia",Filodrammatici,RICINO,https://www.teatro.it/spettacoli/milano/filodrammatici/2020-2021/ricino,Teatro e spettacolo,"Teatro dei Filodrammatici, 1, Via Filodrammatici, Brera, Municipio 1, Milano, Lombardia, 20121, Italia",45.467261,9.188435,8
Manifestazioni,21-05-21,2021-05-20,"Via Festa del Perdono, 7, Milano, MI",Università degli Studi di Milano,"Tolkien: l'uomo, il mito, la storia",https://www.milanotoday.it/eventi/tolkien-l-uomo-il-mito-la-storia-2021.html,Altri eventi,"7, Via Festa del Perdono, Cerchia dei Navigli, Municipio 1, Milano, Lombardia, 20122, Italia",45.4603865,9.1939871,8
,18-06-21,2021-05-20,"Via Benedetto Marcello, 46, Milano, MI",Galleria Manifiesto Blanco,Mostra bianca su bianco - Francesco merletti @ Manifiesto blanco,https://www.milanotoday.it/eventi/mostra-bianca-su-bianco-francesco-merletti-2021.html,Non classificato,"Manifiesto Blanco, 46, Via Benedetto Marcello, Buenos Aires - Venezia, Municipio 3, Milano, Lombardia, 20124, Italia",45.4830737,9.2106807,0
Mostre,06-06-21,2021-05-20,"Piazza Europa, 11, Milano, MI",Milano,Venti d'arte - Mostra collettiva,https://www.milanotoday.it/eventi/mostra-venti-arte.html,Arte e cultura,"11, Piazza Europa, San Magno, Oltresempione, Legnano, Milano, Lombardia, 20025, Italia",45.5956097,8.9177504,5
,20-05-21,2021-05-20,"Via dell'Allodola, 5, Milano, MI","Teatro ""La Creta"" presso Parrocchia San Giovanni alla Creta","""In suoni fragili... Canti d'infinito""",https://www.milanotoday.it/eventi/in-suoni-fragili-canti-d-infinito-2021.html,Non classificato,"Via dell'Allodola, Lorenteggio, Municipio 6, Milano, Lombardia, 20147, Italia",45.454862,9.1195068,9
Manifestazioni,23-05-21,2021-05-21,"Via Bergognone, 34, Milano, MI",Base Milano,"We World Festival, una mostra dedicata alla condizione delle donne in Italia e nel mondo",https://www.milanotoday.it/eventi/we-world-festival-base-mostra.html,Altri eventi,"Wikimedia Italia, 34, Via Bergognone Da Fossano, Tortona, Municipio 6, Milano, Lombardia, 20144, Italia",45.4518657,9.1625146,6
Spettacoli,21-05-21,2021-05-21,"Corso di Porta Romana 63,20122, Milano, MI,Italia",Carcano,Innamorati,https://www.teatro.it/spettacoli/milano/carcano/2020-2021/innamorati,Teatro e spettacolo,"Teatro Carcano, 63, Corso di Porta Romana, Crocetta, Municipio 1, Milano, Lombardia, 20121, Italia",45.4566842,9.1955297,8
Cinema,30-06-21,2021-05-21,"Viale Vittorio Veneto, 2, Milano, MI",Cineteca Milano Meet,I film del grande Claude Chabrol in programma alla Cineteca di Milano,https://www.milanotoday.it/eventi/film-chabrol-cineteca-programma.html,Arte e cultura,"Cineteca Milano Meet, 2, Viale Vittorio Veneto, Buenos Aires - Venezia, Municipio 3, Milano, Lombardia, 20124, Italia",45.4753723,9.2039666,0
Teatri,23-05-21,2021-05-21,"Viale Emilio Alemagna, 6, Milano, MI",La Triennale di Milano,"Lo spettacolo ""Chi ha ucciso mio padre"" al Fog Festival in Triennale",https://www.milanotoday.it/eventi/chi-ha-ucciso-mio-padre-in-triennale.html,Teatro e spettacolo,"Triennale Design Museum, 6, Viale Emilio Alemagna, Parco Sempione, Municipio 1, Milano, Lombardia, 20121, Italia",45.4721477,9.1734894,2
Spettacoli,21-05-21,2021-05-21,"via Filodrammatici,1,20121, Milano, MI,Italia",Filodrammatici,Gentleman Anne,https://www.teatro.it/spettacoli/milano/filodrammatici/2020-2021/gentleman-anne,Teatro e spettacolo,"Teatro dei Filodrammatici, 1, Via Filodrammatici, Brera, Municipio 1, Milano, Lombardia, 20121, Italia",45.467261,9.188435,8
Spettacoli,22-05-21,2021-05-22,"via Filodrammatici,1,20121, Milano, MI,Italia",Filodrammatici,"Allegro, non troppo",https://www.teatro.it/spettacoli/milano/filodrammatici/2020-2021/allegro-non-troppo,Teatro e spettacolo,"Teatro dei Filodrammatici, 1, Via Filodrammatici, Brera, Municipio 1, Milano, Lombardia, 20121, Italia",45.467261,9.188435,8
Cibo e Vino,23-05-21,2021-05-23,"Corso Garibaldi, 51, Milano, MI",Lefiole Montalto Pavese,"Vino, yoga e mindset nell'Oltrepò Pavese: la Winefulness Experience di Lefiole",https://www.milanotoday.it/eventi/weekend/lefiole-vino-winefulness-23-maggio-2021.html,Enogastronomia,"51a, Corso Giuseppe Garibaldi, Brera, Municipio 1, Milano, Lombardia, 20121, Italia",45.4741288,9.1833996,8
Spettacoli,23-05-21,2021-05-23,"Corso Buenos Aires,33,20124, Milano, MI,Italia",Teatro Elfo Puccini - sala Fassbinder,Munch. Autoritratto su carne,https://www.teatro.it/spettacoli/milano/teatro-elfo-puccini-sala-fassbinder/2020-2021/munch-autoritratto-su-carne,Teatro e spettacolo,"Teatro Elfo Puccini, 33, Corso Buenos Aires, Buenos Aires - Venezia, Municipio 3, Milano, Lombardia, 20124, Italia",45.4794317,9.2098387,0
Spettacoli,23-05-21,2021-05-23,"v. Cavallari 4,20013, Magenta, MI,Italia",Lirico,Chiedimi se sono di turno,https://www.teatro.it/spettacoli/magenta/lirico/2020-2021/chiedimi-se-sono-di-turno,Teatro e spettacolo,"Via Brenno Cavallari, Magenta, Milano, Lombardia, 20013, Italia",45.4683141,8.8834486,5
Spettacoli,23-05-21,2021-05-23,"Via Rovello 2,20121, Milano, MI,Italia",Piccolo Teatro - Teatro Grassi,Antichi Maestri,https://www.teatro.it/spettacoli/milano/piccolo-teatro-teatro-grassi/2020-2021/antichi-maestri,Teatro e spettacolo,"2, Via Rovello, Brera, Milano, Lombardia, 20121, Italia",45.4665188,9.1847651,8
Spettacoli,23-05-21,2021-05-23,"Largo Antonio Greppi,20121, Milano, MI,Italia",Piccolo Teatro - Teatro Strehler,"Macbeth, le cose nascoste",https://www.teatro.it/spettacoli/milano/piccolo-teatro-teatro-strehler/2020-2021/macbeth-le-cose-nascoste,Teatro e spettacolo,"Largo Antonio Greppi, Cerchia dei Navigli, Municipio 1, Milano, Lombardia, 20121, Italia",45.4718502,9.1827114,8
Spettacoli,23-05-21,2021-05-23,"viale Alemagna,6,20121, Milano, MI,Italia",Triennale,Chi ha ucciso mio padre,https://www.teatro.it/spettacoli/milano/triennale-teatro-dellarte/2020-2021/chi-ha-ucciso-mio-padre,Teatro e spettacolo,"Triennale Design Museum, 6, Viale Emilio Alemagna, Parco Sempione, Municipio 1, Milano, Lombardia, 20121, Italia",45.4721477,9.1734894,2
Spettacoli,23-05-21,2021-05-23,"Via Ciro Menotti 11,20129, Milano, MI,Italia",Menotti,Come un killer sotto il sole,https://www.teatro.it/spettacoli/milano/menotti/2020-2021/come-un-killer-sotto-il-sole,Teatro e spettacolo,"11, Via Ciro Menotti, Buenos Aires - Venezia, Municipio 3, Milano, Lombardia, 20129, Italia",45.4699888,9.2132156,0
Concerti,24-05-21,2021-05-24,"Via Savona, 57, Milano, MI",Cinema Mexico,"Al Cinema Mexico una proiezione speciale de ""Il buco in testa"" con lo scrittore Colaprico",https://www.milanotoday.it/eventi/film-buco-in-testa-cinema-mexico.html,Musica e vita notturna,"57, Via Savona, Tortona, Municipio 6, Milano, Lombardia, 20144, Italia",45.4529096,9.1602781,6
Mostra,31-12-21,2021-05-24,"Via Brera, 28, Milano, MI",Pinacoteca di Brera,La Milano di Napoleone: un laboratorio di idee rivoluzionarie. 1796-1821.,,Arte e cultura,"Istituto Nazionale di Astrofisica – Osservatorio astronomico di Brera, 28, Via Brera, Cerchia dei Navigli, Municipio 1, Milano, Lombardia, 20121, Italia",45.4715946,9.1889707,8
Mostre,11-07-21,2021-05-24,"Via Alessandro Tadino, 20, Milano, MI",CABINET,"Pier Paolo Calzolari, ""pitture""",https://www.milanotoday.it/eventi/pier-paolo-calzolari-pitture-2021.html,Arte e cultura,"Galleria Giò Marconi, 20, Via Alessandro Tadino, Buenos Aires - Venezia, Municipio 3, Milano, Lombardia, 20124, Italia",45.4789476,9.2076281,0
Mostre,25-07-21,2021-05-25,"Via Giulio Cesare Procaccini, 11, Milano, MI",Fabbrica del Vapore,"""Frida Kahlo - Il Caos dentro"". A Milano una grande mostra dedicata all'artista messicana",https://www.milanotoday.it/eventi/mostra-frida-kahlo-fabbrica-vapore-quando.html,Arte e cultura,"Qf QWork, 11, Via Giulio Cesare Procaccini, Sarpi, Porta Volta, Municipio 8 di Milano, Milano, Lombardia, 20154, Italia",45.4836611,9.1735769,2
Spettacoli,25-05-21,2021-05-25,"Via Giordano Rota 1,20145, Milano, MI,Italia",Nazionale Italiana Assicurazioni,The Pozzolis Family - A-LIVE!,https://www.teatro.it/spettacoli/milano/nazionale-chebanca/2020-2021/the-pozzolis-family-a-live,Teatro e spettacolo,"20145, Italy",45.4643,9.1895,8
Teatri,06-06-21,2021-05-26,"Largo Greppi, 1, Milano, MI",Piccolo Teatro Strehler,"Al Piccolo Teatro il thriller psicologico delle ""Variazioni enigmatiche"": orari e biglietti",https://www.milanotoday.it/eventi/variazioni-enigmatiche-spettacolo-piccolo-strehler.html,Teatro e spettacolo,"Largo Antonio Greppi, Cerchia dei Navigli, Municipio 1, Milano, Lombardia, 20121, Italia",45.4718502,9.1827114,8
Spettacoli,26-05-21,2021-05-26,"Via Giordano Rota 1,20145, Milano, MI,Italia",Nazionale Italiana Assicurazioni,Una storia da cantare - Enrico Ruggeri,https://www.teatro.it/spettacoli/milano/nazionale-chebanca/2020-2021/una-storia-da-cantare-enrico-ruggeri,Teatro e spettacolo,"20145, Italy",45.4643,9.1895,8
,30-05-21,2021-05-26,"Via Alessandro Volta, 7A, Milano, MI",Moscova District Market,Voglia di Moda e di Affari? Per 5 giorni la Private Sale da Moscova District Market,https://www.milanotoday.it/eventi/voglia-di-moda-e-di-affari-per-5-giorni-la-private-sale-da-moscova-district-market.html,Non classificato,"7a, Via Alessandro Volta, Brera, Municipio 1, Milano, Lombardia, 20121, Italia",45.4794117,9.1836722,8
Spettacoli,26-05-21,2021-05-26,"Corso Magenta 24,20123, Milano, MI,Italia",MTM - Litta,Sogno di una notte a Bicocca,https://www.teatro.it/spettacoli/milano/mtm-litta/2020-2021/sogno-di-una-notte-a-bicocca,Teatro e spettacolo,"24, Corso Magenta, Cerchia dei Navigli, Municipio 1, Milano, Lombardia, 20123, Italia",45.4658664,9.1782835,8
Mostre,26-09-21,2021-05-26,"Via Palestro, 16, Milano, MI",Galleria d'Arte Moderna (Gam),Alla Galleria d'Arte Moderna una mostra dell'artista visiva Nairy Baghramian,https://www.milanotoday.it/eventi/mostra-gam-nairy-baghramian.html,Arte e cultura,"Galleria d'Arte Moderna, 16, Via Palestro, Guastalla, Municipio 1, Milano, Lombardia, 20121, Italia",45.4725327,9.199676,8
Spettacoli,27-05-21,2021-05-27,"Via Mosé Bianchi,94,20149, Milano, MI,Italia",Pime,La vie en rose...Bolèro,https://www.teatro.it/spettacoli/milano/pime/2020-2021/la-vie-en-rosebolero,Teatro e spettacolo,"94, Via Mosè Bianchi, De Angeli - Monte Rosa, Municipio 7, Milano, Lombardia, 20149, Italia",45.4755322,9.1453668,2
Mostre,25-06-21,2021-05-27,"Via Bagutta, 14, Milano, MI",Galleria Carlo Orsi,"""Napoleone a Milano tra realtà e mito"": la mostra omaggio al grande generale francese",https://www.milanotoday.it/eventi/mostra-napoleone-galleria-orsi.html,Arte e cultura,"14, Via Bagutta, Duomo, Municipio 1, Milano, Lombardia, 20121, Italia",45.4677614,9.1965549,8
Mostre,30-06-21,2021-05-27,"Piazzale Arduino, Milano, MI",CityLife,A CityLife una mostra speciale su Dante,https://www.milanotoday.it/eventi/citylife-mostra-dante.html,Arte e cultura,"Piazzale Arduino, Tre Torri, Municipio 8 di Milano, Milano, Lombardia, 20149, Italia",45.4773848,9.1517039,2
Mostre,28-06-21,2021-05-28,"Via Santa Maria Valle, Milano, MI",www.wepresentart.com,Il gatto di Schrödinger,https://www.milanotoday.it/eventi/il-gatto-di-schrodinger-2021.html,Arte e cultura,"Via Santa Maria Valle, Cerchia dei Navigli, Municipio 1, Milano, Lombardia, 20123, Italia",45.4597107,9.1842047,8
Spettacoli,28-05-21,2021-05-28,"Corso Buenos Aires 33,20124, Milano, MI,Italia",Elfo Puccini - sala Shakespeare,Fotofinish,https://www.teatro.it/spettacoli/milano/elfo-puccini-sala-shakespeare/2020-2021/fotofinish,Teatro e spettacolo,"Teatro Elfo Puccini, 33, Corso Buenos Aires, Buenos Aires - Venezia, Municipio 3, Milano, Lombardia, 20124, Italia",45.4794317,9.2098387,0
Teatri,29-05-21,2021-05-28,"Viale Emilio Alemagna, 6, Milano, MI",La Triennale di Milano,"FOG 2021, in Triennale lo spettacolo ""Romances Inciertos"". Orari e biglietti",https://www.milanotoday.it/eventi/spettacolo-romances-inciertos-triennale.html,Teatro e spettacolo,"Triennale Design Museum, 6, Viale Emilio Alemagna, Parco Sempione, Municipio 1, Milano, Lombardia, 20121, Italia",45.4721477,9.1734894,2
Mostra,25-06-21,2021-05-28,"via Bagutta, 14, Milano, MI",Galleria Carlo Orsi,Napoleone e Milano. Tra realtà e mito. Da liberatore a imperatore,,Arte e cultura,"14, Via Bagutta, Duomo, Municipio 1, Milano, Lombardia, 20121, Italia",45.4677614,9.1965549,8
Spettacoli,28-05-21,2021-05-28,"Corso di Porta Romana 63,20122, Milano, MI,Italia",Carcano,ApPunti G,https://www.teatro.it/spettacoli/milano/carcano/2020-2021/appunti-g,Teatro e spettacolo,"Teatro Carcano, 63, Corso di Porta Romana, Crocetta, Municipio 1, Milano, Lombardia, 20121, Italia",45.4566842,9.1955297,8
Teatri,30-05-21,2021-05-28,"Via Riccardo Pitteri, 58, Milano, MI",Teatro Martinitt,Il Teatro Martinitt riapre le porte al pubblico con un musical imperdibile. Come avere i biglietti a prezzi scontati,https://www.milanotoday.it/eventi/musical-spettacolo-teatro-martinitt.html,Teatro e spettacolo,"Via Riccardo Pitteri, Lambrate, Municipio 3, Milano, Lombardia, 20134, Italia",45.4805358,9.2454637,7
,30-05-21,2021-05-29,"Viale Pasubio, 5, Milano, MI",Fondazione Giangiacomo Feltrinelli,L'isolachenonc'è. Lo spettacolo delle idee,https://www.milanotoday.it/eventi/l-isolachenonc-e-lo-spettacolo-delle-idee-2021.html,Non classificato,"Fondazione Giangiacomo Feltrinelli, 5, Viale Pasubio, Porta Tenaglia, Municipio 1, Milano, Lombardia, 20154, Italia",45.4814126,9.1843952,8
Incontri,30-05-21,2021-05-29,"Viale Pasubio, 5, Milano, MI",Fondazione Giangiacomo Feltrinelli,"Fondazione Feltrinelli, torna ""L'isolachenonc'è"", la festa di letture e creatività per bambini e bambine",https://www.milanotoday.it/eventi/fondazione-feltrinelli-incontro-libri-bambini.html,Formazione e networking,"Fondazione Giangiacomo Feltrinelli, 5, Viale Pasubio, Porta Tenaglia, Municipio 1, Milano, Lombardia, 20154, Italia",45.4814126,9.1843952,8
Spettacoli,30-05-21,2021-05-30,"Corso Buenos Aires 33,20124, Milano, MI,Italia",Elfo Puccini - Sala Bausch,Un letto fra le lenticchie,https://www.teatro.it/spettacoli/milano/elfo-puccini-sala-bausch/2020-2021/un-letto-fra-le-lenticchie,Teatro e spettacolo,"Teatro Elfo Puccini, 33, Corso Buenos Aires, Buenos Aires - Venezia, Municipio 3, Milano, Lombardia, 20124, Italia",45.4794317,9.2098387,0
Manifestazioni,30-05-21,2021-05-30,"Via Luigi Nono, 9, Milano, MI",Tempio del Futuro Perduto,Remira market,https://www.milanotoday.it/eventi/remira-market-2021.html,Altri eventi,"9, Via Luigi Nono, Bullona, Porta Volta, Municipio 8 di Milano, Milano, Lombardia, 20154, Italia",45.4864027,9.1751051,2
Spettacoli,30-05-21,2021-05-30,"Corso Buenos Aires 33,20124, Milano, MI,Italia",Elfo Puccini - Sala Bausch,Una stagione all'inferno,https://www.teatro.it/spettacoli/milano/elfo-puccini-sala-bausch/2020-2021/una-stagione-allinferno,Teatro e spettacolo,"Teatro Elfo Puccini, 33, Corso Buenos Aires, Buenos Aires - Venezia, Municipio 3, Milano, Lombardia, 20124, Italia",45.4794317,9.2098387,0
Concerti,30-05-21,2021-05-30,"Piazza Francesco Carrara, 17, Milano, MI",Centro Asteria,Concerto per l'Armenia,https://www.milanotoday.it/eventi/concerto-armenia-2021.html,Musica e vita notturna,"17, Piazza Francesco Carrara, Stadera, Municipio 5, Milano, Lombardia, 20136, Italia",45.4369245,9.1761088,6
Spettacoli,30-05-21,2021-05-30,"via Pitteri 58,20134, Milano, MI,Italia",Martinitt,Tomorrow Morning - Domani ti sposo... domani ti lascio!,https://www.teatro.it/spettacoli/milano/martinitt/2020-2021/tomorrow-morning-domani-ti-sposo-domani-ti-lascio,Teatro e spettacolo,"Via Riccardo Pitteri, Lambrate, Municipio 3, Milano, Lombardia, 20134, Italia",45.4798362,9.2457864,7
Spettacoli,30-05-21,2021-05-30,"Via Rovello 2,20121, Milano, MI,Italia",Piccolo Teatro - Teatro Grassi,Nel lago del cor,https://www.teatro.it/spettacoli/milano/piccolo-teatro-teatro-grassi/2020-2021/nel-lago-del-cor,Teatro e spettacolo,"2, Via Rovello, Brera, Milano, Lombardia, 20121, Italia",45.4665188,9.1847651,8
Spettacoli,30-05-21,2021-05-30,"Corso Buenos Aires,33,20124, Milano, MI,Italia",Teatro Elfo Puccini - sala Fassbinder,Idiota,https://www.teatro.it/spettacoli/milano/teatro-elfo-puccini-sala-fassbinder/2020-2021/idiota,Teatro e spettacolo,"Teatro Elfo Puccini, 33, Corso Buenos Aires, Buenos Aires - Venezia, Municipio 3, Milano, Lombardia, 20124, Italia",45.4794317,9.2098387,0
Mostre,29-08-21,2021-05-31,"Corso Como, 10, Milano, MI",Galleria Carla Sozzani,La Milano degli anni '60 in mostra,https://www.milanotoday.it/eventi/mostra-milano-anni-60.html,Arte e cultura,"10 Corso Como, 10, Corso Como, GARIBALDI REPUBBLICA, Municipio 9, Milano, Lombardia, 20100, Italia",45.4818588,9.187778,8
Spettacoli,01-06-21,2021-06-01,"Via Carlo Botta,18,20135, Milano, MI,Italia",Franco Parenti - Bagni Misteriosi,La cura delle parole,https://www.teatro.it/spettacoli/milano/franco-parenti-bagni-misteriosi/2020-2021/la-cura-della-parole,Teatro e spettacolo,"18, Via Carlo Botta, Porta Romana, Municipio 4, Milano, Lombardia, 20135, Italia",45.4537805,9.2050141,0
Cinema,11-07-21,2021-06-01,"Viale Fulvio Testi, 121, Milano, MI",Cineteca Milano 𝗠IC,La Cineteca festeggia i 100 anni di Nino Manfredi con i suoi film più belli,https://www.milanotoday.it/eventi/film-cineteca-nino-manfredi.html,Arte e cultura,"Fondazione Cineteca Italiana, 121, Viale Fulvio Testi, Niguarda - Cà Granda, Municipio 9, Milano, Lombardia, 20126, Italia",45.5133792,9.2039096,4
Teatri,01-06-21,2021-06-01,"Via Pier Lombardo, Milano, MI",Teatro Franco Parenti,Il potere delle parole in un nuovo spettacolo con Beppe Severgnini al Franco Parenti,https://www.milanotoday.it/eventi/cura-parole-spettacolo-beppe-severgnini-franco-parenti.html,Teatro e spettacolo,"Via Pier Lombardo, Porta Romana, Municipio 4, Milano, Lombardia, 20135, Italia",45.4542958,9.2063109,0
Mostra,03-10-21,2021-06-02,"Piazza della Scala, Milano, MI",Gallerie d'Italia,"Painting is back - Anni Ottanta, la pittura in Italia",,Arte e cultura,"Piazza della Scala, Duomo, Municipio 1, Milano, Lombardia, 20121, Italia",45.4672839,9.1901494,8
,03-06-21,2021-06-03,"Via Rosolino Pilo, Milano, MI",Creativity Street,Creativity street - Festa della via,https://www.milanotoday.it/eventi/creativity-street-festa-della-via-2021.html,Non classificato,"Via Rosolino Pilo, Buenos Aires - Venezia, Municipio 3, Milano, Lombardia, 20129, Italia",45.4735413,9.2122309,0
Mostre,12-06-21,2021-06-04,"Foro Buonaparte, 67, Milano, MI",Fondazione Luciana Matalon,Inside - Collettiva internazionale,https://www.milanotoday.it/eventi/inside-collettiva-internazionale-2021.html,Arte e cultura,"Gran Caffè al Foro, 67, Foro Buonaparte, Duomo, Municipio 1, Milano, Lombardia, 20121, Italia",45.467893,9.1809797,8
Manifestazioni,06-06-21,2021-06-04,"Via Valenza, 2, Milano, MI",Ride Milano,"Mash Festival, sui Navigli il grande ritorno del festival delle birre artigianali",https://www.milanotoday.it/eventi/mash-festival-birre-artigianali.html,Altri eventi,"Via Valenza, Navigli, Municipio 6, Milano, Lombardia, 20144, Italia",45.4514071,9.1691656,6
Manifestazioni,30-09-21,2021-06-04,"Via Valenza, 2, Milano, MI",Ride Milano,"Musica, spettacoli e oltre 200 appuntamenti per l'estate milanese: sui Navigli riapre Ride",https://www.milanotoday.it/eventi/riapertura-ride-navigli-programma-estate-2021.html,Altri eventi,"Via Valenza, Navigli, Municipio 6, Milano, Lombardia, 20144, Italia",45.4514071,9.1691656,6
,04-06-21,2021-06-04,"Via dell'Allodola, 5, Milano, MI","Teatro ""La Creta"" presso Parrocchia San Giovanni alla Creta","""In suoni fragili... canti d'infinito""",https://www.milanotoday.it/eventi/suoni-fragili-canti-2021.html,Non classificato,"Via dell'Allodola, Lorenteggio, Municipio 6, Milano, Lombardia, 20147, Italia",45.454862,9.1195068,9
Teatri,13-06-21,2021-06-04,"Viale dell'Innovazione, 20, Milano, MI",Teatro degli Arcimboldi,Al Teatro Arcimboldi Il Lago dei Cigni e La Fille Mal Gardee: orari e biglietti,https://www.milanotoday.it/eventi/spettacolo-lago-cigni-arcimboldi-biglietti.html,Teatro e spettacolo,"20, Viale dell'Innovazione, Bicocca, Municipio 9, Milano, Lombardia, 20125, Italia",45.5148696,9.2135963,4
Concerti,06-06-21,2021-06-04,"Via Circonvallazione Idroscalo, Milano, MI",Magnolia,"""Mi manchi Festival"", al Magnolia tre serate di giovani artisti",https://www.milanotoday.it/eventi/mi-manchi-festival-magnolia-biglietti.html,Musica e vita notturna,"Via Circonvallazione Idroscalo, Novegro, Segrate, Milano, Lombardia, 20054, Italia",45.465095,9.2830627,7
Mostre,13-06-21,2021-06-04,"Via Valenza, 2, Milano, MI",Ride Milano,"""Shangaken”, al Ride Milano l’installazione di Vincenzo de Cesare Aken",https://www.milanotoday.it/eventi/shangaken-al-ride.html,Arte e cultura,"Via Valenza, Navigli, Municipio 6, Milano, Lombardia, 20144, Italia",45.4514071,9.1691656,6
Iniziative Digitali,04-06-21,2021-06-04,"Via Senato, 10, Milano, MI",Archivio di Stato di Milano,L’Annuario dell’Archivio di Stato di Milano festeggia 110 anni: presentazione nuovo numero 2020,,Eventi digitali,"10, Via Senato, Guastalla, Municipio 1, Milano, Lombardia, 20121, Italia",45.4700976,9.1981223,8
Mostre,04-07-21,2021-06-04,"Viale Gadio, 2, Milano, MI",Acquario Civico di Milano,Pop aquarium. Luca Bertasso,https://www.milanotoday.it/eventi/pop-aquarium-2021.html,Arte e cultura,"2, Viale Gerolamo Gadio, Brera, Milano, Lombardia, 20121, Italia",45.4737856,9.1809276,8
Teatri,05-06-21,2021-06-05,"Via Castellino da Castello, 9, Milano, MI",Plesso Giancarlo Puecher dell’Istituto Comprensivo Rinnovata Pizzigoni,Tac: il teatro ritorna a scuola,https://www.milanotoday.it/eventi/tac-il-teatro-ritorna-a-scuola-la-balena.html,Teatro e spettacolo,"9, Via Castellino da Castello, Villapizzone, Ghisolfa, Municipio 8 di Milano, Milano, Lombardia, 20155, Italia",45.4962253,9.1581237,2
Disco&Feste,05-06-21,2021-06-05,"Viale Emilio Alemagna, 6, Milano, MI",La Triennale di Milano,La musica torna in Triennale con cinque appuntamenti imperdibili,https://www.milanotoday.it/eventi/concerti-spettacoli-le-cannibale-triennale.html,Musica e vita notturna,"Triennale Design Museum, 6, Viale Emilio Alemagna, Parco Sempione, Municipio 1, Milano, Lombardia, 20121, Italia",45.4721477,9.1734894,2
Cinema,15-08-21,2021-06-05,"Piazza del Duomo, 12, Milano, MI",Palazzo Reale,"AriAnteo 2021, torna la rassegna dedicata ai capolavori del cinema in tre luoghi bellissimi di Milano",https://www.milanotoday.it/eventi/arianteo-2021-film-biglietti.html,Arte e cultura,"Giacomo, 12, Piazza del Duomo, Duomo, Municipio 1, Milano, Lombardia, 20100, Italia",45.4632066,9.1914879,8
Teatri,27-06-21,2021-06-05,"Via Rivoli, 6, Milano, MI",Piccolo Teatro Studio Melato,Al Piccolo Teatro l'Hamlet da ascoltare con Antonio Latella,https://www.milanotoday.it/eventi/spettacolo-piccolo-teatro-hamlet-con-latella.html,Teatro e spettacolo,"6, Via Rivoli, Brera, Municipio 1, Milano, Lombardia, 20121, Italia",45.4726093,9.182881,8
Incontri,06-06-21,2021-06-05,"Via Mozart, 14, Milano, MI",Villa Necchi Campiglio,"""Appuntamento in giardino"", oltre 150 giardini aperti e una visita speciale nel cuore di Milano",https://www.milanotoday.it/eventi/appuntamento-in-giardino-cosa-vedere-milano.html,Formazione e networking,"14, Via Wolfgang Amadeus Mozart, Quartiere Boschetto, Trezzano sul Naviglio, Milano, Lombardia, 20090, Italia",45.4159579,9.0475197,9
Spettacoli,06-06-21,2021-06-06,"Largo Antonio Greppi,20121, Milano, MI,Italia",Piccolo Teatro - Teatro Strehler,Variazioni enigmatiche,https://www.teatro.it/spettacoli/milano/piccolo-teatro-teatro-strehler/2020-2021/variazioni-enigmatiche,Teatro e spettacolo,"Largo Antonio Greppi, Cerchia dei Navigli, Municipio 1, Milano, Lombardia, 20121, Italia",45.4718502,9.1827114,8
Spettacoli,06-06-21,2021-06-06,"via Pier Lombardo,14,20135, Milano, MI,Italia",Franco Parenti - Sala Grande,Il filo di mezzogiorno,https://www.teatro.it/spettacoli/milano/franco-parenti-sala-grande/2020-2021/il-filo-di-mezzogiorno,Teatro e spettacolo,"Via Pier Lombardo, Porta Romana, Municipio 4, Milano, Lombardia, 20135, Italia",45.4542958,9.2063109,0
Spettacoli,06-06-21,2021-06-06,"Via Rovello 2,20121, Milano, MI,Italia",Piccolo Teatro - Teatro Grassi,Maggio 43,https://www.teatro.it/spettacoli/milano/piccolo-teatro-teatro-grassi/2020-2021/maggio-43,Teatro e spettacolo,"2, Via Rovello, Brera, Milano, Lombardia, 20121, Italia",45.4665188,9.1847651,8
Spettacoli,06-06-21,2021-06-06,"Via Alessandro Manzoni 42,20121, Milano, MI,Italia",Manzoni,Amore mio aiutami,https://www.teatro.it/spettacoli/milano/manzoni/2020-2021/amore-mio-aiutami,Teatro e spettacolo,"Teatro Manzoni, 42, Via Alessandro Manzoni, Cerchia dei Navigli, Municipio 1, Milano, Lombardia, 20121, Italia",45.4710286,9.1944762,8
Concerti,07-06-21,2021-06-07,"Via Riccardo Pitteri, 60, Milano, MI",Arena Milano Est,A New Beginning - Roberta Di Mario all'Arena Milano Est,https://www.milanotoday.it/eventi/concerti/a-new-beginning-arena-milano-est.html,Musica e vita notturna,"Via Riccardo Pitteri, Lambrate, Municipio 3, Milano, Lombardia, 21771, Italia",45.4736333,9.2486288,7
Mostre,25-09-21,2021-06-07,"Via Comelico, 40, Milano, MI",Dep Art Gallery,Natale addamiano. A riveder le stelle...,https://www.milanotoday.it/eventi/natale-addamiano-a-riveder-le-stelle.html,Arte e cultura,"Via Comelico, XXII Marzo, Municipio 4, Milano, Lombardia, 20135, Italia",45.4549832,9.212729,0
Escursioni,13-06-21,2021-06-08,"Via delle Tre Campane, Milano, MI",Bosco WWF di Vanzago,"Nel Milanese torna la 'lusiroeula', la passeggiata per ammirare le lucciole",https://www.milanotoday.it/eventi/lucciole-oasi-vanzago.html,Sport e attività fisica,"Via delle Tre Campane, Corte Branchi, Mantegazza, Vanzago, Milano, Lombardia, 20010, Italia",45.5187679,8.9829194,5
Teatri,20-06-21,2021-06-08,"Largo Greppi, 1, Milano, MI",Piccolo Teatro Strehler,"Al Piccolo arriva ""Furore"", racconto di una delle più devastanti migrazioni di contadini della storia moderna",https://www.milanotoday.it/eventi/spettacolo-furore-piccolo-teatro.html,Teatro e spettacolo,"Largo Antonio Greppi, Cerchia dei Navigli, Municipio 1, Milano, Lombardia, 20121, Italia",45.471727,9.1826196,8
Teatri,08-06-21,2021-06-08,"Via Pier Lombardo, Milano, MI",Teatro Franco Parenti,Ai Bagni Misteriosi una Serata Haberrante con il grande Alessandro Haber,https://www.milanotoday.it/eventi/serata-haberrante-bagni-misteriosi-biglietti.html,Teatro e spettacolo,"Via Pier Lombardo, Porta Romana, Municipio 4, Milano, Lombardia, 20135, Italia",45.4542958,9.2063109,0
Teatri,13-06-21,2021-06-08,"Via Ciro Menotti, 11, Milano, MI",Teatro Ciro Menotti,Il Teatro Ciro Menotti riparte con uno spettacolo dedicato alla Terra,https://www.milanotoday.it/eventi/spettacolo-teatro-ciro-menotti-.html,Teatro e spettacolo,"Teatro Menotti, 11, Via Ciro Menotti, Buenos Aires - Venezia, Municipio 3, Milano, Lombardia, 20129, Italia",45.4699775,9.2131112,0
Mostre,20-06-21,2021-06-08,"Via Pietro Andrea Saccardo, 12, Milano, MI",Scalo Lambrate,A Milano una nuova mostra della fotografa Roberta Krasnig racconta lo specchio dalle infinite possibilità,https://www.milanotoday.it/eventi/be-one-more-by-glo-mostra-lambrate.html,Arte e cultura,"Via Pietro Andrea Saccardo, Lambrate, Municipio 3, Milano, Lombardia, 20134, Italia",45.4815089,9.2437107,7
Teatri,12-06-21,2021-06-08,"Via Giovanni Bovio, 5, Milano, MI",Teatro Munari,"Al Teatro Munari arriva ""Tempi strani"", lo spettacolo di Giangilberto Monti: orari e biglietti",https://www.milanotoday.it/eventi/spettacolo-teatro-munari-tempi-strani-biglietti.html,Teatro e spettacolo,"Via Giovanni Bovio, Dergano, Municipio 9, Milano, Lombardia, 20159, Italia",45.5027065,9.1827045,2
Spettacoli,08-06-21,2021-06-08,"Via Carlo Botta,18,20135, Milano, MI,Italia",Franco Parenti - Bagni Misteriosi,Serata Haberrante,https://www.teatro.it/spettacoli/milano/franco-parenti-bagni-misteriosi/2020-2021/serata-haberrante,Teatro e spettacolo,"18, Via Carlo Botta, Porta Romana, Municipio 4, Milano, Lombardia, 20135, Italia",45.4537805,9.2050141,0
Webinar,09-06-21,2021-06-09,"Via Senato, Milano, MI",Soprintendenza Archivistica e Bibliografica della Lombardia,Presentazione del progetto Bacheca Semiologica,,Eventi digitali,"Via Senato, Cerchia dei Navigli, Municipio 1, Milano, Lombardia, 20121, Italia",45.4691492,9.1989063,8
Incontri,30-09-21,2021-06-09,"Via Privata Giovanni Ventura, 12, Milano, MI",Ventura Society,Ventura society ❃ welcome ❃,https://www.milanotoday.it/eventi/ventura-society-welcome-2021.html,Formazione e networking,"Via Giovanni Ventura, Lambrate, Municipio 3, Milano, Lombardia, 20134, Italia",45.4840607,9.2431286,7
Mostre,23-07-21,2021-06-09,"Via Andrea Maffei, 1, Milano, MI",Other Size Gallery,Massimo Siragusa. Posti di lavoro,https://www.milanotoday.it/eventi/massimo-siragusa-posti-di-lavoro-2021.html,Arte e cultura,"1, Via Andrea Maffei, XXII Marzo, Municipio 4, Milano, Lombardia, 20135, Italia",45.4588219,9.209057,0
Teatri,13-06-21,2021-06-09,"Via Giorgio Vasari, Milano, MI",Teatro Franco Parenti,"Franco Parenti, i Gordi portano in scena ""Pandora"", tra gesti, suoni e corpi senza maschere",https://www.milanotoday.it/eventi/spettacolo-pandora-franco-parenti.html,Teatro e spettacolo,"Via Giorgio Vasari, Porta Romana, Municipio 4, Milano, Lombardia, 20135, Italia",45.4542475,9.2073471,0
Incontri,09-06-21,2021-06-09,"Via Giovanni Celoria, 13, Milano, MI",Centro Sportivo Giuriati,Incontro con Guido Meda,https://www.milanotoday.it/eventi/incontro-con-guido-meda-2021.html,Formazione e networking,"Via Giovanni Celoria, Città Studi, Municipio 3, Milano, Lombardia, 20133, Italia",45.476935,9.2321941,0
Concerti,09-06-21,2021-06-09,"Via Circonvallazione Idroscalo, 41c, Milano, MI",CIRCOLO MAGNOLIA,Scarda il 9 giugno in concerto a Milano c/o circolo magnolia,https://www.milanotoday.it/eventi/scarda-il-9-giugno-in-concerto-a-milano-c-o-circolo-magnolia-scarda-7908264.html,Musica e vita notturna,"Via Circonvallazione Idroscalo, Redecesio, Novegro, Segrate, Milano, Lombardia, 20054, Italia",45.469716,9.2854959,7
Manifestazioni,24-07-21,2021-06-10,"Via Bergognone, 34, Milano, MI",Base Milano,"A Base arriva ""Farout"", 45 giorni di festival dedicati alla Terra",https://www.milanotoday.it/eventi/festival-farout-base.html,Altri eventi,"Wikimedia Italia, 34, Via Bergognone Da Fossano, Tortona, Municipio 6, Milano, Lombardia, 20144, Italia",45.4518657,9.1625146,6
Incontri,29-07-21,2021-06-10,"Piazza del Duomo, Milano, MI",Duomo,Il tramonto di Milano visto dal Duomo: riprendono le passeggiate sulle terrazze,https://www.milanotoday.it/eventi/visita-guglie-duomo-passeggiate-sera.html,Formazione e networking,"Piazza del Duomo, Duomo, Municipio 1, Milano, Lombardia, Italia",45.4639102,9.1906398,8
,23-06-21,2021-06-10,"Via Enrico Caviglia, 3, Milano, MI",Istituto Italiano di Fotografia,Mostra “nova arbora” di Luca Airaghi,https://www.milanotoday.it/eventi/mostra-nova-arbora-2021.html,Non classificato,"3, Via Enrico Caviglia, Lodi - Corvetto, Municipio 4, Milano, Lombardia, 20139, Italia",45.4436084,9.2298198,0
Mostre,17-06-21,2021-06-10,"Via Ciovasso, 17, Milano, MI",MADE4ART,The horizon we look at. 17 reasons why,https://www.milanotoday.it/eventi/the-horizon-we-look-at-17-2021.html,Arte e cultura,"17, Via Ciovasso, Cerchia dei Navigli, Municipio 1, Milano, Lombardia, 20121, Italia",45.4701036,9.1865377,8
Manifestazioni,24-07-21,2021-06-10,"Via Bergognone, 34, Milano, MI",Base Milano,"Spettacoli e installazioni: a Base il festival ""Farout"" ospita 38 artisti internazionali",https://www.milanotoday.it/eventi/festival-farout-2021-base.html,Altri eventi,"Wikimedia Italia, 34, Via Bergognone Da Fossano, Tortona, Municipio 6, Milano, Lombardia, 20144, Italia",45.4518657,9.1625146,6
Teatri,10-06-21,2021-06-10,"Via Castellino da Castello, 9, Milano, MI",Plesso Giancarlo Puecher dell’Istituto Comprensivo Rinnovata Pizzigoni,Tac: il teatro ritorna a scuola,https://www.milanotoday.it/eventi/tac-il-teatro-ritorna-a-scuola-2021.html,Teatro e spettacolo,"9, Via Castellino da Castello, Villapizzone, Ghisolfa, Municipio 8 di Milano, Milano, Lombardia, 20155, Italia",45.4962253,9.1581237,2
Manifestazioni,11-06-21,2021-06-11,"Via Rosolino Pilo, Milano, MI",Tutta la via Pilo,Creativity street,https://www.milanotoday.it/eventi/creativity-street-2021.html,Altri eventi,"Via Rosolino Pilo, Buenos Aires - Venezia, Municipio 3, Milano, Lombardia, 20129, Italia",45.4735413,9.2122309,0
Mostre,13-06-21,2021-06-11,"Via Pietro Andrea Saccardo, 12, Milano, MI",Scalo Lambrate,Yarn bombing festival - Edizione Milano,https://www.milanotoday.it/eventi/yarn-bombing-festival-2021.html,Arte e cultura,"Via Pietro Andrea Saccardo, Lambrate, Municipio 3, Milano, Lombardia, 20134, Italia",45.4815089,9.2437107,7
Incontri,11-06-21,2021-06-11,"Via Monte Rosa, 81, Milano, MI","Museo Popoli e culture, Centro PIME",Antiche leggende e un laboratorio speciale per bambini al Centro Pime,https://www.milanotoday.it/eventi/laboratori-bambini-centro-pime.html,Formazione e networking,"Museo Popoli e Culture, 81, Via Monte Rosa, De Angeli - Monte Rosa, Municipio 7, Milano, Lombardia, 20149, Italia",45.47615,9.1470053,2
,11-07-21,2021-06-11,"Via Circonvallazione Idroscalo, 41c, Milano, MI",Circolo Magnolia,Tutti gli europei di calcio a Milano su maxischermo sotto le stelle,https://www.milanotoday.it/eventi/tutti-gli-europei-di-calcio-a-milano-2021.html,Non classificato,"Via Circonvallazione Idroscalo, Redecesio, Novegro, Segrate, Milano, Lombardia, 20054, Italia",45.469716,9.2854959,7
Spettacoli,11-06-21,2021-06-11,"Via Boltraffio 21,20159, Milano, MI,Italia",Fontana,L'operazione,https://www.teatro.it/spettacoli/milano/fontana/2020-2021/loperazione,Teatro e spettacolo,"21, Via Gian Antonio Boltraffio, Isola, Municipio 9, Milano, Lombardia, 20159, Italia",45.4921952,9.1878419,2
Mostra,25-07-21,2021-06-11,"Piazzale Castello, Milano, MI",Castello Sforzesco,«EL SUR CARLO MILANES». Carlo Porta nel bicentenario della morte (1821-2021),,Arte e cultura,"Piazzale Luigi Cadorna, Cerchia dei Navigli, Municipio 1, Milano, Lombardia, 20123, Italia",45.4675214,9.1771143,8
Teatri,24-06-21,2021-06-11,"Piazza Francesco Carrara, 17, Milano, MI",Centro Asteria,Festival teatrale nuovi sguardi,https://www.milanotoday.it/eventi/festival-teatrale-nuovi-sguardi-2021.html,Teatro e spettacolo,"17, Piazza Francesco Carrara, Stadera, Municipio 5, Milano, Lombardia, 20136, Italia",45.4369245,9.1761088,6
Teatri,13-06-21,2021-06-11,"Via Giulio Cesare Procaccini, 4, Milano, MI",Fabbrica del Vapore - Spazio Fattoria Vittadini,Ti ribalto: arte e disabilità oltre gli stereotipi,https://www.milanotoday.it/eventi/ti-ribalto-arte-e-disabilita-2021--.html,Teatro e spettacolo,"4, Via Giulio Cesare Procaccini, Bullona, Porta Volta, Municipio 8 di Milano, Milano, Lombardia, 20154, Italia",45.4839945,9.1753796,2
Manifestazioni,07-09-21,2021-06-11,"Piazza Castello, Milano, MI",Castello Sforzesco,Estate Sforzesca 2021: 80 eventi tra concerti e spettacoli nella magica cornice del Castello Sforzesco,https://www.milanotoday.it/eventi/estate-sforzesca-2021-programma.html,Altri eventi,"Piazza Castello, Cerchia dei Navigli, Municipio 1, Milano, Lombardia, Italia",45.4704699,9.1819129,8
Incontri,10-07-21,2021-06-12,"Via Giulio Natta, 19, Milano, MI",Cascina Cotica,"Famiglie in… terra, laboratori “il filo della vita”",https://www.milanotoday.it/eventi/cascina-cotica-attivita.html,Formazione e networking,"Via Giulio Natta, Gallaratese, Lampugnano, Municipio 8 di Milano, Milano, Lombardia, 20148, Italia",45.4881045,9.1280837,9
Teatri,13-06-21,2021-06-12,"Via Lodovico Pavoni, Milano, MI",Teatro Pavoni,Controra,https://www.milanotoday.it/eventi/controra-bovisateatro.html,Teatro e spettacolo,"Via Lodovico Pavoni, Dergano, Municipio 9, Milano, Lombardia, 20159, Italia",45.5014755,9.1878934,2
Incontri,10-07-21,2021-06-12,"Piazza del Duomo, Milano, MI",Duomo,Alla scoperta delle guglie del Duomo nel weekend: orari e biglietti delle visite guidate,https://www.milanotoday.it/eventi/visite-guidate-guglie-duomo-biglietti.html,Formazione e networking,"Piazza del Duomo, Duomo, Municipio 1, Milano, Lombardia, Italia",45.4639102,9.1906398,8
Spettacoli,13-06-21,2021-06-13,"Via Boltraffio 21,20159, Milano, MI,Italia",Fontana,La grande abbuffata,https://www.teatro.it/spettacoli/milano/fontana/2020-2021/la-grande-abbuffata,Teatro e spettacolo,"21, Via Gian Antonio Boltraffio, Isola, Municipio 9, Milano, Lombardia, 20159, Italia",45.4921952,9.1878419,2
Spettacoli,13-06-21,2021-06-13,"via Pier Lombardo,14,20135, Milano, MI,Italia",Franco Parenti - Sala Grande,Pandora,https://www.teatro.it/spettacoli/milano/franco-parenti-sala-grande/2020-2021/pandora,Teatro e spettacolo,"Via Pier Lombardo, Porta Romana, Municipio 4, Milano, Lombardia, 20135, Italia",45.4542958,9.2063109,0
Spettacoli,13-06-21,2021-06-13,"via Pier Lombardo,14,20135, Milano, MI,Italia",Franco Parenti - Sala Grande,Pandora,https://www.teatro.it/spettacoli/milano/franco-parenti-sala-grande/2020-2021/pandora,Teatro e spettacolo,"Via Pier Lombardo, Porta Romana, Municipio 4, Milano, Lombardia, 20135, Italia",45.4542958,9.2063109,0
Teatri,17-06-21,2021-06-14,"Via Pier Lombardo, Milano, MI",Teatro Franco Parenti,"Teatro, danza e acrobazia nel nuovo spettacolo ""Un poyo rojo""",https://www.milanotoday.it/eventi/spettacolo-poyo-rojo-fanco-parenti.html,Teatro e spettacolo,"Via Pier Lombardo, Porta Romana, Municipio 4, Milano, Lombardia, 20135, Italia",45.4542958,9.2063109,0
Manifestazioni,20-06-21,2021-06-14,"Viale Emilio Alemagna, 6, Milano, MI",La Triennale di Milano,"Triennale Estate, il programma fino al 20 giugno",https://www.milanotoday.it/eventi/triennale-estate-programma-fino-al-20-giugno.html,Altri eventi,"Triennale Design Museum, 6, Viale Emilio Alemagna, Parco Sempione, Municipio 1, Milano, Lombardia, 20121, Italia",45.4721477,9.1734894,2
Mostre,14-06-21,2021-06-14,"Piazza Castello, 2, Milano, MI",Casa della Psicologia,La bellezza come metodo. La ricerca e la condivisione del bello come via di cura e antidoto alle paure,https://www.milanotoday.it/eventi/la-bellezza-come-metodo-2021.html,Arte e cultura,"Bar Castello, 2, Piazza Castello, Brera, Municipio 1, Milano, Lombardia, 20121, Italia",45.4690445,9.1818105,8
Mostre,28-06-21,2021-06-14,"Via Giulio Natta, 19, Milano, MI",Cascina Cotica,Supereroi verdi: mini orto camp,https://www.milanotoday.it/eventi/supereroi-verdi-mini-orto-camp-2021.html,Arte e cultura,"Via Giulio Natta, Gallaratese, Lampugnano, Municipio 8 di Milano, Milano, Lombardia, 20148, Italia",45.4881045,9.1280837,9
Moda,15-06-21,2021-06-15,"Via Aosta, 4, Milano, MI",Impact Hub Milano,Arte e vino: degustazione di un quadro,https://www.milanotoday.it/eventi/arte-e-vino-degustazione-2021.html,Mercati e shopping,"Impact Hub, 4, Via Aosta, Bullona, Ghisolfa, Municipio 8 di Milano, Milano, Lombardia, 20155, Italia",45.4919843,9.1662159,2
Spettacoli,15-06-21,2021-06-15,"Via Carlo Botta,18,20135, Milano, MI,Italia",Franco Parenti - Bagni Misteriosi,I monologhi della vagina,https://www.teatro.it/spettacoli/milano/franco-parenti-bagni-misteriosi/2020-2021/i-monologhi-della-vagina,Teatro e spettacolo,"18, Via Carlo Botta, Porta Romana, Municipio 4, Milano, Lombardia, 20135, Italia",45.4537805,9.2050141,0
Spettacoli,15-06-21,2021-06-15,"Piazza Castello,20121, Milano, MI,Italia",Castello Sforzesco,Iliade,https://www.teatro.it/spettacoli/milano/castello-sforzesco/2020-2021/iliade,Teatro e spettacolo,"Piazza Castello, Cerchia dei Navigli, Municipio 1, Milano, Lombardia, 20121, Italia",45.4695821,9.1817374,8
Manifestazioni,17-06-21,2021-06-15,"Lancetti, Milano, MI",spazioSERRA,At a Proximatedistance,https://www.milanotoday.it/eventi/at-a-proximatedistance-flavia-tritto-2021.html,Altri eventi,"Lancetti, Farini, Municipio 9, Milano, Lombardia, 20158, Italia",45.4952552,9.1757454,2
Spettacoli,15-06-21,2021-06-15,"viale Alemagna,6,20121, Milano, MI,Italia",Triennale,First love,https://www.teatro.it/spettacoli/milano/triennale-teatro-dellarte/2020-2021/first-love,Teatro e spettacolo,"Triennale Design Museum, 6, Viale Emilio Alemagna, Parco Sempione, Municipio 1, Milano, Lombardia, 20121, Italia",45.4721477,9.1734894,2
Concerti,15-06-21,2021-06-15,"Viale Emilio Alemagna, 6, Milano, MI",La Triennale di Milano,"In Triennale arriva ""Sogno di una notte di mezza estate"", una serata dedicata al pop italiano",https://www.milanotoday.it/eventi/triennale-milano-sogno-una-notte-mezza-estate.html,Musica e vita notturna,"Triennale Design Museum, 6, Viale Emilio Alemagna, Parco Sempione, Municipio 1, Milano, Lombardia, 20121, Italia",45.4721477,9.1734894,2
Mostre,10-09-21,2021-06-16,"Viale della Liberazione, 16a, Milano, MI",Spazio Leonardo,Allo Spazio Leonardo un labirinto invisibile sfida le relazioni post lockdown,https://www.milanotoday.it/eventi/mostra-spazio-leonardo-labirinto-invisibile.html,Arte e cultura,"Viale della Liberazione, GARIBALDI REPUBBLICA, Municipio 9, Milano, Lombardia, 20124, Italia",45.4813765,9.1964006,8
Spettacoli,16-06-21,2021-06-16,"viale Alemagna,6,20121, Milano, MI,Italia",Triennale,Save the last dance for me,https://www.teatro.it/spettacoli/milano/triennale-teatro-dellarte/2020-2021/save-the-last-dance-for-me-alessandro-sciarroni,Teatro e spettacolo,"Triennale Design Museum, 6, Viale Emilio Alemagna, Parco Sempione, Municipio 1, Milano, Lombardia, 20121, Italia",45.4721477,9.1734894,2
Spettacoli,16-06-21,2021-06-16,"Corso Magenta 24,20123, Milano, MI,Italia",MTM - Litta,Un’ora di niente,https://www.teatro.it/spettacoli/milano/mtm-litta/2020-2021/unora-di-niente,Teatro e spettacolo,"Boccascena Cafè, 24, Corso Magenta, Cerchia dei Navigli, Municipio 1, Milano, Lombardia, 20123, Italia",45.466045,9.1778296,8
Concerti,17-06-21,2021-06-17,"Via Giuseppe Mazzini, 9, Milano, MI",Cortile esterno Villa Casati,A Cologno Monzese il concerto di beneficienza “Rock song is a love song” di massimo scaccabarozzi e la jc band,https://www.milanotoday.it/eventi/cologno-monzese-rocksong.html,Musica e vita notturna,"9, Via Giuseppe Mazzini, Cerchia dei Navigli, Municipio 1, Milano, Lombardia, 20121, Italia",45.4622753,9.1887546,8
Mostre,30-06-21,2021-06-17,"Via Copernico, 8, Milano, MI",Hernandez Art Gallery,Yicca international contest of contemporary art,https://www.milanotoday.it/eventi/yicca-international-contest-of-contemporary-art-2021.html,Arte e cultura,"8, Via Copernico, Centrale, Municipio 2, Milano, Lombardia, 20125, Italia",45.487657,9.2009398,8
Spettacoli,17-06-21,2021-06-17,"via Pier Lombardo,14,20135, Milano, MI,Italia",Franco Parenti - Sala Grande,Un poyo rojo,https://www.teatro.it/spettacoli/milano/franco-parenti-sala-grande/2020-2021/un-poyo-rojo,Teatro e spettacolo,"Via Pier Lombardo, Porta Romana, Municipio 4, Milano, Lombardia, 20135, Italia",45.4542958,9.2063109,0
Teatri,17-06-21,2021-06-17,"Via Riccardo Pitteri, 60, Milano, MI",Arena Milano Est,Brava (per essere un pugile) di Laura Formenti all'Arena Milano Est,https://www.milanotoday.it/eventi/brava-per-essere-un-pugile-formenti.html,Teatro e spettacolo,"Via Riccardo Pitteri, Lambrate, Municipio 3, Milano, Lombardia, 21771, Italia",45.4736333,9.2486288,7
Cinema,18-06-21,2021-06-18,"Via Riccardo Pitteri, 60, Milano, MI",Arena Milano Est,Il Vegetariano - Food Film Festival all'Arena Milano Est,https://www.milanotoday.it/eventi/il-vegetariano-arena-milano-est.html,Arte e cultura,"Via Riccardo Pitteri, Lambrate, Municipio 3, Milano, Lombardia, 21771, Italia",45.4736333,9.2486288,7
,22-06-21,2021-06-19,"Via Privata Fratelli Gabba, 2, Milano, MI",Orto botanico Brera,Dal 19 al 22 giugno la rete degli Orti botanici della Lombardia celebra il solstizio d’estate,https://www.milanotoday.it/eventi/solstizio-estate-rete-orti-botanici.html,Non classificato,"Via privata Fratelli Gabba, Cerchia dei Navigli, Municipio 1, Milano, Lombardia, 20121, Italia",45.4699267,9.1907183,8
Concerti,19-06-21,2021-06-19,"Via Giuseppe Gabetti, Milano, MI",Mare Culturale Urbano,Un concerto dell'arpista Manuel Zito da Mare Culturale Urbano: si entra gratis,https://www.milanotoday.it/eventi/concerto-manuel-zito-mare-urbano.html,Musica e vita notturna,"Via Giuseppe Gabetti, Quartiere Vercellese, Forze Armate, Municipio 7, Milano, Lombardia, 20147, Italia",45.4697048,9.1241074,9
Mostre,18-07-21,2021-06-19,"Piazza Cesare Beccaria, 8, Milano, MI",Teatro Gerolamo,A Milano una mostra speciale di scatole e giocattoli d’epoca,https://www.milanotoday.it/eventi/mostra-teatro-gerolamo-giocattoli.html,Arte e cultura,"Teatro Gerolamo, 8, Piazza Cesare Beccaria, Duomo, Municipio 1, Milano, Lombardia, 20122, Italia",45.464175,9.1945551,8
Concerti,19-06-21,2021-06-19,"Via Modena, 15, Milano, MI",Bonaventura Music Club,I Bolla Trio in concerto al Bonaventura Club con Elisabetta Eneh,https://www.milanotoday.it/eventi/concerto-bolla-trio-bonaventura-club.html,Musica e vita notturna,"15, Via Modena, Rondò, Cassina de' Gatti, Sesto San Giovanni, Zona Omogenea Milano Nord, Milano, Lombardia, 20099, Italia",45.5328135,9.2338023,4
Mostre,09-07-21,2021-06-19,"Viale Emilio Alemagna, 6, Milano, MI",Triennale Milano,Nuove forme | Triennale Milano,https://www.milanotoday.it/eventi/nuove-forme-triennale-milano-vladimir-ivkovi.html,Arte e cultura,"Triennale Design Museum, 6, Viale Emilio Alemagna, Parco Sempione, Municipio 1, Milano, Lombardia, 20121, Italia",45.4721477,9.1734894,2
Manifestazioni,24-06-21,2021-06-19,"Largo Greppi, 1, Milano, MI",Piccolo Teatro Strehler,"Milano Flamenco Festival, una settimana di musica e grandi artisti spagnoli",https://www.milanotoday.it/eventi/milano-flamenco-festival-piccolo-teatro.html,Altri eventi,"Largo Antonio Greppi, Cerchia dei Navigli, Municipio 1, Milano, Lombardia, 20121, Italia",45.471727,9.1826196,8
Disco&Feste,19-06-21,2021-06-19,"Piazza Castello, Milano, MI",Castello Sforzesco,La musica elettronica incontra la classica al Castello Sforzesco: la festa di Le Cannibale,https://www.milanotoday.it/eventi/festa-castello-sforzesco-le-cannibale.html,Musica e vita notturna,"Piazza Castello, Cerchia dei Navigli, Municipio 1, Milano, Lombardia, Italia",45.4704699,9.1819129,8
Cinema,19-06-21,2021-06-19,"Via Riccardo Pitteri, 60, Milano, MI",Arena Milano Est,Sembradoras de vida - Food Film Festival all'Arena Milano Est,https://www.milanotoday.it/eventi/sembradoras-de-vida-arena-milano-est.html,Arte e cultura,"Via Riccardo Pitteri, Lambrate, Municipio 3, Milano, Lombardia, 21771, Italia",45.4736333,9.2486288,7
,30-06-21,2021-06-19,"Viale Monza, 54, Milano, MI",Mercato Civico Crespi,Trilogia endemica #2,https://www.milanotoday.it/eventi/trilogia-endemica-2-2021.html,Non classificato,"54a, Viale Monza, Loreto, Municipio 2, Milano, Lombardia, 20127, Italia",45.4934126,9.2190823,4
Concerto,19-06-21,2021-06-19,", Milano, MI",Parco di villa Giannetti,“DANTE’S DREAM – “Tutte quelle vive Luci”,,Musica e vita notturna,"Milano, Lombardia, Italia",45.4641943,9.1896346,8
Mercatini,20-06-21,2021-06-20,"Via Mecenate, 88/a, Milano, MI",East Market,"East Market Milano, torna il mercatino cult del vintage",https://www.milanotoday.it/eventi/east-market-milano-mercatino-vintage.html,Mercati e shopping,"Via Mecenate, Mecenate, Municipio 4, Milano, Lombardia, 20059, Italia",45.4529888,9.2481173,7
Spettacoli,20-06-21,2021-06-20,"Largo Antonio Greppi,20121, Milano, MI,Italia",Piccolo Teatro - Teatro Strehler,Furore,https://www.teatro.it/spettacoli/milano/piccolo-teatro-teatro-strehler/2020-2021/furore,Teatro e spettacolo,"Largo Antonio Greppi, Cerchia dei Navigli, Municipio 1, Milano, Lombardia, 20121, Italia",45.471727,9.1826196,8
Spettacoli,20-06-21,2021-06-20,"Viale Italia 576,20099, Sesto San Giovanni, MI,Italia",Under The Grand Chapiteau,TOTEM - Cirque du Soleil,https://www.teatro.it/spettacoli/milano/under-the-grand-chapiteau/2020-2021/totem-cirque-du-soleil,Teatro e spettacolo,"Viale Italia, Rione Vittoria, Sesto San Giovanni, Zona Omogenea Milano Nord, Milano, Lombardia, 20099, Italia",45.5243623,9.2284729,4
Cinema,20-06-21,2021-06-20,"Via Riccardo Pitteri, 60, Milano, MI",Arena Milano Est,Soyalism - Food Film Festival all'Arena Milano Est,https://www.milanotoday.it/eventi/soyalism-arena-milano-est.html,Arte e cultura,"Via Riccardo Pitteri, Lambrate, Municipio 3, Milano, Lombardia, 21771, Italia",45.4736333,9.2486288,7
Spettacoli,20-06-21,2021-06-20,"Via Rovello 2,20121, Milano, MI,Italia",Piccolo Teatro - Teatro Grassi,Una divina commedia,https://www.teatro.it/spettacoli/milano/piccolo-teatro-teatro-grassi/2020-2021/una-divina-commedia,Teatro e spettacolo,"2, Via Rovello, Brera, Milano, Lombardia, 20121, Italia",45.4665188,9.1847651,8
Manifestazioni,20-06-21,2021-06-20,"Via Pier Paolo Pasolini, 3, Milano, MI",Cascina Merlata,Cascina Merlata si veste dei colori dell'arcobaleno,https://www.milanotoday.it/eventi/cascina-merlata-2021.html,Altri eventi,"Cascina Merlata SPAZIO VIVO, 3, Via Pier Paolo Pasolini, Maggiore - Musocco, Cascina Merlata, Municipio 8 di Milano, Milano, Lombardia, 20151, Italia",45.5066453,9.1031746,1
Spettacoli,20-06-21,2021-06-20,"via Pier Lombardo,14,20135, Milano, MI,Italia",Franco Parenti - Sala Grande,Stay Hungry - Indagine di un affamato,https://www.teatro.it/spettacoli/milano/franco-parenti-sala-grande/2020-2021/stay-hungry-indagine-di-un-affamato,Teatro e spettacolo,"Via Pier Lombardo, Porta Romana, Municipio 4, Milano, Lombardia, 20135, Italia",45.4542958,9.2063109,0
Concerti,08-07-21,2021-06-21,"Via Conservatorio, 12, Milano, MI",Conservatorio Giuseppe Verdi,Nel chiostro del Conservatorio arrivano i concerti gratis di musica classica e jazz: orari e biglietti,https://www.milanotoday.it/eventi/concerti-chiostro-conservatorio-gratis.html,Musica e vita notturna,"Via Conservatorio, Guastalla, Municipio 1, Milano, Lombardia, 20122, Italia",45.4658084,9.2027724,0
,30-06-21,2021-06-21,"Via Libero Temolo, 3, Milano, MI",CDI BICOCCA,CDI Bicocca: apre un nuovo punto prelievi in città,https://www.milanotoday.it/eventi/punto-prelievi-ssn-bicocca.html,Non classificato,"3, Via Libero Temolo, Bicocca, Municipio 9, Milano, Lombardia, 20126, Italia",45.5114543,9.2100458,4
Manifestazioni,08-10-21,2021-06-21,"Via Giulio Cesare Procaccini, 4, Milano, MI",Fabbrica del Vapore,"""Vapore d'estate"", alla Fabbrica del Vapore arriva la rassegna estiva di musica, teatro e danza",https://www.milanotoday.it/eventi/vapore-estate-fabbrica-vapore-spettacoli.html,Altri eventi,"4, Via Giulio Cesare Procaccini, Bullona, Porta Volta, Municipio 8 di Milano, Milano, Lombardia, 20154, Italia",45.4839945,9.1753796,2
,21-06-21,2021-06-21,"Via Pontaccio, 18, Milano, MI",Milano,Faber festeggia con Milano l'“aria di rinascita”,https://www.milanotoday.it/eventi/faber-festeggia-con-milano-l-aria-di-rinascita.html,Non classificato,"18, Via Pontaccio, Brera, Municipio 1, Milano, Lombardia, 20121, Italia",45.4723806,9.1847203,8
Manifestazioni,21-06-21,2021-06-21,"Via Valtorta, Milano, MI",Cascina Martesana,International yoga day 21 giugno 2021 a Nolo,https://www.milanotoday.it/eventi/international-yoga-day-21-giugno-2021.html,Altri eventi,"Via Valtorta, Padova, Municipio 2, Milano, Lombardia, 20127, Italia",45.5005482,9.2303284,4
Concerti,21-06-21,2021-06-21,"Piazza Castello, Milano, MI",Castello Sforzesco,Edoardo Bennato in concerto al Castello Sforzesco,https://www.milanotoday.it/eventi/concerto-edoardo-bennato-castello-sforzesco.html,Musica e vita notturna,"Piazza Castello, Cerchia dei Navigli, Municipio 1, Milano, Lombardia, Italia",45.4704699,9.1819129,8
Manifestazioni,11-09-21,2021-06-22,"Via San Vittore, 21, Milano, MI",Museo Nazionale della Scienza e della Tecnologia,"Museo della Scienza, arriva Museo Estate con incontri e laboratori per i bambini",https://www.milanotoday.it/eventi/museo-estate-scienza-laboratori-bambini.html,Altri eventi,"21, Via San Vittore, Magenta - San Vittore, Municipio 1, Milano, Lombardia, 20123, Italia",45.4628946,9.1706462,8
Concerti,23-06-21,2021-06-22,"Via Riccardo Pitteri, 60, Milano, MI",Arena Milano Est,Angelica live all'arena Milano Est,https://www.milanotoday.it/eventi/angelica-live-all-arena-milano-est-angelica.html,Musica e vita notturna,"Via Riccardo Pitteri, Lambrate, Municipio 3, Milano, Lombardia, 21771, Italia",45.4736333,9.2486288,7
Concerti,22-06-21,2021-06-22,"Via Riccardo Pitteri, 60, Milano, MI",Arena Milano Est,Angelica Schiatti - Concerto Musicale - Arena Milano Est,https://www.milanotoday.it/eventi/angelica-schiatti-arena-milano-est.html,Musica e vita notturna,"Via Riccardo Pitteri, Lambrate, Municipio 3, Milano, Lombardia, 21771, Italia",45.4736333,9.2486288,7
Mostre,25-06-21,2021-06-23,"Via Luigi Nono, 9, Milano, MI",Il Tempio del Futuro Perduto,Our fight for a Greener future,https://www.milanotoday.it/eventi/our-fight-for-a-greener-future-photography-.html,Arte e cultura,"9, Via Luigi Nono, Bullona, Porta Volta, Municipio 8 di Milano, Milano, Lombardia, 20154, Italia",45.4864027,9.1751051,2
Manifestazioni,24-06-21,2021-06-23,"Via Pisanello, 1, Milano, MI",Centro Culturale Rosetum,Rosetum jazz festival #3: gianmarco scaglia quartet,https://www.milanotoday.it/eventi/rosetum-jazz-festival-2021.html,Altri eventi,"Via Pisanello, Bande Nere, Municipio 7, Milano, Lombardia, 20148, Italia",45.4672182,9.140416,9
Concerti,23-06-21,2021-06-23,"Via Luigi Granelli, 1, Milano, MI",Carroponte,"Milano, un nuovo concerto di Emma Marrone: orari e biglietti",https://www.milanotoday.it/eventi/concerto-emma-marrone-biglietti.html,Musica e vita notturna,"Carroponte, 1, Via Luigi Granelli, Rondò, Torretta, Sesto San Giovanni, Zona Omogenea Milano Nord, Milano, Lombardia, 20099, Italia",45.529574,9.2209217,4
Teatri,27-06-21,2021-06-23,"Via Pier Lombardo, Milano, MI",Teatro Franco Parenti,"""50 minuti di ritardo"" al Franco Parenti: orari e biglietti",https://www.milanotoday.it/eventi/spetacolo-50-minuti-di-ritardo-franco-parenti-biglietti.html,Teatro e spettacolo,"Via Pier Lombardo, Porta Romana, Municipio 4, Milano, Lombardia, 20135, Italia",45.4542958,9.2063109,0
Cinema,30-06-21,2021-06-24,"Viale Vittorio Veneto, 2, Milano, MI",Cineteca Milano Meet,"Porta(le) Venezia, i mille volti del quartiere nei film della Cineteca",https://www.milanotoday.it/eventi/film-cineteca-porta-venezia.html,Arte e cultura,"Meet Digital Culture Center, 2, Viale Vittorio Veneto, Buenos Aires - Venezia, Municipio 3, Milano, Lombardia, 20124, Italia",45.4753303,9.2040729,0
,24-06-21,2021-06-24,Milano,Milano,A casa lontani da casa day,https://www.milanotoday.it/eventi/a-casa-lontani-da-casa-day.html,Non classificato,"Milano, Lombardia, Italia",45.4641943,9.1896346,8
Concerti,24-06-21,2021-06-24,"Piazza Leonardo da Vinci, 32, Milano, MI",Giardini di Leonardo,Neri Marcorè: le mie canzoni altrui,https://www.milanotoday.it/eventi/concerto-neri-marcore.html,Musica e vita notturna,"32, Piazza Leonardo da Vinci, Città Studi, Municipio 3, Milano, Lombardia, 20133, Italia",45.4778083,9.2272468,0
Teatri,09-09-21,2021-06-24,"Via Riccardo Pitteri, 58, Milano, MI",Arena Milano Est,"Arena Milano Est: un'incredibile estate di spettacoli, come avere i biglietti scontati",https://www.milanotoday.it/eventi/arena-milano-est-spettacoli-scontati.html,Teatro e spettacolo,"Via Riccardo Pitteri, Lambrate, Municipio 3, Milano, Lombardia, 21771, Italia",45.4736333,9.2486288,7
Spettacoli,24-06-21,2021-06-24,"Via Ciro Menotti 11,20129, Milano, MI,Italia",Menotti,Un marziano a Roma,https://www.teatro.it/spettacoli/milano/menotti/2020-2021/un-marziano-a-roma,Teatro e spettacolo,"Teatro Menotti, 11, Via Ciro Menotti, Buenos Aires - Venezia, Municipio 3, Milano, Lombardia, 20129, Italia",45.4699775,9.2131112,0
Teatri,24-06-21,2021-06-24,"Via Riccardo Pitteri, 60, Milano, MI",Arena Milano Est,Gigi&Ross Show all'Arena Milano Est,https://www.milanotoday.it/eventi/gigi-ross-show-arena-milano-est.html,Teatro e spettacolo,"Via Riccardo Pitteri, Lambrate, Municipio 3, Milano, Lombardia, 21771, Italia",45.4736333,9.2486288,7
Disco&Feste,25-06-21,2021-06-25,"Viale Emilio Alemagna, 6, Milano, MI",La Triennale di Milano,Nei giardini della Triennale una nuova festa di Le Cannibale con musica elettronica,https://www.milanotoday.it/eventi/festa-triennale-le-cannibale.html,Musica e vita notturna,"Triennale Design Museum, 6, Viale Emilio Alemagna, Parco Sempione, Municipio 1, Milano, Lombardia, 20121, Italia",45.4721477,9.1734894,2
Spettacoli,25-06-21,2021-06-25,"Corso Buenos Aires 33,20124, Milano, MI,Italia",Elfo Puccini - Sala Bausch,Alfredino. L'Italia in fondo a un pozzo,https://www.teatro.it/spettacoli/milano/elfo-puccini-sala-bausch/2020-2021/alfredino-litalia-in-fondo-a-un-pozzo,Teatro e spettacolo,"Teatro Elfo Puccini, 33, Corso Buenos Aires, Buenos Aires - Venezia, Municipio 3, Milano, Lombardia, 20124, Italia",45.4794317,9.2098387,0
Manifestazioni,17-07-21,2021-06-25,"Via Fametta, 1, Milano, MI",Villa Arconati-FAR,"Michela Murgia, Avion Travel e non solo: il festival di Villa Arconati incontra musica e letteratura",https://www.milanotoday.it/eventi/festival-villa-arconati-2021-programma-biglietti.html,Altri eventi,"1, Via Fametta, Via Trento, Castellazzo, Bollate, Milano, Lombardia, 20021, Italia",45.556757,9.0958021,1
Spettacoli,25-06-21,2021-06-25,"via Granelli 1,20099, Sesto San Giovanni, MI,Italia",Carroponte,EMMA MARRONE - Fortuna Live 2021,https://www.teatro.it/spettacoli/sesto-san-giovanni/carroponte/2020-2021/emma-marrone-fortuna-live-2021,Teatro e spettacolo,"Carroponte, 1, Via Luigi Granelli, Rondò, Torretta, Sesto San Giovanni, Zona Omogenea Milano Nord, Milano, Lombardia, 20099, Italia",45.529574,9.2209217,4
Concerti,26-06-21,2021-06-26,"Via San Faustino, 23, Milano, MI",Giardino San Faustino,"Piano City, un concerto dedicato ai Beatles con il pianista Fabrizio Grecchi",https://www.milanotoday.it/eventi/concerto-fabrizio-grecchi-beatles-piano-city.html,Musica e vita notturna,"Via San Faustino, Lambrate, Municipio 3, Milano, Lombardia, 20134, Italia",45.4775031,9.2424864,7
Concerti,26-06-21,2021-06-26,"Via Piero Gobetti, Milano, MI",Mare Culturale Urbano,Da Mare Culturale Urbano (e non solo) tre concerti dedicati ai Genesis,https://www.milanotoday.it/eventi/concerti-francesco-gazzara-genesis.html,Musica e vita notturna,"Via Piero Gobetti, Crocetta, Balsamo, Cinisello Balsamo, Zona Omogenea Milano Nord, Milano, Lombardia, 20092, Italia",45.5537549,9.2306991,4
Concerti,26-06-21,2021-06-26,"Via Larga, 16, Milano, MI",Teatro Lirico,"Piano City, la musica torna al Teatro Lirico dopo 22 anni con 4 concerti gratis",https://www.milanotoday.it/eventi/concerti-piano-city-teatro-milano.html,Musica e vita notturna,"16, Via Larga, Cerchia dei Navigli, Municipio 1, Milano, Lombardia, 20122, Italia",45.4613398,9.1916687,8
Spettacoli,26-06-21,2021-06-26,"Piazza Castello,20121, Milano, MI,Italia",Castello Sforzesco,Don’t stop me now,https://www.teatro.it/spettacoli/milano/castello-sforzesco/2020-2021/dont-stop-me-now,Teatro e spettacolo,"Piazza Castello, Cerchia dei Navigli, Municipio 1, Milano, Lombardia, 20121, Italia",45.4695821,9.1817374,8
Manifestazioni,27-06-21,2021-06-26,"Via Selvanesco, 25, Milano, MI",Cascina Gaggioli,"Holis Week, un weekend all'insegna del benessere insieme a Johanna Maggy",https://www.milanotoday.it/eventi/holis-week-2021-johanna-maggy.html,Altri eventi,"25, Via Selvanesco, Parco delle Abbazie, Municipio 5, Milano, Lombardia, 20141, Italia",45.4177619,9.1958949,6
Incontri,27-06-21,2021-06-26,"Via Malaga, 10, Milano, MI",Giardino Nascosto,Sette sirene e ancore d'aria al giardino nascosto,https://www.milanotoday.it/eventi/sette-sirene-2021.html,Formazione e networking,"Via Malaga, San Cristoforo, Municipio 6, Milano, Lombardia, 20143, Italia",45.4447527,9.1587782,6
Spettacoli,27-06-21,2021-06-27,"via Pier Lombardo,14,20135, Milano, MI,Italia",Franco Parenti - Sala Grande,50 minuti di ritardo,https://www.teatro.it/spettacoli/milano/franco-parenti-sala-grande/2020-2021/50-minuti-di-ritardo,Teatro e spettacolo,"Via Pier Lombardo, Porta Romana, Municipio 4, Milano, Lombardia, 20135, Italia",45.4542958,9.2063109,0
Spettacoli,27-06-21,2021-06-27,"Via Rivoli 6,20121, Milano, MI,Italia",Piccolo Teatro - Studio Melato,Hamlet,https://www.teatro.it/spettacoli/milano/piccolo-teatro-studio-melato/2020-2021/hamlet,Teatro e spettacolo,"6, Via Rivoli, Brera, Municipio 1, Milano, Lombardia, 20121, Italia",45.4726093,9.182881,8
Incontri,27-06-21,2021-06-27,"Via Conte Rosso, 5, Milano, MI",Giardino ACLI Lambrate,Cavalleria rusticana a Lambrate | Urbanopera,https://www.milanotoday.it/eventi/cavalleria-rusticana-a-lambrate-2021.html,Formazione e networking,"5, Via Conte Rosso, Lambrate, Municipio 3, Milano, Lombardia, 20134, Italia",45.4817564,9.2425844,7
Mercatini,27-06-21,2021-06-27,"Via Emilia, Milano, MI",,A Buccinasco torna il famoso Mercatino di Forte dei Marmi,https://www.milanotoday.it/eventi/mercatino-forte-dei-marmi-buccinasco.html,Mercati e shopping,"Via Emilia, Redecesio, Segrate, Milano, Lombardia, 20054, Italia",45.482529,9.2717672,7
Spettacolo Teatrale,25-08-21,2021-06-27,"Via Bergognone, 34, Milano, MI",Stabilimento Base,Dante in baracca,,Teatro e spettacolo,"Wikimedia Italia, 34, Via Bergognone Da Fossano, Tortona, Municipio 6, Milano, Lombardia, 20144, Italia",45.4518657,9.1625146,6
Spettacoli,27-06-21,2021-06-27,"Via Hermada,8,20162, Milano, MI,Italia",della Cooperativa,"Da quando ho famiglia, sono single!",https://www.teatro.it/spettacoli/milano/della-cooperativa/2020-2021/da-quando-ho-famiglia-sono-single,Teatro e spettacolo,"8, Via privata Hermada, Niguarda - Cà Granda, Municipio 9, Milano, Lombardia, 20162, Italia",45.5147872,9.1901457,4
Spettacoli,27-06-21,2021-06-27,"Via Boltraffio 21,20159, Milano, MI,Italia",Fontana,Festen. Il gioco della verità,https://www.teatro.it/spettacoli/milano/fontana/2020-2021/festen-il-gioco-della-verita,Teatro e spettacolo,"21, Via Gian Antonio Boltraffio, Isola, Municipio 9, Milano, Lombardia, 20159, Italia",45.4921952,9.1878419,2
Incontri,10-09-21,2021-06-28,"Via Olona, 6, Milano, MI",Museo Nazionale della Scienza e della Tecnologia,Al Museo della Scienza arrivano i campus estivi per i bambini: date e iscrizioni,https://www.milanotoday.it/eventi/campus-estivi-museo-scienza.html,Formazione e networking,"Must Shop, 6, Via Olona, Magenta - San Vittore, Municipio 1, Milano, Lombardia, 20123, Italia",45.4607863,9.1720551,8
Manifestazioni,28-06-21,2021-06-28,"Via Lorenteggio, 177, Milano, MI",Mercato Lorenteggio,"Life on market - Degustazioni, balli e cinema all'aperto a mercato Lorenteggio",https://www.milanotoday.it/eventi/life-on-market-degustazioni-balli-e-cinema-2021.html,Altri eventi,"177, Via Lorenteggio, Lorenteggio, Municipio 6, Milano, Lombardia, 20147, Italia",45.4488144,9.1336123,9
Spettacoli,29-06-21,2021-06-29,"Via Carlo Botta,18,20135, Milano, MI,Italia",Franco Parenti - Bagni Misteriosi,Lino Guanciale - Non svegliate lo spettatore,https://www.teatro.it/spettacoli/milano/franco-parenti-bagni-misteriosi/2020-2021/lino-guanciale-non-svegliate-lo-spettatore,Teatro e spettacolo,"18, Via Carlo Botta, Porta Romana, Municipio 4, Milano, Lombardia, 20135, Italia",45.4537805,9.2050141,0
Mostre,29-08-21,2021-06-29,"Piazza del Duomo, Milano, MI",Palazzo Reale,I colori del sole e dell'oceano protagonisti della nuova mostra di Marcello Lo Giudice,https://www.milanotoday.it/eventi/mostra-marcello-lo-giudice-palazzo-reale.html,Arte e cultura,"Piazza del Duomo, Duomo, Municipio 1, Milano, Lombardia, Italia",45.4639102,9.1906398,8
Teatri,29-09-21,2021-06-30,"Via Rovello, 2, Milano, MI",Chiostro Nina Vinchi,Al Chiostro del Piccolo Teatro una rassegna estiva di letture e spettacoli,https://www.milanotoday.it/eventi/spettacoli-estivi-chiostro-nina-vinchi.html,Teatro e spettacolo,"2, Via Rovello, Brera, Milano, Lombardia, 20121, Italia",45.4665188,9.1847651,8
Moda,04-07-21,2021-06-30,"Via Alessandro Volta, 7A, Milano, MI",Moscova District Market,20 Top brand moda per la prima festa dello shopping con sconti dal 50 all'80%,https://www.milanotoday.it/eventi/moscova-district-market-sconti-estate.html,Mercati e shopping,"7a, Via Alessandro Volta, Brera, Municipio 1, Milano, Lombardia, 20121, Italia",45.4794117,9.1836722,8
Mostra,30-06-21,2021-06-30,"piazza Santa Maria delle Grazie, 2, Milano, MI",Cenacolo Vinciano,Apertura straordinaria serale del Museo del Cenacolo Vinciano per la Notte dei Musei,,Arte e cultura,"Museo del Cenacolo Vinciano, 2, Piazza Santa Maria delle Grazie, Magenta - San Vittore, Municipio 1, Milano, Lombardia, 20123, Italia",45.4662047,9.170655,8
,09-07-21,2021-06-30,"Alzaia Naviglio Grande, 4, Milano, MI",Vi.P. Gallery Milano,"Walter Bernardi, guardando il mondo da un oblò",https://www.milanotoday.it/eventi/walter-bernardi-guardando-il-mondo-da-un-oblo.html,Non classificato,"4, Alzaia Naviglio Grande, Navigli, Municipio 6, Milano, Lombardia, 20144, Italia",45.4521916,9.1761844,6
Concerti,15-07-21,2021-06-30,"Via Monza, 12, Milano, MI",Biblioteca civica,"""Garbagnate in Jazz"", torna la grande rassegna di musica all'aperto",https://www.milanotoday.it/eventi/garbagnate-in-jazz-rassegna-musica-all-aperto.html,Musica e vita notturna,"12, Via Monza, Melzo, Milano, Lombardia, 20066, Italia",45.5006633,9.4302588,3
Incontri,01-07-21,2021-07-01,"Piazzale Cimitero Monumentale, Milano, MI",Cimitero Monumentale,Al Monumentale un incontro imperdibile sui cimiteri nella tradizione ebraica,https://www.milanotoday.it/eventi/incontro-cimitero-monumentale-con-bendaud.html,Formazione e networking,"Piazzale Cimitero Monumentale, Sarpi, Porta Volta, Municipio 8 di Milano, Milano, Lombardia, 20154, Italia",45.4845449,9.1765828,2
,01-07-21,2021-07-01,"Piazza Armando Diaz, Milano, MI",Terrazza Martini,Gué Pequeno live in streaming da Terrazza Martini: 1 luglio 2021 alle 19.30,https://www.milanotoday.it/eventi/concerto-streaming-gue-pequeno-1-luglio-2021.html,Non classificato,"Piazza Armando Diaz, Cerchia dei Navigli, Municipio 1, Milano, Lombardia, 20122, Italia",45.4623603,9.1900022,8
Mostre,30-07-21,2021-07-01,"Via Privata Cascia, 6, Milano, MI",Jardino,Intĭm ~ us :  verso nuove vie di connessione,https://www.milanotoday.it/eventi/int-m-us-verso-nuove-vie-di-connessione.html,Arte e cultura,"6, Via Privata Cascia, Adriano, Municipio 2, Milano, Lombardia, 20128, Italia",45.5119899,9.2439487,4
Manifestazioni,29-07-21,2021-07-01,"Piazza del Duomo, 12, Milano, MI",Palazzo Reale,Quattro concerti al femminile nel cortile di Palazzo Reale: a Milano torna Ethno Music Festival,https://www.milanotoday.it/eventi/concerti-palazzo-reale-ethno-music-festival.html,Altri eventi,"Giacomo, 12, Piazza del Duomo, Duomo, Municipio 1, Milano, Lombardia, 20100, Italia",45.4632066,9.1914879,8
Spettacoli,01-07-21,2021-07-01,"Via Riccardo Pitteri,60,20134, Milano, MI,Italia",Arena Milano Est,Arianna Porcelli Safonov - Rìding Tristocomico,https://www.teatro.it/spettacoli/milano/arena-milano-est/2020-2021/arianna-porcelli-safonov-riding-tristocomico,Teatro e spettacolo,"Via Riccardo Pitteri, Lambrate, Municipio 3, Milano, Lombardia, 20134, Italia",45.4805358,9.2454637,7
Spettacoli,01-07-21,2021-07-01,"Via Filodrammatici 2,20121, Milano, MI,Italia",Teatro Alla Scala,Le nozze di Figaro,https://www.teatro.it/spettacoli/milano/teatro-alla-scala/2020-2021/le-nozze-di-figaro,Teatro e spettacolo,"2, Via Filodrammatici, Brera, Milano, Lombardia, 20121, Italia",45.4673781,9.188701,8
Cinema,01-07-21,2021-07-01,"Via Santa Croce, 15, Milano, MI",Associazione IBVA,Corti in giardino,https://www.milanotoday.it/eventi/corti-in-giardino-2021.html,Arte e cultura,"Via Santa Croce, Ticinese, Municipio 1, Milano, Lombardia, 20136, Italia",45.4540253,9.1823474,8
Mostre,31-07-21,2021-07-01,"Via Privata della Braida, 5, Milano, MI",Galleria Arteutopia,Alla Galleria Arteutopia la mostra di Giangiacomo Spadari racconta i grandi personaggi del passato,https://www.milanotoday.it/eventi/mostra-galleria-arteutopia-pop-rivoluzione.html,Arte e cultura,"5, Via privata della Braida, Guastalla, Municipio 1, Milano, Lombardia, 20122, Italia",45.4543754,9.2020833,0
Teatri,01-07-21,2021-07-01,"Via Riccardo Pitteri, 60, Milano, MI",Arena Milano Est,Riding Tristocomico all'Arena Milano Est,https://www.milanotoday.it/eventi/teatro/riding-tristocomico-arena-milano-est.html,Teatro e spettacolo,"Via Riccardo Pitteri, Lambrate, Municipio 3, Milano, Lombardia, 21771, Italia",45.4736333,9.2486288,7
Concerti,01-08-21,2021-07-01,"Via Pontida, 22, Milano, MI",Ex Convento dell'Annunciata,Dalla cena in bianco ai concerti agli spettacoli: un mese di eventi nell'ex convento,https://www.milanotoday.it/eventi/eventi-tuttodunfiato-abbiategrasso.html,Musica e vita notturna,"Via Pontida, Brera, Municipio 1, Milano, Lombardia, 20100, Italia",45.4798986,9.1830809,8
Incontri,02-07-21,2021-07-02,"Via Monte Rosa, 81, Milano, MI",Centro Pime,Al Centro Pime i bambini diventano piccoli stilisti,https://www.milanotoday.it/eventi/laboratori-bambini-centro-pime-luglio-2021.html,Formazione e networking,"Museo Popoli e Culture, 81, Via Monte Rosa, De Angeli - Monte Rosa, Municipio 7, Milano, Lombardia, 20149, Italia",45.47615,9.1470053,2
Mostre,25-08-21,2021-07-02,"Via Federico Confalonieri, 14, Milano, MI",Casa della Memoria,Ultimate landscapes mostra fotografica di Claudio Orlandi a cura di Alessia Locatelli,https://www.milanotoday.it/eventi/ultimate-landscapes-mostra-fotografica-2021.html,Arte e cultura,"14, Via Federico Confalonieri, Isola, Municipio 9, Milano, Lombardia, 20124, Italia",45.4865703,9.1912614,8
Spettacoli,02-07-21,2021-07-02,"Corso Buenos Aires 33,20124, Milano, MI,Italia",Elfo Puccini - sala Shakespeare,Il seme della violenza. The Laramie Project,https://www.teatro.it/spettacoli/milano/elfo-puccini-sala-shakespeare/2020-2021/il-seme-della-violenza-the-laramie-project,Teatro e spettacolo,"Teatro Elfo Puccini, 33, Corso Buenos Aires, Buenos Aires - Venezia, Municipio 3, Milano, Lombardia, 20124, Italia",45.4794317,9.2098387,0
Mostre,31-07-21,2021-07-02,"Viale Emilio Alemagna, 14, Milano, MI",Cascina Nascosta,La magia dell'Islanda raccontata in una nuova mostra di Sonia Santagostino,https://www.milanotoday.it/eventi/mostra-fotografica-sonia-santagostino.html,Arte e cultura,"Ciclofficina Nascosta, 14, Viale Emilio Alemagna, Parco Sempione, Municipio 1, Milano, Lombardia, 20121, Italia",45.4737946,9.1722696,2
,30-07-21,2021-07-02,"Via Marsala, 8, Milano, MI",Casa delle Associazioni e del Volontariato,Arti marziali e difesa personale,https://www.milanotoday.it/eventi/arti-marziali-e-difesa-personale-2021.html,Non classificato,"8, Via Marsala, Brera, Municipio 1, Milano, Lombardia, 20121, Italia",45.4788366,9.187267,8
Spettacoli,02-07-21,2021-07-02,"Corso Buenos Aires 33,20124, Milano, MI,Italia",Elfo Puccini - Sala Bausch,Sono solo nella stanza accanto,https://www.teatro.it/spettacoli/milano/elfo-puccini-sala-bausch/2020-2021/sono-solo-nella-stanza-accanto,Teatro e spettacolo,"Teatro Elfo Puccini, 33, Corso Buenos Aires, Buenos Aires - Venezia, Municipio 3, Milano, Lombardia, 20124, Italia",45.4794317,9.2098387,0
Mostre,01-08-21,2021-07-02,"Viale Campania, 12, Milano, MI",Wow Spazio Fumetto,Wow Spazio Fumetto presenta il calendario di luglio con tanti appuntamenti estivi,https://www.milanotoday.it/eventi/wow-spazio-fumetto-eventi-luglio-2021.html,Arte e cultura,"12, Viale Campania, Corsica, Municipio 4, Milano, Lombardia, 20133, Italia",45.4634024,9.2242161,0
Incontri,03-07-21,2021-07-03,"Via San Dionigi, Milano, MI",Parco della Vettabbia,Alla scoperta della biodiversità di Milano,https://www.milanotoday.it/eventi/alla-scoperta-della-biodiversita-di-milano.html,Formazione e networking,"Via San Dionigi, Parco delle Abbazie, Municipio 5, Milano, Lombardia, 20139, Italia",45.4295835,9.2262722,0
Spettacoli,03-07-21,2021-07-03,"Via Filodrammatici 2,20121, Milano, MI,Italia",Teatro Alla Scala,Concerto Manfred Honeck - Beatrice Rana,https://www.teatro.it/spettacoli/milano/teatro-alla-scala/2020-2021/concerto-manfred-honeck-beatrice-rana,Teatro e spettacolo,"2, Via Filodrammatici, Brera, Milano, Lombardia, 20121, Italia",45.4673781,9.188701,8
Mostra,03-07-21,2021-07-03,"piazza Marconi, 5, Milano, MI",Museo del Violino,La Notte dei Musei. Alla scoperta delle Collezioni del Museo e della mostra I Violini di Vivaldi e le Figlie di Choro,,Arte e cultura,"5, Piazza Guglielmo Marconi, Paullo, Milano, Lombardia, 20067, Italia",45.4164643,9.4022131,3
Mostra,03-07-21,2021-07-03,"Via Brera, 28, Milano, MI",Pinacoteca di Brera,Notte a Brera,,Arte e cultura,"Pinacoteca di Brera, 28, Via Brera, Cerchia dei Navigli, Municipio 1, Milano, Lombardia, 20121, Italia",45.4722421,9.1884071,8
Spettacoli,04-07-21,2021-07-04,"via Pier Lombardo,14,20135, Milano, MI,Italia",Franco Parenti - Sala Grande,Vaudeville! Atti Unici da Eugène Labiche,https://www.teatro.it/spettacoli/milano/franco-parenti-sala-grande/2020-2021/vaudeville-atti-unici-da-eugene-labiche,Teatro e spettacolo,"Via Pier Lombardo, Porta Romana, Municipio 4, Milano, Lombardia, 20135, Italia",45.4542958,9.2063109,0
Teatri,11-07-21,2021-07-04,"Via Pier Lombardo, Milano, MI",Teatro Franco Parenti,"""Buon anno, ragazzi"" al Franco Parenti: orari e biglietti",https://www.milanotoday.it/eventi/spettacolo-buon-anno-ragazzi-franco-parenti-biglietti.html,Teatro e spettacolo,"Via Pier Lombardo, Porta Romana, Municipio 4, Milano, Lombardia, 20135, Italia",45.4542958,9.2063109,0
Manifestazioni,11-07-21,2021-07-05,"Viale Emilio Alemagna, 6, Milano, MI",Triennale,"Triennale Estate, tutti gli appuntamenti della settimana",https://www.milanotoday.it/eventi/triennale-estate-appuntamenti-5-11-luglio.html,Altri eventi,"Triennale Design Museum, 6, Viale Emilio Alemagna, Parco Sempione, Municipio 1, Milano, Lombardia, 20121, Italia",45.4721477,9.1734894,2
Cibo e Vino,05-07-21,2021-07-05,"Piazzale Lavater, Milano, MI",Wally - Gelateria Creativa,Gelato gratis per tutti alla Gelateria Wally!,https://www.milanotoday.it/eventi/gelato-gratis-alla-gelateria-wally.html,Enogastronomia,"Piazzale Lavater, Buenos Aires - Venezia, Municipio 3, Milano, Lombardia, 20129, Italia",45.4762272,9.2112807,0
Mostra,31-12-21,2021-07-06,"Via Brera, 28, Milano, MI",Pinacoteca di Brera,Rondò. Il ritorno della Cantoria di Zenale a Brera,,Arte e cultura,"Pinacoteca di Brera, 28, Via Brera, Cerchia dei Navigli, Municipio 1, Milano, Lombardia, 20121, Italia",45.4722421,9.1884071,8
Concerti,06-07-21,2021-07-06,"Via Luigi Granelli, 1, Milano, MI",Carroponte,I Coma_Cose in concerto a Milano: orari e biglietti,https://www.milanotoday.it/eventi/concerto-coma-cose-carroponte.html,Musica e vita notturna,"Carroponte, 1, Via Luigi Granelli, Rondò, Torretta, Sesto San Giovanni, Zona Omogenea Milano Nord, Milano, Lombardia, 20099, Italia",45.529574,9.2209217,4
Incontri,06-07-21,2021-07-06,"Via Antonio Stoppani, 12, Milano, MI",Alia,"Figli in crisi dopo la dad - Apatia, chiusura, perdita di riferimenti, rifiuto dell'aiuto",https://www.milanotoday.it/eventi/figli-in-crisi-dopo-la-dad-2021.html,Formazione e networking,"12, Via Antonio Stoppani, Buenos Aires - Venezia, Municipio 3, Milano, Lombardia, 20129, Italia",45.4754027,9.2128581,0
Incontri,12-07-21,2021-07-06,"Alzaia Naviglio Pavese, 16, Milano, MI",Ex Fornace,This is Africa - Ethiopia,https://www.milanotoday.it/eventi/this-is-africa-ethiopia-2021.html,Formazione e networking,"16, Alzaia Naviglio Pavese, Navigli, Municipio 6, Milano, Lombardia, 20143, Italia",45.4500421,9.1774094,6
Spettacoli,06-07-21,2021-07-06,"Via Carlo Botta,18,20135, Milano, MI,Italia",Franco Parenti - Bagni Misteriosi,La caduta di Troia,https://www.teatro.it/spettacoli/milano/franco-parenti-bagni-misteriosi/2020-2021/la-caduta-di-troia,Teatro e spettacolo,"18, Via Carlo Botta, Porta Romana, Municipio 4, Milano, Lombardia, 20135, Italia",45.4537805,9.2050141,0
Teatri,11-07-21,2021-07-07,"Via Pier Lombardo, Milano, MI",Teatro Franco Parenti,"Al Franco Parenti va in scena lo spettacolo ""Questo è il tempo in cui attendo la grazia""",https://www.milanotoday.it/eventi/spettacolo-franco-parenti-il-tempo-in-cui-attendo-la-grazia.html,Teatro e spettacolo,"Via Pier Lombardo, Porta Romana, Municipio 4, Milano, Lombardia, 20135, Italia",45.4542958,9.2063109,0
Mostre,18-07-21,2021-07-07,"Via Valenza, 2, Milano, MI",Ride Milano,Vinyl Art Mania: quando il vinile diventa opera d'arte,https://www.milanotoday.it/eventi/mostra-vinili-2021.html,Arte e cultura,"Via Valenza, Navigli, Municipio 6, Milano, Lombardia, 20144, Italia",45.4514071,9.1691656,6
Manifestazioni,18-07-21,2021-07-07,"Via Valenza, 2, Milano, MI",Ride Milano,"Da Ride Milano ""Vinyl Art Mania"", la mostra d'arte dedicata al vinile",https://www.milanotoday.it/eventi/mostra-vinyl-art-mania-vinile-ride-navigli.html,Altri eventi,"Via Valenza, Navigli, Municipio 6, Milano, Lombardia, 20144, Italia",45.4514071,9.1691656,6
Manifestazioni,14-07-21,2021-07-08,"Via Marcello Malpighi, Milano, MI",Casa Galimberti,Un festival internazionale dedicato al liberty spalanca le porte di Milano,https://www.milanotoday.it/eventi/un-festival-internazionale-dedicato-al-liberty-2021.html,Altri eventi,"Via Marcello Malpighi, Buenos Aires - Venezia, Municipio 3, Milano, Lombardia, 20219, Italia",45.4744758,9.2070489,0
Teatri,08-07-21,2021-07-08,"Via Riccardo Pitteri, 60, Milano, MI",Arena Milano Est,Male Male all'Arena Milano Est,https://www.milanotoday.it/eventi/male-male-gattano-arena-milano-est.html,Teatro e spettacolo,"Via Riccardo Pitteri, Lambrate, Municipio 3, Milano, Lombardia, 21771, Italia",45.4736333,9.2486288,7
,08-07-21,2021-07-08,"Via San Domenico Savio, 3, Milano, MI",Biblioteca Chiesa Rossa,“Armati di scienza”. Con Elena Cattaneo e Silvano Fuso,https://www.milanotoday.it/eventi/armati-di-scienza-con-elena-cattaneo-e-silvano-fuso.html,Non classificato,"Biblioteca Comunale Chiesa Rossa, 3, Via San Domenico Savio, Stadera, Municipio 5, Milano, Lombardia, 20142, Italia",45.4304092,9.1738751,6
Mostre,25-07-21,2021-07-08,"Corso Italia, 39, Milano, MI",Basilica di Sn Celso,"La famiglia, il futuro. la pittura di Mario Galvagni",https://www.milanotoday.it/eventi/mostra-mario-galvagni.html,Arte e cultura,"39, Corso Italia, Vigentina, Municipio 1, Milano, Lombardia, 20122, Italia",45.4548477,9.1872686,8
Spettacoli,08-07-21,2021-07-08,"Via Filodrammatici 2,20121, Milano, MI,Italia",Teatro Alla Scala,Serata contemporanea,https://www.teatro.it/spettacoli/milano/teatro-alla-scala/2020-2021/serata-contemporanea,Teatro e spettacolo,"2, Via Filodrammatici, Brera, Milano, Lombardia, 20121, Italia",45.4673781,9.188701,8
Incontri,08-07-21,2021-07-08,"Ripa di Porta Ticinese, 77, Milano, MI",Sigmund Freud University Milano,Sigmund Freud University Milano – Open Day – Psicologia,https://www.milanotoday.it/eventi/sigmund-freud-university-milano-open-day-psicologia.html,Formazione e networking,"77, Ripa di Porta Ticinese, Navigli, Municipio 6, Milano, Lombardia, 20143, Italia",45.450002,9.1683253,6
Manifestazioni,25-08-21,2021-07-08,"Viale Giorgio Byron, 2, Milano, MI",Palazzina Appiani,La Palazzina Appiani e Villa Necchi aprono le porte dopo il tramonto con le sere FAI,https://www.milanotoday.it/eventi/sere-fai-visita-palazzina-appiani-villa-necchi.html,Altri eventi,"2, Viale Giorgio Byron, Parco Sempione, Municipio 1, Milano, Lombardia, 20154, Italia",45.4753371,9.1783413,8
Spettacoli,08-07-21,2021-07-08,"Via Watt 32,Milano,20143, Milano, MI,Italia",Factory32,In stato di Grazia,https://www.teatro.it/spettacoli/milano/factory32/2020-2021/in-stato-di-grazia,Teatro e spettacolo,"32, Via Giacomo Watt, San Cristoforo, Municipio 6, Milano, Lombardia, 20143, Italia",45.4436684,9.1508319,6
Spettacoli,08-07-21,2021-07-08,"Piazza Castello,20121, Milano, MI,Italia",Castello Sforzesco,Fabio Concato in concerto,https://www.teatro.it/spettacoli/milano/castello-sforzesco/2020-2021/fabio-concato-in-concerto,Teatro e spettacolo,"Piazza Castello, Cerchia dei Navigli, Municipio 1, Milano, Lombardia, 20121, Italia",45.4695821,9.1817374,8
Incontri,09-07-21,2021-07-09,"Via Rovello, 2, Milano, MI",Chiostro Nina Vinchi,Al Chiostro Nina Vinchi una lezione di uncinetto e biologia marina,https://www.milanotoday.it/eventi/incontro-chiostro-nina-vinchi-uncinetto-biologia-marina.html,Formazione e networking,"2, Via Rovello, Brera, Milano, Lombardia, 20121, Italia",45.4665188,9.1847651,8
Spettacoli,09-07-21,2021-07-09,"via Granelli 1,20099, Sesto San Giovanni, MI,Italia",Carroponte,Fabrizio Moro: Canzoni nella stanza - percorso unplugged 2021,https://www.teatro.it/spettacoli/sesto-san-giovanni/carroponte/2020-2021/fabrizio-moro-canzoni-nella-stanza-percorso-unplugged-2021,Teatro e spettacolo,"Carroponte, 1, Via Luigi Granelli, Rondò, Torretta, Sesto San Giovanni, Zona Omogenea Milano Nord, Milano, Lombardia, 20099, Italia",45.529574,9.2209217,4
Incontri,09-07-21,2021-07-09,"Via del Vecchio Politecnico, 3, Milano, MI",Istituto Svizzero,How we work,https://www.milanotoday.it/eventi/how-we-work-gioia-dal-molin-2021.html,Formazione e networking,"3, Via del Vecchio Politecnico, Guastalla, Municipio 1, Milano, Lombardia, 20121, Italia",45.4724248,9.1964505,8
Mostre,01-08-21,2021-07-09,"Via Erba, 2, Milano, MI",Garden Steflor,Milano come il Messico: la mostra dedicata alle piante grasse,https://www.milanotoday.it/eventi/mostra-piante-grasse-paderno-dugnano.html,Arte e cultura,"2, Via Erba, Cusano, Cusano Milanino, Zona Omogenea Milano Nord, Milano, Lombardia, 20095, Italia",45.5520532,9.1840748,4
Incontri,09-07-21,2021-07-09,"Via Monte Rosa, 81, Milano, MI",Centro Pime,Al Centro Pime un nuovo laboratorio per bambini dedicato agli animali,https://www.milanotoday.it/eventi/laboratorio-centro-pime-bambini.html,Formazione e networking,"Museo Popoli e Culture, 81, Via Monte Rosa, De Angeli - Monte Rosa, Municipio 7, Milano, Lombardia, 20149, Italia",45.47615,9.1470053,2
Mostre,09-07-21,2021-07-09,"Viale Emilio Alemagna, 6, Milano, MI",Triennale Milano,Nuove forme | Triennale Milano con john talabot,https://www.milanotoday.it/eventi/nuove-forme-triennale-milano-con-john-talabot-2021.html,Arte e cultura,"Triennale Design Museum, 6, Viale Emilio Alemagna, Parco Sempione, Municipio 1, Milano, Lombardia, 20121, Italia",45.4721477,9.1734894,2
Spettacoli,09-07-21,2021-07-09,"Corso Buenos Aires 33,20124, Milano, MI,Italia",Elfo Puccini - Sala Bausch,Le buone maniere,https://www.teatro.it/spettacoli/milano/elfo-puccini-sala-bausch/2020-2021/le-buone-maniere,Teatro e spettacolo,"Teatro Elfo Puccini, 33, Corso Buenos Aires, Buenos Aires - Venezia, Municipio 3, Milano, Lombardia, 20124, Italia",45.4794317,9.2098387,0
Spettacoli,10-07-21,2021-07-10,"p.zza IV Novembre 3,20025, Legnano, MI,Italia",Talisio Tirinnanzi,Partenza in salita,https://www.teatro.it/spettacoli/legnano/talisio-tirinnanzi/2020-2021/partenza-in-salita,Teatro e spettacolo,"Scuola Secondaria di Primo Grado Giovanni Ungaretti, 3, Piazza Quattro Novembre, San Giorgio su Legnano, Milano, Lombardia, 20034, Italia",45.5765251,8.9157963,5
Spettacoli,10-07-21,2021-07-10,"Corso Magenta 24,20123, Milano, MI,Italia",MTM - Litta,Decameron - Una storia vera,https://www.teatro.it/spettacoli/milano/mtm-litta/2020-2021/decameron-una-storia-vera,Teatro e spettacolo,"Boccascena Cafè, 24, Corso Magenta, Cerchia dei Navigli, Municipio 1, Milano, Lombardia, 20123, Italia",45.466045,9.1778296,8
Incontri,31-07-21,2021-07-10,"Largo Vittorio Veneto, 12, Milano, MI",Villa litta,Villa Litta apre le porte al pubblico con le visite guidate nel weekend,https://www.milanotoday.it/eventi/visite-guidate-villa-litta-lainate.html,Formazione e networking,"Villa Litta, 12, Largo Vittorio Veneto, Lainate, Milano, Lombardia, 20045, Italia",45.571432,9.0265841,1
Incontri,11-07-21,2021-07-11,"Via Angelo Rizzoli, 47, Milano, MI",Urbana New Living,Paolini protagonista dell'estate al Piccolo Teatro,https://www.milanotoday.it/eventi/incontro-marco-paolini-piccolo-teatro.html,Formazione e networking,"Ciclocaffè, 47, Via Angelo Rizzoli, Parco Lambro - Cimiano, Municipio 3, Milano, Lombardia, 20132, Italia",45.5070519,9.2528461,7
Manifestazioni,11-07-21,2021-07-11,"Via Italo Svevo, 2, Milano, MI",Milano Greenway,Sinas fest* arte/musica/sostenibilità,https://www.milanotoday.it/eventi/sinas-fest-arte-musica-sostenibilita-2021.html,Altri eventi,"2, Via Italo Svevo, Barona, Municipio 6, Milano, Lombardia, 20143, Italia",45.4426891,9.1595128,6
Spettacoli,11-07-21,2021-07-11,"Via Pier Lombardo 14,20135, Milano, MI,Italia",Franco Parenti - Sala Blu,"Buon anno, ragazzi",https://www.teatro.it/spettacoli/milano/franco-parenti-sala-acomea/2020-2021/buon-anno-ragazzi,Teatro e spettacolo,"Via Pier Lombardo, Porta Romana, Municipio 4, Milano, Lombardia, 20135, Italia",45.4542958,9.2063109,0
Spettacoli,11-07-21,2021-07-11,"Via Ciro Menotti 11,20129, Milano, MI,Italia",Menotti,Panico ma Rosa (dal diario del tempo sospeso),https://www.teatro.it/spettacoli/milano/menotti/2020-2021/panico-ma-rosa-dal-diario-di-un-non-intubabile,Teatro e spettacolo,"Teatro Menotti, 11, Via Ciro Menotti, Buenos Aires - Venezia, Municipio 3, Milano, Lombardia, 20129, Italia",45.4699775,9.2131112,0
Spettacoli,11-07-21,2021-07-11,"via Pier Lombardo,14,20135, Milano, MI,Italia",Franco Parenti - Sala Grande,Questo è il tempo in cui attendo la grazia,https://www.teatro.it/spettacoli/milano/franco-parenti-sala-grande/2020-2021/questo-e-il-tempo-in-cui-attendo-la-grazia,Teatro e spettacolo,"Via Pier Lombardo, Porta Romana, Municipio 4, Milano, Lombardia, 20135, Italia",45.4542958,9.2063109,0
Spettacoli,12-07-21,2021-07-12,"via Pier Lombardo,14,20135, Milano, MI,Italia",Franco Parenti - Sala Grande,Uno spettacolo divertentissimo che non finisce assolutamente con un suicidio,https://www.teatro.it/spettacoli/milano/franco-parenti-sala-grande/2020-2021/uno-spettacolo-divertentissimo-che-non-finisce-assolutamente-con-un-suicidio,Teatro e spettacolo,"Via Pier Lombardo, Porta Romana, Municipio 4, Milano, Lombardia, 20135, Italia",45.4542958,9.2063109,0
Incontri,12-07-21,2021-07-12,"Piazza Antonio Gramsci, Milano, MI",Gelateria Wally,Gelato gratis per tutti alla Gelateria Wally!,https://www.milanotoday.it/eventi/gelato-gratis-gelateria-wally-piazza-gramsci.html,Formazione e networking,"Piazza Antonio Gramsci, Sarpi, Bullona, Municipio 8 di Milano, Milano, Lombardia, Italia",45.4816852,9.1686531,2
Spettacoli,12-07-21,2021-07-12,"Via Orcagna 2,20131, Milano, MI,Italia",No'hma Teresa Pomodoro,La donna leopardo,https://www.teatro.it/spettacoli/milano/nohma-teresa-pomodoro/2020-2021/la-donna-leopardo,Teatro e spettacolo,"2, Via Andrea Orcagna, Città Studi, Municipio 3, Milano, Lombardia, 20131, Italia",45.4812196,9.2281055,0
Spettacoli,12-07-21,2021-07-12,"Corso Buenos Aires 33,20124, Milano, MI,Italia",Elfo Puccini - Sala Bausch,La carne è debole,https://www.teatro.it/spettacoli/milano/elfo-puccini-sala-bausch/2020-2021/la-carne-e-debole,Teatro e spettacolo,"Teatro Elfo Puccini, 33, Corso Buenos Aires, Buenos Aires - Venezia, Municipio 3, Milano, Lombardia, 20124, Italia",45.4794317,9.2098387,0
Cinema,07-08-21,2021-07-13,"Viale Fulvio Testi, 121, Milano, MI",Cineteca Milano MIC,Alla Cineteca la rassegna estiva di cinema è in terrazza,https://www.milanotoday.it/eventi/film-terrazza-cineteca-biglietti.html,Arte e cultura,"Museo Interattivo del Cinema, 121, Viale Fulvio Testi, Niguarda - Cà Granda, Municipio 9, Milano, Lombardia, 20126, Italia",45.5135671,9.2040168,4
Concerti,28-08-21,2021-07-13,"Via Luigi Granelli, 1, Milano, MI",Carroponte,Roby Facchinetti al Carroponte di Sesto San Giovanni,https://www.milanotoday.it/eventi/concerto-di-roby-facchinetti-2021.html,Musica e vita notturna,"Carroponte, 1, Via Luigi Granelli, Rondò, Torretta, Sesto San Giovanni, Zona Omogenea Milano Nord, Milano, Lombardia, 20099, Italia",45.529574,9.2209217,4
Spettacoli,13-07-21,2021-07-13,"Via Carlo Botta,18,20135, Milano, MI,Italia",Franco Parenti - Bagni Misteriosi,Storie della buonanotte per bambine ribelli,https://www.teatro.it/spettacoli/milano/franco-parenti-bagni-misteriosi/2020-2021/storie-della-buonanotte-per-bambine-ribelli,Teatro e spettacolo,"18, Via Carlo Botta, Porta Romana, Municipio 4, Milano, Lombardia, 20135, Italia",45.4537805,9.2050141,0
Mostre,05-09-21,2021-07-14,"Piazza del Duomo, Milano, MI",Palazzo Reale,"A Palazzo Reale le donne ""scolpite"" in una nuova mostra dedicata alla statuaria femminile",https://www.milanotoday.it/eventi/mostra-scolpite-statue-femminili-palazzo-reale.html,Arte e cultura,"Piazza del Duomo, Duomo, Municipio 1, Milano, Lombardia, Italia",45.4639102,9.1906398,8
Spettacoli,14-07-21,2021-07-14,"Via Ciro Menotti 11,20129, Milano, MI,Italia",Menotti,Italiani cìncali!,https://www.teatro.it/spettacoli/milano/menotti/2020-2021/italiani-cincali,Teatro e spettacolo,"Teatro Menotti, 11, Via Ciro Menotti, Buenos Aires - Venezia, Municipio 3, Milano, Lombardia, 20129, Italia",45.4699775,9.2131112,0
Cinema,30-07-21,2021-07-14,"Via Livigno, 9, Milano, MI",Cinema Nuovo Armenia,"A Milano arriva il Cinema Nuovo Armenia, dove vedere i film sotto le stelle",https://www.milanotoday.it/eventi/cinema-nuovo-armenia-film-all-aperto.html,Arte e cultura,"9, Via Livigno, Dergano, Municipio 9, Milano, Lombardia, 20158, Italia",45.5001141,9.1782173,2
Spettacoli,14-07-21,2021-07-14,"via Pier Lombardo,14,20135, Milano, MI,Italia",Franco Parenti - Sala Grande,Il Fanciullino,https://www.teatro.it/spettacoli/milano/franco-parenti-sala-grande/2020-2021/il-fanciullino,Teatro e spettacolo,"Via Pier Lombardo, Porta Romana, Municipio 4, Milano, Lombardia, 20135, Italia",45.4542958,9.2063109,0
Mostre,10-09-21,2021-07-14,"Via San Pietro All'Orto, 26, Milano, MI",Pier Giuseppe Moroni Gallery,"Milano, una nuova mostra di Valeria Ghion con opere in plexiglass e videoproiezioni",https://www.milanotoday.it/eventi/mostra-pier-giuseppe-moroni-gallery-wella.html,Arte e cultura,"Via San Pietro all'Orto, Duomo, Municipio 1, Milano, Lombardia, 20122, Italia",45.4665137,9.1953781,8
Incontri,09-09-21,2021-07-15,"Via Giulio Cesare Procaccini, 4, Milano, MI",Fabbrica del Vapore,The risico screening @ Vapore d'estate,https://www.milanotoday.it/eventi/the-risico-screening-vapore-d-estate.html,Formazione e networking,"4, Via Giulio Cesare Procaccini, Bullona, Porta Volta, Municipio 8 di Milano, Milano, Lombardia, 20154, Italia",45.4839945,9.1753796,2
,20-02-22,2021-07-15,"Via Chiese, 2, Milano, MI",Pirelli Hangar Bicocca,La nuova mostra di Maurizio Cattelan è un racconto del ciclo della vita,https://www.milanotoday.it/eventi/mostra-cattelan-pirelli-hangar-bicocca-2021.html,Non classificato,"Iuta Bistrot, 2, Via Chiese, Bicocca, Municipio 9, Milano, Lombardia, 20126, Italia",45.5209859,9.21927,4
Spettacoli,15-07-21,2021-07-15,"via Granelli 1,20099, Sesto San Giovanni, MI,Italia",Carroponte,Piero Pelù - Gigante Live,https://www.teatro.it/spettacoli/sesto-san-giovanni/carroponte/2020-2021/piero-pelu-gigante-live,Teatro e spettacolo,"Carroponte, 1, Via Luigi Granelli, Rondò, Torretta, Sesto San Giovanni, Zona Omogenea Milano Nord, Milano, Lombardia, 20099, Italia",45.529574,9.2209217,4
,20-02-22,2021-07-15,"Via Chiese, 2, Milano, MI",Pirelli Hangar Bicocca,La nuova mostra di Maurizio Cattelan è un racconto del ciclo della vita,https://www.milanotoday.it/eventi/mostra-cattelan-pirelli-hangar-bicocca-2021.html,Non classificato,"Iuta Bistrot, 2, Via Chiese, Bicocca, Municipio 9, Milano, Lombardia, 20126, Italia",45.5209859,9.21927,4
Teatri,15-07-21,2021-07-15,"Via Riccardo Pitteri, 60, Milano, MI",Arena Milano Est,Francesco De Carlo con Live all'Arena Milano Est,https://www.milanotoday.it/eventi/live-de-carlo-arena-milano-est.html,Teatro e spettacolo,"Via Riccardo Pitteri, Lambrate, Municipio 3, Milano, Lombardia, 21771, Italia",45.4736333,9.2486288,7
Mostre,20-02-22,2021-07-15,"Via Chiese, 2, Milano, MI",Pirelli Hangar Bicocca,"Arte, in arrivo una mostra personale di Cattelan",https://www.milanotoday.it/eventi/mostra-cattelan-pirelli-hangar-bicocca.html,Arte e cultura,"Iuta Bistrot, 2, Via Chiese, Bicocca, Municipio 9, Milano, Lombardia, 20126, Italia",45.5209859,9.21927,4
Mostre,20-02-22,2021-07-15,"Via Chiese, 2, Milano, MI",Pirelli Hangar Bicocca,"Arte, in arrivo una mostra personale di Cattelan",https://www.milanotoday.it/eventi/mostra-cattelan-pirelli-hangar-bicocca.html,Arte e cultura,"Iuta Bistrot, 2, Via Chiese, Bicocca, Municipio 9, Milano, Lombardia, 20126, Italia",45.5209859,9.21927,4
Spettacoli,16-07-21,2021-07-16,"via Granelli 1,20099, Sesto San Giovanni, MI,Italia",Carroponte,NEK - Live Acustico 2021,https://www.teatro.it/spettacoli/sesto-san-giovanni/carroponte/2020-2021/nek-live-acustico-2021,Teatro e spettacolo,"Carroponte, 1, Via Luigi Granelli, Rondò, Torretta, Sesto San Giovanni, Zona Omogenea Milano Nord, Milano, Lombardia, 20099, Italia",45.529574,9.2209217,4
Spettacoli,16-07-21,2021-07-16,"Via Ciro Menotti 11,20129, Milano, MI,Italia",Menotti,Il commissario Collura va in crociera,https://www.teatro.it/spettacoli/milano/menotti/2020-2021/il-commissario-collura-va-in-crociera,Teatro e spettacolo,"Teatro Menotti, 11, Via Ciro Menotti, Buenos Aires - Venezia, Municipio 3, Milano, Lombardia, 20129, Italia",45.4699775,9.2131112,0
Spettacoli,16-07-21,2021-07-16,"via Pier Lombardo,14,20135, Milano, MI,Italia",Franco Parenti - Sala Grande,Il muro trasparente,https://www.teatro.it/spettacoli/milano/franco-parenti-sala-grande/2020-2021/il-muro-trasparente,Teatro e spettacolo,"Via Pier Lombardo, Porta Romana, Municipio 4, Milano, Lombardia, 20135, Italia",45.4542958,9.2063109,0
Teatri,16-07-21,2021-07-16,"Via Ciro Menotti, 11, Milano, MI",Teatro Ciro Menotti,Donatella Finocchiaro racconta le storie di Andrea Camilleri in uno spettacolo unico,https://www.milanotoday.it/eventi/spettacolo-donatella-finocchiaro-camilleri.html,Teatro e spettacolo,"Teatro Menotti, 11, Via Ciro Menotti, Buenos Aires - Venezia, Municipio 3, Milano, Lombardia, 20129, Italia",45.4699775,9.2131112,0
,16-07-21,2021-07-16,"Via Luigi Bertelli, 44, Milano, MI",Cascina Martesana,Musica dal vivo con le riciclette,https://www.milanotoday.it/eventi/musica-dal-vivo-riciclette.html,Non classificato,"44, Via Luigi Bertelli, Padova, Municipio 2, Milano, Lombardia, 20127, Italia",45.5034872,9.2291731,4
Mostre,29-07-21,2021-07-16,"Via Fiori Chiari, Milano, MI",STUDIO ZECCHILLO - EX STUDIO DI PIERO MANZONI,A Milano una mostra fotografica di Heliya Haq dedicata alla libertà delle donne,https://www.milanotoday.it/eventi/mostra-fotografica-heliya-haq-liberta-donne.html,Arte e cultura,"Via Fiori Chiari, Cerchia dei Navigli, Municipio 1, Milano, Lombardia, 20121, Italia",45.4718421,9.1848224,8
Mostra,21-11-21,2021-07-17,", Milano, MI",Palazzo delle Paure - Villa Manzoni,"Paesaggi Possibili. Da De Nittis a Morlotti, da Carrà a Fontana.",,Arte e cultura,"Milano, Lombardia, Italia",45.4641943,9.1896346,8
Spettacoli,17-07-21,2021-07-17,"viale Alemagna,6,20121, Milano, MI,Italia",Triennale,Corcovado,https://www.teatro.it/spettacoli/milano/triennale-teatro-dellarte/2020-2021/corcovado,Teatro e spettacolo,"Triennale Design Museum, 6, Viale Emilio Alemagna, Parco Sempione, Municipio 1, Milano, Lombardia, 20121, Italia",45.4721477,9.1734894,2
Concerti,18-07-21,2021-07-18,"Piazza della Scala, 2, Milano, MI",Palazzo Marino,A Palazzo Marino un concerto gratis di jazz con tre generazioni di pianisti,https://www.milanotoday.it/eventi/concerto-jazz-gratis-palazzo-marino.html,Musica e vita notturna,"Municipio di Milano, 2, Piazza della Scala, Duomo, Brera, Milano, Lombardia, 20121, Italia",45.4666601,9.1904174,8
Spettacoli,18-07-21,2021-07-18,"Via Hermada,8,20162, Milano, MI,Italia",della Cooperativa,Mai morti,https://www.teatro.it/spettacoli/milano/della-cooperativa/2020-2021/mai-morti,Teatro e spettacolo,"8, Via privata Hermada, Niguarda - Cà Granda, Municipio 9, Milano, Lombardia, 20162, Italia",45.5147872,9.1901457,4
Spettacoli,19-07-21,2021-07-19,"Corso Buenos Aires 33,20124, Milano, MI,Italia",Elfo Puccini - Sala Bausch,Aspettando Manon,https://www.teatro.it/spettacoli/milano/elfo-puccini-sala-bausch/2020-2021/aspettando-manon,Teatro e spettacolo,"Teatro Elfo Puccini, 33, Corso Buenos Aires, Buenos Aires - Venezia, Municipio 3, Milano, Lombardia, 20124, Italia",45.4794317,9.2098387,0
Spettacoli,19-07-21,2021-07-19,"via Granelli 1,20099, Sesto San Giovanni, MI,Italia",Carroponte,Umberto Tozzi - Songs,https://www.teatro.it/spettacoli/sesto-san-giovanni/carroponte/2020-2021/umberto-tozzi-songs,Teatro e spettacolo,"Carroponte, 1, Via Luigi Granelli, Rondò, Torretta, Sesto San Giovanni, Zona Omogenea Milano Nord, Milano, Lombardia, 20099, Italia",45.529574,9.2209217,4
Concerti,19-07-21,2021-07-19,"Piazza Castello, Milano, MI",Castello Sforzesco,Jonathan Coe e l’Artchipel Orchestra in concerto per Estate Sforzesca: orari e biglietti,https://www.milanotoday.it/eventi/concerto-jonathan-coe-castello-sforzesco-biglietti.html,Musica e vita notturna,"Piazza Castello, Cerchia dei Navigli, Municipio 1, Milano, Lombardia, Italia",45.4704699,9.1819129,8
,20-07-21,2021-07-20,"Via Copernico, 38, Milano, MI",Copernico Milano Centrale,Startup Grind Milano ospita Giuseppe Sala,https://www.milanotoday.it/eventi/startup-grind-milano-ospita-giuseppe-sala-2021.html,Non classificato,"Copernico Centrale, 38, Via Copernico, Centrale, Municipio 2, Milano, Lombardia, 20124, Italia",45.4907106,9.2048489,0
,05-08-21,2021-07-20,"Via Valenza, 2, Milano, MI",Ride Milano,Fabio Weik ritorna al Ride Milano con Assembla Project,https://www.milanotoday.it/eventi/fabio-weik-ride-milano.html,Non classificato,"Via Valenza, Navigli, Municipio 6, Milano, Lombardia, 20144, Italia",45.4514071,9.1691656,6
Concerti,20-07-21,2021-07-20,"Via Riccardo Pitteri, 60, Milano, MI",Arena Milano Est,Godblesscomputers - Concerto di Lorenzo Nada all'Arena Milano Est,https://www.milanotoday.it/eventi/concerti/godblesscomputers-concerto-arena-milano-est.html,Musica e vita notturna,"Via Riccardo Pitteri, Lambrate, Municipio 3, Milano, Lombardia, 21771, Italia",45.4736333,9.2486288,7
Spettacoli,20-07-21,2021-07-20,"Via Ciro Menotti 11,20129, Milano, MI,Italia",Menotti,Italianesi,https://www.teatro.it/spettacoli/milano/menotti/2020-2021/italianesi,Teatro e spettacolo,"Teatro Menotti, 11, Via Ciro Menotti, Buenos Aires - Venezia, Municipio 3, Milano, Lombardia, 20129, Italia",45.4699775,9.2131112,0
Spettacoli,21-07-21,2021-07-21,"Via Ciro Menotti 11,20129, Milano, MI,Italia",Menotti,Masculu e Fìammina,https://www.teatro.it/spettacoli/milano/menotti/2020-2021/masculu-e-fiammina,Teatro e spettacolo,"Teatro Menotti, 11, Via Ciro Menotti, Buenos Aires - Venezia, Municipio 3, Milano, Lombardia, 20129, Italia",45.4699775,9.2131112,0
,31-07-21,2021-07-21,"Alzaia Naviglio Grande, 4, Milano, MI",Vi.P. Gallery Milano,"Daniele Piemontese e la mostra ""Nere consistenze""",https://www.milanotoday.it/eventi/daniele-piemontese-nere-consistenze.html,Non classificato,"4, Alzaia Naviglio Grande, Navigli, Municipio 6, Milano, Lombardia, 20144, Italia",45.4521916,9.1761844,6
Mostre,01-08-21,2021-07-21,"Via Valenza, Milano, MI",Ride Milano,Da Ride Milano una mostra gratis sul distanziamento sociale,https://www.milanotoday.it/eventi/mostra-ride-milano-assembla-project.html,Arte e cultura,"Via Valenza, Navigli, Municipio 6, Milano, Lombardia, 20144, Italia",45.4514071,9.1691656,6
Mostre,24-10-21,2021-07-21,"Piazza Castello, Milano, MI",Castello Sforzesco,"Al Castello Sforzesco la mostra ""Il Corpo e l’Anima, da Donatello a Michelangelo""",https://www.milanotoday.it/eventi/al-castello-sforzesco-la-mostra-il-corpo-e-l-anima-da-donatello-a-michelangelo.html,Arte e cultura,"Piazza Castello, Cerchia dei Navigli, Municipio 1, Milano, Lombardia, Italia",45.4704699,9.1819129,8
Spettacoli,21-07-21,2021-07-21,"Via Pier Lombardo 14,20135, Milano, MI,Italia",Franco Parenti - Sala Blu,La casa degli spiriti,https://www.teatro.it/spettacoli/milano/franco-parenti-sala-acomea/2020-2021/la-casa-degli-spiriti,Teatro e spettacolo,"Via Pier Lombardo, Porta Romana, Municipio 4, Milano, Lombardia, 20135, Italia",45.4542958,9.2063109,0
Mostra,24-10-21,2021-07-21,"Piazzale Castello, Milano, MI",Castello Sforzesco,L'anima e il corpo - Sculture del Rinascimento in Italia da Donatello a Michelangelo,,Arte e cultura,"Piazzale Luigi Cadorna, Cerchia dei Navigli, Municipio 1, Milano, Lombardia, 20123, Italia",45.4675214,9.1771143,8
Mostre,24-10-21,2021-07-21,"Piazza Castello, Milano, MI",Castello Sforzesco,"Da Donatello a Michelangelo, la scultura italiana al Castello Sforzesco",https://www.milanotoday.it/eventi/mostra-scultura-castello-sforzesco.html,Arte e cultura,"Piazza Castello, Cerchia dei Navigli, Municipio 1, Milano, Lombardia, Italia",45.4704699,9.1819129,8
Spettacoli,22-07-21,2021-07-22,"Via Ciro Menotti 11,20129, Milano, MI,Italia",Menotti,Le Olimpiadi del 1936,https://www.teatro.it/spettacoli/milano/menotti/2020-2021/le-olimpiadi-del-1936,Teatro e spettacolo,"Teatro Menotti, 11, Via Ciro Menotti, Buenos Aires - Venezia, Municipio 3, Milano, Lombardia, 20129, Italia",45.4699775,9.2131112,0
Teatri,23-07-21,2021-07-22,"Via Rovello, 2, Milano, MI",Chiostro Nina Vinchi,"Davide Enia, ""Madrigali di rivolta"": orari e biglietti",https://www.milanotoday.it/eventi/spettacolo-davide-enia-madrigali-di-rivolta.html,Teatro e spettacolo,"2, Via Rovello, Brera, Milano, Lombardia, 20121, Italia",45.4665188,9.1847651,8
Concerti,22-07-21,2021-07-22,"Piazza Castello, Milano, MI",Castello Sforzesco,I Negrita in concerto a Milano: orari e biglietti,https://www.milanotoday.it/eventi/concerto-negrita-castello-sforzesco-biglietti.html,Musica e vita notturna,"Piazza Castello, Cerchia dei Navigli, Municipio 1, Milano, Lombardia, Italia",45.4704699,9.1819129,8
Mostra,17-09-21,2021-07-22,"via Brera, 28, Milano, MI",Pinacoteca di Brera - Biblioteca Nazionale Braidense di Milano,Marino Darsa - Lo Shakespeare croato,,Arte e cultura,"Pinacoteca di Brera, 28, Via Brera, Cerchia dei Navigli, Municipio 1, Milano, Lombardia, 20121, Italia",45.4722421,9.1884071,8
Teatri,22-07-21,2021-07-22,"Via Riccardo Pitteri, 60, Milano, MI",Arena Milano Est,Debora Villa 20 di risate - Recital all'Arena Milano Est,https://www.milanotoday.it/eventi/teatro/20-risate-recital-debora-villa.html,Teatro e spettacolo,"Via Riccardo Pitteri, Lambrate, Municipio 3, Milano, Lombardia, 21771, Italia",45.4736333,9.2486288,7
Spettacoli,23-07-21,2021-07-23,"via Pier Lombardo,14,20135, Milano, MI,Italia",Franco Parenti - Sala Grande,Utoya,https://www.teatro.it/spettacoli/milano/franco-parenti-sala-grande/2020-2021/utoya,Teatro e spettacolo,"Via Pier Lombardo, Porta Romana, Municipio 4, Milano, Lombardia, 20135, Italia",45.4542958,9.2063109,0
Cibo e Vino,06-08-21,2021-07-23,"Via Fametta, 1, Milano, MI",Villa Arconati,A Villa Arconati la festa della birra artigianale sotto le stelle,https://www.milanotoday.it/eventi/birra-in-villa-a-villa-arconati-far.html,Enogastronomia,"1, Via Fametta, Via Trento, Castellazzo, Bollate, Milano, Lombardia, 20021, Italia",45.556757,9.0958021,1
Mostre,27-03-22,2021-07-23,"Piazza del Duomo, 8, Milano, MI",Museo del Novecento,Al Museo del Novecento oltre 100 opere di Mario Sironi,https://www.milanotoday.it/eventi/mostra-mario-sironi-museo-novecento.html,Arte e cultura,"8, Piazza del Duomo, Duomo, Municipio 1, Milano, Lombardia, 20123, Italia",45.4632949,9.1904599,8
Mostra,27-03-22,2021-07-23,"piazza Duomo, Milano, MI",Museo del Novecento di Milano,Mario Sironi - Sintesi e grandiosità,,Arte e cultura,"Piazza del Duomo, Duomo, Municipio 1, Milano, Lombardia, Italia",45.4639102,9.1906398,8
Spettacoli,23-07-21,2021-07-23,"Via Rovello,2,20121, Milano, MI,Italia",Piccolo Teatro - Chiostro Nina Vinchi,Davide Enia - Madrigali di rivolta,https://www.teatro.it/spettacoli/milano/piccolo-teatro-chiostro-nina-vinchi/2020-2021/davide-enia-madrigali-di-rivolta,Teatro e spettacolo,"2, Via Rovello, Brera, Milano, Lombardia, 20121, Italia",45.4665188,9.1847651,8
Mostre,27-03-22,2021-07-23,"Piazza del Duomo, 8, Milano, MI",Museo del Novecento,Al Museo del Novecento oltre 100 opere di Mario Sironi,https://www.milanotoday.it/eventi/mostra-mario-sironi-museo-novecento.html,Arte e cultura,"8, Piazza del Duomo, Duomo, Municipio 1, Milano, Lombardia, 20123, Italia",45.4632949,9.1904599,8
Spettacoli,23-07-21,2021-07-23,"Corso Buenos Aires,33,20124, Milano, MI,Italia",Teatro Elfo Puccini - sala Fassbinder,Nel guscio,https://www.teatro.it/spettacoli/milano/teatro-elfo-puccini-sala-fassbinder/2020-2021/nel-guscio,Teatro e spettacolo,"Teatro Elfo Puccini, 33, Corso Buenos Aires, Buenos Aires - Venezia, Municipio 3, Milano, Lombardia, 20124, Italia",45.4794317,9.2098387,0
Concerti,23-07-21,2021-07-23,"Piazza Castello, Milano, MI",Castello Sforzesco,I Subsonica in concerto da Estate Sforzesca: orari e biglietti,https://www.milanotoday.it/eventi/concerto-subsonica-castello-sforzesco-biglietti.html,Musica e vita notturna,"Piazza Castello, Cerchia dei Navigli, Municipio 1, Milano, Lombardia, Italia",45.4704699,9.1819129,8
Cinema,02-09-21,2021-07-23,"Viale Vittorio Veneto, 2, Milano, MI",Cineteca Milano Meet,Alla Cineteca una rassegna di film dedicati al grande regista polacco Kieslowski,https://www.milanotoday.it/eventi/film-kieslowski-cineteca.html,Arte e cultura,"Meet Digital Culture Center, 2, Viale Vittorio Veneto, Buenos Aires - Venezia, Municipio 3, Milano, Lombardia, 20124, Italia",45.4753303,9.2040729,0
Mostre,28-08-21,2021-07-24,"Via San Vittore, 21, Milano, MI",Museo Nazionale della Scienza e della Tecnologia,Il Museo della Scienza presenta le Collezioni di Studio,https://www.milanotoday.it/eventi/museo-scienza-presenta-collezioni-di-studio.html,Arte e cultura,"21, Via San Vittore, Magenta - San Vittore, Municipio 1, Milano, Lombardia, 20123, Italia",45.4628946,9.1706462,8
Disco&Feste,24-07-21,2021-07-24,"Viale Emilio Alemagna, 6, Milano, MI",La Triennale di Milano,In Triennale l'ultima festa di Le Cannibale prima della pausa estiva,https://www.milanotoday.it/eventi/triennale-festa-le-cannibale-prima-della-pausa-estiva.html,Musica e vita notturna,"Triennale Design Museum, 6, Viale Emilio Alemagna, Parco Sempione, Municipio 1, Milano, Lombardia, 20121, Italia",45.4721477,9.1734894,2
Disco&Feste,24-07-21,2021-07-24,"Viale Emilio Alemagna, 6, Milano, MI",La Triennale di Milano,In Triennale una nuova festa di Le Cannibale,https://www.milanotoday.it/eventi/festa-le-cannibale-triennale.html,Musica e vita notturna,"Triennale Design Museum, 6, Viale Emilio Alemagna, Parco Sempione, Municipio 1, Milano, Lombardia, 20121, Italia",45.4721477,9.1734894,2
Spettacoli,24-07-21,2021-07-24,"Corso Magenta 24,20123, Milano, MI,Italia",MTM - Litta,Getsèmani (secondo cammino),https://www.teatro.it/spettacoli/milano/mtm-litta/2020-2021/getsemani-secondo-cammino,Teatro e spettacolo,"Boccascena Cafè, 24, Corso Magenta, Cerchia dei Navigli, Municipio 1, Milano, Lombardia, 20123, Italia",45.466045,9.1778296,8
Incontri,25-07-21,2021-07-25,"Via Fametta, 1, Milano, MI",Villa Arconati-FAR,A Villa Arconati la voce di Massimiliano Finazzer Flory racconta il giardino delle meraviglie,https://www.milanotoday.it/eventi/passeggiata-villa-arconati-con-racconto-di-massimiliano-finazzer-flory.html,Formazione e networking,"1, Via Fametta, Via Trento, Castellazzo, Bollate, Milano, Lombardia, 20021, Italia",45.556757,9.0958021,1
,25-07-21,2021-07-25,"Via Giuseppe Garibaldi, 9, Milano, MI",Civico 9,Forze speciali: dialogo tra pace e guerra,https://www.milanotoday.it/eventi/forze-speciali-dialogo-2021.html,Non classificato,"9, Via Giuseppe Garibaldi, Cernusco sul Naviglio, Milano, Lombardia, 20063, Italia",45.525129,9.3310368,3
Teatri,25-07-21,2021-07-25,"Piazza Castello, Milano, MI",Castello Sforzesco,Zelig show e un corso di scrittura creativa da Estate Sforzesca,https://www.milanotoday.it/eventi/spettacolo-zelig-estate-sforzesca-2021.html,Teatro e spettacolo,"Piazza Castello, Cerchia dei Navigli, Municipio 1, Milano, Lombardia, Italia",45.4704699,9.1819129,8
Moda,01-08-21,2021-07-26,"Via Alessandro Volta, 7A, Milano, MI",Moscova District Market,"Secret Market, oltre i saldi. Fino a domenica 1 agosto più di top 30 brand all’80% e al 90%",https://www.milanotoday.it/eventi/sconti-moda-moscova.html,Mercati e shopping,"7a, Via Alessandro Volta, Brera, Municipio 1, Milano, Lombardia, 20121, Italia",45.4794117,9.1836722,8
Teatri,29-07-21,2021-07-26,"Via Pier Lombardo, Milano, MI",Teatro Franco Parenti,"Al Franco Parenti lo spettacolo ""Feroci"", dedicato ai temi LGBTQ",https://www.milanotoday.it/eventi/spettacolo-feroci-franco-parenti.html,Teatro e spettacolo,"Via Pier Lombardo, Porta Romana, Municipio 4, Milano, Lombardia, 20135, Italia",45.4542958,9.2063109,0
Spettacoli,27-07-21,2021-07-27,"Via Carlo Botta,18,20135, Milano, MI,Italia",Franco Parenti - Bagni Misteriosi,Questioni di cuore,https://www.teatro.it/spettacoli/milano/franco-parenti-bagni-misteriosi/2020-2021/questioni-di-cuore,Teatro e spettacolo,"18, Via Carlo Botta, Porta Romana, Municipio 4, Milano, Lombardia, 20135, Italia",45.4537805,9.2050141,0
Incontri,27-07-21,2021-07-27,"Via Palestro, 14, Milano, MI",PAC - Padiglione d’arte contemporanea,Al Pac una visita guidata gratuita in memoria della strage di via Palestro,https://www.milanotoday.it/eventi/visita-guidata-gratuita-pac-per-ricordo-strage-via-palestro.html,Formazione e networking,"14, Via Palestro, Guastalla, Municipio 1, Milano, Lombardia, 20121, Italia",45.4729115,9.1995282,8
Incontri,27-07-21,2021-07-27,"Viale Emilio Alemagna, 6, Milano, MI",La Triennale di Milano,"Triennale Estate, dialogo con il dantista Manuele Gragnolati sul mistero in Dante",https://www.milanotoday.it/eventi/triennale-estate-dialogo-con-dantista-manuele-gragnolati.html,Formazione e networking,"Triennale Design Museum, 6, Viale Emilio Alemagna, Parco Sempione, Municipio 1, Milano, Lombardia, 20121, Italia",45.4721477,9.1734894,2
Spettacoli,28-07-21,2021-07-28,"v. Cavallari 4,20013, Magenta, MI,Italia",Lirico,Pigiama per sei,https://www.teatro.it/spettacoli/magenta/lirico/2020-2021/pigiama-per-sei,Teatro e spettacolo,"Via Brenno Cavallari, Magenta, Milano, Lombardia, 20013, Italia",45.4684657,8.8853001,5
Teatri,30-07-21,2021-07-29,"Via Rovello, 2, Milano, MI",Chiostro Nina Vinchi,"Estate al Piccolo: al Chiostro Nina Vinchi lo spettacolo ""Dove sogna la mosca giravite""",https://www.milanotoday.it/eventi/spettacolo-chiostro-nina-vinchi-piccolo-teatro.html,Teatro e spettacolo,"2, Via Rovello, Brera, Milano, Lombardia, 20121, Italia",45.4665188,9.1847651,8
Spettacoli,29-07-21,2021-07-29,"via Pier Lombardo,14,20135, Milano, MI,Italia",Franco Parenti - Sala Grande,Feroci,https://www.teatro.it/spettacoli/milano/franco-parenti-sala-grande/2020-2021/feroci,Teatro e spettacolo,"Via Pier Lombardo, Porta Romana, Municipio 4, Milano, Lombardia, 20135, Italia",45.4542958,9.2063109,0
Incontri,30-07-21,2021-07-30,"Via Monte Rosa, 81, Milano, MI",Pime,Al Centro Pime un racconto di fantasia per i bambini,https://www.milanotoday.it/eventi/laboratorio-centro-pime-per-bambini-30-luglio.html,Formazione e networking,"Museo Popoli e Culture, 81, Via Monte Rosa, De Angeli - Monte Rosa, Municipio 7, Milano, Lombardia, 20149, Italia",45.47615,9.1470053,2
Disco&Feste,01-08-21,2021-07-30,"Via Bovisasca, 59, Milano, MI",Spirit de Milan,"Spirit de Milan, il programma del weekend tra musica e concerti",https://www.milanotoday.it/eventi/spirit-de-milan-programma-weekend-fine-luglio.html,Musica e vita notturna,"Spirit de Milan, 59, Via Bovisasca, Bovisa, Municipio 9, Milano, Lombardia, 20157, Italia",45.5067143,9.1584748,2
Concerti,31-07-21,2021-07-31,"Via Circonvallazione Idroscalo, Milano, MI",Circolo Magnolia,I Mellow Mood in concerto al Magnolia: orari e biglietti,https://www.milanotoday.it/eventi/concerto-mellow-mood-magnolia-orari-biglietti.html,Musica e vita notturna,"Via Circonvallazione Idroscalo, Redecesio, Novegro, Segrate, Milano, Lombardia, 20054, Italia",45.469716,9.2854959,7
Disco&Feste,31-07-21,2021-07-31,"Via Valenza, Milano, MI",Ride Milano,Da Ride Milano una festa gratis dedicata alla musica londinese,https://www.milanotoday.it/eventi/bando-party-ride-milano.html,Musica e vita notturna,"Via Valenza, Navigli, Municipio 6, Milano, Lombardia, 20144, Italia",45.4514071,9.1691656,6
,31-07-21,2021-07-31,"Piazza Castello, Milano, MI",Cortile delle Armi del Castello Sforzesco,Tiresia a estate sforzesca 2021,https://www.milanotoday.it/eventi/tiresia-2021.html,Non classificato,"Piazza Castello, Cerchia dei Navigli, Municipio 1, Milano, Lombardia, Italia",45.4704699,9.1819129,8
Concerti,01-08-21,2021-08-01,"Piazzale Lorenzo Lotto, 15, Milano, MI",Lido Milano,Al Lido Milano un concerto del Trio Rose di Maggio,https://www.milanotoday.it/eventi/concerto-trio-rose-di-maggio-lido-milano-live.html,Musica e vita notturna,"Piazzale Lorenzo Lotto, Qt 8, QT8, Municipio 8 di Milano, Milano, Lombardia, 20148, Italia",45.4804349,9.1421757,2
Mostre,31-08-21,2021-08-01,"Via San Vittore, 21, Milano, MI",Museo Nazionale della Scienza e della Tecnologia,Laboratori per bambini e mostre fotografiche: tutte le novità estive del Museo della Scienza,https://www.milanotoday.it/eventi/laboratori-bambini-mostre-fotografiche-museo-scienza.html,Arte e cultura,"21, Via San Vittore, Magenta - San Vittore, Municipio 1, Milano, Lombardia, 20123, Italia",45.4628946,9.1706462,8
evento solo on-line,31-07-22,2021-08-02,"Via Filodrammatici,  2, Milano, MI",Teatro la Scala,"Caruso, Corelli e Di Stefano: la mostra online della Scala sui tre grandi tenori italiani",,Eventi digitali,"2, Via Filodrammatici, Brera, Milano, Lombardia, 20121, Italia",45.4673781,9.188701,8
Manifestazioni,31-08-21,2021-08-02,"Via Bergognone, 34, Milano, MI",Base Milano,"Agosto da Base, tutti gli appuntamenti di musica all'aperto",https://www.milanotoday.it/eventi/programma-agosto-2021-base.html,Altri eventi,"Wikimedia Italia, 34, Via Bergognone Da Fossano, Tortona, Municipio 6, Milano, Lombardia, 20144, Italia",45.4518657,9.1625146,6
Concerti,08-08-21,2021-08-02,"Piazza Castello, Milano, MI",Castello Sforzesco,"Estate Sforzesca, il programma dal 2 all'8 agosto",https://www.milanotoday.it/eventi/estate-sforzesca-programma-2-8-agosto.html,Musica e vita notturna,"Piazza Castello, Cerchia dei Navigli, Municipio 1, Milano, Lombardia, Italia",45.4704699,9.1819129,8
Teatri,02-08-21,2021-08-02,"Corso di Porta Ticinese, 95, Milano, MI",Chiostro del Museo Diocesano,L'ultimo spettacolo del mitico micro teatro-apecar a Milano,https://www.milanotoday.it/eventi/teatro-apecar-milano.html,Teatro e spettacolo,"95, Corso di Porta Ticinese, Ticinese, Municipio 1, Milano, Lombardia, 20123, Italia",45.4550676,9.1813468,8
Spettacoli,03-08-21,2021-08-03,"Piazza Castello,20121, Milano, MI,Italia",Castello Sforzesco,La vie en rose...Bolèro,https://www.teatro.it/spettacoli/milano/castello-sforzesco/2020-2021/la-vie-en-rosebolero,Teatro e spettacolo,"Piazza Castello, Cerchia dei Navigli, Municipio 1, Milano, Lombardia, 20121, Italia",45.4695821,9.1817374,8
Hobby,31-08-21,2021-08-04,"Via Circonvallazione Idroscalo, Milano, MI",Idroscalo,Divertimento all'Acqua Play e piscina Punta dell'Est dell'Idroscalo. Come avere biglietti scontati,https://www.milanotoday.it/eventi/biglietti-scontati-idroscalo-piscina-punta-est.html,Altri eventi,"Via Circonvallazione Idroscalo, Redecesio, Novegro, Segrate, Milano, Lombardia, 20054, Italia",45.469716,9.2854959,7
Teatri,05-08-21,2021-08-05,"Via Riccardo Pitteri, 60, Milano, MI",Arena Milano Est,Vivere di Leonardo Manera all'Arena Milano Est,https://www.milanotoday.it/eventi/teatro/vivere-leonardo-manera.html,Teatro e spettacolo,"Via Riccardo Pitteri, Lambrate, Municipio 3, Milano, Lombardia, 21771, Italia",45.4736333,9.2486288,7
Cinema,02-09-21,2021-08-06,"Viale Vittorio Veneto, 2, Milano, MI",Cineteca Milano Meet,I capolavori della Nouvelle Vague in una nuova rassegna alla Cineteca di Milano,https://www.milanotoday.it/eventi/film-nouvelle-vague-truffaut-cineteca.html,Arte e cultura,"Meet Digital Culture Center, 2, Viale Vittorio Veneto, Buenos Aires - Venezia, Municipio 3, Milano, Lombardia, 20124, Italia",45.4753303,9.2040729,0
,08-08-21,2021-08-08,"Via Forze Armate, 170, Milano, MI",Centro Sportivo Visconti,"A Milano si celebra la festa nazionale di ""mi lindo ecuador""",https://www.milanotoday.it/eventi/festa-nazionale-ecuador.html,Non classificato,"Via Forze Armate, Lucernate, Rho, Milano, Lombardia, 20017, Italia",45.5161303,9.0252377,1
Cinema,22-08-21,2021-08-09,"Via Riccardo Pitteri, 58, Milano, MI",Arena Milano Est,"Arena Milano Est, in arrivo due festival di cinema per tutto il mese di agosto",https://www.milanotoday.it/eventi/festival-film-cinema-arena-milano-est.html,Arte e cultura,"Via Riccardo Pitteri, Lambrate, Municipio 3, Milano, Lombardia, 21771, Italia",45.4736333,9.2486288,7
Concerti,12-08-21,2021-08-12,"Via Luigi Bertelli, 44, Milano, MI",Cascina Martesana,Cascina Martesana: a night… ‘fuori luogo’ con Luciano Nardozza,https://www.milanotoday.it/eventi/cascina-martesana-a-night-2021.html,Musica e vita notturna,"44, Via Luigi Bertelli, Padova, Municipio 2, Milano, Lombardia, 20127, Italia",45.5034872,9.2291731,4
Manifestazioni,14-08-22,2021-08-14,"Largo Greppi, 1, Milano, MI",Piccolo Teatro Strehler,Il Piccolo Teatro festeggia i cento anni della nascita di Giorgio Strehler con un ricco programma di eventi,https://www.milanotoday.it/eventi/piccolo-teatro-festeggia-cento-anni-nascita-strehler.html,Altri eventi,"Largo Antonio Greppi, Cerchia dei Navigli, Municipio 1, Milano, Lombardia, 20121, Italia",45.471727,9.1826196,8
Manifestazioni,14-08-22,2021-08-14,"Largo Greppi, 1, Milano, MI",Piccolo Teatro Strehler,Il Piccolo Teatro festeggia i cento anni della nascita di Giorgio Strehler con un ricco programma di eventi,https://www.milanotoday.it/eventi/piccolo-teatro-festeggia-cento-anni-nascita-strehler.html,Altri eventi,"Largo Antonio Greppi, Cerchia dei Navigli, Municipio 1, Milano, Lombardia, 20121, Italia",45.471727,9.1826196,8
Altro,15-08-21,2021-08-14,"via Brera, 28, Milano, MI",Pinacoteca di Brera,Ferragosto alla Pinacoteca di Brera,,Altri eventi,"Pinacoteca di Brera, 28, Via Brera, Cerchia dei Navigli, Municipio 1, Milano, Lombardia, 20121, Italia",45.4722421,9.1884071,8
Incontri,15-08-21,2021-08-15,"Corso Magenta, 15, Milano, MI",Civico Museo Archeologico,Alla scoperta del Ferragosto al Civico Museo Archeologico,https://www.milanotoday.it/eventi/cosa-fare-milano-ferragosto-2021.html,Formazione e networking,"Civico museo archeologico di Milano, 15, Corso Magenta, Cerchia dei Navigli, Municipio 1, Milano, Lombardia, 20123, Italia",45.465621,9.1787191,8
,15-08-21,2021-08-15,"Piazza della Scala, 6, Milano, MI",Gallerie d'Italia,Le Gallerie d'Italia di Milano resteranno aperte (gratis) a Ferragosto,https://www.milanotoday.it/eventi/ferragosto-2021-cosa-fare.html,Non classificato,"Gallerie d'Italia, 6, Piazza della Scala, Duomo, Municipio 1, Milano, Lombardia, 20121, Italia",45.467265,9.1905257,8
Incontri,15-08-21,2021-08-15,"Via Fametta, 1, Milano, MI",Villa Arconati-FAR,A Villa Arconati-Far un Ferragosto speciale con visite guidate alla villa e al giardino,https://www.milanotoday.it/eventi/ferragosto-villa-arconati-far.html,Formazione e networking,"1, Via Fametta, Via Trento, Castellazzo, Bollate, Milano, Lombardia, 20021, Italia",45.556757,9.0958021,1
Concerto,21-08-21,2021-08-21,"Piazzale Castello, Milano, MI",Castello Sforzesco,"Fabius Constable & Celtic Harp Orchestra  ""Tutte quelle Vive Luci """,,Musica e vita notturna,"Piazzale Luigi Cadorna, Cerchia dei Navigli, Municipio 1, Milano, Lombardia, 20123, Italia",45.4675214,9.1771143,8
Spettacoli,24-08-21,2021-08-24,"Piazza Castello,20121, Milano, MI,Italia",Castello Sforzesco,Dopodiché stasera mi butto,https://www.teatro.it/spettacoli/milano/castello-sforzesco/2020-2021/dopodiche-stasera-mi-butto,Teatro e spettacolo,"Piazza Castello, Cerchia dei Navigli, Municipio 1, Milano, Lombardia, 20121, Italia",45.4695821,9.1817374,8
Cinema,28-09-21,2021-08-24,"Piazza Sant' Angelo, Milano, MI",,Il cinema all'aperto gratis a Milano (ma serve il green pass): tutti i film e il calendario,https://www.milanotoday.it/eventi/cinema-aperto-gratis-piazza-sant-angelo.html,Arte e cultura,"Piazza Sant'Angelo, Brera, Municipio 1, Milano, Lombardia, 20100, Italia",45.47602,9.1921123,8
Teatri,26-08-21,2021-08-26,"Via Riccardo Pitteri, 60, Milano, MI",Arena Milano Est,Fakeminismo di Daniele Fabbri all'Arena Milano Est,https://www.milanotoday.it/eventi/teatro/fakeminismo-fabbri-arena-milano-est.html,Teatro e spettacolo,"Via Riccardo Pitteri, Lambrate, Municipio 3, Milano, Lombardia, 21771, Italia",45.4736333,9.2486288,7
Concerti,28-08-21,2021-08-28,"Via Luigi Granelli, Milano, MI",Carroponte,Concerto Roby Facchinetti al Carroponte,https://www.milanotoday.it/eventi/concerto-roby-facchinetti-presso-carroponte-2021.html,Musica e vita notturna,"Via Luigi Granelli, Isola del Bosco, Torretta, Sesto San Giovanni, Zona Omogenea Milano Nord, Milano, Lombardia, 20099, Italia",45.5306451,9.2251348,4
Concerti,29-08-21,2021-08-29,"Piazza Castello, Milano, MI",Castello Sforzesco,A Milano un super concerto omaggio allo straordinario Astor Piazzolla,https://www.milanotoday.it/eventi/concerto-astor-piazzolla.html,Musica e vita notturna,"Piazza Castello, Cerchia dei Navigli, Municipio 1, Milano, Lombardia, Italia",45.4704699,9.1819129,8
Disco&Feste,29-08-21,2021-08-29,"Viale Emilio Alemagna, 6, Milano, MI",Triennale,In Triennale tornano le feste di Le Cannibale dopo la pausa estiva,https://www.milanotoday.it/eventi/festa-le-cannibale-triennale-dario-rossi.html,Musica e vita notturna,"Triennale Design Museum, 6, Viale Emilio Alemagna, Parco Sempione, Municipio 1, Milano, Lombardia, 20121, Italia",45.4721477,9.1734894,2
Incontri,29-08-21,2021-08-29,"Via Lario, 47, Milano, MI",My Way,"Fiera del disco a Gallarate, ingresso gratis",https://www.milanotoday.it/eventi/fiera-del-disco-gallarate-ingresso-gratis.html,Formazione e networking,"Via Lario, Isola, Municipio 9, Milano, Lombardia, 20159, Italia",45.4931293,9.1905909,2
Manifestazioni,05-09-21,2021-08-30,"Piazza Castello, Milano, MI",Castello Sforzesco,"Estate Sforzesca, tutti gli appuntamenti dal 30 agosto al 5 settembre",https://www.milanotoday.it/eventi/estate-sforzesca-programma-settembre-2021.html,Altri eventi,"Piazza Castello, Cerchia dei Navigli, Municipio 1, Milano, Lombardia, Italia",45.4704699,9.1819129,8
Concerti,30-08-21,2021-08-30,"Via Circonvallazione Idroscalo, Milano, MI",Circolo Magnolia,I Ministri in concerto al Magnolia: orari e biglietti,https://www.milanotoday.it/eventi/concerto-ministri-magnolia-biglietti.html,Musica e vita notturna,"Via Circonvallazione Idroscalo, Redecesio, Novegro, Segrate, Milano, Lombardia, 20054, Italia",45.469716,9.2854959,7
Spettacoli,31-08-21,2021-08-31,"Via Carlo Botta,18,20135, Milano, MI,Italia",Franco Parenti - Bagni Misteriosi,Scritto sul mio corpo,https://www.teatro.it/spettacoli/milano/franco-parenti-bagni-misteriosi/2020-2021/scritto-sul-mio-corpo,Teatro e spettacolo,"18, Via Carlo Botta, Porta Romana, Municipio 4, Milano, Lombardia, 20135, Italia",45.4537805,9.2050141,0
Incontri,01-09-21,2021-08-31,"Via Lovanio, 6, Milano, MI",Amy-d Arte Spazio,Make art 2021,https://www.milanotoday.it/eventi/make-art-2021-raimondo-sandri.html,Formazione e networking,"6, Via Lovanio, Brera, Municipio 1, Milano, Lombardia, 20121, Italia",45.4766942,9.1861782,8
Teatri,31-08-21,2021-08-31,"Via Pier Lombardo, Milano, MI",Bagni Misteriosi,"Ai Bagni Misteriosi lo spettacolo ""Scritto sul mio corpo""",https://www.milanotoday.it/eventi/spettacolo-bagni-misteriosi-scritto-sul-mio-corpo.html,Teatro e spettacolo,"Via Pier Lombardo, Porta Romana, Municipio 4, Milano, Lombardia, 20135, Italia",45.4542958,9.2063109,0
Concerti,31-08-21,2021-08-31,"Via Riccardo Pitteri, 60, Milano, MI",Arena Milano Est,Donatella Rettore in concerto all'Arena Milano Est,https://www.milanotoday.it/eventi/concerti/donatella-rettore-concerto-arena-milano-est.html,Musica e vita notturna,"Via Riccardo Pitteri, Lambrate, Municipio 3, Milano, Lombardia, 21771, Italia",45.4736333,9.2486288,7
Teatri,09-09-21,2021-09-01,"Via Rovello, 2, Milano, MI",Chiostro Nina Vinchi,Estate al Piccolo Teatro: gli appuntamenti al Chiostro Nina Vinchi,https://www.milanotoday.it/eventi/appuntamenti-piccolo-teatro-chiostro-nina-vinchi-settembre-2021.html,Teatro e spettacolo,"2, Via Rovello, Brera, Milano, Lombardia, 20121, Italia",45.4665188,9.1847651,8
,30-09-21,2021-09-01,"Via Luigi Canonica, 38, Milano, MI",Art Studio 38,"Viaggio nel tempo, in mostra a Milano l'arte di Claudio Onorato",https://www.milanotoday.it/eventi/claudio-onorato-mostra.html,Non classificato,"38, Via Luigi Canonica, Sarpi, Municipio 1, Milano, Lombardia, 20154, Italia",45.4792227,9.1739287,2
Cibo e Vino,05-09-21,2021-09-02,"Via Circonvallazione Idroscalo, 37, Milano, MI",Idroscalo,Arriva all'Idroscalo la XV tappa della  V Edizione dell'International Streetfood,https://www.milanotoday.it/eventi/idroscalo-international-streetfood.html,Enogastronomia,"Via Circonvallazione Idroscalo, Redecesio, Novegro, Segrate, Milano, Lombardia, 20054, Italia",45.469716,9.2854959,7
Spettacoli,02-09-21,2021-09-02,"via Granelli 1,20099, Sesto San Giovanni, MI,Italia",Carroponte,Extraliscio: E' bello perdersi - Tour d'Italie,https://www.teatro.it/spettacoli/sesto-san-giovanni/carroponte/2021-2022/extraliscio-e-bello-perdersi-tour-ditalie,Teatro e spettacolo,"Carroponte, 1, Via Luigi Granelli, Rondò, Torretta, Sesto San Giovanni, Zona Omogenea Milano Nord, Milano, Lombardia, 20099, Italia",45.529574,9.2209217,4
Teatri,02-09-21,2021-09-02,"Via Riccardo Pitteri, 60, Milano, MI",Arena Milano Est,Germano Lanzoni in Di Persona è un altro all'Arena Milano Est,https://www.milanotoday.it/eventi/teatro/germano-lanzoni-di-persona-e-un-altro.html,Teatro e spettacolo,"Via Riccardo Pitteri, Lambrate, Municipio 3, Milano, Lombardia, 21771, Italia",45.4736333,9.2486288,7
Mostra,02-02-22,2021-09-02,"Via delle Scienze, Milano, MI",Palazzo Paradiso - Biblioteca Ariostea,Manoscritti e antiche edizioni esposti in biblioteca Ariostea,,Arte e cultura,"Via delle Scienze, Binasco, Unione dei Comuni I Fontanili, Milano, Lombardia, 20082, Italia",45.3329665,9.0877409,9
Mostra,13-02-22,2021-09-02,"via Tortona,  56, Milano, MI",Mudec -  Museo delle culture,DISNEY L’arte di raccontare storie senza tempo,,Arte e cultura,"Mudec, 56, Via Tortona, Tortona, Municipio 6, Milano, Lombardia, 20144, Italia",45.4520455,9.1613185,6
Mostre,13-02-22,2021-09-02,"Via Tortona, Milano, MI",Mudec - Museo delle Culture,A Milano la mostra sui capolavori Disney,https://www.milanotoday.it/eventi/mostra-disney.html,Arte e cultura,"Via Tortona, Tortona, Municipio 6, Milano, Lombardia, 20143, Italia",45.4501842,9.1562356,6
Mostre,13-02-22,2021-09-02,"Via Tortona, Milano, MI",Mudec - Museo delle Culture,A Milano la mostra sui capolavori Disney,https://www.milanotoday.it/eventi/mostra-disney.html,Arte e cultura,"Via Tortona, Tortona, Municipio 6, Milano, Lombardia, 20143, Italia",45.4501842,9.1562356,6
Cibo e Vino,02-09-22,2021-09-02,"Piazza Duca d'Aosta, Milano, MI",Mercato Centrale,A Milano apre il Mercato Centrale: 4.500 metri quadri dove mangiare i piatti tipici della tradizione italiana,https://www.milanotoday.it/eventi/apertura-mercato-centrale-milano.html,Enogastronomia,"Piazza Duca d'Aosta, Centrale, Municipio 2, Milano, Lombardia, 20124, Italia",45.4848412,9.2032441,0
Cibo e Vino,02-09-22,2021-09-02,"Piazza Duca d'Aosta, Milano, MI",Mercato Centrale,A Milano apre il Mercato Centrale: 4.500 metri quadri dove mangiare i piatti tipici della tradizione italiana,https://www.milanotoday.it/eventi/apertura-mercato-centrale-milano.html,Enogastronomia,"Piazza Duca d'Aosta, Centrale, Municipio 2, Milano, Lombardia, 20124, Italia",45.4848412,9.2032441,0
Teatri,05-09-21,2021-09-03,"Via Rovello, 2, Milano, MI",Piccolo Teatro Grassi,"Al Piccolo Teatro lo spettacolo ""Distant Lights from Dark Places"" racconta l'estinzione delle relazioni",https://www.milanotoday.it/eventi/distant-lights-from-dark-places-spettacolo-piccolo-teatro.html,Teatro e spettacolo,"2, Via Rovello, Brera, Milano, Lombardia, 20121, Italia",45.4665188,9.1847651,8
Mostre,17-09-21,2021-09-03,"Via Carlo Tenca, 11, Milano, MI",Galleria Cael,Art walkway,https://www.milanotoday.it/eventi/art-walkway-2021.html,Arte e cultura,"11, Via Carlo Tenca, Centrale, Municipio 2, Milano, Lombardia, 20124, Italia",45.4806693,9.2017813,0
Mostra,07-11-21,2021-09-03,"Piazza della Scala, Milano, MI",Gallerie d'Italia,Passo a due. Roberto Bolle | Giovanni Gastel,,Arte e cultura,"Piazza della Scala, Duomo, Municipio 1, Milano, Lombardia, 20121, Italia",45.466898,9.1896608,8
Concerti,03-09-21,2021-09-03,"Piazza Castello, Milano, MI",Castello Sforzesco,I Coma_Cose in concerto da Estate Sforzesca: orari e biglietti,https://www.milanotoday.it/eventi/concerto-coma_cose-estate-sforzesca-biglietti.html,Musica e vita notturna,"Piazza Castello, Cerchia dei Navigli, Municipio 1, Milano, Lombardia, Italia",45.4704699,9.1819129,8
Manifestazioni,12-09-21,2021-09-04,"Via Bergognone, 34, Milano, MI",Base Milano,"Design Week, Base presenta “We Will Design” per progettare un futuro più sostenibile",https://www.milanotoday.it/eventi/salone-del-mobile/design-week-base-presenta-we-will-design.html,Altri eventi,"Wikimedia Italia, 34, Via Bergognone Da Fossano, Tortona, Municipio 6, Milano, Lombardia, 20144, Italia",45.4518657,9.1625146,6
Concerti,04-09-21,2021-09-04,"Via Luigi Granelli, 1, Milano, MI",Carroponte,Davide Van De Sfroos in concerto a Milano: orari e biglietti,https://www.milanotoday.it/eventi/concerto-davide-van-de-sfroos-carroponte.html,Musica e vita notturna,"Carroponte, 1, Via Luigi Granelli, Rondò, Torretta, Sesto San Giovanni, Zona Omogenea Milano Nord, Milano, Lombardia, 20099, Italia",45.529574,9.2209217,4
Cinema,12-09-21,2021-09-04,"Via Seneca, 6, Milano, MI",Il Cinemino,Al Cinemino un weekend di film dedicati ai rapporti umani,https://www.milanotoday.it/eventi/cinemino-weekend-di-film-sui-rapporti-umani.html,Arte e cultura,"Il Cinemino, 6, Via Seneca, Porta Romana, Municipio 4, Milano, Lombardia, 20135, Italia",45.4541227,9.2083301,0
Manifestazioni,10-09-21,2021-09-04,"Via Brera, Milano, MI",,"Brera Design Week 2021, il design riparte da Milano con oltre 90 eventi",https://www.milanotoday.it/eventi/salone-del-mobile/brera-design-week-2021-eventi.html,Altri eventi,"Via Brera, Cerchia dei Navigli, Municipio 1, Milano, Lombardia, 20121, Italia",45.4719318,9.1876183,8
Disco&Feste,04-09-21,2021-09-04,"Via Valenza, 2, Milano, MI",Ride Milano,Una festa (gratis) di Le Cannibale da Ride Milano sui Navigli,https://www.milanotoday.it/eventi/festa-musica-le-cannibale-ride-milano-navigli.html,Musica e vita notturna,"Via Valenza, Navigli, Municipio 6, Milano, Lombardia, 20144, Italia",45.4514071,9.1691656,6
Mostre,10-09-21,2021-09-04,"Piazza Gino Valle, Milano, MI",Alpha District,Hysteria,https://www.milanotoday.it/eventi/hysteria-vari-2021.html,Arte e cultura,"Piazza Gino Valle, Portello, Municipio 8 di Milano, Milano, Lombardia, 20149, Italia",45.4858141,9.1474744,2
Mostre,12-09-21,2021-09-04,"Viale Emilio Alemagna, 6, Milano, MI",La Triennale di Milano,In Triennale una nuova mostra dedicata al rapporto tra il Salone e la città,https://www.milanotoday.it/eventi/salone-del-mobile/mostra-triennale-il-salone-e-la-citta.html,Arte e cultura,"Triennale Design Museum, 6, Viale Emilio Alemagna, Parco Sempione, Municipio 1, Milano, Lombardia, 20121, Italia",45.4721477,9.1734894,2
,10-09-21,2021-09-04,"Viale dell'Innovazione, 20, Milano, MI",Teatro degli Arcimboldi,Al Teatro Arcimboldi si scoprono i luoghi segreti dei grandi artisti,https://www.milanotoday.it/eventi/vietato-ingresso-teatro-arcimboldi.html,Non classificato,"20, Viale dell'Innovazione, Bicocca, Municipio 9, Milano, Lombardia, 20125, Italia",45.5148696,9.2135963,4
Manifestazioni,04-09-21,2021-09-04,"Viale Gabriele D'Annunzio, Milano, MI",Darsena,Le incredibili evoluzioni del wakeboard arrivano in Darsena a Milano,https://www.milanotoday.it/eventi/wakeboard-darsena-4-settembre-2021.html,Altri eventi,"Viale Gabriele d'Annunzio, Navigli, Municipio 1, Milano, Lombardia, 20123, Italia",45.453777,9.176252,6
,05-09-21,2021-09-05,"Via Luigi Granelli, 1, Milano, MI",Carroponte,Al Carroponte il IV Raduno Timido con Ruggero de I Timidi,https://www.milanotoday.it/eventi/concerto-ruggero-dei-timidi-carroponte.html,Non classificato,"Carroponte, 1, Via Luigi Granelli, Rondò, Torretta, Sesto San Giovanni, Zona Omogenea Milano Nord, Milano, Lombardia, 20099, Italia",45.529574,9.2209217,4
,10-09-21,2021-09-05,"Via Privata Giovanni Ventura, 14, Milano, MI",,In occasione del fuori salone 5-10 settembre 2021 designed by Simone Micheli,https://www.milanotoday.it/eventi/salone-del-mobile/fuorisalone-2021-evento-micheli.html,Non classificato,"Via Giovanni Ventura, Lambrate, Municipio 3, Milano, Lombardia, 20134, Italia",45.4840607,9.2431286,7
,10-09-21,2021-09-05,"Via Amatore Sciesa, 3, Milano, MI",One Works,Fuorisalone design week edition 2021:  “Painting the world with sustainability”,https://www.milanotoday.it/eventi/painting-the-world-with-sustainability.html,Non classificato,"One Works, 3, Via Amatore Sciesa, XXII Marzo, Municipio 4, Milano, Lombardia, 20135, Italia",45.4615556,9.2106151,0
Manifestazioni,10-09-21,2021-09-05,"Via Pastrengo, Milano, MI",Quartiere Isola,"Design Week 2021, che cosa vedere nel quartiere Isola",https://www.milanotoday.it/eventi/salone-del-mobile/design-week-cosa-vedere-nel-quartiere-isola.html,Altri eventi,"Via Pastrengo, Isola, Municipio 9, Milano, Lombardia, 20159, Italia",45.4866847,9.1860306,2
Concerto,05-09-21,2021-09-05,"via Gaetano de Castillia, 28, Milano, MI",Biblioteca degli Alberi,Back to the city concert,,Musica e vita notturna,"28, Via Gaetano De Castillia, Isola, Municipio 9, Milano, Lombardia, 20124, Italia",45.4857844,9.192789,8
Incontri,08-09-21,2021-09-05,"Via Genova Thaon di Revel, 21, Milano, MI",Fonderia Napoleonica Eugenia,Cupra lifeplace,https://www.milanotoday.it/eventi/salone-del-mobile/cupra-lifeplace-2021.html,Formazione e networking,"Fonderia Napoleonica Eugenia, 21, Via Genova Thaon Di Revel, Isola, Municipio 9, Milano, Lombardia, 20159, Italia",45.4929581,9.1875413,2
Manifestazioni,09-09-21,2021-09-05,"Via Tortona, 12, Milano, MI",,Made in Portugal al Fuorisalone 2021,https://www.milanotoday.it/eventi/salone-del-mobile/made-portugal-2021.html,Altri eventi,"Est, 12, Via Tortona, Tortona, Municipio 6, Milano, Lombardia, 20144, Italia",45.4541429,9.1692453,6
Concerti,26-09-21,2021-09-05,"Viale dell'Innovazione, Milano, MI",Teatro degli Arcimboldi,Al Teatro degli Arcimboldi quattro aperitivi musicali con l'Orchestra Filarmonica Italiana,https://www.milanotoday.it/eventi/concerti-teatro-arcimboldi-orchestra-filarmonica-italiana.html,Musica e vita notturna,"Viale dell'Innovazione, Bicocca, Municipio 9, Milano, Lombardia, 20126, Italia",45.5163468,9.2131669,4
Manifestazioni,12-09-21,2021-09-06,"Via Pier Lombardo, Milano, MI",Teatro Franco Parenti,"Design Week, il Parenti District presenta ""Alla ricerca del sacro""",https://www.milanotoday.it/eventi/salone-del-mobile/fuorisalone-eventi-teatro-franco-parenti.html,Altri eventi,"Via Pier Lombardo, Porta Romana, Municipio 4, Milano, Lombardia, 20135, Italia",45.4542958,9.2063109,0
Mostre,19-09-21,2021-09-06,"Piazza San Carlo, Milano, MI",Basilica San Carlo,"A Milano monache di clausura e detenute nella mostra ""Un mondo dentro"" di Eliana Gagliardoni",https://www.milanotoday.it/eventi/mostra-san-carlo-eliana-gagliardoni.html,Arte e cultura,"Piazza San Carlo, Duomo, Municipio 1, Milano, Lombardia, 20122, Italia",45.4659452,9.196413,8
Spettacoli,06-09-21,2021-09-06,"via Granelli 1,20099, Sesto San Giovanni, MI,Italia",Carroponte,Niccolò Fabi in Tour,https://www.teatro.it/spettacoli/sesto-san-giovanni/carroponte/2021-2022/niccolo-fabi-in-tour,Teatro e spettacolo,"Carroponte, 1, Via Luigi Granelli, Rondò, Torretta, Sesto San Giovanni, Zona Omogenea Milano Nord, Milano, Lombardia, 20099, Italia",45.529574,9.2209217,4
Concerti,06-09-21,2021-09-06,"Via Luigi Granelli, 1, Milano, MI",Carroponte,Niccolò Fabi in concerto a Milano: orari e biglietti,https://www.milanotoday.it/eventi/niccolo-fabi-concerto-carroponte-biglietti.html,Musica e vita notturna,"Carroponte, 1, Via Luigi Granelli, Rondò, Torretta, Sesto San Giovanni, Zona Omogenea Milano Nord, Milano, Lombardia, 20099, Italia",45.529574,9.2209217,4
Moda,12-09-21,2021-09-07,"Via Alessandro Volta, 7A, Milano, MI",Moscova District Market,"""Winter Preview"" la private sale con i campionari della stagione autunno inverno dal 50% al 70%",https://www.milanotoday.it/eventi/private-sale-autunno-inverno-sconti.html,Mercati e shopping,"7a, Via Alessandro Volta, Brera, Municipio 1, Milano, Lombardia, 20121, Italia",45.4794117,9.1836722,8
Mostre,07-09-21,2021-09-07,"Via Maurizio Gonzaga, 2, Milano, MI",BABS Art Gallery,Un/bound - Roberta Verteramo e Luini12,https://www.milanotoday.it/eventi/un-bound-roberta-verteramo-2021.html,Arte e cultura,"2, Via Maurizio Gonzaga, Cerchia dei Navigli, Municipio 1, Milano, Lombardia, 20123, Italia",45.4619404,9.1894546,8
Mostre,18-09-21,2021-09-07,"Corso Garibaldi, 125, Milano, MI",Antonia Jannone Galleria,F/a fakeauthentic iconic ironic @ antonia jannone gallery,https://www.milanotoday.it/eventi/mostre/f-a-fakeauthentic-iconic-ironic-mostre.html,Arte e cultura,"Corso Giuseppe Garibaldi, Brera, Municipio 1, Milano, Lombardia, 20121, Italia",45.4754564,9.1836669,8
Concerti,07-09-21,2021-09-07,"Via Riccardo Pitteri, 60, Milano, MI",Arena Milano Est,Live Estate 2021 - Giancane in concerto all'Arena Milano Est,https://www.milanotoday.it/eventi/concerti/live-estate-2021-giancane-in-concerto-all-arena-milano-est.html,Musica e vita notturna,"Via Riccardo Pitteri, Lambrate, Municipio 3, Milano, Lombardia, 21771, Italia",45.4736333,9.2486288,7
Spettacoli,08-09-21,2021-09-08,"via Granelli 1,20099, Sesto San Giovanni, MI,Italia",Carroponte,Max Gazzè - La matematica dei rami Tour,https://www.teatro.it/spettacoli/sesto-san-giovanni/carroponte/2021-2022/max-gazze-la-matematica-dei-rami-tour,Teatro e spettacolo,"Carroponte, 1, Via Luigi Granelli, Rondò, Torretta, Sesto San Giovanni, Zona Omogenea Milano Nord, Milano, Lombardia, 20099, Italia",45.529574,9.2209217,4
Mostre,30-09-21,2021-09-08,"Via Santa Maria Valle, 2, Milano, MI",MA-EC Gallery,"Frozen time, mostra bi-personale di Mengjie Huang e Cristiano Plicato",https://www.milanotoday.it/eventi/frozen-time-mostra-bi-personale.html,Arte e cultura,"Fondazione Alessandro Durini, 2, Via Santa Maria Valle, Cerchia dei Navigli, Municipio 1, Milano, Lombardia, 20123, Italia",45.4600544,9.1838916,8
Incontri,10-09-21,2021-09-08,"Via Casale, 7, Milano, MI",Abbracci Bistrot,"Design week, ""armonie velate"" nuova mostra fotografica di Alfonso Campiglio",https://www.milanotoday.it/eventi/design-week-armonie-velate-2021.html,Formazione e networking,"Gelateria Orso Bianco, 7, Via Casale, Navigli, Municipio 6, Milano, Lombardia, 20144, Italia",45.4513447,9.1711109,6
Mostre,31-10-21,2021-09-08,"Piazza San Babila, 3, Milano, MI",Teatro Nuovo,A Milano riapre la mostra immersiva su Banksy: orari e biglietti,https://www.milanotoday.it/eventi/mostra-banksy-teatro-nuovo-biglietti.html,Arte e cultura,"3, Piazza San Babila, Duomo, Municipio 1, Milano, Lombardia, 20122, Italia",45.4665231,9.1971251,8
Concerti,08-09-21,2021-09-08,"Via Bovisasca, 59, Milano, MI",Spirit de Milan,Flavio Oreglio e i Punkreas sul palco dello Spirit de Milan,https://www.milanotoday.it/eventi/concerto-flavio-oreglio-e-punkreas-allo-spirit-de-milan.html,Musica e vita notturna,"Spirit de Milan, 59, Via Bovisasca, Bovisa, Municipio 9, Milano, Lombardia, 20157, Italia",45.5067143,9.1584748,2
,09-10-21,2021-09-08,"Via Nerino, 2, Milano, MI",Wunderkammern Gallery,Jonone - Vibrations,https://www.milanotoday.it/eventi/jonone-vibrations-jonone-2021.html,Non classificato,"Lunatica Milano, 2, Via Nerino, Cerchia dei Navigli, Municipio 1, Milano, Lombardia, 20123, Italia",45.4617335,9.1839293,8
Cinema,12-09-21,2021-09-08,"Viale Fulvio Testi, 121, Milano, MI",Cineteca Milano MIC,Alla Cineteca di Milano quattro film per ricordare Libero De Rienzo,https://www.milanotoday.it/eventi/film-cineteca-libero-de-rienzo.html,Arte e cultura,"Museo Interattivo del Cinema, 121, Viale Fulvio Testi, Niguarda - Cà Granda, Municipio 9, Milano, Lombardia, 20126, Italia",45.5135671,9.2040168,4
,26-09-21,2021-09-09,"Via Privata Passo Pordoi, 7/3, Milano, MI",Hub/Art,Dreamars II,https://www.milanotoday.it/eventi/dreamars-II.html,Non classificato,"Via Passo Pordoi, Scalo Romana, Municipio 5, Milano, Lombardia, 20139, Italia",45.4364043,9.2092881,0
Spettacoli,09-09-21,2021-09-09,"Corso Buenos Aires 33,20124, Milano, MI,Italia",Elfo Puccini - sala Shakespeare,"Dentro: una storia vera, se volete",https://www.teatro.it/spettacoli/milano/elfo-puccini-sala-shakespeare/2021-2022/dentro-una-storia-vera-se-volete,Teatro e spettacolo,"Teatro Elfo Puccini, 33, Corso Buenos Aires, Buenos Aires - Venezia, Municipio 3, Milano, Lombardia, 20124, Italia",45.4794317,9.2098387,0
Incontri,09-09-21,2021-09-09,"Via Achille Maiocchi, 14, Milano, MI",DAAA Haus,Fuorisaloneplogging  una camminata tra le vie della mdw per la raccolta dei rifiuti in plastica,https://www.milanotoday.it/eventi/fuorisaloneplogging-2021.html,Formazione e networking,"Osteria Il Trullo, 14, Via Achille Maiocchi, Buenos Aires - Venezia, Municipio 3, Milano, Lombardia, 20129, Italia",45.4750857,9.2130892,0
Sagre,10-09-21,2021-09-09,"Viale Montello, 3, Milano, MI",Giardino comunitario Lea Garofalo,Migarden x sagra del design,https://www.milanotoday.it/eventi/salone-del-mobile/migarden-x-sagra-del-design.html,Enogastronomia,"Viale Montello, Sarpi, Municipio 1, Milano, Lombardia, 20154, Italia",45.4815808,9.1813767,2
Mostre,26-09-21,2021-09-09,"Via Privata Passo Pordoi, 7/3, Milano, MI",Hub/Art,Dreamars II,https://www.milanotoday.it/eventi/dreamars-ii-mostre.html,Arte e cultura,"Via Passo Pordoi, Scalo Romana, Municipio 5, Milano, Lombardia, 20139, Italia",45.4364043,9.2092881,0
Mostre,12-09-21,2021-09-10,"Via Malaga, 10, Milano, MI",Giardino nascosto,"Yah art days - tre giorni tra arte, musica e poesia",https://www.milanotoday.it/eventi/yah-art-days-2021.html,Arte e cultura,"Via Malaga, San Cristoforo, Municipio 6, Milano, Lombardia, 20143, Italia",45.4447527,9.1587782,6
Mostre,13-02-22,2021-09-10,"Piazza del Duomo, Milano, MI",Museo del Novecento,Al Museo del Novecento la nuova mostra fotografica di Anna Valeria Borsari,https://www.milanotoday.it/eventi/mostra-personale-anna-valeria-borsari-museo-novecento.html,Arte e cultura,"Piazza del Duomo, Duomo, Municipio 1, Milano, Lombardia, Italia",45.4639102,9.1906398,8
Incontri,10-09-21,2021-09-10,"Via Giovanni Durando, 10, Milano, MI","Politecnico di Milano, Campus Bovisa, Aula Carlo De Carli",L'età dell'eccellenza - Mauro Porcini incontra il rettore Ferruccio Resta,https://www.milanotoday.it/eventi/incontro-porcini-resta.html,Formazione e networking,"10, Via Giovanni Durando, Bovisa, Municipio 9, Milano, Lombardia, 20158, Italia",45.50414,9.1642821,2
,12-09-21,2021-09-10,"Via Raffaele Lambruschini, Milano, MI",Politecnico di Milano Campus Bovisa,Festival dell'ingegneria - Politecnico di Milano,https://www.milanotoday.it/eventi/festival-dell-ingegneria-politecnico-2021.html,Non classificato,"Via Raffaele Lambruschini, Bovisa, Municipio 9, Milano, Lombardia, 20156, Italia",45.5024035,9.1531116,2
,11-09-21,2021-09-10,"Via Giorgio Giulini, 4, Milano, MI",Bravo Bistrot Milano,"Historias, la prima mostra fotografica di Alan R Correa o",https://www.milanotoday.it/eventi/historias-la-prima-mostra-fotografica-2021.html,Non classificato,"4, Via Giorgio Giulini, Duomo, Municipio 1, Milano, Lombardia, 20123, Italia",45.4667414,9.1834288,8
Mostre,13-02-22,2021-09-10,"Piazza del Duomo, Milano, MI",Museo del Novecento,Al Museo del Novecento la nuova mostra fotografica di Anna Valeria Borsari,https://www.milanotoday.it/eventi/mostra-personale-anna-valeria-borsari-museo-novecento.html,Arte e cultura,"Piazza del Duomo, Duomo, Municipio 1, Milano, Lombardia, Italia",45.4639102,9.1906398,8
Mostre,11-09-21,2021-09-11,"Via Raffaele Lambruschini, 4, Milano, MI",Politecnico di Milano - Campus Bovisa,Film muto - The electric house,https://www.milanotoday.it/eventi/film-muto-2021.html,Arte e cultura,"Biblioteca Bovisa La Masa, 4, Via Raffaele Lambruschini, Bovisa, Municipio 9, Milano, Lombardia, 20156, Italia",45.5032082,9.1571452,2
,11-09-21,2021-09-11,"Via Fabio Massimo, 18, Milano, MI",Centro Internazionale di Quartiere,"The Minis in concerto al C.I.Q. di Milano, sabato 11 settembre",https://www.milanotoday.it/eventi/the-minis-c-i-q-di-milano-sabato-11-settembre.html,Non classificato,"35/18, Via Fabio Massimo, Lodi - Corvetto, Municipio 4, Milano, Lombardia, 20139, Italia",45.4322341,9.228081,0
,11-09-21,2021-09-11,"Via Valtorta, Milano, MI",ANFITEATRO MARTESANA,Festa municipio 2 - Milano,https://www.milanotoday.it/eventi/festa-municipio-2-milano-andrea-rock-2021.html,Non classificato,"Via Valtorta, Padova, Municipio 2, Milano, Lombardia, 20127, Italia",45.5005482,9.2303284,4
Mostre,23-09-21,2021-09-11,"Via Giuseppe dall'Occo, 1, Milano, MI",Galleria Click Art,Click art international artists,https://www.milanotoday.it/eventi/click-art-international-artists-2021.html,Arte e cultura,"Via Giuseppe Dall'Occo, Cormano, Zona Omogenea Milano Nord, Milano, Lombardia, 20032, Italia",45.5444599,9.1691639,4
Incontri,11-09-21,2021-09-11,"Via Raffaele Lambruschini, 4, Milano, MI",Politecnico di Milano - Campus Bovisa,Una gran passione per la meccanica - Letture da Carlo Emilio Gadda,https://www.milanotoday.it/eventi/gran-passione-per-la-meccanica-2021.html,Formazione e networking,"Biblioteca Bovisa La Masa, 4, Via Raffaele Lambruschini, Bovisa, Municipio 9, Milano, Lombardia, 20156, Italia",45.5032082,9.1571452,2
Mostre,22-09-21,2021-09-11,"Corso di Porta Ticinese, 69, Milano, MI",Spazio Raw,Disco not disco - Mostra personale di Lorenzo Leone,https://www.milanotoday.it/eventi/disco-not-disco-mostra-personale-di-lorenzo-leone-2021.html,Arte e cultura,"69, Corso di Porta Ticinese, Ticinese, Municipio 1, Milano, Lombardia, 20123, Italia",45.4566187,9.1808704,8
Mostre,11-09-21,2021-09-11,"Via Giulio Natta, 19, Milano, MI",Cascina Cotica,Minecraft® - Paesaggi urbani in cascina Cotica,https://www.milanotoday.it/eventi/minecraft-paesaggi-urbani-2021.html,Arte e cultura,"Via Giulio Natta, Gallaratese, Lampugnano, Municipio 8 di Milano, Milano, Lombardia, 20148, Italia",45.4881045,9.1280837,9
Concerti,11-09-21,2021-09-11,"Via Circonvallazione Idroscalo, Milano, MI",Circolo Magnolia,I Marlene Kuntz in concerto a Milano: orari e biglietti,https://www.milanotoday.it/eventi/marlene-kuntz-cocnerto-magnolia.html,Musica e vita notturna,"Via Circonvallazione Idroscalo, Redecesio, Novegro, Segrate, Milano, Lombardia, 20054, Italia",45.469716,9.2854959,7
Mostre,11-09-21,2021-09-11,"Via Agordat, Milano, MI",ANFITEATRO MARTESANA,Festa del municipio2 Milano,https://www.milanotoday.it/eventi/festa-del-municipio2-2021.html,Arte e cultura,"Via Agordat, Padova, Municipio 2, Milano, Lombardia, 20132, Italia",45.5008691,9.2354096,4
Spettacoli,12-09-21,2021-09-12,"Largo Antonio Greppi,20121, Milano, MI,Italia",Piccolo Teatro - Teatro Strehler,Figli di un dio ubriaco,https://www.teatro.it/spettacoli/milano/piccolo-teatro-teatro-strehler/2021-2022/figli-di-un-dio-ubriaco,Teatro e spettacolo,"Largo Antonio Greppi, Cerchia dei Navigli, Municipio 1, Milano, Lombardia, 20121, Italia",45.471727,9.1826196,8
,12-09-21,2021-09-12,"Via Sant'Achilleo, 4, Milano, MI",CasAmica Onlus,"Milano: danza, food e solidarietà il nolo fringe festival a Casamica onlus",https://www.milanotoday.it/eventi/milano-danza-food-2021.html,Non classificato,"4, Via Sant'Achilleo, Corsica, Municipio 4, Milano, Lombardia, 20059, Italia",45.4678752,9.2346382,0
Concerti,12-09-21,2021-09-12,"Via Raffaele Lambruschini, 4, Milano, MI",Politecnico di Milano - Campus Bovisa,Concerto - Four on six band e chitarrista Matteo Mancuso,https://www.milanotoday.it/eventi/concerto-four-on-six-band-2021.html,Musica e vita notturna,"Biblioteca Bovisa La Masa, 4, Via Raffaele Lambruschini, Bovisa, Municipio 9, Milano, Lombardia, 20156, Italia",45.5032082,9.1571452,2
Mercatini,26-09-21,2021-09-12,"Via Mecenate, 88/a, Milano, MI",,"A Milano torna East Market, il mercatino vintage dell'abbigliamento e dell'artigianato",https://www.milanotoday.it/eventi/east-market-mercatino-vintage-settembre-2021.html,Mercati e shopping,"Via Mecenate, Mecenate, Municipio 4, Milano, Lombardia, 20059, Italia",45.4529888,9.2481173,7
Spettacoli,12-09-21,2021-09-12,"Viale Giovanni da Cermenate,2,20141, Milano, MI,Italia",Centro Asteria,La casa degli spiriti,https://www.teatro.it/spettacoli/milano/asteria/2021-2022/la-casa-degli-spiriti,Teatro e spettacolo,"2, Viale Giovanni da Cermenate, Stadera, Municipio 5, Milano, Lombardia, 20136, Italia",45.4373077,9.1766376,6
,20-02-22,2021-09-14,"Piazza del Duomo, Milano, MI",museo del novecento,"Al Museo del Novecento due opere di Marinella Senatore, vincitrice del premio Acacia",https://www.milanotoday.it/eventi/mostra-museo-novecento-marinella-senatore.html,Non classificato,"Piazza del Duomo, Duomo, Municipio 1, Milano, Lombardia, Italia",45.4639102,9.1906398,8
,20-02-22,2021-09-14,"Piazza del Duomo, Milano, MI",museo del novecento,"Al Museo del Novecento due opere di Marinella Senatore, vincitrice del premio Acacia",https://www.milanotoday.it/eventi/mostra-museo-novecento-marinella-senatore.html,Non classificato,"Piazza del Duomo, Duomo, Municipio 1, Milano, Lombardia, Italia",45.4639102,9.1906398,8
Mostra,12-12-21,2021-09-14,"via Montebello, 30, Milano, MI",ML Fine Art,ARCHIPENKO IN ITALIA,,Arte e cultura,"30, Via Montebello, Brera, Municipio 1, Milano, Lombardia, 20121, Italia",45.474713,9.192753,8
Mostra,14-10-21,2021-09-14,"via Fatebenefratelli, 34/36, Milano, MI",Galleria TornabuoniArte,Salman Alighiero Boetti,,Arte e cultura,"Via Fatebenefratelli, Cerchia dei Navigli, Municipio 1, Milano, Lombardia, 20121, Italia",45.4729665,9.1920066,8
,26-09-21,2021-09-14,"Piazza Compasso d'Oro 1, Milano, MI",ADI Design Museum,Oggetto libro: la biennale internazionale del libro d’artista e di design,https://www.milanotoday.it/eventi/oggetto-libro-biennale.html,Non classificato,"ADI Design Museum, 1, Piazza Compasso d’Oro, Sarpi, Porta Volta, Municipio 8 di Milano, Milano, Lombardia, 20154, Italia",45.4831707,9.1792778,2
Mostre,03-10-21,2021-09-14,"Via Valenza, 2, Milano, MI",Ride Milano,"Progetto ""loovertits"", al Ride Milano approdano i ""seni d'autore""",https://www.milanotoday.it/eventi/loovertits-seni-autore.html,Arte e cultura,"Via Valenza, Navigli, Municipio 6, Milano, Lombardia, 20144, Italia",45.4514071,9.1691656,6
Cinema,17-10-21,2021-09-14,"Viale Fulvio Testi, 121, Milano, MI",Cineteca Milano MIC,Alla Cineteca i film del grande Alberto Lattuada,https://www.milanotoday.it/eventi/film-cineteca-alberto-lattuada.html,Arte e cultura,"Museo Interattivo del Cinema, 121, Viale Fulvio Testi, Niguarda - Cà Granda, Municipio 9, Milano, Lombardia, 20126, Italia",45.5135671,9.2040168,4
Mostre,14-11-21,2021-09-15,"Viale Corsica, 99, Milano, MI",OPR Gallery,EXxcess island // Benedetta panisson,https://www.milanotoday.it/eventi/excess-island-2021.html,Arte e cultura,"99, Viale Corsica, Corsica, Municipio 4, Milano, Lombardia, 20059, Italia",45.4622747,9.2363792,7
,28-11-21,2021-09-15,"Piazza Sant'Eustorgio, 3, Milano, MI",Chiostri di Sant'Eustorgio,Alessandro Pessoli - Testa cristiana,https://www.milanotoday.it/eventi/alessandro-pessoli-testa-cristiana-2021.html,Non classificato,"Museo Diocesano di Milano, 3, Piazza Sant'Eustorgio, Ticinese, Municipio 1, Milano, Lombardia, 20123, Italia",45.4546749,9.1810291,8
Incontri,26-10-21,2021-09-15,"Via Fabio Filzi, 22, Milano, MI",PALAZZO PIRELLI,Il dante di Dali',https://www.milanotoday.it/eventi/dante-dali-slavador-2021.html,Formazione e networking,"22, Via Fabio Filzi, Cascina Lenzuoletta, Cernusco sul Naviglio, Milano, Lombardia, 20063, Italia",45.5183563,9.327814,3
Mostre,22-10-21,2021-09-15,"Via Vincenzo Forcella, 7, Milano, MI",ESH Gallery,Express and explore - Contemporary japanese glass,https://www.milanotoday.it/eventi/express-and-explore-2021.html,Arte e cultura,"Via Vincenzo Forcella, Tortona, Municipio 6, Milano, Lombardia, 20144, Italia",45.452594,9.1673964,6
,15-09-21,2021-09-15,"Via Ettore Troilo, 14, Milano, MI",Portineria 14,Fuori dal comune,https://www.milanotoday.it/eventi/fuori-dal-comune-2021.html,Non classificato,"Portineria 14, 14, Via Ettore Troilo, Ticinese, Municipio 5, Milano, Lombardia, 20136, Italia",45.4463549,9.1777191,6
Mostre,19-12-21,2021-09-15,"Piazza Castello, Milano, MI",Castello Sforzesco,"Al Castello Sforzesco la mostra di Tiepolo, Canaletto e i maestri del Settecento veneziano",https://www.milanotoday.it/eventi/mostra-tiepolo-castello-sforzesco.html,Arte e cultura,"Piazza Castello, Cerchia dei Navigli, Municipio 1, Milano, Lombardia, Italia",45.4704699,9.1819129,8
Incontri,16-09-21,2021-09-16,"Via Olgettina, 60, Milano, MI",Ospedale San Raffaele,Musica sui tetti 16-09-2021 diretta facebook @ospedalesanraffaele,https://www.milanotoday.it/eventi/endometriosi-musica-tetti-2021.html,Formazione e networking,"Via Olgettina, Parco Lambro - Cimiano, Municipio 3, Milano, Lombardia, 20055, Italia",45.5080791,9.2673916,7
Mostre,16-09-21,2021-09-16,"Via Enrico Caviglia, 3, Milano, MI",Istituto Italiano di Fotografia,Inaugurazione mostra “occhio vivo” di Irene Guastella,https://www.milanotoday.it/eventi/inaugurazione-mostra-occhio-vivo-2021.html,Arte e cultura,"3, Via Enrico Caviglia, Lodi - Corvetto, Municipio 4, Milano, Lombardia, 20139, Italia",45.4436084,9.2298198,0
Cibo e Vino,16-09-21,2021-09-16,"Via Napo Torriani, Milano, MI",Gastronomia Ninin,"A Milano il locale con i panini ripieni di lasagna, amatriciana (e altro). Assaggi gratis per tutti",https://www.milanotoday.it/eventi/gastronomia-ninin-panini.html,Enogastronomia,"Via Napo Torriani, Centrale, Municipio 2, Milano, Lombardia, 20124, Italia",45.4827546,9.2032439,0
Disco&Feste,16-09-21,2021-09-16,"Via Pietro Calvi, 31, Milano, MI",La Nena,Un duo strepitoso con Loraine Chariot e Riccardo Dell’Orfano. Musica da osteria e poesia live,https://www.milanotoday.it/eventi/concerto-loraine-chariot-e-riccardo-dell-orfano-la-nena-milano.html,Musica e vita notturna,"Via Pietro Calvi, XXII Marzo, Municipio 4, Milano, Lombardia, 29135, Italia",45.4630693,9.2103498,0
Concerti,16-09-21,2021-09-16,"Via Piero Strozzi, 1, Milano, MI",Finisterra - a World Apart,Il mistero della fede: da De André a Nick Cave,https://www.milanotoday.it/eventi/mistero-della-fede.html,Musica e vita notturna,"Via Piero Strozzi, Bande Nere, Municipio 6, Milano, Lombardia, 20146, Italia",45.4598149,9.143396,6
Manifestazioni,19-09-21,2021-09-16,"Corso Venezia, Milano, MI",Giardini Pubblici Indro Montanelli,"Orticola 2021, Milano si trasforma in un incantevole giardino colorato",https://www.milanotoday.it/eventi/orticola-2021-milano-biglietti.html,Altri eventi,"Corso Venezia, Guastalla, Municipio 1, Milano, Lombardia, 20219, Italia",45.4744208,9.205056,0
Manifestazioni,19-09-21,2021-09-16,"Via Daniele Manin, 2, Milano, MI",Giardini Pubblici Indro Montanelli,Milano diventa un giardino fiorito: torna Orticola 2021,https://www.milanotoday.it/eventi/orticola-16-19-settembre-2021.html,Altri eventi,"2, Via Daniele Manin, Brera, Milano, Lombardia, 20121, Italia",45.4744866,9.1965725,8
,30-10-21,2021-09-16,"Via Solferino, 44, Milano, MI",Antonio Colombo Arte Contemporanea,Oliviero Toscani - Photographs of Andy Warhol,https://www.milanotoday.it/eventi/oliviero-toscani-photographs-2021.html,Non classificato,"44, Via Solferino, Brera, Municipio 1, Milano, Lombardia, 20121, Italia",45.4786644,9.1884688,8
,22-10-21,2021-09-16,"Via San Maurilio, 14, Milano, MI",Gilda Contemporary Art,Rinascere - Mostra personale di Francesca Candito,https://www.milanotoday.it/eventi/rinascere-mostra-personale-di-francesca-candito.html,Non classificato,"14, Via San Maurilio, Cerchia dei Navigli, Municipio 1, Milano, Lombardia, 20123, Italia",45.4622752,9.1839049,8
,19-09-21,2021-09-16,"Via San Domenico Savio, Milano, MI",cascine di Chiesa Rossa,"""Bella ciao, Milano"": la festa di Rifondazione comunista",https://www.milanotoday.it/eventi/festa-rifondazione-comunista-programma.html,Non classificato,"Via San Domenico Savio, Stadera, Municipio 5, Milano, Lombardia, 20142, Italia",45.4301242,9.1728441,6
Concerti,17-09-21,2021-09-17,"Viale Enrico Fermi, 98, Milano, MI",Legend Club,Speed stroke  “scene of the crime” release show,https://www.milanotoday.it/eventi/speed-stroke-scene-of-the-crime.html,Musica e vita notturna,"Legend Club, 98, Viale Enrico Fermi, Parco Nord, Municipio 9, Milano, Lombardia, 20161, Italia",45.5161589,9.1794377,2
Spettacoli,17-09-21,2021-09-17,"Via Rovello 2,20121, Milano, MI,Italia",Piccolo Teatro - Teatro Grassi,Leviatano,https://www.teatro.it/spettacoli/milano/piccolo-teatro-teatro-grassi/2021-2022/leviatano,Teatro e spettacolo,"2, Via Rovello, Brera, Milano, Lombardia, 20121, Italia",45.4665188,9.1847651,8
Cibo e Vino,17-09-21,2021-09-17,"Via San Vittore, 21, Milano, MI",Museo Nazionale della Scienza e della Tecnologia Leonardo da Vinci,Armonie senza Tempo: wine tasting che celebra i profumi e i sapori del Lugana,https://www.milanotoday.it/eventi/armonie-senza-tempo-evento-lugana.html,Enogastronomia,"21, Via San Vittore, Magenta - San Vittore, Municipio 1, Milano, Lombardia, 20123, Italia",45.4628946,9.1706462,8
Mostre,01-10-21,2021-09-17,"Corso Venezia, 47, Milano, MI",Palazzo Castiglioni,Kim dupond holdt. La sorpresa della luce,https://www.milanotoday.it/eventi/kim-dupond-holdt-2021.html,Arte e cultura,"47, Corso Venezia, Guastalla, Municipio 1, Milano, Lombardia, 20121, Italia",45.4710655,9.2013574,0
Cinema,25-09-21,2021-09-17,"Via Angelo Rizzoli, 13, Milano, MI",via Rizzoli 13,Cinema in Rizzoli,https://www.milanotoday.it/eventi/cinema-in-rizzoli-2021.html,Arte e cultura,"CSA Lambretta, 13A, Via Angelo Rizzoli, Parco Lambro - Cimiano, Municipio 3, Milano, Lombardia, 20132, Italia",45.5061417,9.2519718,7
Mostre,31-12-21,2021-09-17,"Corso Sempione, 91, Milano, MI",Enterprise Hotel,A Milano una mega mostra immersiva su Silvio Berlusconi,https://www.milanotoday.it/eventi/mostra-berlusconi.html,Arte e cultura,"91, Corso Sempione, Portello, Bullona, Municipio 8 di Milano, Milano, Lombardia, 20149, Italia",45.4866974,9.1575652,2
Manifestazioni,19-09-21,2021-09-17,"Viale Lodovico Scarampo, Milano, MI",,"A Milano torna Miart 2021, la fiera dell'arte contemporanea",https://www.milanotoday.it/eventi/miart-2021-fiera-arte.html,Altri eventi,"Viale Lodovico Scarampo, Portello, Municipio 8 di Milano, Milano, Lombardia, 20149, Italia",45.4814899,9.1504724,2
Incontri,18-09-21,2021-09-17,"Via Gaetano de Castillia, 26, Milano, MI",Stecca 3,A Milano l'ambiente è protagonista di due giorni di incontri e dibattiti,https://www.milanotoday.it/eventi/incontri-legambiente-spazio-aperto-milano.html,Formazione e networking,"Ciclofficina Stecca - Associazione +bc, 26, Via Gaetano De Castillia, Isola, Municipio 9, Milano, Lombardia, 20124, Italia",45.4851127,9.1925868,8
Manifestazioni,17-10-21,2021-09-18,"Via Erba, 2, Milano, MI",Garden Steflor,"I colori dell'autunno nel nuovo festival da Garden Steflor, tra piante e fiori da scoprire",https://www.milanotoday.it/eventi/festival-autunno-garden-steflor-piante-paderno-dugnano.html,Altri eventi,"2, Via Erba, Cusano, Cusano Milanino, Zona Omogenea Milano Nord, Milano, Lombardia, 20095, Italia",45.5520532,9.1840748,4
Mostra,30-01-22,2021-09-18,"piazza Duomo, Milano, MI",Palazzo Reale,Monet - Opere dal Musée Marmottan Monet di Parigi,,Arte e cultura,"Piazza del Duomo, Duomo, Municipio 1, Milano, Lombardia, Italia",45.4639102,9.1906398,8
Disco&Feste,18-09-21,2021-09-18,"Corso Venezia, 57, Milano, MI",Planetario Civico,Una nuova festa di Le Cannibale sotto il cielo stellato del Planetario,https://www.milanotoday.it/eventi/festa-le-cannibale-planetario.html,Musica e vita notturna,"57, Corso Venezia, Guastalla, Municipio 1, Milano, Lombardia, 20121, Italia",45.4736604,9.2038038,0
Concerti,18-09-21,2021-09-18,"Viale Lucania, 18, Milano, MI",Chiesa San Vittore,La lirica in periferia,https://www.milanotoday.it/eventi/la-lirica-in-periferia-2021.html,Musica e vita notturna,"Viale Lucania, Lodi - Corvetto, Municipio 4, Milano, Lombardia, 20139, Italia",45.4430378,9.2239399,0
Mostre,30-01-22,2021-09-18,"Piazza del Duomo, Milano, MI",Palazzo Reale,"A Palazzo Reale la nuova mostra del padre dell'Impressionismo, Claude Monet",https://www.milanotoday.it/eventi/mostra-monet-palazzo-reale-biglietti.html,Arte e cultura,"Piazza del Duomo, Duomo, Municipio 1, Milano, Lombardia, Italia",45.4639102,9.1906398,8
Spettacoli,18-09-21,2021-09-18,"Via Filodrammatici 2,20121, Milano, MI,Italia",Teatro Alla Scala,L’italiana in Algeri,https://www.teatro.it/spettacoli/milano/teatro-alla-scala/2021-2022/litaliana-in-algeri,Teatro e spettacolo,"2, Via Filodrammatici, Brera, Milano, Lombardia, 20121, Italia",45.4673781,9.188701,8
Spettacoli,18-09-21,2021-09-18,"via Pier Lombardo,14,20135, Milano, MI,Italia",Franco Parenti - Sala Grande,Forte movimento dell'animo con turbamento dei sensi,https://www.teatro.it/spettacoli/milano/franco-parenti-sala-grande/2021-2022/forte-movimento-dellanimo-con-turbamento-dei-sensi,Teatro e spettacolo,"Via Pier Lombardo, Porta Romana, Municipio 4, Milano, Lombardia, 20135, Italia",45.4542958,9.2063109,0
evento solo on site,03-10-21,2021-09-18,"Via Grigna 13, Milano, MI",Provincia di Monza e Brianza,Ville Aperte in Brianza - Giornate europee del Patrimonio 2021,,Altri eventi,"Via Grigna, Villaggio Gorizia, Cassina di Prà, Baranzate, Milano, Lombardia, 20021, Italia",45.5272386,9.1108633,1
Mostre,30-01-22,2021-09-18,"Piazza del Duomo, Milano, MI",Palazzo Reale,"A Palazzo Reale la nuova mostra del padre dell'Impressionismo, Claude Monet",https://www.milanotoday.it/eventi/mostra-monet-palazzo-reale-biglietti.html,Arte e cultura,"Piazza del Duomo, Duomo, Municipio 1, Milano, Lombardia, Italia",45.4639102,9.1906398,8
Mercatini,18-09-21,2021-09-18,"Via Conte Rosso, Milano, MI",Lambrate,Il Sabato di Lambrate torna con un nuovo mercatino e artisti di strada,https://www.milanotoday.it/eventi/mercatino-il-sabato-di-lambrate.html,Mercati e shopping,"Via Conte Rosso, Lambrate, Municipio 3, Milano, Lombardia, 20134, Italia",45.4833378,9.2424947,7
Mostre,18-09-21,2021-09-18,"Porta Venezia, Milano, MI",Porta Venezia,Tornano a Milano i Walking tours di the maptique,https://www.milanotoday.it/eventi/tornano-a-milano-2021.html,Arte e cultura,"Porta Venezia, Piazza Guglielmo Oberdan, Guastalla, Municipio 1, Milano, Lombardia, 20219, Italia",45.4742941,9.2052385,0
Incontri,19-09-21,2021-09-19,"Via Fametta, 1, Milano, MI",Villa Arconati-FAR,Nel giardino di Villa Arconati Massimiliano Finazzer Flory legge Dante,https://www.milanotoday.it/eventi/lettura-di-dante-con-massimiliano-finazzer-flory-a-villa-arconati.html,Formazione e networking,"1, Via Fametta, Via Trento, Castellazzo, Bollate, Milano, Lombardia, 20021, Italia",45.556757,9.0958021,1
Spettacoli,19-09-21,2021-09-19,"Piazza Cesare Beccaria 8,20122, Milano, MI,Italia",Gerolamo,"Io, Gerolamo!",https://www.teatro.it/spettacoli/milano/gerolamo/2021-2022/io-gerolamo,Teatro e spettacolo,"Teatro Gerolamo, 8, Piazza Cesare Beccaria, Duomo, Municipio 1, Milano, Lombardia, 20122, Italia",45.464175,9.1945551,8
Mostre,31-10-21,2021-09-20,"Via Sebastiano Veniero, 8, Milano, MI",L'Atelier,Forms & Shapes,https://www.milanotoday.it/eventi/forms-shapes-mauro-mariani-2021.html,Arte e cultura,"8, Via Sebastiano Veniero, De Angeli - Monte Rosa, Portello, Municipio 8 di Milano, Milano, Lombardia, 20149, Italia",45.4827546,9.1471186,2
Spettacoli,21-09-21,2021-09-21,"Via Filodrammatici 2,20121, Milano, MI,Italia",Teatro Alla Scala,Concerto - Orchestra dell'Accademia Nazionale di Santa Cecilia,https://www.teatro.it/spettacoli/milano/teatro-alla-scala/2021-2022/concerto-orchestra-dellaccademia-nazionale-di-santa-cecilia,Teatro e spettacolo,"2, Via Filodrammatici, Brera, Milano, Lombardia, 20121, Italia",45.4673781,9.188701,8
Mostre,10-10-21,2021-09-21,"Via Santa Marta, 18, Milano, MI",MBA Making Beauty Academy,Il body painting disegna la rinascita dopo il lockdown. La mostra fotografica degli studenti del MBA,https://www.milanotoday.it/eventi/mostra-fotografica-body-painting-studenti-mba.html,Arte e cultura,"Società d’Incoraggiamento d’Arti e Mestieri, 18, Via Santa Marta, Cerchia dei Navigli, Municipio 1, Milano, Lombardia, 20123, Italia",45.4617626,9.1823292,8
,28-09-21,2021-09-21,"Via San Sisto, 4, Milano, MI",Studio Museo Francesco Messina,Topylabrys fra arte e moda plastica,https://www.milanotoday.it/eventi/topylabrys-fra-arte-e-moda-plastica-2021.html,Non classificato,"4, Via San Sisto, Cerchia dei Navigli, Municipio 1, Milano, Lombardia, 20123, Italia",45.4607942,9.1815957,8
,21-09-21,2021-09-21,"Via Santa Marta, 18, Milano, MI",MBA Making Beauty Academy,"Inaugurazione mostra ""Isolamento sociale: una lettura per immagini attraverso il body painting""",https://www.milanotoday.it/eventi/inaugurazione-mostra-isolamento-sociale-2021.html,Non classificato,"Società d’Incoraggiamento d’Arti e Mestieri, 18, Via Santa Marta, Cerchia dei Navigli, Municipio 1, Milano, Lombardia, 20123, Italia",45.4617626,9.1823292,8
Spettacoli,21-09-21,2021-09-21,"Via Carlo Botta,18,20135, Milano, MI,Italia",Franco Parenti - Bagni Misteriosi,Le Sacre - Luciana Savignano,https://www.teatro.it/spettacoli/milano/franco-parenti-bagni-misteriosi/2021-2022/le-sacre-luciana-savignano,Teatro e spettacolo,"18, Via Carlo Botta, Porta Romana, Municipio 4, Milano, Lombardia, 20135, Italia",45.4537805,9.2050141,0
Concerti,22-09-21,2021-09-22,"Via Giovanni Cimabue, Milano, MI",Monte Stella - Giardino dei Giusti,Concerto per i giusti del mediterraneo,https://www.milanotoday.it/eventi/concerto-per-i-giusti-del-mediterraneo-2021.html,Musica e vita notturna,"Via Giovanni Cimabue, Qt 8, QT8, Municipio 8 di Milano, Milano, Lombardia, 20148, Italia",45.4866702,9.1426311,2
Incontri,26-09-21,2021-09-22,"Via Pier Paolo Pasolini, 3, Milano, MI",UpTown Cascina Merlata,Ad uptown una settimana di eventi green,https://www.milanotoday.it/eventi/ad-uptown-2021.html,Formazione e networking,"Cascina Merlata SPAZIO VIVO, 3, Via Pier Paolo Pasolini, Maggiore - Musocco, Cascina Merlata, Municipio 8 di Milano, Milano, Lombardia, 20151, Italia",45.5066453,9.1031746,1
Teatri,28-09-21,2021-09-23,"Viale dell'Innovazione, 20, Milano, MI",Teatro degli Arcimboldi,Lo spettacolo di Enrico Brignano riprogrammato a settembre. Come ottenere i biglietti delle nuove date,https://www.milanotoday.it/eventi/spettacolo-enrico-brignano-riprogrammato-a-settembre-arcimboldi.html,Teatro e spettacolo,"20, Viale dell'Innovazione, Bicocca, Municipio 9, Milano, Lombardia, 20125, Italia",45.5148696,9.2135963,4
Spettacoli,23-09-21,2021-09-23,"Corso Buenos Aires 33,20124, Milano, MI,Italia",Elfo Puccini - sala Shakespeare,Naufragio con spettatore,https://www.teatro.it/spettacoli/milano/elfo-puccini-sala-shakespeare/2021-2022/naufragio-con-spettatore,Teatro e spettacolo,"Teatro Elfo Puccini, 33, Corso Buenos Aires, Buenos Aires - Venezia, Municipio 3, Milano, Lombardia, 20124, Italia",45.4794317,9.2098387,0
Incontri,23-09-21,2021-09-23,"Via Giuseppe Candiani, 72, Milano, MI",Politecnico di Milano - Campus Bovisa,Incontro con Annarita Briganti su Cocoo Chanel,https://www.milanotoday.it/eventi/incontro-con-annarita-briganti-su-coco-chanel.html,Formazione e networking,"72, Via Giuseppe Candiani, Bovisa, Municipio 9, Milano, Lombardia, 20158, Italia",45.5041692,9.1668206,2
Teatri,03-10-21,2021-09-23,"Via Ciro Menotti, 11, Milano, MI",Teatro Ciro Menotti,L'Inferno di Dante è una danza continua al Teatro Ciro Menotti,https://www.milanotoday.it/eventi/spettacolo-no-gravity-inferno-dante-teatro-ciro-menotti.html,Teatro e spettacolo,"Teatro Menotti, 11, Via Ciro Menotti, Buenos Aires - Venezia, Municipio 3, Milano, Lombardia, 20129, Italia",45.4699775,9.2131112,0
Manifestazioni,26-09-21,2021-09-24,"Viale Emilio Alemagna, 6, Milano, MI",La Triennale di Milano,"Milano, le serie tv diventano protagoniste di un festival",https://www.milanotoday.it/eventi/fest-festival-serie-tv.html,Altri eventi,"Triennale Design Museum, 6, Viale Emilio Alemagna, Parco Sempione, Municipio 1, Milano, Lombardia, 20121, Italia",45.4721477,9.1734894,2
,24-09-21,2021-09-24,"Via Libero Temolo, 3, Milano, MI",,CDI Bicocca: un nuovo poliambulatorio di oltre 2.000mq dedicato alla prevenzione,https://www.milanotoday.it/eventi/poliambulatorio-Milano-visite-prelievi.html,Non classificato,"3, Via Libero Temolo, Bicocca, Municipio 9, Milano, Lombardia, 20126, Italia",45.5114543,9.2100458,4
,13-10-21,2021-09-24,"Corso di Porta Ticinese, 69, Milano, MI",spazioRAW,"Sulla tua pelle, fotografie di Alessandro Didoni",https://www.milanotoday.it/eventi/fotografie-alessandro-didoni.html,Non classificato,"Laboratorio Tam Tam, 69, Corso di Porta Ticinese, Ticinese, Municipio 1, Milano, Lombardia, 20123, Italia",45.4567134,9.1809051,8
Mostre,06-02-22,2021-09-24,"Via Bergognone, 40, Milano, MI",Armani Silos,"Milano, la nuova mostra di Armani per il quarantesimo anniversario di Emporio Armani",https://www.milanotoday.it/eventi/mostra-emporio-armani-milano.html,Arte e cultura,"40, Via Bergognone da Fossano, Tortona, Municipio 6, Milano, Lombardia, 20144, Italia",45.4514132,9.1649823,6
,24-09-21,2021-09-24,"Piazza Gae Aulenti, Milano, MI",piazza Gae Aulenti,La corsa in pigiama per Milano (con un fine nobile),https://www.milanotoday.it/eventi/pigiama-run-lilt.html,Non classificato,"Piazza Gae Aulenti, GARIBALDI REPUBBLICA, Municipio 9, Milano, Lombardia, Italia",45.4834778,9.1902248,8
Teatri,24-09-21,2021-09-24,"Via Fratelli Zoia, 89, Milano, MI",SpazioTeatro89,"""Tutti non ci sono"" spettacolo di Dario D'Ambrosi fondatore del teatro patologico",https://www.milanotoday.it/eventi/dario-d-ambrosi-2021.html,Teatro e spettacolo,"Via Fratelli Zoia, La Viridiana, Forze Armate, Municipio 7, Milano, Lombardia, 20152, Italia",45.460948,9.1108287,9
Mostre,06-02-22,2021-09-24,"Via Bergognone, 40, Milano, MI",Armani Silos,"Milano, la nuova mostra di Armani per il quarantesimo anniversario di Emporio Armani",https://www.milanotoday.it/eventi/mostra-emporio-armani-milano.html,Arte e cultura,"40, Via Bergognone da Fossano, Tortona, Municipio 6, Milano, Lombardia, 20144, Italia",45.4514132,9.1649823,6
,24-09-21,2021-09-24,"Via Libero Temolo, 3, Milano, MI",,CDI Bicocca: un nuovo poliambulatorio di oltre 2.000mq dedicato alla prevenzione,https://www.milanotoday.it/eventi/poliambulatorio-Milano-visite-prelievi.html,Non classificato,"3, Via Libero Temolo, Bicocca, Municipio 9, Milano, Lombardia, 20126, Italia",45.5114543,9.2100458,4
,24-09-21,2021-09-24,"Via Libero Temolo, 3, Milano, MI",,CDI Bicocca: un nuovo poliambulatorio di oltre 2.000mq dedicato alla prevenzione,https://www.milanotoday.it/eventi/poliambulatorio-Milano-visite-prelievi.html,Non classificato,"3, Via Libero Temolo, Bicocca, Municipio 9, Milano, Lombardia, 20126, Italia",45.5114543,9.2100458,4
Concerti,24-09-21,2021-09-24,"Via Pietro Borsieri, 37, Milano, MI",Blue Note Milano,Pepe Ragonese in concerto al Blue Note sulle note di Chet Baker: orari e biglietti,https://www.milanotoday.it/eventi/concerto-pepe-ragonese-blue-note-biglietti.html,Musica e vita notturna,"Blue Note, 37, Via Pietro Borsieri, Isola, Municipio 9, Milano, Lombardia, 20159, Italia",45.4895296,9.1888504,2
Spettacoli,25-09-21,2021-09-25,"Corso Buenos Aires 33,20124, Milano, MI,Italia",Elfo Puccini - sala Shakespeare,Alce,https://www.teatro.it/spettacoli/milano/elfo-puccini-sala-shakespeare/2021-2022/alce,Teatro e spettacolo,"Teatro Elfo Puccini, 33, Corso Buenos Aires, Buenos Aires - Venezia, Municipio 3, Milano, Lombardia, 20124, Italia",45.4794317,9.2098387,0
Incontri,10-10-21,2021-09-25,"Via Marcello Dudovich, 10, Milano, MI",Parco Agricolo Ticinello Cascina Campazzo,Non servono sentieri per tentar l'avventura,https://www.milanotoday.it/eventi/non-servono-sentieri-2021.html,Formazione e networking,"10, Via Marcello Dudovich, Stadera, Municipio 5, Milano, Lombardia, 20141, Italia",45.4268888,9.1824277,6
evento solo on site,26-09-21,2021-09-25,"Via De Amicis 17, Milano, MI",Centro Artistico Alik Cavaliere,Centro artistico Alik Cavaliere: liberi di sentirsi al centro,,Altri eventi,"Antiquarium Alda Levi, 17, Via Edmondo De Amicis, Ticinese, Municipio 1, Milano, Lombardia, 20123, Italia",45.4577507,9.1796498,8
Teatri,25-09-21,2021-09-25,"Via Rovello, 2, Milano, MI",Teatro Grassi,Ogni volta unica la fine del mondo: Mark O’Connell al Piccolo,https://www.milanotoday.it/eventi/spettacoli-estivi-piccolo-teatro.html,Teatro e spettacolo,"2, Via Rovello, Brera, Milano, Lombardia, 20121, Italia",45.4665188,9.1847651,8
Manifestazioni,25-09-21,2021-09-25,"Viale Emilio Alemagna, 6, Milano, MI",Triennale di Milano (Giardini),"L’associazione millefogli_lab si presenta con libri, progetti e musica, sabato 25 settembre a la triennale di Milano",https://www.milanotoday.it/eventi/l-associazione-millefogli_.html,Altri eventi,"Triennale Design Museum, 6, Viale Emilio Alemagna, Parco Sempione, Municipio 1, Milano, Lombardia, 20121, Italia",45.4721477,9.1734894,2
evento solo on site,26-09-21,2021-09-25,"Corso Magenta, Milano, MI",Museo Martinitt e Stelline,Nessuno escluso...a cominciare dalle donne!,,Altri eventi,"Corso Magenta, Magenta - San Vittore, Municipio 1, Milano, Lombardia, 20123, Italia",45.4657212,9.17112,8
evento solo on site,25-09-21,2021-09-25,"Via Teodolinda 4, Milano, MI",Musei Civici di Monza – Casa degli Umiliati,Una serata straordinaria,,Altri eventi,"Via Regina Teodolinda, Padova, Municipio 2, Milano, Lombardia, 20132, Italia",45.5026131,9.243623,4
evento solo on site,25-09-21,2021-09-25,"piazza Santa Maria delle Grazie, 2, Milano, MI",Cenacolo Vinciano,Museo del Cenacolo Vinciano: apertura straordinaria serale,,Altri eventi,"Museo del Cenacolo Vinciano, 2, Piazza Santa Maria delle Grazie, Magenta - San Vittore, Municipio 1, Milano, Lombardia, 20123, Italia",45.4662047,9.170655,8
evento solo on site,25-09-21,2021-09-25,"Via Giorgio Jan, Milano, MI",Casa museo Boschi Di Stefano,Frottage. Un dispositivo socievole,,Altri eventi,"Via Giorgio Jan, Buenos Aires - Venezia, Municipio 3, Milano, Lombardia, 20129, Italia",45.4784784,9.2113457,0
Altro,26-09-21,2021-09-25,"Via Senato, Milano, MI",Soprintendenza Archivistica e Bibliografica della Lombardia,GIORNATE EUROPEE DEL PATRIMONI0 2021,,Altri eventi,"Via Senato, Cerchia dei Navigli, Municipio 1, Milano, Lombardia, 20121, Italia",45.4714266,9.1962309,8
evento solo on site,25-09-21,2021-09-25,"via Brera, 28, Milano, MI",Pinacoteca di Brera - Biblioteca Nazionale Braidense di Milano,La Biblioteca dell'Imperatrice,,Altri eventi,"Pinacoteca di Brera, 28, Via Brera, Cerchia dei Navigli, Municipio 1, Milano, Lombardia, 20121, Italia",45.4722421,9.1884071,8
evento solo on site,25-09-21,2021-09-25,"Via San Vittore, Milano, MI",Museo nazionale della scienza e della tecnologia Leonardo da Vinci,Storia e immaginario intorno alle navi di Nemi,,Altri eventi,"Via San Vittore, Magenta - San Vittore, Municipio 1, Milano, Lombardia, 20123, Italia",45.4629575,9.1704654,8
Manifestazioni,26-09-21,2021-09-25,"Piazza Soncino, 3, Milano, MI",Villa Casati Stampa,"A Cinisello Balsamo torna ""Una Ghirlanda di Libri"", la fiera dell'editoria indipendente",https://www.milanotoday.it/eventi/fiera-editoria-indipendente-cinisello-balsamo.html,Altri eventi,"3, Piazza Soncino, Cascina Santa Maria Fenino, Cascina Palazzetta, Cusago, Milano, Lombardia, 20090, Italia",45.4463084,9.0339532,9
evento solo on site,25-09-21,2021-09-25,"Via S. Lorenzo 21A, Milano, MI",Orto Botanico delle Conifere,25° Musica e Luce all'Orto Botanico delle Conifere,,Altri eventi,"Via San Lorenzo, Valverde, Canegrate, Milano, Lombardia, 20039, Italia",45.5670509,8.9347474,5
evento solo on site,25-09-21,2021-09-25,"Via dell'Ambrosiana, 20, Milano, MI",Museo Mangini Bonomi - Fondazione Emilio Carlo Mangini,FONDAZIONE EMILIO CARLO MANGINI: LE COLLEZIONI,,Altri eventi,"Museo Mangini Bonomi, 20, Via dell'Ambrosiana, Cerchia dei Navigli, Municipio 1, Milano, Lombardia, 20123, Italia",45.4634581,9.1851679,8
evento solo on site,25-09-21,2021-09-25,"Viale Gramsci 161, Milano, MI",Galleria Campari,Visite guidate alla Galleria Campari,,Altri eventi,"161, Viale Antonio Gramsci, Rondò, Cassina de' Gatti, Sesto San Giovanni, Zona Omogenea Milano Nord, Milano, Lombardia, 20099, Italia",45.5389285,9.2354926,4
evento solo on site,25-09-21,2021-09-25,"Via Giovanni Frova, 10, Milano, MI",Museo di fotografia contemporanea,Visita guidata speciale alle collezioni del Museo di Fotografia Contemporanea (archivio fotografico e biblioteca) e alla mostra “Chi non salta. Calcio. Cultura. Identità”,,Altri eventi,"Museo di Fotografia Contemporanea, 10, Via Giovanni Frova, Borgo Primavera, Cinisello, Cinisello Balsamo, Zona Omogenea Milano Nord, Milano, Lombardia, 20092, Italia",45.557169,9.2156253,4
evento solo on site,26-09-21,2021-09-26,"Piazza del Duomo, Milano, MI",Duomo di Milano,Alla scoperta del Duomo - Giornate Europee del Patrimonio 2021,,Altri eventi,"Piazza del Duomo, Duomo, Municipio 1, Milano, Lombardia, Italia",45.4639102,9.1906398,8
evento solo on site,26-09-21,2021-09-26,"Corso Magenta, 15, Milano, MI",Civico Museo archeologico di Milano,Crossing Cultures. Inclusioni culturali nel mondo antico. (visita guidata per adulti),,Altri eventi,"Civico museo archeologico di Milano, 15, Corso Magenta, Cerchia dei Navigli, Municipio 1, Milano, Lombardia, 20123, Italia",45.465621,9.1787191,8
evento solo on site,26-09-21,2021-09-26,"Via Maurizio Quadrio 27, Milano, MI",CAST – il CAstello delle STorie di montagna a Castello Masegra,Rotte straordinarie. STorie di migrazioni fuori dal comune,,Altri eventi,"27, Via Maurizio Quadrio, Santi Martiri, Oltrestazione, Legnano, Milano, Lombardia, 20025, Italia",45.5918623,8.9069375,5
Visita Guidata,26-09-21,2021-09-26,"Via Brera, 28, Milano, MI",Pinacoteca di Brera,Il Restauro trasparente: curiosità sul Laboratorio della Pinacoteca e sulle attività dei restauratori,,Arte e cultura,"Pinacoteca di Brera, 28, Via Brera, Cerchia dei Navigli, Municipio 1, Milano, Lombardia, 20121, Italia",45.4722421,9.1884071,8
evento solo on site,26-09-21,2021-09-26,"Corso Magenta, 15, Milano, MI",Civico Museo archeologico di Milano,FOR KIDS - Crossing Cultures. Inclusioni culturali nel mondo antico. (visita guidata per bambini),,Altri eventi,"Civico museo archeologico di Milano, 15, Corso Magenta, Cerchia dei Navigli, Municipio 1, Milano, Lombardia, 20123, Italia",45.465621,9.1787191,8
Altro,26-09-21,2021-09-26,"Via Senato, Milano, MI",Soprintendenza Archivistica e Bibliografica della Lombardia,Online - “Disabilità come scambio tra persone: rispetto ad altre cose sarò io ad aiutare te” (Pierangelo Bertoli),,Altri eventi,"Via Senato, Cerchia dei Navigli, Municipio 1, Milano, Lombardia, 20121, Italia",45.4714266,9.1962309,8
,26-09-21,2021-09-26,"Via Ferdinando Bocconi, Milano, MI",Monumento a Roberto Franceschi,"Ombra di tutti | Dall’ombra, un progetto di patrizio raso intorno al monumento a Roberto Franceschi",https://www.milanotoday.it/eventi/ombra-di-tutti-dall-ombra-2021.html,Non classificato,"Via Ferdinando Bocconi, Vigentina, Municipio 5, Milano, Lombardia, 20136, Italia",45.4504382,9.1904328,8
Teatri,26-09-21,2021-09-26,"Via Paolo Sarpi, 26, Milano, MI",Centro Culturale Cinese,"Martina Rota, dirty sweat",https://www.milanotoday.it/eventi/martina-rota-dirty-sweat-2021.html,Teatro e spettacolo,"26, Via Paolo Sarpi, Sarpi, Porta Volta, Municipio 8 di Milano, Milano, Lombardia, 20154, Italia",45.4815303,9.1768375,2
Manifestazioni,26-09-21,2021-09-26,"Viale Emilio Alemagna, 6, Milano, MI",La Triennale di Milano,Al Festival delle serie tv un'intera giornata dedicata ai più piccoli,https://www.milanotoday.it/eventi/festival-serie-tv-giornata-per-bambini.html,Altri eventi,"Triennale Design Museum, 6, Viale Emilio Alemagna, Parco Sempione, Municipio 1, Milano, Lombardia, 20121, Italia",45.4721477,9.1734894,2
,26-09-21,2021-09-26,"Piazza Gae Aulenti, Milano, MI",,Italiaphotomarathon,https://www.milanotoday.it/eventi/italiaphotomarathon-2021.html,Non classificato,"Piazza Gae Aulenti, GARIBALDI REPUBBLICA, Municipio 9, Milano, Lombardia, Italia",45.4834778,9.1902248,8
Incontri,26-09-21,2021-09-26,"Via Padova, 21, Milano, MI",Heracles Gymnasium,"Giovani e futuro, al via la tavola rotonda ""Una vita autentica""",https://www.milanotoday.it/eventi/giovani-e-futuro-tavola-rotonda-una-vita-autentica.html,Formazione e networking,"Q Club, 21, Via Padova, Loreto, Municipio 2, Milano, Lombardia, 20127, Italia",45.4886677,9.2197104,0
Incontri,26-09-21,2021-09-26,"Via Mecenate, 88/a, Milano, MI",East Market,Da East Market tutti possono diventare dj per un giorno,https://www.milanotoday.it/eventi/east-market-evento-per-diventare-dj.html,Formazione e networking,"Via Mecenate, Mecenate, Municipio 4, Milano, Lombardia, 20059, Italia",45.4548592,9.2455733,7
Teatri,08-01-22,2021-09-28,"Piazza Piemonte, Milano, MI",Teatro Nazionale,Al Teatro Nazionale il musical di Pretty Woman fa sognare i più romantici,https://www.milanotoday.it/eventi/spettacolo-pretty-woman-teatro-nazionale.html,Teatro e spettacolo,"Piazza Piemonte, Washington, Municipio 7, Milano, Lombardia, 20149, Italia",45.4662442,9.1546307,2
Spettacoli,28-09-21,2021-09-28,"Viale dell'Innovazione 20,20126, Milano, MI,Italia",Arcimboldi,Enrico Brignano - Un'ora sola vi vorrei,https://www.teatro.it/spettacoli/milano/degli-arcimboldi/2021-2022/enrico-brignano-unora-sola-vi-vorrei,Teatro e spettacolo,"20, Viale dell'Innovazione, Bicocca, Municipio 9, Milano, Lombardia, 20125, Italia",45.5148696,9.2135963,4
Mostre,10-10-21,2021-09-28,"Via Tortona, 56, Milano, MI",Mudec - Museo delle Culture,Al Mudec la camera delle meraviglie di Achille Lauro con i suoi abiti di Gucci,https://www.milanotoday.it/eventi/mostra-abiti-achille-lauro-mudec.html,Arte e cultura,"Mudec, 56, Via Tortona, Tortona, Municipio 6, Milano, Lombardia, 20144, Italia",45.4520455,9.1613185,6
Teatri,08-01-22,2021-09-28,"Piazza Piemonte, Milano, MI",Teatro Nazionale,Al Teatro Nazionale il musical di Pretty Woman fa sognare i più romantici,https://www.milanotoday.it/eventi/spettacolo-pretty-woman-teatro-nazionale.html,Teatro e spettacolo,"Piazza Piemonte, Washington, Municipio 7, Milano, Lombardia, 20149, Italia",45.4662442,9.1546307,2
Webinar,29-09-21,2021-09-29,"corso Magenta, Milano, MI",Palazzo Arese-Litta,PNRR e le imprese culturali e creative nel settore musicale,,Eventi digitali,"Corso Magenta, Magenta - San Vittore, Municipio 1, Milano, Lombardia, 20123, Italia",45.4657212,9.17112,8
,03-10-21,2021-09-29,"Via San Barnaba, 48, Milano, MI",Società Umanitaria,Life after - Mostra fotografica sulla carovana per la pace nei balcani - a cura di arci lombardia,https://www.milanotoday.it/eventi/life-after-mostra-fotografica.html,Non classificato,"48, Via San Barnaba, Guastalla, Municipio 1, Milano, Lombardia, 20122, Italia",45.4599206,9.2019497,0
,30-10-21,2021-09-30,"Via Achille Maiocchi, 15, Milano, MI",Galleria Maiocchi 15,Madrasat Milano. Esposizione delle opere di ali hassoun,https://www.milanotoday.it/eventi/madrasat-milano-esposizione-2021.html,Non classificato,"Via Achille Maiocchi, Buenos Aires - Venezia, Municipio 3, Milano, Lombardia, 20129, Italia",45.4749763,9.212389,0
Spettacoli,30-09-21,2021-09-30,"Via Alessandro Manzoni 42,20121, Milano, MI,Italia",Manzoni,Il sistema,https://www.teatro.it/spettacoli/milano/manzoni/2021-2022/il-sistema,Teatro e spettacolo,"Teatro Manzoni, 42, Via Alessandro Manzoni, Cerchia dei Navigli, Municipio 1, Milano, Lombardia, 20121, Italia",45.4710286,9.1944762,8
Mostre,14-10-21,2021-10-01,"Via Marsala, Milano, MI",Arting159,The great reset - Simboli e psiche: le opere di Stefania Pinsone,https://www.milanotoday.it/eventi/the-great-reset-2021.html,Arte e cultura,"Via Marsala, Brera, Municipio 1, Milano, Lombardia, 20100, Italia",45.479071,9.1866959,8
,28-02-22,2021-10-01,"Via San Vittore, 13, Milano, MI",29 ARTS IN PROGRESS,29 arts in progress gallery presenta mario testino: unfiltered,https://www.milanotoday.it/eventi/29-arts-in-progress-gallery-2021.html,Non classificato,"13, Via San Vittore, Magenta - San Vittore, Municipio 1, Milano, Lombardia, 20123, Italia",45.4628355,9.1717537,8
Spettacoli,01-10-21,2021-10-01,"Via Alessandro Manzoni 42,20121, Milano, MI,Italia",Manzoni,PANPERS - 10 anni di minchiate,https://www.teatro.it/spettacoli/milano/manzoni/2021-2022/10-anni-di-minchiate,Teatro e spettacolo,"Teatro Manzoni, 42, Via Alessandro Manzoni, Cerchia dei Navigli, Municipio 1, Milano, Lombardia, 20121, Italia",45.4710286,9.1944762,8
,28-02-22,2021-10-01,"Via San Vittore, 13, Milano, MI",29 ARTS IN PROGRESS,29 arts in progress gallery presenta mario testino: unfiltered,https://www.milanotoday.it/eventi/29-arts-in-progress-gallery-2021.html,Non classificato,"13, Via San Vittore, Magenta - San Vittore, Municipio 1, Milano, Lombardia, 20123, Italia",45.4628355,9.1717537,8
Concerti,03-10-21,2021-10-01,"Largo Gustav Mahler, Milano, MI",Auditorium di Milano,"La stagione sinfonica de LaVerdi si apre con ""Note di viaggio"", con Julian Prégardien e Alondra de la Parra",https://www.milanotoday.it/eventi/concerto-auditorium-milano-note-di-viaggio-con-julian-pregardien.html,Musica e vita notturna,"Largo Gustav Mahler, Ticinese, Municipio 5, Milano, Lombardia, 20136, Italia",45.4463151,9.1792547,6
,28-11-21,2021-10-01,"Via Circonvallazione Idroscalo, Milano, MI",Idroscalo,"Circo di mosca ""Gravity"" a Milano Idroscalo eccezionalmente fino al 28 novembre 2021",https://www.milanotoday.it/eventi/circo-di-mosca-gravity-2021.html,Non classificato,"Via Circonvallazione Idroscalo, Redecesio, Novegro, Segrate, Milano, Lombardia, 20054, Italia",45.469716,9.2854959,7
Seminario,01-10-21,2021-10-01,"Corso di Porta Ticinese, Milano, MI",Museo diocesano di Milano,La cappella di Sant'Aquilino in San Lorenzo Maggiore. Come era,,Formazione e networking,"Corso di Porta Ticinese, Cerchia dei Navigli, Municipio 1, Milano, Lombardia, 20123, Italia",45.4597208,9.1812604,8
Spettacoli,01-10-21,2021-10-01,"Corso Buenos Aires 33,20124, Milano, MI,Italia",Elfo Puccini - sala Shakespeare,Les nuits barbares,https://www.teatro.it/spettacoli/milano/elfo-puccini-sala-shakespeare/2021-2022/les-nuits-barbares,Teatro e spettacolo,"Teatro Elfo Puccini, 33, Corso Buenos Aires, Buenos Aires - Venezia, Municipio 3, Milano, Lombardia, 20124, Italia",45.4794317,9.2098387,0
Incontri,03-10-21,2021-10-01,"Via Enrico Besana, 12, Milano, MI",MUBA – Museo dei Bambini di Milano,Al Muba un laboratorio speciale per bambini per imparare a fare il pane,https://www.milanotoday.it/eventi/laboratorio-bambini-pane-muba.html,Formazione e networking,"MUBA - Museo dei Bambini, 12, Via Enrico Besana, Guastalla, Municipio 1, Milano, Lombardia, 20122, Italia",45.4599507,9.2051279,0
Mostre,31-12-21,2021-10-01,"Via Meravigli, 7, Milano, MI",Palazzo Francesco Turati,Wildlife photographer of the year 56,https://www.milanotoday.it/eventi/wildlife-photographer-of-the-year-56.html,Arte e cultura,"7, Via Meravigli, Duomo, Municipio 1, Milano, Lombardia, 20123, Italia",45.4658147,9.1838204,8
Mostre,31-12-21,2021-10-01,"Via Meravigli, 7, Milano, MI",Palazzo Turati,"La natura protagonista della nuova edizione di ""Wildlife Photographer of the Year""",https://www.milanotoday.it/eventi/mostra-fotografica-wildlife-photographer-of-the-year.html,Arte e cultura,"7, Via Meravigli, Duomo, Municipio 1, Milano, Lombardia, 20123, Italia",45.4658147,9.1838204,8
Manifestazioni,03-10-21,2021-10-01,"Via Monluè, Milano, MI",Cascina Monluè,"Balli, pizziche e cibo di strada: alla Cascina Monluè arrivano le Notti della Taranta",https://www.milanotoday.it/eventi/notte-taranta-cascina-monlue.html,Altri eventi,"Via Monluè, Parco Monluè - Ponte Lambro, Municipio 4, Milano, Lombardia, 21771, Italia",45.4576143,9.2548841,7
Manifestazioni,03-10-21,2021-10-02,"Via Jean Jaurès, 22, Milano, MI",Eastriver Martesana,Tolma - Festival of music and art,https://www.milanotoday.it/eventi/tolma-festival-of-music-2021.html,Altri eventi,"Eastriver Martesana, 22, Via Jean Jaures, Padova, Municipio 2, Milano, Lombardia, 20125, Italia",45.501859,9.2179327,4
,23-10-21,2021-10-02,"Via Michelangelo Buonarroti, 48, Milano, MI",Castello di Trezzo,Visita guidata teatralizzata e interattiva per bambini - Leonardo da vinci,https://www.milanotoday.it/eventi/visita-guidata-teatralizzata-2021.html,Non classificato,"48, Via Michelangelo Buonarroti, Pagano, Tre Torri, Municipio 8 di Milano, Milano, Lombardia, 20044, Italia",45.4725875,9.1557759,2
,17-10-21,2021-10-02,"Alzaia Naviglio Grande, 14, Milano, MI",Palazzo Stampa,La cura alla noia in una mostra fotografica ad Abbiategrasso,https://www.milanotoday.it/eventi/mostra-fotografica-abbiategrasso.html,Non classificato,"el Brellìn ristorante, 14, Alzaia Naviglio Grande, Navigli, Municipio 6, Milano, Lombardia, 20144, Italia",45.451868,9.174682,6
,16-10-21,2021-10-02,"Via Santa Maria Valle, 2, Milano, MI",MA-EC Gallery,Monologue. Loneliness in the bustling city,https://www.milanotoday.it/eventi/monologue-loneliness-2021.html,Non classificato,"Fondazione Alessandro Durini, 2, Via Santa Maria Valle, Cerchia dei Navigli, Municipio 1, Milano, Lombardia, 20123, Italia",45.4600544,9.1838916,8
,02-10-21,2021-10-02,"Via Fabio Massimo, 18, Milano, MI",Centro Internazionale di Quartiere,Guignol & amore psiche in concerto al centro internazionale di quartiere Milano,https://www.milanotoday.it/eventi/guignol-amore-psiche-2021.html,Non classificato,"35/18, Via Fabio Massimo, Lodi - Corvetto, Municipio 4, Milano, Lombardia, 20139, Italia",45.4322341,9.228081,0
Spettacoli,02-10-21,2021-10-02,"Via G. di Vittorio 6,20090, Assago, MI,Italia",Unipol Forum,Modà - Testa o croce Tour 2019/2020,https://www.teatro.it/spettacoli/assago/mediolanum-forum/2021-2022/moda-testa-o-croce-tour-20192020,Teatro e spettacolo,"20090, Italy",45.407,9.1083,9
Teatri,07-11-21,2021-10-02,"Via Rivoli, 6, Milano, MI",Piccolo Teatro Studio Melato,"Al Teatro Studio Melato le vite degli altri in ""Edificio 3"" di Claudio Tolcachir",https://www.milanotoday.it/eventi/spettacolo-edificio-3-teatro-studio-melato.html,Teatro e spettacolo,"6, Via Rivoli, Brera, Municipio 1, Milano, Lombardia, 20121, Italia",45.4726093,9.182881,8
Altro,02-10-21,2021-10-02,"via Gaetano de Castillia, 28, Milano, MI",Biblioteca degli Alberi Milano,BAM 4 Climate - Precop26: La Strada per Glasgow passa da BAM!,,Altri eventi,"28, Via Gaetano De Castillia, Isola, Municipio 9, Milano, Lombardia, 20124, Italia",45.4857844,9.192789,8
,16-10-21,2021-10-02,"Via Giuseppe Dall'Occo, 1, Milano, MI",Galleria Click Art,Piccoli quadri raccontano,https://www.milanotoday.it/eventi/piccoli-quadri-raccontano.html,Non classificato,"Via Giuseppe Dall'Occo, Cormano, Zona Omogenea Milano Nord, Milano, Lombardia, 20032, Italia",45.5444673,9.1692278,4
Spettacoli,03-10-21,2021-10-03,"via Pier Lombardo,14,20135, Milano, MI,Italia",Franco Parenti - Sala Grande,La banca dei sogni,https://www.teatro.it/spettacoli/milano/franco-parenti-sala-grande/2021-2022/la-banca-dei-sogni,Teatro e spettacolo,"Via Pier Lombardo, Porta Romana, Municipio 4, Milano, Lombardia, 20135, Italia",45.4542958,9.2063109,0
Teatri,12-12-21,2021-10-03,"Via Fratelli Zoia, 89, Milano, MI",Spazio Teatro 89,"Teatro per bambini, allo Spazio Teatro 89 una rassegna di spettacoli per tutto l'autunno",https://www.milanotoday.it/eventi/teatro-per-bambini-spettacolo-spazio-teatro-89.html,Teatro e spettacolo,"Via Fratelli Zoia, La Viridiana, Forze Armate, Municipio 7, Milano, Lombardia, 20152, Italia",45.460948,9.1108287,9
Spettacoli,03-10-21,2021-10-03,"Via Ciro Menotti 11,20129, Milano, MI,Italia",Menotti,Inferno,https://www.teatro.it/spettacoli/milano/menotti/2021-2022/inferno,Teatro e spettacolo,"Teatro Menotti, 11, Via Ciro Menotti, Buenos Aires - Venezia, Municipio 3, Milano, Lombardia, 20129, Italia",45.4699775,9.2131112,0
Manifestazioni,03-10-21,2021-10-03,"Via Santa Croce, 15, Milano, MI",Associazione IBVA,"Parte solidando, il mercato agricolo a filiera colta: contadino, biologico, solidale",https://www.milanotoday.it/eventi/parte-solidando-2021.html,Altri eventi,"Via Santa Croce, Ticinese, Municipio 1, Milano, Lombardia, 20136, Italia",45.4551761,9.1834041,8
Spettacoli,03-10-21,2021-10-03,"Corso Buenos Aires 33,20124, Milano, MI,Italia",Elfo Puccini - sala Shakespeare,Boys don't cry,https://www.teatro.it/spettacoli/milano/elfo-puccini-sala-shakespeare/2021-2022/boys-dont-cry,Teatro e spettacolo,"Teatro Elfo Puccini, 33, Corso Buenos Aires, Buenos Aires - Venezia, Municipio 3, Milano, Lombardia, 20124, Italia",45.4794317,9.2098387,0
Spettacoli,03-10-21,2021-10-03,"Via Alessandro Manzoni 42,20121, Milano, MI,Italia",Manzoni,Il Gruffalò,https://www.teatro.it/spettacoli/milano/manzoni/2021-2022/il-gruffalo,Teatro e spettacolo,"Teatro Manzoni, 42, Via Alessandro Manzoni, Cerchia dei Navigli, Municipio 1, Milano, Lombardia, 20121, Italia",45.4710286,9.1944762,8
Mercatini,03-10-21,2021-10-03,"Via Bovisasca, 59, Milano, MI",Spirit de Milan,"Allo Spirit de Milan il mercatino delle meraviglie con abiti, pezzi di design e accessori vintage",https://www.milanotoday.it/eventi/mercatino-vintage-spirit-de-milan.html,Mercati e shopping,"Spirit de Milan, 59, Via Bovisasca, Bovisa, Municipio 9, Milano, Lombardia, 20157, Italia",45.5067143,9.1584748,2
Sport,03-10-21,2021-10-03,"Piazza del Cannone, Milano, MI",,A Milano si corre: torna la Pittarosso Pink Parade per aiutare la ricerca contro i tumori,https://www.milanotoday.it/eventi/pittarosso-pink-parade-maratona-beneficenza.html,Sport e attività fisica,"Piazza del Cannone, Parco Sempione, Municipio 1, Milano, Lombardia, Italia",45.4716693,9.1780647,8
Spettacoli,04-10-21,2021-10-04,"Via Alessandro Manzoni 42,20121, Milano, MI,Italia",Manzoni,"Un ebreo, un ligure e l'ebraismo - Moni Ovadia, Dario Vergassola",https://www.teatro.it/spettacoli/milano/manzoni/2021-2022/un-ebreo-un-ligure-e-lebraismo-moni-ovadia-dario-vergassola,Teatro e spettacolo,"Teatro Manzoni, 42, Via Alessandro Manzoni, Cerchia dei Navigli, Municipio 1, Milano, Lombardia, 20121, Italia",45.4710286,9.1944762,8
Teatri,17-10-21,2021-10-05,"Via Riccardo Pitteri, 58, Milano, MI",Teatro Martinitt,"""Il Test"" al Teatro Martinitt fa ridere il pubblico. Orari e biglietti",https://www.milanotoday.it/eventi/spettacolo-il-test-teatro-martinitt.html,Teatro e spettacolo,"Via Riccardo Pitteri, Lambrate, Municipio 3, Milano, Lombardia, 20134, Italia",45.4805358,9.2454637,7
,20-10-21,2021-10-05,"Via Enrico Caviglia, 3, Milano, MI",Istituto Italiano di Fotografia,Mostra “eppure sono stato un albero nel bosco” di Alice Jankovic,https://www.milanotoday.it/eventi/mostra-eppure-2021.html,Non classificato,"3, Via Enrico Caviglia, Lodi - Corvetto, Municipio 4, Milano, Lombardia, 20139, Italia",45.4436084,9.2298198,0
Incontri,17-10-21,2021-10-05,"Via Ciovasso, Milano, MI",MADE4ART,Nuove visioni,https://www.milanotoday.it/eventi/nuove-visioni-2021.html,Formazione e networking,"Via Ciovasso, Cerchia dei Navigli, Municipio 1, Milano, Lombardia, 20121, Italia",45.4700344,9.1865972,8
,17-10-21,2021-10-05,"Via Ciovasso, 17, Milano, MI",MADE4ART,"Photofestival: a Milano la mostra ""nuove visioni""",https://www.milanotoday.it/eventi/photofestival-2021.html,Non classificato,"17, Via Ciovasso, Cerchia dei Navigli, Municipio 1, Milano, Lombardia, 20121, Italia",45.4701036,9.1865377,8
Spettacoli,06-10-21,2021-10-06,"Via Carlo Botta,18,20135, Milano, MI,Italia",Franco Parenti - Bagni Misteriosi,Sempre fiori mai un fioraio. Omaggio a Paolo Poli,https://www.teatro.it/spettacoli/milano/franco-parenti-bagni-misteriosi/2021-2022/sempre-fiori-mai-un-fioraio-omaggio-a-paolo-poli,Teatro e spettacolo,"18, Via Carlo Botta, Porta Romana, Municipio 4, Milano, Lombardia, 20135, Italia",45.4537805,9.2050141,0
Spettacoli,06-10-21,2021-10-06,"Corso Buenos Aires 33,20124, Milano, MI,Italia",Elfo Puccini - sala Shakespeare,Graces,https://www.teatro.it/spettacoli/milano/elfo-puccini-sala-shakespeare/2021-2022/graces,Teatro e spettacolo,"Teatro Elfo Puccini, 33, Corso Buenos Aires, Buenos Aires - Venezia, Municipio 3, Milano, Lombardia, 20124, Italia",45.4794317,9.2098387,0
Mostra,13-11-21,2021-10-07,"via Brera, 28, Milano, MI",Pinacoteca di Brera - Biblioteca Nazionale Braidense di Milano,COMPETIZIONE E CONDIVISIONE. La lingua araba e l’editoria come luogo di incontro dal XVI al XVIII secolo,,Arte e cultura,"Pinacoteca di Brera, 28, Via Brera, Cerchia dei Navigli, Municipio 1, Milano, Lombardia, 20121, Italia",45.4722421,9.1884071,8
,08-10-21,2021-10-07,"Corso Magenta, 61, Milano, MI",Palazzo delle Stelline,"Torna Reinventing, terzo settore riunito a milano per dare energia alla solidarietà",https://www.milanotoday.it/eventi/torna-reinventing-2021.html,Non classificato,"61, Corso Magenta, Magenta - San Vittore, Municipio 1, Milano, Lombardia, 20123, Italia",45.4656392,9.1722471,8
,28-10-21,2021-10-07,"Via Lovanio, 6, Milano, MI",Amy-d Arte Spazio,"Ecdysis, mostra personale di Alice Padovani",https://www.milanotoday.it/eventi/ecdysis-mostra-personale-di-alice-padovani-2021.html,Non classificato,"6, Via Lovanio, Brera, Municipio 1, Milano, Lombardia, 20121, Italia",45.4766942,9.1861782,8
Incontri,02-12-21,2021-10-07,"Via Enrico Besana, 12, Milano, MI",MUBA – Museo dei Bambini di Milano,Al Muba il teatro per bambini diventa un gioco divertente,https://www.milanotoday.it/eventi/teatro-muba-bambini.html,Formazione e networking,"MUBA - Museo dei Bambini, 12, Via Enrico Besana, Guastalla, Municipio 1, Milano, Lombardia, 20122, Italia",45.4599507,9.2051279,0
Teatri,24-10-21,2021-10-08,"Via Giorgio Vasari, 15, Milano, MI",Teatro Franco Parenti,"""Mutuo Soccorso"" al Teatro Franco Parenti, il racconto di un condominio milanese",https://www.milanotoday.it/eventi/mutuo-soccorso-spettacolo-teatro-franco-parenti.html,Teatro e spettacolo,"Via Giorgio Vasari, Porta Romana, Municipio 4, Milano, Lombardia, 20135, Italia",45.4542475,9.2073471,0
Inaugurazioni,14-10-21,2021-10-08,"Via Luciano Manara, 5, Milano, MI",,I Love Poke apre un nuovo store a Milano!,https://www.milanotoday.it/eventi/i-love-poke-apre-un-nuovo-store-a-milano.html,Inaugurazioni,"5, Via Luciano Manara, Abbiategrasso, Milano, Lombardia, 20081, Italia",45.4021631,8.9117535,5
Manifestazioni,10-10-21,2021-10-08,"Via San Vittore, 21, Milano, MI",Museo Nazionale della Scienza e della Tecnologia Leonardo da Vinci,"XXII Giornata europea della cultura ebraica, il programma degli incontri",https://www.milanotoday.it/eventi/giornata-europea-cultura-ebraica-programma-2021.html,Altri eventi,"21, Via San Vittore, Magenta - San Vittore, Municipio 1, Milano, Lombardia, 20123, Italia",45.4628946,9.1706462,8
Concerti,08-10-21,2021-10-08,"Viale Enrico Fermi, 98, Milano, MI",Legend Club,Al Legend Club una serata speciale in omaggio a Lucio Battisti,https://www.milanotoday.it/eventi/concerto-lucio-battisti-e-sagra-romana-legend-club.html,Musica e vita notturna,"Legend Club, 98, Viale Enrico Fermi, Parco Nord, Municipio 9, Milano, Lombardia, 20161, Italia",45.5161589,9.1794377,2
,08-10-21,2021-10-08,"Via dell'Allodola, 5, Milano, MI","Teatro ""La Creta""",Francesco secondo Dante - Parole e musica,https://www.milanotoday.it/eventi/francesco-secondo-dante-parole-e-musica-2021.html,Non classificato,"Via dell'Allodola, Lorenteggio, Municipio 6, Milano, Lombardia, 20147, Italia",45.454862,9.1195068,9
,21-11-21,2021-10-08,"Viale Emilio Alemagna, 6, Milano, MI",La Triennale di Milano,"Alla Triennale approda una mostra su Lingeri, esponente dell'architettura razionalista",https://www.milanotoday.it/eventi/mostra-pietro-lingeri.html,Non classificato,"Triennale Design Museum, 6, Viale Emilio Alemagna, Parco Sempione, Municipio 1, Milano, Lombardia, 20121, Italia",45.4721477,9.1734894,2
,08-10-21,2021-10-08,"Via dell'Allodola, 5, Milano, MI","Teatro ""La Creta""",Francesco secondo Dante,https://www.milanotoday.it/eventi/francesco-secondo-dante-2021.html,Non classificato,"Via dell'Allodola, Lorenteggio, Municipio 6, Milano, Lombardia, 20147, Italia",45.454862,9.1195068,9
Spettacoli,09-10-21,2021-10-09,"Via Carlo Botta,18,20135, Milano, MI,Italia",Franco Parenti - Bagni Misteriosi,"L’uomo che oscurò il re Sole - 
Vita di Molière",https://www.teatro.it/spettacoli/milano/franco-parenti-bagni-misteriosi/2021-2022/luomo-che-oscuro-il-re-sole-vita-di-moliere,Teatro e spettacolo,"18, Via Carlo Botta, Porta Romana, Municipio 4, Milano, Lombardia, 20135, Italia",45.4537805,9.2050141,0
Incontri,11-10-21,2021-10-09,"Via della Guastalla, 19, Milano, MI",Sinagoga,XXII giornata europea della cultura ebraica – 10 ottobre 2021: “il dialogo”.  Il programma di Milano,https://www.milanotoday.it/eventi/xxii-giornata-europea-della-cultura-ebraica.html,Formazione e networking,"Via della Guastalla, Guastalla, Municipio 1, Milano, Lombardia, 20122, Italia",45.460335,9.1986007,8
Incontri,09-10-21,2021-10-09,"Via Francesco Domenico Guerrazzi, 2, Milano, MI",Negozio Tea & Tao,Arte e tè: degustazione di un quadro,https://www.milanotoday.it/eventi/arte-e-te-degustazione.html,Formazione e networking,"2, Via Francesco Domenico Guerrazzi, Pagano, Municipio 1, Milano, Lombardia, 20145, Italia",45.4752035,9.1707291,2
Spettacoli,09-10-21,2021-10-09,"Corso Buenos Aires 33,20124, Milano, MI,Italia",Elfo Puccini - sala Shakespeare,Rifare Bach (la naturale bellezza del creato),https://www.teatro.it/spettacoli/milano/elfo-puccini-sala-shakespeare/2021-2022/rifare-bach-la-naturale-bellezza-del-creato,Teatro e spettacolo,"Teatro Elfo Puccini, 33, Corso Buenos Aires, Buenos Aires - Venezia, Municipio 3, Milano, Lombardia, 20124, Italia",45.4794317,9.2098387,0
Teatri,09-10-21,2021-10-09,"Via Carlo Botta, 18, Milano, MI",Bagni Misteriosi,"Ai Bagni Misteriosi ""L'uomo che oscurò il sole"" con la voce di Alessio Boni",https://www.milanotoday.it/eventi/spettacolo-uomo-che-oscuro-il-sole-franco-parenti.html,Teatro e spettacolo,"18, Via Carlo Botta, Porta Romana, Municipio 4, Milano, Lombardia, 20135, Italia",45.4537805,9.2050141,0
Concerti,09-10-21,2021-10-09,"Via Fratelli Zoia, 89, Milano, MI",Spazio Teatro 89,Milano è blues: concerto dei Mandolin’ Brothers allo Spazio Teatro 89,https://www.milanotoday.it/eventi/concerto-mandolin-brothers-spazio-teatro-89.html,Musica e vita notturna,"Via Fratelli Zoia, La Viridiana, Forze Armate, Municipio 7, Milano, Lombardia, 20152, Italia",45.460948,9.1108287,9
,09-10-21,2021-10-09,"Via Giulio Natta, 19, Milano, MI",Cascina Cotica,Coltivando - Un laboratorio per nonni e nipoti,https://www.milanotoday.it/eventi/coltivando-un-laboratorio-per-nonni-e-nipoti-2021.html,Non classificato,"Via Giulio Natta, Gallaratese, Lampugnano, Municipio 8 di Milano, Milano, Lombardia, 20151, Italia",45.4886178,9.1192528,9
Concerti,10-10-21,2021-10-10,"Via Risorgimento, 18, Milano, MI",SOS Fornace Rho,(In)visibili,https://www.milanotoday.it/eventi/in-visibili-kwh.html,Musica e vita notturna,"SOS Fornace, 18, Via Risorgimento, Zona Industriale Alcide De Gasperi, Pantanedo, Mazzo, Rho, Milano, Lombardia, 20017, Italia",45.5275259,9.0727809,1
Spettacoli,10-10-21,2021-10-10,"Via Alessandro Manzoni 42,20121, Milano, MI,Italia",Manzoni,E' questa la vita che sognavo da bambino?,https://www.teatro.it/spettacoli/milano/manzoni/2021-2022/e-questa-la-vita-che-sognavo-da-bambino,Teatro e spettacolo,"Teatro Manzoni, 42, Via Alessandro Manzoni, Cerchia dei Navigli, Municipio 1, Milano, Lombardia, 20121, Italia",45.4710286,9.1944762,8
Attività Didattica,10-10-21,2021-10-10,"via Brera, 28, Milano, MI",Pinacoteca di Brera,"F@Mu, giornata delle Famiglie al museo, 10 ottobre 2021 ""Nulla accade prima di un sogno""",,Formazione e networking,"Pinacoteca di Brera, 28, Via Brera, Cerchia dei Navigli, Municipio 1, Milano, Lombardia, 20121, Italia",45.4722421,9.1884071,8
Incontri,10-10-21,2021-10-10,"Piazza del Duomo, 12, Milano, MI",Duomo,Alla scoperta del Duomo di Milano con una visita speciale per i bambini,https://www.milanotoday.it/eventi/visita-duomo-milano-per-bambini.html,Formazione e networking,"12, Piazza del Duomo, Duomo, Municipio 1, Milano, Lombardia, 20122, Italia",45.4631707,9.1911184,8
Mostra,10-10-21,2021-10-10,"Via Senato, 10, Milano, MI",Archivio di Stato di Milano,Nelle sommosse e nelle guerre. Gli archivi milanesi durante l’età napoleonica,,Arte e cultura,"10, Via Senato, Guastalla, Municipio 1, Milano, Lombardia, 20121, Italia",45.4700976,9.1981223,8
,10-10-21,2021-10-10,"Viale Montello, 3, Milano, MI",Giardini Lea Garofalo,50 special: domenica 10 ottobre l'evento per il compleanno delle no profit milanesi hslt e avs,https://www.milanotoday.it/eventi/50-special-domenica-10-ottobre.html,Non classificato,"Viale Montello, Sarpi, Municipio 1, Milano, Lombardia, 20154, Italia",45.4815808,9.1813767,2
Spettacoli,10-10-21,2021-10-10,"Corso Buenos Aires 33,20124, Milano, MI,Italia",Elfo Puccini - sala Shakespeare,Monjour,https://www.teatro.it/spettacoli/milano/elfo-puccini-sala-shakespeare/2021-2022/monjour,Teatro e spettacolo,"Teatro Elfo Puccini, 33, Corso Buenos Aires, Buenos Aires - Venezia, Municipio 3, Milano, Lombardia, 20124, Italia",45.4794317,9.2098387,0
Incontri,10-10-21,2021-10-10,"Largo Antonio Balestra, Milano, MI",Giardini di Via Balestra,I laboratori del WWF nel parco urbano di Giambellino,https://www.milanotoday.it/eventi/incontri-bambini-parco-via-balestra.html,Formazione e networking,"Largo Antonio Balestra, Lorenteggio, Municipio 6, Milano, Lombardia, Italia",45.4481976,9.1424399,6
evento integrato (on-line e on site),10-10-21,2021-10-10,"Via Senato, Milano, MI",Soprintendenza Archivistica e Bibliografica della Lombardia,Domenica di carta 2021 | Echi d'archivio. Storie di donne,,Eventi digitali,"Via Senato, Cerchia dei Navigli, Municipio 1, Milano, Lombardia, 20121, Italia",45.4714266,9.1962309,8
Concerti,11-10-21,2021-10-11,"Via Bovisasca, 59, Milano, MI",Spirit de Milan,Davide Van De Sfroos in concerto a Milano. Orari e biglietti,https://www.milanotoday.it/eventi/concerto-davide-van-de-sfroos-milano-biglietti.html,Musica e vita notturna,"Spirit de Milan, 59, Via Bovisasca, Bovisa, Municipio 9, Milano, Lombardia, 20157, Italia",45.5067143,9.1584748,2
Spettacoli,11-10-21,2021-10-11,"Via Alessandro Manzoni 42,20121, Milano, MI,Italia",Manzoni,ABBA DREAM,https://www.teatro.it/spettacoli/milano/manzoni/2021-2022/abba-dream-in-concerto,Teatro e spettacolo,"Teatro Manzoni, 42, Via Alessandro Manzoni, Cerchia dei Navigli, Municipio 1, Milano, Lombardia, 20121, Italia",45.4710286,9.1944762,8
Teatri,31-10-21,2021-10-12,"Via Rovello, 2, Milano, MI",Piccolo Teatro Grassi,"""Arlecchino servitore di due padroni"" al Piccolo Teatro. Orari e biglietti",https://www.milanotoday.it/eventi/spettacolo-arlecchino-servitore-di-due-padroni-piccolo-teatro.html,Teatro e spettacolo,"2, Via Rovello, Brera, Milano, Lombardia, 20121, Italia",45.4665188,9.1847651,8
Concerti,13-10-21,2021-10-13,"Piazza Armando Diaz, Milano, MI",Terrazza Martini,"Clementino feat. Saturnino, concerto a Milano in Terrazza Martini",https://www.milanotoday.it/eventi/concerto-clementino-13-ottobre-2021.html,Musica e vita notturna,"Piazza Armando Diaz, Cerchia dei Navigli, Municipio 1, Milano, Lombardia, 20122, Italia",45.4623603,9.1900022,8
Mostre,10-01-22,2021-10-13,"Via Privata Passo Pordoi, 7/3, Milano, MI",Hub/Art,Mostra hidden images di Marco Abrate,https://www.milanotoday.it/eventi/inaugurazione-mostra-hidden-images-marco-abrate.html,Arte e cultura,"Via Passo Pordoi, Scalo Romana, Municipio 5, Milano, Lombardia, 20139, Italia",45.4364043,9.2092881,0
Mostre,10-01-22,2021-10-13,"Via Privata Passo Pordoi, 7/3, Milano, MI",Hub/Art,Mostra hidden images di Marco Abrate,https://www.milanotoday.it/eventi/inaugurazione-mostra-hidden-images-marco-abrate.html,Arte e cultura,"Via Passo Pordoi, Scalo Romana, Municipio 5, Milano, Lombardia, 20139, Italia",45.4364043,9.2092881,0
Mostre,09-01-22,2021-10-13,"Piazza del Duomo, 12, Milano, MI",Palazzo Reale,Frammenti. Una grande mostra di Tullio Pericoli,https://www.milanotoday.it/eventi/frammenti-una-grande-mostra-di-tullio-pericoli-2021.html,Arte e cultura,"12, Piazza del Duomo, Duomo, Municipio 1, Milano, Lombardia, 20122, Italia",45.4631707,9.1911184,8
Incontri,27-10-21,2021-10-13,"Corso di Porta Nuova, 32, Milano, MI",Associazione Paolo Pini,Cerchiamo volontari,https://www.milanotoday.it/eventi/cerchiamo-volontari-2021.html,Formazione e networking,"Centro Sicurezza Porta Nuova, 32, Corso di Porta Nuova, Brera, Municipio 1, Milano, Lombardia, 20121, Italia",45.4767253,9.1920113,8
Mostre,31-10-21,2021-10-13,"Via Melzo, 30, Milano, MI",gli eroici furori,Marco Paganini - Da qui non si vede,https://www.milanotoday.it/eventi/marco-paganini.html,Arte e cultura,"La Teiera Eclettica, 30, Via Melzo, Buenos Aires - Venezia, Municipio 3, Milano, Lombardia, 20129, Italia",45.4751952,9.2080791,0
Mostre,09-01-22,2021-10-13,"Piazza del Duomo, 12, Milano, MI",Palazzo Reale,Frammenti. Una grande mostra di Tullio Pericoli,https://www.milanotoday.it/eventi/frammenti-una-grande-mostra-di-tullio-pericoli-2021.html,Arte e cultura,"12, Piazza del Duomo, Duomo, Municipio 1, Milano, Lombardia, 20122, Italia",45.4631707,9.1911184,8
Spettacoli,14-10-21,2021-10-14,"Via Filodrammatici 2,20121, Milano, MI,Italia",Teatro Alla Scala,Madina,https://www.teatro.it/spettacoli/milano/teatro-alla-scala/2021-2022/madina,Teatro e spettacolo,"2, Via Filodrammatici, Brera, Milano, Lombardia, 20121, Italia",45.4673781,9.188701,8
Teatri,14-11-21,2021-10-14,"Corso Buenos Aires, 33, Milano, MI",Teatro Elfo Puccini,"All'Elfo Puccini lo spettacolo di Elio De Capitani ""Diplomazia""",https://www.milanotoday.it/eventi/spettacolo-diplomazia-de-capitani-elfo-puccini.html,Teatro e spettacolo,"Teatro Elfo Puccini, 33, Corso Buenos Aires, Buenos Aires - Venezia, Municipio 3, Milano, Lombardia, 20124, Italia",45.4794317,9.2098387,0
,14-10-21,2021-10-14,"Via Castellino da Castello, 9, Milano, MI","Istituto Comprensivo Rinnovata Pizzigoni, Plesso Giancarlo Puecher",Rock psichedelico e danza alla scuola Puecher di Milano,https://www.milanotoday.it/eventi/concerto-spettacolo-nebula-scuola-puecher-14-ottobre-2021.html,Non classificato,"9, Via Castellino da Castello, Villapizzone, Ghisolfa, Municipio 8 di Milano, Milano, Lombardia, 20155, Italia",45.4962253,9.1581237,2
Cibo e Vino,30-10-21,2021-10-14,"Via Tonale, Milano, MI",Campo di Federica,Il pumpkin patch con le zucche di halloween alle porte di Milano,https://www.milanotoday.it/eventi/campo-zucche-halloween-nerviano.html,Enogastronomia,"Via Tonale, Centrale, Municipio 2, Milano, Lombardia, 20124, Italia",45.488153,9.203972,0
Teatri,24-10-21,2021-10-14,"Via Filodrammatici, Milano, MI",Teatro Filodrammatici,"Al Teatro Filodrammatici lo spettacolo ""Vieux Carré. Autoritratto dell’artista da giovane""",https://www.milanotoday.it/eventi/spettacolo-teatro-filodrammatici-vieux-carre.html,Teatro e spettacolo,"Via Filodrammatici, Brera, Municipio 1, Milano, Lombardia, 20121, Italia",45.4673403,9.1886109,8
,20-10-21,2021-10-14,"Viale Vincenzo Lancetti, Milano, MI",spazioSERRA,Don't fuck with my hunger - Martina Rota,https://www.milanotoday.it/eventi/mostra-martina-rota.html,Non classificato,"Viale Vincenzo Lancetti, Farini, Municipio 9, Milano, Lombardia, 20159, Italia",45.4953582,9.1784613,2
Concerti,14-10-21,2021-10-14,"Corso Italia, 37, Milano, MI",Basilica di San Celso,La pianista Giuseppina Torre in concerto a Milano. Orari e biglietti,https://www.milanotoday.it/eventi/concerto-giuseppina-torre-basilica-san-celso.html,Musica e vita notturna,"37, Corso Italia, Vigentina, Municipio 1, Milano, Lombardia, 20122, Italia",45.4551276,9.1873184,8
Mostre,31-01-22,2021-10-15,"Piazza della Scienza, Milano, MI",Galleria della scienza,La mostra in Bicocca che fa immergere i visitatori nell'oceano,https://www.milanotoday.it/eventi/bicocca-mostra-oceani.html,Arte e cultura,"Piazza della Scienza, Bicocca, Municipio 9, Milano, Lombardia, 20126, Italia",45.5134801,9.2113449,4
Mostre,24-10-21,2021-10-15,"Via Palestro, 14, Milano, MI",PAC - Padiglione d’arte contemporanea,"""Ri-scatti, fino a farmi scomparire"". La nuova mostra sui disturbi alimentari",https://www.milanotoday.it/eventi/mostra-riscatti-pac-milano.html,Arte e cultura,"14, Via Palestro, Guastalla, Municipio 1, Milano, Lombardia, 20121, Italia",45.4729115,9.1995282,8
Disco&Feste,17-10-21,2021-10-15,"Via Bovisasca, 59, Milano, MI",Spirit de Milan,Un weekend a ritmo di swing allo Spirit de Milan,https://www.milanotoday.it/eventi/festival-swing-spirit-de-milan-2021.html,Musica e vita notturna,"Spirit de Milan, 59, Via Bovisasca, Bovisa, Municipio 9, Milano, Lombardia, 20157, Italia",45.5067143,9.1584748,2
Mostre,31-01-22,2021-10-15,"Piazza della Scienza, Milano, MI",Galleria della scienza,La mostra in Bicocca che fa immergere i visitatori nell'oceano,https://www.milanotoday.it/eventi/bicocca-mostra-oceani.html,Arte e cultura,"Piazza della Scienza, Bicocca, Municipio 9, Milano, Lombardia, 20126, Italia",45.5134801,9.2113449,4
Spettacoli,15-10-21,2021-10-15,"Via Filodrammatici 2,20121, Milano, MI,Italia",Teatro Alla Scala,Il barbiere di Siviglia,https://www.teatro.it/spettacoli/milano/teatro-alla-scala/2021-2022/il-barbiere-di-siviglia,Teatro e spettacolo,"2, Via Filodrammatici, Brera, Milano, Lombardia, 20121, Italia",45.4673781,9.188701,8
Sagre,31-10-21,2021-10-15,"Via Giuseppe di Vittorio, Milano, MI",Centro sportivo,La super festa dei pizzoccheri nel Milanese,https://www.milanotoday.it/eventi/sagra-pizzoccheri-2021.html,Enogastronomia,"Via Giuseppe Di Vittorio, Cascine Olona, Vighignolo, Settimo Milanese, Milano, Lombardia, 20019, Italia",45.4867995,9.0567603,1
,30-10-21,2021-10-15,"Via Luigi Canonica, 38, Milano, MI",Art Studio 38,L'ombra e la luce. Opere di Valerio Ceppetelli Csaprini,https://www.milanotoday.it/eventi/ombra-luce-valerio-ceppetelli.html,Non classificato,"38, Via Luigi Canonica, Sarpi, Municipio 1, Milano, Lombardia, 20154, Italia",45.4792227,9.1739287,2
Mostre,03-11-21,2021-10-15,"Corso di Porta Ticinese, 69, Milano, MI",spazioRAW,"Wetlands, le terre d'acqua - Mostra fotografica naturalistica",https://www.milanotoday.it/eventi/wetlands-le-terre-d-acqua-2021.html,Arte e cultura,"Laboratorio Tam Tam, 69, Corso di Porta Ticinese, Ticinese, Municipio 1, Milano, Lombardia, 20123, Italia",45.4567134,9.1809051,8
,31-10-21,2021-10-15,"Piazza della Repubblica, 1, Milano, MI",Palazzo Pirola,Venezia Milano andata e ritorno: le foto di Enrico Camporese in mostra,https://www.milanotoday.it/eventi/mostra-fotografica-venezia-milano-camporese-ottobre-2021.html,Non classificato,"1, Piazza della Repubblica, Brera, Municipio 1, Milano, Lombardia, 20121, Italia",45.4774961,9.1953566,8
Cibo e Vino,15-10-21,2021-10-15,"Piazza Venticinque Aprile, 10, Milano, MI",,Fall in love: la festa d’autunno di Eataly Milano,https://www.milanotoday.it/eventi/fall-in-love-festa-autunno-eataly-milano.html,Enogastronomia,"Eataly Smeraldo, 10, Piazza Venticinque Aprile, Brera, Municipio 9, Milano, Lombardia, 20121, Italia",45.4805707,9.1878758,8
Mostre,30-10-21,2021-10-15,"Via Valenza, 2, Milano, MI",Ride,“Tires & marble sculptures”: a ride di Milano in mostra le opere di nazareno biondo,https://www.milanotoday.it/eventi/tires-marble-sculptures-2021.html,Arte e cultura,"Via Valenza, Navigli, Municipio 6, Milano, Lombardia, 20144, Italia",45.4514071,9.1691656,6
Manifestazioni,17-10-21,2021-10-16,"Via Grosotto, 7, Milano, MI",Piazza Portello,In Piazza Portello oltre 300 varietà di funghi in mostra,https://www.milanotoday.it/eventi/mostra-funghi-piazza-portello.html,Altri eventi,"H&M, 7, Via Grosotto, Villapizzone, Cagnola, Municipio 8 di Milano, Milano, Lombardia, 20149, Italia",45.4903254,9.146256,2
Spettacoli,16-10-21,2021-10-16,"Via Orcagna 2,20131, Milano, MI,Italia",No'hma Teresa Pomodoro,L'onda che verrà - Sergio Muñiz,https://www.teatro.it/spettacoli/milano/nohma-teresa-pomodoro/2021-2022/londa-che-verra-sergio-muniz,Teatro e spettacolo,"2, Via Andrea Orcagna, Città Studi, Municipio 3, Milano, Lombardia, 20131, Italia",45.4812196,9.2281055,0
Manifestazioni,16-10-21,2021-10-16,"Corso Sempione, Milano, MI",Parco Sempione,"Corsa 5 o 10 chilometri sabato al Parco Sempione: ""Libera la mente, fai muovere Milano"" di Asics",https://www.milanotoday.it/eventi/corsa-asics-sabato-16-ottobre.html,Altri eventi,"Corso Sempione, Sarpi, Bullona, Municipio 8 di Milano, Milano, Lombardia, 20155, Italia",45.4829626,9.1628641,2
Incontri,16-10-21,2021-10-16,"Piazza Sant'Eustorgio, 3, Milano, MI",,"Milano, la notte dei senza dimora per offrire un pasto caldo ai più bisognosi",https://www.milanotoday.it/eventi/notte-dei-senza-dimora-beneficenza-senzatetto.html,Formazione e networking,"Museo Diocesano di Milano, 3, Piazza Sant'Eustorgio, Ticinese, Municipio 1, Milano, Lombardia, 20123, Italia",45.4546749,9.1810291,8
,23-10-21,2021-10-16,"Viale Premuda, 27, Milano, MI",Chie Art Gallery,"Mostra ""I colori giapponesi"" alla Chie Art Gallery di Milano",https://www.milanotoday.it/eventi/mostra-colori-giapponesi-chie-art-gallery.html,Non classificato,"Il Viaggiator Goloso, 27, Viale Premuda, Guastalla, Municipio 1, Milano, Lombardia, 20900, Italia",45.4670766,9.2069442,0
Spettacoli,17-10-21,2021-10-17,"Via San Giovanni sul muro 2,20121, Milano, MI,Italia",Dal Verme,Il cammino dell'anima Tour 2020 - Angelo Branduardi,https://www.teatro.it/spettacoli/milano/dal-verme/2021-2022/il-cammino-dellanima-tour-2020-angelo-branduardi,Teatro e spettacolo,"2, Via San Giovanni sul Muro, Cerchia dei Navigli, Municipio 1, Milano, Lombardia, 20121, Italia",45.4671162,9.1814924,8
Spettacoli,17-10-21,2021-10-17,"Piazza Cesare Beccaria 8,20122, Milano, MI,Italia",Gerolamo,Bang bang... di colpo lui,https://www.teatro.it/spettacoli/milano/gerolamo/2021-2022/bang-bang-di-colpo-lui,Teatro e spettacolo,"Teatro Gerolamo, 8, Piazza Cesare Beccaria, Duomo, Municipio 1, Milano, Lombardia, 20122, Italia",45.464175,9.1945551,8
Spettacoli,17-10-21,2021-10-17,"viale Alemagna,6,20121, Milano, MI,Italia",Triennale,Cleopatras,https://www.teatro.it/spettacoli/milano/triennale-teatro-dellarte/2021-2022/cleopatras,Teatro e spettacolo,"Triennale Design Museum, 6, Viale Emilio Alemagna, Parco Sempione, Municipio 1, Milano, Lombardia, 20121, Italia",45.4721477,9.1734894,2
Spettacoli,17-10-21,2021-10-17,"Corso Magenta 24,20123, Milano, MI,Italia",MTM - Litta,La rivolta dei brutti,https://www.teatro.it/spettacoli/milano/mtm-litta/2021-2022/la-rivolta-dei-brutti,Teatro e spettacolo,"Soprintendenza Archeologia, Belle Arti e Paesaggio per la Città Metropolitana  di Milano, 24, Corso Magenta, Cerchia dei Navigli, Municipio 1, Milano, Lombardia, 20123, Italia",45.4661897,9.1783767,8
Concerti,17-10-21,2021-10-17,"Via Fabio Massimo, 19, Milano, MI",CIQ,"Concerto di Paolo Saporiti ""Energie d’autore"" alla rassegna ""no sprechi""",https://www.milanotoday.it/eventi/concerto-paolo-saporiti-ciq-fabio-massimo.html,Musica e vita notturna,"19, Via Fabio Massimo, Lodi - Corvetto, Municipio 4, Milano, Lombardia, 20139, Italia",45.4349742,9.2277681,0
Spettacoli,17-10-21,2021-10-17,"Via Boltraffio 21,20159, Milano, MI,Italia",Fontana,Tradimenti,https://www.teatro.it/spettacoli/milano/fontana/2021-2022/tradimenti,Teatro e spettacolo,"21, Via Gian Antonio Boltraffio, Isola, Municipio 9, Milano, Lombardia, 20159, Italia",45.4921952,9.1878419,2
Spettacoli,17-10-21,2021-10-17,"via Pier Lombardo,14,20135, Milano, MI,Italia",Franco Parenti - Sala Grande,Amen,https://www.teatro.it/spettacoli/milano/franco-parenti-sala-grande/2021-2022/amen,Teatro e spettacolo,"Via Pier Lombardo, Porta Romana, Municipio 4, Milano, Lombardia, 20135, Italia",45.4542958,9.2063109,0
Spettacoli,17-10-21,2021-10-17,"via Pitteri 58,20134, Milano, MI,Italia",Martinitt,Il test,https://www.teatro.it/spettacoli/milano/martinitt/2021-2022/il-test,Teatro e spettacolo,"Via Riccardo Pitteri, Lambrate, Municipio 3, Milano, Lombardia, 20134, Italia",45.4791078,9.2461224,7
Spettacoli,17-10-21,2021-10-17,"Via Ciro Menotti 11,20129, Milano, MI,Italia",Menotti,Jackie,https://www.teatro.it/spettacoli/milano/menotti/2021-2022/jackie,Teatro e spettacolo,"Teatro Menotti, 11, Via Ciro Menotti, Buenos Aires - Venezia, Municipio 3, Milano, Lombardia, 20129, Italia",45.4699775,9.2131112,0
Cibo e Vino,24-10-21,2021-10-18,"Piazza Venticinque Aprile, Milano, MI",EATALY SMERALDO,A Milano arriva la Settimana della pizza,https://www.milanotoday.it/eventi/settimana-pizza-eataly-2021.html,Enogastronomia,"Piazza Venticinque Aprile, Brera, Municipio 9, Milano, Lombardia, 20100, Italia",45.480639,9.1875684,8
Spettacoli,18-10-21,2021-10-18,"via Gaudenzio Ferrari 11,20123, Milano, MI,Italia",Teatro i,Una vera tragedia,https://www.teatro.it/spettacoli/milano/teatro-i/2021-2022/una-vera-tragedia,Teatro e spettacolo,"Teatro i, 11, Via Gaudenzio Ferrari, Ticinese, Municipio 1, Milano, Lombardia, 20123, Italia",45.4551612,9.1767832,6
,18-10-21,2021-10-18,"Via Maloia, 1, Milano, MI",spazioSERRA,"Unique, la mostra di Giulio Bensasson",https://www.milanotoday.it/eventi/unique-giulio-bensasson.html,Non classificato,"Via Maloia, Farini, Municipio 9, Milano, Lombardia, 20158, Italia",45.4946286,9.1768212,2
Spettacoli,18-10-21,2021-10-18,"Via Alessandro Manzoni 42,20121, Milano, MI,Italia",Manzoni,(S)legati,https://www.teatro.it/spettacoli/milano/manzoni/2021-2022/slegati,Teatro e spettacolo,"Teatro Manzoni, 42, Via Alessandro Manzoni, Cerchia dei Navigli, Municipio 1, Milano, Lombardia, 20121, Italia",45.4710286,9.1944762,8
,19-10-21,2021-10-19,"Via Giovanni Pascoli, 53, Milano, MI",Politecnico di Milano Leonardo,Incontri con gli autori: Ingrid Paoletti incontra gli studenti del Poli,https://www.milanotoday.it/eventi/incontro-con-l-autore-ingrid-paoletti-ingrid-paoletti-8299995.html,Non classificato,"53, Via Giovanni Pascoli, Città Studi, Municipio 3, Milano, Lombardia, 20133, Italia",45.4765703,9.2244693,0
Mostra,27-02-22,2021-10-19,"piazza Duomo, Milano, MI",Palazzo Reale,Realismo Magico,,Arte e cultura,"Piazza del Duomo, Duomo, Municipio 1, Milano, Lombardia, Italia",45.4639102,9.1906398,8
Teatri,21-10-21,2021-10-19,"Via Giorgio Vasari, 15, Milano, MI",Teatro Franco Parenti,"Michele Serra, ""L'amaca di domani"" al Teatro Franco Parenti",https://www.milanotoday.it/eventi/spettacolo-michele-serra-amaca-di-domani-franco-parenti.html,Teatro e spettacolo,"Via Giorgio Vasari, Porta Romana, Municipio 4, Milano, Lombardia, 20135, Italia",45.4542475,9.2073471,0
Incontri,19-10-21,2021-10-19,"Via Sant'Antonio, 5, Milano, MI",Centro Pastorale Ambrosiano,Adolescenti natanti digitali. crescere sospesi tra relazioni reali e relazioni virtuali,https://www.milanotoday.it/eventi/conferenza-alberto-pellai-giovani-adolescenti.html,Formazione e networking,"5, Via Sant'Antonio, Duomo, Municipio 1, Milano, Lombardia, 20122, Italia",45.4614519,9.1934697,8
Incontri,20-10-21,2021-10-20,"Via Nirone, 7, Milano, MI",Civico Museo Archeologico,"Presentazione del libro ""I sette talismani dell'Impero""",https://www.milanotoday.it/eventi/i-sette-talismani-dell-impero-mino-gabriele-8356720.html,Formazione e networking,"7, Via Nirone, Cerchia dei Navigli, Municipio 1, Milano, Lombardia, 20123, Italia",45.4650689,9.1782027,8
,24-11-21,2021-10-20,"Via Andrea Maffei, 1, Milano, MI",Other Size Gallery,"Fracta, la mostra a Milano",https://www.milanotoday.it/eventi/fracta-mostra-2021.html,Non classificato,"1, Via Andrea Maffei, XXII Marzo, Municipio 4, Milano, Lombardia, 20135, Italia",45.4588219,9.209057,0
Mostre,05-11-21,2021-10-20,"Piazza Castello, Milano, MI",Sala conferenze Bertarelli - Archivio Fotografico - Castello Sforzesco,Al Castello Sforzesco la mostra di Naba con i lavori degli studenti,https://www.milanotoday.it/eventi/mostra-naba-castello-sforzesco.html,Arte e cultura,"Piazza Castello, Cerchia dei Navigli, Municipio 1, Milano, Lombardia, Italia",45.4704699,9.1819129,8
,12-12-21,2021-10-21,"Via Tertulliano, 70, Milano, MI",DanceHaus,"Exister, il festival di danza contemporanea",https://www.milanotoday.it/eventi/Exister-festival-2021.html,Non classificato,"70, Via Tertulliano, Umbria - Molise, Municipio 4, Milano, Lombardia, 20139, Italia",45.4481763,9.2224417,0
Cibo e Vino,24-10-21,2021-10-21,"Piazza Città di Lombardia, Milano, MI",Piazza Città di Lombardia,"Milano sushi festival, sotto la Madonnina la 'sagra' di onigiri, uramaki, rolls (e tanto altro)",https://www.milanotoday.it/eventi/sushi-festival-21-24-ottobre.html,Enogastronomia,"Piazza Città di Lombardia, GARIBALDI REPUBBLICA, Municipio 9, Milano, Lombardia, 20124, Italia",45.4867209,9.1960553,8
Mostre,14-01-22,2021-10-21,"Via Filippo Argelati, Milano, MI",Galleria Patricia Armocida,"A Milano la mostra del giornalista (artista) che disegna sulle notizie di ""nera""",https://www.milanotoday.it/eventi/mostra-salvatore-garzillo-luca-barcellona.html,Arte e cultura,"Via Filippo Argelati, Navigli, Municipio 6, Milano, Lombardia, 20143, Italia",45.4466097,9.1685751,6
,21-10-21,2021-10-21,"Via Vincenzo Monti, 36, Milano, MI","Sala ""Belotti"" - Sede A.N.A. Milano",La storia del milite ignoto,https://www.milanotoday.it/eventi/storia-milite-ignoto.html,Non classificato,"Fiori di Michela Pozzato, 36, Via Vincenzo Monti, Magenta - San Vittore, Municipio 1, Milano, Lombardia, 20123, Italia",45.4696664,9.1710688,2
,21-10-21,2021-10-21,"Ripa di Porta Ticinese, 83, Milano, MI",Combo,Una festa speciale di Le Cannibale sui Navigli con musica e dj set,https://www.milanotoday.it/eventi/festa-le-cannibale-combo-navigli-dj-set.html,Non classificato,"83, Ripa di Porta Ticinese, Navigli, Municipio 6, Milano, Lombardia, 20143, Italia",45.4497471,9.1668745,6
Cibo e Vino,24-10-21,2021-10-21,"Piazza Città di Lombardia, Milano, MI",,"Milano Sushi Festival, quattro giorni per gustare il migliore sushi in città",https://www.milanotoday.it/eventi/milano-sushi-festival-2021.html,Enogastronomia,"Piazza Città di Lombardia, GARIBALDI REPUBBLICA, Municipio 9, Milano, Lombardia, 20124, Italia",45.4867209,9.1960553,8
,21-10-21,2021-10-21,"Via Tito Livio, 33, Milano, MI",HEADBANGERS PUB,"""Nati liberi"", la storia del Banco del mutuo soccorso",https://www.milanotoday.it/eventi/banco-mutuo-soccorso-2021.html,Non classificato,"Headbangers, 33a, Via Tito Livio, Umbria - Molise, Municipio 4, Milano, Lombardia, 20135, Italia",45.4505975,9.2199534,0
,21-10-21,2021-10-21,"Via Pasquale Sottocorno 27, Milano, MI",Art Luxury,"Mostra di Ivan Cattaneo: ""volti & sconvolti ovvero io faccio facce!""",https://www.milanotoday.it/eventi/mostra-ivan-cattaneo-volti-sconvolti.html,Non classificato,"Ricci Osteria, 27, Via Pasquale Sottocorno, XXII Marzo, Municipio 4, Milano, Lombardia, 20129, Italia",45.4662072,9.2119112,0
Mostre,06-11-21,2021-10-21,"Via Enrico Caviglia, 3, Milano, MI",Istituto Italiano di Fotografia,Mostra “mœurs de province” di Lara Gencten,https://www.milanotoday.it/eventi/mostra-mcurs-de-province-2021.html,Arte e cultura,"CSDM, 3, Via Enrico Caviglia, Lodi - Corvetto, Municipio 4, Milano, Lombardia, 20139, Italia",45.4428538,9.2307904,0
Spettacoli,21-10-21,2021-10-21,"via Pier Lombardo,14,20135, Milano, MI,Italia",Franco Parenti - Sala Grande,L'amaca di domani,https://www.teatro.it/spettacoli/milano/franco-parenti-sala-grande/2021-2022/lamaca-di-domani,Teatro e spettacolo,"Via Pier Lombardo, Porta Romana, Municipio 4, Milano, Lombardia, 20135, Italia",45.4542958,9.2063109,0
Mostre,14-01-22,2021-10-21,"Via Filippo Argelati, Milano, MI",Galleria Patricia Armocida,"A Milano la mostra del giornalista (artista) che disegna sulle notizie di ""nera""",https://www.milanotoday.it/eventi/mostra-salvatore-garzillo-luca-barcellona.html,Arte e cultura,"Via Filippo Argelati, Navigli, Municipio 6, Milano, Lombardia, 20143, Italia",45.4466097,9.1685751,6
Mostra,18-12-21,2021-10-22,"Via Manzoni, 45, Milano, MI",Galleria Bottegantica,Il giovane Boccioni,,Arte e cultura,"45, Via Alessandro Manzoni, Vignate, Milano, Lombardia, 20052, Italia",45.4961332,9.3747269,3
Teatri,22-11-21,2021-10-22,"Piazzale Vincenzo Cuoco, Milano, MI",Circo,"Torna a Milano l’American Circus Togni, il più grande Circo d’Italia",https://www.milanotoday.it/eventi/circo-americano-togni-22-ottobre-22-novembre.html,Teatro e spettacolo,"Piazzale Vincenzo Cuoco, Umbria - Molise, Municipio 4, Milano, Lombardia, 20130, Italia",45.4506042,9.2237473,0
,22-10-21,2021-10-22,"Via Cesare Correnti, 11, Milano, MI",Teatro Arsenale,"Blue in Mind, ecco il disco di Sergio Armaroli, Steve Piccolo ed Elliott Sharp",https://www.milanotoday.it/eventi/albun-blue-in-mind.html,Non classificato,"11, Via Cesare Correnti, Cerchia dei Navigli, Municipio 1, Milano, Lombardia, 20123, Italia",45.4596165,9.1798297,8
,22-10-21,2021-10-22,"Via Magenta, 77/7, Milano, MI",Rock'n'Roll,Luca Milani presenta il suo nuovo album,https://www.milanotoday.it/eventi/luca-milani-album.html,Non classificato,"Via Magenta, Rondinella, Torretta, Sesto San Giovanni, Zona Omogenea Milano Nord, Milano, Lombardia, 20099, Italia",45.537399,9.2246804,4
Teatri,30-10-21,2021-10-22,"Via Pier Lombardo, 14, Milano, MI",Teatro Franco Parenti,La super coppia Mascino-Timi calca ancora il palco del Parenti per una 'Promenade de santé' tra follia e amore,https://www.milanotoday.it/eventi/promenade-sante-spettacolo.html,Teatro e spettacolo,"Via Pier Lombardo, Porta Romana, Municipio 4, Milano, Lombardia, 20135, Italia",45.4542958,9.2063109,0
Spettacoli,23-10-21,2021-10-23,"Corso di Porta Romana 63,20122, Milano, MI,Italia",Carcano,Nina's Drag Queens - Le Gattoparde,https://www.teatro.it/spettacoli/milano/carcano/2021-2022/le-gattoparde-lultima-festa-prima-della-fine-del-mondo,Teatro e spettacolo,"Teatro Carcano, 63, Corso di Porta Romana, Crocetta, Municipio 1, Milano, Lombardia, 20121, Italia",45.4566842,9.1955297,8
,23-10-21,2021-10-23,"Corso di Porta Vittoria, 43, Milano, MI",Camera del Lavoro,Atelier musicale: il duo Intra-Carbonell alla camera del lavoro di Milano,https://www.milanotoday.it/eventi/concerto-intra-carbonelli-2021.html,Non classificato,"43, Corso di Porta Vittoria, Guastalla, Municipio 1, Milano, Lombardia, 20122, Italia",45.4624935,9.2038876,0
Manifestazioni,20-11-21,2021-10-23,"Via Fametta, 1, Milano, MI",Villa Arconati-FAR,A Villa Arconati le visite guidate al giardino per scoprire i colori del foliage,https://www.milanotoday.it/eventi/visita-villa-e-giardino-villa-arconati-far.html,Altri eventi,"1, Via Fametta, Via Trento, Castellazzo, Bollate, Milano, Lombardia, 20021, Italia",45.556757,9.0958021,1
Mostre,23-10-21,2021-10-23,"Via Marco Formentini, 14, Milano, MI",Ex Chiesa di San Carpoforo,Mostra fotografica sacro profano di Roberto Rocco a cura di Marco Eugenio di Giandomenico,https://www.milanotoday.it/eventi/mostra-fotografica-sacro-profano.html,Arte e cultura,"14, Via Marco Formentini, Cerchia dei Navigli, Municipio 1, Milano, Lombardia, 20121, Italia",45.4718602,9.1862927,8
Spettacoli,23-10-21,2021-10-23,"via Procaccini,4,20100, Milano, MI,Italia",La Fabbrica del Vapore,3Some,https://www.teatro.it/spettacoli/milano/la-fabbrica-del-vapore/2021-2022/3some,Teatro e spettacolo,"4, Via Giulio Cesare Procaccini, Bullona, Porta Volta, Municipio 8 di Milano, Milano, Lombardia, 20154, Italia",45.4839945,9.1753796,2
Spettacoli,23-10-21,2021-10-23,"Viale dell'Innovazione 20,20126, Milano, MI,Italia",Arcimboldi,Caveman,https://www.teatro.it/spettacoli/milano/degli-arcimboldi/2021-2022/maurizio-colombi-caveman,Teatro e spettacolo,"20, Viale dell'Innovazione, Bicocca, Municipio 9, Milano, Lombardia, 20125, Italia",45.5148696,9.2135963,4
,23-10-21,2021-10-23,"Via Adriano, 107, Milano, MI",Adriano Community Center,Quella volta che Ulisse: concerto di Alberti e Framarin,https://www.milanotoday.it/eventi/concerto-alberti-framarin-milano.html,Non classificato,"107, Via Adriano, Adriano, Municipio 2, Milano, Lombardia, 20128, Italia",45.517818,9.2430549,4
,23-10-21,2021-10-23,"Via Luigi Calori, 9, Milano, MI",Auditorium del Centro Polifunzionale,"""Ma misi me per l'alto mare aperto..."", la serata dedicata a Dante con Michele Mirabella",https://www.milanotoday.it/eventi/serata-dante-locate-triulzi.html,Non classificato,"9, Via Luigi Calori, Casa Flora, Locate di Triulzi, Milano, Lombardia, 20085, Italia",45.3599573,9.2235443,6
,23-10-21,2021-10-23,"Via Adriano, 107, Milano, MI",Adriano Community Center,Quando l'Odissea diventa (quasi) cabaret,https://www.milanotoday.it/eventi/ulisse-alfonso-alberti.html,Non classificato,"107, Via Adriano, Adriano, Municipio 2, Milano, Lombardia, 20128, Italia",45.517818,9.2430549,4
,31-10-21,2021-10-23,"Via Novi, 2, Milano, MI",Spazio Model,Arriva a Milano la mostra 'Kyiv Review' del fotografo Enzo Dell'Acqua,https://www.milanotoday.it/eventi/mostra-kiev-review-ottobre-2021.html,Non classificato,"2, Via Novi, Tortona, Municipio 6, Milano, Lombardia, 20144, Italia",45.4532203,9.1658634,6
Concerti,23-10-21,2021-10-23,"Viale Emilio Alemagna, 6, Milano, MI",La Triennale di Milano,"JazzMi 2021, Theon Cross in concerto dal vivo in Triennale",https://www.milanotoday.it/eventi/concerto-theon-triennale.html,Musica e vita notturna,"Triennale Design Museum, 6, Viale Emilio Alemagna, Parco Sempione, Municipio 1, Milano, Lombardia, 20121, Italia",45.4721477,9.1734894,2
,23-10-21,2021-10-23,"Via Padova, 21, Milano, MI",Palestra Heracles,Il concerto dei Pipeline a Milano,https://www.milanotoday.it/eventi/pipeline-8-concerto-2021.html,Non classificato,"Q Club, 21, Via Padova, Loreto, Municipio 2, Milano, Lombardia, 20127, Italia",45.4886677,9.2197104,0
,24-10-21,2021-10-24,"Viale Lucania, 18, Milano, MI",Chiesa San Vittore,"La lirica in periferia, concerto alla Chiesa di San Vittore in viale Lucania a Milano",https://www.milanotoday.it/eventi/concerto-lirica-chiesa-viale-lucania-katerina-adamova.html,Non classificato,"Viale Lucania, Lodi - Corvetto, Municipio 4, Milano, Lombardia, 20139, Italia",45.4430378,9.2239399,0
Spettacoli,24-10-21,2021-10-24,"Via Alessandro Manzoni 42,20121, Milano, MI,Italia",Manzoni,Liolà,https://www.teatro.it/spettacoli/milano/manzoni/2021-2022/liola,Teatro e spettacolo,"Teatro Manzoni, 42, Via Alessandro Manzoni, Cerchia dei Navigli, Municipio 1, Milano, Lombardia, 20121, Italia",45.4710286,9.1944762,8
Mercatini,24-10-21,2021-10-24,"Via Mecenate, 88/a, Milano, MI",East Market,"East Market, il mercatino vintage torna in città",https://www.milanotoday.it/eventi/east-market-mercatino-vintage-mecenate.html,Mercati e shopping,"Via Mecenate, Mecenate, Municipio 4, Milano, Lombardia, 20059, Italia",45.4529888,9.2481173,7
,24-10-21,2021-10-24,"Corso Garibaldi, 89, Milano, MI",Casa Degli Artisti,"From here from there, il concerto a Milano",https://www.milanotoday.it/eventi/from-here-from-there-concerto.html,Non classificato,"California Bakery, 89, Corso Giuseppe Garibaldi, Brera, Municipio 1, Milano, Lombardia, 20121, Italia",45.4766929,9.1840499,8
,24-10-21,2021-10-24,"Via Italia, 62, Milano, MI",Sala Consiliare Comune Gorgonzola,Comune di Gorgonzola cerimonia di donazione opera d'arte del maestro Domenico Mancuso,https://www.milanotoday.it/eventi/comune-di-gorgonzola-2021.html,Non classificato,"Via Italia, Maliano, Lucernate, Rho, Milano, Lombardia, 20017, Italia",45.5264,9.0402315,1
Spettacoli,24-10-21,2021-10-24,"Via Ciro Menotti 11,20129, Milano, MI,Italia",Menotti,Mario e Saleh,https://www.teatro.it/spettacoli/milano/menotti/2021-2022/mario-e-saleh,Teatro e spettacolo,"11, Via Ciro Menotti, Buenos Aires - Venezia, Municipio 3, Milano, Lombardia, 20129, Italia",45.4699888,9.2132156,0
Concerti,24-10-21,2021-10-24,"Corso Garibaldi, 89, Milano, MI",Casa Degli Artisti,"We insist! live // jazzmi -  Luca Tilli e sebi tramontana - domenica 24 ottobre, ore 11.00",https://www.milanotoday.it/eventi/we-insist-live-jazzmi-2021.html,Musica e vita notturna,"California Bakery, 89, Corso Giuseppe Garibaldi, Brera, Municipio 1, Milano, Lombardia, 20121, Italia",45.4766929,9.1840499,8
,24-10-21,2021-10-24,"Via Rivoli, 6, Milano, MI",Piccolo Teatro Studio Melato,"Noreena Hertz presenta il suo libro ""Il secolo della solitudine""",https://www.milanotoday.it/eventi/Noreena-Hertz-libro.html,Non classificato,"6, Via Rivoli, Brera, Municipio 1, Milano, Lombardia, 20121, Italia",45.4726093,9.182881,8
Incontri,24-10-21,2021-10-24,"Piazza del Duomo, 12, Milano, MI",Duomo,A spasso per l'Impero Romano nel Duomo di Milano,https://www.milanotoday.it/eventi/visita-per-famiglie-bambini-duomo-milano.html,Formazione e networking,"Giacomo, 12, Piazza del Duomo, Duomo, Municipio 1, Milano, Lombardia, 20100, Italia",45.4632066,9.1914879,8
,24-10-21,2021-10-24,"Corso Garibaldi, 89, Milano, MI",Casa Degli Artisti,Il concerto dei Cats in the kitchen a Milano,https://www.milanotoday.it/eventi/cats-kitchen-concerot-2021.html,Non classificato,"California Bakery, 89, Corso Giuseppe Garibaldi, Brera, Municipio 1, Milano, Lombardia, 20121, Italia",45.4766929,9.1840499,8
Spettacoli,25-10-21,2021-10-25,"Via Filodrammatici 2,20121, Milano, MI,Italia",Teatro Alla Scala,Il Turco in Italia,https://www.teatro.it/spettacoli/milano/teatro-alla-scala/2021-2022/il-turco-in-italia,Teatro e spettacolo,"2, Via Filodrammatici, Brera, Milano, Lombardia, 20121, Italia",45.4676198,9.1884287,8
Concerti,25-10-21,2021-10-25,"Largo Gustav Mahler, Milano, MI",Auditorium Milano,Solisti del Covent Garden a Milano in concerto per Vidas,https://www.milanotoday.it/eventi/concerto-solisti-covent-garden-auditorium-25-ottobre-2021.html,Musica e vita notturna,"Largo Gustav Mahler, Ticinese, Municipio 5, Milano, Lombardia, 20136, Italia",45.4463151,9.1792547,6
,25-10-21,2021-10-25,"Via Pier Lombardo, Milano, MI",Teatro Franco Parenti,"Quartetto Off, 'Da Verdi ai Beatles': al Teatro Parenti il concerto di Cristina Zavalloni",https://www.milanotoday.it/eventi/concerto-cristina-zavalloni-teatro-parenti.html,Non classificato,"Via Pier Lombardo, Porta Romana, Municipio 4, Milano, Lombardia, 20135, Italia",45.4542958,9.2063109,0
Spettacoli,25-10-21,2021-10-25,"Corso di Porta Romana 63,20122, Milano, MI,Italia",Carcano,Roberto Saviano - Sono ancora vivo,https://www.teatro.it/spettacoli/milano/carcano/2021-2022/roberto-saviano-sono-ancora-vivo,Teatro e spettacolo,"Teatro Carcano, 63, Corso di Porta Romana, Crocetta, Municipio 1, Milano, Lombardia, 20121, Italia",45.4566842,9.1955297,8
Spettacoli,25-10-21,2021-10-25,"Via Giordano Rota 1,20145, Milano, MI,Italia",Nazionale Italiana Assicurazioni,Marco Travaglio - Il Conticidio dei migliori,https://www.teatro.it/spettacoli/milano/nazionale-chebanca/2021-2022/marco-travaglio-il-conticidio,Teatro e spettacolo,"20145, Italy",45.4643,9.1895,8
Spettacoli,25-10-21,2021-10-25,"Viale Giovanni da Cermenate,2,20141, Milano, MI,Italia",Centro Asteria,La versione di Barbie,https://www.teatro.it/spettacoli/milano/asteria/2021-2022/la-versione-di-barbie,Teatro e spettacolo,"2, Viale Giovanni da Cermenate, Stadera, Municipio 5, Milano, Lombardia, 20136, Italia",45.4373077,9.1766376,6
,25-10-21,2021-10-25,"Piazza Castello, 2, Milano, MI",Casa della Psicologia - Evento online,"Politica, individuo e collettività. Il gioco dialettico",https://www.milanotoday.it/eventi/politica-individuo-.html,Non classificato,"Bar Castello, 2, Piazza Castello, Brera, Municipio 1, Milano, Lombardia, 20121, Italia",45.4690445,9.1818105,8
Spettacoli,26-10-21,2021-10-26,"Via Alessandro Manzoni 42,20121, Milano, MI,Italia",Manzoni,Toilet,https://www.teatro.it/spettacoli/milano/manzoni/2021-2022/toilet,Teatro e spettacolo,"Teatro Manzoni, 42, Via Alessandro Manzoni, Cerchia dei Navigli, Municipio 1, Milano, Lombardia, 20121, Italia",45.4710286,9.1944762,8
Incontri,26-10-21,2021-10-26,"Via Francesco Soave, 3, Milano, MI",Magazzino Musica,Ciclo artelier - L'energia della biennale: peggy guggenheim,https://www.milanotoday.it/eventi/ciclo-artelier-2021.html,Formazione e networking,"Via Francesco Soave, Vigentina, Municipio 5, Milano, Lombardia, 20136, Italia",45.4476676,9.1971677,8
Spettacoli,27-10-21,2021-10-27,"Via Ciro Menotti 11,20129, Milano, MI,Italia",Menotti,Dissonorata. Delitto d'onore in Calabria,https://www.teatro.it/spettacoli/milano/menotti/2021-2022/dissonorata,Teatro e spettacolo,"11, Via Ciro Menotti, Buenos Aires - Venezia, Municipio 3, Milano, Lombardia, 20129, Italia",45.4699888,9.2132156,0
Mostre,30-01-22,2021-10-27,"Piazza del Duomo, Milano, MI",Palazzo Reale,"""Corpus Domini"" a Palazzo Reale racconta il nuovo corpo contemporaneo",https://www.milanotoday.it/eventi/mostra-corpus-domini-palazzo-reale.html,Arte e cultura,"Piazza del Duomo, Duomo, Municipio 1, Milano, Lombardia, Italia",45.4639102,9.1906398,8
Mostre,30-01-22,2021-10-27,"Piazza del Duomo, Milano, MI",Palazzo Reale,"""Corpus Domini"" a Palazzo Reale racconta il nuovo corpo contemporaneo",https://www.milanotoday.it/eventi/mostra-corpus-domini-palazzo-reale.html,Arte e cultura,"Piazza del Duomo, Duomo, Municipio 1, Milano, Lombardia, Italia",45.4639102,9.1906398,8
,27-11-21,2021-10-28,"Via San Maurilio, 14, Milano, MI",Gilda Contemporary Art,"Of essence and existence, la mostra di Cristina Fiorenza",https://www.milanotoday.it/eventi/mostra-cristina-fiorenza.html,Non classificato,"14, Via San Maurilio, Cerchia dei Navigli, Municipio 1, Milano, Lombardia, 20123, Italia",45.4622752,9.1839049,8
Spettacoli,28-10-21,2021-10-28,"Piazza Risorgimento 19,20066, Melzo, MI,Italia",Trivulzio,Oblivion Rhapsody,https://www.teatro.it/spettacoli/melzo/trivulzio/2021-2022/oblivion-rhapsody,Teatro e spettacolo,"Piazza Risorgimento, Melzo, Milano, Lombardia, 20066, Italia",45.5003449,9.4229132,3
,30-10-21,2021-10-28,"Via Marco Formentini, 14, Milano, MI",Presso l’ex Chiesa di San Carpoforo,Mostra,https://www.milanotoday.it/eventi/mostra-roberto-rocco.html,Non classificato,"14, Via Marco Formentini, Cerchia dei Navigli, Municipio 1, Milano, Lombardia, 20121, Italia",45.4718602,9.1862927,8
Teatri,31-10-21,2021-10-28,"Corso di Porta Romana, 63, Milano, MI",Teatro Carcano,Al Teatro Carcano Lella Costa dà voce alle donne di Dante Alighieri,https://www.milanotoday.it/eventi/spettacolo-dante-lella-costa-teatro-carcano.html,Teatro e spettacolo,"Teatro Carcano, 63, Corso di Porta Romana, Crocetta, Municipio 1, Milano, Lombardia, 20121, Italia",45.4566842,9.1955297,8
,28-10-21,2021-10-28,"Piazza Venticinque Aprile, Milano, MI",Instagram,"Sara Gariboldi su valorizzazione e comunicazione dei beni culturali a ""la diretta aggiornata""",https://www.milanotoday.it/eventi/sara-gariboldi-2021.html,Non classificato,"Piazza Venticinque Aprile, Brera, Municipio 9, Milano, Lombardia, 20100, Italia",45.480639,9.1875684,8
,28-10-21,2021-10-28,"Via Alfredo Cappellini, 25, Milano, MI",Moebius Milano,Jazzmi: Elisabetta Guido trio in concerto giovedì 28 ottobre al moebius milano e venerdì 29 allo spank,https://www.milanotoday.it/eventi/jazzmi-elisabetta-guido-trio-in-concerto-giovedi-28-ottobre-al-moebius-milano-e-venerdi-29-allo-spank.html,Non classificato,"Via Alfredo Cappellini, Centrale, Municipio 2, Milano, Lombardia, 20124, Italia",45.48186,9.2017748,0
,29-10-21,2021-10-29,"Via Giuseppe Gabetti, 15, Milano, MI",Mare Culturale Urbano,TiLov Show di Federica Minia: lo squirting e il piacere sessuale oltre ogni limite,https://www.milanotoday.it/eventi/tilov-show-federica-minia-squirting-piacere-sessuale.html,Non classificato,"Cascina Torrette di Trenno, 15, Via Giuseppe Gabetti, Quartiere Vercellese, Forze Armate, Municipio 7, Milano, Lombardia, 20147, Italia",45.4687457,9.1240256,9
,29-10-21,2021-10-29,"Via Giuseppe Gabetti, 15, Milano, MI",Mare Culturale Urbano,TiLov Show di Federica Minia: lo squirting e il piacere sessuale oltre ogni limite,https://www.milanotoday.it/eventi/tilov-show-federica-minia-squirting-piacere-sessuale.html,Non classificato,"Cascina Torrette di Trenno, 15, Via Giuseppe Gabetti, Quartiere Vercellese, Forze Armate, Municipio 7, Milano, Lombardia, 20147, Italia",45.4687457,9.1240256,9
Teatri,31-10-21,2021-10-29,"Viale dell'Innovazione, 20, Milano, MI",Teatro degli Arcimboldi,Al Teatro Arcimboldi il Don Chisciotte con il corpo di ballo della Scala,https://www.milanotoday.it/eventi/spettacolo-teatro-arcimboldi-don-chisciotte.html,Teatro e spettacolo,"20, Viale dell'Innovazione, Bicocca, Municipio 9, Milano, Lombardia, 20125, Italia",45.5148696,9.2135963,4
Teatri,31-10-21,2021-10-29,"Viale dell'Innovazione, 20, Milano, MI",Teatro degli Arcimboldi,Don Chisciotte al Teatro Arcimboldi: come ottenere i biglietti scontati,https://www.milanotoday.it/eventi/spettacolo-don-chisciotte-teatro-arcimboldi-biglietti-scontati.html,Teatro e spettacolo,"20, Viale dell'Innovazione, Bicocca, Municipio 9, Milano, Lombardia, 20125, Italia",45.5148696,9.2135963,4
Spettacoli,29-10-21,2021-10-29,"Via Ciro Menotti 11,20129, Milano, MI,Italia",Menotti,La borto,https://www.teatro.it/spettacoli/milano/menotti/2021-2022/la-borto,Teatro e spettacolo,"11, Via Ciro Menotti, Buenos Aires - Venezia, Municipio 3, Milano, Lombardia, 20129, Italia",45.4699888,9.2132156,0
,12-11-21,2021-10-29,"Via Privata Filippo Tommaso Marinetti, 2, Milano, MI",Milano,Antropos project struttura autopoietica - Mostra personale di Annamaria Papalini,https://www.milanotoday.it/eventi/antropos-project-2021.html,Non classificato,"2, Via privata Filippo Tommaso Marinetti, Padova, Municipio 2, Milano, Lombardia, 20127, Italia",45.4971406,9.2291684,4
,29-10-21,2021-10-29,"Via Giuseppe Gabetti, 15, Milano, MI",Mare Culturale Urbano,TiLov Show di Federica Minia: lo squirting e il piacere sessuale oltre ogni limite,https://www.milanotoday.it/eventi/tilov-show-federica-minia-squirting-piacere-sessuale.html,Non classificato,"Cascina Torrette di Trenno, 15, Via Giuseppe Gabetti, Quartiere Vercellese, Forze Armate, Municipio 7, Milano, Lombardia, 20147, Italia",45.4687457,9.1240256,9
Concerti,30-10-21,2021-10-30,"Viale Emilio Alemagna, 6, Milano, MI",La Triennale di Milano,Jonathan Coe & Artchipel Orchestra in concerto a Milano. Orari e biglietti,https://www.milanotoday.it/eventi/concerto-jonathan-coe-triennale-milano.html,Musica e vita notturna,"Triennale Design Museum, 6, Viale Emilio Alemagna, Parco Sempione, Municipio 1, Milano, Lombardia, 20121, Italia",45.4721477,9.1734894,2
,30-10-21,2021-10-30,"Via Cesare Correnti, 11, Milano, MI",Teatro Arsenale,"""Musica maestro"", il concerto tragicomico con l'orchestra d'archi Musicarte",https://www.milanotoday.it/eventi/concerto-tragicomicomusicarte-2021.html,Non classificato,"11, Via Cesare Correnti, Cerchia dei Navigli, Municipio 1, Milano, Lombardia, 20123, Italia",45.4596165,9.1798297,8
Teatri,30-10-21,2021-10-30,"Via Alessandro Manzoni, 42, Milano, MI",Teatro Manzoni,"""La famiglia Transylvania"", uno spettacolo per bambini in occasione di Halloween",https://www.milanotoday.it/eventi/spettacolo-famiglia-transylvania-teatro-manzoni.html,Teatro e spettacolo,"Teatro Manzoni, 42, Via Alessandro Manzoni, Cerchia dei Navigli, Municipio 1, Milano, Lombardia, 20121, Italia",45.4710286,9.1944762,8
,30-10-21,2021-10-30,"Piazza Madre Teresa di Calcutta, 5, Milano, MI",Biblioteca delle Storie Infinite,La caccia alla zucca a Trezzano,https://www.milanotoday.it/eventi/caccia-zucca-trezzano.html,Non classificato,"Piazza Madre Teresa di Calcutta, Quadrifoglio, Santa Maria Rossa, Garbagnate Milanese, Milano, Lombardia, 20024, Italia",45.5672509,9.0791049,1
Spettacoli,30-10-21,2021-10-30,"via Pier Lombardo,14,20135, Milano, MI,Italia",Franco Parenti - Sala Grande,Promenade de santé - Passeggiata di salute,https://www.teatro.it/spettacoli/milano/franco-parenti-sala-grande/2021-2022/promenade-de-sante-passeggiata-di-salute,Teatro e spettacolo,"Via Pier Lombardo, Porta Romana, Municipio 4, Milano, Lombardia, 20135, Italia",45.4542958,9.2063109,0
Manifestazioni,30-10-21,2021-10-30,"Via Riccardo Pitteri, 58, Milano, MI",Teatro Martinitt - Arena del teatro,Un Halloween speciale tra giochi e laboratori per bambini,https://www.milanotoday.it/eventi/festa-halloween-per-bambini-teatro-martinitt.html,Altri eventi,"Via Riccardo Pitteri, Lambrate, Municipio 3, Milano, Lombardia, 20134, Italia",45.4805358,9.2454637,7
Concerti,31-10-21,2021-10-30,"Largo Gustav Mahler, Milano, MI",Auditorium di Milano,"Halloween 2021, la proiezione del film ""Frankenstein"" con le musiche de laVerdi",https://www.milanotoday.it/eventi/film-frankestein-auditorium-milano-concerto-la-verdi.html,Musica e vita notturna,"Largo Gustav Mahler, Ticinese, Municipio 5, Milano, Lombardia, 20136, Italia",45.4463151,9.1792547,6
Disco&Feste,31-10-21,2021-10-31,"Via Bergognone, 34, Milano, MI",Base,"Uno speciale Halloween party da Base, tra zombie e ragnatele",https://www.milanotoday.it/eventi/festa-halloween-2021-base-milano.html,Musica e vita notturna,"Wikimedia Italia, 34, Via Bergognone Da Fossano, Tortona, Municipio 6, Milano, Lombardia, 20144, Italia",45.4518657,9.1625146,6
Incontri,31-10-21,2021-10-31,"Via Enrico Besana, 12, Milano, MI",MUBA – Museo dei Bambini di Milano,"Halloween, in arrivo una caccia al tesoro per bambini",https://www.milanotoday.it/eventi/festa-halloween-per-bambini-al-muba.html,Formazione e networking,"MUBA - Museo dei Bambini, 12, Via Enrico Besana, Guastalla, Municipio 1, Milano, Lombardia, 20122, Italia",45.4599507,9.2051279,0
Spettacoli,31-10-21,2021-10-31,"Largo Antonio Greppi,20121, Milano, MI,Italia",Piccolo Teatro - Teatro Strehler,La notte dell'Innominato,https://www.teatro.it/spettacoli/milano/piccolo-teatro-teatro-strehler/2021-2022/la-notte-dellinnominato,Teatro e spettacolo,"Largo Antonio Greppi, Cerchia dei Navigli, Municipio 1, Milano, Lombardia, 20121, Italia",45.4718502,9.1827114,8
Spettacoli,31-10-21,2021-10-31,"Corso di Porta Romana 63,20122, Milano, MI,Italia",Carcano,Intelletto d'amore - Dante e le donne (Lella Costa),https://www.teatro.it/spettacoli/milano/carcano/2021-2022/intelletto-damore-dante-e-le-donne-lella-costa,Teatro e spettacolo,"Teatro Carcano, 63, Corso di Porta Romana, Crocetta, Municipio 1, Milano, Lombardia, 20121, Italia",45.4566842,9.1955297,8
Spettacoli,31-10-21,2021-10-31,"Via Mosé Bianchi,94,20149, Milano, MI,Italia",Pime,Dio arriverà all'alba - omaggio a Alda Merini,https://www.teatro.it/spettacoli/milano/pime/2021-2022/dio-arrivera-allalba-omaggio-a-alda-merini,Teatro e spettacolo,"94, Via Mosè Bianchi, De Angeli - Monte Rosa, Municipio 7, Milano, Lombardia, 20149, Italia",45.4755322,9.1453668,2
Spettacoli,31-10-21,2021-10-31,"Viale dell'Innovazione 20,20126, Milano, MI,Italia",Arcimboldi,Don Chisciotte,https://www.teatro.it/spettacoli/milano/degli-arcimboldi/2021-2022/don-chisciotte,Teatro e spettacolo,"20, Viale dell'Innovazione, Bicocca, Municipio 9, Milano, Lombardia, 20125, Italia",45.5148696,9.2135963,4
Cinema,07-11-21,2021-10-31,"Viale Fulvio Testi, Milano, MI",Cineteca Milano MIC,"Cinema, in arrivo il festival per i più piccoli",https://www.milanotoday.it/eventi/festival-piccolo-grande-cinema-2021.html,Arte e cultura,"Viale Fulvio Testi, Bicocca, Municipio 9, Milano, Lombardia, 20126, Italia",45.5263259,9.2120234,4
Spettacoli,31-10-21,2021-10-31,"Via Rovello 2,20121, Milano, MI,Italia",Piccolo Teatro - Teatro Grassi,Arlecchino servitore di due padroni,https://www.teatro.it/spettacoli/milano/piccolo-teatro-teatro-grassi/2021-2022/arlecchino-servitore-di-due-padroni,Teatro e spettacolo,"2, Via Rovello, Brera, Milano, Lombardia, 20121, Italia",45.4665188,9.1847651,8
Spettacoli,31-10-21,2021-10-31,"Corso Magenta 24,20123, Milano, MI,Italia",MTM - Litta,"Io, Steve Jobs",https://www.teatro.it/spettacoli/milano/mtm-litta/2021-2022/io-steve-jobs,Teatro e spettacolo,"24, Corso Magenta, Cerchia dei Navigli, Municipio 1, Milano, Lombardia, 20123, Italia",45.4658664,9.1782835,8
Disco&Feste,31-10-21,2021-10-31,"Via Alfonso Gatto, Milano, MI",Amnesia Milano,"Halloween 2021, all'Amnesia di Milano si balla fino a tarda notte",https://www.milanotoday.it/eventi/halloween-2021-festa-amnesia-milano.html,Musica e vita notturna,"Via Alfonso Gatto, Parco Forlanini - Ortica, Municipio 4, Milano, Lombardia, 20059, Italia",45.4641873,9.2389918,7
Spettacoli,31-10-21,2021-10-31,"Via Ciro Menotti 11,20129, Milano, MI,Italia",Menotti,Polvere. Dialogo tra uomo e donna,https://www.teatro.it/spettacoli/milano/menotti/2021-2022/polvere-dialogo-tra-uomo-e-donna,Teatro e spettacolo,"11, Via Ciro Menotti, Buenos Aires - Venezia, Municipio 3, Milano, Lombardia, 20129, Italia",45.4699888,9.2132156,0
Spettacoli,31-10-21,2021-10-31,"Via Alessandro Manzoni 42,20121, Milano, MI,Italia",Manzoni,"Gli uomini vengono da Marte, le donne da Venere",https://www.teatro.it/spettacoli/milano/manzoni/2021-2022/gli-uomini-vengono-da-marte-le-donne-da-venere,Teatro e spettacolo,"Teatro Manzoni, 42, Via Alessandro Manzoni, Cerchia dei Navigli, Municipio 1, Milano, Lombardia, 20121, Italia",45.4710286,9.1944762,8
,01-11-21,2021-11-01,"Via Niccolò Jommelli, 24, Milano, MI",Spazio Tadini,La visita guidata alla casa-museo Tadini,https://www.milanotoday.it/eventi/visita-museo-tadini.html,Non classificato,"Milano Arte Expo, 24, Via Niccolò Jommelli, Loreto, Municipio 3, Milano, Lombardia, 20131, Italia",45.4865099,9.2255126,0
,14-11-21,2021-11-01,"Via Achille Maiocchi, 15, Milano, MI",Galleria Maiocchi15,"Inaugura ""Whispers"",  la nuova mostra di Stefano Picarazzi",https://www.milanotoday.it/eventi/stefano_picarizzi.html,Non classificato,"Via Achille Maiocchi, Buenos Aires - Venezia, Municipio 3, Milano, Lombardia, 20129, Italia",45.4762588,9.2159801,0
Concerti,01-11-21,2021-11-01,"Viale dell'Innovazione, 20, Milano, MI",Teatro degli Arcimboldi,I Kings of Convenience in concerto a Milano. Nuovi biglietti disponibili,https://www.milanotoday.it/eventi/concerto-kings-of-convenience-teatro-arcimboldi-biglietti.html,Musica e vita notturna,"20, Viale dell'Innovazione, Bicocca, Municipio 9, Milano, Lombardia, 20125, Italia",45.5148696,9.2135963,4
,07-11-21,2021-11-02,"Via Savona, 97, Milano, MI",,Milano Sample Sale: la rivoluzione dello shopping in città,https://www.milanotoday.it/eventi/private-sale-milano.html,Non classificato,"MioCugino Design, 97, Via Savona, Lorenteggio, Municipio 6, Milano, Lombardia, 20146, Italia",45.4503207,9.1529849,6
evento solo on site,06-11-21,2021-11-03,"Via Senato, 10, Milano, MI",Archivio di Stato di Milano,Convegno internazionale «Gli archivi nelle sommosse e nelle guerre». Dall’età napoleonica all’era della cyber war | ASMI 3-6 novembre 2021 | Streaming,,Altri eventi,"10, Via Senato, Guastalla, Municipio 1, Milano, Lombardia, 20121, Italia",45.4700976,9.1981223,8
,04-12-21,2021-11-04,"Via San Fermo, 19, Milano, MI",Spazio HUS,"L'arte in codice, la mostra di Giordano Redaelli",https://www.milanotoday.it/eventi/a-milano-l-arte-in-codice-di-giordano-redaelli-giordano-redaelli-8356780.html,Non classificato,"Via San Fermo, Baggio, Municipio 7, Villaggio Cavour, Settimo Milanese, Milano, Lombardia, 20019, Italia",45.4630575,9.0747604,9
Convegno/conferenza,04-11-21,2021-11-04,"via Brera, 28, Milano, MI",Pinacoteca di Brera - Biblioteca Nazionale Braidense di Milano,La Casa dei Libri,,Formazione e networking,"Istituto Nazionale di Astrofisica – Osservatorio astronomico di Brera, 28, Via Brera, Cerchia dei Navigli, Municipio 1, Milano, Lombardia, 20121, Italia",45.4715946,9.1889707,8
Convegno/conferenza,04-11-21,2021-11-04,"Via Carlo Porta, Milano, MI",Fondazione Movimento di corrente - onlus,Gli archivi scolastici. Un valore aggiunto per la ricerca e la formazione storica,,Formazione e networking,"Via Carlo Porta, Quartiere Giorgella, Corsico, Milano, Lombardia, 20094, Italia",45.4322666,9.1191249,9
Spettacoli,04-11-21,2021-11-04,"via Pier Lombardo,14,20135, Milano, MI,Italia",Franco Parenti - Sala Grande,Paradiso XXXIII,https://www.teatro.it/spettacoli/milano/franco-parenti-sala-grande/2021-2022/elio-germano-paradiso-xxxiii,Teatro e spettacolo,"Via Pier Lombardo, Porta Romana, Municipio 4, Milano, Lombardia, 20135, Italia",45.4542958,9.2063109,0
,14-11-21,2021-11-04,"Via San Vittore, 21, Milano, MI",Museo Nazionale della Scienza e della Tecnologia,A Milano c'è una mostra che puoi visitare con un robot avatar,https://www.milanotoday.it/eventi/sociocromie-mostra-robot.html,Non classificato,"21, Via San Vittore, Magenta - San Vittore, Municipio 1, Milano, Lombardia, 20123, Italia",45.4628946,9.1706462,8
Mostre,05-01-22,2021-11-05,"Piazza della Scala, Milano, MI",Museo Teatrale alla Scala,"""Giorgio Strehler alla Scala"", la nuova mostra",https://www.milanotoday.it/eventi/mostra-strehler-teatro-alla-scala.html,Arte e cultura,"Piazza della Scala, Duomo, Municipio 1, Milano, Lombardia, 20121, Italia",45.4672839,9.1901494,8
Spettacoli,05-11-21,2021-11-05,"v. Matteotti 30,20064, Gorgonzola, MI,Italia",Sala Argentia,Fabio Concato in concerto,https://www.teatro.it/spettacoli/gorgonzola/sala-argentia/2021-2022/fabio-concato-in-concerto,Teatro e spettacolo,"Sala Argentia, 30, Via Giacomo Matteotti, Gorgonzola, Milano, Lombardia, 20064, Italia",45.5327792,9.4032916,3
Mostre,12-12-21,2021-11-05,"Viale Emilio Alemagna, 6, Milano, MI",La Triennale di Milano,In Triennale la mostra di Giovanna Silvia racconta gli edifici di Milano,https://www.milanotoday.it/eventi/mostra-fotografica-triennale-giovanna-silvia.html,Arte e cultura,"Triennale Design Museum, 6, Viale Emilio Alemagna, Parco Sempione, Municipio 1, Milano, Lombardia, 20121, Italia",45.4721477,9.1734894,2
,12-11-21,2021-11-05,"Piazza Città di Lombardia, Milano, MI",Regione Lombardia,La mostra sulle moto Guzzi a Milano,https://www.milanotoday.it/eventi/mostra-moto-guzzi.html,Non classificato,"Piazza Città di Lombardia, GARIBALDI REPUBBLICA, Municipio 9, Milano, Lombardia, 20124, Italia",45.4867209,9.1960553,8
Mostre,05-01-22,2021-11-05,"Piazza della Scala, Milano, MI",Museo Teatrale alla Scala,"""Giorgio Strehler alla Scala"", la nuova mostra",https://www.milanotoday.it/eventi/mostra-strehler-teatro-alla-scala.html,Arte e cultura,"Piazza della Scala, Duomo, Municipio 1, Milano, Lombardia, 20121, Italia",45.4672839,9.1901494,8
Disco&Feste,05-11-21,2021-11-05,"Via Bovisasca, 59, Milano, MI",Spirit de Milan,Allo Spirit de Milan una serata in onore dei Queen,https://www.milanotoday.it/eventi/serata-musiche-queen-spirit-de-milan.html,Musica e vita notturna,"Spirit de Milan, 59, Via Bovisasca, Bovisa, Municipio 9, Milano, Lombardia, 20157, Italia",45.5067143,9.1584748,2
Disco&Feste,06-11-21,2021-11-06,"Viale Toscana, 31, Milano, MI",Santeria Toscana 31,Una serata da paura di Le Cannibale in Santeria Toscana,https://www.milanotoday.it/eventi/festa-le-cannibale-santeria-toscana.html,Musica e vita notturna,"Santeria Toscana 31, 31, Viale Toscana, Vigentina, Municipio 5, Milano, Lombardia, 20136, Italia",45.4456408,9.1883503,6
Incontri,06-11-21,2021-11-06,"Via Enrico Besana, Milano, MI",MUBA – Museo dei Bambini di Milano,Al Muba un incontro per bambini dedicato alla democrazia,https://www.milanotoday.it/eventi/incontro-muba-per-bambini-su-democrazia.html,Formazione e networking,"Via Enrico Besana, Guastalla, Municipio 1, Milano, Lombardia, 29135, Italia",45.4603435,9.205525,0
Mostre,27-02-22,2021-11-06,"Viale Campania, 12, Milano, MI",Wow Spazio Fumetto,"""Fumetto, i comics made in Italy"" in arrivo a Milano",https://www.milanotoday.it/eventi/mostra-fumetto-comics-made-in-italy.html,Arte e cultura,"12, Viale Campania, Corsica, Municipio 4, Milano, Lombardia, 20133, Italia",45.4634024,9.2242161,0
Mostre,06-02-22,2021-11-06,"Piazza Sant'Eustorgio, 3, Milano, MI",Museo Diocesano,"Al Museo Diocesano l'Annunciazione di Tiziano è il ""Capolavoro per Milano 2021""",https://www.milanotoday.it/eventi/dipinto-annunciazione-di-tiziano-museo-diocesano.html,Arte e cultura,"Museo Diocesano di Milano, 3, Piazza Sant'Eustorgio, Ticinese, Municipio 1, Milano, Lombardia, 20123, Italia",45.4546749,9.1810291,8
Mostre,27-02-22,2021-11-06,"Viale Campania, 12, Milano, MI",Wow Spazio Fumetto,"""Fumetto, i comics made in Italy"" in arrivo a Milano",https://www.milanotoday.it/eventi/mostra-fumetto-comics-made-in-italy.html,Arte e cultura,"12, Viale Campania, Corsica, Municipio 4, Milano, Lombardia, 20133, Italia",45.4634024,9.2242161,0
Manifestazioni,07-11-21,2021-11-06,"Via Mozart, 14, Milano, MI",Villa Necchi Campiglio,"La mostra mercato ""Colori d'autunno"" del FAI con le piante per terrazzi e giardini",https://www.milanotoday.it/eventi/mostra-mercato-colori-autunno-fai-2021.html,Altri eventi,"14, Via Wolfgang Amadeus Mozart, Quartiere Boschetto, Trezzano sul Naviglio, Milano, Lombardia, 20090, Italia",45.4159579,9.0475197,9
Spettacoli,06-11-21,2021-11-06,"viale Alemagna,6,20121, Milano, MI,Italia",Triennale,Tutto brucia - Motus,https://www.teatro.it/spettacoli/milano/triennale-teatro-dellarte/2021-2022/tutto-brucia-motus,Teatro e spettacolo,"Triennale Design Museum, 6, Viale Emilio Alemagna, Parco Sempione, Municipio 1, Milano, Lombardia, 20121, Italia",45.4721477,9.1734894,2
Spettacoli,06-11-21,2021-11-06,"Via Alessandro Manzoni 42,20121, Milano, MI,Italia",Manzoni,Biancaneve e i 7 (?) nani,https://www.teatro.it/spettacoli/milano/manzoni/2021-2022/biancaneve-e-i-7-nani,Teatro e spettacolo,"Teatro Manzoni, 42, Via Alessandro Manzoni, Cerchia dei Navigli, Municipio 1, Milano, Lombardia, 20121, Italia",45.4710286,9.1944762,8
,18-11-21,2021-11-06,"Via Giuseppe Dall'Occo, 1, Milano, MI",Galleria Click Art,Emozioni,https://www.milanotoday.it/eventi/emozioni-2021.html,Non classificato,"Via Giuseppe Dall'Occo, Cormano, Zona Omogenea Milano Nord, Milano, Lombardia, 20032, Italia",45.5444599,9.1691639,4
Mostre,06-02-22,2021-11-06,"Piazza Sant'Eustorgio, 3, Milano, MI",Museo Diocesano,"Al Museo Diocesano l'Annunciazione di Tiziano è il ""Capolavoro per Milano 2021""",https://www.milanotoday.it/eventi/dipinto-annunciazione-di-tiziano-museo-diocesano.html,Arte e cultura,"Museo Diocesano di Milano, 3, Piazza Sant'Eustorgio, Ticinese, Municipio 1, Milano, Lombardia, 20123, Italia",45.4546749,9.1810291,8
Spettacoli,07-11-21,2021-11-07,"Viale dell'Innovazione 20,20126, Milano, MI,Italia",Arcimboldi,L'infinito Tour,https://www.teatro.it/spettacoli/milano/degli-arcimboldi/2021-2022/roberto-vecchioni-linfinito-tour,Teatro e spettacolo,"20, Viale dell'Innovazione, Bicocca, Municipio 9, Milano, Lombardia, 20125, Italia",45.5148696,9.2135963,4
Spettacoli,07-11-21,2021-11-07,"Corso di Porta Romana 63,20122, Milano, MI,Italia",Carcano,Tango Macondo. Il venditore di metafore,https://www.teatro.it/spettacoli/milano/carcano/2021-2022/tango-macondo-il-venditore-di-metafore,Teatro e spettacolo,"Teatro Carcano, 63, Corso di Porta Romana, Crocetta, Municipio 1, Milano, Lombardia, 20121, Italia",45.4566842,9.1955297,8
,07-11-21,2021-11-07,"Via Santa Croce, 15, Milano, MI",Associazione IBVA,"Solidando. Mercato agricolo a ""filiera colta""",https://www.milanotoday.it/eventi/solidando-mercato-agricolo.html,Non classificato,"Via Santa Croce, Ticinese, Municipio 1, Milano, Lombardia, 20136, Italia",45.4540253,9.1823474,8
Spettacoli,07-11-21,2021-11-07,"Via Rovello 2,20121, Milano, MI,Italia",Piccolo Teatro - Teatro Grassi,"Tavola tavola, chiodo chiodo",https://www.teatro.it/spettacoli/milano/piccolo-teatro-teatro-grassi/2021-2022/tavola-tavola-chiodo-chiodo,Teatro e spettacolo,"2, Via Rovello, Brera, Milano, Lombardia, 20121, Italia",45.4665188,9.1847651,8
Spettacoli,07-11-21,2021-11-07,"Via Boltraffio 21,20159, Milano, MI,Italia",Fontana,Elia Kazan. Confessione americana,https://www.teatro.it/spettacoli/milano/fontana/2021-2022/elia-kazan-confessione-americana,Teatro e spettacolo,"21, Via Gian Antonio Boltraffio, Isola, Municipio 9, Milano, Lombardia, 20159, Italia",45.4921952,9.1878419,2
Spettacoli,07-11-21,2021-11-07,"via Pitteri 58,20134, Milano, MI,Italia",Martinitt,Partenza in salita,https://www.teatro.it/spettacoli/milano/martinitt/2021-2022/partenza-in-salita,Teatro e spettacolo,"Via Riccardo Pitteri, Lambrate, Municipio 3, Milano, Lombardia, 20134, Italia",45.4798362,9.2457864,7
Spettacoli,07-11-21,2021-11-07,"Via Andrea Maria Ampère 1,20131, Milano, MI,Italia",MTM - Leonardo,Le allegre comari di Windsor,https://www.teatro.it/spettacoli/milano/leonardo/2021-2022/le-allegre-comari-di-windsor,Teatro e spettacolo,"Teatro Leonardo da Vinci, 1, Via Andrea Maria Ampère, Città Studi, Municipio 3, Milano, Lombardia, 20131, Italia",45.4795266,9.2263901,0
Spettacoli,07-11-21,2021-11-07,"Via Rivoli 6,20121, Milano, MI,Italia",Piccolo Teatro - Studio Melato,Edificio 3. Storia di un intento assurdo,https://www.teatro.it/spettacoli/milano/piccolo-teatro-studio-melato/2021-2022/edificio-3-storia-di-un-intento-assurdo,Teatro e spettacolo,"6, Via Rivoli, Brera, Municipio 1, Milano, Lombardia, 20121, Italia",45.4726093,9.182881,8
,16-11-21,2021-11-08,"Via Enrico Caviglia, 3, Milano, MI",Istituto Italiano di Fotografia,Lo spettacolo d’arte varia. Quattro fotografe interpretano Paolo Conte,https://www.milanotoday.it/eventi/lo-spettacolo-d-arte-varia.html,Non classificato,"CSDM, 3, Via Enrico Caviglia, Lodi - Corvetto, Municipio 4, Milano, Lombardia, 20139, Italia",45.4428538,9.2307904,0
,08-11-21,2021-11-08,"Piazza Tirana, 22, Milano, MI",Ristorante Peruviano Dkarbon y Limon 2,La masterclass (gratuita) con lo chef peruviano Javier Vargas Guimaray,https://www.milanotoday.it/eventi/masterclass-chef-peruviano.html,Non classificato,"Piazza Tirana, Giambellino, Municipio 6, Milano, Lombardia, 20147, Italia",45.4432775,9.1304013,9
,09-11-21,2021-11-09,"Via Ascanio Sforza, 65, Milano, MI",Casa Matilda,Umberto Trezzi Presenta a Milano “Le avventure della gatta Vittoria”,https://www.milanotoday.it/eventi/umberto-trezzi-gatta-vittoria.html,Non classificato,"65, Via Ascanio Sforza, Ticinese, Municipio 5, Milano, Lombardia, 20136, Italia",45.4449669,9.1766051,6
Spettacoli,09-11-21,2021-11-09,"vicolo Fiume 4,20092, Cinisello Balsamo, MI,Italia",Pax,Maratona di New York,https://www.teatro.it/spettacoli/cinisello-balsamo/pax/2021-2022/maratona-di-new-york,Teatro e spettacolo,"CineTeatro Pax, 4, Vicolo Fiume, Cinisello, Cinisello Balsamo, Zona Omogenea Milano Nord, Milano, Lombardia, 20092, Italia",45.5564874,9.2169118,4
Teatri,14-11-21,2021-11-09,"Via Rivoli, 6, Milano, MI",Piccolo Teatro Studio Melato,"A teatro arrivano le ""Storie"" di Stefano Massini con le musiche di Paolo Jannacci",https://www.milanotoday.it/eventi/spettacolo-storie-jannacci-piccolo-teatro.html,Teatro e spettacolo,"6, Via Rivoli, Brera, Municipio 1, Milano, Lombardia, 20121, Italia",45.4726093,9.182881,8
Incontri,09-11-21,2021-11-09,"Via del Vecchio Politecnico, 3, Milano, MI",Istituto Svizzero,Il carteggio di Vincenzo Vela,https://www.milanotoday.it/eventi/carteggio-di-vincenzo-vela-2021.html,Formazione e networking,"3, Via del Vecchio Politecnico, Guastalla, Municipio 1, Milano, Lombardia, 20121, Italia",45.4724248,9.1964505,8
Teatri,14-11-21,2021-11-09,"Via Rovello, 2, Milano, MI",Piccolo Teatro Grassi,"""La tragedia è finita, Platonov"" di Liv Ferracchiati per la prima volta al Piccolo",https://www.milanotoday.it/eventi/spettacolola-tragedia-e-finita-platonov-piccolo-teatro.html,Teatro e spettacolo,"2, Via Rovello, Brera, Milano, Lombardia, 20121, Italia",45.4665188,9.1847651,8
,18-12-21,2021-11-10,"Via Benedetto Marcello, 46, Milano, MI",Galleria Manifiesto Blanco,"La mostra ""oltretempo"" di Laura Villani al Manifiesto Blanco",https://www.milanotoday.it/eventi/mostra-oltretempo-laura-villani.html,Non classificato,"Manifiesto Blanco, 46, Via Benedetto Marcello, Buenos Aires - Venezia, Municipio 3, Milano, Lombardia, 20124, Italia",45.4830737,9.2106807,0
,10-11-21,2021-11-10,"Via Pier Lombardo, 14, Milano, MI",Teatro Franco Parenti,Enzo Cosimi al festival Exister,https://www.milanotoday.it/eventi/enzo-cosimi-al-festival-exister.html,Non classificato,"Via Pier Lombardo, Porta Romana, Municipio 4, Milano, Lombardia, 20135, Italia",45.4542958,9.2063109,0
,14-11-21,2021-11-10,"Via Alessandro Volta, 7A, Milano, MI",Moscova District Market,Second Hand Luxury Market: i migliori brand della moda selezionati per acquistare capi e accessori senza tempo,https://www.milanotoday.it/eventi/seconda-mano-moda-accessori.html,Non classificato,"7a, Via Alessandro Volta, Brera, Municipio 1, Milano, Lombardia, 20121, Italia",45.4794117,9.1836722,8
,01-12-21,2021-11-10,"Via Fabio Filzi, 21, Milano, MI",PALAZZO PIRELLI,"""Youth - l'età dell'innocenza"", la mostra di Kurt Mmmann",https://www.milanotoday.it/eventi/kurt-ammann-youth-mostra.html,Non classificato,"21, Via Fabio Filzi, Cascina Lenzuoletta, Cernusco sul Naviglio, Milano, Lombardia, 20063, Italia",45.5182986,9.3281887,3
,10-11-21,2021-11-10,"Via Antonio Pacinotti, 4, Milano, MI",Garage Moulinski,Costa presenta dal vivo “Lasciando tutto in disordine” il primo disco solista,https://www.milanotoday.it/eventi/costa-presenta-disco.html,Non classificato,"4, Via Antonio Pacinotti, Quartiere Campetto, Trezzano sul Naviglio, Milano, Lombardia, 20090, Italia",45.4302517,9.0598381,9
Mostre,07-03-22,2021-11-11,"Via Alessandro Manzoni, 12, Milano, MI",Museo Poldi Pezzoli,Giorno per giorno nella pittura. Federico Zeri e Milano,https://www.milanotoday.it/eventi/mostra-federico-zeri-museo-poldi-pezzoli.html,Arte e cultura,"Museo Poldi Pezzoli, 12, Via Alessandro Manzoni, Duomo, Municipio 1, Milano, Lombardia, 20121, Italia",45.4684748,9.1917804,8
,11-11-21,2021-11-11,"Via Ettore Ponti, 40, Milano, MI",BIKO Club,"Gianluca Petrella ""Cosmic renaissance"" 11/11/21 - Milano - Biko Club",https://www.milanotoday.it/eventi/gianluca-petrella-cosmic-renaissance.html,Non classificato,"40, Via Ettore Ponti, San Cristoforo, Municipio 6, Milano, Lombardia, 20143, Italia",45.4420773,9.1539092,6
Manifestazioni,14-11-21,2021-11-11,"Via Olona, 6, Milano, MI",Museo Nazionale della Scienza e della Tecnologia,"Scienziati, biologi e astronomi spiegano il mondo a ""Focus Live""",https://www.milanotoday.it/eventi/focus-live-museo-scienza-tecnologia.html,Altri eventi,"6, Via Olona, Magenta - San Vittore, Municipio 1, Milano, Lombardia, 20123, Italia",45.4609706,9.1722645,8
Teatri,14-11-21,2021-11-11,"Corso di Porta Romana, 63, Milano, MI",Teatro Carcano,"""Innamorati"" di Goldoni al Teatro Carcano",https://www.milanotoday.it/eventi/teatro/carcano-goldoni-innamorati.html,Teatro e spettacolo,"Teatro Carcano, 63, Corso di Porta Romana, Crocetta, Municipio 1, Milano, Lombardia, 20121, Italia",45.4566842,9.1955297,8
Mostre,07-03-22,2021-11-11,"Via Alessandro Manzoni, 12, Milano, MI",Museo Poldi Pezzoli,Giorno per giorno nella pittura. Federico Zeri e Milano,https://www.milanotoday.it/eventi/mostra-federico-zeri-museo-poldi-pezzoli.html,Arte e cultura,"Museo Poldi Pezzoli, 12, Via Alessandro Manzoni, Duomo, Municipio 1, Milano, Lombardia, 20121, Italia",45.4684748,9.1917804,8
Spettacoli,12-11-21,2021-11-12,"Corso di Porta Romana 63,20122, Milano, MI,Italia",Carcano,Innamorati,https://www.teatro.it/spettacoli/milano/carcano/2021-2022/innamorati,Teatro e spettacolo,"Teatro Carcano, 63, Corso di Porta Romana, Crocetta, Municipio 1, Milano, Lombardia, 20121, Italia",45.4566842,9.1955297,8
,12-11-21,2021-11-12,"Piazza Francesco Carrara, 17, Milano, MI",Centro Asteria,Il concerto di Andrea De Vitis,https://www.milanotoday.it/eventi/concerto-andrea-de-vitis.html,Non classificato,"17, Piazza Francesco Carrara, Stadera, Municipio 5, Milano, Lombardia, 20136, Italia",45.4369245,9.1761088,6
Teatri,20-11-21,2021-11-12,"Viale dell'Innovazione, 20, Milano, MI",Teatro degli Arcimboldi,"Zelig 2021, aprono le prevendite per lo spettacolo dal vivo",https://www.milanotoday.it/eventi/spettacolo-zelig-teatro-arcimboldi-2021.html,Teatro e spettacolo,"20, Viale dell'Innovazione, Bicocca, Municipio 9, Milano, Lombardia, 20125, Italia",45.5148696,9.2135963,4
Manifestazioni,13-11-21,2021-11-12,"Via Bergognone, 34, Milano, MI",Base Milano,"Da Base torna If!, il Festival della creatività",https://www.milanotoday.it/eventi/if-festival-creativita-base.html,Altri eventi,"Wikimedia Italia, 34, Via Bergognone Da Fossano, Tortona, Municipio 6, Milano, Lombardia, 20144, Italia",45.4518657,9.1625146,6
,12-11-21,2021-11-12,"Corso Italia, 3, Milano, MI",Libreria Ubik,Presentazione alla Ubik - Legnano,https://www.milanotoday.it/eventi/ubik-legnano-luca-arnau.html,Non classificato,"La Esse, 3, Corso Italia, Cerchia dei Navigli, Municipio 1, Milano, Lombardia, 20122, Italia",45.4595556,9.188138,8
,12-11-21,2021-11-12,"Via Giuseppe Gabetti, 15, Milano, MI",Mare Culturale Urbano,Fantasie erotiche e parafilie: secondo appuntamento del TiLov Show con Federica Minia al Mare Culturale Urbano,https://www.milanotoday.it/eventi/tilov-show-federica-minia-piacere-sessuale-12-novembre.html,Non classificato,"Cascina Torrette di Trenno, 15, Via Giuseppe Gabetti, Quartiere Vercellese, Forze Armate, Municipio 7, Milano, Lombardia, 20147, Italia",45.4687457,9.1240256,9
,12-11-21,2021-11-12,"Via dell'Allodola, 5, Milano, MI","Teatro ""La Creta""",Alle origini del jazz,https://www.milanotoday.it/eventi/alle-origini-del-jazz-2021.html,Non classificato,"Via dell'Allodola, Lorenteggio, Municipio 6, Milano, Lombardia, 20147, Italia",45.454862,9.1195068,9
,12-11-21,2021-11-12,"Via dell'Allodola, 5, Milano, MI","Teatro ""La Creta""",Alle origini del jazz,https://www.milanotoday.it/eventi/concerto-origini-jazz.html,Non classificato,"Via dell'Allodola, Lorenteggio, Municipio 6, Milano, Lombardia, 20147, Italia",45.454862,9.1195068,9
,12-11-21,2021-11-12,"Via Fezzan, 11, Milano, MI",EcoTeatro,Tanguera - tango y musica,https://www.milanotoday.it/eventi/tanguera-tango-y-musica.html,Non classificato,"EcoTeatro, 11, Via Fezzan, Bande Nere, Municipio 6, Milano, Lombardia, 20146, Italia",45.4592109,9.1459527,6
,13-11-21,2021-11-13,"Viale Giorgio Byron, 2, Milano, MI",Palazzina Appiani,Alla scoperta di Milano ...di corsa,https://www.milanotoday.it/eventi/corsa-brooks-2021.html,Non classificato,"2, Viale Giorgio Byron, Parco Sempione, Municipio 1, Milano, Lombardia, 20154, Italia",45.4753371,9.1783413,8
Disco&Feste,13-11-21,2021-11-13,"Via Circonvallazione Idroscalo, Milano, MI",Circolo Magnolia,I pezzi dei mitici anni Novanta in una serata speciale al Magnolia,https://www.milanotoday.it/eventi/serata-magnolia-datura-anni-novanta.html,Musica e vita notturna,"Via Circonvallazione Idroscalo, Novegro, Segrate, Milano, Lombardia, 20054, Italia",45.465095,9.2830627,7
Concerti,13-11-21,2021-11-13,"Via Giorgio Vasari, 15, Milano, MI",Teatro Franco Parenti,Un concerto di musiche ebraiche con la KlezParade Orchestra,https://www.milanotoday.it/eventi/concerto-musiche-ebraiche-franco-parenti.html,Musica e vita notturna,"Via Giorgio Vasari, Porta Romana, Municipio 4, Milano, Lombardia, 20135, Italia",45.4542475,9.2073471,0
Spettacoli,13-11-21,2021-11-13,"p.zza IV Novembre 3,20025, Legnano, MI,Italia",Talisio Tirinnanzi,La notte dell'Innominato,https://www.teatro.it/spettacoli/legnano/talisio-tirinnanzi/2021-2022/la-notte-dellinnominato,Teatro e spettacolo,"Scuola Secondaria di Primo Grado Giovanni Ungaretti, 3, Piazza Quattro Novembre, San Giorgio su Legnano, Milano, Lombardia, 20034, Italia",45.5765251,8.9157963,5
Inaugurazioni,31-12-21,2021-11-13,"Corso Magenta, 22, Milano, MI",Ottica Dalpasso,Corso Magenta 22: Ottica Dalpasso apre nel cuore di Milano,https://www.milanotoday.it/eventi/ottica-dalpasso-apre-in-corso-magenta.html,Inaugurazioni,"Era l'Ora, 22, Corso Magenta, Cerchia dei Navigli, Municipio 1, Milano, Lombardia, 20123, Italia",45.4658505,9.1789725,8
Spettacoli,13-11-21,2021-11-13,"Via Filodrammatici 2,20121, Milano, MI,Italia",Teatro Alla Scala,La Calisto,https://www.teatro.it/spettacoli/milano/teatro-alla-scala/2021-2022/la-calisto,Teatro e spettacolo,"2, Via Filodrammatici, Brera, Milano, Lombardia, 20121, Italia",45.4676198,9.1884287,8
,11-12-21,2021-11-13,"Via Marco Polo, 6, Milano, MI",Cuvèe  Artexperienze,"I have a dream, la mostra di Graziano Rey",https://www.milanotoday.it/eventi/i-have-a-dream-graziano-rey-8445880.html,Non classificato,"6, Via Marco Polo, GARIBALDI REPUBBLICA, Municipio 9, Milano, Lombardia, 20124, Italia",45.4805808,9.1938497,8
,18-12-21,2021-11-13,"Corso di Porta Genova 6, Milano, MI",Biblioetca Sormani,"Alla Biblioteca Sormani di Milano, la terza tappa di Oh donna chi sei",https://www.milanotoday.it/eventi/sormani-violenza-donne.html,Non classificato,"Mi Market, 1, Corso Cristoforo Colombo, Navigli, Municipio 6, Milano, Lombardia, 20144, Italia",45.4553112,9.1729899,6
,28-11-21,2021-11-13,"Via Daniele Crespi, 9, Milano, MI",Teatro Ariberto,Ma il cielo non può attendere. la storia fiabesca di Hansel e Gretel,https://www.milanotoday.it/eventi/storia-hansel-e-gretel.html,Non classificato,"9, Via Daniele Crespi, Magenta - San Vittore, Municipio 1, Milano, Lombardia, 20123, Italia",45.4571749,9.1740807,6
Spettacoli,14-11-21,2021-11-14,"viale Alemagna,6,20121, Milano, MI,Italia",Triennale,Bros,https://www.teatro.it/spettacoli/milano/triennale-teatro-dellarte/2021-2022/bros,Teatro e spettacolo,"Triennale Design Museum, 6, Viale Emilio Alemagna, Parco Sempione, Municipio 1, Milano, Lombardia, 20121, Italia",45.4721477,9.1734894,2
Teatri,14-11-21,2021-11-14,"Corso di Porta Romana, 63, Milano, MI",Teatro Carcano,"""Robin Hood"", uno speciale spettacolo per bambini a teatro",https://www.milanotoday.it/eventi/spettacolo-robin-hood-teatro-carcano.html,Teatro e spettacolo,"Teatro Carcano, 63, Corso di Porta Romana, Crocetta, Municipio 1, Milano, Lombardia, 20121, Italia",45.4566842,9.1955297,8
Spettacoli,14-11-21,2021-11-14,"Via Rovello 2,20121, Milano, MI,Italia",Piccolo Teatro - Teatro Grassi,"La tragedia è finita, Platonov",https://www.teatro.it/spettacoli/milano/piccolo-teatro-teatro-grassi/2021-2022/la-tragedia-e-finita-platonov,Teatro e spettacolo,"2, Via Rovello, Brera, Milano, Lombardia, 20121, Italia",45.4665188,9.1847651,8
Manifestazioni,12-12-21,2021-11-14,"Via Fametta, 1, Milano, MI",Villa Arconati-FAR,"Presepi, luci e addobbi: a Villa Arconati arriva il Natale",https://www.milanotoday.it/eventi/natale-a-villa-arconati-2021.html,Altri eventi,"1, Via Fametta, Via Trento, Castellazzo, Bollate, Milano, Lombardia, 20021, Italia",45.556757,9.0958021,1
Spettacoli,14-11-21,2021-11-14,"Via Andrea Maria Ampère 1,20131, Milano, MI,Italia",MTM - Leonardo,Fine famiglia,https://www.teatro.it/spettacoli/milano/leonardo/2021-2022/fine-famiglia,Teatro e spettacolo,"Teatro Leonardo da Vinci, 1, Via Andrea Maria Ampère, Città Studi, Municipio 3, Milano, Lombardia, 20131, Italia",45.4795266,9.2263901,0
Spettacoli,14-11-21,2021-11-14,"Corso Buenos Aires 33,20124, Milano, MI,Italia",Elfo Puccini - sala Shakespeare,Diplomazia,https://www.teatro.it/spettacoli/milano/elfo-puccini-sala-shakespeare/2021-2022/diplomazia,Teatro e spettacolo,"Teatro Elfo Puccini, 33, Corso Buenos Aires, Buenos Aires - Venezia, Municipio 3, Milano, Lombardia, 20124, Italia",45.4794317,9.2098387,0
Spettacoli,14-11-21,2021-11-14,"Largo Antonio Greppi,20121, Milano, MI,Italia",Piccolo Teatro - Teatro Strehler,Piazza degli Eroi,https://www.teatro.it/spettacoli/milano/piccolo-teatro-teatro-strehler/2021-2022/piazza-degli-eroi,Teatro e spettacolo,"Largo Antonio Greppi, Cerchia dei Navigli, Municipio 1, Milano, Lombardia, 20121, Italia",45.4718502,9.1827114,8
Spettacoli,14-11-21,2021-11-14,"Via Hermada,8,20162, Milano, MI,Italia",della Cooperativa,"Coppia aperta, quasi spalancata",https://www.teatro.it/spettacoli/milano/della-cooperativa/2021-2022/coppia-aperta-quasi-spalancata,Teatro e spettacolo,"8, Via privata Hermada, Niguarda - Cà Granda, Municipio 9, Milano, Lombardia, 20162, Italia",45.5147872,9.1901457,4
Spettacoli,14-11-21,2021-11-14,"via Filodrammatici,1,20121, Milano, MI,Italia",Filodrammatici,Sospetti (S.U.S.),https://www.teatro.it/spettacoli/milano/filodrammatici/2021-2022/sospetti-sus,Teatro e spettacolo,"Teatro dei Filodrammatici, 1, Via Filodrammatici, Brera, Municipio 1, Milano, Lombardia, 20121, Italia",45.467261,9.188435,8
,14-11-21,2021-11-14,"Via Giulio Cesare Procaccini, 4, Milano, MI",Fabbrica del Vapore,La Mesopotamia arriva a Milano,https://www.milanotoday.it/eventi/museofarfalla-mesopotamia.html,Non classificato,"4, Via Giulio Cesare Procaccini, Bullona, Porta Volta, Municipio 8 di Milano, Milano, Lombardia, 20154, Italia",45.4839945,9.1753796,2
Spettacoli,14-11-21,2021-11-14,"Corso Buenos Aires,33,20124, Milano, MI,Italia",Teatro Elfo Puccini - sala Fassbinder,Robert e Patti,https://www.teatro.it/spettacoli/milano/teatro-elfo-puccini-sala-fassbinder/2021-2022/robert-e-patti,Teatro e spettacolo,"Teatro Elfo Puccini, 33, Corso Buenos Aires, Buenos Aires - Venezia, Municipio 3, Milano, Lombardia, 20124, Italia",45.4794317,9.2098387,0
,21-11-21,2021-11-15,"Via Giovanni Bellezza, 16a, Milano, MI",Arci Bellezza,La resistenza delle donne rivive  in “Troiane”: arriva a Milano l’ultimo spettacolo dei Fools,https://www.milanotoday.it/eventi/troiane-spettacolo-fools.html,Non classificato,"16a, Via Giovanni Bellezza, Vigentina, Municipio 5, Milano, Lombardia, 20136, Italia",45.4486728,9.1948474,8
,15-11-21,2021-11-15,"Via Alessandro Manzoni, 42, Milano, MI",Teatro Manzoni,Teatro Manzoni: serata di beneficenza con Pintus,https://www.milanotoday.it/eventi/canzoni-serata-beneficenza-pintus.html,Non classificato,"Teatro Manzoni, 42, Via Alessandro Manzoni, Cerchia dei Navigli, Municipio 1, Milano, Lombardia, 20121, Italia",45.4710286,9.1944762,8
,15-11-21,2021-11-15,"Via del Bosco Rinnovato, Milano, MI",Istituto Svizzero,Work at the crossroads,https://www.milanotoday.it/eventi/work-at-the-crossroads.html,Non classificato,"Via del Bosco Rinnovato, Bazzana Inferiore, Assago, Milano, Lombardia, 20057, Italia",45.4087754,9.149913,6
Spettacoli,15-11-21,2021-11-15,"Corso Buenos Aires 33,20124, Milano, MI,Italia",Elfo Puccini - Sala Bausch,Cercivento,https://www.teatro.it/spettacoli/milano/elfo-puccini-sala-bausch/2021-2022/cercivento,Teatro e spettacolo,"Teatro Elfo Puccini, 33, Corso Buenos Aires, Buenos Aires - Venezia, Municipio 3, Milano, Lombardia, 20124, Italia",45.4794317,9.2098387,0
Teatri,05-12-21,2021-11-16,"Largo Greppi, 1, Milano, MI",Piccolo Teatro Strehler,"Al Piccolo Teatro va in scena ""Sani!"" di Marco Paolini",https://www.milanotoday.it/eventi/spettacolo-sani-marco-paolini-piccolo-teatro-strehler.html,Teatro e spettacolo,"Largo Antonio Greppi, Cerchia dei Navigli, Municipio 1, Milano, Lombardia, 20121, Italia",45.4718502,9.1827114,8
Mostre,16-11-21,2021-11-16,"Via Aurelio Saffi, 9, Milano, MI",Pananti Atelier,"""Freedom is not free""",https://www.milanotoday.it/eventi/freedom-is-not-free-2021.html,Arte e cultura,"9, Via Aurelio Saffi, Magenta - San Vittore, Municipio 1, Milano, Lombardia, 20123, Italia",45.4686971,9.1712268,8
Cinema,05-12-21,2021-11-16,"Viale Fulvio Testi, 121, Milano, MI",Cineteca Milano MIC,I film di Jean Gabin alla Cineteca di Milano,https://www.milanotoday.it/eventi/film-jean-gabin-cineteca-milano.html,Arte e cultura,"Fondazione Cineteca Italiana, 121, Viale Fulvio Testi, Niguarda - Cà Granda, Municipio 9, Milano, Lombardia, 20126, Italia",45.5133792,9.2039096,4
Spettacoli,16-11-21,2021-11-16,"Via Giordano Rota 1,20145, Milano, MI,Italia",Nazionale Italiana Assicurazioni,Insopportabilmente donna - Tess Masazza,https://www.teatro.it/spettacoli/milano/nazionale-chebanca/2021-2022/insopportabilmente-donna-tess-masazza,Teatro e spettacolo,"20145, Italy",45.4643,9.1895,8
Incontro/presentazione,21-11-21,2021-11-17,"via Brera, 28, Milano, MI",Pinacoteca di Brera - Biblioteca Nazionale Braidense di Milano,BookCity 2021 alla Biblioteca Braidense,,Formazione e networking,"Istituto Nazionale di Astrofisica – Osservatorio astronomico di Brera, 28, Via Brera, Cerchia dei Navigli, Municipio 1, Milano, Lombardia, 20121, Italia",45.4715946,9.1889707,8
Incontro/presentazione,17-11-21,2021-11-17,"corso Magenta, Milano, MI",Palazzo Arese-Litta,GIS Day 2021 -  MAPPING HERITAGE. I GIS per la tutela dei beni culturali e la ricerca archeologica,,Formazione e networking,"Corso Magenta, Magenta - San Vittore, Municipio 1, Milano, Lombardia, 20123, Italia",45.4657212,9.17112,8
Mostre,20-03-22,2021-11-17,"Via Sant'Andrea, 6, Milano, MI",Palazzo Morando,A Milano una mostra esclusiva per gli 80 anni di Wonder Woman,https://www.milanotoday.it/eventi/mostra-wonder-woman-palazzo-morando.html,Arte e cultura,"Palazzo Morando - Costume Moda Immagine, 6, Via Sant'Andrea, Duomo, Municipio 1, Milano, Lombardia, 20121, Italia",45.4685907,9.1962586,8
,21-11-21,2021-11-17,"Ripa di Porta Ticinese, 61, Milano, MI",Arcadia Gallery,La mostra personale di Sara Digiovanni,https://www.milanotoday.it/eventi/mostra-personale-sara-digiovanni.html,Non classificato,"61, Ripa di Porta Ticinese, Navigli, Municipio 6, Milano, Lombardia, 20143, Italia",45.4508348,9.1710412,6
,06-01-22,2021-11-17,"Via Corsico, 3, Milano, MI",Ral,"""Malebranche"". i diavoletti della divina commedia. Al Ral di Milano in mostra le opere di Francesco Buonfino",https://www.milanotoday.it/eventi/malebranche-diavoletti-2021.html,Non classificato,"Ral8022, 3, Via Corsico, Navigli, Municipio 6, Milano, Lombardia, 20144, Italia",45.4523462,9.1734918,6
Spettacoli,17-11-21,2021-11-17,"Via Alessandro Manzoni 42,20121, Milano, MI,Italia",Manzoni,L'anima buona di Sezuan,https://www.teatro.it/spettacoli/milano/manzoni/2021-2022/lanima-buona-di-sezuan,Teatro e spettacolo,"Teatro Manzoni, 42, Via Alessandro Manzoni, Cerchia dei Navigli, Municipio 1, Milano, Lombardia, 20121, Italia",45.4710286,9.1944762,8
,17-11-21,2021-11-17,"Via Santa Croce, 15, Milano, MI",Associazione IBVA,"Serata con Giacomo Poretti. Presentazione di ""Turno di notte""",https://www.milanotoday.it/eventi/serata-con-giacomo-poretti.html,Non classificato,"Via Santa Croce, Ticinese, Municipio 1, Milano, Lombardia, 20136, Italia",45.4540253,9.1823474,8
Mostre,20-03-22,2021-11-17,"Via Sant'Andrea, 6, Milano, MI",Palazzo Morando,A Milano una mostra esclusiva per gli 80 anni di Wonder Woman,https://www.milanotoday.it/eventi/mostra-wonder-woman-palazzo-morando.html,Arte e cultura,"Palazzo Morando - Costume Moda Immagine, 6, Via Sant'Andrea, Duomo, Municipio 1, Milano, Lombardia, 20121, Italia",45.4685907,9.1962586,8
Incontri,21-11-21,2021-11-17,"Via Festa del Perdono, Milano, MI",Università degli Studi Statale di Milano,Bookcity arriva in Statale con oltre 60 eventi di scienza e filosofia,https://www.milanotoday.it/eventi/bookcity-universita-statale-programma-eventi.html,Formazione e networking,"Via Festa del Perdono, Duomo, Municipio 1, Milano, Lombardia, 20122, Italia",45.4618941,9.1949837,8
,06-01-22,2021-11-17,"Via Corsico, 3, Milano, MI",Ral,"""Malebranche"". i diavoletti della divina commedia. Al Ral di Milano in mostra le opere di Francesco Buonfino",https://www.milanotoday.it/eventi/malebranche-diavoletti-2021.html,Non classificato,"Ral8022, 3, Via Corsico, Navigli, Municipio 6, Milano, Lombardia, 20144, Italia",45.4523462,9.1734918,6
Spettacoli,18-11-21,2021-11-18,"via Selvanesco 75,20142, Milano, MI,Italia",Pim Off,Circo Kafka,https://www.teatro.it/spettacoli/milano/pim-off/2021-2022/circo-kafka,Teatro e spettacolo,"75, Via Selvanesco, Gratosoglio - Ticinello, Municipio 5, Milano, Lombardia, 20142, Italia",45.4149579,9.1773287,6
Spettacoli,18-11-21,2021-11-18,"via Valtellina 25,20157, Milano, MI,Italia",Alcatraz,Francesco De Gregori & Band Live,https://www.teatro.it/spettacoli/milano/alcatraz/2021-2022/francesco-de-gregori-band-live,Teatro e spettacolo,"Alcatraz, 25, Via Valtellina, Isola, Municipio 9, Milano, Lombardia, 20159, Italia",45.494744,9.1823768,2
,21-11-21,2021-11-18,"Via Bergognone, 34, Milano, MI",Base,Vogue photo festival,https://www.milanotoday.it/eventi/photo-vogue-festival-2021.html,Non classificato,"Wikimedia Italia, 34, Via Bergognone Da Fossano, Tortona, Municipio 6, Milano, Lombardia, 20144, Italia",45.4518657,9.1625146,6
Incontro/presentazione,18-11-21,2021-11-18,"Via Brera, 28, Milano, MI",Pinacoteca di Brera,Daverio: Indagini su Bonaparte,,Formazione e networking,"Istituto Nazionale di Astrofisica – Osservatorio astronomico di Brera, 28, Via Brera, Cerchia dei Navigli, Municipio 1, Milano, Lombardia, 20121, Italia",45.4715946,9.1889707,8
Spettacoli,18-11-21,2021-11-18,"Via Alessandro Manzoni 42,20121, Milano, MI,Italia",Manzoni,Vernia o non Vernia,https://www.teatro.it/spettacoli/milano/manzoni/2021-2022/vernia-o-non-vernia,Teatro e spettacolo,"Teatro Manzoni, 42, Via Alessandro Manzoni, Cerchia dei Navigli, Municipio 1, Milano, Lombardia, 20121, Italia",45.4710286,9.1944762,8
,18-11-21,2021-11-18,"Via Giovanni Cantoni, 7, Milano, MI",Spazio Cantoni,Storia dei grandi mecenati: Lorenzo il Magnifico,https://www.milanotoday.it/eventi/storia-dei-grandi-mecenati-lorenzo-il-magnifico.html,Non classificato,"7, Via Giovanni Cantoni, Washington, Municipio 7, Milano, Lombardia, 20144, Italia",45.4642957,9.1621819,6
Manifestazioni,18-11-21,2021-11-18,"Piazza Gae Aulenti, 3, Milano, MI",UniCredit Tower,World pancreatic cancer day,https://www.milanotoday.it/eventi/world-pancreatic-cancer-day-2021-.html,Altri eventi,"3, Piazza Gae Aulenti, GARIBALDI REPUBBLICA, Municipio 9, Milano, Lombardia, 20154, Italia",45.4837736,9.1897804,8
Mostra,27-03-22,2021-11-19,"Piazza della Scala, Milano, MI",Gallerie d'Italia,GRAND TOUR. Sogno d’Italia da Venezia a Pompei,,Arte e cultura,"Piazza della Scala, Duomo, Municipio 1, Milano, Lombardia, 20121, Italia",45.4672839,9.1901494,8
Mostre,27-03-22,2021-11-19,"Piazza della Scala, Milano, MI",Gallerie d'Italia,Grand Tour: la mostra sullo splendore italiano tra '700 e '800 a Milano,https://www.milanotoday.it/eventi/mostre/grand-tour-biglietti-gallerie-italia.html,Arte e cultura,"Piazza della Scala, Duomo, Municipio 1, Milano, Lombardia, 20121, Italia",45.4672839,9.1901494,8
Mostre,27-03-22,2021-11-19,"Piazza della Scala, Milano, MI",Gallerie d'Italia,Grand Tour: la mostra sullo splendore italiano tra '700 e '800 a Milano,https://www.milanotoday.it/eventi/mostre/grand-tour-biglietti-gallerie-italia.html,Arte e cultura,"Piazza della Scala, Duomo, Municipio 1, Milano, Lombardia, 20121, Italia",45.4672839,9.1901494,8
,19-11-21,2021-11-19,"Corso Venezia, 55, Milano, MI",Museo di Storia Naturale,Un raglio ci salverà! incontrare gli asini per cambiare vita,https://www.milanotoday.it/eventi/asini-cambiare-vita.html,Non classificato,"Museo di Storia Naturale, 55, Corso Venezia, Guastalla, Municipio 1, Milano, Lombardia, 20121, Italia",45.472734,9.2024419,0
Mostre,21-11-21,2021-11-19,"Via Olona, 6, Milano, MI",Museo Nazionale della Scienza e della Tecnologia,"Bookcity 2021 al Museo della Scienza, il programma",https://www.milanotoday.it/eventi/bookcity-2021-museo-scienza.html,Arte e cultura,"6, Via Olona, Magenta - San Vittore, Municipio 1, Milano, Lombardia, 20123, Italia",45.4609706,9.1722645,8
Incontri,19-11-21,2021-11-19,"Corso Venezia, 47, Milano, MI",Palazzo Castiglioni,Nft. L'arte e il metaverso con l'artista andrea speziali,https://www.milanotoday.it/eventi/nft-l-arte-e-il-metaverso.html,Formazione e networking,"47, Corso Venezia, Guastalla, Municipio 1, Milano, Lombardia, 20121, Italia",45.4710655,9.2013574,0
Spettacoli,19-11-21,2021-11-19,"Via G. di Vittorio 6,20090, Assago, MI,Italia",Unipol Forum,Simply Red - Blue Eyed Soul Tour 2021,https://www.teatro.it/spettacoli/assago/mediolanum-forum/2021-2022/simply-red-blue-eyed-soul-tour-2021,Teatro e spettacolo,"20090, Italy",45.407,9.1083,9
,05-12-21,2021-11-19,"Viale Mugello, Milano, MI",spazio teatrale Quarta Parete - Stazione di Porta Vittoria,"""La linea del colore"": rassegna di teatro sociale dal 19 novembre al 4 dicembre",https://www.milanotoday.it/eventi/la-linea-del-colore-rassegna.html,Non classificato,"Viale Mugello, Corsica, Municipio 4, Milano, Lombardia, 20130, Italia",45.4613971,9.224151,0
Manifestazioni,19-11-21,2021-11-19,"Via Mortara, 4, Milano, MI",La Corte dei Miracoli,I nasini - Drammi canzone da Jacques Brel,https://www.milanotoday.it/eventi/i-nasini-drammi-canzone-2021.html,Altri eventi,"Corte dei Miracoli, 4, Via Mortara, Navigli, Municipio 6, Milano, Lombardia, 20144, Italia",45.454031,9.1726822,6
,20-11-21,2021-11-20,"Viale Enrico Fermi, 98, Milano, MI",Legend Club,"Furor Gallico, annunciata una nuova data a Milano",https://www.milanotoday.it/eventi/concerto-furor-gallico.html,Non classificato,"Legend Club, 98, Viale Enrico Fermi, Parco Nord, Municipio 9, Milano, Lombardia, 20161, Italia",45.5161589,9.1794377,2
Mercatini,09-01-22,2021-11-20,"Corso Venezia, Milano, MI",Giardini Indro Montanelli,"Natale 2021, torna il Villaggio delle Meraviglie",https://www.milanotoday.it/eventi/villaggio-meraviglie-2021-milano.html,Mercati e shopping,"Corso Venezia, Guastalla, Municipio 1, Milano, Lombardia, 20219, Italia",45.4744208,9.205056,0
Mercatini,09-01-22,2021-11-20,"Corso Venezia, Milano, MI",Giardini Indro Montanelli,"Natale 2021, torna il Villaggio delle Meraviglie",https://www.milanotoday.it/eventi/villaggio-meraviglie-2021-milano.html,Mercati e shopping,"Corso Venezia, Guastalla, Municipio 1, Milano, Lombardia, 20219, Italia",45.4744208,9.205056,0
Manifestazioni,21-11-21,2021-11-20,"Via San Marco, 40, Milano, MI",Museo dei Navigli,La fiera del panettone e del pandoro a Milano,https://www.milanotoday.it/eventi/fiera-panettone-pandoro-2021.html,Altri eventi,"Domò, 40, Via San Marco, Brera, Municipio 1, Milano, Lombardia, 20121, Italia",45.4784052,9.1891516,8
Mercatini,06-01-22,2021-11-20,"Via Giuseppe Eugenio Luraghi, 11, Milano, MI",Il Centro,Piste di pattinaggio e mercatini: al Centro di Arese la magia del Natale,https://www.milanotoday.it/eventi/mercatini-natale-giostre-piste-pattinaggio-centro-di-arese.html,Mercati e shopping,"Via Maestra, 11, Viale Giuseppe Eugenio Luraghi, Valera, Arese, Milano, Lombardia, 20044, Italia",45.5638918,9.0510987,1
,20-11-21,2021-11-20,"Via Marina, Milano, MI",,La sfilata delle auto d'epoca in centro a Milano,https://www.milanotoday.it/eventi/sfilata-auto-storiche.html,Non classificato,"Via Marina, Guastalla, Municipio 1, Milano, Lombardia, 20219, Italia",45.4710275,9.1998156,8
Mercatini,06-01-22,2021-11-20,"Via Giuseppe Eugenio Luraghi, 11, Milano, MI",Il Centro,Piste di pattinaggio e mercatini: al Centro di Arese la magia del Natale,https://www.milanotoday.it/eventi/mercatini-natale-giostre-piste-pattinaggio-centro-di-arese.html,Mercati e shopping,"Via Maestra, 11, Viale Giuseppe Eugenio Luraghi, Valera, Arese, Milano, Lombardia, 20044, Italia",45.5638918,9.0510987,1
,20-11-21,2021-11-20,"Piazza del Duomo, 12, Milano, MI",Palazzo Reale,Bookcity Milano: gli impressionisti e la signora della luce. La storia di Berthe Morisot,https://www.milanotoday.it/eventi/gli-impressionisti-e-la-signora-della-luce.html,Non classificato,"Giacomo, 12, Piazza del Duomo, Duomo, Municipio 1, Milano, Lombardia, 20100, Italia",45.4632066,9.1914879,8
,20-11-21,2021-11-20,"Via San Sisto, 4, Milano, MI",Studio Museo Francesco Messina,Evento Bookcity 'Maria Cristina Carlini. Storia di una scultrice',https://www.milanotoday.it/eventi/evento-bookcity-maria-cristina-carlini.html,Non classificato,"4, Via San Sisto, Cerchia dei Navigli, Municipio 1, Milano, Lombardia, 20123, Italia",45.4607942,9.1815957,8
Mostre,01-12-21,2021-11-20,"Via Giuseppe dall'Occo, 1, Milano, MI",Galleria Click Art,Visioni contemporanee,https://www.milanotoday.it/eventi/visioni-contemporanee-2021.html,Arte e cultura,"Via Giuseppe Dall'Occo, Cormano, Zona Omogenea Milano Nord, Milano, Lombardia, 20032, Italia",45.5444599,9.1691639,4
Spettacoli,20-11-21,2021-11-20,"Via Filodrammatici 2,20121, Milano, MI,Italia",Teatro Alla Scala,Theodora - Concerti straordinari,https://www.teatro.it/spettacoli/milano/teatro-alla-scala/2021-2022/theodora,Teatro e spettacolo,"2, Via Filodrammatici, Brera, Milano, Lombardia, 20121, Italia",45.4676198,9.1884287,8
,20-11-21,2021-11-20,"Via San Giovanni sul Muro, 2, Milano, MI",Teatro Dal Verme,"Corrado Oddi in scena a Milano con ""Pinocchio e la sua favola""",https://www.milanotoday.it/eventi/corrado-oddi-in-scena-2021.html,Non classificato,"2, Via San Giovanni sul Muro, Cerchia dei Navigli, Municipio 1, Milano, Lombardia, 20121, Italia",45.4671162,9.1814924,8
Spettacoli,20-11-21,2021-11-20,"Via San Giovanni sul muro 2,20121, Milano, MI,Italia",Dal Verme,"Pinocchio e la sua favola, per Voce recitante e orchestra",https://www.teatro.it/spettacoli/milano/dal-verme/2021-2022/pinocchio-e-la-sua-favola-per-voce-recitante-e-orchestra,Teatro e spettacolo,"2, Via San Giovanni sul Muro, Cerchia dei Navigli, Municipio 1, Milano, Lombardia, 20121, Italia",45.4671162,9.1814924,8
Concerti,20-11-21,2021-11-20,"Via Torino, 64, Milano, MI",Piazza Castello - Art Mall (via Torino 64),"Sex toys gratis per tutti, così Blowjoe lancia il suo singolo a Milano",https://www.milanotoday.it/eventi/cultura/sex-toys-gratis-blowjoe-corteo-piacere.html,Musica e vita notturna,"Natura, 64, Via Torino, Cerchia dei Navigli, Municipio 1, Milano, Lombardia, 20123, Italia",45.4607911,9.1827157,8
Manifestazioni,21-11-21,2021-11-20,"Via Moncucco, 35, Milano, MI",Superstudio Maxi,"Salone della Cultura 2021, a Milano torna la fiera del libro",https://www.milanotoday.it/eventi/salone-della-cultura-2021.html,Altri eventi,"35, Via Moncucco, San Cristoforo, Municipio 6, Milano, Lombardia, 20143, Italia",45.4388607,9.1668385,6
Spettacoli,20-11-21,2021-11-20,"v. S. Giovanni XXIII 5,20090, Opera, MI,Italia",Eduardo,"Com'è ancora umano lei, caro Fantozzi",https://www.teatro.it/spettacoli/opera/eduardo/2021-2022/come-ancora-umano-lei-caro-fantozzi,Teatro e spettacolo,"20090, Italy",45.407,9.1083,9
Spettacoli,21-11-21,2021-11-21,"Corso di Porta Romana 63,20122, Milano, MI,Italia",Carcano,"Vieni avanti, cretina!",https://www.teatro.it/spettacoli/milano/carcano/2021-2022/vieni-avanti-cretina,Teatro e spettacolo,"Teatro Carcano, 63, Corso di Porta Romana, Crocetta, Municipio 1, Milano, Lombardia, 20121, Italia",45.4566842,9.1955297,8
Spettacoli,21-11-21,2021-11-21,"Via Ciro Menotti 11,20129, Milano, MI,Italia",Menotti,Le opere complete di Shakespeare in 90 minuti,https://www.teatro.it/spettacoli/milano/menotti/2021-2022/le-opere-complete-di-shakespeare-in-90-minuti,Teatro e spettacolo,"11, Via Ciro Menotti, Buenos Aires - Venezia, Municipio 3, Milano, Lombardia, 20129, Italia",45.4699888,9.2132156,0
Spettacoli,21-11-21,2021-11-21,"via Pier Lombardo,14,20135, Milano, MI,Italia",Franco Parenti - Sala Grande,Caduto fuori dal tempo,https://www.teatro.it/spettacoli/milano/franco-parenti-sala-grande/2021-2022/caduto-fuori-dal-tempo,Teatro e spettacolo,"Via Pier Lombardo, Porta Romana, Municipio 4, Milano, Lombardia, 20135, Italia",45.4542958,9.2063109,0
Spettacoli,21-11-21,2021-11-21,"Corso Buenos Aires,33,20124, Milano, MI,Italia",Teatro Elfo Puccini - sala Fassbinder,Farfalle,https://www.teatro.it/spettacoli/milano/teatro-elfo-puccini-sala-fassbinder/2021-2022/farfalle,Teatro e spettacolo,"Teatro Elfo Puccini, 33, Corso Buenos Aires, Buenos Aires - Venezia, Municipio 3, Milano, Lombardia, 20124, Italia",45.4794317,9.2098387,0
Mercatini,21-11-21,2021-11-21,"Via Mecenate, 88/A, Milano, MI",East Market,"Buon compleanno East Market, il mercatino festeggia sette anni",https://www.milanotoday.it/eventi/compleanno-east-market-mercatino-vintage.html,Mercati e shopping,"Via Mecenate, Mecenate, Municipio 4, Milano, Lombardia, 20059, Italia",45.4529888,9.2481173,7
Spettacoli,21-11-21,2021-11-21,"Via Pier Lombardo 14,20135, Milano, MI,Italia",Franco Parenti - Sala Blu,La Gilda - Laura Marinoni,https://www.teatro.it/spettacoli/milano/franco-parenti-sala-acomea/2021-2022/la-gilda-laura-marinoni,Teatro e spettacolo,"Via Pier Lombardo, Porta Romana, Municipio 4, Milano, Lombardia, 20135, Italia",45.4542958,9.2063109,0
Spettacoli,21-11-21,2021-11-21,"Via Boltraffio 21,20159, Milano, MI,Italia",Fontana,"A-MEN (gli uomini, le nuove religioni e altre crisi)",https://www.teatro.it/spettacoli/milano/fontana/2021-2022/a-men-gli-uomini-le-nuove-religioni-e-altre-crisi,Teatro e spettacolo,"21, Via Gian Antonio Boltraffio, Isola, Municipio 9, Milano, Lombardia, 20159, Italia",45.4921952,9.1878419,2
Spettacoli,21-11-21,2021-11-21,"Via Alessandro Manzoni 42,20121, Milano, MI,Italia",Manzoni,Maria Callas. Lettere e Memorie,https://www.teatro.it/spettacoli/milano/manzoni/2021-2022/maria-callas-lettere-e-memorie,Teatro e spettacolo,"Teatro Manzoni, 42, Via Alessandro Manzoni, Cerchia dei Navigli, Municipio 1, Milano, Lombardia, 20121, Italia",45.4710286,9.1944762,8
Manifestazioni,21-11-21,2021-11-21,"Via dei Salici, 9, Milano, MI",Centro Sociale Il Salice,La mostra mercato del vinile e del cd a Legnano,https://www.milanotoday.it/eventi/mostra-mercato-vinile-cd-dischi-legnano.html,Altri eventi,"Parcheggio centro polifunzionale Sandro Pertini( I Salici), 9, Via dei Salici, Mazzafame, Oltrestazione, Legnano, Milano, Lombardia, 20025, Italia",45.5959015,8.8869323,5
Spettacoli,21-11-21,2021-11-21,"Corso Buenos Aires 33,20124, Milano, MI,Italia",Elfo Puccini - sala Shakespeare,Fronte del porto,https://www.teatro.it/spettacoli/milano/elfo-puccini-sala-shakespeare/2021-2022/fronte-del-porto,Teatro e spettacolo,"Teatro Elfo Puccini, 33, Corso Buenos Aires, Buenos Aires - Venezia, Municipio 3, Milano, Lombardia, 20124, Italia",45.4794317,9.2098387,0
Incontri,21-11-21,2021-11-21,"Viale Gadio, 2, Milano, MI",Aquario Civico di Milano - Sala Vitman,"Di romanzi, di mare e di avventura",https://www.milanotoday.it/eventi/di-romanzi-di-mare-e-di-avventura.html,Formazione e networking,"2, Viale Gerolamo Gadio, Brera, Milano, Lombardia, 20121, Italia",45.4737856,9.1809276,8
Spettacoli,22-11-21,2021-11-22,"Via Alessandro Manzoni 42,20121, Milano, MI,Italia",Manzoni,Almeno tu nell'universo,https://www.teatro.it/spettacoli/milano/manzoni/2021-2022/almeno-tu-nelluniverso,Teatro e spettacolo,"Teatro Manzoni, 42, Via Alessandro Manzoni, Cerchia dei Navigli, Municipio 1, Milano, Lombardia, 20121, Italia",45.4710286,9.1944762,8
Spettacoli,22-11-21,2021-11-22,"Via Giordano Rota 1,20145, Milano, MI,Italia",Nazionale Italiana Assicurazioni,The Pozzolis Family - A-LIVE!,https://www.teatro.it/spettacoli/milano/nazionale-chebanca/2021-2022/the-pozzolis-family-a-live,Teatro e spettacolo,"20145, Italy",45.4643,9.1895,8
Spettacoli,23-11-21,2021-11-23,"Via Filodrammatici 2,20121, Milano, MI,Italia",Teatro Alla Scala,L'elisir d'amore,https://www.teatro.it/spettacoli/milano/teatro-alla-scala/2021-2022/lelisir-damore,Teatro e spettacolo,"2, Via Filodrammatici, Brera, Milano, Lombardia, 20121, Italia",45.4676198,9.1884287,8
Concerti,23-11-21,2021-11-23,"Viale Valtellina, Milano, MI",Alcatraz Milano,Cosmo in concerto a Milano. Orari e biglietti,https://www.milanotoday.it/eventi/concerto-cosmo-alcatraz-biglietti.html,Musica e vita notturna,"Viale Valtellina, Bettola, Cinisello Balsamo, Zona Omogenea Milano Nord, Milano, Lombardia, 20092, Italia",45.5571989,9.2529919,4
Concerti,24-11-21,2021-11-24,"Via Giovanni Schiaparelli, 14, Milano, MI",Nik's & Co.,Live piano - Roberto Esposito al Nik's & co,https://www.milanotoday.it/eventi/live-piano-roberto-esposito-2021--.html,Musica e vita notturna,"Nik's & Co, 14, Via Giovanni Schiaparelli, Centrale, Municipio 2, Milano, Lombardia, 20125, Italia",45.4903659,9.2037822,0
,07-01-22,2021-11-24,"Via Montebello, 30, Milano, MI",Belyaev Art Gallery,"""Germinazioni"", mostra personale di Ercole Pignatelli",https://www.milanotoday.it/eventi/germinazioni-mostra-ercole-pignatelli.html,Non classificato,"30, Via Montebello, Brera, Municipio 1, Milano, Lombardia, 20121, Italia",45.474713,9.192753,8
,24-11-21,2021-11-24,"Piazza Pio XI, 2, Milano, MI",Veneranda Biblioteca Ambrosiana,"Lungo il fiume, alla scoperta dell’eccellenza del riso italiano",https://www.milanotoday.it/eventi/incontro-biblioteca-ambrosiana-eccellenza-riso-italiano.html,Non classificato,"Biblioteca Ambrosiana, 2, Piazza Pio Undicesimo, Cerchia dei Navigli, Municipio 1, Milano, Lombardia, 20123, Italia",45.4636207,9.1860483,8
Mostra,27-03-22,2021-11-24,"via Tortona,  56, Milano, MI",Mudec – Museo delle Culture,PIET MONDRIAN Dalla figurazione all’astrazione,,Arte e cultura,"Mudec, 56, Via Tortona, Tortona, Municipio 6, Milano, Lombardia, 20144, Italia",45.4520455,9.1613185,6
,24-11-21,2021-11-24,"Via Giovanni Schiaparelli, 14, Milano, MI",Nik's & Co,Live piano: Roberto Esposito si esibisce con “i mari della luna” e annuncia il suo tour internazionale,https://www.milanotoday.it/eventi/live-piano-roberto-esposito-2021.html,Non classificato,"Nik's & Co, 14, Via Giovanni Schiaparelli, Centrale, Municipio 2, Milano, Lombardia, 20125, Italia",45.4903659,9.2037822,0
,07-01-22,2021-11-24,"Via Montebello, 30, Milano, MI",Belyaev Art Gallery,"""Germinazioni"", mostra personale di Ercole Pignatelli",https://www.milanotoday.it/eventi/germinazioni-mostra-ercole-pignatelli.html,Non classificato,"30, Via Montebello, Brera, Municipio 1, Milano, Lombardia, 20121, Italia",45.474713,9.192753,8
,28-11-21,2021-11-25,"Via Privata della Braida, 6, Milano, MI",Teatro della Contraddizione,Eppideis di Rosario Palazzolo alla contraddizione - Dal 25 al 28 novembre,https://www.milanotoday.it/eventi/eppideis-di-rosario-palazzolo-2021.html,Non classificato,"Via privata della Braida, Guastalla, Municipio 1, Milano, Lombardia, 29135, Italia",45.4545333,9.2020879,0
Cinema,25-11-21,2021-11-25,"Via Privata Micene, Milano, MI",Spazio Micene,Omicidio al Cairo,https://www.milanotoday.it/eventi/omicidio-al-cairo-tarik-saleh.html,Arte e cultura,"Via privata Micene, Selinunte, Municipio 7, Milano, Lombardia, 20148, Italia",45.4722184,9.1349381,9
,12-03-22,2021-11-25,"Via Solferino, 44, Milano, MI",Antonio Colombo Arte Contemporanea,In the garden of eden. A landscape of things with Alessandro Mendini and friends,https://www.milanotoday.it/eventi/in-the-garden-of-edenntafora-stefano-casciani-carla-ceccariglia-pierre-charpin-riccardo-dalisi-michele-de-lucchi-massimo-giacon-anna-gili-bruno-gregory-al.html,Non classificato,"44, Via Solferino, Brera, Municipio 1, Milano, Lombardia, 20121, Italia",45.4786644,9.1884688,8
Concerti,26-11-21,2021-11-25,"Viale dell'Innovazione, 20, Milano, MI",Teatro degli Arcimboldi,Carmen Consoli in concerto dal vivo a Milano. Orari e biglietti,https://www.milanotoday.it/eventi/concerto-carmen-consoli-teatro-arcimboldi.html,Musica e vita notturna,"20, Viale dell'Innovazione, Bicocca, Municipio 9, Milano, Lombardia, 20125, Italia",45.5148696,9.2135963,4
,12-03-22,2021-11-25,"Via Solferino, 44, Milano, MI",Antonio Colombo Arte Contemporanea,In the garden of eden. A landscape of things with Alessandro Mendini and friends,https://www.milanotoday.it/eventi/in-the-garden-of-edenntafora-stefano-casciani-carla-ceccariglia-pierre-charpin-riccardo-dalisi-michele-de-lucchi-massimo-giacon-anna-gili-bruno-gregory-al.html,Non classificato,"44, Via Solferino, Brera, Municipio 1, Milano, Lombardia, 20121, Italia",45.4786644,9.1884688,8
Teatri,12-12-21,2021-11-25,"Via Rovello, 2, Milano, MI",Piccolo Teatro Grassi,"In prima nazionale ""Big Data"" al Piccolo Teatro Grassi",https://www.milanotoday.it/eventi/spettacolo-big-data-piccolo-teatro.html,Teatro e spettacolo,"2, Via Rovello, Brera, Milano, Lombardia, 20121, Italia",45.4665188,9.1847651,8
,28-11-21,2021-11-25,"Via Tertulliano, 70, Milano, MI",Tetro Spazio Tertulliano,"""L'enigma della Maddalena""",https://www.milanotoday.it/eventi/l-enigma-della-maddalena.html,Non classificato,"70, Via Tertulliano, Umbria - Molise, Municipio 4, Milano, Lombardia, 20139, Italia",45.4481763,9.2224417,0
Incontri,25-11-21,2021-11-25,"Via XXV Aprile, 4, Milano, MI",Palazzo Comunale - Sala Consiliare,"Il tempo delle donne tra arte, storia e diritti. Convegno a Cinisello Balsamo",https://www.milanotoday.it/eventi/convegno-cinisello-balsamo-violenza-donne.html,Formazione e networking,"Unipolsai Assicurazioni, 4, Via Venticinque Aprile, Triulzo Superiore, Triulzo Inferiore, Triulzo, San Donato Milanese, Milano, Lombardia, 20097, Italia",45.4319641,9.2681538,7
,26-11-21,2021-11-26,"Via Achille Maiocchi, 7, Milano, MI",Spazio Maiocchi,Rosa & Louise – A feminist manifest in dialogues,https://www.milanotoday.it/eventi/rosa-louise-a-feminist-manifest-.html,Non classificato,"Via Achille Maiocchi, Buenos Aires - Venezia, Municipio 3, Milano, Lombardia, 20129, Italia",45.4762588,9.2159801,0
Concerti,26-11-21,2021-11-26,"Via Daniele Ricciarelli, 3, Milano, MI",Ciù Ciù Bollicine MusiCabaret,Fantasia su Morricone,https://www.milanotoday.it/eventi/fantasia-su-morricone-corrado-neri-2021.html,Musica e vita notturna,"Via Daniele Ricciarelli, Selinunte, Municipio 7, Milano, Lombardia, 20148, Italia",45.4727589,9.1433927,2
,26-11-21,2021-11-26,"Via delle Leghe, 18, Milano, MI",Noi libreria spazio culturale di vicinato,"Acustica domestica, da “Noi” rassegna acustica con Paolo Saporiti",https://www.milanotoday.it/eventi/acustica-domestica-da-noi.html,Non classificato,"NOI, 18, Via delle Leghe, Loreto, Municipio 2, Milano, Lombardia, 20127, Italia",45.4925179,9.2172808,0
,28-11-21,2021-11-26,"Piazza Castello, 31, Milano, MI",Castello Visconteo,"""Abbiategusto giovani""",https://www.milanotoday.it/eventi/abbiategusto-giovani.html,Non classificato,"31, Piazza Castello, Cascina Pariana, Pessano con Bornago, Milano, Lombardia, 20042, Italia",45.5510447,9.3821142,3
,26-11-21,2021-11-26,"Via Pasquale Sottocorno, 27, Milano, MI",Art Luxury,'Tilt' di Sara Arnaout e Francesca Falli,https://www.milanotoday.it/eventi/tilt-di-sara-arnaout-e-francesca-falli.html,Non classificato,"Ricci Osteria, 27, Via Pasquale Sottocorno, XXII Marzo, Municipio 4, Milano, Lombardia, 20129, Italia",45.4662072,9.2119112,0
,28-11-21,2021-11-26,"Via Santa Radegonda, 8, Milano, MI",The Space Cinema Odeon,Vanity Fair stories 2021 dal 26 al 28 novembre,https://www.milanotoday.it/eventi/vanity-fair-stories-2021.html,Non classificato,"The Space Cinema Odeon, 8, Via Santa Radegonda, Duomo, Municipio 1, Milano, Lombardia, 20121, Italia",45.4651207,9.192365,8
Concerti,28-11-21,2021-11-26,"Piazza Francesco Carrara, 17, Milano, MI",Centro Asteria,Festival corde d'autunno | Concerti,https://www.milanotoday.it/eventi/festival-corde-d-autunno-2021.html,Musica e vita notturna,"17, Piazza Francesco Carrara, Stadera, Municipio 5, Milano, Lombardia, 20136, Italia",45.4369245,9.1761088,6
Incontro/presentazione,26-11-21,2021-11-26,"via Brera, 28, Milano, MI",Pinacoteca di Brera - Biblioteca Nazionale Braidense di Milano,"""Le Fantasie di Mario Mafai""",,Formazione e networking,"Pinacoteca di Brera, 28, Via Brera, Cerchia dei Navigli, Municipio 1, Milano, Lombardia, 20121, Italia",45.4722421,9.1884071,8
,28-11-21,2021-11-26,"Piazza Castello, 31, Milano, MI",Castello Visconteo,"21° Abbiategusto, dalle radici al cambiamento",https://www.milanotoday.it/eventi/abbiategusto-26-novembre-2021.html,Non classificato,"31, Piazza Castello, Cascina Pariana, Pessano con Bornago, Milano, Lombardia, 20042, Italia",45.5510447,9.3821142,3
Teatri,28-11-21,2021-11-26,"Piazza Castello, 31, Milano, MI",Castello Visconteo,Abbiategusto 2021,https://www.milanotoday.it/eventi/abbiategusto-2021.html,Teatro e spettacolo,"31, Piazza Castello, Cascina Pariana, Pessano con Bornago, Milano, Lombardia, 20042, Italia",45.5510447,9.3821142,3
Spettacoli,26-11-21,2021-11-26,"p.zza IV Novembre 3,20025, Legnano, MI,Italia",Talisio Tirinnanzi,Parlami d'amore,https://www.teatro.it/spettacoli/legnano/talisio-tirinnanzi/2021-2022/parlami-damore,Teatro e spettacolo,"Scuola Secondaria di Primo Grado Giovanni Ungaretti, 3, Piazza Quattro Novembre, San Giorgio su Legnano, Milano, Lombardia, 20034, Italia",45.5765251,8.9157963,5
Mostre,06-01-22,2021-11-26,"Via Achille Maiocchi, 15, Milano, MI",Maiocchi15,Sospesi nel tempo e nello spazio. Esposizione delle opere di Massimiliano De Florio,https://www.milanotoday.it/eventi/sospesi-nel-tempo-2021.html,Arte e cultura,"Via Achille Maiocchi, Buenos Aires - Venezia, Municipio 3, Milano, Lombardia, 20129, Italia",45.4754571,9.2138647,0
Mostre,06-01-22,2021-11-26,"Via Achille Maiocchi, 15, Milano, MI",Maiocchi15,Sospesi nel tempo e nello spazio. Esposizione delle opere di Massimiliano De Florio,https://www.milanotoday.it/eventi/sospesi-nel-tempo-2021.html,Arte e cultura,"Via Achille Maiocchi, Buenos Aires - Venezia, Municipio 3, Milano, Lombardia, 20129, Italia",45.4754571,9.2138647,0
Teatri,26-11-21,2021-11-26,"Via Giacomo Watt, 32, Milano, MI",Factory 32,'Il nome potete metterlo voi': lo spettacolo per dire stop alla violenza sulle donne,https://www.milanotoday.it/eventi/il-nome-potete-metterlo-voi.html,Teatro e spettacolo,"32, Via Giacomo Watt, San Cristoforo, Municipio 6, Milano, Lombardia, 20143, Italia",45.4436684,9.1508319,6
Spettacoli,26-11-21,2021-11-26,"Viale dell'Innovazione 20,20126, Milano, MI,Italia",Arcimboldi,Volevo fare la rockstar - Carmen Consoli,https://www.teatro.it/spettacoli/milano/degli-arcimboldi/2021-2022/volevo-fare-la-rockstar-carmen-consoli,Teatro e spettacolo,"20, Viale dell'Innovazione, Bicocca, Municipio 9, Milano, Lombardia, 20125, Italia",45.5148696,9.2135963,4
Manifestazioni,27-11-21,2021-11-27,"Porta Venezia, Milano, MI",Giardini Indro Montanelli,Al Villaggio delle Meraviglie si accende l'albero di Natale,https://www.milanotoday.it/eventi/albero-natale-villaggio-meraviglie.html,Altri eventi,"Porta Venezia, Piazza Guglielmo Oberdan, Guastalla, Municipio 1, Milano, Lombardia, 20219, Italia",45.4742941,9.2052385,0
,28-11-21,2021-11-27,"Corso Europa, Milano, MI",Villa Burba,Nobody - Viaggio sensoriale attraverso la tratta e lo sfruttamento sessuale,https://www.milanotoday.it/eventi/nobody-viaggio-sensoriale-2021.html,Non classificato,"Corso Europa, Duomo, Municipio 1, Milano, Lombardia, 20122, Italia",45.4648635,9.1969852,8
Incontri,27-11-21,2021-11-27,"Via Cesare Correnti, 11, Milano, MI",SANT'AMBROGIO,"""Un'altra notte"": performance di figura tra la vita e il sogno",https://www.milanotoday.it/eventi/un-altra-notte-performance-2021.html,Formazione e networking,"11, Via Cesare Correnti, Cerchia dei Navigli, Municipio 1, Milano, Lombardia, 20123, Italia",45.4596165,9.1798297,8
Teatri,23-12-21,2021-11-27,"Via Rivoli, 6, Milano, MI",Piccolo Teatro Studio Melato,"Il ""Doppio sogno"" di Schnitzler al Piccolo Teatro Studio Melato",https://www.milanotoday.it/eventi/spettacolo-doppio-sogno-piccolo-teatro-studio-melato.html,Teatro e spettacolo,"6, Via Rivoli, Brera, Municipio 1, Milano, Lombardia, 20121, Italia",45.4726093,9.182881,8
Teatri,27-11-21,2021-11-27,"Via Alessandro Manzoni, 42, Milano, MI",Teatro Manzoni,"Al Teatro Manzoni lo spettacolo ""Cappuccetto Rosso""",https://www.milanotoday.it/eventi/spettacolo-cappuccetto-rosso-per-bambini.html,Teatro e spettacolo,"Teatro Manzoni, 42, Via Alessandro Manzoni, Cerchia dei Navigli, Municipio 1, Milano, Lombardia, 20121, Italia",45.4710286,9.1944762,8
Teatri,27-11-21,2021-11-27,"Viale Bligny, 22, Milano, MI",Libreria Egea,"Samaritana Rattazzi legge ""l'albero dei sogni""",https://www.milanotoday.it/eventi/samaritana-rattazzi.html,Teatro e spettacolo,"22, Viale Bligny, Vigentina, Municipio 5, Milano, Lombardia, 20136, Italia",45.4509883,9.1895043,8
Teatri,27-11-21,2021-11-27,"Largo Gustav Mahler, Milano, MI",Auditorium di Milano,"Lo spettacolo ""La nonna di Mozart"" è un gioco di musica per i bambini",https://www.milanotoday.it/eventi/spettacolo-nonna-di-mozart-auditorium-verdi.html,Teatro e spettacolo,"Largo Gustav Mahler, Ticinese, Municipio 5, Milano, Lombardia, 20136, Italia",45.4464478,9.1792601,6
Teatri,28-11-21,2021-11-27,"Via Arcivescovo Romilli, 15, Milano, MI",Spazio DiLà,Dalle serenate al teatro: lo spettacolo di Riccardo Dell'Orfano sulla Milano che non c'è più,https://www.milanotoday.it/eventi/spettacolo-riccardo-dell-orfano.html,Teatro e spettacolo,"Via Arcivescovo Romilli, Scalo Romana, Municipio 5, Milano, Lombardia, 20139, Italia",45.4405961,9.2139752,0
,27-11-21,2021-11-27,"Via Oglio, 21, Milano, MI",Ri_Nascita,"Inaugurato oggi a Milano “Ri-nascita”,  un nuovo spazio di aggregazione femminile",https://www.milanotoday.it/eventi/inaugurato-oggi-2021.html,Non classificato,"Sportello TodoCambia, 21, Via Oglio, Lodi - Corvetto, Municipio 4, Milano, Lombardia, 20139, Italia",45.4399311,9.2187779,0
,04-12-21,2021-11-27,"Via Nicola Antonio Porpora, 16, Milano, MI",Galleria Spazioporpora,"Human Perceptions, la mostra bipersonale di Anastasia Yanchuk Nati & Katia Longoni",https://www.milanotoday.it/eventi/human-perceptions-bipersonale.html,Non classificato,"Hotel Paola, 16, Via Nicola Antonio Porpora, Buenos Aires - Venezia, Municipio 3, Milano, Lombardia, 20131, Italia",45.4859149,9.2196634,0
,27-11-21,2021-11-27,"Via Francesco Domenico Guerrazzi, 2, Milano, MI",Negozio Tea & Tao,Evento arte e tè: degustazione di un quadro,https://www.milanotoday.it/eventi/evento-arte-e-te.html,Non classificato,"2, Via Francesco Domenico Guerrazzi, Pagano, Municipio 1, Milano, Lombardia, 20145, Italia",45.4752035,9.1707291,2
Incontri,27-11-21,2021-11-27,"Piazza Ventiquattro Maggio, Milano, MI",Rockol- Ubiqo,"Una festa speciale in compagnia di Carolina, Topo Tip e Babbo Natale",https://www.milanotoday.it/eventi/festa-natale-carolina-topo-tip-babbo-natale.html,Formazione e networking,"Piazza Ventiquattro Maggio, Ticinese, Municipio 5, Milano, Lombardia, 20136, Italia",45.4529634,9.1804834,6
Mercatini,28-11-21,2021-11-27,"Via Sant'Achilleo, 4, Milano, MI",CasAmica Onlus,Torna il mercatino di Natale di Casamica Onlus,https://www.milanotoday.it/eventi/mercatino-di-natale-di-casamica-onlus.html,Mercati e shopping,"4, Via Sant'Achilleo, Corsica, Municipio 4, Milano, Lombardia, 20059, Italia",45.4678752,9.2346382,0
Cibo e Vino,27-11-21,2021-11-27,"Via Melchiorre Gioia, Milano, MI",House of pulled,"A Milano il primo locale dedicato alla ""pulled meat"": all'inaugurazione carne e birra gratis",https://www.milanotoday.it/eventi/ristorante-panini-pulled-meat.html,Enogastronomia,"Via Melchiorre Gioia, Brera, Municipio 1, Milano, Lombardia, 20100, Italia",45.4803757,9.190068,8
Teatri,27-11-21,2021-11-27,"Via Cesare Correnti, 11, Milano, MI",Sant'Ambrogio,"Un'altra notte, performance di figura tra la vita e il sogno",https://www.milanotoday.it/eventi/un-altra-notte.html,Teatro e spettacolo,"11, Via Cesare Correnti, Cerchia dei Navigli, Municipio 1, Milano, Lombardia, 20123, Italia",45.4596165,9.1798297,8
Spettacoli,27-11-21,2021-11-27,"Via Filodrammatici 2,20121, Milano, MI,Italia",Teatro Alla Scala,Concerto - Christian Thielemann,https://www.teatro.it/spettacoli/milano/teatro-alla-scala/2021-2022/concerto-esa-pekka-salonen,Teatro e spettacolo,"2, Via Filodrammatici, Brera, Milano, Lombardia, 20121, Italia",45.4673781,9.188701,8
Spettacoli,27-11-21,2021-11-27,"Viale dell'Innovazione 20,20126, Milano, MI,Italia",Arcimboldi,Ferzaneide - Ferzan Ozpetek,https://www.teatro.it/spettacoli/milano/degli-arcimboldi/2021-2022/ferzaneide-ferzan-ozpetek,Teatro e spettacolo,"20, Viale dell'Innovazione, Bicocca, Municipio 9, Milano, Lombardia, 20125, Italia",45.5148696,9.2135963,4
,27-11-21,2021-11-27,"Largo Gustav Mahler, Milano, MI",Auditorium di Milano,Seconda tappa di “Crescendo in musica”: Laverdi dedica una favola musicale a mozart e a… sua nonna!,https://www.milanotoday.it/eventi/seconda-tappa-di-crescendo-in-musica.html,Non classificato,"Largo Gustav Mahler, Ticinese, Municipio 5, Milano, Lombardia, 20136, Italia",45.4464478,9.1792601,6
Spettacoli,28-11-21,2021-11-28,"via Pitteri 58,20134, Milano, MI,Italia",Martinitt,Luci (e ombre) della ribalta,https://www.teatro.it/spettacoli/milano/martinitt/2021-2022/luci-e-ombre-della-ribalta,Teatro e spettacolo,"Via Riccardo Pitteri, Lambrate, Municipio 3, Milano, Lombardia, 20134, Italia",45.4798362,9.2457864,7
Mostre,28-11-21,2021-11-28,"Via Giulio Cesare Procaccini, 4, Milano, MI",Fabbrica del Vapore - Sala delle Colonne,"""Still my heart beats, my joséphine baker"" - Incontro e spettacolo di omaggio a j. baker",https://www.milanotoday.it/eventi/still-my-heart-beats-2021.html,Arte e cultura,"4, Via Giulio Cesare Procaccini, Bullona, Porta Volta, Municipio 8 di Milano, Milano, Lombardia, 20154, Italia",45.4839945,9.1753796,2
,28-11-21,2021-11-28,"Via Novara, 392, Milano, MI",Bosco in Città,"Laboratorio ""La comunicazione tra cane e bambino""",https://www.milanotoday.it/eventi/laboratorio-la-comunicazione-tra-cane-e-bambino.html,Non classificato,"Via Novara, Figino, Municipio 7, Milano, Lombardia, 20019, Italia",45.4879958,9.0728509,1
Spettacoli,28-11-21,2021-11-28,"Corso Magenta 24,20123, Milano, MI,Italia",MTM - Litta,Alcesti - una donna,https://www.teatro.it/spettacoli/milano/mtm-litta/2021-2022/alcesti-una-donna,Teatro e spettacolo,"Boccascena Cafè, 24, Corso Magenta, Cerchia dei Navigli, Municipio 1, Milano, Lombardia, 20123, Italia",45.466045,9.1778296,8
Spettacoli,28-11-21,2021-11-28,"Via Andrea Maria Ampère 1,20131, Milano, MI,Italia",MTM - Leonardo,Fuori Misura,https://www.teatro.it/spettacoli/milano/leonardo/2021-2022/fuori-misura-il-leopardi-come-non-ve-lha-mai-raccontato-nessuno,Teatro e spettacolo,"Teatro Leonardo da Vinci, 1, Via Andrea Maria Ampère, Città Studi, Municipio 3, Milano, Lombardia, 20131, Italia",45.4795266,9.2263901,0
Spettacoli,28-11-21,2021-11-28,"Corso Buenos Aires,33,20124, Milano, MI,Italia",Teatro Elfo Puccini - sala Fassbinder,Tiresias,https://www.teatro.it/spettacoli/milano/teatro-elfo-puccini-sala-fassbinder/2021-2022/tiresias,Teatro e spettacolo,"Teatro Elfo Puccini, 33, Corso Buenos Aires, Buenos Aires - Venezia, Municipio 3, Milano, Lombardia, 20124, Italia",45.4794317,9.2098387,0
,28-11-21,2021-11-28,"Via Filippo Sassetti, 31, Milano, MI",Snam,Open factory 2021 | snam: visita guidata alla mostra “the thin line”,https://www.milanotoday.it/eventi/open-factory-2021-snam-visita-guidata-alla-mostra-the-thin-line-8502865.html,Non classificato,"31, Via Filippo Sassetti, Isola, Municipio 9, Milano, Lombardia, 20159, Italia",45.4887635,9.1928717,8
Spettacoli,28-11-21,2021-11-28,"Via Alessandro Manzoni 42,20121, Milano, MI,Italia",Manzoni,Vittorio Sgarbi - Dante Giotto e l'amore,https://www.teatro.it/spettacoli/milano/manzoni/2021-2022/vittorio-sgarbi-dante-giotto,Teatro e spettacolo,"Teatro Manzoni, 42, Via Alessandro Manzoni, Cerchia dei Navigli, Municipio 1, Milano, Lombardia, 20121, Italia",45.4710286,9.1944762,8
Spettacoli,28-11-21,2021-11-28,"via Fezzan,11,20146, Milano, MI,Italia",Ecoteatro,"Com'è ancora umano lei, caro Fantozzi",https://www.teatro.it/spettacoli/milano/ecoteatro/2021-2022/come-ancora-umano-lei-caro-fantozzi,Teatro e spettacolo,"EcoTeatro, 11, Via Fezzan, Bande Nere, Municipio 6, Milano, Lombardia, 20146, Italia",45.4592109,9.1459527,6
Spettacoli,28-11-21,2021-11-28,"Piazza Cesare Beccaria 8,20122, Milano, MI,Italia",Gerolamo,"Non domandarmi di me, Marta mia",https://www.teatro.it/spettacoli/milano/gerolamo/2021-2022/non-domandarmi-di-me-marta-mia,Teatro e spettacolo,"Teatro Gerolamo, 8, Piazza Cesare Beccaria, Duomo, Municipio 1, Milano, Lombardia, 20122, Italia",45.464175,9.1945551,8
Spettacoli,28-11-21,2021-11-28,"Corso Buenos Aires 33,20124, Milano, MI,Italia",Elfo Puccini - sala Shakespeare,Orgoglio e pregiudizio,https://www.teatro.it/spettacoli/milano/elfo-puccini-sala-shakespeare/2021-2022/orgoglio-e-pregiudizio,Teatro e spettacolo,"Teatro Elfo Puccini, 33, Corso Buenos Aires, Buenos Aires - Venezia, Municipio 3, Milano, Lombardia, 20124, Italia",45.4794317,9.2098387,0
Spettacoli,28-11-21,2021-11-28,"via Filodrammatici,1,20121, Milano, MI,Italia",Filodrammatici,N.E.R.D.s. - Sintomi,https://www.teatro.it/spettacoli/milano/filodrammatici/2021-2022/nerds-sintomi,Teatro e spettacolo,"Teatro dei Filodrammatici, 1, Via Filodrammatici, Brera, Municipio 1, Milano, Lombardia, 20121, Italia",45.467261,9.188435,8
Spettacoli,29-11-21,2021-11-29,"Via Giordano Rota 1,20145, Milano, MI,Italia",Nazionale Italiana Assicurazioni,Francesco Tesei - Human,https://www.teatro.it/spettacoli/milano/nazionale-chebanca/2021-2022/human,Teatro e spettacolo,"20145, Italy",45.4643,9.1895,8
,29-11-21,2021-11-29,"Via Raffaele Lambruschini, 4, Milano, MI",Politecnico - Campus Bovisa,Torna l'Alt finance day: una giornata sulla finanza alternativa,https://www.milanotoday.it/eventi/finanza-alternativa-politecnico.html,Non classificato,"Biblioteca Bovisa La Masa, 4, Via Raffaele Lambruschini, Bovisa, Municipio 9, Milano, Lombardia, 20156, Italia",45.5032082,9.1571452,2
Spettacoli,30-11-21,2021-11-30,"Via Giordano Rota 1,20145, Milano, MI,Italia",Nazionale Italiana Assicurazioni,Le Vibrazioni in Orchestra di e con Beppe Vessicchio,https://www.teatro.it/spettacoli/milano/nazionale-chebanca/2021-2022/le-vibrazioni-in-orchestra-di-e-con-beppe-vessicchio,Teatro e spettacolo,"20145, Italy",45.4643,9.1895,8
,30-11-21,2021-11-30,"Via Sant'Antonio, 5, Milano, MI",Centro Pastorale Ambrosiano,Intelligenza artificiale e criptovalute: essere giovani in un mondo ad alto contenuto digitale,https://www.milanotoday.it/eventi/intelligenza-artificiale-2021.html,Non classificato,"5, Via Sant'Antonio, Duomo, Municipio 1, Milano, Lombardia, 20122, Italia",45.4614519,9.1934697,8
Mostre,30-11-21,2021-11-30,"Via Savona, 97, Milano, MI",Studio di Maria Cristina Carlini,Open Studio. Maria Cristina Carlini. Giornata del contemporaneo - amaci,https://www.milanotoday.it/eventi/open-studio-maria-cristina-carlini.html,Arte e cultura,"skillwill, 97, Via Savona, Lorenteggio, Municipio 6, Milano, Lombardia, 20144, Italia",45.4501844,9.1525451,6
Teatri,01-12-21,2021-12-01,"Via Giorgio Vasari, 15, Milano, MI",Teatro Franco Parenti,"""Note in bianco e nero"" con Corrado Tedeschi",https://www.milanotoday.it/eventi/spettacolo-note-in-bianco-e-nero-corrado-tedeschi-franco-parenti.html,Teatro e spettacolo,"Via Giorgio Vasari, Porta Romana, Municipio 4, Milano, Lombardia, 20135, Italia",45.4542475,9.2073471,0
,01-12-21,2021-12-01,"Via Bergognone, 34, Milano, MI",Base Milano,nascosto. con mario calabresi,https://www.milanotoday.it/eventi/mario-calabresi-speaking-base-milano-1-dicembre-2021.html,Non classificato,"Wikimedia Italia, 34, Via Bergognone Da Fossano, Tortona, Municipio 6, Milano, Lombardia, 20144, Italia",45.4518657,9.1625146,6
Mostre,13-03-22,2021-12-01,"Viale Emilio Alemagna, 6, Milano, MI",Triennale,"Giovanni Gastel, ""The People I like""",https://www.milanotoday.it/eventi/mostra-giovanni-gastel-triennale.html,Arte e cultura,"Triennale Design Museum, 6, Viale Emilio Alemagna, Parco Sempione, Municipio 1, Milano, Lombardia, 20121, Italia",45.4721477,9.1734894,2
,24-12-21,2021-12-01,"Via Luigi Guanella, 11, Milano, MI",Associazione Veronica Sacchi ODV,Alla Boutique dei nasi rossi 2021 il Natale è solidale,https://www.milanotoday.it/eventi/alla-boutique-dei-nasi-rossi.html,Non classificato,"11, Via Don Luigi Guanella, Viale Monza, Municipio 2, Milano, Lombardia, 20128, Italia",45.5112661,9.2259675,4
Teatri,29-12-21,2021-12-01,"Viale Monza, 140, Milano, MI",Zelig,Le nuove date di Zelig di dicembre e come acquistare i biglietti,https://www.milanotoday.it/eventi/biglietti-spettacoli-zelig-dicembre-2021.html,Teatro e spettacolo,"140, Viale Monza, Municipio 2, Milano, Lombardia, 20127, Italia",45.5040458,9.2223168,4
Concerti,02-12-21,2021-12-01,"Largo Gustav Mahler, Milano, MI",Auditorium di Milano,"""La buona novella"", un concerto omaggio a De Andrè con LaVerdi",https://www.milanotoday.it/eventi/concerto-omaggio-de-andre-auditorium-milano.html,Musica e vita notturna,"Largo Gustav Mahler, Ticinese, Municipio 5, Milano, Lombardia, 20136, Italia",45.4464478,9.1792601,6
Teatri,01-12-21,2021-12-01,"Via Giorgio Vasari, 15, Milano, MI",Teatro Franco Parenti,"""Note in bianco e nero"" con Corrado Tedeschi",https://www.milanotoday.it/eventi/spettacolo-note-in-bianco-e-nero-corrado-tedeschi-franco-parenti.html,Teatro e spettacolo,"Via Giorgio Vasari, Porta Romana, Municipio 4, Milano, Lombardia, 20135, Italia",45.4542475,9.2073471,0
Teatri,01-12-21,2021-12-01,"Via Giorgio Vasari, 15, Milano, MI",Teatro Franco Parenti,"""Note in bianco e nero"" con Corrado Tedeschi",https://www.milanotoday.it/eventi/spettacolo-note-in-bianco-e-nero-corrado-tedeschi-franco-parenti.html,Teatro e spettacolo,"Via Giorgio Vasari, Porta Romana, Municipio 4, Milano, Lombardia, 20135, Italia",45.4542475,9.2073471,0
Mostre,13-03-22,2021-12-01,"Viale Emilio Alemagna, 6, Milano, MI",Triennale,"Giovanni Gastel, ""The People I like""",https://www.milanotoday.it/eventi/mostra-giovanni-gastel-triennale.html,Arte e cultura,"Triennale Design Museum, 6, Viale Emilio Alemagna, Parco Sempione, Municipio 1, Milano, Lombardia, 20121, Italia",45.4721477,9.1734894,2
Spettacoli,01-12-21,2021-12-01,"vicolo Fiume 4,20092, Cinisello Balsamo, MI,Italia",Pax,L'idiota,https://www.teatro.it/spettacoli/cinisello-balsamo/pax/2021-2022/lidiota,Teatro e spettacolo,"CineTeatro Pax, 4, Vicolo Fiume, Cinisello, Cinisello Balsamo, Zona Omogenea Milano Nord, Milano, Lombardia, 20092, Italia",45.5564874,9.2169118,4
Concerti,18-12-21,2021-12-01,"Via San Giovanni sul Muro, 2, Milano, MI",Teatro Dal Verme,Ludovico Einaudi in concerto a Milano. Orari e biglietti,https://www.milanotoday.it/eventi/concerto-ludovico-einaudi-teatro-dal-verme-biglietti.html,Musica e vita notturna,"2, Via San Giovanni sul Muro, Cerchia dei Navigli, Municipio 1, Milano, Lombardia, 20121, Italia",45.4671162,9.1814924,8
Spettacoli,02-12-21,2021-12-02,"Via Filodrammatici 2,20121, Milano, MI,Italia",Teatro Alla Scala,Concerto Orchestra dell'Accademia - Plàcido Domingo,https://www.teatro.it/spettacoli/milano/teatro-alla-scala/2021-2022/concerto-orchestra-dellaccademia-placido-domingo,Teatro e spettacolo,"2, Via Filodrammatici, Brera, Milano, Lombardia, 20121, Italia",45.4673781,9.188701,8
Mostra,12-01-22,2021-12-02,"via Brera, 28, Milano, MI",Pinacoteca di Brera - Biblioteca Nazionale Braidense di Milano,Oggetto Libro (IV Edizione) Biennale internazionale del libro d’Artista e di Design,,Arte e cultura,"Pinacoteca di Brera, 28, Via Brera, Cerchia dei Navigli, Municipio 1, Milano, Lombardia, 20121, Italia",45.4722421,9.1884071,8
Incontri,29-01-22,2021-12-02,"Via dell'Aprica, 16, Milano, MI",RE-COLLECTED Shop,Scarti quotidiani di Lucia Dibi,https://www.milanotoday.it/eventi/scarti-quotidiani-di-lucia-dibi-2021.html,Formazione e networking,"16, Via dell'Aprica, Farini, Municipio 9, Milano, Lombardia, 20159, Italia",45.4939331,9.1791765,2
Mostre,04-02-22,2021-12-02,"Via Nerino, 3, Milano, MI",MAAB Gallery,Astrazione: le 5 vie,https://www.milanotoday.it/eventi/astrazione-le-5-vie-2021.html,Arte e cultura,"3, Via Nerino, Cerchia dei Navigli, Municipio 1, Milano, Lombardia, 20123, Italia",45.4617617,9.1841465,8
Spettacoli,02-12-21,2021-12-02,"via Pier Lombardo,14,20135, Milano, MI,Italia",Franco Parenti - Sala Grande,Resurrexit Cassandra,https://www.teatro.it/spettacoli/milano/franco-parenti-sala-grande/2021-2022/resurrexit-cassandra,Teatro e spettacolo,"Via Pier Lombardo, Porta Romana, Municipio 4, Milano, Lombardia, 20135, Italia",45.4542958,9.2063109,0
Spettacoli,02-12-21,2021-12-02,"Via Andrea Maria Ampère 1,20131, Milano, MI,Italia",MTM - Leonardo,Modern Family 1.0,https://www.teatro.it/spettacoli/milano/leonardo/2021-2022/modern-family-10,Teatro e spettacolo,"Teatro Leonardo da Vinci, 1, Via Andrea Maria Ampère, Città Studi, Municipio 3, Milano, Lombardia, 20131, Italia",45.4795266,9.2263901,0
Incontri,29-01-22,2021-12-02,"Via dell'Aprica, 16, Milano, MI",RE-COLLECTED Shop,Scarti quotidiani di Lucia Dibi,https://www.milanotoday.it/eventi/scarti-quotidiani-di-lucia-dibi-2021.html,Formazione e networking,"16, Via dell'Aprica, Farini, Municipio 9, Milano, Lombardia, 20159, Italia",45.4939331,9.1791765,2
,15-01-22,2021-12-02,"Galleria Strasburgo, 3, Milano, MI",Studio Bolzani,"Fattori, i disegni dai taccuini del maestro",https://www.milanotoday.it/eventi/fattori-disegni-taccuini.html,Non classificato,"3, Galleria privata Strasburgo, Duomo, Municipio 1, Milano, Lombardia, 20122, Italia",45.4649141,9.197794,8
Teatri,02-12-21,2021-12-02,"Alzaia Naviglio Grande, 116, Milano, MI",Canottieri San Cristoforo,"Canzoni, risotto e risate alla Canottieri Milano per gli Amici del Monumentale",https://www.milanotoday.it/eventi/serata-canzoni-canottieri-milano.html,Teatro e spettacolo,"116, Alzaia Naviglio Grande, Navigli, Municipio 6, Milano, Lombardia, 20144, Italia",45.448646,9.1591003,6
Incontri,02-12-21,2021-12-02,"Via Orti, Milano, MI",Ciasmo,Disegni e vignette anti-covid per rinforzare il sistema immunitario e il buonumore,https://www.milanotoday.it/eventi/disegni-e-vignette-anti-covid.html,Formazione e networking,"Via Orti, Guastalla, Municipio 1, Milano, Lombardia, 20122, Italia",45.4551485,9.2007403,0
Mostre,04-02-22,2021-12-02,"Via Nerino, 3, Milano, MI",MAAB Gallery,Astrazione: le 5 vie,https://www.milanotoday.it/eventi/astrazione-le-5-vie-2021.html,Arte e cultura,"3, Via Nerino, Cerchia dei Navigli, Municipio 1, Milano, Lombardia, 20123, Italia",45.4617617,9.1841465,8
,15-01-22,2021-12-02,"Galleria Strasburgo, 3, Milano, MI",Studio Bolzani,"Fattori, i disegni dai taccuini del maestro",https://www.milanotoday.it/eventi/fattori-disegni-taccuini.html,Non classificato,"3, Galleria privata Strasburgo, Duomo, Municipio 1, Milano, Lombardia, 20122, Italia",45.4649141,9.197794,8
Teatri,05-12-21,2021-12-02,"Corso di Porta Romana, 63, Milano, MI",Teatro Carcano,"Michela Murgia a teatro in ""Don Giovanni, l'incubo elegante""",https://www.milanotoday.it/eventi/spettacolo-michela-murgia-teatro-carcano-don-giovanni.html,Teatro e spettacolo,"Teatro Carcano, 63, Corso di Porta Romana, Crocetta, Municipio 1, Milano, Lombardia, 20121, Italia",45.4566842,9.1955297,8
Mostre,09-01-22,2021-12-03,"Piazza Duca d'Aosta, 1, Milano, MI",AiBinari,"Mostra personale ""Cuore e sangue""",https://www.milanotoday.it/eventi/mostra-personale-cuore-e-sangue-2021.html,Arte e cultura,"KFC, 1, Piazza Duca d'Aosta, Centrale, Municipio 2, Milano, Lombardia, 20124, Italia",45.4852065,9.2052893,0
Mostre,09-01-22,2021-12-03,"Piazza Duca d'Aosta, 1, Milano, MI",AiBinari,"Mostra personale ""Cuore e sangue""",https://www.milanotoday.it/eventi/mostra-personale-cuore-e-sangue-2021.html,Arte e cultura,"KFC, 1, Piazza Duca d'Aosta, Centrale, Municipio 2, Milano, Lombardia, 20124, Italia",45.4852065,9.2052893,0
,03-12-21,2021-12-03,"Via Daniele Ricciarelli, 3, Milano, MI",CiuCiu Bollicine Musicabaret,Venerdì 3 dicembre al ciu ciu jazz show con klaus bellavitis,https://www.milanotoday.it/eventi/venerdi-3-dicembre-al-ciu-ciu-jazz-show-2021.html,Non classificato,"Via Daniele Ricciarelli, Selinunte, Municipio 7, Milano, Lombardia, 20148, Italia",45.4727589,9.1433927,2
Mostre,15-05-22,2021-12-03,"Piazza Duca d'Aosta, Milano, MI",Stazione Centrale,"La maxi mostra di Banksy in stazione a Milano: 130 opere in esposizione, 30 sono inedite",https://www.milanotoday.it/eventi/mostra-banksy-stazione-biglietti.html,Arte e cultura,"Piazza Duca d'Aosta, Centrale, Municipio 2, Milano, Lombardia, 20124, Italia",45.4848412,9.2032441,0
Mostre,22-01-22,2021-12-03,"Via San Maurilio, 14, Milano, MI",Gilda Contemporary Art,"""Della terra"" di Roberto Ghezzi",https://www.milanotoday.it/eventi/della-terra-di-roberto-ghezzi-2021.html,Arte e cultura,"14, Via San Maurilio, Cerchia dei Navigli, Municipio 1, Milano, Lombardia, 20123, Italia",45.4622752,9.1839049,8
Spettacoli,03-12-21,2021-12-03,"Viale dell'Innovazione 20,20126, Milano, MI,Italia",Arcimboldi,John Malkovich - The Music Critic,https://www.teatro.it/spettacoli/milano/degli-arcimboldi/2021-2022/john-malkovichs-inferno,Teatro e spettacolo,"20, Viale dell'Innovazione, Bicocca, Municipio 9, Milano, Lombardia, 20125, Italia",45.5148696,9.2135963,4
Spettacoli,03-12-21,2021-12-03,"p.zza IV Novembre 3,20025, Legnano, MI,Italia",Talisio Tirinnanzi,Casalinghi disperati,https://www.teatro.it/spettacoli/legnano/talisio-tirinnanzi/2021-2022/casalinghi-disperati,Teatro e spettacolo,"Scuola Secondaria di Primo Grado Giovanni Ungaretti, 3, Piazza Quattro Novembre, San Giorgio su Legnano, Milano, Lombardia, 20034, Italia",45.5765251,8.9157963,5
Mostre,15-05-22,2021-12-03,"Piazza Duca d'Aosta, Milano, MI",Stazione Centrale,"La maxi mostra di Banksy in stazione a Milano: 130 opere in esposizione, 30 sono inedite",https://www.milanotoday.it/eventi/mostra-banksy-stazione-biglietti.html,Arte e cultura,"Piazza Duca d'Aosta, Centrale, Municipio 2, Milano, Lombardia, 20124, Italia",45.4848412,9.2032441,0
Spettacoli,03-12-21,2021-12-03,"Via Alessandro Manzoni 42,20121, Milano, MI,Italia",Manzoni,Drusilla Foer - Eleganzissima,https://www.teatro.it/spettacoli/milano/manzoni/2021-2022/drusilla-foer-eleganzissima,Teatro e spettacolo,"Teatro Manzoni, 42, Via Alessandro Manzoni, Cerchia dei Navigli, Municipio 1, Milano, Lombardia, 20121, Italia",45.4710286,9.1944762,8
Mostre,22-01-22,2021-12-03,"Via San Maurilio, 14, Milano, MI",Gilda Contemporary Art,"""Della terra"" di Roberto Ghezzi",https://www.milanotoday.it/eventi/della-terra-di-roberto-ghezzi-2021.html,Arte e cultura,"14, Via San Maurilio, Cerchia dei Navigli, Municipio 1, Milano, Lombardia, 20123, Italia",45.4622752,9.1839049,8
,04-12-21,2021-12-03,"Via Cesare Correnti, 11, Milano, MI",Teatro Arsenale,"""Perdifiato"": l'incredibile vita di Alfonsina Strada",https://www.milanotoday.it/eventi/perdifiato-spettacolo.html,Non classificato,"11, Via Cesare Correnti, Cerchia dei Navigli, Municipio 1, Milano, Lombardia, 20123, Italia",45.4596165,9.1798297,8
Mostre,15-05-22,2021-12-03,"Piazza Quattro Novembre, Milano, MI","Galleria dei Mosaici, Stazione Centrale","Le opere di Banksy restano a Milano, ma cambiano luogo. La nuova mostra da non perdere",https://www.milanotoday.it/eventi/mostra-banksy-stazione-centrale.html,Arte e cultura,"Piazza Quattro Novembre, Case Bettola, Lacchiarella, Milano, Lombardia, Italia",45.3194673,9.1384677,6
Mostre,15-05-22,2021-12-03,"Piazza Quattro Novembre, Milano, MI","Galleria dei Mosaici, Stazione Centrale","Le opere di Banksy restano a Milano, ma cambiano luogo. La nuova mostra da non perdere",https://www.milanotoday.it/eventi/mostra-banksy-stazione-centrale.html,Arte e cultura,"Piazza Quattro Novembre, Case Bettola, Lacchiarella, Milano, Lombardia, Italia",45.3194673,9.1384677,6
Manifestazioni,16-01-22,2021-12-04,"Via Carlo Botta, 18, Milano, MI",Bagni Misteriosi,La magia del Natale arriva ai Bagni Misteriosi,https://www.milanotoday.it/eventi/pista-pattinaggio-bagni-misteriosi-natale-2021.html,Altri eventi,"18, Via Carlo Botta, Porta Romana, Municipio 4, Milano, Lombardia, 20135, Italia",45.4537805,9.2050141,0
Spettacoli,04-12-21,2021-12-04,"via Gaudenzio Ferrari 11,20123, Milano, MI,Italia",Teatro i,Nella solitudine dei campi di cotone,https://www.teatro.it/spettacoli/milano/teatro-i/2021-2022/nella-solitudine-dei-campi-di-cotone,Teatro e spettacolo,"Teatro i, 11, Via Gaudenzio Ferrari, Ticinese, Municipio 1, Milano, Lombardia, 20123, Italia",45.4551612,9.1767832,6
Mercatini,19-12-21,2021-12-04,"Via Carlo Botta, 18, Milano, MI",Bagni Misteriosi,Ai Bagni Misteriosi il mercatino di Natale con artigianato e laboratori per bambini,https://www.milanotoday.it/eventi/mercatino-natale-bagni-misteriosi-dicembre-2021.html,Mercati e shopping,"18, Via Carlo Botta, Porta Romana, Municipio 4, Milano, Lombardia, 20135, Italia",45.4537805,9.2050141,0
Teatri,29-12-21,2021-12-04,"Via Filodrammatici, 2, Milano, MI",Teatro alla Scala,"Riccardo Chailly apre la stagione teatrale della Scala con il ""Macbeth"" di Verdi",https://www.milanotoday.it/eventi/concerto-teatro-scala-macbeth-date-spettacoli.html,Teatro e spettacolo,"2, Via Filodrammatici, Brera, Milano, Lombardia, 20121, Italia",45.4673781,9.188701,8
Teatri,12-04-22,2021-12-04,"Via Ulisse Dini, 7, Milano, MI",PACTA Salone,Quattro spettacoli sulla Sicilia a Milano al Pacta Salone,https://www.milanotoday.it/eventi/spettacoli-sicilia-milano-pacta-dicembre-2021-aprile-2022.html,Teatro e spettacolo,"PACTA Salone, 7, Via Ulisse Dini, Stadera, Municipio 5, Milano, Lombardia, 20136, Italia",45.4290193,9.1798393,6
Teatri,12-04-22,2021-12-04,"Via Ulisse Dini, 7, Milano, MI",PACTA Salone,Quattro spettacoli sulla Sicilia a Milano al Pacta Salone,https://www.milanotoday.it/eventi/spettacoli-sicilia-milano-pacta-dicembre-2021-aprile-2022.html,Teatro e spettacolo,"PACTA Salone, 7, Via Ulisse Dini, Stadera, Municipio 5, Milano, Lombardia, 20136, Italia",45.4290193,9.1798393,6
Manifestazioni,16-01-22,2021-12-04,"Via Carlo Botta, 18, Milano, MI",Bagni Misteriosi,La magia del Natale arriva ai Bagni Misteriosi,https://www.milanotoday.it/eventi/pista-pattinaggio-bagni-misteriosi-natale-2021.html,Altri eventi,"18, Via Carlo Botta, Porta Romana, Municipio 4, Milano, Lombardia, 20135, Italia",45.4537805,9.2050141,0
Spettacoli,04-12-21,2021-12-04,"Viale dell'Innovazione 20,20126, Milano, MI,Italia",Arcimboldi,Open,https://www.teatro.it/spettacoli/milano/degli-arcimboldi/2021-2022/open-daniel-ezralow,Teatro e spettacolo,"20, Viale dell'Innovazione, Bicocca, Municipio 9, Milano, Lombardia, 20125, Italia",45.5148696,9.2135963,4
Teatri,05-12-21,2021-12-04,"Via Ulisse Dini, 7, Milano, MI",PACTA Salone,"""Gocce"" apre la rassegna ""Palco Off"" dedicata alla Sicilia. Al Pacta il 4 e 5 dicembre 2021",https://www.milanotoday.it/eventi/gocce-palco-off.html,Teatro e spettacolo,"PACTA Salone, 7, Via Ulisse Dini, Stadera, Municipio 5, Milano, Lombardia, 20136, Italia",45.4290193,9.1798393,6
,16-01-22,2021-12-04,"Via Carlo Botta, Milano, MI",Bagni Misteriosi,Ai Bagni misteriosi di Milano la pista di pattinaggio galleggiante (e i mercatini),https://www.milanotoday.it/eventi/pista-pattinaggio-bagni-misteriosi-date.html,Non classificato,"Via Carlo Botta, Porta Romana, Municipio 4, Milano, Lombardia, 20135, Italia",45.4539753,9.2049785,0
,16-01-22,2021-12-04,"Via Carlo Botta, Milano, MI",Bagni Misteriosi,Ai Bagni misteriosi di Milano la pista di pattinaggio galleggiante (e i mercatini),https://www.milanotoday.it/eventi/pista-pattinaggio-bagni-misteriosi-date.html,Non classificato,"Via Carlo Botta, Porta Romana, Municipio 4, Milano, Lombardia, 20135, Italia",45.4539753,9.2049785,0
Spettacoli,05-12-21,2021-12-05,"Corso di Porta Romana 63,20122, Milano, MI,Italia",Carcano,"Don Giovanni, l'incubo elegante - Michela Murgia",https://www.teatro.it/spettacoli/milano/carcano/2021-2022/don-giovanni-lincubo-elegante-michela-murgia,Teatro e spettacolo,"Teatro Carcano, 63, Corso di Porta Romana, Crocetta, Municipio 1, Milano, Lombardia, 20121, Italia",45.4566842,9.1955297,8
Spettacoli,05-12-21,2021-12-05,"Viale dell'Innovazione 20,20126, Milano, MI,Italia",Arcimboldi,Sogno e son desto… oggi è un altro giorno,https://www.teatro.it/spettacoli/milano/degli-arcimboldi/2021-2022/sogno-e-son-desto-oggi-e-un-altro-giorno,Teatro e spettacolo,"20, Viale dell'Innovazione, Bicocca, Municipio 9, Milano, Lombardia, 20125, Italia",45.5148696,9.2135963,4
Spettacoli,05-12-21,2021-12-05,"Via Hermada,8,20162, Milano, MI,Italia",della Cooperativa,Sospetti (S.U.S.),https://www.teatro.it/spettacoli/milano/della-cooperativa/2021-2022/sospetti-sus,Teatro e spettacolo,"8, Via privata Hermada, Niguarda - Cà Granda, Municipio 9, Milano, Lombardia, 20162, Italia",45.5147872,9.1901457,4
,17-12-21,2021-12-05,"Via San Cristoforo, 1, Milano, MI",TEATRO BELLO,"I promessi sposi, a portar via",https://www.milanotoday.it/eventi/promessi-sposti-portar-via.html,Non classificato,"Montalcino Caffè, 1, Via San Cristoforo, San Cristoforo, Municipio 6, Milano, Lombardia, 20144, Italia",45.4477537,9.1544595,6
Manifestazioni,12-12-21,2021-12-05,"Viale Giorgio Byron, Milano, MI",Palazzina Appiani,Il Natale arriva alla Palazzina Appiani e a Villa Necchi con due appuntamenti del FAI,https://www.milanotoday.it/eventi/natale-palazzina-appiani-villa-necchi-fai.html,Altri eventi,"Viale Giorgio Byron, Parco Sempione, Municipio 1, Milano, Lombardia, 20154, Italia",45.4765949,9.1759169,2
Mercatini,08-12-21,2021-12-05,"Piazza Castello, Milano, MI",Castello Sforzesco,"Tornano gli Oh Bej! Oh Bej!, i mercatini di Natale di Milano",https://www.milanotoday.it/eventi/oh-bej-oh-bej-quando-data.html,Mercati e shopping,"Piazza Castello, Cerchia dei Navigli, Municipio 1, Milano, Lombardia, Italia",45.4704699,9.1819129,8
Incontri,05-12-21,2021-12-05,"Via Alessandro Stradella, 5, Milano, MI",Alma Matters,Bagno di gong,https://www.milanotoday.it/eventi/bagno-di-gong-walter-zanca-2021.html,Formazione e networking,"Via Alessandro Stradella, Buenos Aires - Venezia, Municipio 3, Milano, Lombardia, 20129, Italia",45.4784806,9.2158425,0
Concerti,05-12-21,2021-12-05,"Via Pisanello, 1, Milano, MI",Rosetum – Centro Francescano Culturale Artistico,Concerto degli allievi della masterclass di Barbara Frittoli,https://www.milanotoday.it/eventi/concerto-degli-allievi-2021.html,Musica e vita notturna,"Via Pisanello, Bande Nere, Municipio 7, Milano, Lombardia, 20148, Italia",45.4672182,9.140416,9
,26-12-21,2021-12-06,"Via Giulio Cesare Procaccini, 4, Milano, MI",Fabbrica del Vapore,"Assonanze, discordanze, forme e libertà di movimento",https://www.milanotoday.it/eventi/assonanze-discordanze-mostra-fabbrica-vapore.html,Non classificato,"4, Via Giulio Cesare Procaccini, Bullona, Porta Volta, Municipio 8 di Milano, Milano, Lombardia, 20154, Italia",45.4839945,9.1753796,2
Mostre,12-12-21,2021-12-06,"Via Aosta, 17, Milano, MI",Spazio espositivo,Popart nouveau,https://www.milanotoday.it/eventi/popart-nouveau-luigi-matteoni.html,Arte e cultura,"17, Via Aosta, Bullona, Ghisolfa, Municipio 8 di Milano, Milano, Lombardia, 20155, Italia",45.4920873,9.1657754,2
Concerti,07-12-21,2021-12-07,"Viale dell'Innovazione, 20, Milano, MI",Teatro Arcimboldi,Achille Lauro in concerto con l'Orchestra della Magna Grecia. Orari e biglietti,https://www.milanotoday.it/eventi/concerto-achille-teatro-arcimboldi-biglietti.html,Musica e vita notturna,"20, Viale dell'Innovazione, Bicocca, Municipio 9, Milano, Lombardia, 20125, Italia",45.5148696,9.2135963,4
Spettacoli,07-12-21,2021-12-07,"Via Giordano Rota 1,20145, Milano, MI,Italia",Nazionale Italiana Assicurazioni,Gio Evan - Abissale,https://www.teatro.it/spettacoli/milano/nazionale-chebanca/2021-2022/gio-evan-abissale,Teatro e spettacolo,"20145, Italy",45.4643,9.1895,8
Spettacoli,07-12-21,2021-12-07,"Piazza S. Magno,20025, Legnano, MI,Italia",Galleria,Sogno e son desto… oggi è un altro giorno,https://www.teatro.it/spettacoli/legnano/galleria/2021-2022/sogno-e-son-desto-oggi-e-un-altro-giorno,Teatro e spettacolo,"Piazza San Magno, San Magno, Oltresempione, Legnano, Milano, Lombardia, 20025, Italia",45.5945288,8.9180098,5
Spettacoli,07-12-21,2021-12-07,"C.so Matteotti,20,20121, Milano, MI,Italia",Nuovo,La vie en rose...Bolèro,https://www.teatro.it/spettacoli/milano/nuovo/2021-2022/la-vie-en-rosebolero,Teatro e spettacolo,"20, Corso Giacomo Matteotti, Duomo, Municipio 1, Milano, Lombardia, 20121, Italia",45.4667336,9.1967703,8
Mostre,28-05-22,2021-12-07,"Via Luisa Sanfelice, 3, Milano, MI",Casa di vetro,"Ottant'anni fa l'attacco a Pearl Harbor, a Milano arriva ""L'America in Guerra""",https://www.milanotoday.it/eventi/mostra-america-in-guerra-casa-di-vetro.html,Arte e cultura,"Via Luisa Sanfelice, Umbria - Molise, Municipio 4, Milano, Lombardia, 20137, Italia",45.4567284,9.2226741,0
Mostre,28-05-22,2021-12-07,"Via Luisa Sanfelice, 3, Milano, MI",Casa di vetro,"Ottant'anni fa l'attacco a Pearl Harbor, a Milano arriva ""L'America in Guerra""",https://www.milanotoday.it/eventi/mostra-america-in-guerra-casa-di-vetro.html,Arte e cultura,"Via Luisa Sanfelice, Umbria - Molise, Municipio 4, Milano, Lombardia, 20137, Italia",45.4567284,9.2226741,0
Teatri,20-03-22,2021-12-09,"Via Giulio Cesare Procaccini, 4, Milano, MI",Fabbrica del Vapore,"""Alice in Wonderland"" in prima mondiale a Milano",https://www.milanotoday.it/eventi/spettacolo-alice-in-wonderland-fabbrica-del-vapore.html,Teatro e spettacolo,"4, Via Giulio Cesare Procaccini, Bullona, Porta Volta, Municipio 8 di Milano, Milano, Lombardia, 20154, Italia",45.4839945,9.1753796,2
Teatri,20-03-22,2021-12-09,"Via Giulio Cesare Procaccini, 4, Milano, MI",Fabbrica del Vapore,"""Alice in Wonderland"" in prima mondiale a Milano",https://www.milanotoday.it/eventi/spettacolo-alice-in-wonderland-fabbrica-del-vapore.html,Teatro e spettacolo,"4, Via Giulio Cesare Procaccini, Bullona, Porta Volta, Municipio 8 di Milano, Milano, Lombardia, 20154, Italia",45.4839945,9.1753796,2
Teatri,09-12-21,2021-12-09,"Via Giulio Cesare Procaccini, Milano, MI",Fabbrica del Vapore,"""Alice! in Wonderland"" a Milano, una prima mondiale sotto la Madonnina con uno show speciale",https://www.milanotoday.it/eventi/alice-in-wonderland-biglietti.html,Teatro e spettacolo,"Via Giulio Cesare Procaccini, Bullona, Porta Volta, Municipio 8 di Milano, Milano, Lombardia, 20154, Italia",45.4838783,9.1755509,2
Iniziative Digitali,09-12-21,2021-12-09,"Via Brera, 28, Milano, MI",Pinacoteca di Brera,Il Calendario dell'Avvento di Brera: La Predica di San Marco,,Eventi digitali,"Pinacoteca di Brera, 28, Via Brera, Cerchia dei Navigli, Municipio 1, Milano, Lombardia, 20121, Italia",45.4722421,9.1884071,8
Teatri,02-01-22,2021-12-10,"Via Alessandro Manzoni, 42, Milano, MI",Teatro Manzoni,Al Teatro Manzoni un nuovo spettacolo con Vanessa Incontrada,https://www.milanotoday.it/eventi/spettacolo-teatro-manzoni-vanessa-incontrada.html,Teatro e spettacolo,"Teatro Manzoni, 42, Via Alessandro Manzoni, Cerchia dei Navigli, Municipio 1, Milano, Lombardia, 20121, Italia",45.4710286,9.1944762,8
Mostre,12-12-21,2021-12-10,"Viale Papiniano, Milano, MI",Basso di Rilievo,The confused people of the early 20's,https://www.milanotoday.it/eventi/the-confused-people-of-the-early-20.html,Arte e cultura,"Viale Papiniano, Magenta - San Vittore, Municipio 1, Milano, Lombardia, 20123, Italia",45.4608215,9.1650433,6
Teatri,02-01-22,2021-12-10,"Via Alessandro Manzoni, 42, Milano, MI",Teatro Manzoni,Al Teatro Manzoni un nuovo spettacolo con Vanessa Incontrada,https://www.milanotoday.it/eventi/spettacolo-teatro-manzoni-vanessa-incontrada.html,Teatro e spettacolo,"Teatro Manzoni, 42, Via Alessandro Manzoni, Cerchia dei Navigli, Municipio 1, Milano, Lombardia, 20121, Italia",45.4710286,9.1944762,8
Spettacoli,11-12-21,2021-12-11,"Via San Cristoforo,1,20144, Milano, MI,Italia",Bello,In stato di Grazia,https://www.teatro.it/spettacoli/milano/bello/2021-2022/in-stato-di-grazia,Teatro e spettacolo,"Montalcino Caffè, 1, Via San Cristoforo, San Cristoforo, Municipio 6, Milano, Lombardia, 20144, Italia",45.4477537,9.1544595,6
Incontri,11-12-21,2021-12-11,"Via Privata Antonio Meucci, 3, Milano, MI",Villa Pallavicini,"""Conosci i tuoi vicini di casa?"": incontro in via Meucci",https://www.milanotoday.it/social/segnalazioni/conosci-i-tuoi-vicini-di-casa-incontro.html,Formazione e networking,"3, Via privata Antonio Meucci, Adriano, Municipio 2, Milano, Lombardia, 20132, Italia",45.509472,9.2468495,4
Fiere,06-01-22,2021-12-11,"Via dei Platani, 31, Milano, MI",Casa di Babbo Natale,Torna a illuminarsi la casa di Babbo Natale a Melegnano,https://www.milanotoday.it/eventi/orari-casa-babbo-natale-melegnano-2021.html,Mercati e shopping,"31, Via dei Platani, Melegnano, Milano, Lombardia, 20077, Italia",45.3510448,9.324728,7
Manifestazioni,06-01-22,2021-12-11,"Via dei Platani, 31, Milano, MI",Melegnano,Alle porte di Milano si riaccende la Casa di Babbo Natale,https://www.milanotoday.it/eventi/casa-babbo-natale-2021.html,Altri eventi,"31, Via dei Platani, Melegnano, Milano, Lombardia, 20077, Italia",45.3510448,9.324728,7
,11-12-21,2021-12-11,"Via Francesco Sforza, 12/A, Milano, MI",Tempio Valdese,Verso il Natale. il concerto al tempio valdese,https://www.milanotoday.it/eventi/concerto-natale-tempio-valdese.html,Non classificato,"Libreria Claudiana, 12a, Via Francesco Sforza, Duomo, Municipio 1, Milano, Lombardia, 20122, Italia",45.461392,9.1968387,8
,19-12-21,2021-12-11,"Piazza Risorgimento, Milano, MI",Mercatino Aleimar,Ricerca volontari per eventi di Natale,https://www.milanotoday.it/eventi/ricerca-volontari-per-eventi-di-natale-2021.html,Non classificato,"Piazza Risorgimento, XXII Marzo, Municipio 4, Milano, Lombardia, Italia",45.4676324,9.2107536,0
,31-12-21,2021-12-11,"Via Giuseppe Dall'Occo, 1, Milano, MI",Galleria Click Art,"La mostra ""Arte in città"" di Cormano",https://www.milanotoday.it/eventi/arte-in-citta-cormano.html,Non classificato,"Via Giuseppe Dall'Occo, Cormano, Zona Omogenea Milano Nord, Milano, Lombardia, 20032, Italia",45.5444599,9.1691639,4
Concerti,11-12-21,2021-12-11,"Via Gesù, 5, Milano, MI",Museo Bagatti Valsecchi,Al Museo Bagatti Valsecchi un concerto speciale per Natale,https://www.milanotoday.it/eventi/concerto-museo-bagatti-valsecchi-11-dicembre-2021.html,Musica e vita notturna,"Museo Bagatti Valsecchi, 5, Via Gesù, Duomo, Municipio 1, Milano, Lombardia, 20121, Italia",45.4694809,9.1949792,8
,11-12-21,2021-12-11,"Piazza del Duomo, 8, Milano, MI",Museo del 900,Sabato si potrà entrare gratis al Museo del 900 (e al Pac),https://www.milanotoday.it/eventi/museo-900-gratis-11-dicembre-2021.html,Non classificato,"8, Piazza del Duomo, Duomo, Municipio 1, Milano, Lombardia, 20123, Italia",45.4632949,9.1904599,8
Mercatini,14-12-21,2021-12-11,"Via dell'Orso, 16, Milano, MI",Spazio Orso,Il mercatino di Natale che aiuta i bambini,https://www.milanotoday.it/eventi/mercatino-natale-sos-bambini-spazio-orso.html,Mercati e shopping,"16, Via dell'Orso, Brera, Municipio 1, Milano, Lombardia, 20121, Italia",45.469111,9.186319,8
Manifestazioni,06-01-22,2021-12-11,"Via dei Platani, 31, Milano, MI",Melegnano,Alle porte di Milano si riaccende la Casa di Babbo Natale,https://www.milanotoday.it/eventi/casa-babbo-natale-2021.html,Altri eventi,"31, Via dei Platani, Melegnano, Milano, Lombardia, 20077, Italia",45.3510448,9.324728,7
Spettacoli,11-12-21,2021-12-11,"via Procaccini,4,20100, Milano, MI,Italia",La Fabbrica del Vapore,A Naked Love: l'Amore a Nudo,https://www.teatro.it/spettacoli/milano/la-fabbrica-del-vapore/2021-2022/a-naked-love-lamore-a-nudo,Teatro e spettacolo,"4, Via Giulio Cesare Procaccini, Bullona, Porta Volta, Municipio 8 di Milano, Milano, Lombardia, 20154, Italia",45.4839945,9.1753796,2
Mercatini,14-11-21,2021-12-11,"Via dell'Orso, 16, Milano, MI",Spazio Orso,Mercatino solidale 2021 di Sos Bambini,https://www.milanotoday.it/eventi/mercatino-milano-11-14-dicembre-2021.html,Mercati e shopping,"16, Via dell'Orso, Brera, Municipio 1, Milano, Lombardia, 20121, Italia",45.469111,9.186319,8
Fiere,06-01-22,2021-12-11,"Via dei Platani, 31, Milano, MI",Casa di Babbo Natale,Torna a illuminarsi la casa di Babbo Natale a Melegnano,https://www.milanotoday.it/eventi/orari-casa-babbo-natale-melegnano-2021.html,Mercati e shopping,"31, Via dei Platani, Melegnano, Milano, Lombardia, 20077, Italia",45.3510448,9.324728,7
Teatri,12-12-21,2021-12-11,"Viale dell'Innovazione, 20, Milano, MI",Teatro Arcimboldi,Lo schiaccianoci: il balletto natalizio torna all'Arcimboldi,https://www.milanotoday.it/eventi/schiaccianoci-arcimboldi-2021.html,Teatro e spettacolo,"20, Viale dell'Innovazione, Bicocca, Municipio 9, Milano, Lombardia, 20125, Italia",45.5148696,9.2135963,4
Spettacoli,12-12-21,2021-12-12,"Corso Buenos Aires 33,20124, Milano, MI,Italia",Elfo Puccini - Sala Bausch,Settanta volte sette,https://www.teatro.it/spettacoli/milano/elfo-puccini-sala-bausch/2021-2022/settanta-volte-sette,Teatro e spettacolo,"Teatro Elfo Puccini, 33, Corso Buenos Aires, Buenos Aires - Venezia, Municipio 3, Milano, Lombardia, 20124, Italia",45.4794317,9.2098387,0
Spettacoli,12-12-21,2021-12-12,"Via Pier Lombardo 14,20135, Milano, MI,Italia",Franco Parenti - Sala Blu,Note in bianco e nero,https://www.teatro.it/spettacoli/milano/franco-parenti-sala-acomea/2021-2022/note-in-bianco-e-nero,Teatro e spettacolo,"Via Pier Lombardo, Porta Romana, Municipio 4, Milano, Lombardia, 20135, Italia",45.4542958,9.2063109,0
Spettacoli,12-12-21,2021-12-12,"Corso di Porta Romana 63,20122, Milano, MI,Italia",Carcano,Il delirio del particolare,https://www.teatro.it/spettacoli/milano/carcano/2021-2022/il-delirio-del-particolare,Teatro e spettacolo,"Teatro Carcano, 63, Corso di Porta Romana, Crocetta, Municipio 1, Milano, Lombardia, 20121, Italia",45.4566842,9.1955297,8
Spettacoli,12-12-21,2021-12-12,"Viale dell'Innovazione 20,20126, Milano, MI,Italia",Arcimboldi,Lo Schiaccianoci,https://www.teatro.it/spettacoli/milano/degli-arcimboldi/2021-2022/lo-schiaccianoci,Teatro e spettacolo,"20, Viale dell'Innovazione, Bicocca, Municipio 9, Milano, Lombardia, 20125, Italia",45.5148696,9.2135963,4
,12-12-21,2021-12-12,"Via Santa Croce, 15, Milano, MI",Associazione IBVA,Torna il Mercato di Solidando con una christmas edition,https://www.milanotoday.it/eventi/mercato-solidando-12-dicembre-2021.html,Non classificato,"Via Santa Croce, Ticinese, Municipio 1, Milano, Lombardia, 20136, Italia",45.4540253,9.1823474,8
Mercatini,12-12-21,2021-12-12,"Via Giulio Natta, 19, Milano, MI",Cascina Cotica,Mercatini di Natale in Cascina Cotica,https://www.milanotoday.it/eventi/mercatini-di-natale-in-cascina-cotica-2021.html,Mercati e shopping,"Via Giulio Natta, Gallaratese, Lampugnano, Municipio 8 di Milano, Milano, Lombardia, 20148, Italia",45.4881045,9.1280837,9
Spettacoli,12-12-21,2021-12-12,"Alzaia Naviglio Grande 192,20144, Milano, MI,Italia",Alta Luce Teatro,Eva (1912-1945),https://www.teatro.it/spettacoli/milano/alta-luce-teatro/2021-2022/eva-1912-1945,Teatro e spettacolo,"192, Alzaia Naviglio Grande, Lorenteggio, Municipio 6, Milano, Lombardia, 20146, Italia",45.4455309,9.1442102,6
,12-12-21,2021-12-12,"Alzaia Naviglio Pavese, 16, Milano, MI",Ex Fornace Gola,Art&soccer la mostra di  Andrea Del Pesco,https://www.milanotoday.it/eventi/art-soccer-andrea-del-pesco.html,Non classificato,"16, Alzaia Naviglio Pavese, Navigli, Municipio 6, Milano, Lombardia, 20143, Italia",45.4500421,9.1774094,6
Mercatini,12-12-21,2021-12-12,"Via Santa Croce, 15, Milano, MI",Associazione IBVA,"Domenica 12 dicembre torna il mercato di solidando: biologico, agricolo, solidale",https://www.milanotoday.it/eventi/domenica-12-dicembre-torna-il-mercato-di-solidando-2021.html,Mercati e shopping,"Via Santa Croce, Ticinese, Municipio 1, Milano, Lombardia, 20136, Italia",45.4540253,9.1823474,8
Convegno/conferenza,14-12-21,2021-12-14,"Via Taramelli 26, Milano, MI",Palazzo Sistema,scartUP | presentazione del nuovo applicativo per la redazione di elenchi di scarto,,Formazione e networking,"26, Via Torquato Taramelli, Isola, Municipio 2, Milano, Lombardia, 20124, Italia",45.4911448,9.194082,8
Spettacoli,14-12-21,2021-12-14,"Viale dell'Innovazione 20,20126, Milano, MI,Italia",Arcimboldi,Marco Masini 30th Anniversary,https://www.teatro.it/spettacoli/milano/degli-arcimboldi/2021-2022/marco-masini-30th-anniversary,Teatro e spettacolo,"20, Viale dell'Innovazione, Bicocca, Municipio 9, Milano, Lombardia, 20125, Italia",45.5148696,9.2135963,4
Concerti,14-12-21,2021-12-14,"Via Camporgnago, 40, Milano, MI",Casa di Reclusione di Opera,Orchestra in opera: concerto di Natale,https://www.milanotoday.it/eventi/orchestra-in-opera-concerto-2021.html,Musica e vita notturna,"Via Camporgnago, Parco delle Abbazie, Municipio 5, Milano, Lombardia, 20241, Italia",45.4015723,9.2053744,6
,19-12-21,2021-12-14,"Via Filodrammatici, Milano, MI",Teatro Filodrammatici,La lettera di Paolo Nani torna al filodrammatici di Milano,https://www.milanotoday.it/eventi/la-lettera-di-paolo-nani-2021.html,Non classificato,"Via Filodrammatici, Brera, Municipio 1, Milano, Lombardia, 20121, Italia",45.4673403,9.1886109,8
Teatri,31-12-21,2021-12-14,"Via Ciro Menotti, 11, Milano, MI",Teatro Menotti,"""Far finta di essere sani"" di Giorgio Gaber: dal 14 al 31 dicembre al Teatro Menotti",https://www.milanotoday.it/eventi/far-finta-di-essere-sani-gaber-menotti.html,Teatro e spettacolo,"Teatro Menotti, 11, Via Ciro Menotti, Buenos Aires - Venezia, Municipio 3, Milano, Lombardia, 20129, Italia",45.4699775,9.2131112,0
Concerti,14-12-21,2021-12-14,"Piazza di Santa Maria delle Grazie, Milano, MI",Basilica di Santa Maria delle Grazie,Concerto di Natale 2021,https://www.milanotoday.it/eventi/concerto-di-natale-2021.html,Musica e vita notturna,"Piazza Santa Maria delle Grazie, Magenta - San Vittore, Municipio 1, Milano, Lombardia, 20123, Italia",45.4662916,9.1704104,8
Mostre,14-12-21,2021-12-14,"Via Maurizio Gonzaga, 2, Milano, MI",BABS Art Gallery,I gioielli del maestro Alberto Zorzi - Visita con l'intervento di Jean Blancheart e Deanna Farneti Cera,https://www.milanotoday.it/eventi/gioielli-del-maestro-alberto-zorzi.html,Arte e cultura,"2, Via Maurizio Gonzaga, Cerchia dei Navigli, Municipio 1, Milano, Lombardia, 20123, Italia",45.4619404,9.1894546,8
Mostre,28-01-22,2021-12-14,"Via Vincenzo Forcella, 7, Milano, MI",ESH Gallery,Walking treasures vi. Tesori da passeggio,https://www.milanotoday.it/eventi/walking-treasures-vi-tesori.html,Arte e cultura,"Via Vincenzo Forcella, Tortona, Municipio 6, Milano, Lombardia, 20144, Italia",45.452594,9.1673964,6
Mostre,28-01-22,2021-12-14,"Via Vincenzo Forcella, 7, Milano, MI",ESH Gallery,Walking treasures vi. Tesori da passeggio,https://www.milanotoday.it/eventi/walking-treasures-vi-tesori.html,Arte e cultura,"Via Vincenzo Forcella, Tortona, Municipio 6, Milano, Lombardia, 20144, Italia",45.452594,9.1673964,6
,15-12-21,2021-12-15,"Piazza del Duomo, 8, Milano, MI",Duomo di Milano,Torna il concerto di Natale in Duomo,https://www.milanotoday.it/eventi/concerti/concerto-natale-duomo.html,Non classificato,"8, Piazza del Duomo, Duomo, Municipio 1, Milano, Lombardia, 20123, Italia",45.4632949,9.1904599,8
Concerti,16-12-21,2021-12-15,"Viale dell'Innovazione, 20, Milano, MI",Teatro Arcimboldi,"Final Fantasy, in arrivo un concerto multimediale con le musiche del videogioco",https://www.milanotoday.it/eventi/concerto-final-fantasy-arcimboldi.html,Musica e vita notturna,"20, Viale dell'Innovazione, Bicocca, Municipio 9, Milano, Lombardia, 20125, Italia",45.5148696,9.2135963,4
,04-03-22,2021-12-15,"Via Andrea Maffei, 1, Milano, MI",Other Size Gallery,"""Domestica"", la mostra di Silvia Camporesi",https://www.milanotoday.it/eventi/silvia-camporesi-domestica.html,Non classificato,"1, Via Andrea Maffei, XXII Marzo, Municipio 4, Milano, Lombardia, 20135, Italia",45.4588219,9.209057,0
Concerti,15-12-21,2021-12-15,"Via Pietro Borsieri, 37, Milano, MI",Blue Note,Il concerto benefico di Paolo Fresu al Blue Note di Milano,https://www.milanotoday.it/eventi/concerto-benefico-fresu.html,Musica e vita notturna,"Blue Note, 37, Via Pietro Borsieri, Isola, Municipio 9, Milano, Lombardia, 20159, Italia",45.4895296,9.1888504,2
Incontri,15-12-21,2021-12-15,"Via Giacinto Gigante, 5, Milano, MI",Off campus San Siro,Incontro con l'autore - Francesco Erbani - sulle periferie delle città,https://www.milanotoday.it/eventi/incontro-con-l-autore-francesco-erbani-2021.html,Formazione e networking,"Via Giacinto Gigante, Selinunte, Municipio 7, Milano, Lombardia, 20148, Italia",45.4713523,9.1384736,9
,04-03-22,2021-12-15,"Via Andrea Maffei, 1, Milano, MI",Other Size Gallery,"""Domestica"", la mostra di Silvia Camporesi",https://www.milanotoday.it/eventi/silvia-camporesi-domestica.html,Non classificato,"1, Via Andrea Maffei, XXII Marzo, Municipio 4, Milano, Lombardia, 20135, Italia",45.4588219,9.209057,0
Cibo e Vino,15-12-21,2021-12-15,"Via Pietro Borsieri, Milano, MI",Sorbillo isola,"Gino Sorbillo apre una pizzeria a Milano, degustazioni gratis per tutti",https://www.milanotoday.it/eventi/pizzeria-sorbillo-isola.html,Enogastronomia,"Via Pietro Borsieri, Isola, Municipio 9, Milano, Lombardia, 20159, Italia",45.4884884,9.1889432,2
,15-12-21,2021-12-15,"Via Luigi Mangiagalli, 31, Milano, MI",Aula MA,Tma Caputo-Ippolito: approccio multisistemico all'autismo,https://www.milanotoday.it/eventi/tma-caputo-ippolito-approccio-multisistemico-2021.html,Non classificato,"31, Via Luigi Mangiagalli, Città Studi, Municipio 3, Milano, Lombardia, 20133, Italia",45.4743922,9.2283139,0
,16-12-21,2021-12-16,"Corso Magenta, 69, Milano, MI",Autentico,"Presentazione del libro ""Se Jennifer ha dimenticato Brad""",https://www.milanotoday.it/eventi/jennifer-dimenticato-libro.html,Non classificato,"69, Corso Magenta, Magenta - San Vittore, Municipio 1, Milano, Lombardia, 20123, Italia",45.4656713,9.1705777,8
Mostre,19-02-22,2021-12-16,"Corso Plebisciti, 12, Milano, MI",Osart Gallery,Katharien de villiers. echo me / here i am / ecco mi,https://www.milanotoday.it/eventi/katharien-de-villiers-echo-2021.html,Arte e cultura,"Corso Plebisciti, Buenos Aires - Venezia, Municipio 3, Milano, Lombardia, 20129, Italia",45.4681056,9.2179035,0
,16-12-21,2021-12-16,"Via Lazzaretto, 3, Milano, MI",Fondazione ACRA,Migrantour Milano Porta Venezia,https://www.milanotoday.it/eventi/migrantour-milano-porta-venezia-2021.html,Non classificato,"Carrefour Express, 3, Via Lazzaretto, Centrale, Municipio 2, Milano, Lombardia, 20124, Italia",45.4770487,9.2011876,0
,16-12-21,2021-12-16,"Via Fratelli Zoia, 89, Milano, MI",Spazio Teatro 89,"Com'era domani, lo spettacolo",https://www.milanotoday.it/eventi/com-era-domani-spettacolo.html,Non classificato,"Via Fratelli Zoia, Quarto Cagnino, Municipio 7, Milano, Lombardia, 20153, Italia",45.4720145,9.1089432,9
Mostre,19-02-22,2021-12-16,"Corso Plebisciti, 12, Milano, MI",Osart Gallery,Katharien de villiers. echo me / here i am / ecco mi,https://www.milanotoday.it/eventi/katharien-de-villiers-echo-2021.html,Arte e cultura,"Corso Plebisciti, Buenos Aires - Venezia, Municipio 3, Milano, Lombardia, 20129, Italia",45.4681056,9.2179035,0
Incontri,17-12-21,2021-12-17,"Viale Bligny, 22, Milano, MI",Libreria Egea,"“Smarcati – Viaggio ai confini della marca”, la presentazione a Milano",https://www.milanotoday.it/eventi/smarcati-libro-2021.html,Formazione e networking,"22, Viale Bligny, Vigentina, Municipio 5, Milano, Lombardia, 20136, Italia",45.4509883,9.1895043,8
Concerti,17-12-21,2021-12-17,"Via Pisanello, 1, Milano, MI",Teatro Rosetum,Chanda Rule christmas evening al Rosetum jazz festival #4,https://www.milanotoday.it/eventi/chanda-rule-christmas-2021.html,Musica e vita notturna,"Via Pisanello, Bande Nere, Municipio 7, Milano, Lombardia, 20148, Italia",45.4672182,9.140416,9
Incontri,17-12-21,2021-12-17,"Via Tortona, 35, Milano, MI",IFDA,"Natale 2021, un'edizione speciale per trovare il regalo perfetto e supportare le donne in cerca di lavoro",https://www.milanotoday.it/eventi/edizione-natale-ifda-shopping-natalizio-via-tortona.html,Formazione e networking,"35, Via Tortona, Tortona, Municipio 6, Milano, Lombardia, 20144, Italia",45.4510301,9.1606461,6
Mostre,17-12-21,2021-12-17,"Via dell'Allodola, 5, Milano, MI","Teatro ""La Creta""","""Ondeggiava al vento della notte""",https://www.milanotoday.it/eventi/ondeggiava-al-vento-della-notte-2021--.html,Arte e cultura,"Via dell'Allodola, Lorenteggio, Municipio 6, Milano, Lombardia, 20147, Italia",45.454862,9.1195068,9
Incontri,17-12-21,2021-12-17,"Via dell'Allodola, 5, Milano, MI","Teatro ""La Creta""",Ondeggiava al vento della notte,https://www.milanotoday.it/eventi/ondeggiava-al-vento-della-notte-2021.html,Formazione e networking,"Via dell'Allodola, Lorenteggio, Municipio 6, Milano, Lombardia, 20147, Italia",45.454862,9.1195068,9
Teatri,19-12-21,2021-12-17,"Via Fezzan, 11, Milano, MI",Ecoteatro,"La magia de ""Lo Schiaccianoci"" con l'Accademia Ucraina di Balletto",https://www.milanotoday.it/eventi/spettacolo-schiaccianoci-balletto-ucraino.html,Teatro e spettacolo,"EcoTeatro, 11, Via Fezzan, Bande Nere, Municipio 6, Milano, Lombardia, 20146, Italia",45.4592109,9.1459527,6
Teatri,19-12-21,2021-12-17,"Alzaia Naviglio Grande, 190, Milano, MI",Alta Luce Teatro,Sono Enzo,https://www.milanotoday.it/eventi/sono-enzo-enzo-marcelli-2021.html,Teatro e spettacolo,"Alzaia Naviglio Grande, Navigli, Municipio 6, Milano, Lombardia, 20136, Italia",45.4520419,9.1756524,6
Concerti,17-12-21,2021-12-17,"Via Gratosoglio, Milano, MI",Oratorio della Comunità Pastorale Maria Madre della Chiesa,"Gratosoglio, un concerto di Natale per beneficenza con la Nazionale Hip Hop",https://www.milanotoday.it/eventi/concerto-natale-nazionale-hip-hop-gratosoglio.html,Musica e vita notturna,"Via Gratosoglio, Gratosoglio, Municipio 5, Milano, Lombardia, 20142, Italia",45.4166603,9.1692309,6
,18-12-21,2021-12-18,"Via Giovanni Cagliero, Milano, MI",Teatro Blu,"Lookup: Giovanni Caccamo, Tindaro Granata e altri artisti riuniti al Teatro Blu",https://www.milanotoday.it/eventi/lookup-giovanni-caccamo.html,Non classificato,"Via Giovanni Cagliero, Maciachini - Maggiolina, Municipio 2, Milano, Lombardia, 20125, Italia",45.4964494,9.201137,4
Manifestazioni,19-12-21,2021-12-18,"Via Valenza, Milano, MI",Ride Milano,"Fiera del disco Milano, espositori provenienti da tutta Italia con cd, vinili e dvd",https://www.milanotoday.it/eventi/fiera-del-disco-milano-ride-navigli.html,Altri eventi,"Via Valenza, Navigli, Municipio 6, Milano, Lombardia, 20144, Italia",45.4514071,9.1691656,6
Incontri,18-12-21,2021-12-18,"Via Mecenate, 76, Milano, MI",Medio Formato Studio,Affirmative action - opening event,https://www.milanotoday.it/eventi/affirmative-action-opening-event-2021.html,Formazione e networking,"76, Via Mecenate, Mecenate, Municipio 4, Milano, Lombardia, 20138, Italia",45.4527822,9.2478753,7
Concerti,18-12-21,2021-12-18,"Via Filodrammatici, 2, Milano, MI",teatro alla scala,"Teatro alla Scala, il concerto di Natale con il Maestro Alain Altinoglu",https://www.milanotoday.it/eventi/concerto-natale-2021-teatro-scala.html,Musica e vita notturna,"2, Via Filodrammatici, Brera, Milano, Lombardia, 20121, Italia",45.4673781,9.188701,8
Concerto,19-12-21,2021-12-19,"Via Ugo Foscolo, 42, Milano, MI",Spazio Teatro Invito,“Non sembiava imagine che tace” Dante in un concerto per pianoforte a quattro mani e film muto  - Un viaggio tra cinema e musica -,,Musica e vita notturna,"Via Ugo Foscolo, Cascine Olona, Vighignolo, Settimo Milanese, Milano, Lombardia, 20019, Italia",45.4888017,9.0598548,1
Spettacoli,19-12-21,2021-12-19,"Corso Magenta 24,20123, Milano, MI,Italia",MTM - Litta,"Io, Moby Dick",https://www.teatro.it/spettacoli/milano/mtm-litta/2021-2022/io-moby-dick,Teatro e spettacolo,"Boccascena Cafè, 24, Corso Magenta, Cerchia dei Navigli, Municipio 1, Milano, Lombardia, 20123, Italia",45.466045,9.1778296,8
Spettacoli,19-12-21,2021-12-19,"via Pitteri 58,20134, Milano, MI,Italia",Martinitt,"Morta zia, la casa è mia",https://www.teatro.it/spettacoli/milano/martinitt/2021-2022/morta-zia-la-casa-e-mia,Teatro e spettacolo,"Via Riccardo Pitteri, Lambrate, Municipio 3, Milano, Lombardia, 20134, Italia",45.4798362,9.2457864,7
Mercatini,19-12-21,2021-12-19,"Via Cecilio Stazio, Milano, MI",Nolo,"A Nolo uno speciale mercatino di Natale con ""Le Pulci Pettinate""",https://www.milanotoday.it/eventi/mercatino-natale-nolo-le-pulci-pettinate.html,Mercati e shopping,"Via Cecilio Stazio, Nolo, Municipio 2, Milano, Lombardia, 20131, Italia",45.4899714,9.222819,0
,19-12-21,2021-12-19,"Via Gaudenzio Fantoli, 9, Milano, MI",FABRIQUE,Michele Bravi in concerto a Milano. Orari e biglietti,https://www.milanotoday.it/eventi/concerto-michele-bravi-fabrique-biglietti.html,Non classificato,"Fabrique, 9, Via Gaudenzio Fantoli, Mecenate, Municipio 4, Milano, Lombardia, 20138, Italia",45.4521243,9.2522773,7
Spettacoli,19-12-21,2021-12-19,"Corso di Porta Romana 63,20122, Milano, MI,Italia",Carcano,Miles Gloriosus,https://www.teatro.it/spettacoli/milano/carcano/2021-2022/miles-gloriosus,Teatro e spettacolo,"Teatro Carcano, 63, Corso di Porta Romana, Crocetta, Municipio 1, Milano, Lombardia, 20121, Italia",45.4566842,9.1955297,8
Spettacoli,19-12-21,2021-12-19,"via Filodrammatici,1,20121, Milano, MI,Italia",Filodrammatici,La lettera,https://www.teatro.it/spettacoli/milano/filodrammatici/2021-2022/paolo-nani-la-lettera,Teatro e spettacolo,"Teatro dei Filodrammatici, 1, Via Filodrammatici, Brera, Municipio 1, Milano, Lombardia, 20121, Italia",45.467261,9.188435,8
Spettacoli,19-12-21,2021-12-19,"via Fezzan,11,20146, Milano, MI,Italia",Ecoteatro,Lo Schiaccianoci,https://www.teatro.it/spettacoli/milano/ecoteatro/2021-2022/lo-schiaccianoci,Teatro e spettacolo,"EcoTeatro, 11, Via Fezzan, Bande Nere, Municipio 6, Milano, Lombardia, 20146, Italia",45.4592109,9.1459527,6
Spettacoli,19-12-21,2021-12-19,"C.so Matteotti,20,20121, Milano, MI,Italia",Nuovo,Forza Venite Gente,https://www.teatro.it/spettacoli/milano/nuovo/2021-2022/forza-venite-gente-tour-400-anniversario,Teatro e spettacolo,"20, Corso Giacomo Matteotti, Duomo, Municipio 1, Milano, Lombardia, 20121, Italia",45.4667336,9.1967703,8
,20-06-22,2021-12-20,"Via Circonvallazione Idroscalo, Milano, MI",Aeroporto di Linate,La nuova mostra della Triennale all'aeroporto di Linate,https://www.milanotoday.it/eventi/triennale-linate-2022.html,Non classificato,"Via Circonvallazione Idroscalo, Redecesio, Novegro, Segrate, Milano, Lombardia, 20054, Italia",45.469716,9.2854959,7
Corsi,20-12-21,2021-12-20,"Piazza Francesco Carrara, 17, Milano, MI",Centro Asteria,"Lella Costa legge ""il pranzo di babette""",https://www.milanotoday.it/eventi/lella-costa-legge-il-pranzo-di-babette-2021.html,Formazione e networking,"17, Piazza Francesco Carrara, Stadera, Municipio 5, Milano, Lombardia, 20136, Italia",45.4369245,9.1761088,6
Spettacoli,20-12-21,2021-12-20,"C.so Matteotti,20,20121, Milano, MI,Italia",Nuovo,ABBASHOW,https://www.teatro.it/spettacoli/milano/nuovo/2021-2022/abbashow,Teatro e spettacolo,"20, Corso Giacomo Matteotti, Duomo, Municipio 1, Milano, Lombardia, 20121, Italia",45.4667336,9.1967703,8
,20-06-22,2021-12-20,"Via Circonvallazione Idroscalo, Milano, MI",Aeroporto di Linate,La nuova mostra della Triennale all'aeroporto di Linate,https://www.milanotoday.it/eventi/triennale-linate-2022.html,Non classificato,"Via Circonvallazione Idroscalo, Redecesio, Novegro, Segrate, Milano, Lombardia, 20054, Italia",45.469716,9.2854959,7
Moda,26-12-21,2021-12-21,"Via Alessandro Volta, 7A, Milano, MI",Moscova District Market,"Arriva l’esclusiva vendita natalizia ""Secret Room"" by Yoox",https://www.milanotoday.it/eventi/vendita-natalizia-secret-room-yoox.html,Mercati e shopping,"7a, Via Alessandro Volta, Brera, Municipio 1, Milano, Lombardia, 20121, Italia",45.4794117,9.1836722,8
Concerti,22-12-21,2021-12-22,"Via Giovanni Bellezza, 16a, Milano, MI",Arci Bellezza,I Matrioska in uno speciale concerto di Natale a Milano. Orari e biglietti,https://www.milanotoday.it/eventi/concerto-natale-matrioska-orari-biglietti.html,Musica e vita notturna,"16a, Via Giovanni Bellezza, Vigentina, Municipio 5, Milano, Lombardia, 20136, Italia",45.4486728,9.1948474,8
Spettacoli,22-12-21,2021-12-22,"Largo Antonio Greppi,20121, Milano, MI,Italia",Piccolo Teatro - Teatro Strehler,Lo Schiaccianoci,https://www.teatro.it/spettacoli/milano/piccolo-teatro-teatro-strehler/2021-2022/lo-schiaccianoci,Teatro e spettacolo,"Largo Antonio Greppi, Cerchia dei Navigli, Municipio 1, Milano, Lombardia, 20121, Italia",45.471727,9.1826196,8
Concerti,22-12-21,2021-12-22,"Via Clerici, 10, Milano, MI",Circolo Filologico Milanese,Concerto natalizio con le voci liriche,https://www.milanotoday.it/eventi/concerto-natalizio-voci-liriche.html,Musica e vita notturna,"10, Via Clerici, Brera, Municipio 1, Milano, Lombardia, 20121, Italia",45.4672554,9.1870791,8
Concerti,22-12-21,2021-12-22,"Ripa di Porta Ticinese, 83, Milano, MI",Combo,John Talabot al Combo di Milano mercoledì 22 dicembre 2021,https://www.milanotoday.it/eventi/road-to-island-combo-22-dicembre-2021.html,Musica e vita notturna,"83, Ripa di Porta Ticinese, Navigli, Municipio 6, Milano, Lombardia, 20143, Italia",45.4497471,9.1668745,6
,22-12-21,2021-12-22,"Piazzale Damiano Chiesa, 7, Milano, MI",Cinema Orizzonte,"Spettacolo gratuito per bambini ""in viaggio con giuseppina dall'Italia alla Cina""",https://www.milanotoday.it/eventi/spettacolo-gratuito-2021.html,Non classificato,"Piazzale Damiano Chiesa, Portello, Municipio 8 di Milano, Milano, Lombardia, 20155, Italia",45.4843436,9.1554447,2
Teatri,09-01-22,2021-12-22,"Via Larga, 14, Milano, MI",TEATRO LIRICO GIORGIO GABER,"""Comincium"" di Ale & Franz al Teatro Lirico Gaber",https://www.milanotoday.it/eventi/spettacolo-comincium-ale-franz-teatro-lirico-gaber.html,Teatro e spettacolo,"Teatro Lirico Giorgio Gaber, 14, Via Larga, Cerchia dei Navigli, Municipio 1, Milano, Lombardia, 20122, Italia",45.4615135,9.1918702,8
Teatri,09-01-22,2021-12-22,"Via Larga, 14, Milano, MI",TEATRO LIRICO GIORGIO GABER,"""Comincium"" di Ale & Franz al Teatro Lirico Gaber",https://www.milanotoday.it/eventi/spettacolo-comincium-ale-franz-teatro-lirico-gaber.html,Teatro e spettacolo,"Teatro Lirico Giorgio Gaber, 14, Via Larga, Cerchia dei Navigli, Municipio 1, Milano, Lombardia, 20122, Italia",45.4615135,9.1918702,8
Spettacoli,23-12-21,2021-12-23,"Via Rovello 2,20121, Milano, MI,Italia",Piccolo Teatro - Teatro Grassi,Arsenico e vecchi merletti,https://www.teatro.it/spettacoli/milano/piccolo-teatro-teatro-grassi/2021-2022/arsenico-e-vecchi-merletti,Teatro e spettacolo,"2, Via Rovello, Brera, Milano, Lombardia, 20121, Italia",45.4665188,9.1847651,8
Concerti,23-12-21,2021-12-23,"Piazza Tre Torri, Milano, MI",CityLife,"Natale 2021, il coro dei Piccoli Cantori di Milano in un concerto a CityLife",https://www.milanotoday.it/eventi/concerto-coro-piccoli-cantori-milano-natale-citylife.html,Musica e vita notturna,"Piazza Tre Torri, Tre Torri, Municipio 8 di Milano, Milano, Lombardia, 20149, Italia",45.4783108,9.1570584,2
Spettacoli,23-12-21,2021-12-23,"via Pier Lombardo,14,20135, Milano, MI,Italia",Franco Parenti - Sala Grande,Il delitto di via dell'Orsina,https://www.teatro.it/spettacoli/milano/franco-parenti-sala-grande/2021-2022/il-delitto-di-via-dellorsina-laffaire-de-la-rue-de-lourcine,Teatro e spettacolo,"Via Pier Lombardo, Porta Romana, Municipio 4, Milano, Lombardia, 20135, Italia",45.4542958,9.2063109,0
Spettacoli,23-12-21,2021-12-23,"Via Rivoli 6,20121, Milano, MI,Italia",Piccolo Teatro - Studio Melato,Doppio sogno,https://www.teatro.it/spettacoli/milano/piccolo-teatro-studio-melato/2021-2022/doppio-sogno,Teatro e spettacolo,"6, Via Rivoli, Brera, Municipio 1, Milano, Lombardia, 20121, Italia",45.4726093,9.182881,8
Concerti,25-12-21,2021-12-25,"Via Federico Confalonieri, 14, Milano, MI",Casa della Memoria,Il Natale si festeggia a casa della memoria con il piano di Alessandro Commellato e la voce di Valeria Ferrario,https://www.milanotoday.it/eventi/valeria-alessandro-2021.html,Musica e vita notturna,"14, Via Federico Confalonieri, Isola, Municipio 9, Milano, Lombardia, 20124, Italia",45.4865703,9.1912614,8
Cinema,15-01-22,2021-12-26,"Viale Fulvio Testi, 121, Milano, MI",Cineteca Milano MIC,I migliori film di Wes Anderson alla Cineteca di Milano,https://www.milanotoday.it/eventi/proiezione-film-wes-anderson-cineteca-milano.html,Arte e cultura,"Museo Interattivo del Cinema, 121, Viale Fulvio Testi, Niguarda - Cà Granda, Municipio 9, Milano, Lombardia, 20126, Italia",45.5135671,9.2040168,4
Manifestazioni,06-01-22,2021-12-26,"Via San Vittore, 21, Milano, MI",Museo Nazionale della Scienza e della Tecnologia,"Natale 2021, al Museo della Scienza un programma ricco di attività",https://www.milanotoday.it/eventi/natale-2021-attivita-bambini-museo-scienza.html,Altri eventi,"21, Via San Vittore, Magenta - San Vittore, Municipio 1, Milano, Lombardia, 20123, Italia",45.4628946,9.1706462,8
Manifestazioni,06-01-22,2021-12-26,"Via San Vittore, 21, Milano, MI",Museo Nazionale della Scienza e della Tecnologia,"Natale 2021, al Museo della Scienza un programma ricco di attività",https://www.milanotoday.it/eventi/natale-2021-attivita-bambini-museo-scienza.html,Altri eventi,"21, Via San Vittore, Magenta - San Vittore, Municipio 1, Milano, Lombardia, 20123, Italia",45.4628946,9.1706462,8
Cinema,15-01-22,2021-12-26,"Viale Fulvio Testi, 121, Milano, MI",Cineteca Milano MIC,I migliori film di Wes Anderson alla Cineteca di Milano,https://www.milanotoday.it/eventi/proiezione-film-wes-anderson-cineteca-milano.html,Arte e cultura,"Museo Interattivo del Cinema, 121, Viale Fulvio Testi, Niguarda - Cà Granda, Municipio 9, Milano, Lombardia, 20126, Italia",45.5135671,9.2040168,4
Teatri,09-01-22,2021-12-28,"Via Rovello, 2, Milano, MI",Piccolo Teatro Grassi,"Al Piccolo Teatro Grassi arriva Pinocchio, uno spettacolo per bambini",https://www.milanotoday.it/eventi/spettacolo-pinocchio-piccolo-teatro-grassi.html,Teatro e spettacolo,"2, Via Rovello, Brera, Milano, Lombardia, 20121, Italia",45.4665188,9.1847651,8
Teatri,29-12-21,2021-12-28,"Via Rivoli, 6, Milano, MI",Piccolo Teatro Studio Melato,"""Storie"", due repliche speciali di Stefano Massini e Paolo Jannacci",https://www.milanotoday.it/eventi/repliche-spettacolo-storie-piccolo-teatro.html,Teatro e spettacolo,"6, Via Rivoli, Brera, Municipio 1, Milano, Lombardia, 20121, Italia",45.4726093,9.182881,8
Teatri,28-12-21,2021-12-28,"Via Federico Confalonieri, 12, Milano, MI",Casa della Memoria,Il bradipo e la carpa alla casa della memoria,https://www.milanotoday.it/eventi/bradipo-e-la-carpa-casa-memoria.html,Teatro e spettacolo,"12, Via Federico Confalonieri, Villa Fornaci, Bellinzago Lombardo, Milano, Lombardia, 20060, Italia",45.5404268,9.4474268,3
Teatri,09-01-22,2021-12-28,"Viale dell'Innovazione, Milano, MI",Teatro degli Arcimboldi,"Al Teatro Arcimboldi il musical ""Ghost"" è una promessa d'amore",https://www.milanotoday.it/eventi/spettacolo-ghost-teatro-arcimboldi.html,Teatro e spettacolo,"Viale dell'Innovazione, Bicocca, Municipio 9, Milano, Lombardia, 20126, Italia",45.5163468,9.2131669,4
Teatri,09-01-22,2021-12-28,"Via Rovello, 2, Milano, MI",Piccolo Teatro Grassi,"Al Piccolo Teatro Grassi arriva Pinocchio, uno spettacolo per bambini",https://www.milanotoday.it/eventi/spettacolo-pinocchio-piccolo-teatro-grassi.html,Teatro e spettacolo,"2, Via Rovello, Brera, Milano, Lombardia, 20121, Italia",45.4665188,9.1847651,8
Teatri,09-01-22,2021-12-28,"Viale dell'Innovazione, Milano, MI",Teatro degli Arcimboldi,"Al Teatro Arcimboldi il musical ""Ghost"" è una promessa d'amore",https://www.milanotoday.it/eventi/spettacolo-ghost-teatro-arcimboldi.html,Teatro e spettacolo,"Viale dell'Innovazione, Bicocca, Municipio 9, Milano, Lombardia, 20126, Italia",45.5163468,9.2131669,4
Concerti,02-01-22,2021-12-29,"Largo Gustav Mahler, Milano, MI",Auditorium di Milano,A Natale e Capodanno un concerto speciale de laVerdi all'Auditorium,https://www.milanotoday.it/eventi/concerto-natale-capodanno-orchestra-laverdi.html,Musica e vita notturna,"Largo Gustav Mahler, Ticinese, Municipio 5, Milano, Lombardia, 20136, Italia",45.4464478,9.1792601,6
Concerti,02-01-22,2021-12-29,"Largo Gustav Mahler, Milano, MI",Auditorium di Milano,A Natale e Capodanno un concerto speciale de laVerdi all'Auditorium,https://www.milanotoday.it/eventi/concerto-natale-capodanno-orchestra-laverdi.html,Musica e vita notturna,"Largo Gustav Mahler, Ticinese, Municipio 5, Milano, Lombardia, 20136, Italia",45.4464478,9.1792601,6
Concerti,31-12-21,2021-12-29,"Corso di Porta Romana, 63, Milano, MI",Teatro Carcano,"San Silvestro Black & Blues, al Teatro Carcano un Capodanno speciale",https://www.milanotoday.it/eventi/san-silvestro-black-blues-teatro-carcano.html,Musica e vita notturna,"Teatro Carcano, 63, Corso di Porta Romana, Crocetta, Municipio 1, Milano, Lombardia, 20121, Italia",45.4566842,9.1955297,8
Spettacoli,29-12-21,2021-12-29,"Via Rivoli 6,20121, Milano, MI,Italia",Piccolo Teatro - Studio Melato,Storie - Stefano Massini,https://www.teatro.it/spettacoli/milano/piccolo-teatro-studio-melato/2021-2022/storie,Teatro e spettacolo,"6, Via Rivoli, Brera, Municipio 1, Milano, Lombardia, 20121, Italia",45.4726093,9.182881,8
Spettacoli,29-12-21,2021-12-29,"Via Filodrammatici 2,20121, Milano, MI,Italia",Teatro Alla Scala,Macbeth,https://www.teatro.it/spettacoli/milano/teatro-alla-scala/2021-2022/macbeth,Teatro e spettacolo,"2, Via Filodrammatici, Brera, Milano, Lombardia, 20121, Italia",45.4673781,9.188701,8
Teatri,23-01-22,2021-12-30,"Via Pier Lombardo, 14, Milano, MI",Teatro Franco Parenti,Filippo Timi è Mrs. Fairytale al Teatro Franco Parenti - prorogato,https://www.milanotoday.it/eventi/fairytale-parenti-timi-spettacoli.html,Teatro e spettacolo,"Via Pier Lombardo, Porta Romana, Municipio 4, Milano, Lombardia, 20135, Italia",45.4542958,9.2063109,0
Iniziative Digitali,30-09-22,2021-12-30,"via Brera, 28, Milano, MI",Pinacoteca di Brera - Biblioteca Nazionale Braidense di Milano,Great men,,Eventi digitali,"Pinacoteca di Brera, 28, Via Brera, Cerchia dei Navigli, Municipio 1, Milano, Lombardia, 20121, Italia",45.4722421,9.1884071,8
Teatri,23-01-22,2021-12-30,"Via Pier Lombardo, 14, Milano, MI",Teatro Franco Parenti,Filippo Timi è Mrs. Fairytale al Teatro Franco Parenti - prorogato,https://www.milanotoday.it/eventi/fairytale-parenti-timi-spettacoli.html,Teatro e spettacolo,"Via Pier Lombardo, Porta Romana, Municipio 4, Milano, Lombardia, 20135, Italia",45.4542958,9.2063109,0
Disco&Feste,31-12-21,2021-12-31,"Via Pietro Borsieri, 37, Milano, MI",Blue Note,"Capodanno 2022, una serata speciale al Blue Note a ritmo di swing",https://www.milanotoday.it/eventi/capodanno-2022-festa-blue-note-concerto-swing.html,Musica e vita notturna,"Blue Note, 37, Via Pietro Borsieri, Isola, Municipio 9, Milano, Lombardia, 20159, Italia",45.4895296,9.1888504,2
Spettacoli,31-12-21,2021-12-31,"C.so Matteotti,20,20121, Milano, MI,Italia",Nuovo,Caveman,https://www.teatro.it/spettacoli/milano/nuovo/2021-2022/maurizio-colombi-caveman,Teatro e spettacolo,"20, Corso Giacomo Matteotti, Duomo, Municipio 1, Milano, Lombardia, 20121, Italia",45.4667336,9.1967703,8
Disco&Feste,31-12-21,2021-12-31,"Via Vincenzo Toffetti, 25, Milano, MI",Distretto Industriale 4,"Capodanno, una nuova festa per salutare il 2021 e ballare tutta la notte",https://www.milanotoday.it/eventi/festa-capodanno-le-cannibale.html,Musica e vita notturna,"25, Via Vincenzo Toffetti, Lodi - Corvetto, Municipio 4, Milano, Lombardia, 20139, Italia",45.439683,9.2336358,0
Spettacoli,31-12-21,2021-12-31,"Corso Buenos Aires 33,20124, Milano, MI,Italia",Elfo Puccini - sala Shakespeare,Miracoli metropolitani - Carrozzeria Orfeo,https://www.teatro.it/spettacoli/milano/elfo-puccini-sala-shakespeare/2021-2022/miracoli-metropolitani,Teatro e spettacolo,"Teatro Elfo Puccini, 33, Corso Buenos Aires, Buenos Aires - Venezia, Municipio 3, Milano, Lombardia, 20124, Italia",45.4794317,9.2098387,0
Spettacoli,31-12-21,2021-12-31,"Via G. di Vittorio 6,20090, Assago, MI,Italia",Repower,TILT,https://www.teatro.it/spettacoli/assago/repower/2021-2022/le-cirque-tilt,Teatro e spettacolo,"20090, Italy",45.407,9.1083,9
Spettacoli,31-12-21,2021-12-31,"Piazza S. Magno,20025, Legnano, MI,Italia",Galleria,Massimo Lopez e Tullio Solenghi Show,https://www.teatro.it/spettacoli/legnano/galleria/2021-2022/massimo-lopez-e-tullio-solenghi-show,Teatro e spettacolo,"Piazza San Magno, San Magno, Oltresempione, Legnano, Milano, Lombardia, 20025, Italia",45.5945288,8.9180098,5
Disco&Feste,31-12-21,2021-12-31,"Via Bovisasca, 59, Milano, MI",Spirit de Milan,"La notte di San Silvestro allo Spirit de Milan con cena, balli e musica dal vivo",https://www.milanotoday.it/eventi/festa-capodanno-2021-spirit-de-milan.html,Musica e vita notturna,"Spirit de Milan, 59, Via Bovisasca, Bovisa, Municipio 9, Milano, Lombardia, 20157, Italia",45.5067143,9.1584748,2
Spettacoli,31-12-21,2021-12-31,"v. S. Giovanni XXIII 5,20090, Opera, MI,Italia",Eduardo,Cocktail per tre (Caprichos),https://www.teatro.it/spettacoli/opera/eduardo/2021-2022/cocktail-per-tre-caprichos,Teatro e spettacolo,"20090, Italy",45.407,9.1083,9
Iniziative Digitali,30-01-21,2021-01-16,"Corso Magenta, 24 (Palazzo Arese Litta), Milano, MI, Italia",Direzione regionale Musei nazionali Lombardia,Musei del Garda: Abbonarsi conviene! – iniziative di gennaio 2021,,Eventi digitali,"Corso Magenta, 24, 20121 Milano MI, Italy",45.4658994,9.178299,8
Iniziative Digitali,27-03-21,2021-03-13,"Corso Magenta, 24 (Palazzo Arese Litta), Milano, MI, Italia",Direzione regionale Musei nazionali Lombardia,Musei del Garda: Abbonarsi conviene! – iniziative di marzo 2021,,Eventi digitali,"Corso Magenta, 24, 20121 Milano MI, Italy",45.4658994,9.178299,8
Mostra,25-03-21,2021-03-25,"Via Contessa L.Castelbarco, 1, Milano, MI, Italia",Palazzo Comunale,Le cartoline di Dante,,Arte e cultura,"Via Gian Carlo Castelbarco, 1, 20136 Milano MI, Italy",45.4494938,9.1857408,8
Iniziative Digitali,25-03-21,2021-03-25,"Corso Cavour, 82, Milano, MI, Italia",Biblioteca Civica Mastronardi,"Dante e Beatrice, persone dell'anno",,Eventi digitali,"Via Cavour, 82, 20026 Milano MI, Italy",45.5334568,9.1557375,2
Iniziative Digitali,24-04-21,2021-04-10,"Corso Magenta, 24 (Palazzo Arese Litta), Milano, MI, Italia",Direzione regionale Musei nazionali Lombardia,Musei del Garda: Abbonarsi conviene! – iniziative di aprile 2021,,Eventi digitali,"Corso Magenta, 24, 20121 Milano MI, Italy",45.4658994,9.178299,8
Mostre,16-07-21,2021-04-19,"Via G. Leopardi, 32, Milano, MI, Italia",Galleria Viasaterna,"Neon, installazioni e suoni: la nuova mostra dedicata al misterioso Club30",https://www.milanotoday.it/eventi/mostra-kings-galleria-viasaterna-club30.html,Arte e cultura,"Via G. Leopardi, 32, 20123 Milano MI, Italy",45.4701805,9.1723845,2
Iniziative Digitali,22-05-21,2021-05-08,"Corso Magenta, 24 (Palazzo Arese Litta), Milano, MI, Italia",Direzione regionale Musei nazionali Lombardia,Musei del Garda: Abbonarsi conviene! – iniziative di maggio 2021,,Eventi digitali,"Corso Magenta, 24, 20121 Milano MI, Italy",45.4658994,9.178299,8
Manifestazioni,05-09-21,2021-05-28,"Via G. M.Lampugnani, 62, Milano, MI, Italia","Parco Tittoni, via Lampugnani 66, Desio (MB)","Il Parco Tittoni torna a vivere con tre mesi di concerti, spettacoli dal vivo ed eventi speciali",https://www.milanotoday.it/eventi/festival-parco-tittoni-2021-programma.html,Altri eventi,"Via G. M.Lampugnani, 62, 20832 Desio MB, Italy",45.617374,9.2150855,4
Incontri,16-06-21,2021-06-16,"Via Privata Cuccagna, 2, Milano, MI, Italia",Cascina Cuccagna,"Presentazione del libro ""Milano a tratti"" di Emmanuel Conte",https://www.milanotoday.it/eventi/milano-tratti.html,Formazione e networking,"Via Privata Cuccagna, 2, 20135 Milano MI, Italy",45.4512106,9.2116309,0
Incontri,29-06-21,2021-06-18,"Piazza Donne Partigiane, Milano, MI, Italia",Teatro Edi Barrio's,Call festival risveglio di periferia,https://www.milanotoday.it/eventi/call-festival-risveglio-di-periferia-2021.html,Formazione e networking,"Piazzale Donne Partigiane, 20142 Milano MI, Italy",45.43231189999999,9.1495665,6
Manifestazioni,27-06-21,2021-06-21,"Via Privata Cuccagna, 2, Milano, MI, Italia",Cascina Cuccagna,Orbite sonore - Musica spaziale in Cascina Cuccagna,https://www.milanotoday.it/eventi/orbite-sonore-musica-spaziale-2021.html,Altri eventi,"Via Privata Cuccagna, 2, 20135 Milano MI, Italy",45.4512106,9.2116309,0
Mostre,25-06-21,2021-06-25,"Via Brera, 13,15, Milano, MI, Italia",Palazzo Cusani,"/Tra·me·stì·o/  il 25 giugno 18,30  Palazzo Cusani",https://www.milanotoday.it/eventi/tra-me-sti-o-il-25-giugno-2021.html,Arte e cultura,"Palazzo Cusani, Via Brera, 13/15, 20121 Milano MI, Italy",45.4709351,9.1875641,8
Concerto,03-07-21,2021-07-03,"Via G. Verdi, 55, Milano, MI, Italia",Teatro Comunale di Erbusco,Tutte quelle vive Luci,,Musica e vita notturna,"Via G. Verdi, 55, 20049 Settala MI, Italy",45.4533116,9.3823025,3
Cibo e Vino,04-07-21,2021-07-04,"Via F. Turati, 111, Milano, MI, Italia",Hamerica's,Il ristorante milanese che regala birra a tutti per l'Independence Day,https://www.milanotoday.it/eventi/birra-gratis-ristorante-cerro-maggiore-hamericas.html,Enogastronomia,"Via F. Turati, 111, 20023 Cerro Maggiore MI, Italy",45.6000235,8.9441427,5
Mostra,30-07-21,2021-07-29,"Corso Magenta (Palazzo Litta), Milano, MI, Italia","Soprintendenza Archeologia, Belle Arti e Paesaggio per la città metropolitana di Milano",Fascino senza tempo  La bellezza femminile nei secoli,,Arte e cultura,"Corso Magenta, 24, 20121 Milano MI, Italy",45.4658994,9.178299,8
Incontro/presentazione,03-08-21,2021-08-03,"piazza Leon Battista Alberti, Milano, MI, Italia",piazza Leon Battista Alberti,Festivaletteratura  presenta il catalogo con il programma della 25ª edizione,,Formazione e networking,"Via Leon Battista Alberti, 20149 Milano MI, Italy",45.4834547,9.1572862,2
evento solo on site,03-09-21,2021-09-03,"Via Forcello, 3, Milano, MI, Italia",Parco Archeologico del Forcello,"Una storia, tante storie",,Altri eventi,"Via Vincenzo Forcella, 3, 20144 Milano MI, Italy",45.4531483,9.1676548,6
Concerto,04-09-21,2021-09-04,"Via ai Ronchi, 75, Milano, MI, Italia",Centro Didattico Scientifico - Osservatorio astronomico,"""Tutte quelle vive Luci"" Fabius Constable & Celtic Harp Orchestra",,Musica e vita notturna,"Via Ronchi, 75, 20134 Milano MI, Italy",45.4904822,9.236705900000002,7
Incontri,10-09-21,2021-09-10,"Via Privata Giuseppe La Masa, 1, Milano, MI, Italia",Politecnico di Milano - Campus Bovisa,Issthefrog: e-dancity performance di danza contemporanea e musica elettronica,https://www.milanotoday.it/eventi/kissthefrog-e-dancity.html,Formazione e networking,"Via Privata Giuseppe La Masa, 1, 20156 Milano MI, Italy",45.50117789999999,9.158358,2
Mostre,09-10-21,2021-09-13,"Stazione Lancetti del Passante ferroviario, Milano, MI, Italia",spazioSERRA,Materiaprima,https://www.milanotoday.it/eventi/materiaprima-alice-mestriner-2021.html,Arte e cultura,"Milano Lancetti, 20158 Milano MI, Italy",45.494903,9.1763787,2
Incontri,19-09-21,2021-09-19,"Piazza Edmond J. Safra, Milano, MI, Italia",Memoriale della Shoah,City Angels e comunità ebraica: raccolta beni per l'Afghanistan domenica 19 settembre,https://www.milanotoday.it/eventi/raccolta-beni-vestiti-afghanistan.html,Formazione e networking,"Piazza Edmond Jacob Safra, 20125 Milano MI, Italy",45.4880565,9.2081903,0
evento solo on site,25-09-21,2021-09-25,"Via Isernia 5, Milano, MI, Italia",QT8 e Monte Stella,Una montagna in giardino. Cerco CASVA al Monte Stella,,Altri eventi,"Via Isernia, 5, 20148 Milano MI, Italy",45.4871789,9.1368493,2
evento solo on site,25-09-21,2021-09-25,"Via Miniera, Milano, MI, Italia",Miniera Marzoli,Miniera Marzoli: un viaggio nel cuore della terra,,Altri eventi,"Viale Carlo Troya, 20144 Milano MI, Italy",45.4514368,9.1550999,6
Mostra,26-09-21,2021-09-25,"Piazza Zanardelli, Milano, MI, Italia",Museo della città,La magia del colore nel libro antico,,Arte e cultura,"Via Giuseppe Zanardelli, Milano MI, Italy",45.4633374,9.2066689,0
evento solo on site,26-09-21,2021-09-25,"Largo Alfredo Campanini 2, Milano, MI, Italia",Museo Villa Bernasconi,Visite in Villa,,Altri eventi,"Via Alfredo Campanini, 2, 20124 Milano MI, Italy",45.4855421,9.19766,8
evento solo on site,26-09-21,2021-09-25,"via Fantasina, 8, Milano, MI, Italia",Casa Museo della Fondazione Paolo e Carolina Zani per l’arte e la cultura,Una tavolozza di colori. Tra natura e artificio,,Altri eventi,"Zone 8 of Milan, Milan, Metropolitan City of Milan, Italy",45.5036158,9.121978,9
evento solo on site,25-09-21,2021-09-25,"Largo Alfredo Campanini 2, Milano, MI, Italia",Museo Villa Bernasconi,CACCIA AL TESORO BOTANICA AL MUSEO  per un’esperienza senza barriere,,Altri eventi,"Via Alfredo Campanini, 2, 20124 Milano MI, Italy",45.4855421,9.19766,8
evento solo on site,26-09-21,2021-09-25,"Via Valle delle Cartiere, Milano, MI, Italia",Museo della Carta di Toscolano Maderno,Carta per tutti!,,Altri eventi,"Via Remo la Valle, 20147 Milano MI, Italy",45.445874,9.127388,9
evento solo on site,26-09-21,2021-09-25,"Piazza Loggia 11/f, Milano, MI, Italia",Spazio AREF,Brescia longobarda,,Altri eventi,"Piazza Italia, 20091 Bresso MI, Italy",45.5325217,9.1955933,4
evento integrato (on-line e on site),25-09-21,2021-09-25,"Parco Comunale Colle San Bernardo, Milano, MI, Italia",Parco Comunale Colle San Bernardo,Una finestra sul cielo,,Eventi digitali,"P.za Pietro Gasparri, 11, 20161 Milano MI, Italy",45.52656469999999,9.1611721,2
Webinar,25-09-21,2021-09-25,"Corso Magenta (Palazzo Litta), Milano, MI, Italia","Soprintendenza Archeologia, Belle Arti e Paesaggio per la città metropolitana di Milano",PAN Parco Amphitheatrum naturae. Alla scoperta dei più recenti ritrovamenti dell’Anfiteatro romano di Milano,,Eventi digitali,"Corso Magenta, 24, 20121 Milano MI, Italy",45.4658994,9.178299,8
evento solo on site,26-09-21,2021-09-25,"Via Disciplina, 60, Milano, MI, Italia",Fondazione PInAC,PInAC nel fine settimana,,Altri eventi,"Via Legnone, 20158 Milano MI, Italy",45.4983223,9.1815418,2
evento solo on site,25-09-21,2021-09-25,"Via Musei, 81/B, Milano, MI, Italia",Museo di Santa Giulia,Il filo di Arianna,,Altri eventi,"Milan, Metropolitan City of Milan, Italy",45.468503,9.1824027,8
evento solo on site,26-09-21,2021-09-25,"via Dosso snc, Milano, MI, Italia",Parco Ittico Paradiso,Passeggiata rigenerante nell'acqua,,Altri eventi,"Via Caradosso, 18, 20123 Milano MI, Italy",45.4672804,9.1730432,8
evento solo on-line,26-09-21,2021-09-25,"via Musei, 55, Milano, MI, Italia",Fondazione Brescia Musei,Alla scoperta dei Longobardi on line!,,Eventi digitali,"Via Piero della Francesca, 55, 20154 Milano MI, Italy",45.48581189999999,9.1604516,2
evento solo on site,26-09-21,2021-09-25,"Via Musei, 81/B, Milano, MI, Italia",Museo di Santa Giulia,La tecnologia rende l'arte un vero patrimonio comune,,Altri eventi,"Milan, Metropolitan City of Milan, Italy",45.468503,9.1824027,8
evento solo on site,26-09-21,2021-09-26,"via A. Botturi 3, Milano, MI, Italia",MAST Castel Goffredo – museo della Città,Mappamondo,,Altri eventi,"Milan, Metropolitan City of Milan, Italy",45.468503,9.1824027,8
evento solo on site,26-09-21,2021-09-26,"piazza XX settembre, 22, Milano, MI, Italia",Palazzo delle Paure. Museo di arte contemporanea,OPERAZIONE MOSTRO. Ubu e i mostri danzanti,,Altri eventi,"Via Venti Settembre, 22, 20123 Milano MI, Italy",45.4682,9.167,2
evento solo on site,26-09-21,2021-09-26,"Via Bonata, Milano, MI, Italia",Torre di San Martino della Battaglia,"La torre di San Martino e il casale tra storia, arte e sentori di vini",,Altri eventi,"Viale Monza, 311, 20126 Milano MI, Italy",45.5170545,9.2258109,4
evento solo on site,26-09-21,2021-09-26,"Corso Manzoni 18, Milano, MI, Italia","Crespi d’Adda, sito Unesco",Memorie dal futuro a Crespi d’Adda,,Altri eventi,"Via Alessandro Manzoni, 18, 20121 Milano MI, Italy",45.4698897,9.1927978,8
Mostra,24-10-21,2021-10-08,"via Allegreni, 37, Milano, MI, Italia",Sale espositive del Filandone di Martinengo,Il Viaggio – Dalì incontra Dante,,Arte e cultura,"Milan, Metropolitan City of Milan, Italy",45.468503,9.1824027,8
Incontri,10-10-21,2021-10-09,"In tutta la città, Milano, MI, Italia",milano,Urban Nature: scopri la natura urbana di Milano con eventi gratuiti insieme a WWF,https://www.milanotoday.it/eventi/urban-nature-milano-con-eventi-gratuiti.html,Formazione e networking,"Milan, Metropolitan City of Milan, Italy",45.468503,9.1824027,8
Teatri,23-10-21,2021-10-22,Stazione del Passante Ferroviario di Milano Porta Vittoria,Spazio quarta parete,Nani e giganti: lo spettacolo allo spazio Quarta Parete di Milano,https://www.milanotoday.it/eventi/nani-giganti-spettacolo.html,Teatro e spettacolo,"Milano Porta Vittoria, 20137 Milano MI, Italy",45.4598929,9.2235503,0
,09-11-21,2021-11-09,"Via Privata Giuseppe La Masa 34, Milano, MI, Italia",Politecnico di Milano - Campus Bovisa,L'incontro con Giovanni Caprara al Poli,https://www.milanotoday.it/eventi/giovanni-caprara-polimi.html,Non classificato,"Via Privata Giuseppe La Masa, 34, 20156 Milano MI, Italy",45.5013207,9.1535162,2
Teatri,10-11-21,2021-11-10,"Via C. Battisti, 14, Milano, MI, Italia",Auditorium Don Bosco,Il giadino delle rose,https://www.milanotoday.it/eventi/il-giadino-delle-rose-teatrogost-2021.html,Teatro e spettacolo,"Via Cesare Battisti, 14, 20097 San Donato Milanese MI, Italy",45.4184053,9.2634165,7
,14-11-21,2021-11-12,"Viale Esposizioni, Milano, MI, Italia",Parco Esposizioni Novegro,"Milano Scultura | 12-14 novembre, torna la fiera dedicata alla scultura",https://www.milanotoday.it/eventi/milano-scultura-12-14-novembre.html,Non classificato,"V.le Esposizioni, 20054 Novegro-Tregarezzo MI, Italy",45.4700106,9.2749062,7
Manifestazioni,14-11-21,2021-11-12,"SS33 del Sempione, 28, Milano, MI, Italia",Rho Fiera Milano,"Cartoomics e Milano Games Week, a Milano videogiochi e cultura pop",https://www.milanotoday.it/eventi/milano-games-week-fiera-videogiochi-rho.html,Altri eventi,"SS33 del Sempione, 28, 20015 Parabiago MI, Italy",45.5673543,8.9627254,5
evento solo on site,27-11-21,2021-11-13,"Corso Magenta, 24 (Palazzo Arese Litta), Milano, MI, Italia",Direzione regionale Musei nazionali Lombardia,Musei del Garda: Abbonarsi conviene! - Novembre 2021,,Altri eventi,"Corso Magenta, 24, 20121 Milano MI, Italy",45.4658994,9.178299,8
Manifestazioni,20-11-21,2021-11-20,"Piazza Donne Partigiane, Milano, MI, Italia",Teatro EDI Barrio's,"Donne nel mondo della musica, passato e presente",https://www.milanotoday.it/eventi/donne-nel-mondo-2021.html,Altri eventi,"Piazzale Donne Partigiane, 20142 Milano MI, Italy",45.43231189999999,9.1495665,6
evento solo on site,18-12-21,2021-12-04,"Corso Magenta, 24 (Palazzo Arese Litta), Milano, MI, Italia",Direzione regionale Musei nazionali Lombardia,Musei del Garda: Abbonarsi conviene! - Dicembre 2021,,Altri eventi,"Corso Magenta, 24, 20121 Milano MI, Italy",45.4658994,9.178299,8
Mercatini,12-12-21,2021-12-10,"Viale della Fonte Lunga, Milano, MI, Italia",CvG Gold,Torna il Mercato della solidarietà di Exodus,https://www.milanotoday.it/eventi/mercatino-exodus-2021.html,Mercati e shopping,"Viale della Fonte Lunga, 20057 Milano MI, Italy",45.4061319,9.1503593,6
