categoria,data_fine,data_inizio,indirizzo,luogo,titolo,url,macro_categoria,geocoded_address,lat,long
Altro,31-12-20,2020-01-01,"via Brera, 28, Milano, MI",Pinacoteca di Brera,I capolavori di Brera,,Altri eventi,"Istituto Nazionale di Astrofisica – Osservatorio astronomico di Brera, 28, Via Brera, Cerchia dei Navigli, Municipio 1, Milano, Lombardia, 20121, Italia",45.4715946,9.1889707
Mercatini,31-12-20,2020-01-01,"Via Alberto Falck, 1, Milano, MI",Mercatino Vintage Sesto,Mercatino vintage Sesto,https://www.milanotoday.it/eventi/mercatino-vintage-sesto-2020.html,Mercati e shopping,"Via Alberto Falck, Parpagliona, Cassina de' Gatti, Sesto San Giovanni, Zona Omogenea Milano Nord, Milano, Lombardia, 20099, Italia",45.5362555,9.2470549
Spettacoli,01-01-20,2020-01-01,"Via Alessandro Manzoni 42,20121, Milano, MI,Italia",Manzoni,Romeo e Giulietta - Nati sotto contraria stella,https://www.teatro.it/spettacoli/milano/manzoni/2019-2020/romeo-e-giulietta-nati-sotto-contraria-stella,Teatro e spettacolo,"Teatro Manzoni, 42, Via Alessandro Manzoni, Cerchia dei Navigli, Municipio 1, Milano, Lombardia, 20121, Italia",45.4710286,9.1944762
Teatri,06-01-20,2020-01-02,"Via Alessandro Manzoni, 42, Milano, MI",Teatro Manzoni,A Milano arriva il festival della magia con Raul Cremona,https://www.milanotoday.it/eventi/festival-magia-raul-cremona.html,Teatro e spettacolo,"Teatro Manzoni, 42, Via Alessandro Manzoni, Cerchia dei Navigli, Municipio 1, Milano, Lombardia, 20121, Italia",45.4710286,9.1944762
Cibo e Vino,04-01-20,2020-01-03,"Via Rovigno, 14, Milano, MI",Bocciofila Martesana,"Una sagra milanese imperdibile a base di cotoletta, polenta e ossobuco",https://www.milanotoday.it/eventi/sagra-milanese-bocciofila.html,Enogastronomia,"14, Via Rovigno, Padova, Municipio 2, Milano, Lombardia, 20125, Italia",45.5030298,9.2197702
Incontri,14-02-20,2020-01-05,"Via San Sisto, 4, Milano, MI",Studio Museo Francesco Messina,"Continua ""con straordinario trasporto""",https://www.milanotoday.it/eventi/continua-con-straordinario-trasporto-2019.html,Formazione e networking,"4, Via San Sisto, Cerchia dei Navigli, Municipio 1, Milano, Lombardia, 20123, Italia",45.4607942,9.1815957
Incontri,14-02-20,2020-01-05,"Via San Sisto, 4, Milano, MI",Studio Museo Francesco Messina,"Continua ""con straordinario trasporto""",https://www.milanotoday.it/eventi/continua-con-straordinario-trasporto.html,Formazione e networking,"4, Via San Sisto, Cerchia dei Navigli, Municipio 1, Milano, Lombardia, 20123, Italia",45.4607942,9.1815957
Spettacoli,05-01-20,2020-01-05,"via Pitteri 58,20134, Milano, MI,Italia",Martinitt,Storia d'amore in ascensore,https://www.teatro.it/spettacoli/milano/martinitt/2019-2020/elevati-e-lavati,Teatro e spettacolo,"Via Riccardo Pitteri, Lambrate, Municipio 3, Milano, Lombardia, 20134, Italia",45.4798362,9.2457864
Spettacoli,05-01-20,2020-01-05,"Via Rovello 2,20121, Milano, MI,Italia",Piccolo Teatro - Teatro Grassi,Dalla Terra alla Luna,https://www.teatro.it/spettacoli/milano/piccolo-teatro-teatro-grassi/2019-2020/dalla-terra-alla-luna,Teatro e spettacolo,"2, Via Rovello, Brera, Milano, Lombardia, 20121, Italia",45.4665188,9.1847651
Spettacoli,06-01-20,2020-01-06,"Corso di Porta Romana 63,20122, Milano, MI,Italia",Carcano,Eureka,https://www.teatro.it/spettacoli/milano/carcano/2019-2020/eureka,Teatro e spettacolo,"Teatro Carcano, 63, Corso di Porta Romana, Crocetta, Municipio 1, Milano, Lombardia, 20121, Italia",45.4566842,9.1955297
Cinema,06-01-20,2020-01-06,"Viale Fulvio Testi, 121, Milano, MI",MIC - Museo Interattivo del Cinema,Un'Epifania speciale al Museo Interattivo del Cinema con brindisi e lotteria,https://www.milanotoday.it/eventi/cinema-epifania-museo-interattivo-brindisi-lotteria.html,Arte e cultura,"Fondazione Cineteca Italiana, 121, Viale Fulvio Testi, Niguarda - Cà Granda, Municipio 9, Milano, Lombardia, 20126, Italia",45.5133792,9.2039096
Spettacoli,06-01-20,2020-01-06,"Corso Buenos Aires,33,20124, Milano, MI,Italia",Teatro Elfo Puccini - sala Fassbinder,Cinemalteatro Family,https://www.teatro.it/spettacoli/milano/teatro-elfo-puccini-sala-fassbinder/2019-2020/cinemalteatro-family,Teatro e spettacolo,"Teatro Elfo Puccini, 33, Corso Buenos Aires, Buenos Aires - Venezia, Municipio 3, Milano, Lombardia, 20124, Italia",45.4794317,9.2098387
Spettacoli,06-01-20,2020-01-06,"Corso Buenos Aires 33,20124, Milano, MI,Italia",Elfo Puccini - Sala Bausch,Cola degli Abissi,https://www.teatro.it/spettacoli/milano/elfo-puccini-sala-bausch/2019-2020/cola-degli-abissi,Teatro e spettacolo,"Teatro Elfo Puccini, 33, Corso Buenos Aires, Buenos Aires - Venezia, Municipio 3, Milano, Lombardia, 20124, Italia",45.4794317,9.2098387
Spettacoli,06-01-20,2020-01-06,"Via Alessandro Manzoni 42,20121, Milano, MI,Italia",Manzoni,Festival della Magia,https://www.teatro.it/spettacoli/milano/manzoni/2019-2020/festival-della-magia,Teatro e spettacolo,"Teatro Manzoni, 42, Via Alessandro Manzoni, Cerchia dei Navigli, Municipio 1, Milano, Lombardia, 20121, Italia",45.4710286,9.1944762
Spettacoli,06-01-20,2020-01-06,"via Pier Lombardo,14,20135, Milano, MI,Italia",Franco Parenti - Sala Grande,Garden Party,https://www.teatro.it/spettacoli/milano/franco-parenti-sala-grande/2019-2020/garden-party,Teatro e spettacolo,"Via Pier Lombardo, Porta Romana, Municipio 4, Milano, Lombardia, 20135, Italia",45.4542958,9.2063109
Cinema,18-01-20,2020-01-07,"Viale Fulvio Testi, 121, Milano, MI",MIC – Museo Interattivo del Cinema,"Alla scoperta del grande Federico Fellini, tra film e documentari",https://www.milanotoday.it/eventi/film-federico-fellini-mic.html,Arte e cultura,"Fondazione Cineteca Italiana, 121, Viale Fulvio Testi, Niguarda - Cà Granda, Municipio 9, Milano, Lombardia, 20126, Italia",45.5133792,9.2039096
Spettacoli,07-01-20,2020-01-07,"Viale dell'Innovazione 20,20126, Milano, MI,Italia",Arcimboldi,Roberto Bolle and Friends,https://www.teatro.it/spettacoli/milano/degli-arcimboldi/2019-2020/roberto-bolle-friends,Teatro e spettacolo,"20, Viale dell'Innovazione, Bicocca, Municipio 9, Milano, Lombardia, 20125, Italia",45.5148696,9.2135963
Teatri,07-01-20,2020-01-07,"Piazza San Babila, Milano, MI",Teatro Nuovo,"In scena al Teatro nuovo ""Russia eterna"" del russian national show gzhel",https://www.milanotoday.it/eventi/in-scena-al-teatro-nuovo-russia-2019.html,Teatro e spettacolo,"Piazza San Babila, Duomo, Municipio 1, Milano, Lombardia, 20122, Italia",45.466374,9.1977066
Teatri,12-01-20,2020-01-07,"Via Rivoli, 6, Milano, MI",Piccolo Teatro Studio Melato,Della madre: a gennaio il debutto al Piccolo,https://www.milanotoday.it/eventi/spettacolo-della-madre-piccolo.html,Teatro e spettacolo,"6, Via Rivoli, Brera, Municipio 1, Milano, Lombardia, 20121, Italia",45.4726093,9.182881
Concerti,10-01-20,2020-01-07,"Via Filodrammatici, 2, Milano, MI",Teatro alla Scala,Il 2020 della Stagione Sinfonica della Scala inizia con i concerti di Gianandrea Noseda,https://www.milanotoday.it/eventi/concerti-gennaio-2020-teatro-scala.html,Musica e vita notturna,"2, Via Filodrammatici, Brera, Milano, Lombardia, 20121, Italia",45.4676198,9.1884287
Spettacoli,08-01-20,2020-01-08,"Via Filodrammatici 2,20121, Milano, MI,Italia",Teatro Alla Scala,Tosca,https://www.teatro.it/spettacoli/milano/teatro-alla-scala/2019-2020/tosca,Teatro e spettacolo,"2, Via Filodrammatici, Brera, Milano, Lombardia, 20121, Italia",45.4676198,9.1884287
Teatri,19-01-20,2020-01-08,"Via Pier Lombardo, 14, Milano, MI",Teatro Franco Parenti,Wiston vs Churchill: dall'8 gennaio al Parenti,https://www.milanotoday.it/eventi/winston-vs-churchill-spettacolo.html,Teatro e spettacolo,"Via Pier Lombardo, Porta Romana, Municipio 4, Milano, Lombardia, 20135, Italia",45.4542958,9.2063109
Spettacoli,08-01-20,2020-01-08,"Via Alessandro Manzoni 42,20121, Milano, MI,Italia",Manzoni,Il paese dei campanelli,https://www.teatro.it/spettacoli/milano/manzoni/2019-2020/il-paese-dei-campanelli-1,Teatro e spettacolo,"Teatro Manzoni, 42, Via Alessandro Manzoni, Cerchia dei Navigli, Municipio 1, Milano, Lombardia, 20121, Italia",45.4710286,9.1944762
Incontri,12-01-20,2020-01-09,"Via Savona, 10, Milano, MI",Teatro Libero,Il gioco,https://www.milanotoday.it/eventi/il-gioco-2019.html,Formazione e networking,"10, Via Savona, Tortona, Municipio 6, Milano, Lombardia, 20144, Italia",45.4556132,9.1685852
Mostre,19-01-20,2020-01-09,"Piazza Sant'Ambrogio, Milano, MI",Basilica di Sant’Ambrogio,"Sant'Ambrogio, una mostra gratis racconta la vita delle detenute e delle monache",https://www.milanotoday.it/eventi/mondo-dentro-mostra.html,Arte e cultura,"Piazza Sant'Ambrogio, Cerchia dei Navigli, Municipio 1, Milano, Lombardia, 20123, Italia",45.4620403,9.1746594
Teatri,19-01-20,2020-01-09,"Corso di Porta Romana, 63, Milano, MI",Teatro Carcano,La cena delle belve: in scena al Teatro Carcano,https://www.milanotoday.it/eventi/cena-delle-belve-spettacolo.html,Teatro e spettacolo,"Teatro Carcano, 63, Corso di Porta Romana, Crocetta, Municipio 1, Milano, Lombardia, 20121, Italia",45.4566842,9.1955297
,21-01-20,2020-01-09,"Alzaia Naviglio Grande, 4, Milano, MI",Vi.P. Gallery Milano,Traiettorie nel cielo,https://www.milanotoday.it/eventi/traiettorie-nel-cielo-valentina-carrera-e-virgilio-patarini.html,Non classificato,"4, Alzaia Naviglio Grande, Navigli, Municipio 6, Milano, Lombardia, 20144, Italia",45.4521916,9.1761844
Incontri,10-01-20,2020-01-10,"Via Giuseppe Gabetti, 15, Milano, MI",Mare Culturale Urbano,Un weekend divertente all'insegna dell'arte per tutti,https://www.milanotoday.it/eventi/un-weekend-divertente-all-insegna-dell-arte-per-tutti-2019.html,Formazione e networking,"Cascina Torrette di Trenno, 15, Via Giuseppe Gabetti, Quartiere Vercellese, Forze Armate, Municipio 7, Milano, Lombardia, 20147, Italia",45.4687457,9.1240256
Cibo e Vino,10-01-20,2020-01-10,"Via Rovigno, 14, Milano, MI",Bocciofila Martesana,Una sagra della pasta cacio e pepe in arrivo alla Bocciofila,https://www.milanotoday.it/eventi/sagra-pasta-cacio-pepe-bocciofila.html,Enogastronomia,"14, Via Rovigno, Padova, Municipio 2, Milano, Lombardia, 20125, Italia",45.5030298,9.2197702
Concerti,10-01-20,2020-01-10,"Via Pietro Borsieri, 37, Milano, MI",Blue Note,"Milano, arriva un imperdibile concerto tributo ai Pink Floyd",https://www.milanotoday.it/eventi/concerto-tributo-pink-floyd-blue-note.html,Musica e vita notturna,"Blue Note, 37, Via Pietro Borsieri, Isola, Municipio 9, Milano, Lombardia, 20159, Italia",45.4895296,9.1888504
Incontri,10-01-20,2020-01-10,"Via Tommaso da Cazzaniga, Milano, MI",Casa degli Artisti,Brunori Sas incontra il pubblico per presentare l'ultimo album,https://www.milanotoday.it/eventi/brunori-sas-incontra-pubblico.html,Formazione e networking,"Via Tommaso da Cazzaniga, Brera, Municipio 1, Milano, Lombardia, 20121, Italia",45.47636,9.1821071
Incontri,10-01-20,2020-01-10,"Via Pietro Borsieri, 37, Milano, MI",Blue Note,Big one in concerto a milano,https://www.milanotoday.it/eventi/big-one-in-concerto-a-milano-big-one.html,Formazione e networking,"Blue Note, 37, Via Pietro Borsieri, Isola, Municipio 9, Milano, Lombardia, 20159, Italia",45.4895296,9.1888504
Concerti,11-01-20,2020-01-10,"Via Conservatorio, 12, Milano, MI",Conservatorio Giuseppe Verdi,Prove aperte con Ezio Bosso per il concerto con la Europe Philarmonic Orchestra,https://www.milanotoday.it/eventi/prove-aperte-concerto-ezio-bosso.html,Musica e vita notturna,"Via Conservatorio, Guastalla, Municipio 1, Milano, Lombardia, 20122, Italia",45.4658084,9.2027724
Incontri,31-01-20,2020-01-10,"Via Luigi Galvani, 27, Milano, MI",Palazzo Lombardia (entrata n. 2),"""Immaginario. 125 originali: viaggio a sorpresa negli archivi touring"". il volto di una nazione.",https://www.milanotoday.it/eventi/immaginario-125-originali-viaggio-a-sorpresa-negli-archivi-touring.html,Formazione e networking,"Burton Store, 27, Via Luigi Galvani, GARIBALDI REPUBBLICA, Municipio 9, Milano, Lombardia, 20124, Italia",45.4878658,9.1960582
Concerti,11-01-20,2020-01-11,"Largo Gustav Mahler, Milano, MI",Auditorium di Milano,Un concerto in omaggio a Ennio Morricone con le sue più celebri colonne sonore,https://www.milanotoday.it/eventi/concerto-omaggio-ennio-morricone.html,Musica e vita notturna,"Largo Gustav Mahler, Ticinese, Municipio 5, Milano, Lombardia, 20136, Italia",45.4463151,9.1792547
Incontri,11-01-20,2020-01-11,"Via Antonio Stoppani, 12, Milano, MI",Associazione Alia,Don Giovanni: inganno e seduzione. il gioco e il dramma dell’amore,https://www.milanotoday.it/eventi/don-giovanni-inganno-e-seduzione.html,Formazione e networking,"12, Via Antonio Stoppani, Buenos Aires - Venezia, Municipio 3, Milano, Lombardia, 20129, Italia",45.4754027,9.2128581
Incontri,11-01-20,2020-01-11,"Via Fratelli Zoia, 89, Milano, MI",Spazio Teatro 89,“Genesis dream”: 11 gennaio 2020 live a Milano con i real dream,https://www.milanotoday.it/eventi/genesis-dream-11-gennaio-2020-live.html,Formazione e networking,"Via Fratelli Zoia, Quarto Cagnino, Municipio 7, Milano, Lombardia, 20153, Italia",45.4751914,9.108401
Concerti,11-01-20,2020-01-11,"Via Fabio Massimo, 19, Milano, MI",C.I.Q. Centro Internazionale di Quartiere,Un concerto tributo a Fabrizio De Andrè con oltre 40 brani da cantare,https://www.milanotoday.it/eventi/concerto-tributo-fabrizio-de-andre.html,Musica e vita notturna,"19, Via Fabio Massimo, Lodi - Corvetto, Municipio 4, Milano, Lombardia, 20139, Italia",45.4349742,9.2277681
Incontri,28-01-20,2020-01-11,"Via Giuseppe Dall'Occo, 1, Milano, MI",centro culturale artistico Click Art,Emozioni,https://www.milanotoday.it/eventi/emozioni-2019.html,Formazione e networking,"Via Giuseppe Dall'Occo, Cormano, Zona Omogenea Milano Nord, Milano, Lombardia, 20032, Italia",45.5444599,9.1691639
Manifestazioni,11-01-20,2020-01-11,"Piazza Ventiquattro Maggio, Milano, MI",Piazza XXIV Maggio,"Darsena, torna la benedizione delle barche: passaggi gratis a bordo per tutti (prenotando)",https://www.milanotoday.it/eventi/benedizione_barche-darsena.html,Altri eventi,"Piazza Ventiquattro Maggio, Ticinese, Municipio 5, Milano, Lombardia, 20136, Italia",45.4521733,9.181082
Concerti,14-01-20,2020-01-11,"Via Giuseppe di Vittorio, Milano, MI",Mediolanum Forum,Renato Zero in concerto al Mediolanum Forum di Assago. Orari e biglietti,https://www.milanotoday.it/eventi/renato-zero-concerto-2020.html,Musica e vita notturna,"Via Giuseppe Di Vittorio, Pontesesto, Rozzano, Milano, Lombardia, 20072, Italia",45.3848731,9.1854672
Spettacoli,12-01-20,2020-01-12,"Largo Antonio Greppi,20121, Milano, MI,Italia",Piccolo Teatro - Teatro Strehler,Slava's SnowShow,https://www.teatro.it/spettacoli/milano/piccolo-teatro-teatro-strehler/2019-2020/slavas-snowshow,Teatro e spettacolo,"Largo Antonio Greppi, Cerchia dei Navigli, Municipio 1, Milano, Lombardia, 20121, Italia",45.4718502,9.1827114
Mostre,06-09-20,2020-01-12,"Corso Como, 10, Milano, MI",Galleria Carla Sozzani,Una mostra di Antonio Lopez alla Fondazione Sozzani: orari e aperture,https://www.milanotoday.it/eventi/mostra-antonio-lopez-galleria-sozzani.html,Arte e cultura,"10 Corso Como, 10, Corso Como, GARIBALDI REPUBBLICA, Municipio 9, Milano, Lombardia, 20100, Italia",45.4818588,9.187778
Concerti,12-01-20,2020-01-12,"Via Francesco Daverio, 7, Milano, MI",Società Umanitaria,Un concerto di pianoforte con il giovane talento Granata alla Società Umanitaria,https://www.milanotoday.it/eventi/concerto-pianoforte-societa-umanitaria.html,Musica e vita notturna,"7p01, Via Francesco Daverio, Guastalla, Municipio 1, Milano, Lombardia, 20122, Italia",45.4588856,9.200906
Teatri,12-01-20,2020-01-12,"Via Lambrate, 18, Milano, MI",AROME,Carpa Carpova,https://www.milanotoday.it/eventi/carpa-carpova-amalia-d-aprile-2019.html,Teatro e spettacolo,"California Hostel, 18, Via Lambrate, Loreto, Municipio 3, Milano, Lombardia, 20131, Italia",45.4899487,9.2257438
Incontri,12-01-20,2020-01-12,"Via dei Salici, 9, Milano, MI",CENTRO SOCIALE PERTINI,"Legnano, arriva la 58° Fiera del Disco con migliaia di vinili e dvd",https://www.milanotoday.it/eventi/58-fiera-del-disco-legnano-gratis.html,Formazione e networking,"Parcheggio centro polifunzionale Sandro Pertini( I Salici), 9, Via dei Salici, Mazzafame, Oltrestazione, Legnano, Milano, Lombardia, 20025, Italia",45.5959015,8.8869323
Spettacoli,12-01-20,2020-01-12,"C.so Matteotti,20,20121, Milano, MI,Italia",Nuovo,Kinky Boots,https://www.teatro.it/spettacoli/milano/nuovo/2019-2020/kinky-boots,Teatro e spettacolo,"20, Corso Giacomo Matteotti, Duomo, Municipio 1, Milano, Lombardia, 20121, Italia",45.4667336,9.1967703
Concerti,12-01-20,2020-01-12,"Via Conservatorio, 12, Milano, MI",Conservatorio,"Un emozionante ""Concerto Straordinario"" con Ezio Bosso",https://www.milanotoday.it/eventi/concerto-ezio-bosso-conservatorio.html,Musica e vita notturna,"Via Conservatorio, Guastalla, Municipio 1, Milano, Lombardia, 20122, Italia",45.4658084,9.2027724
Spettacoli,12-01-20,2020-01-12,"Corso Venezia 2/A,20121, Milano, MI,Italia",San Babila,L'ascensore,https://www.teatro.it/spettacoli/milano/san-babila/2019-2020/lascensore,Teatro e spettacolo,"2a, Corso Venezia, Duomo, Municipio 1, Milano, Lombardia, 20121, Italia",45.4670204,9.1981104
Spettacoli,12-01-20,2020-01-12,"Via G. di Vittorio 6,20090, Assago, MI,Italia",Unipol Forum,Zero il folle in tour,https://www.teatro.it/spettacoli/assago/mediolanum-forum/2019-2020/zero-il-folle-in-tour,Teatro e spettacolo,"20090, Italy",45.407,9.1083
Spettacoli,12-01-20,2020-01-12,"Via Alessandro Manzoni 42,20121, Milano, MI,Italia",Manzoni,Massimo Lopez e Tullio Solenghi Show,https://www.teatro.it/spettacoli/milano/manzoni/2019-2020/massimo-lopez-tullio-solenghi-show,Teatro e spettacolo,"Teatro Manzoni, 42, Via Alessandro Manzoni, Cerchia dei Navigli, Municipio 1, Milano, Lombardia, 20121, Italia",45.4710286,9.1944762
Spettacoli,12-01-20,2020-01-12,"Via Rivoli 6,20121, Milano, MI,Italia",Piccolo Teatro - Studio Melato,Della madre,https://www.teatro.it/spettacoli/milano/piccolo-teatro-studio-melato/2019-2020/della-madre,Teatro e spettacolo,"6, Via Rivoli, Brera, Municipio 1, Milano, Lombardia, 20121, Italia",45.4726093,9.182881
Spettacoli,12-01-20,2020-01-12,"Corso Buenos Aires 33,20124, Milano, MI,Italia",Elfo Puccini - Sala Bausch,La resa dei conti,https://www.teatro.it/spettacoli/milano/elfo-puccini-sala-bausch/2019-2020/la-resa-dei-conti,Teatro e spettacolo,"Teatro Elfo Puccini, 33, Corso Buenos Aires, Buenos Aires - Venezia, Municipio 3, Milano, Lombardia, 20124, Italia",45.4794317,9.2098387
Spettacoli,13-01-20,2020-01-13,"Via Alessandro Manzoni 42,20121, Milano, MI,Italia",Manzoni,Angelo Duro da vivo,https://www.teatro.it/spettacoli/milano/manzoni/2019-2020/angelo-duro-da-vivo,Teatro e spettacolo,"Teatro Manzoni, 42, Via Alessandro Manzoni, Cerchia dei Navigli, Municipio 1, Milano, Lombardia, 20121, Italia",45.4710286,9.1944762
Spettacoli,13-01-20,2020-01-13,"piazza Carlo Alberto dalla Chiesa 4,20020, Arese, MI,Italia",Cinema Teatro Arese,Un borghese piccolo piccolo,https://www.teatro.it/spettacoli/arese/cinema-teatro-arese/2019-2020/un-borghese-piccolo-piccolo,Teatro e spettacolo,"Cinema Teatro Arese, 4, Piazza Generale Carlo Alberto Dalla Chiesa, Sant'Anna, Arese, Milano, Lombardia, 20044, Italia",45.549694,9.0777685
Cinema,07-06-20,2020-01-13,"Viale Tunisia, 35, Milano, MI",Piscina Cozzi,A Milano il primo Cinema in un luogo incredibile,https://www.milanotoday.it/eventi/cinema-bianchini-piscina-cozzi.html,Arte e cultura,"35, Viale Tunisia, Centrale, Municipio 2, Milano, Lombardia, 20124, Italia",45.4790274,9.2013564
Spettacoli,13-01-20,2020-01-13,"Corso Buenos Aires 33,20124, Milano, MI,Italia",Elfo Puccini - sala Shakespeare,Mentre le ombre si allungano,https://www.teatro.it/spettacoli/milano/elfo-puccini-sala-shakespeare/2019-2020/mentre-le-ombre-si-allungano,Teatro e spettacolo,"Teatro Elfo Puccini, 33, Corso Buenos Aires, Buenos Aires - Venezia, Municipio 3, Milano, Lombardia, 20124, Italia",45.4794317,9.2098387
Spettacoli,13-01-20,2020-01-13,"v. Mons. Pogliani 7/a,ang. via Grandi,20090, Cesano Boscone, MI,Italia",Cristallo,Pesce d'aprile,https://www.teatro.it/spettacoli/cesano-boscone/cristallo/2019-2020/pesce-daprile,Teatro e spettacolo,"20090, Italy",45.407,9.1083
Spettacoli,14-01-20,2020-01-14,"C.so Matteotti,20,20121, Milano, MI,Italia",Nuovo,I miti del rock - Joe Ontario Sings Elvis,https://www.teatro.it/spettacoli/milano/nuovo/2019-2020/i-miti-del-rock-joe-ontario-sings-elvis,Teatro e spettacolo,"20, Corso Giacomo Matteotti, Duomo, Municipio 1, Milano, Lombardia, 20121, Italia",45.4667336,9.1967703
Spettacoli,14-01-20,2020-01-14,"Viale dell'Innovazione 20,20126, Milano, MI,Italia",Arcimboldi,PIO e AMEDEO - La classe non è qua,https://www.teatro.it/spettacoli/milano/degli-arcimboldi/2019-2020/pio-e-amedeo-la-classe-non-e-qua,Teatro e spettacolo,"20, Viale dell'Innovazione, Bicocca, Municipio 9, Milano, Lombardia, 20125, Italia",45.5148696,9.2135963
Teatri,26-01-20,2020-01-14,"Via Pier Lombardo, 14, Milano, MI",Teatro Franco Parenti,Io mai niente con nessuno avevo fatto: lo spettacolo in scena al Parenti,https://www.milanotoday.it/eventi/io-mai-niente-spettacolo.html,Teatro e spettacolo,"Via Pier Lombardo, Porta Romana, Municipio 4, Milano, Lombardia, 20135, Italia",45.4542958,9.2063109
Teatri,19-01-20,2020-01-14,"Corso Buenos Aires, 33, Milano, MI",Teatro Elfo Puccini,"Quel che accadde a Jack, Jack, Jack e Jack: in scena all'Elfo",https://www.milanotoday.it/eventi/quel-che-accade-jack.html,Teatro e spettacolo,"Teatro Elfo Puccini, 33, Corso Buenos Aires, Buenos Aires - Venezia, Municipio 3, Milano, Lombardia, 20124, Italia",45.4794317,9.2098387
Mostre,31-01-20,2020-01-14,"Via Luigi Galvani, 27, Milano, MI",Spazio Espositivo Palazzo Lombardia,"Immaginario, a Milano arriva la grande mostra con 125 fotografie dell'Archivio Touring: gratis",https://www.milanotoday.it/eventi/immaginario-mostra-foto-touring.html,Arte e cultura,"Burton Store, 27, Via Luigi Galvani, GARIBALDI REPUBBLICA, Municipio 9, Milano, Lombardia, 20124, Italia",45.4878658,9.1960582
,15-01-20,2020-01-14,"Piazza San Babila, 3, Milano, MI",Teatro Nuovo,I miti del rock: doppio evento in scena al teatro nuovo di milano il 14 e 15 gennaio. Biglietti in vendita dal 25 luglio,https://www.milanotoday.it/eventi/miti-del-rock-doppio-evento-in-scena-al-teatro-nuovo.html,Non classificato,"3, Piazza San Babila, Duomo, Municipio 1, Milano, Lombardia, 20122, Italia",45.4665231,9.1971251
Teatri,19-01-20,2020-01-14,"Via Gian Antonio Boltraffio, 21, Milano, MI",Teatro Sala Fontana,"Platonov, la pièce in scena al Teatro Fontana",https://www.milanotoday.it/eventi/platonov-spettacolo.html,Teatro e spettacolo,"21, Via Gian Antonio Boltraffio, Isola, Municipio 9, Milano, Lombardia, 20159, Italia",45.4921952,9.1878419
Spettacoli,14-01-20,2020-01-14,"Via Filodrammatici 2,20121, Milano, MI,Italia",Teatro Alla Scala,Sylvia,https://www.teatro.it/spettacoli/milano/teatro-alla-scala/2019-2020/sylvia,Teatro e spettacolo,"2, Via Filodrammatici, Brera, Milano, Lombardia, 20121, Italia",45.4676198,9.1884287
Mercatini,14-01-20,2020-01-14,"Piazza Sant'Eustorgio, Milano, MI",Piazza Sant'Eustorgio,"Gennaio 2020, torna ""Il Buono in Tavola"", il mercato agricolo con prodotti di stagione",https://www.milanotoday.it/eventi/mercato-agricolo-buono-in-tavola.html,Mercati e shopping,"Piazza Sant'Eustorgio, Ticinese, Municipio 1, Milano, Lombardia, 20122, Italia",45.4536531,9.180762
Teatri,19-01-20,2020-01-14,"Via Ciro Menotti, 11, Milano, MI",Teatro Menotti,"Al teatro Menotti di Milano lo spettacolo contro la mafia ""il mio nome è caino""",https://www.milanotoday.it/eventi/al-teatro-menotti-di-milano-lo-spettacolo-contro-la-mafia.html,Teatro e spettacolo,"11, Via Ciro Menotti, Buenos Aires - Venezia, Municipio 3, Milano, Lombardia, 20129, Italia",45.4699888,9.2132156
Teatri,16-02-20,2020-01-15,"Via Rovello, 2, Milano, MI",Piccolo Teatro Grassi,Misericordia: lo spettacolo in scena al Piccolo fino al 16 febbraio,https://www.milanotoday.it/eventi/misericordia-spettacolo-piccolo.html,Teatro e spettacolo,"2, Via Rovello, Brera, Milano, Lombardia, 20121, Italia",45.4665188,9.1847651
Incontri,15-01-20,2020-01-15,"Via Fezzan, 11, Milano, MI",Ecoteatro,Climate change symposium mi2020 - Educare per agire,https://www.milanotoday.it/eventi/climate-change-symposium-mi2020-educare-per-agire.html,Formazione e networking,"EcoTeatro, 11, Via Fezzan, Bande Nere, Municipio 6, Milano, Lombardia, 20146, Italia",45.4592109,9.1459527
Incontri,15-01-20,2020-01-15,"Viale della Liberazione, Milano, MI",Volvo Studio Milano,Threes presenta david monacchi - Fragments of extinction,https://www.milanotoday.it/eventi/threes-presenta-david-monacchi-fragments-of-extinction.html,Formazione e networking,"Viale della Liberazione, GARIBALDI REPUBBLICA, Municipio 9, Milano, Lombardia, 20100, Italia",45.4825907,9.1938058
Spettacoli,15-01-20,2020-01-15,"C.so Matteotti,20,20121, Milano, MI,Italia",Nuovo,I miti del rock - The Jimi Hendrix revolution,https://www.teatro.it/spettacoli/milano/nuovo/2019-2020/i-miti-del-rock-the-jimi-hendrix-revolution,Teatro e spettacolo,"20, Corso Giacomo Matteotti, Duomo, Municipio 1, Milano, Lombardia, 20121, Italia",45.4667336,9.1967703
Spettacoli,15-01-20,2020-01-15,"Viale dell'Innovazione 20,20126, Milano, MI,Italia",Arcimboldi,"Panariello, Conti, Pieraccioni - Lo Show",https://www.teatro.it/spettacoli/milano/degli-arcimboldi/2019-2020/panariello-conti-pieraccioni-lo-show,Teatro e spettacolo,"20, Viale dell'Innovazione, Bicocca, Municipio 9, Milano, Lombardia, 20125, Italia",45.5148696,9.2135963
Teatri,26-01-20,2020-01-15,"Largo Greppi, 1, Milano, MI",Piccolo Teatro Strehler,La commedia della vanità: a gennaio allo Strehler,https://www.milanotoday.it/eventi/commedia-vanita-spettacolo.html,Teatro e spettacolo,"Largo Antonio Greppi, Cerchia dei Navigli, Municipio 1, Milano, Lombardia, 20121, Italia",45.4718502,9.1827114
Disco&Feste,15-01-20,2020-01-15,"Via Giosuè Borsi, Milano, MI",Apollo Club,Dente legge Luciano De Crescenzo all'Apollo Club,https://www.milanotoday.it/eventi/dente-legge-de-crescenzo-apollo-club.html,Musica e vita notturna,"Via Giosuè Borsi, Navigli, Municipio 6, Milano, Lombardia, 20136, Italia",45.4474661,9.1740326
,15-03-20,2020-01-16,"Largo Corsia dei Servi, 4, Milano, MI",CMC - Centro Culturale di Milano,"I Talenti delle donne,  la mostra su due delle più grandi fotografe del '900",https://www.milanotoday.it/eventi/mostra-fotografia-gratis-centro-culturale.html,Non classificato,"Largo Corsia dei Servi, Duomo, Municipio 1, Milano, Lombardia, 20122, Italia",45.4647722,9.1958825
,16-01-20,2020-01-16,"Via Andrea Maffei, 1, Milano, MI",Bistruccio by Workness,Finissage della mostra di tapparini al bistruccio di milano giovedì 16 gennaio,https://www.milanotoday.it/eventi/finissage-della-mostra-di-tapparini-al-bistruccio.html,Non classificato,"1, Via Andrea Maffei, XXII Marzo, Municipio 4, Milano, Lombardia, 20135, Italia",45.4588219,9.209057
Spettacoli,16-01-20,2020-01-16,"v. Cavallari 4,20013, Magenta, MI,Italia",Lirico,L'attimo fuggente,https://www.teatro.it/spettacoli/magenta/lirico/2019-2020/lattimo-fuggente,Teatro e spettacolo,"Via Brenno Cavallari, Magenta, Milano, Lombardia, 20013, Italia",45.4683141,8.8834486
Incontri,16-01-20,2020-01-16,"Via San Cristoforo, 1, Milano, MI",Teatro Alfredo Chiesa,La scuola dei quartieri 2020 e altre opportunità per le periferie della città,https://www.milanotoday.it/eventi/la-scuola-dei-quartieri-2020-e-altre-opportunita-per-le-periferie.html,Formazione e networking,"Montalcino Caffè, 1, Via San Cristoforo, San Cristoforo, Municipio 6, Milano, Lombardia, 20144, Italia",45.4477537,9.1544595
Spettacoli,16-01-20,2020-01-16,"vicolo Fiume 4,20092, Cinisello Balsamo, MI,Italia",Pax,Pesce d'aprile,https://www.teatro.it/spettacoli/cinisello-balsamo/pax/2019-2020/pesce-daprile,Teatro e spettacolo,"CineTeatro Pax, 4, Vicolo Fiume, Cinisello, Cinisello Balsamo, Zona Omogenea Milano Nord, Milano, Lombardia, 20092, Italia",45.5564874,9.2169118
Incontri,16-01-20,2020-01-16,"Via delle Ore, 3, Milano, MI",Ambrosianeum,Milano mia - la piccola stagione,https://www.milanotoday.it/eventi/milano-mia-la-piccola-stagione-angelo-cattoni-2019.html,Formazione e networking,"Ambrosianeum, 3, Via delle Ore, Duomo, Municipio 1, Milano, Lombardia, 20122, Italia",45.4628936,9.1925597
Spettacoli,16-01-20,2020-01-16,"via Gaudenzio Ferrari 11,20123, Milano, MI,Italia",Teatro i,Cantico dei Cantici,https://www.teatro.it/spettacoli/milano/teatro-i/2019-2020/cantico-dei-cantici,Teatro e spettacolo,"Teatro i, 11, Via Gaudenzio Ferrari, Ticinese, Municipio 1, Milano, Lombardia, 20123, Italia",45.4551612,9.1767832
Incontri,17-01-20,2020-01-17,"Via Fratelli Fossati, 2, Milano, MI",Licei FAES Città Studi,Curiositas: la notte del classico al Faes,https://www.milanotoday.it/eventi/curiositas-la-notte-del-classico-al-faes-2020.html,Formazione e networking,"Via Fratelli Fossati, Città Studi, Municipio 3, Milano, Lombardia, 20131, Italia",45.4815539,9.228941
Spettacoli,17-01-20,2020-01-17,"Piazza S. Magno,20025, Legnano, MI,Italia",Galleria,We Will Rock You,https://www.teatro.it/spettacoli/legnano/galleria/2019-2020/we-will-rock-you,Teatro e spettacolo,"Piazza San Magno, San Magno, Oltresempione, Legnano, Milano, Lombardia, 20025, Italia",45.5948853,8.9184024
Incontri,17-01-20,2020-01-17,"Via Clerici, 10, Milano, MI",Circolo Filologico Milanese,Guerra e pace in casa tolstoj,https://www.milanotoday.it/eventi/guerra-e-pace-in-casa-tolstoj-stefania-2020.html,Formazione e networking,"10, Via Clerici, Brera, Municipio 1, Milano, Lombardia, 20121, Italia",45.4672554,9.1870791
Teatri,26-01-20,2020-01-17,"Viale dell'Innovazione, 20, Milano, MI",Teatro degli Arcimboldi,"""Aggiungi un posto a tavola"" al Teatro degli Arcimboldi dal 17 al 26 gennaio 2019",https://www.milanotoday.it/eventi/aggiungi-posto-tavola-arcimboldi.html,Teatro e spettacolo,"20, Viale dell'Innovazione, Bicocca, Municipio 9, Milano, Lombardia, 20125, Italia",45.5148696,9.2135963
Concerti,17-01-20,2020-01-17,"Via Pisanello, 1, Milano, MI",Centro Culturale Rosetum,Francesca Gaza-lilac for people- rjf#2,https://www.milanotoday.it/eventi/francesca-gaza-lilac-for-people-rjf-2.html,Musica e vita notturna,"Via Pisanello, Bande Nere, Municipio 7, Milano, Lombardia, 20148, Italia",45.4672182,9.140416
Incontri,17-01-20,2020-01-17,"Via Pasquale Sottocorno, 27, Milano, MI",Art Luxury,Natura luxury,https://www.milanotoday.it/eventi/natura-luxury-debora-di-lucca-2020.html,Formazione e networking,"Ricci Osteria, 27, Via Pasquale Sottocorno, XXII Marzo, Municipio 4, Milano, Lombardia, 20129, Italia",45.4662072,9.2119112
Spettacoli,17-01-20,2020-01-17,"via San Cristoforo 1,20144, Milano, MI,Italia",Alfredo Chiesa,Time Lapse,https://www.teatro.it/spettacoli/milano/alfredo-chiesa/2019-2020/time-lapse,Teatro e spettacolo,"Montalcino Caffè, 1, Via San Cristoforo, San Cristoforo, Municipio 6, Milano, Lombardia, 20144, Italia",45.4477537,9.1544595
Mostra,28-03-20,2020-01-17,"Via Senato 10, Milano, MI",Archivio di Stato di Milano,"""Nero su bianco. Carte d'archivio raccontano Leonardo""",,Arte e cultura,"10, Via Senato, Guastalla, Municipio 1, Milano, Lombardia, 20121, Italia",45.4700976,9.1981223
Turismo,31-01-20,2020-01-17,"Via San Vittore, 21, Milano, MI",Museo della Scienza,Aperture straordinarie serali a prezzo speciale al Museo della Scienza: l'iniziativa,https://www.milanotoday.it/eventi/museo-scienza-aperto-sera-quando.html,Non classificato,"21, Via San Vittore, Magenta - San Vittore, Municipio 1, Milano, Lombardia, 20123, Italia",45.4628946,9.1706462
Manifestazioni,19-01-20,2020-01-18,"Via Tortona, 27, Milano, MI",Superstudio Più,"Salone della Cultura 2020: quando e dove, tutte le informazioni",https://www.milanotoday.it/eventi/salone-cultura-2020-informazioni.html,Altri eventi,"Mandarina duck, 27, Via Tortona, Tortona, Municipio 6, Milano, Lombardia, 20144, Italia",45.4506784,9.1634775
Incontri,18-01-20,2020-01-18,"Piazza Piero Carnelli, Milano, MI",Teatro Delfino,Spettacolo per bambini | Storia di uno scrittore,https://www.milanotoday.it/eventi/spettacolo-per-bambini-storia-di-uno-scrittore.html,Formazione e networking,"Piazza Don Piero Carnelli, Mecenate, Municipio 4, Milano, Lombardia, 20059, Italia",45.4584915,9.2436908
Incontri,18-01-20,2020-01-18,"Via Giuseppe Govone, 42, Milano, MI",Mi-Nù ristorante,"Festival nazionale del cabaret ""facce da bronzi"" VII edizione",https://www.milanotoday.it/eventi/festival-nazionale-del-cabaret-facce-da-bronzi.html,Formazione e networking,"Thai Thai, 42, Via Giuseppe Govone, Ghisolfa, Municipio 8 di Milano, Milano, Lombardia, 20155, Italia",45.4904634,9.1663323
Incontri,18-01-20,2020-01-18,"Via Tortona, 27, Milano, MI",Superstudio Più,Comunicato stampa - Salone della cultura 2020: fondazione 3m porta in mostra “i protagonisti della dolce vita”,https://www.milanotoday.it/eventi/comunicato-stampa-salone-della-cultura-2020-fondazione-3m.html,Formazione e networking,"Mandarina duck, 27, Via Tortona, Tortona, Municipio 6, Milano, Lombardia, 20144, Italia",45.4506784,9.1634775
Spettacoli,18-01-20,2020-01-18,"Piazza Cesare Beccaria 8,20122, Milano, MI,Italia",Gerolamo,Capodanno con i Tomboncelli - La Verdi,https://www.teatro.it/spettacoli/milano/gerolamo/2019-2020/capodanno-con-i-tomboncelli-la-verdi,Teatro e spettacolo,"Teatro Gerolamo, 8, Piazza Cesare Beccaria, Duomo, Municipio 1, Milano, Lombardia, 20122, Italia",45.464175,9.1945551
Manifestazioni,18-01-20,2020-01-18,"Piazzale Antonio Baiamonti, Milano, MI",,Sabato 18 gennaio 2020 raccolta di indumenti usati diffusa a Milano,https://www.milanotoday.it/eventi/raccolta-abiti-milano-18-gennaio-2020.html,Altri eventi,"Piazzale Antonio Baiamonti, Sarpi, Porta Volta, Municipio 8 di Milano, Milano, Lombardia, 20154, Italia",45.4819786,9.1814404
Incontri,18-01-20,2020-01-18,"Via Giulio Cesare Procaccini, 4, Milano, MI",Spazio Fattoria,"Ecstatic dance milano - se non sei tu a danzare la tua danza, chi lo farà ... gabrielle roth",https://www.milanotoday.it/eventi/ecstatic-dance-milano-se-non-sei-tu-a-danzare-la-tua-danza-2019.html,Formazione e networking,"4, Via Giulio Cesare Procaccini, Bullona, Porta Volta, Municipio 8 di Milano, Milano, Lombardia, 20154, Italia",45.4839945,9.1753796
Concerti,18-01-20,2020-01-18,"Via Giuseppe di Vittorio, Milano, MI",Mediolanum Forum,Concerto di Gazzelle al Mediolanum Forum: orari e biglietti,https://www.milanotoday.it/eventi/concerto-gazzelle-forum-biglietti.html,Musica e vita notturna,"Via Giuseppe Di Vittorio, Pontesesto, Rozzano, Milano, Lombardia, 20072, Italia",45.3848731,9.1854672
Spettacoli,18-01-20,2020-01-18,"p.zza IV Novembre 3,20025, Legnano, MI,Italia",Talisio Tirinnanzi,Pesce d'aprile,https://www.teatro.it/spettacoli/legnano/talisio-tirinnanzi/2019-2020/pesce-daprile,Teatro e spettacolo,"Scuola Secondaria di Primo Grado Giovanni Ungaretti, 3, Piazza Quattro Novembre, San Giorgio su Legnano, Milano, Lombardia, 20034, Italia",45.5765251,8.9157963
Incontri,18-01-20,2020-01-18,"Viale Pasubio, 5, Milano, MI",Fondazione Giangiacomo Feltrinelli,"Fondazione Feltrinelli, arriva una giornata di giochi e letture per bambine e bambini",https://www.milanotoday.it/eventi/fondazione-feltrinelli-giochi-bambini.html,Formazione e networking,"Fondazione Giangiacomo Feltrinelli, 5, Viale Pasubio, Porta Tenaglia, Municipio 1, Milano, Lombardia, 20154, Italia",45.4814126,9.1843952
Spettacoli,18-01-20,2020-01-18,"p.zza IV Novembre 3,20025, Legnano, MI,Italia",Talisio Tirinnanzi,Pesce d'aprile,https://www.teatro.it/spettacoli/legnano/talisio-tirinnanzi/2019-2020/pesce-daprile,Teatro e spettacolo,"Scuola Secondaria di Primo Grado Giovanni Ungaretti, 3, Piazza Quattro Novembre, San Giorgio su Legnano, Milano, Lombardia, 20034, Italia",45.5765251,8.9157963
Disco&Feste,18-01-20,2020-01-18,"Via Circonvallazione Idroscalo, Milano, MI",Magnolia,Una serata al Magnolia con i Datura per rivivere le musiche dance anni '90,https://www.milanotoday.it/eventi/serata-magnolia-datura.html,Musica e vita notturna,"Via Circonvallazione Idroscalo, Novegro, Segrate, Milano, Lombardia, 20054, Italia",45.465095,9.2830627
Mostre,18-01-20,2020-01-18,"Via Palestro, 14, Milano, MI",Pac,"A Milano arriva 'Naturist', il tour in cui artista e pubblico sono nudi: è la prima volta in Italia",https://www.milanotoday.it/eventi/mostra-visita-nudo.html,Arte e cultura,"14, Via Palestro, Guastalla, Municipio 1, Milano, Lombardia, 20121, Italia",45.4729115,9.1995282
Manifestazioni,15-03-20,2020-01-18,"Viale Campania, 12, Milano, MI",Wow Spazio Fumetto,Allo Spazio Fumetto arriva una mostra dei Lego con oltre 50 pezzi unici d'artista,https://www.milanotoday.it/eventi/mostra-lego-spazio-fumetto.html,Altri eventi,"12, Viale Campania, Corsica, Municipio 4, Milano, Lombardia, 20133, Italia",45.4634024,9.2242161
Spettacoli,18-01-20,2020-01-18,"Piazza Cesare Beccaria 8,20122, Milano, MI,Italia",Gerolamo,Capodanno con i Tomboncelli - La Verdi,https://www.teatro.it/spettacoli/milano/gerolamo/2019-2020/capodanno-con-i-tomboncelli-la-verdi,Teatro e spettacolo,"Teatro Gerolamo, 8, Piazza Cesare Beccaria, Duomo, Municipio 1, Milano, Lombardia, 20122, Italia",45.464175,9.1945551
Teatri,19-01-20,2020-01-18,"Piazza Cesare Beccaria, 8, Milano, MI",Teatro Gerolamo,Burattini Ferrari al Teatro Gerolamo: in arrivo sabato 18 e domenica 19 gennaio,https://www.milanotoday.it/eventi/burattini-teatro-gerolamo.html,Teatro e spettacolo,"Teatro Gerolamo, 8, Piazza Cesare Beccaria, Duomo, Municipio 1, Milano, Lombardia, 20122, Italia",45.464175,9.1945551
Manifestazioni,26-01-20,2020-01-18,"Via Giuseppe Eugenio Luraghi, 11, Milano, MI",Il Centro,Un mega torneo nazionale di Monopoly con pedine a grandezza naturale,https://www.milanotoday.it/eventi/torneo-monopoly-centro-arese.html,Altri eventi,"Via Maestra, 11, Viale Giuseppe Eugenio Luraghi, Valera, Arese, Milano, Lombardia, 20044, Italia",45.5638918,9.0510987
Cinema,18-01-20,2020-01-18,"Viale Fulvio Testi, 121, Milano, MI",MIC – Museo Interattivo del Cinema,Craxi a Milano nei cortometraggi della Cineteca Italiana,https://www.milanotoday.it/eventi/film-craxi-museo-cinema.html,Arte e cultura,"Fondazione Cineteca Italiana, 121, Viale Fulvio Testi, Niguarda - Cà Granda, Municipio 9, Milano, Lombardia, 20126, Italia",45.5133792,9.2039096
Spettacoli,19-01-20,2020-01-19,"Corso di Porta Romana 63,20122, Milano, MI,Italia",Carcano,La cena delle belve,https://www.teatro.it/spettacoli/milano/carcano/2019-2020/la-cena-delle-belve,Teatro e spettacolo,"Teatro Carcano, 63, Corso di Porta Romana, Crocetta, Municipio 1, Milano, Lombardia, 20121, Italia",45.4566842,9.1955297
Incontri,19-01-20,2020-01-19,"Viale Emilio Alemagna, 6, Milano, MI",Triennale,"In Triennale arriva la Festa della Filosofia con scrittori, critici e il grande fumettista Zerocalcare",https://www.milanotoday.it/eventi/festa-filosofia-zerocalcare-triennale.html,Formazione e networking,"Triennale Design Museum, 6, Viale Emilio Alemagna, Parco Sempione, Municipio 1, Milano, Lombardia, 20121, Italia",45.4721477,9.1734894
Spettacoli,19-01-20,2020-01-19,"piazza Piero Carnelli,20138, Milano, MI,Italia",Delfino,Il sol ci ha dato alla testa,https://www.teatro.it/spettacoli/milano/delfino/2019-2020/il-sol-ci-ha-dato-alla-testa,Teatro e spettacolo,"Piazza Don Piero Carnelli, Mecenate, Municipio 4, Milano, Lombardia, 20059, Italia",45.4584915,9.2436908
Spettacoli,19-01-20,2020-01-19,"Corso Buenos Aires 33,20124, Milano, MI,Italia",Elfo Puccini - Sala Bausch,"Quel che accadde a Jack, Jack, Jack e Jack",https://www.teatro.it/spettacoli/milano/elfo-puccini-sala-bausch/2019-2020/quel-che-accadde-a-jack-jack-jack-e-jack,Teatro e spettacolo,"Teatro Elfo Puccini, 33, Corso Buenos Aires, Buenos Aires - Venezia, Municipio 3, Milano, Lombardia, 20124, Italia",45.4794317,9.2098387
Spettacoli,19-01-20,2020-01-19,"Via Ciro Menotti 11,20129, Milano, MI,Italia",Menotti,Il mio nome è Caino,https://www.teatro.it/spettacoli/milano/menotti/2019-2020/il-mio-nome-e-caino,Teatro e spettacolo,"11, Via Ciro Menotti, Buenos Aires - Venezia, Municipio 3, Milano, Lombardia, 20129, Italia",45.4699888,9.2132156
Mercatini,19-01-20,2020-01-19,"Via Mecenate, 88, Milano, MI",East Market,East Market inaugura il 2020: ecco la nuova edizione del famoso mercatino vintage,https://www.milanotoday.it/eventi/east-market-nuovo-mercatino-2020.html,Mercati e shopping,"Via Mecenate, Mecenate, Municipio 4, Milano, Lombardia, 20059, Italia",45.4529888,9.2481173
Spettacoli,19-01-20,2020-01-19,"Via Alessandro Manzoni 42,20121, Milano, MI,Italia",Manzoni,Belle ripiene,https://www.teatro.it/spettacoli/milano/manzoni/2019-2020/belle-ripiene,Teatro e spettacolo,"Teatro Manzoni, 42, Via Alessandro Manzoni, Cerchia dei Navigli, Municipio 1, Milano, Lombardia, 20121, Italia",45.4710286,9.1944762
Spettacoli,19-01-20,2020-01-19,"Piazza Cesare Beccaria 8,20122, Milano, MI,Italia",Gerolamo,Il castello degli spaventi,https://www.teatro.it/spettacoli/milano/gerolamo/2019-2020/il-castello-degli-spaventi,Teatro e spettacolo,"Teatro Gerolamo, 8, Piazza Cesare Beccaria, Duomo, Municipio 1, Milano, Lombardia, 20122, Italia",45.464175,9.1945551
Spettacoli,19-01-20,2020-01-19,"Via Ciro Menotti 11,20129, Milano, MI,Italia",Menotti,Il mio nome è Caino,https://www.teatro.it/spettacoli/milano/menotti/2019-2020/il-mio-nome-e-caino,Teatro e spettacolo,"11, Via Ciro Menotti, Buenos Aires - Venezia, Municipio 3, Milano, Lombardia, 20129, Italia",45.4699888,9.2132156
Spettacoli,19-01-20,2020-01-19,"C.so Matteotti,20,20121, Milano, MI,Italia",Nuovo,La cena dei cretini,https://www.teatro.it/spettacoli/milano/nuovo/2019-2020/la-cena-dei-cretini,Teatro e spettacolo,"20, Corso Giacomo Matteotti, Duomo, Municipio 1, Milano, Lombardia, 20121, Italia",45.4667336,9.1967703
Spettacoli,19-01-20,2020-01-19,"Via Alessandro Manzoni 42,20121, Milano, MI,Italia",Manzoni,Belle ripiene,https://www.teatro.it/spettacoli/milano/manzoni/2019-2020/belle-ripiene,Teatro e spettacolo,"Teatro Manzoni, 42, Via Alessandro Manzoni, Cerchia dei Navigli, Municipio 1, Milano, Lombardia, 20121, Italia",45.4710286,9.1944762
Spettacoli,19-01-20,2020-01-19,"Via Andrea Maria Ampère 1,20131, Milano, MI,Italia",MTM - Leonardo,Venere Nemica,https://www.teatro.it/spettacoli/milano/leonardo/2019-2020/venere-nemica,Teatro e spettacolo,"Teatro Leonardo da Vinci, 1, Via Andrea Maria Ampère, Città Studi, Municipio 3, Milano, Lombardia, 20131, Italia",45.4795266,9.2263901
Spettacoli,19-01-20,2020-01-19,"Via Andrea Maria Ampère 1,20131, Milano, MI,Italia",MTM - Leonardo,Venere Nemica,https://www.teatro.it/spettacoli/milano/leonardo/2019-2020/venere-nemica,Teatro e spettacolo,"Teatro Leonardo da Vinci, 1, Via Andrea Maria Ampère, Città Studi, Municipio 3, Milano, Lombardia, 20131, Italia",45.4795266,9.2263901
Spettacoli,19-01-20,2020-01-19,"C.so Matteotti,20,20121, Milano, MI,Italia",Nuovo,La cena dei cretini,https://www.teatro.it/spettacoli/milano/nuovo/2019-2020/la-cena-dei-cretini,Teatro e spettacolo,"20, Corso Giacomo Matteotti, Duomo, Municipio 1, Milano, Lombardia, 20121, Italia",45.4667336,9.1967703
Spettacoli,19-01-20,2020-01-19,"via Pier Lombardo,14,20135, Milano, MI,Italia",Franco Parenti - Sala Grande,Winston vs Churchill,https://www.teatro.it/spettacoli/milano/teatro-franco-parenti-sala-grande/2019-2020/winston-vs-churchill,Teatro e spettacolo,"Via Pier Lombardo, Porta Romana, Municipio 4, Milano, Lombardia, 20135, Italia",45.4542958,9.2063109
Spettacoli,19-01-20,2020-01-19,"Corso Buenos Aires 33,20124, Milano, MI,Italia",Elfo Puccini - Sala Bausch,"Quel che accadde a Jack, Jack, Jack e Jack",https://www.teatro.it/spettacoli/milano/elfo-puccini-sala-bausch/2019-2020/quel-che-accadde-a-jack-jack-jack-e-jack,Teatro e spettacolo,"Teatro Elfo Puccini, 33, Corso Buenos Aires, Buenos Aires - Venezia, Municipio 3, Milano, Lombardia, 20124, Italia",45.4794317,9.2098387
Spettacoli,19-01-20,2020-01-19,"Piazza Cesare Beccaria 8,20122, Milano, MI,Italia",Gerolamo,Il castello degli spaventi,https://www.teatro.it/spettacoli/milano/gerolamo/2019-2020/il-castello-degli-spaventi,Teatro e spettacolo,"Teatro Gerolamo, 8, Piazza Cesare Beccaria, Duomo, Municipio 1, Milano, Lombardia, 20122, Italia",45.464175,9.1945551
Spettacoli,19-01-20,2020-01-19,"piazza Piero Carnelli,20138, Milano, MI,Italia",Delfino,Il sol ci ha dato alla testa,https://www.teatro.it/spettacoli/milano/delfino/2019-2020/il-sol-ci-ha-dato-alla-testa,Teatro e spettacolo,"Piazza Don Piero Carnelli, Mecenate, Municipio 4, Milano, Lombardia, 20059, Italia",45.4584915,9.2436908
Manifestazioni,19-01-20,2020-01-19,"Via San Dionigi, 78, Milano, MI",Cascina Nosedo,Il falò di Sant'Antonio in Cascina Nosedo 2020,https://www.milanotoday.it/eventi/falo-santantonio-2020-19-gennaio.html,Altri eventi,"Cascina Nosedo, 78, Via San Dionigi, Parco delle Abbazie, Municipio 5, Milano, Lombardia, 20139, Italia",45.4313942,9.2242775
Spettacoli,19-01-20,2020-01-19,"Via Pier Lombardo 14,20135, Milano, MI,Italia",Franco Parenti - Sala Blu,Shakespea Re di Napoli,https://www.teatro.it/spettacoli/milano/teatro-franco-parenti-sala-acomea/2019-2020/shakespea-re-di-napoli,Teatro e spettacolo,"Via Pier Lombardo, Porta Romana, Municipio 4, Milano, Lombardia, 20135, Italia",45.4542958,9.2063109
Teatri,19-01-20,2020-01-19,"Via Lattanzio, 58, Milano, MI",Teatro Oscar,Il gatto con gli stivali: lo spettacolo per bambini arriva al Teatro Oscar,https://www.milanotoday.it/cronaca/gatto-con-stivali-spettacolo.html,Teatro e spettacolo,"Teatro Oscar DeSidera, 58/A, Via Lattanzio, Umbria - Molise, Municipio 4, Milano, Lombardia, 20137, Italia",45.4523298,9.2167181
Spettacoli,19-01-20,2020-01-19,"Corso di Porta Romana 63,20122, Milano, MI,Italia",Carcano,La cena delle belve,https://www.teatro.it/spettacoli/milano/carcano/2019-2020/la-cena-delle-belve,Teatro e spettacolo,"Teatro Carcano, 63, Corso di Porta Romana, Crocetta, Municipio 1, Milano, Lombardia, 20121, Italia",45.4566842,9.1955297
Spettacoli,19-01-20,2020-01-19,"via Pier Lombardo,14,20135, Milano, MI,Italia",Franco Parenti - Sala Grande,Winston vs Churchill,https://www.teatro.it/spettacoli/milano/teatro-franco-parenti-sala-grande/2019-2020/winston-vs-churchill,Teatro e spettacolo,"Via Pier Lombardo, Porta Romana, Municipio 4, Milano, Lombardia, 20135, Italia",45.4542958,9.2063109
Spettacoli,19-01-20,2020-01-19,"Via Pier Lombardo 14,20135, Milano, MI,Italia",Franco Parenti - Sala Blu,Shakespea Re di Napoli,https://www.teatro.it/spettacoli/milano/teatro-franco-parenti-sala-acomea/2019-2020/shakespea-re-di-napoli,Teatro e spettacolo,"Via Pier Lombardo, Porta Romana, Municipio 4, Milano, Lombardia, 20135, Italia",45.4542958,9.2063109
Concerti,20-01-20,2020-01-20,"Via Rovello, Milano, MI",Piccolo Teatro Grassi,Al Piccolo Teatro arriva un concerto jazz in omaggio al compositore Count Biasie. Dirige Enrico Intra,https://www.milanotoday.it/eventi/jazz-piccolo-teatro-concerto.html,Musica e vita notturna,"Via Rovello, Brera, Municipio 1, Milano, Lombardia, 20121, Italia",45.4683395,9.1840472
Mostre,26-01-20,2020-01-20,"Via Plinio, 37, Milano, MI",Mamo galleria Milano,Oceani,https://www.milanotoday.it/eventi/oceani-saadat-sabzevar-2019.html,Arte e cultura,"Good Morgan, 37, Via Plinio, Buenos Aires - Venezia, Municipio 3, Milano, Lombardia, 20129, Italia",45.4773202,9.216369
Concerti,20-01-20,2020-01-20,"Via Giuseppe di Vittorio, Milano, MI",Mediolanum Forum,Un nuovo concerto di Gigi D'Alessio e Nino D'Angelo. Orari e biglietti.,https://www.milanotoday.it/eventi/concerto-gigi-alessio-e-nino-angelo.html,Musica e vita notturna,"Via Giuseppe Di Vittorio, Pontesesto, Rozzano, Milano, Lombardia, 20072, Italia",45.3848731,9.1854672
Spettacoli,20-01-20,2020-01-20,"Corso Buenos Aires 33,20124, Milano, MI,Italia",Elfo Puccini - sala Shakespeare,La verità rende single,https://www.teatro.it/spettacoli/milano/elfo-puccini-sala-shakespeare/2019-2020/la-verita-rende-single,Teatro e spettacolo,"Teatro Elfo Puccini, 33, Corso Buenos Aires, Buenos Aires - Venezia, Municipio 3, Milano, Lombardia, 20124, Italia",45.4794317,9.2098387
Teatri,02-02-20,2020-01-21,"Via Pier Lombardo, 14, Milano, MI",Teatro Franco Parenti,Skianto: il nuovo spettacolo di Timi al Teatro Franco Parenti,https://www.milanotoday.it/eventi/schianto-spettacolo.html,Teatro e spettacolo,"Via Pier Lombardo, Porta Romana, Municipio 4, Milano, Lombardia, 20135, Italia",45.4542958,9.2063109
Incontri,21-01-20,2020-01-21,"Piazza del Duomo, 8, Milano, MI",Museo del Novecento,Serata di musica e poesia armena al museo del Nocevento,https://www.milanotoday.it/eventi/serata-di-musica-e-poesia-armena-al-museo-del-nocevento.html,Formazione e networking,"8, Piazza del Duomo, Duomo, Municipio 1, Milano, Lombardia, 20123, Italia",45.4632949,9.1904599
Spettacoli,21-01-20,2020-01-21,"Via Pier Lombardo 14,20135, Milano, MI,Italia",Franco Parenti - Sala Blu,Al di là del muro,https://www.teatro.it/spettacoli/milano/franco-parenti-sala-acomea/2019-2020/al-di-la-del-muro,Teatro e spettacolo,"Via Pier Lombardo, Porta Romana, Municipio 4, Milano, Lombardia, 20135, Italia",45.4542958,9.2063109
Mostre,29-03-20,2020-01-21,"Via Sant'Andrea, 6, Milano, MI",Palazzo Morando,Stile Milano. Storie di eleganza: la mostra gratuita a Palazzo Morando,https://www.milanotoday.it/eventi/stile-milano-mostra.html,Arte e cultura,"Palazzo Morando - Costume Moda Immagine, 6, Via Sant'Andrea, Duomo, Municipio 1, Milano, Lombardia, 20121, Italia",45.4685907,9.1962586
Teatri,02-02-20,2020-01-22,"Via Rivoli, Milano, MI",Piccolo Teatro Studio Melato,L'isola di Arlecchino: dal 22 gennaio al Piccolo,https://www.milanotoday.it/eventi/isola-arlecchino-spettacolo.html,Teatro e spettacolo,"Via Rivoli, Brera, Municipio 1, Milano, Lombardia, 20121, Italia",45.4726101,9.1828069
Incontri,22-01-20,2020-01-22,"Largo Marinai d'Italia, Milano, MI",Palazzina Liberty Dario Fo e Franca Rame,Theresia orchestra diretta da Alfredo Bernardini,https://www.milanotoday.it/eventi/theresia-orchestra-diretta-da-alfredo-bernardini.html,Formazione e networking,"Parco Vittorio Formentano, Municipio 4, Milano, Lombardia, Italia",45.4603042,9.2158439
Mostre,22-01-20,2020-01-22,"Via Privata Passo Pordoi, 7, Milano, MI",Hub/Art,Opening mostra people and things di Zino,https://www.milanotoday.it/eventi/opening-mostra-people-and-things-di-zino-zino.html,Arte e cultura,"Via Passo Pordoi, Scalo Romana, Municipio 5, Milano, Lombardia, 20139, Italia",45.4364043,9.2092881
Mostre,31-01-20,2020-01-22,"Alzaia Naviglio Grande, 4, Milano, MI",Vi.P. Gallery Milano,"Franco Maruotti, texturae / decostruzione del paesaggio",https://www.milanotoday.it/eventi/franco-maruotti-texturae-decostruzione-2020.html,Arte e cultura,"4, Alzaia Naviglio Grande, Navigli, Municipio 6, Milano, Lombardia, 20144, Italia",45.4521916,9.1761844
Spettacoli,22-01-20,2020-01-22,"Corso Magenta 24,20123, Milano, MI,Italia",MTM - Litta,Il venditore di sigari,https://www.teatro.it/spettacoli/milano/litta/2019-2020/il-venditore-di-sigari,Teatro e spettacolo,"24, Corso Magenta, Cerchia dei Navigli, Municipio 1, Milano, Lombardia, 20123, Italia",45.4658664,9.1782835
Disco&Feste,22-01-20,2020-01-22,"Piazza Venticinque Aprile, Milano, MI",EATALY SMERALDO,"Da Eataly tornano gli appuntamenti di ""Jazz Bar"", con tanti concerti dal vivo",https://www.milanotoday.it/eventi/eataly-concerti-jazz-gratis.html,Musica e vita notturna,"Piazza Venticinque Aprile, Brera, Municipio 9, Milano, Lombardia, 20100, Italia",45.480639,9.1875684
Spettacoli,22-01-20,2020-01-22,"v. Mons. Pogliani 7/a,ang. via Grandi,20090, Cesano Boscone, MI,Italia",Cristallo,After Miss Julie,https://www.teatro.it/spettacoli/cesano-boscone/cristallo/2019-2020/after-miss-julie,Teatro e spettacolo,"20090, Italy",45.407,9.1083
Mostre,22-01-20,2020-01-22,"Galleria Vittorio Emanuele II, 12, Milano, MI",Libreria Bocca,Sergio Armaroli. Camera d’eco,https://www.milanotoday.it/eventi/sergio-armaroli-camera-d-eco-sergio-armaroli-2020.html,Arte e cultura,"Libreria Bocca, 12, Galleria Vittorio Emanuele Secondo, Duomo, Municipio 1, Milano, Lombardia, 20121, Italia",45.4651429,9.1901652
Concerti,22-01-20,2020-01-22,"Largo Marinai d'Italia, Milano, MI",Palazzina Liberty,Theresia orchestra in concerto,https://www.milanotoday.it/eventi/theresia-orchestra-in-concerto-theresia-orchestra.html,Musica e vita notturna,"Parco Vittorio Formentano, Municipio 4, Milano, Lombardia, Italia",45.4603042,9.2158439
Teatri,02-02-20,2020-01-22,"Via Pier Lombardo, 14, Milano, MI",Teatro Franco Parenti,Nel mare ci sono i coccodrilli - Storia vera di Enalatollah Akbari: al Parenti dal 22 gennaio,https://www.milanotoday.it/eventi/nel-mare-ci-sono-coccodrilli-spettacolo.html,Teatro e spettacolo,"Via Pier Lombardo, Porta Romana, Municipio 4, Milano, Lombardia, 20135, Italia",45.4542958,9.2063109
Manifestazioni,26-01-20,2020-01-23,"Via Giuseppe di Vittorio, Milano, MI",Mediolanum Forum,Disney on Ice: la favola di Frozen in un emozionante spettacolo sul ghiaccio,https://www.milanotoday.it/eventi/disney-spettacolo-frozen-forum-assago.html,Altri eventi,"Via Giuseppe Di Vittorio, Pontesesto, Rozzano, Milano, Lombardia, 20072, Italia",45.3848731,9.1854672
Incontri,23-01-20,2020-01-23,"Via Alessandro Tadino, 18, Milano, MI",Libreria Popolare di via Tadino,"Giulia Martini presenta ""coppie minime"" a Milano",https://www.milanotoday.it/eventi/giulia-martini-presenta-coppie-minime-a-milano.html,Formazione e networking,"18, Via Alessandro Tadino, Buenos Aires - Venezia, Municipio 3, Milano, Lombardia, 20124, Italia",45.4787183,9.2074198
Spettacoli,23-01-20,2020-01-23,"Via Giordano Rota 1,20145, Milano, MI,Italia",Nazionale Italiana Assicurazioni,Con tutto il cuore,https://www.teatro.it/spettacoli/milano/nazionale-chebanca/2019-2020/con-tutto-il-cuore,Teatro e spettacolo,"20145, Italy",45.4643,9.1895
Spettacoli,23-01-20,2020-01-23,"Via Giordano Rota 1,20145, Milano, MI,Italia",Nazionale Italiana Assicurazioni,Con tutto il cuore,https://www.teatro.it/spettacoli/milano/nazionale-chebanca/2019-2020/con-tutto-il-cuore,Teatro e spettacolo,"20145, Italy",45.4643,9.1895
Mostre,09-02-20,2020-01-23,"Via Luigi Canonica, 38, Milano, MI",Art Studio 38,Dal pensiero…alla materia. Inaugura a Milano la mostra personale di Daniela Rancati,https://www.milanotoday.it/eventi/mostra-personale-di-daniela-rancati.html,Arte e cultura,"38, Via Luigi Canonica, Sarpi, Municipio 1, Milano, Lombardia, 20154, Italia",45.4792227,9.1739287
Mostre,15-02-20,2020-01-23,"Via Ulrico Hoepli, 3a, Milano, MI",Galleria San Fedele,Parte da Milano la mostra su “la bellezza del crocifisso”,https://www.milanotoday.it/eventi/parte-da-milano-la-mostra-su-la-bellezza-del-crocifisso-2020.html,Arte e cultura,"Via Ulrico Hoepli, Duomo, Municipio 1, Milano, Lombardia, 20122, Italia",45.4665215,9.1926359
,23-01-20,2020-01-23,"Via Ulisse Gobbi, 5, Milano, MI",Aula Magna Università Bocconi,"“Perché non sono nata coniglio”. Letture, musica, poesie per Lydia Franceschi",https://www.milanotoday.it/eventi/perche-non-sono-nata-coniglio-letture-musica.html,Non classificato,"Biblioteca Università Bocconi, 5, Via Ulisse Gobbi, Vigentina, Municipio 5, Milano, Lombardia, 20136, Italia",45.4485576,9.1887032
Spettacoli,23-01-20,2020-01-23,"Piazza Risorgimento 19,20066, Melzo, MI,Italia",Trivulzio,Se non posso ballare... non è la mia Rivoluzione,https://www.teatro.it/spettacoli/melzo/trivulzio/2019-2020/se-non-posso-ballare,Teatro e spettacolo,"Piazza Risorgimento, Melzo, Milano, Lombardia, 20066, Italia",45.5003449,9.4229132
Concerti,23-01-20,2020-01-23,"Via Padova, 133, Milano, MI",Spazio Ligera,Pizzica&tarantelle con i briganti&salvatore,https://www.milanotoday.it/eventi/pizzica-tarantelle-con-i-briganti-salvatore-briganti-2019.html,Musica e vita notturna,"133, Via Padova, Padova, Municipio 2, Milano, Lombardia, 20127, Italia",45.4981557,9.2324267
Spettacoli,24-01-20,2020-01-24,"Piazza S. Magno,20025, Legnano, MI,Italia",Galleria,Nel tempo degli dei - Il calzolaio di Ulisse,https://www.teatro.it/spettacoli/legnano/galleria/2019-2020/il-calzolaio-di-ulisse,Teatro e spettacolo,"Piazza San Magno, San Magno, Oltresempione, Legnano, Milano, Lombardia, 20025, Italia",45.5948853,8.9184024
Teatri,26-01-20,2020-01-24,"Via Giacomo Watt, 32, Milano, MI",fACTORy32,The play,https://www.milanotoday.it/eventi/the-play-2020.html,Teatro e spettacolo,"32, Via Giacomo Watt, San Cristoforo, Municipio 6, Milano, Lombardia, 20143, Italia",45.4436684,9.1508319
Concerti,24-01-20,2020-01-24,"Via Gualdo Priorato, 5, Milano, MI",Serraglio,Moa Holmsten in concerto al Serraglio,https://www.milanotoday.it/eventi/moa-holmsten-in-concerto-al-serraglio.html,Musica e vita notturna,"Via Gualdo Priorato, Lambrate, Municipio 3, Milano, Lombardia, 20134, Italia",45.4739432,9.2432319
Concerti,24-01-20,2020-01-24,"Via Circonvallazione Idroscalo, 41, Milano, MI",Magnolia,I Tropea in concerto al Magnolia per una serata all'insegna del pop,https://www.milanotoday.it/eventi/tropea-magnolia-concerto-pop.html,Musica e vita notturna,"Circolo Magnolia, 41, Via Circonvallazione Idroscalo, Novegro, Segrate, Milano, Lombardia, 20054, Italia",45.4637036,9.286076
Mostra,19-04-20,2020-01-24,"Piazzale Castello, Milano, MI",Castello Sforzesco,L’atelier di Leonardo e il Salvator Mundi,,Arte e cultura,"Piazzale Luigi Cadorna, Cerchia dei Navigli, Municipio 1, Milano, Lombardia, 20123, Italia",45.4683729,9.1773559
Incontri,24-01-20,2020-01-24,"Via Monte Ortigara, 30, Milano, MI",Memo Restaurant,Musica leggera tra lo swing e la balera,https://www.milanotoday.it/eventi/musica-leggera-tra-lo-swing-e-la-balera-2020.html,Formazione e networking,"Via Monte Ortigara, Umbria - Molise, Municipio 4, Milano, Lombardia, 20137, Italia",45.4587085,9.2234474
Incontri,25-01-20,2020-01-25,"Piazza del Duomo, Milano, MI",Duomo,Il Duomo al tempo di Leonardo: una visita guidata dedicata al grande genio,https://www.milanotoday.it/eventi/il-duomo-al-tempo-di-leonardo-una-visita-guidata-dedicata-al-grande-genio.html,Formazione e networking,"Piazza del Duomo, Duomo, Municipio 1, Milano, Lombardia, Italia",45.4639102,9.1906398
Spettacoli,25-01-20,2020-01-25,"via Procaccini,4,20100, Milano, MI,Italia",La Fabbrica del Vapore,Che farebbe Cyrano?,https://www.teatro.it/spettacoli/milano/la-fabbrica-del-vapore/2019-2020/che-farebbe-cyrano,Teatro e spettacolo,"4, Via Giulio Cesare Procaccini, Bullona, Porta Volta, Municipio 8 di Milano, Milano, Lombardia, 20154, Italia",45.4839945,9.1753796
Spettacoli,25-01-20,2020-01-25,"p.zza IV Novembre 3,20025, Legnano, MI,Italia",Talisio Tirinnanzi,E pensare che c'era Giorgio Gaber,https://www.teatro.it/spettacoli/legnano/talisio-tirinnanzi/2019-2020/e-pensare-che-cera-giorgio-gaber,Teatro e spettacolo,"Scuola Secondaria di Primo Grado Giovanni Ungaretti, 3, Piazza Quattro Novembre, San Giorgio su Legnano, Milano, Lombardia, 20034, Italia",45.5765251,8.9157963
Spettacoli,25-01-20,2020-01-25,"Piazza S. Magno,20025, Legnano, MI,Italia",Galleria,The Legend of Morricone,https://www.teatro.it/spettacoli/legnano/galleria/2019-2020/the-legend-of-morricone,Teatro e spettacolo,"Piazza San Magno, San Magno, Oltresempione, Legnano, Milano, Lombardia, 20025, Italia",45.5948853,8.9184024
Spettacoli,25-01-20,2020-01-25,"Via Alessandro Manzoni 42,20121, Milano, MI,Italia",Manzoni,Peter Pan (mini-musical),https://www.teatro.it/spettacoli/milano/manzoni/2019-2020/peter-pan,Teatro e spettacolo,"Teatro Manzoni, 42, Via Alessandro Manzoni, Cerchia dei Navigli, Municipio 1, Milano, Lombardia, 20121, Italia",45.4710286,9.1944762
Concerti,25-01-20,2020-01-25,"Via Fezzan, 11, Milano, MI",Ecoteatro,Dalla cucina al palco: Joe Bastianich in un nuovo concerto rock a Milano,https://www.milanotoday.it/eventi/joe-bastianich-concerto-rock.html,Musica e vita notturna,"EcoTeatro, 11, Via Fezzan, Bande Nere, Municipio 6, Milano, Lombardia, 20146, Italia",45.4592109,9.1459527
Concerti,25-01-20,2020-01-25,"Corso di Porta Vittoria, 43, Milano, MI",Camera del Lavoro,“Stravinsky in Jazz”: un concerto di cinque jazzisti in arrivo alla Camera del Lavoro,https://www.milanotoday.it/eventi/stravinsky-jazz-concerto-camera-lavoro.html,Musica e vita notturna,"43, Corso di Porta Vittoria, Guastalla, Municipio 1, Milano, Lombardia, 20122, Italia",45.4624935,9.2038876
Incontri,25-01-20,2020-01-25,"Via Vigevano, Milano, MI",Tenoha,Una giornata da Tenoha tra artisti e artigiani giapponesi,https://www.milanotoday.it/eventi/festa-tenoha-giappone.html,Formazione e networking,"Via Vigevano, Navigli, Municipio 6, Milano, Lombardia, 20123, Italia",45.4529051,9.1745879
,26-01-20,2020-01-25,"Via Gaudenzio Fantoli, Milano, MI",FABRIQUE,Rkomi in concerto a Milano con due date imperdibili,https://www.milanotoday.it/eventi/rkomi-concerto-fabrique.html,Non classificato,"Via Gaudenzio Fantoli, Mecenate, Municipio 4, Milano, Lombardia, 20059, Italia",45.4495677,9.2558998
Incontri,25-01-20,2020-01-25,"Via Bernardino Telesio, 13, Milano, MI",Fondazione Franco Albini,Una speciale visita guidata sulla metropolitana milanese,https://www.milanotoday.it/eventi/visita-metropolitana-milanese.html,Formazione e networking,"13, Via Bernardino Telesio, Pagano, Municipio 1, Milano, Lombardia, 20145, Italia",45.4694426,9.1642181
Mostre,06-02-20,2020-01-25,"Via Ettore Troilo, 14, Milano, MI",Portineria 14,"Marginalità, ritratti d'invisibili",https://www.milanotoday.it/eventi/marginalita-ritratti-d-invisibili-ljdia-2020.html,Arte e cultura,"Portineria 14, 14, Via Ettore Troilo, Ticinese, Municipio 5, Milano, Lombardia, 20136, Italia",45.4463549,9.1777191
Incontri,25-01-20,2020-01-25,"Piazza del Duomo, Milano, MI",Duomo,Una visita speciale nel Duomo alla scoperta di una mostra su Leonardo,https://www.milanotoday.it/eventi/visita-duomo-e-mostra-leonardo.html,Formazione e networking,"Piazza del Duomo, Duomo, Municipio 1, Milano, Lombardia, Italia",45.4639102,9.1906398
Teatri,25-01-20,2020-01-25,"Via Messina, 48, Milano, MI",Piccola scuola di Circo,Sonata per tubi: Beethoven al circo musicale,https://www.milanotoday.it/eventi/sonata-per-tubi-beethoven-al-circo-musicale-nando-e-maila-2020.html,Teatro e spettacolo,"48, Via Messina, Ghisolfa, Municipio 8 di Milano, Milano, Lombardia, 20154, Italia",45.488177,9.1720103
Incontri,30-01-20,2020-01-25,"Viale Pasubio, 2, Milano, MI",Corso Como,"Capodanno Cinese, ecco il topo gigante di Cathay Pacific",https://www.milanotoday.it/eventi/topo-gigante-corso-como.html,Formazione e networking,"Signorvino, 2, Viale Pasubio, GARIBALDI REPUBBLICA, Brera, Milano, Lombardia, 20154, Italia",45.4812546,9.1860677
Teatri,25-01-20,2020-01-25,"Via Lattanzio, 58, Milano, MI",Teatro Oscar,Risate da Oscar: Leonardo Manera 2020,https://www.milanotoday.it/eventi/risate-da-oscar-leonardo-manera-2020-leonardo-manera.html,Teatro e spettacolo,"Teatro Oscar DeSidera, 58/A, Via Lattanzio, Umbria - Molise, Municipio 4, Milano, Lombardia, 20137, Italia",45.4523298,9.2167181
Spettacoli,26-01-20,2020-01-26,"via Filodrammatici,1,20121, Milano, MI,Italia",Filodrammatici,La prova,https://www.teatro.it/spettacoli/milano/filodrammatici/2019-2020/la-prova,Teatro e spettacolo,"Teatro dei Filodrammatici, 1, Via Filodrammatici, Brera, Municipio 1, Milano, Lombardia, 20121, Italia",45.467261,9.188435
,26-01-20,2020-01-26,"Alzaia Naviglio Grande, Milano, MI",Naviglio Grande,"Torna il mitico Cimento, il tuffo (a mezzanotte) nelle acque gelide del Naviglio a Milano",https://www.milanotoday.it/eventi/cimento-tuffo-navigli.html,Non classificato,"Alzaia Naviglio Grande, Navigli, Municipio 6, Milano, Lombardia, 20136, Italia",45.4520419,9.1756524
Manifestazioni,29-01-20,2020-01-26,"Via Giuseppe di Vittorio, Milano, MI",Mediolanum Forum,Disney On Ice: la magia di Frozen in uno spettacolo per bambini sul ghiaccio,https://www.milanotoday.it/eventi/spettacolo-ghiaccio-frozen-forum.html,Altri eventi,"Via Giuseppe Di Vittorio, Pontesesto, Rozzano, Milano, Lombardia, 20072, Italia",45.3848731,9.1854672
Mostre,23-02-20,2020-01-26,"Via Grigna, 5, Milano, MI",Macró Maudit Teáter,“Le domeniche al Teáter”,https://www.milanotoday.it/eventi/le-domeniche-al-teater-lorenzo-sangalli-attori-e-lettori-macro-maudit-teater-liliana-paoloni-elisabetta-vergani-matteo-tarussello-7124446.html,Arte e cultura,"5, Via Grigna, Cagnola, Ghisolfa, Municipio 8 di Milano, Milano, Lombardia, 20155, Italia",45.4925957,9.1573858
Teatri,26-01-20,2020-01-26,"Via Fratelli Zoia, Milano, MI",Spazio Teatro 89,"Bambini a teatro: arriva lo spettacolo “Di qua e di là, storia di un piccolo muro”",https://www.milanotoday.it/eventi/bambini-spettacolo-teatro-89.html,Teatro e spettacolo,"Via Fratelli Zoia, Quarto Cagnino, Municipio 7, Milano, Lombardia, 20153, Italia",45.4727377,9.1095179
Spettacoli,26-01-20,2020-01-26,"Via Varese,29,20024, Garbagnate Milanese, MI,Italia",Italia,After Miss Julie,https://www.teatro.it/spettacoli/garbagnate-milanese/italia/2019-2020/after-miss-julie,Teatro e spettacolo,"Via Varese, Quadrifoglio, Santa Maria Rossa, Garbagnate Milanese, Milano, Lombardia, 20024, Italia",45.5758278,9.0778952
Incontri,26-01-20,2020-01-26,"Via Gaetano de Castillia, Milano, MI",Biblioteca degli Alberi,"Giornata della Memoria alla Biblioteca degli Alberi, tra passeggiate ed incontri gratis per bambini",https://www.milanotoday.it/eventi/giornata-memoria-biblioteca-alberi.html,Formazione e networking,"Via Gaetano De Castillia, Isola, Municipio 9, Milano, Lombardia, 20100, Italia",45.4858553,9.1928992
Teatri,26-01-20,2020-01-26,"Via Mac Mahon, 16, Milano, MI",Teatro Out Off,"Io vergine, tu pesci?",https://www.milanotoday.it/eventi/io-vergine-tu-pesci-giuseppe-sorgi-2020.html,Teatro e spettacolo,"Via Mac Mahon, Villapizzone, Municipio 8 di Milano, Milano, Lombardia, 20155, Italia",45.4970636,9.153938
Mostre,26-01-20,2020-01-26,"Via Torino, 64, Milano, MI",Art Mall Gallery,Born romantic all'art mall di via Torino,https://www.milanotoday.it/eventi/born-romantic-all-art-mall-di-via-torino-born-romantic.html,Arte e cultura,"Natura, 64, Via Torino, Cerchia dei Navigli, Municipio 1, Milano, Lombardia, 20123, Italia",45.4607911,9.1827157
Cinema,26-01-20,2020-01-26,"Viale Fulvio Testi, Milano, MI",MIC – Museo Interattivo del Cinema,"Uno speciale viaggio in Australia al Mic, con un documentario in difesa dei canguri",https://www.milanotoday.it/eventi/film-australia-canguri-cinema.html,Arte e cultura,"Viale Fulvio Testi, Bicocca, Municipio 9, Milano, Lombardia, 20126, Italia",45.5263259,9.2120234
Incontri,02-02-20,2020-01-26,"Piazza Edmond Jacob Safra, Milano, MI",Memoriale della Shoah,Memoriale della Shoah: le iniziative per il Giorno della Memoria e un incontro con Liliana Segre,https://www.milanotoday.it/eventi/giorno-memoria-liliana-segre.html,Formazione e networking,"Piazza Edmond Jacob Safra, Centrale, Municipio 2, Milano, Lombardia, 20124, Italia",45.4880206,9.2082383
Spettacoli,26-01-20,2020-01-26,"Corso Buenos Aires 33,20124, Milano, MI,Italia",Elfo Puccini - sala Shakespeare,Atti osceni. I tre processi di Oscar Wilde,https://www.teatro.it/spettacoli/milano/elfo-puccini-sala-shakespeare/2019-2020/atti-osceni-i-tre-processi-di-oscar-wilde,Teatro e spettacolo,"Teatro Elfo Puccini, 33, Corso Buenos Aires, Buenos Aires - Venezia, Municipio 3, Milano, Lombardia, 20124, Italia",45.4794317,9.2098387
Spettacoli,26-01-20,2020-01-26,"Piazza Cesare Beccaria 8,20122, Milano, MI,Italia",Gerolamo,Mimì in arte Mia Martini,https://www.teatro.it/spettacoli/milano/gerolamo/2019-2020/mimi-in-arte-mia-martini,Teatro e spettacolo,"Teatro Gerolamo, 8, Piazza Cesare Beccaria, Duomo, Municipio 1, Milano, Lombardia, 20122, Italia",45.464175,9.1945551
Spettacoli,26-01-20,2020-01-26,"via Filodrammatici,1,20121, Milano, MI,Italia",Filodrammatici,La prova,https://www.teatro.it/spettacoli/milano/filodrammatici/2019-2020/la-prova,Teatro e spettacolo,"Teatro dei Filodrammatici, 1, Via Filodrammatici, Brera, Municipio 1, Milano, Lombardia, 20121, Italia",45.467261,9.188435
Spettacoli,26-01-20,2020-01-26,"via Pier Lombardo 14,20135, Milano, MI,Italia",Franco Parenti - Sala 3,"Io, mai niente con nessuno avevo fatto",https://www.teatro.it/spettacoli/milano/teatro-franco-parenti-sala-3/2019-2020/io-mai-niente-con-nessuno-avevo-fatto,Teatro e spettacolo,"Via Pier Lombardo, Porta Romana, Municipio 4, Milano, Lombardia, 20135, Italia",45.4542958,9.2063109
Spettacoli,26-01-20,2020-01-26,"Corso Buenos Aires 33,20124, Milano, MI,Italia",Elfo Puccini - Sala Bausch,12 baci sulla bocca,https://www.teatro.it/spettacoli/milano/elfo-puccini-sala-bausch/2019-2020/12-baci-sulla-bocca,Teatro e spettacolo,"Teatro Elfo Puccini, 33, Corso Buenos Aires, Buenos Aires - Venezia, Municipio 3, Milano, Lombardia, 20124, Italia",45.4794317,9.2098387
Spettacoli,26-01-20,2020-01-26,"Largo Antonio Greppi,20121, Milano, MI,Italia",Piccolo Teatro - Teatro Strehler,La commedia della vanità,https://www.teatro.it/spettacoli/milano/piccolo-teatro-teatro-strehler/2019-2020/la-commedia-della-vanita,Teatro e spettacolo,"Largo Antonio Greppi, Cerchia dei Navigli, Municipio 1, Milano, Lombardia, 20121, Italia",45.4718502,9.1827114
Concerti,26-01-20,2020-01-26,"Largo Gustav Mahler, Milano, MI",Auditorium di Milano,"Pink Floyd, uno speciale concerto tributo con l'orchestra de LaVerdi",https://www.milanotoday.it/eventi/pink-floyd-concerto-auditorium.html,Musica e vita notturna,"Largo Gustav Mahler, Ticinese, Municipio 5, Milano, Lombardia, 20136, Italia",45.4463151,9.1792547
Spettacoli,26-01-20,2020-01-26,"Corso Venezia 2/A,20121, Milano, MI,Italia",San Babila,Un grande grido d'amore,https://www.teatro.it/spettacoli/milano/san-babila/2019-2020/un-grande-grido-damore,Teatro e spettacolo,"2a, Corso Venezia, Duomo, Municipio 1, Milano, Lombardia, 20121, Italia",45.4670204,9.1981104
Spettacoli,26-01-20,2020-01-26,"Via Alessandro Manzoni 42,20121, Milano, MI,Italia",Manzoni,La Bibbia riveduta e scorretta,https://www.teatro.it/spettacoli/milano/manzoni/2019-2020/la-bibbia-riveduta-e-scorretta,Teatro e spettacolo,"Teatro Manzoni, 42, Via Alessandro Manzoni, Cerchia dei Navigli, Municipio 1, Milano, Lombardia, 20121, Italia",45.4710286,9.1944762
Spettacoli,26-01-20,2020-01-26,"Corso Buenos Aires 33,20124, Milano, MI,Italia",Elfo Puccini - sala Shakespeare,Atti osceni. I tre processi di Oscar Wilde,https://www.teatro.it/spettacoli/milano/elfo-puccini-sala-shakespeare/2019-2020/atti-osceni-i-tre-processi-di-oscar-wilde,Teatro e spettacolo,"Teatro Elfo Puccini, 33, Corso Buenos Aires, Buenos Aires - Venezia, Municipio 3, Milano, Lombardia, 20124, Italia",45.4794317,9.2098387
Spettacoli,26-01-20,2020-01-26,"Via G. di Vittorio 6,20090, Assago, MI,Italia",Unipol Forum,Disney On Ice: Frozen - Il regno di ghiaccio,https://www.teatro.it/spettacoli/assago/mediolanum-forum/2019-2020/disney-on-ice-frozen-il-regno-di-ghiaccio,Teatro e spettacolo,"20090, Italy",45.407,9.1083
Spettacoli,26-01-20,2020-01-26,"Via Andrea Maria Ampère 1,20131, Milano, MI,Italia",MTM - Leonardo,Il giardino delle ciliegie,https://www.teatro.it/spettacoli/milano/leonardo/2019-2020/il-giardino-delle-ciliegie,Teatro e spettacolo,"Teatro Leonardo da Vinci, 1, Via Andrea Maria Ampère, Città Studi, Municipio 3, Milano, Lombardia, 20131, Italia",45.4795266,9.2263901
Spettacoli,26-01-20,2020-01-26,"Viale dell'Innovazione 20,20126, Milano, MI,Italia",Arcimboldi,Aggiungi un posto a tavola,https://www.teatro.it/spettacoli/milano/degli-arcimboldi/2019-2020/aggiungi-un-posto-a-tavola,Teatro e spettacolo,"20, Viale dell'Innovazione, Bicocca, Municipio 9, Milano, Lombardia, 20125, Italia",45.5148696,9.2135963
Spettacoli,26-01-20,2020-01-26,"Via Savona,10,20144, Milano, MI,Italia",Libero,Come sono diventato stupido,https://www.teatro.it/spettacoli/milano/libero/2019-2020/come-sono-diventato-stupido,Teatro e spettacolo,"10, Via Savona, Tortona, Municipio 6, Milano, Lombardia, 20144, Italia",45.4556132,9.1685852
Spettacoli,26-01-20,2020-01-26,"Viale dell'Innovazione 20,20126, Milano, MI,Italia",Arcimboldi,Aggiungi un posto a tavola,https://www.teatro.it/spettacoli/milano/degli-arcimboldi/2019-2020/aggiungi-un-posto-a-tavola,Teatro e spettacolo,"20, Viale dell'Innovazione, Bicocca, Municipio 9, Milano, Lombardia, 20125, Italia",45.5148696,9.2135963
Spettacoli,26-01-20,2020-01-26,"Corso di Porta Romana 63,20122, Milano, MI,Italia",Carcano,Ascanio Celestini - Barzellette,https://www.teatro.it/spettacoli/milano/carcano/2019-2020/barzellette,Teatro e spettacolo,"Teatro Carcano, 63, Corso di Porta Romana, Crocetta, Municipio 1, Milano, Lombardia, 20121, Italia",45.4566842,9.1955297
Spettacoli,26-01-20,2020-01-26,"Largo Antonio Greppi,20121, Milano, MI,Italia",Piccolo Teatro - Teatro Strehler,La commedia della vanità,https://www.teatro.it/spettacoli/milano/piccolo-teatro-teatro-strehler/2019-2020/la-commedia-della-vanita,Teatro e spettacolo,"Largo Antonio Greppi, Cerchia dei Navigli, Municipio 1, Milano, Lombardia, 20121, Italia",45.4718502,9.1827114
Incontri,26-01-20,2020-01-26,"Via Filodrammatici, Milano, MI",Teatro Filodrammatici,Dall'est con furore,https://www.milanotoday.it/eventi/dall-est-con-furore-2020.html,Formazione e networking,"Via Filodrammatici, Brera, Municipio 1, Milano, Lombardia, 20121, Italia",45.4673403,9.1886109
Spettacoli,26-01-20,2020-01-26,"via Pier Lombardo 14,20135, Milano, MI,Italia",Franco Parenti - Sala 3,"Io, mai niente con nessuno avevo fatto",https://www.teatro.it/spettacoli/milano/teatro-franco-parenti-sala-3/2019-2020/io-mai-niente-con-nessuno-avevo-fatto,Teatro e spettacolo,"Via Pier Lombardo, Porta Romana, Municipio 4, Milano, Lombardia, 20135, Italia",45.4542958,9.2063109
Incontri,26-01-20,2020-01-26,"Via Erba, 2, Milano, MI",,Un appuntamento imperdibile (gratis) alla scoperta del gatto siberiano,https://www.milanotoday.it/eventi/incontro-gratis-gatto-siberiano.html,Formazione e networking,"2, Via Erba, Cusano, Cusano Milanino, Zona Omogenea Milano Nord, Milano, Lombardia, 20095, Italia",45.5520532,9.1840748
Incontri,27-01-20,2020-01-27,"Via Festa del Perdono, 7, Milano, MI",Università degli Studi di Milano,Le iniziative alla Statale di Milano nel Giorno della Memoria,https://www.milanotoday.it/eventi/giornata-statale-giorno-memoria.html,Formazione e networking,"7, Via Festa del Perdono, Cerchia dei Navigli, Municipio 1, Milano, Lombardia, 20122, Italia",45.4603865,9.1939871
Spettacoli,27-01-20,2020-01-27,"Piazza Risorgimento 19,20066, Melzo, MI,Italia",Trivulzio,Testastorta - Una storia inventata,https://www.teatro.it/spettacoli/melzo/trivulzio/2019-2020/testastorta-una-storia-inventata,Teatro e spettacolo,"Piazza Risorgimento, Melzo, Milano, Lombardia, 20066, Italia",45.5003449,9.4229132
Incontri,27-01-20,2020-01-27,"Piazza dell'Ateneo Nuovo, 1, Milano, MI",Università Bicocca,Giorno della Memoria: in Bicocca arrivano le tracce degli studenti ebrei espulsi,https://www.milanotoday.it/eventi/giorno-della-memoria-bicocca-2020.html,Formazione e networking,"1, Piazza dell'Ateneo Nuovo, Bicocca, Municipio 9, Milano, Lombardia, 20126, Italia",45.5182975,9.2137546
Spettacoli,27-01-20,2020-01-27,"Via Rovello 2,20121, Milano, MI,Italia",Piccolo Teatro - Teatro Grassi,I me ciamava per nome: 44787,https://www.teatro.it/spettacoli/milano/piccolo-teatro-teatro-grassi/2019-2020/i-me-ciamava-per-nome-44787,Teatro e spettacolo,"2, Via Rovello, Brera, Milano, Lombardia, 20121, Italia",45.4665188,9.1847651
Incontri,27-01-20,2020-01-27,"Via Dante, 6, Milano, MI",Spazio Contemporaneo Carlo Talamucci Villa Visconti d'Aragona,"“Oltre il confine”,  concerto del cantautore Michelangelo Giordano per la giornata della memoria",https://www.milanotoday.it/eventi/oltre-il-confine-concerto-del-cantautore-michelangelo-giordano.html,Formazione e networking,"6, Via Dante Alighieri, Cascina Matta, Zelo, Mezzate, Peschiera Borromeo, Milano, Lombardia, 20068, Italia",45.436026,9.3110071
Teatri,27-01-20,2020-01-27,"Via Rovello, 2, Milano, MI",Piccolo Teatro Grassi,I me ciamava per nome: lo spettacolo arriva al Piccolo per la Giornata della memoria,https://www.milanotoday.it/eventi/me-ciamava-per-nome.html,Teatro e spettacolo,"2, Via Rovello, Brera, Milano, Lombardia, 20121, Italia",45.4665188,9.1847651
Concerti,27-01-20,2020-01-27,"Piazza Duca d'Aosta, 3, Milano, MI",Grattacielo Pirelli - Auditorium Gaber,"""Buon compleanno Mozart!"" Un nuovo concerto (gratis) all'Auditorium Gaber",https://www.milanotoday.it/eventi/concerto-mozart-gratis-auditorium-gaber.html,Musica e vita notturna,"3, Piazza Duca d'Aosta, Melzo, Milano, Lombardia, 20066, Italia",45.5012125,9.4173873
Incontri,27-01-20,2020-01-27,"Corso Magenta, 61, Milano, MI",FONDAZIONE “LE STELLINE” - SALA TOSCANINI,Roadshow cronicità,https://www.milanotoday.it/eventi/roadshow-cronicita-motore-sanita-2019.html,Formazione e networking,"61, Corso Magenta, Magenta - San Vittore, Municipio 1, Milano, Lombardia, 20123, Italia",45.4656392,9.1722471
Spettacoli,27-01-20,2020-01-27,"Via Alessandro Manzoni 42,20121, Milano, MI,Italia",Manzoni,European Pink Floyd Experience Tour,https://www.teatro.it/spettacoli/milano/manzoni/2019-2020/pink-sonic,Teatro e spettacolo,"Teatro Manzoni, 42, Via Alessandro Manzoni, Cerchia dei Navigli, Municipio 1, Milano, Lombardia, 20121, Italia",45.4710286,9.1944762
Concerti,27-01-20,2020-01-27,"Via Dante, 6, Milano, MI",Spazio Contemporaneo Carlo Talamucci Villa Visconti d'Aragona,In occasione della giornata della memoria concerto-evento “oltre il confine”  con il cantautore Michelangelo Giordano,https://www.milanotoday.it/eventi/memoria-concerto-evento-2020.html,Musica e vita notturna,"6, Via Dante Alighieri, Cascina Matta, Zelo, Mezzate, Peschiera Borromeo, Milano, Lombardia, 20068, Italia",45.436026,9.3110071
Teatri,16-02-20,2020-01-28,"Largo Greppi, 1, Milano, MI",Piccolo Teatro Strehler,Un nemico del popolo: dal 28 gennaio al 16 febbraio al Piccolo,https://www.milanotoday.it/eventi/nemico-del-popolo-piccolo.html,Teatro e spettacolo,"Largo Antonio Greppi, Cerchia dei Navigli, Municipio 1, Milano, Lombardia, 20121, Italia",45.4718502,9.1827114
Teatri,02-02-20,2020-01-28,"Largo Greppi, Milano, MI",Piccolo Teatro Strehler,Il Principe Ranocchio swing – Cappuccetto Rosso rock: lo spettacolo torna allo Strehler,https://www.milanotoday.it/eventi/principe-ranocchio-spettacolo.html,Teatro e spettacolo,"Largo Antonio Greppi, Cerchia dei Navigli, Municipio 1, Milano, Lombardia, 20121, Italia",45.4718502,9.1827114
Spettacoli,28-01-20,2020-01-28,"Via Filodrammatici 2,20121, Milano, MI,Italia",Teatro Alla Scala,Cenerentola per bambini,https://www.teatro.it/spettacoli/milano/teatro-alla-scala/2019-2020/cenerentola-per-bambini,Teatro e spettacolo,"2, Via Filodrammatici, Brera, Milano, Lombardia, 20121, Italia",45.4676198,9.1884287
Incontri,28-01-20,2020-01-28,"Piazza Leonardo da Vinci, 32, Milano, MI",Aula De Donato,"Auschwitz, tra storia e memoria",https://www.milanotoday.it/eventi/auschwitz-tra-storia-e-memoria-2020.html,Formazione e networking,"32, Piazza Leonardo da Vinci, Città Studi, Municipio 3, Milano, Lombardia, 20133, Italia",45.4778083,9.2272468
Spettacoli,28-01-20,2020-01-28,"Via Filodrammatici 2,20121, Milano, MI,Italia",Teatro Alla Scala,Cenerentola per bambini,https://www.teatro.it/spettacoli/milano/teatro-alla-scala/2019-2020/cenerentola-per-bambini,Teatro e spettacolo,"2, Via Filodrammatici, Brera, Milano, Lombardia, 20121, Italia",45.4676198,9.1884287
,02-02-20,2020-01-28,"Via Pier Lombardo, 14, Milano, MI",Teatro Franco Parenti,• Ne veryu • Non ci credo,https://www.milanotoday.it/eventi/ne-veryu-non-ci-credo-egidia-bruno-vladimir-denissenkov.html,Non classificato,"Via Pier Lombardo, Porta Romana, Municipio 4, Milano, Lombardia, 20135, Italia",45.4542958,9.2063109
Teatri,02-02-20,2020-01-28,"Via Pier Lombardo, 14, Milano, MI",Teatro Franco Parenti,"""Ne Veryu – Non ci credo K. S. Stanislavskij"": lo spettacolo in scena al Parenti",https://www.milanotoday.it/eventi/ne-veryu-spettacolo.html,Teatro e spettacolo,"Via Pier Lombardo, Porta Romana, Municipio 4, Milano, Lombardia, 20135, Italia",45.4542958,9.2063109
Spettacoli,28-01-20,2020-01-28,"Via Ciro Menotti 11,20129, Milano, MI,Italia",Menotti,Corpo di stato - Il delitto Moro: una generazione divisa,https://www.teatro.it/spettacoli/milano/menotti/2019-2020/corpo-di-stato-il-delitto-moro-una-generazione-divisa,Teatro e spettacolo,"11, Via Ciro Menotti, Buenos Aires - Venezia, Municipio 3, Milano, Lombardia, 20129, Italia",45.4699888,9.2132156
Teatri,16-02-20,2020-01-28,"Via Rovello, 2, Milano, MI",Piccolo Teatro Strehler,Un nemico del popolo con Massimo Popolizio,https://www.milanotoday.it/eventi/nemico-popolo-massimo-popolizio.html,Teatro e spettacolo,"2, Via Rovello, Brera, Milano, Lombardia, 20121, Italia",45.4665188,9.1847651
Spettacoli,29-01-20,2020-01-29,"Via Ciro Menotti 11,20129, Milano, MI,Italia",Menotti,Tracce,https://www.teatro.it/spettacoli/milano/menotti/2019-2020/tracce,Teatro e spettacolo,"11, Via Ciro Menotti, Buenos Aires - Venezia, Municipio 3, Milano, Lombardia, 20129, Italia",45.4699888,9.2132156
Spettacoli,29-01-20,2020-01-29,"vicolo Fiume 4,20092, Cinisello Balsamo, MI,Italia",Pax,Perlasca. Il coraggio di dire no,https://www.teatro.it/spettacoli/cinisello-balsamo/pax/2019-2020/perlasca-il-coraggio-di-dire-no,Teatro e spettacolo,"CineTeatro Pax, 4, Vicolo Fiume, Cinisello, Cinisello Balsamo, Zona Omogenea Milano Nord, Milano, Lombardia, 20092, Italia",45.5564874,9.2169118
Spettacoli,29-01-20,2020-01-29,"Via Alessandro Manzoni 42,20121, Milano, MI,Italia",Manzoni,"Roba minima, s'intend!",https://www.teatro.it/spettacoli/milano/manzoni/2019-2020/roba-minima-sintend,Teatro e spettacolo,"Teatro Manzoni, 42, Via Alessandro Manzoni, Cerchia dei Navigli, Municipio 1, Milano, Lombardia, 20121, Italia",45.4710286,9.1944762
Concerti,29-01-20,2020-01-29,"Viale Toscana, 31, Milano, MI",Santeria Toscana 31,The Leading Guy a Milano: ecco come avere i biglietti scontati,https://www.milanotoday.it/eventi/the-leading-guy-29-gennaio-2020.html,Musica e vita notturna,"Santeria Toscana 31, 31, Viale Toscana, Vigentina, Municipio 5, Milano, Lombardia, 20136, Italia",45.4456408,9.1883503
Mostre,28-09-20,2020-01-30,"Largo Isarco, Milano, MI",Fondazione Prada,Porcellane antiche e colorati dipinti di arte contemporanea: la Cina in due mostre alla Fondazione Prada,https://www.milanotoday.it/eventi/mostre-fondazione-prada.html,Arte e cultura,"Largo Isarco, Scalo Romana, Municipio 5, Milano, Lombardia, 20135, Italia",45.4441542,9.2055359
Cinema,30-01-20,2020-01-30,"Via Nino Oxilia, 10, Milano, MI",Cinema Beltrade,"""Scherza con i fanti"" al cinema Beltrade: il capolavoro presentato alla mostra del Cinema di Venezia",https://www.milanotoday.it/eventi/film-scherza-fanti-cinema-beltrade.html,Arte e cultura,"Cinema Beltrade, 10, Via Nino Oxilia, Loreto, Municipio 2, Milano, Lombardia, 20127, Italia",45.4924673,9.214887
Cibo e Vino,30-01-20,2020-01-30,"Via Cecilio Stazio, 18, Milano, MI",Salumeria del Design,Uno speciale aperitivo milanese con musica: arriva la Ballata della Michetta,https://www.milanotoday.it/eventi/aperitivo-milanese-salumeria-design.html,Enogastronomia,"Salumeria del design, 18, Via Cecilio Stazio, Nolo, Municipio 2, Milano, Lombardia, 20131, Italia",45.4902921,9.2224905
Spettacoli,30-01-20,2020-01-30,"v. Matteotti 30,20064, Gorgonzola, MI,Italia",Sala Argentia,Ho perso il filo - Angela Finocchiaro,https://www.teatro.it/spettacoli/gorgonzola/sala-argentia/2019-2020/ho-perso-il-filo,Teatro e spettacolo,"Sala Argentia, 30, Via Giacomo Matteotti, Gorgonzola, Milano, Lombardia, 20064, Italia",45.5327792,9.4032916
Teatri,02-02-20,2020-01-30,"Piazza Piero Carnelli, Milano, MI",Teatro Delfino,Teatro Delfino: parlami d'amore con Caldonazzo e Branchetti,https://www.milanotoday.it/eventi/teatro-delfino-parlami-d-amore-con-caldonazzo-e-branchetti.html,Teatro e spettacolo,"Piazza Don Piero Carnelli, Mecenate, Municipio 4, Milano, Lombardia, 20059, Italia",45.4584915,9.2436908
Disco&Feste,31-01-20,2020-01-31,"Via Rovigno, 14, Milano, MI",Bocciofila Martesana,Una speciale sagra della carbonara e un omaggio ai mitici Blues Brothers,https://www.milanotoday.it/eventi/sagra-carbonara-concerto-blues-brothers.html,Musica e vita notturna,"14, Via Rovigno, Padova, Municipio 2, Milano, Lombardia, 20125, Italia",45.5030298,9.2197702
Teatri,02-02-20,2020-01-31,"Via Lattanzio, Milano, MI",Teatro Oscar,"""Quelle che pienamente... fanno cabaret"" al Teatro Oscar di Milano: dal 31 gennaio al 2 febbraio 2020",https://www.milanotoday.it/eventi/cabaret-femminile-lucia-vasini.html,Teatro e spettacolo,"Via Lattanzio, Umbria - Molise, Municipio 4, Milano, Lombardia, 20135, Italia",45.4492146,9.2140025
Disco&Feste,01-02-20,2020-01-31,"Via Pietrasanta, 16, Milano, MI",Magazzini Generali,The bloody beetroots dj set,https://www.milanotoday.it/eventi/the-bloody-beetroots-dj-set-2020.html,Musica e vita notturna,"16, Via Pietrasanta, Ex Om - Morivione, Municipio 5, Milano, Lombardia, 20141, Italia",45.4440954,9.1951652
Manifestazioni,02-02-20,2020-01-31,"Via Giovanni Battista Piranesi, 10, Milano, MI",Frigoriferi Milanesi,"""Writers, gli scrittori si raccontano"": la grande manifestazione con più di 50 autori torna ai Frigoriferi Milanesi",https://www.milanotoday.it/eventi/writers-incontro-scrittori-frigoriferi-milanesi.html,Altri eventi,"10, Via Giovanni Battista Piranesi, Corsica, Municipio 4, Milano, Lombardia, 20135, Italia",45.4605777,9.2259716
Manifestazioni,02-02-20,2020-01-31,"Viale Lodovico Scarampo, Milano, MI",Fieramilanocity,"Milano, torna la magia del Festival dell'Oriente",https://www.milanotoday.it/eventi/festival-oriente-2020.html,Altri eventi,"Viale Lodovico Scarampo, Portello, Municipio 8 di Milano, Milano, Lombardia, 20149, Italia",45.4809598,9.1510333
Mostre,02-03-20,2020-01-31,"Via San Sisto, 4, Milano, MI",Studio Museo Francesco Messina,Con straordinario trasporto: mostra prorogata fino al 2 marzo,https://www.milanotoday.it/eventi/con-straordinario-trasporto-mostra-prorogata.html,Arte e cultura,"4, Via San Sisto, Cerchia dei Navigli, Municipio 1, Milano, Lombardia, 20123, Italia",45.4607942,9.1815957
Incontri,31-01-20,2020-01-31,"Piazza del Duomo, Milano, MI",Feltrinelli,"Giulio Regeni, la presentazione del libro a quattro anni dalla scomparsa",https://www.milanotoday.it/eventi/giulio-regeni-incontro-libro-feltrinelli.html,Formazione e networking,"Piazza del Duomo, Duomo, Municipio 1, Milano, Lombardia, Italia",45.4639102,9.1906398
Disco&Feste,01-02-20,2020-02-01,"Via Giuseppe Candiani, 131, Milano, MI",La Scighera,Una notte flamenca tra ballerini e musica dal vivo,https://www.milanotoday.it/eventi/notte-flamenca-ballerini-concerto-scighera.html,Musica e vita notturna,"Civico 131, 131, Via Giuseppe Candiani, Bovisa, Municipio 9, Milano, Lombardia, 20158, Italia",45.5028773,9.1615665
Incontri,01-02-20,2020-02-01,"Via San Barnaba, 48, Milano, MI",Società Umanitaria,Stare insieme fa bene,https://www.milanotoday.it/eventi/stare-insieme-fa-bene.2020,Formazione e networking,"48, Via San Barnaba, Guastalla, Municipio 1, Milano, Lombardia, 20122, Italia",45.4599206,9.2019497
Incontri,22-02-20,2020-02-01,"Via Rembrandt, 67, Milano, MI",Centro Artistico Culturale Rembrandt 67,Architetture liquide di Silvia Senna,https://www.milanotoday.it/eventi/architetture-liquide-di-silvia-senna-silvia-senna-2020.html,Formazione e networking,"Via Rembrandt, Bande Nere, Municipio 7, Milano, Lombardia, 20147, Italia",45.4673537,9.1364376
Manifestazioni,01-02-20,2020-02-01,"Piazza I Maggio, Milano, MI",Palasesto,"Un emozionante spettacolo sul ghiaccio per i 10 anni della compagnia ""Ghiaccio Spettacolo""",https://www.milanotoday.it/eventi/spettacolo-ghiaccio-sesto.html,Altri eventi,"Piazza Primo Maggio, Soriano, Corbetta, Milano, Lombardia, 20011, Italia",45.4691186,8.9224205
Spettacoli,01-02-20,2020-02-01,"Via Ciro Menotti 11,20129, Milano, MI,Italia",Menotti,Kohlhaas,https://www.teatro.it/spettacoli/milano/menotti/2019-2020/kohlhaas,Teatro e spettacolo,"11, Via Ciro Menotti, Buenos Aires - Venezia, Municipio 3, Milano, Lombardia, 20129, Italia",45.4699888,9.2132156
Mercatini,02-02-20,2020-02-01,"Via Bergognone, 34, Milano, MI",Base Milano,Wunder Mrkt: a Base torna il Mercato delle Meraviglie con oggetti vintage e di design,https://www.milanotoday.it/eventi/wunder-market-mercatino-base.html,Mercati e shopping,"Wikimedia Italia, 34, Via Bergognone Da Fossano, Tortona, Municipio 6, Milano, Lombardia, 20144, Italia",45.4518657,9.1625146
Mostre,22-02-20,2020-02-01,"Via Rembrandt, Milano, MI",centro culturale Rembrandt,Silvia Senna architetture liquide,https://www.milanotoday.it/eventi/silvia-senna-architetture-liquide-silvia-senna.html,Arte e cultura,"Via Rembrandt, Bande Nere, Municipio 7, Milano, Lombardia, 20147, Italia",45.4673537,9.1364376
Incontri,22-02-20,2020-02-01,"Via Rembrandt, 67, Milano, MI",Centro Culturale Rembrandt,Rassegna stampa – Silvia Senna in mostra a Milano,https://www.milanotoday.it/eventi/rassegna-stampa-silvia-senna-in-mostra-2020.html,Formazione e networking,"Via Rembrandt, Bande Nere, Municipio 7, Milano, Lombardia, 20147, Italia",45.4673537,9.1364376
Incontri,22-02-20,2020-02-01,"Via Rembrandt, 67, Milano, MI",Rembrandt,Architetture liquide,https://www.milanotoday.it/eventi/architetture-liquide-silvia-senna.html,Formazione e networking,"Via Rembrandt, Bande Nere, Municipio 7, Milano, Lombardia, 20147, Italia",45.4673537,9.1364376
Mostre,22-02-20,2020-02-01,"Via Rembrandt, 67, Milano, MI",Centro artistico Rembrandt,Mostra d'arte architetture liquide di Silvia Senna,https://www.milanotoday.it/eventi/mostra-d-arte-architetture-liquide-2020.html,Arte e cultura,"Via Rembrandt, Bande Nere, Municipio 7, Milano, Lombardia, 20147, Italia",45.4673537,9.1364376
Incontri,01-02-20,2020-02-01,"Corso Garibaldi, 89, Milano, MI",Casa degli artisti,Rinasce dopo anni la Casa degli artisti: grande festa d'inaugurazione aperta a tutti,https://www.milanotoday.it/eventi/festa-inaugurazione-casa-artisti.html,Formazione e networking,"California Bakery, 89, Corso Giuseppe Garibaldi, Brera, Municipio 1, Milano, Lombardia, 20121, Italia",45.4766929,9.1840499
Mostre,13-02-20,2020-02-01,"Via Giuseppe dall'Occo, 1, Milano, MI",Centro Culturale Artistico Click Art,''Racconti di un pennello'' mostra personale di pittura di Camelia rostom,https://www.milanotoday.it/eventi/racconti-di-un-pennello-mostra-personale-di-pittura-2019.html,Arte e cultura,"Via Giuseppe Dall'Occo, Cormano, Zona Omogenea Milano Nord, Milano, Lombardia, 20032, Italia",45.5444599,9.1691639
Cinema,12-02-20,2020-02-01,"Viale Fulvio Testi, 121, Milano, MI",MIC – Museo Interattivo del Cinema,Una speciale rassegna dedicata a Buñuel e un film d'animazione in arrivo al Museo del Cinema,https://www.milanotoday.it/eventi/film-cartone-animato-bunuel-museo-cinema.html,Arte e cultura,"Fondazione Cineteca Italiana, 121, Viale Fulvio Testi, Niguarda - Cà Granda, Municipio 9, Milano, Lombardia, 20126, Italia",45.5133792,9.2039096
Disco&Feste,01-02-20,2020-02-01,"Via Gaudenzio Fantoli, 9, Milano, MI",FABRIQUE,"Torna la mitica serata ""Twist & Shout"" con le musiche degli anni '50 e '60",https://www.milanotoday.it/eventi/festa-twist-shout-discoteca.html,Musica e vita notturna,"Fabrique, 9, Via Gaudenzio Fantoli, Mecenate, Municipio 4, Milano, Lombardia, 20138, Italia",45.4521243,9.2522773
Manifestazioni,02-02-20,2020-02-02,"Via Paolo Sarpi, Milano, MI",Chinatown,Capodanno cinese 2020 a Milano domenica 2 febbraio 2020: sfilata del dragone in Paolo Sarpi (rimandato),https://www.milanotoday.it/eventi/capodanno-cinese-2020-2-febbraio.html,Altri eventi,"Via Paolo Sarpi, Sarpi, Porta Volta, Municipio 8 di Milano, Milano, Lombardia, 20154, Italia",45.4816918,9.1796056
Spettacoli,02-02-20,2020-02-02,"piazza Piero Carnelli,20138, Milano, MI,Italia",Delfino,Parlami d'amore,https://www.teatro.it/spettacoli/milano/delfino/2019-2020/parlami-damore,Teatro e spettacolo,"Piazza Don Piero Carnelli, Mecenate, Municipio 4, Milano, Lombardia, 20059, Italia",45.4584915,9.2436908
Spettacoli,02-02-20,2020-02-02,"Via Savona,10,20144, Milano, MI,Italia",Libero,Testastorta - Una storia inventata,https://www.teatro.it/spettacoli/milano/libero/2019-2020/testastorta-una-storia-inventata,Teatro e spettacolo,"10, Via Savona, Tortona, Municipio 6, Milano, Lombardia, 20144, Italia",45.4556132,9.1685852
Spettacoli,02-02-20,2020-02-02,"Piazza Cesare Beccaria 8,20122, Milano, MI,Italia",Gerolamo,La pianessa,https://www.teatro.it/spettacoli/milano/gerolamo/2019-2020/la-pianessa,Teatro e spettacolo,"Teatro Gerolamo, 8, Piazza Cesare Beccaria, Duomo, Municipio 1, Milano, Lombardia, 20122, Italia",45.464175,9.1945551
Spettacoli,02-02-20,2020-02-02,"via Pier Lombardo 14,20135, Milano, MI,Italia",Franco Parenti - Sala 3,Ne Veryu – Non ci credo,https://www.teatro.it/spettacoli/milano/franco-parenti-sala-3/2019-2020/ne-veryu-non-ci-credo-k-s-stanislavskij,Teatro e spettacolo,"Via Pier Lombardo, Porta Romana, Municipio 4, Milano, Lombardia, 20135, Italia",45.4542958,9.2063109
Spettacoli,02-02-20,2020-02-02,"via Pier Lombardo,14,20135, Milano, MI,Italia",Franco Parenti - Sala Grande,Skianto,https://www.teatro.it/spettacoli/milano/teatro-franco-parenti-sala-grande/2019-2020/skianto,Teatro e spettacolo,"Via Pier Lombardo, Porta Romana, Municipio 4, Milano, Lombardia, 20135, Italia",45.4542958,9.2063109
Spettacoli,02-02-20,2020-02-02,"via Giovanni Duprè 19,20155, Milano, MI,Italia",Guanella,Murder Ballad - Omicidio in rock,https://www.teatro.it/spettacoli/milano/guanella/2019-2020/murder-ballad-omicidio-in-rock,Teatro e spettacolo,"Via Giovanni Duprè, Ghisolfa, Municipio 8 di Milano, Milano, Lombardia, 20155, Italia",45.494526,9.1597343
Spettacoli,02-02-20,2020-02-02,"Via Hermada,8,20162, Milano, MI,Italia",della Cooperativa,I me ciamava per nome: 44787,https://www.teatro.it/spettacoli/milano/della-cooperativa/2019-2020/i-me-ciamava-per-nome-44787,Teatro e spettacolo,"8, Via privata Hermada, Niguarda - Cà Granda, Municipio 9, Milano, Lombardia, 20162, Italia",45.5147872,9.1901457
Spettacoli,02-02-20,2020-02-02,"Corso Buenos Aires,33,20124, Milano, MI,Italia",Teatro Elfo Puccini - sala Fassbinder,In piedi nel caos,https://www.teatro.it/spettacoli/milano/teatro-elfo-puccini-sala-fassbinder/2019-2020/in-piedi-nel-caos,Teatro e spettacolo,"Teatro Elfo Puccini, 33, Corso Buenos Aires, Buenos Aires - Venezia, Municipio 3, Milano, Lombardia, 20124, Italia",45.4794317,9.2098387
Spettacoli,02-02-20,2020-02-02,"Corso Magenta 24,20123, Milano, MI,Italia",MTM - Litta,La pianista perfetta,https://www.teatro.it/spettacoli/milano/litta/2019-2020/la-pianista-perfetta,Teatro e spettacolo,"24, Corso Magenta, Cerchia dei Navigli, Municipio 1, Milano, Lombardia, 20123, Italia",45.4658664,9.1782835
Spettacoli,02-02-20,2020-02-02,"Corso Buenos Aires 33,20124, Milano, MI,Italia",Elfo Puccini - sala Shakespeare,Arlecchino servitore di due padroni,https://www.teatro.it/spettacoli/milano/elfo-puccini-sala-shakespeare/2019-2020/arlecchino-servitore-di-due-padroni,Teatro e spettacolo,"Teatro Elfo Puccini, 33, Corso Buenos Aires, Buenos Aires - Venezia, Municipio 3, Milano, Lombardia, 20124, Italia",45.4794317,9.2098387
Spettacoli,02-02-20,2020-02-02,"Via Pier Lombardo 14,20135, Milano, MI,Italia",Franco Parenti - Sala Blu,Nel mare ci sono i coccodrilli,https://www.teatro.it/spettacoli/milano/teatro-franco-parenti-sala-acomea/2019-2020/nel-mare-ci-sono-i-coccodrilli,Teatro e spettacolo,"Via Pier Lombardo, Porta Romana, Municipio 4, Milano, Lombardia, 20135, Italia",45.4542958,9.2063109
Spettacoli,02-02-20,2020-02-02,"Corso di Porta Romana 63,20122, Milano, MI,Italia",Carcano,"Io, Don Chisciotte",https://www.teatro.it/spettacoli/milano/carcano/2019-2020/io-don-chisciotte,Teatro e spettacolo,"Teatro Carcano, 63, Corso di Porta Romana, Crocetta, Municipio 1, Milano, Lombardia, 20121, Italia",45.4566842,9.1955297
Spettacoli,02-02-20,2020-02-02,"Via Rivoli 6,20121, Milano, MI,Italia",Piccolo Teatro - Studio Melato,L’isola di Arlecchino,https://www.teatro.it/spettacoli/milano/piccolo-teatro-studio-melato/2019-2020/lisola-di-arlecchino,Teatro e spettacolo,"6, Via Rivoli, Brera, Municipio 1, Milano, Lombardia, 20121, Italia",45.4726093,9.182881
Manifestazioni,02-02-20,2020-02-02,"Viale Piemonte, 10, Milano, MI",Locale XO,"Una nuova Fiera del Disco a Magenta tra cd, dvd e dischi originali da scambiare",https://www.milanotoday.it/eventi/fiera-disco-magenta.html,Altri eventi,"10, Viale Piemonte, Quartiere Regina Elena, Milanino, Cusano Milanino, Zona Omogenea Milano Nord, Milano, Lombardia, 20095, Italia",45.547177,9.1885547
Spettacoli,02-02-20,2020-02-02,"Corso Buenos Aires,33,20124, Milano, MI,Italia",Teatro Elfo Puccini - sala Fassbinder,In piedi nel caos,https://www.teatro.it/spettacoli/milano/teatro-elfo-puccini-sala-fassbinder/2019-2020/in-piedi-nel-caos,Teatro e spettacolo,"Teatro Elfo Puccini, 33, Corso Buenos Aires, Buenos Aires - Venezia, Municipio 3, Milano, Lombardia, 20124, Italia",45.4794317,9.2098387
Spettacoli,02-02-20,2020-02-02,"Via Ciro Menotti 11,20129, Milano, MI,Italia",Menotti,Frollo,https://www.teatro.it/spettacoli/milano/menotti/2019-2020/frollo,Teatro e spettacolo,"11, Via Ciro Menotti, Buenos Aires - Venezia, Municipio 3, Milano, Lombardia, 20129, Italia",45.4699888,9.2132156
Spettacoli,03-02-20,2020-02-03,"via Gaudenzio Ferrari 11,20123, Milano, MI,Italia",Teatro i,Itaca per sempre,https://www.teatro.it/spettacoli/milano/teatro-i/2019-2020/itaca-per-sempre,Teatro e spettacolo,"Teatro i, 11, Via Gaudenzio Ferrari, Ticinese, Municipio 1, Milano, Lombardia, 20123, Italia",45.4551612,9.1767832
Incontri,03-02-20,2020-02-03,"Piazza del Duomo, Milano, MI",Mondadori Megastore,Presentazione libro Italia 5.0 di Walter Ruffinoni,https://www.milanotoday.it/eventi/italia-5.0-mondadori-electa,Formazione e networking,"Piazza del Duomo, Duomo, Municipio 1, Milano, Lombardia, Italia",45.4639102,9.1906398
Manifestazioni,08-02-20,2020-02-03,"Via Tortona, 56, Milano, MI",Mudec - Museo delle Culture Milano,"Al Mudec arriva ""Disordine & Armonia"", una settimana di incontri sui rapporti tra le religioni",https://www.milanotoday.it/eventi/laboratori-incontri-mudec-religioni.html,Altri eventi,"Mudec, 56, Via Tortona, Tortona, Municipio 6, Milano, Lombardia, 20144, Italia",45.4520455,9.1613185
Concerti,04-02-20,2020-02-04,"Via Filodrammatici, 2, Milano, MI",Teatro alla Scala,"4 febbraio, ore 20, concerto dell'orchestra dell'accademia del teatro alla scala a favore dei bambini di Haiti",https://www.milanotoday.it/eventi/4-febbraio-ore-20-concerto-dell-orchestra-dell-accademia-del-teatr.html,Musica e vita notturna,"2, Via Filodrammatici, Brera, Milano, Lombardia, 20121, Italia",45.4676198,9.1884287
Mostra,28-03-20,2020-02-04,"via Brera, 28, Milano, MI",Pinacoteca di Brera - Biblioteca Nazionale Braidense di Milano,Biblioteche riscoperte. Ab artis inventae origine,,Arte e cultura,"Istituto Nazionale di Astrofisica – Osservatorio astronomico di Brera, 28, Via Brera, Cerchia dei Navigli, Municipio 1, Milano, Lombardia, 20121, Italia",45.4715946,9.1889707
Manifestazioni,08-02-20,2020-02-04,"Via Giuseppe Gabetti, 15, Milano, MI",Mare Culturale Urbano,"""Sanremo Culturale Urbano"": un salotto per vedere e votare insieme il festival",https://www.milanotoday.it/eventi/sanremo-serata-festival-mare-urbano.html,Altri eventi,"Cascina Torrette di Trenno, 15, Via Giuseppe Gabetti, Quartiere Vercellese, Forze Armate, Municipio 7, Milano, Lombardia, 20147, Italia",45.4687457,9.1240256
Incontri,03-03-20,2020-02-04,"Via delle Ore, 3, Milano, MI",Fondazione Ambrosianeum,"Ambrosianeum: con ""i colori della resurrezione"" torna il ciclo ""bibbia e arte""",https://www.milanotoday.it/eventi/ambrosianeum-con-i-colori-della-resurrezione-2020.html,Formazione e networking,"Ambrosianeum, 3, Via delle Ore, Duomo, Municipio 1, Milano, Lombardia, 20122, Italia",45.4628936,9.1925597
Teatri,15-02-20,2020-02-04,"Via Rivoli, 6, Milano, MI",Piccolo Teatro Studio Melato,Romeo & Juliet (are dead): Shakespeare in lingua originale per teenager al Piccolo,https://www.milanotoday.it/eventi/romeo-and-juliet-spettacolo-piccolo.html,Teatro e spettacolo,"6, Via Rivoli, Brera, Municipio 1, Milano, Lombardia, 20121, Italia",45.4726093,9.182881
Concerti,04-02-20,2020-02-04,"Via Mortara, 4, Milano, MI",Corte dei Miracoli,From the bosphorus - f.murat belli - special guest bilge kocaarslan,https://www.milanotoday.it/eventi/from-the-bosphorus-f-murat-belli-2020.html,Musica e vita notturna,"Corte dei Miracoli, 4, Via Mortara, Navigli, Municipio 6, Milano, Lombardia, 20144, Italia",45.454031,9.1726822
Spettacoli,04-02-20,2020-02-04,"Viale dell'Innovazione 20,20126, Milano, MI,Italia",Arcimboldi,Alessandro Siani - Felicità Tour,https://www.teatro.it/spettacoli/milano/degli-arcimboldi/2019-2020/felicita-tour,Teatro e spettacolo,"20, Viale dell'Innovazione, Bicocca, Municipio 9, Milano, Lombardia, 20125, Italia",45.5148696,9.2135963
Spettacoli,05-02-20,2020-02-05,"C.so Matteotti,20,20121, Milano, MI,Italia",Nuovo,Germano Lanzoni - Ci aggiorniamo,https://www.teatro.it/spettacoli/milano/nuovo/2019-2020/germano-lanzoni-ci-aggiorniamo,Teatro e spettacolo,"20, Corso Giacomo Matteotti, Duomo, Municipio 1, Milano, Lombardia, 20121, Italia",45.4667336,9.1967703
Teatri,05-02-20,2020-02-05,"Via Padova, 133, Milano, MI",Spazio Ligera,Luigi Tenco: un uomo contro il sonno mentale,https://www.milanotoday.it/eventi/luigi-tenco-un-uomo-contro-il-sonno-mentale-luigi-tenco.html,Teatro e spettacolo,"133, Via Padova, Padova, Municipio 2, Milano, Lombardia, 20127, Italia",45.4981557,9.2324267
Spettacoli,05-02-20,2020-02-05,"v. Cavallari 4,20013, Magenta, MI,Italia",Lirico,Hollywood Burger,https://www.teatro.it/spettacoli/magenta/lirico/2019-2020/hollywood-burger,Teatro e spettacolo,"Via Brenno Cavallari, Magenta, Milano, Lombardia, 20013, Italia",45.4683141,8.8834486
Mostre,14-02-20,2020-02-05,"Via Giulio Cesare Procaccini, 4, Milano, MI",Fabbrica del Vapore,"Young, la nuova mostra fotografica gratuita arriva alla Fabbrica del Vapore",https://www.milanotoday.it/eventi/mostra-foto-fabbrica-vapore.html,Arte e cultura,"4, Via Giulio Cesare Procaccini, Bullona, Porta Volta, Municipio 8 di Milano, Milano, Lombardia, 20154, Italia",45.4839945,9.1753796
Spettacoli,05-02-20,2020-02-05,"Via Ciro Menotti 11,20129, Milano, MI,Italia",Menotti,Trincea,https://www.teatro.it/spettacoli/milano/menotti/2019-2020/trincea,Teatro e spettacolo,"11, Via Ciro Menotti, Buenos Aires - Venezia, Municipio 3, Milano, Lombardia, 20129, Italia",45.4699888,9.2132156
Spettacoli,06-02-20,2020-02-06,"Piazza Risorgimento 19,20066, Melzo, MI,Italia",Trivulzio,"Buon anno, ragazzi",https://www.teatro.it/spettacoli/melzo/trivulzio/2019-2020/buon-anno-ragazzi,Teatro e spettacolo,"Piazza Risorgimento, Melzo, Milano, Lombardia, 20066, Italia",45.5003449,9.4229132
Spettacoli,06-02-20,2020-02-06,"v. Mons. Pogliani 7/a,ang. via Grandi,20090, Cesano Boscone, MI,Italia",Cristallo,L'Instant Theatre,https://www.teatro.it/spettacoli/cesano-boscone/cristallo/2019-2020/linstant-theatre,Teatro e spettacolo,"20090, Italy",45.407,9.1083
Teatri,09-02-20,2020-02-06,"Corso Buenos Aires, 33, Milano, MI",Teatro Elfo Puccini,FrattoX: dal 6 al 9 febbraio all'Elfo Puccini,https://www.milanotoday.it/eventi/fratto-x-spettacolo.html,Teatro e spettacolo,"Teatro Elfo Puccini, 33, Corso Buenos Aires, Buenos Aires - Venezia, Municipio 3, Milano, Lombardia, 20124, Italia",45.4794317,9.2098387
Incontri,21-02-20,2020-02-06,"Via Antonio Cecchi, 8, Milano, MI",SBLU_spazioalbello,Gli attimi fuggenti - Domenico D’aria,https://www.milanotoday.it/eventi/gli-attimi-fuggenti-domenico-d-aria.html,Formazione e networking,"Via Antonio Cecchi, Washington, Municipio 7, Milano, Lombardia, 20146, Italia",45.4606001,9.1512169
Incontri,07-02-20,2020-02-06,"Via Tortona, 56, Milano, MI",Mudec - Museo delle Culture,"Workshops, due conferenze e una tavola rotonda dedicati al buddhismo: per i più giovani e per gli adulti. nella settimana dell’armonia tra le fedi",https://www.milanotoday.it/eventi/workshops-due-conferenze-e-una-tavola-rotonda-2020.html,Formazione e networking,"Mudec, 56, Via Tortona, Tortona, Municipio 6, Milano, Lombardia, 20144, Italia",45.4520455,9.1613185
Cibo e Vino,08-02-20,2020-02-06,"Corso Magenta, 61, Milano, MI",palazzo delle stelline,"A Palazzo delle Stelline arriva ""Olio Officina Festival"", con tante degustazioni dell'olio di oliva",https://www.milanotoday.it/eventi/olio-officina-festival-palazzo-stelline.html,Enogastronomia,"61, Corso Magenta, Magenta - San Vittore, Municipio 1, Milano, Lombardia, 20123, Italia",45.4656392,9.1722471
,06-02-20,2020-02-06,"Via degli Ailanti, 3, Milano, MI",Parco Testori,Alba Milano del 06-02-2020,https://www.milanotoday.it/eventi/alba-milano-2020.html,Non classificato,"3, Via degli Ailanti, Villapizzone, Municipio 8 di Milano, Milano, Lombardia, 20156, Italia",45.4995669,9.1521904
Incontri,08-05-20,2020-02-06,"Corso di Porta Nuova, 16, Milano, MI",Fondazione Tullio Castellani,Viaggio in occidente,https://www.milanotoday.it/eventi/viaggio-in-occidente-cao-yingbin-2020.html,Formazione e networking,"16, Corso di Porta Nuova, Brera, Municipio 1, Milano, Lombardia, 20121, Italia",45.4743207,9.1920519
Incontri,08-05-20,2020-02-06,"Corso di Porta Nuova, 16, Milano, MI",Fondazione Tullio Castellani,Cao Yingbin - Viaggio in occidente. Opere su carta,https://www.milanotoday.it/eventi/cao-yingbin-viaggio-in-occidente-opere-su-carta-2020.html,Formazione e networking,"16, Corso di Porta Nuova, Brera, Municipio 1, Milano, Lombardia, 20121, Italia",45.4743207,9.1920519
Incontri,14-02-20,2020-02-06,"Via San Fermo, 19, Milano, MI",Spazio HUS,Lo spazio oltre il tempo  mostra fotografica,https://www.milanotoday.it/eventi/lo-spazio-oltre-il-tempo-mostra-fotografica-sonia-granata-2019.html,Formazione e networking,"Via San Fermo, Baggio, Municipio 7, Villaggio Cavour, Settimo Milanese, Milano, Lombardia, 20019, Italia",45.4630575,9.0747604
Mostre,07-06-20,2020-02-07,"Piazza del Duomo, Milano, MI",Palazzo Reale,"Mostra ""Georges de La Tour. L' Europa della luce"" in visita con Milanoguida",https://www.milanotoday.it/eventi/mostra-georges-de-la-tour-palazzo-reale.html,Arte e cultura,"Piazza del Duomo, Duomo, Municipio 1, Milano, Lombardia, Italia",45.4639102,9.1906398
Mostre,27-09-20,2020-02-07,"Piazza del Duomo, 12, Milano, MI",Palazzo Reale,"Santi e mendicanti, 'pensatori' e giocatori: ecco Georges de La Tour, l'Europa della luce, la nuova mostra a Palazzo Reale",https://www.milanotoday.it/eventi/mostra-de-la-tour-palazzo-reale.html,Arte e cultura,"Giacomo, 12, Piazza del Duomo, Duomo, Municipio 1, Milano, Lombardia, 20100, Italia",45.4632066,9.1914879
Spettacoli,07-02-20,2020-02-07,"Piazza S. Magno,20025, Legnano, MI,Italia",Galleria,Finché social non ci separi,https://www.teatro.it/spettacoli/legnano/galleria/2019-2020/finche-social-non-ci-separi,Teatro e spettacolo,"Piazza San Magno, San Magno, Oltresempione, Legnano, Milano, Lombardia, 20025, Italia",45.5948853,8.9184024
Spettacoli,07-02-20,2020-02-07,"Via Varese,29,20024, Garbagnate Milanese, MI,Italia",Italia,"Buon anno, ragazzi",https://www.teatro.it/spettacoli/garbagnate-milanese/italia/2019-2020/buon-anno-ragazzi,Teatro e spettacolo,"Via Varese, Quadrifoglio, Santa Maria Rossa, Garbagnate Milanese, Milano, Lombardia, 20024, Italia",45.5758278,9.0778952
Concerti,08-02-20,2020-02-07,"Via Pietro Borsieri, 37, Milano, MI",Blue Note,Sydney Ellis in concerto al Blue Note,https://www.milanotoday.it/eventi/sydney-ellis-concerto-blue-note.html,Musica e vita notturna,"Blue Note, 37, Via Pietro Borsieri, Isola, Municipio 9, Milano, Lombardia, 20159, Italia",45.4895296,9.1888504
Mostre,07-02-20,2020-02-07,"Via Gerolamo Tiraboschi, 2, Milano, MI",Contemporary,Opening: kate tedman - the surface,https://www.milanotoday.it/eventi/opening-kate-tedman-the-surface-kate-tedman-2019.html,Arte e cultura,"2, Via Gerolamo Tiraboschi, Porta Romana, Municipio 4, Milano, Lombardia, 20135, Italia",45.4520144,9.2086223
Manifestazioni,09-02-20,2020-02-07,"Via Gattamelata, Milano, MI",Fiera Milano City,"500 tatuatori in arrivo per ""Milano Tattoo Convention"", il grande evento dedicato al tatuaggio",https://www.milanotoday.it/eventi/fiera-tatuaggio-biglietti-2020.html,Altri eventi,"Via Gattamelata, Portello, Municipio 8 di Milano, Milano, Lombardia, 20149, Italia",45.4851647,9.1504195
Mostre,09-02-20,2020-02-07,"Via Tortona, Milano, MI",Superstudio Più,L'arte a prezzi accessibili: Affordable Art Fair a Milano 2020,https://www.milanotoday.it/eventi/affordable-art-fair-arte-prezzi-accessibili.html,Arte e cultura,"Via Tortona, Tortona, Municipio 6, Milano, Lombardia, 20144, Italia",45.4508821,9.1588843
Disco&Feste,08-02-20,2020-02-07,"Via Ettore Ponti, 40, Milano, MI",BIKO Club,Jamming,https://www.milanotoday.it/eventi/jamming-studio-murena-2020.html,Musica e vita notturna,"40, Via Ettore Ponti, San Cristoforo, Municipio 6, Milano, Lombardia, 20143, Italia",45.4420773,9.1539092
Spettacoli,08-02-20,2020-02-08,"Via Filodrammatici 2,20121, Milano, MI,Italia",Teatro Alla Scala,Serata van Manen - Petit,https://www.teatro.it/spettacoli/milano/teatro-alla-scala/2019-2020/serata-van-manen-petit,Teatro e spettacolo,"2, Via Filodrammatici, Brera, Milano, Lombardia, 20121, Italia",45.4676198,9.1884287
Incontri,08-02-20,2020-02-08,"Via Antonio Stoppani, 12, Milano, MI",Associazione Alia,Conferenza: solitudini femminili,https://www.milanotoday.it/eventi/conferenza-solitudini-femminili-2020.html,Formazione e networking,"12, Via Antonio Stoppani, Buenos Aires - Venezia, Municipio 3, Milano, Lombardia, 20129, Italia",45.4754027,9.2128581
Mercatini,09-02-20,2020-02-08,"Via Lambrate, 18, Milano, MI",,"East Market lancia ""Retrograde"", un mercatino in un garage dedicato all'abbigliamento vintage",https://www.milanotoday.it/eventi/east-market-mercatino-garage-lambrate.html,Mercati e shopping,"California Hostel, 18, Via Lambrate, Loreto, Municipio 3, Milano, Lombardia, 20131, Italia",45.4899487,9.2257438
Sport,08-02-20,2020-02-08,"Piazza Antonio Gramsci, Milano, MI",Piazza Gramsci,"Capodanno Cinese, annullata la corsa solidale ""Chinatown New Year Run 2020""",https://www.milanotoday.it/eventi/chinatown-corsa-paolo-sarpi-capodanno-cinese.html,Sport e attività fisica,"Piazza Antonio Gramsci, Sarpi, Bullona, Municipio 8 di Milano, Milano, Lombardia, Italia",45.4816852,9.1686531
,08-02-20,2020-02-08,"Via Marco D'Oggiono, Milano, MI",Teatro LabArca,Milanin | Milano eil piccolo teatro: il grande amore,https://www.milanotoday.it/eventi/milanin-milano-eil-piccolo-teatro-2020.html,Non classificato,"Via Marco d'Oggiono, Ticinese, Municipio 1, Milano, Lombardia, 20123, Italia",45.4569667,9.1758861
Incontri,08-02-20,2020-02-08,"Via Mosè Bianchi, 94, Milano, MI",Teatro Centro PIME,"Giornata mondiale contro la tratta  convegno ""tratta e schiavitù:  il grande business delle mafie""",https://www.milanotoday.it/eventi/giornata-mondiale-contro-la-tratta-2020.html,Formazione e networking,"94, Via Mosè Bianchi, De Angeli - Monte Rosa, Municipio 7, Milano, Lombardia, 20149, Italia",45.4755322,9.1453668
Incontri,08-02-20,2020-02-08,"Via Marghera, 28, Milano, MI",Mondadori Megastore,Uno speciale incontro con Pikachu dal vivo,https://www.milanotoday.it/eventi/speciale-incontro-pikachu-mondadori.html,Formazione e networking,"Via Marghera, De Angeli - Monte Rosa, Municipio 7, Milano, Lombardia, 20149, Italia",45.4672414,9.1530456
,08-02-20,2020-02-08,"Via Campestre, Milano, MI",Oxy.gen,Massimo Priviero live,https://www.milanotoday.it/eventi/massimo-priviero-live-massimo-priviero-2020.html,Non classificato,"Via Campestre, Parpagliona, Cassina de' Gatti, Sesto San Giovanni, Zona Omogenea Milano Nord, Milano, Lombardia, 20099, Italia",45.53055,9.2506823
Incontri,08-02-20,2020-02-08,"Via Alessandro Tadino, 53, Milano, MI",Libreria Ragazzi,Una giornata per bambini tra libri e fumetti alla Libreria dei Ragazzi,https://www.milanotoday.it/eventi/giornata-libri-bambini-libreria-via-tadino.html,Formazione e networking,"53, Via Alessandro Tadino, Buenos Aires - Venezia, Municipio 3, Milano, Lombardia, 20124, Italia",45.481954,9.2103269
Manifestazioni,18-02-20,2020-02-08,"Piazza dei Mercanti, 2, Milano, MI",Palazzo Giureconsulti,A Milano arriva la prima mostra dei gioielli a forma di cuore,https://www.milanotoday.it/eventi/homi-mostra-gioielli-gratis.html,Altri eventi,"2, Piazza dei Mercanti, Duomo, Brera, Milano, Lombardia, 20123, Italia",45.4646697,9.1878971
Spettacoli,09-02-20,2020-02-09,"Via Andrea Maria Ampère 1,20131, Milano, MI,Italia",MTM - Leonardo,"Ulisse, il ritorno",https://www.teatro.it/spettacoli/milano/leonardo/2019-2020/ulisse-il-ritorno,Teatro e spettacolo,"Teatro Leonardo da Vinci, 1, Via Andrea Maria Ampère, Città Studi, Municipio 3, Milano, Lombardia, 20131, Italia",45.4795266,9.2263901
Manifestazioni,11-02-20,2020-02-09,"Viale Lodovico Scarampo, Milano, MI",Fieramilanocity,"Bit 2020, Borsa internazionale del Turismo a Milano, tutte le informazioni",https://www.milanotoday.it/eventi/bit-borsa-turismo-2020.html,Altri eventi,"Viale Lodovico Scarampo, Portello, Municipio 8 di Milano, Milano, Lombardia, 20149, Italia",45.4809598,9.1510333
Spettacoli,09-02-20,2020-02-09,"via Filodrammatici,1,20121, Milano, MI,Italia",Filodrammatici,La donna più grassa del mondo,https://www.teatro.it/spettacoli/milano/filodrammatici/2019-2020/la-donna-piu-grassa-del-mondo,Teatro e spettacolo,"Teatro dei Filodrammatici, 1, Via Filodrammatici, Brera, Municipio 1, Milano, Lombardia, 20121, Italia",45.467261,9.188435
Spettacoli,09-02-20,2020-02-09,"Viale dell'Innovazione 20,20126, Milano, MI,Italia",Arcimboldi,"Priscilla, la regina del deserto - Il musical",https://www.teatro.it/spettacoli/milano/degli-arcimboldi/2019-2020/priscilla-la-regina-del-deserto-il-musical,Teatro e spettacolo,"20, Viale dell'Innovazione, Bicocca, Municipio 9, Milano, Lombardia, 20125, Italia",45.5148696,9.2135963
Spettacoli,09-02-20,2020-02-09,"Corso Buenos Aires 33,20124, Milano, MI,Italia",Elfo Puccini - Sala Bausch,Guerra santa,https://www.teatro.it/spettacoli/milano/elfo-puccini-sala-bausch/2019-2020/guerra-santa,Teatro e spettacolo,"Teatro Elfo Puccini, 33, Corso Buenos Aires, Buenos Aires - Venezia, Municipio 3, Milano, Lombardia, 20124, Italia",45.4794317,9.2098387
Spettacoli,09-02-20,2020-02-09,"Via Pier Lombardo 14,20135, Milano, MI,Italia",Franco Parenti - Sala Blu,La purezza e il compromesso,https://www.teatro.it/spettacoli/milano/teatro-franco-parenti-sala-acomea/2019-2020/la-purezza-e-il-compromesso,Teatro e spettacolo,"Via Pier Lombardo, Porta Romana, Municipio 4, Milano, Lombardia, 20135, Italia",45.4542958,9.2063109
Spettacoli,09-02-20,2020-02-09,"Via Boltraffio 21,20159, Milano, MI,Italia",Fontana,Supermarket - A Modern Musical Tragedy,https://www.teatro.it/spettacoli/milano/fontana/2019-2020/supermarket-a-modern-musical-tragedy,Teatro e spettacolo,"21, Via Gian Antonio Boltraffio, Isola, Municipio 9, Milano, Lombardia, 20159, Italia",45.4921952,9.1878419
Fiere,11-02-20,2020-02-09,"Via Gattamelata, Milano, MI",Fiera Milano City,"A Milano torna Bit, la Borsa Internazionale del Turismo. Orari e biglietti",https://www.milanotoday.it/eventi/bit-2020-fiera-turismo.html,Mercati e shopping,"Via Gattamelata, Portello, Municipio 8 di Milano, Milano, Lombardia, 20149, Italia",45.4851647,9.1504195
,09-02-20,2020-02-09,"Viale Lodovico Scarampo, Milano, MI",BIT Fieramilanocity - Sala Green 5,The new sharing experience: le nuove frontiere del viaggio,https://www.milanotoday.it/eventi/the-new-sharing-experience-le-nuove-frontiere-del-viaggio.html,Non classificato,"Viale Lodovico Scarampo, Portello, Municipio 8 di Milano, Milano, Lombardia, 20149, Italia",45.4814899,9.1504724
Concerti,09-02-20,2020-02-09,"Via San Barnaba, 48, Milano, MI",Società Umanitaria,Un concerto nella magica cornice della Società Umanitaria,https://www.milanotoday.it/eventi/concerto-societa-umanitaria.html,Musica e vita notturna,"48, Via San Barnaba, Guastalla, Municipio 1, Milano, Lombardia, 20122, Italia",45.4599206,9.2019497
Spettacoli,09-02-20,2020-02-09,"piazza Piero Carnelli,20138, Milano, MI,Italia",Delfino,The Black Blues Brothers,https://www.teatro.it/spettacoli/milano/delfino/2019-2020/the-black-blues-brothers,Teatro e spettacolo,"Piazza Don Piero Carnelli, Mecenate, Municipio 4, Milano, Lombardia, 20059, Italia",45.4584915,9.2436908
Mostre,09-02-20,2020-02-09,"Piazza del Duomo, Milano, MI",Museo del Duomo,"Alla scoperta dell'opera di Leonardo per il Duomo, con una visita guidata per i più piccoli",https://www.milanotoday.it/eventi/visita-duomo-leonardo-bambini.html,Arte e cultura,"Piazza del Duomo, Duomo, Municipio 1, Milano, Lombardia, Italia",45.4639102,9.1906398
Inaugurazioni,09-02-20,2020-02-09,"Via Tortona, 27, Milano, MI",Superstudio Più,Experience the unexpected mammadimerda all’Affordable art fair di Milano,https://www.milanotoday.it/eventi/experience-the-unexpected-mammadimerda-2020.html,Inaugurazioni,"D-share, 27, Via Tortona, Tortona, Municipio 6, Milano, Lombardia, 20144, Italia",45.4506925,9.1634708
Spettacoli,09-02-20,2020-02-09,"Via Savona,10,20144, Milano, MI,Italia",Libero,Fame mia - Quasi un'autobiografia,https://www.teatro.it/spettacoli/milano/libero/2019-2020/fame-mia-quasi-unautobiografia,Teatro e spettacolo,"Langosteria 10, 10, Via Savona, Tortona, Municipio 6, Milano, Lombardia, 20144, Italia",45.4556259,9.1686303
Spettacoli,09-02-20,2020-02-09,"Corso Buenos Aires 33,20124, Milano, MI,Italia",Elfo Puccini - sala Shakespeare,Fratto_X,https://www.teatro.it/spettacoli/milano/elfo-puccini-sala-shakespeare/2019-2020/fratto-x,Teatro e spettacolo,"Teatro Elfo Puccini, 33, Corso Buenos Aires, Buenos Aires - Venezia, Municipio 3, Milano, Lombardia, 20124, Italia",45.4794317,9.2098387
Spettacoli,09-02-20,2020-02-09,"Via Ciro Menotti 11,20129, Milano, MI,Italia",Menotti,Una notte sbagliata,https://www.teatro.it/spettacoli/milano/menotti/2019-2020/una-notte-sbagliata,Teatro e spettacolo,"Teatro Menotti, 11, Via Ciro Menotti, Buenos Aires - Venezia, Municipio 3, Milano, Lombardia, 20129, Italia",45.4699775,9.2131112
Concerti,09-02-20,2020-02-09,"Via Felice Orsini, 21, Milano, MI",Villa Scheibler,"Concerto ""in viaggio verso est..."" ensemble Mistralia",https://www.milanotoday.it/eventi/concerto-in-viaggio-verso-est-ensemble-mistralia-2020.html,Musica e vita notturna,"21, Via Felice Orsini, Vialba, Quarto Oggiaro, Municipio 8 di Milano, Milano, Lombardia, 20157, Italia",45.5181781,9.1337667
Spettacoli,09-02-20,2020-02-09,"Piazza Cesare Beccaria 8,20122, Milano, MI,Italia",Gerolamo,Giro a vuoto. Stornelli per Laura Betti,https://www.teatro.it/spettacoli/milano/gerolamo/2019-2020/giro-a-vuoto-stornelli-per-laura-betti,Teatro e spettacolo,"Teatro Gerolamo, 8, Piazza Cesare Beccaria, Duomo, Municipio 1, Milano, Lombardia, 20122, Italia",45.464175,9.1945551
Incontri,10-02-20,2020-02-10,"Piazza del Duomo, Milano, MI",Mondadori Megastore,Elodie incontra i fan e firma le copie del suo album,https://www.milanotoday.it/eventi/elodie-incontra-fan-mondadori.html,Formazione e networking,"Piazza del Duomo, Duomo, Municipio 1, Milano, Lombardia, Italia",45.4639102,9.1906398
Concerti,14-02-20,2020-02-10,"Via Filodrammatici, 2, Milano, MI",Teatro alla Scala,Tre concerti alla Teatro della Scala diretti dal Maestro Eliahu Inbal,https://www.milanotoday.it/eventi/concerti-teatro-scala.html,Musica e vita notturna,"2, Via Filodrammatici, Brera, Milano, Lombardia, 20121, Italia",45.4673781,9.188701
Incontri,10-02-20,2020-02-10,"Via Paolo Giovio, 41, Milano, MI",Parrocchia di  S. Francesco d’Assisi  al Fopponino (Sala Ghidoli),Le storiacce al tempo dei social,https://www.milanotoday.it/eventi/le-storiacce-al-tempo-dei-social.html,Formazione e networking,"Via Paolo Giovio, Washington, Municipio 7, Milano, Lombardia, 20144, Italia",45.4634083,9.1614558
Teatri,01-03-20,2020-02-11,"Viale dell'Innovazione, 20, Milano, MI",Teatro degli Arcimboldi,"Al Teatro Arcimboldi arriva ""Ghost - Il Musical""",https://www.milanotoday.it/eventi/ghost-musical-teatro-arcimboldi-biglietti.html,Teatro e spettacolo,"20, Viale dell'Innovazione, Bicocca, Municipio 9, Milano, Lombardia, 20125, Italia",45.5148696,9.2135963
Concerti,11-02-20,2020-02-11,"Via Giuseppe di Vittorio, Milano, MI",Mediolanum Forum di Assago,Un nuovo tour degli Slipknot in arrivo nel 2020. La tappa di Milano a febbraio,https://www.milanotoday.it/eventi/concerto-slipknot-milano.html,Musica e vita notturna,"Via Giuseppe Di Vittorio, Cascine Olona, Vighignolo, Settimo Milanese, Milano, Lombardia, 20019, Italia",45.4876868,9.0566303
Incontri,11-02-20,2020-02-11,"Piazza della Repubblica, 20, Milano, MI",Westin Palace,Prescrizione: dibattito a Milano con Travaglio e Nardo,https://www.milanotoday.it/eventi/travaglio-nardo-prescrizione.html,Formazione e networking,"20, Piazza della Repubblica, Centrale, Municipio 2, Milano, Lombardia, 20124, Italia",45.4790175,9.1990724
Spettacoli,11-02-20,2020-02-11,"Via G. di Vittorio 6,20090, Assago, MI,Italia",Repower,PUCCI - Il meglio di...,https://www.teatro.it/spettacoli/assago/della-luna/2019-2020/pucci-il-meglio-di,Teatro e spettacolo,"20090, Italy",45.407,9.1083
Spettacoli,11-02-20,2020-02-11,"Via G. di Vittorio 6,20090, Assago, MI,Italia",Repower,PUCCI - Il meglio di...,https://www.teatro.it/spettacoli/assago/della-luna/2019-2020/pucci-il-meglio-di,Teatro e spettacolo,"20090, Italy",45.407,9.1083
Incontro/presentazione,12-02-20,2020-02-12,"corso Magenta, Milano, MI",Palazzo Arese-Litta,"""Musica, golf e... qualcos'altro"" di Roberto Livraghi ",,Formazione e networking,"Corso Magenta, Magenta - San Vittore, Municipio 1, Milano, Lombardia, 20123, Italia",45.4656863,9.1693109
Mostre,28-02-20,2020-02-12,"Via Enrico Caviglia, 3, Milano, MI",Istituto Italiano di Fotografia,Mostra fotografica “in the hands of migration” di Sabina Candusso,https://www.milanotoday.it/eventi/mostra-fotografica-in-the-hands-of-migration-2020.html,Arte e cultura,"3, Via Enrico Caviglia, Lodi - Corvetto, Municipio 4, Milano, Lombardia, 20139, Italia",45.4436084,9.2298198
Mostre,14-02-20,2020-02-12,"Corso Monforte, 35, Milano, MI",Palazzo Isimbardi,"'Questa non è arte', a Palazzo Isimbardi apre una mostra per aiutare i bambini del Kenya",https://www.milanotoday.it/eventi/mostra-palazzo-isimbardi-kenya.html,Arte e cultura,"35, Corso Monforte, Guastalla, Municipio 1, Milano, Lombardia, 20122, Italia",45.4674856,9.2037279
Incontri,12-02-20,2020-02-12,"Piazza Piemonte, Milano, MI",Feltrinelli,I Pinguini Tattici Nuclerai incontrano il pubblico in Feltrinelli,https://www.milanotoday.it/eventi/pinguini-tattici-nuclerai-incontro-feltrinelli.html,Formazione e networking,"Piazza Piemonte, Washington, Municipio 7, Milano, Lombardia, 20149, Italia",45.466001,9.1548403
Incontri,14-02-20,2020-02-13,"Via San Cristoforo, 1, Milano, MI",Teatro Bello c/o Teatro Alfredo Chiesa,Prigioniero della seconda strada,https://www.milanotoday.it/eventi/prigioniero-della-seconda-strada-barbara-sirotti-2020.html,Formazione e networking,"Montalcino Caffè, 1, Via San Cristoforo, San Cristoforo, Municipio 6, Milano, Lombardia, 20144, Italia",45.4477537,9.1544595
Inaugurazioni,19-02-20,2020-02-13,"Corso Buenos Aires, 1, Milano, MI",Douglas Corso Buenos Aires,Una delle sedi storiche Douglas cambia volto e contenuto: vieni a scoprire i nuovi servizi e i nuovi brand,https://www.milanotoday.it/eventi/una-delle-sedi-storiche-douglas-cambia-volto-e-contenuto-vieni-a-scoprire-i-nuovi-servizi-e-i-nuovi-brand.html,Inaugurazioni,"1, Corso Buenos Aires, Buenos Aires - Venezia, Municipio 3, Milano, Lombardia, 20124, Italia",45.4751242,9.2054712
Disco&Feste,13-02-20,2020-02-13,"Via Valtellina, 25, Milano, MI",Alcatraz Milano,Fatboy Slim in un mega concerto a Milano. Orari e biglietti,https://www.milanotoday.it/eventi/fatboy-slim-concerto-2020.html,Musica e vita notturna,"Alcatraz, 25, Via Valtellina, Isola, Municipio 9, Milano, Lombardia, 20159, Italia",45.494744,9.1823768
Concerti,13-02-20,2020-02-13,"Via Valtellina, 25, Milano, MI",Alcatraz Milano,Fatboy Slim in un mega concerto all'Alcatraz. Dove acquistare i biglietti,https://www.milanotoday.it/eventi/fatboy-slim-concerto-biglietti.html,Musica e vita notturna,"Alcatraz, 25, Via Valtellina, Isola, Municipio 9, Milano, Lombardia, 20159, Italia",45.494744,9.1823768
Manifestazioni,26-02-20,2020-02-13,"Via Bergognone, 34, Milano, MI",Base Milano,"Arriva ""Chorus Days"", l'evento che apre le scuole e gli enti musicali alla città",https://www.milanotoday.it/eventi/evento-musica-base-bambini.html,Altri eventi,"Wikimedia Italia, 34, Via Bergognone Da Fossano, Tortona, Municipio 6, Milano, Lombardia, 20144, Italia",45.4518657,9.1625146
Incontri,14-02-20,2020-02-14,"Piazza del Duomo, Milano, MI",Mondadori Megastore,Elettra Lamborghini incontra i fan in Mondadori,https://www.milanotoday.it/eventi/elettra-lamborghini-incontra-fan-mondadori.html,Formazione e networking,"Piazza del Duomo, Duomo, Municipio 1, Milano, Lombardia, Italia",45.4639102,9.1906398
Mostre,06-04-20,2020-02-14,"Viale Vincenzo Lancetti, Milano, MI",spazioSERRA,L'uomo è l'unico animale in grado di arrossire,https://www.milanotoday.it/eventi/l-uomo-e-l-unico-animale-in-grado-di-arrossire-giulia-lanza.html,Arte e cultura,"Viale Vincenzo Lancetti, Farini, Municipio 9, Milano, Lombardia, 20159, Italia",45.4953582,9.1784613
Turismo,14-02-20,2020-02-14,"Via Gesù, 5, Milano, MI",Museo Bagatti Valsecchi,Apertura straordinaria gratuita al Museo Bagatti Valsecchi per San Valentino,https://www.milanotoday.it/eventi/bagatti-valsecchi-gratis_14-febbraio.html,Non classificato,"Museo Bagatti Valsecchi, 5, Via Gesù, Duomo, Municipio 1, Milano, Lombardia, 20121, Italia",45.4694809,9.1949792
Teatri,16-02-20,2020-02-14,"Via Giacomo Watt, 32, Milano, MI",fACTORy32,"Grasse risate, lacrime magre",https://www.milanotoday.it/eventi/grasse-risate-lacrime-magre-paolo-faroni-fabio-paroni-2020.html,Teatro e spettacolo,"32, Via Giacomo Watt, San Cristoforo, Municipio 6, Milano, Lombardia, 20143, Italia",45.4436684,9.1508319
Spettacoli,14-02-20,2020-02-14,"Via Giordano Rota 1,20145, Milano, MI,Italia",Nazionale Italiana Assicurazioni,Balliamo sul mondo - Il Musical,https://www.teatro.it/spettacoli/milano/nazionale-chebanca/2019-2020/balliamo-sul-mondo-il-musical,Teatro e spettacolo,"20145, Italy",45.4643,9.1895
Incontri,14-02-20,2020-02-14,"Via Pisanello, 1, Milano, MI",Centro Culturale Rosetum,"Kristjan randalu ""absence""-rjf#2",https://www.milanotoday.it/eventi/kristjan-randalu-absence-rjf-2-kristjan-randalu.html,Formazione e networking,"Via Pisanello, Bande Nere, Municipio 7, Milano, Lombardia, 20148, Italia",45.4672182,9.140416
Teatri,23-02-20,2020-02-14,"Via Pier Lombardo, 14, Milano, MI",Teatro Franco Parenti,"Darling, lo spettacolo di Sara Bosi e Pierfrancesco Favino arriva al Parenti",https://www.milanotoday.it/eventi/darling-spettacolo-teatro-parenti.html,Teatro e spettacolo,"Via Pier Lombardo, Porta Romana, Municipio 4, Milano, Lombardia, 20135, Italia",45.4542958,9.2063109
Concerti,14-02-20,2020-02-14,"Via Giuseppe di Vittorio, Milano, MI",Mediolanum Forum,I Jonas Brothers a Milano per un nuovo concerto imperdibile. Orari e biglietti,https://www.milanotoday.it/eventi/jonas-brothers-concerto-biglietti.html,Musica e vita notturna,"Via Giuseppe Di Vittorio, Cascine Olona, Vighignolo, Settimo Milanese, Milano, Lombardia, 20019, Italia",45.4876868,9.0566303
Cinema,16-02-20,2020-02-14,"Viale Fulvio Testi, Milano, MI",Mic Museo Cinema,San Valentino al cinema con una rassegna di film sull'amore,https://www.milanotoday.it/eventi/san-valentino-museo-cinema-film-amore.html,Arte e cultura,"Viale Fulvio Testi, Bicocca, Municipio 9, Milano, Lombardia, 20126, Italia",45.5248451,9.2111851
Incontri,14-02-20,2020-02-14,"Via Borgogna, 3, Milano, MI",Casa della Cultura,Darwin day con Manuela Monti e carlo alberto redi il millennio delle scienze della vita: la genomica sociale del dna,https://www.milanotoday.it/eventi/darwin-day-con-manuela-monti-2020.html,Formazione e networking,"Consolato d'Australia, 3, Via Borgogna, Duomo, Municipio 1, Milano, Lombardia, 20122, Italia",45.4656274,9.1988972
Spettacoli,14-02-20,2020-02-14,"Via Giordano Rota 1,20145, Milano, MI,Italia",Nazionale Italiana Assicurazioni,Balliamo sul mondo - Il Musical,https://www.teatro.it/spettacoli/milano/nazionale-chebanca/2019-2020/balliamo-sul-mondo-il-musical,Teatro e spettacolo,"20145, Italy",45.4643,9.1895
Concerti,14-02-20,2020-02-14,"Piazza Francesco Carrara, 17, Milano, MI",Centro Asteria,Un concerto speciale per San Valentino dedicato alla Suonoterapia,https://www.milanotoday.it/eventi/concerto-san-valentino-mandala-voices-gratis.html,Musica e vita notturna,"17, Piazza Francesco Carrara, Stadera, Municipio 5, Milano, Lombardia, 20136, Italia",45.4369245,9.1761088
Manifestazioni,29-03-20,2020-02-15,"Viale Campania, 12, Milano, MI",Wow Spazio Fumetto,"Annullato: ""La Città dei gatti"", un festival dedicato alla cultura felina in occasione della Giornata del Gatto",https://www.milanotoday.it/eventi/festival-gatti-giornata-nazionale-gatto.html,Altri eventi,"12, Viale Campania, Corsica, Municipio 4, Milano, Lombardia, 20133, Italia",45.4634024,9.2242161
Incontri,15-02-20,2020-02-15,"Via Francesco Brambilla, 10, Milano, MI",Casa della Carità,…l’on y danse! dalla danza popolare al balletto,https://www.milanotoday.it/eventi/l-on-y-danse-dalla-danza-popolare-2020.html,Formazione e networking,"10, Via Francesco Brambilla, Adriano, Municipio 2, Milano, Lombardia, 20128, Italia",45.5123223,9.2480898
Manifestazioni,16-02-20,2020-02-15,"Via Mozart, Milano, MI",Villa Necchi Campiglio,"A Villa Necchi Campiglio torna ""AgruMI"", l'evento del Fai dedicato agli agrumi con tante degustazioni",https://www.milanotoday.it/eventi/evento-agrumi-fai-villa-necchi-campiglio-2020.html,Altri eventi,"Via Wolfang Amedeus Mozart, Serviane, Calderara, Paderno Dugnano, Zona Omogenea Milano Nord, Milano, Lombardia, 20037, Italia",45.5694836,9.1831039
Incontri,15-02-20,2020-02-15,"Viale Pasubio, 5, Milano, MI",Fondazione Giangiacomo Feltrinelli,"Letture, spettacoli e tante invenzioni per i bambini alla Fondazione Feltrinelli",https://www.milanotoday.it/eventi/letture-giochi-bambini-fondazione-feltrinelli.html,Formazione e networking,"Fondazione Giangiacomo Feltrinelli, 5, Viale Pasubio, Porta Tenaglia, Municipio 1, Milano, Lombardia, 20154, Italia",45.4814126,9.1843952
Incontri,27-02-20,2020-02-15,"Via Giuseppe Dall'Occo, 1, Milano, MI",centro culturale artistico Click Art,La donna e i colori,https://www.milanotoday.it/eventi/la-donna-e-i-colori-2020.html,Formazione e networking,"Via Giuseppe Dall'Occo, Cormano, Zona Omogenea Milano Nord, Milano, Lombardia, 20032, Italia",45.5444599,9.1691639
Incontri,15-02-20,2020-02-15,"Piazza Piemonte, Milano, MI",Feltrinelli,"Una giornata dedicata ai bambini per imparare a disegnare i personaggi del ""Piccolo Yeti""",https://www.milanotoday.it/eventi/giornata-feltrinelli-fumetto-quando.html,Formazione e networking,"Piazza Piemonte, Washington, Municipio 7, Milano, Lombardia, 20149, Italia",45.466001,9.1548403
Spettacoli,15-02-20,2020-02-15,"Via Rivoli 6,20121, Milano, MI,Italia",Piccolo Teatro - Studio Melato,Romeo & Juliet (are dead),https://www.teatro.it/spettacoli/milano/piccolo-teatro-studio-melato/2019-2020/romeo-jiuliet-are-dead,Teatro e spettacolo,"6, Via Rivoli, Brera, Municipio 1, Milano, Lombardia, 20121, Italia",45.4726093,9.182881
Altro,15-02-20,2020-02-15,"Via San Vittore, Milano, MI",Museo nazionale della scienza e della tecnologia Leonardo da Vinci,Open Night | Buon compleanno Museo,,Altri eventi,"Via San Vittore, Magenta - San Vittore, Municipio 1, Milano, Lombardia, 20144, Italia",45.4640293,9.1681174
Incontri,15-02-20,2020-02-15,"Via Bergognone, 34, Milano, MI",Base Milano,"Le storie fantastiche del signor rockteller, fiabe rock per bambini",https://www.milanotoday.it/eventi/le-storie-fantastiche-del-signor-rockteller-fiabe-rock-per-bambini-2020.html,Formazione e networking,"Wikimedia Italia, 34, Via Bergognone Da Fossano, Tortona, Municipio 6, Milano, Lombardia, 20144, Italia",45.4518657,9.1625146
Spettacoli,15-02-20,2020-02-15,"Piazza Risorgimento 19,20066, Melzo, MI,Italia",Trivulzio,Il re anarchico e i fuorilegge di Versailles,https://www.teatro.it/spettacoli/melzo/trivulzio/2019-2020/il-re-anarchico-e-i-fuorilegge-di-versailles,Teatro e spettacolo,"Piazza Risorgimento, Melzo, Milano, Lombardia, 20066, Italia",45.5003449,9.4229132
Spettacoli,15-02-20,2020-02-15,"Via Alessandro Manzoni 42,20121, Milano, MI,Italia",Manzoni,Rapunzel,https://www.teatro.it/spettacoli/milano/manzoni/2019-2020/rapunzel,Teatro e spettacolo,"Teatro Manzoni, 42, Via Alessandro Manzoni, Cerchia dei Navigli, Municipio 1, Milano, Lombardia, 20121, Italia",45.4710286,9.1944762
Mostre,15-02-20,2020-02-15,"Via San Vittore, 21, Milano, MI",Museo della Scienza,Il Museo della Scienza compie gli anni: sabato sera apertura straordinaria gratuita,https://www.milanotoday.it/eventi/museo-scienza-gratis-15-febbraio.html,Arte e cultura,"21, Via San Vittore, Magenta - San Vittore, Municipio 1, Milano, Lombardia, 20123, Italia",45.4628946,9.1706462
Spettacoli,15-02-20,2020-02-15,"Via Andrea Maria Ampère 1,20131, Milano, MI,Italia",MTM - Leonardo,La Merda,https://www.teatro.it/spettacoli/milano/leonardo/2019-2020/la-merda,Teatro e spettacolo,"Teatro Leonardo da Vinci, 1, Via Andrea Maria Ampère, Città Studi, Municipio 3, Milano, Lombardia, 20131, Italia",45.4795266,9.2263901
Mostre,15-02-20,2020-02-15,"Via Giuseppe Verdi, 9, Milano, MI",Auditorium,emanuele de francesco presenta lettere al neon,https://www.milanotoday.it/eventi/emanuele-de-francesco-presenta-lettere-al-neon-emanuele-de-francesco-7140001.html,Arte e cultura,"9, Via Giuseppe Verdi, Brera, Municipio 1, Milano, Lombardia, 20121, Italia",45.4687575,9.1883373
Concerti,16-02-20,2020-02-16,"Via Giuseppe di Vittorio, Milano, MI",Mediolanum Forum,Liam Gallagher a Milano in un mega concerto live. Dove acquistare i biglietti,https://www.milanotoday.it/eventi/liam-gallagher-concerto-biglietti.html,Musica e vita notturna,"Via Giuseppe Di Vittorio, Cascine Olona, Vighignolo, Settimo Milanese, Milano, Lombardia, 20019, Italia",45.4876868,9.0566303
Spettacoli,16-02-20,2020-02-16,"Via Filodrammatici 2,20121, Milano, MI,Italia",Teatro Alla Scala,Romeo et Juliette,https://www.teatro.it/spettacoli/milano/teatro-alla-scala/2019-2020/romeo-et-juliette,Teatro e spettacolo,"2, Via Filodrammatici, Brera, Milano, Lombardia, 20121, Italia",45.4673781,9.188701
Spettacoli,16-02-20,2020-02-16,"via Pitteri 58,20134, Milano, MI,Italia",Martinitt,L’uomo perfetto,https://www.teatro.it/spettacoli/milano/martinitt/2019-2020/luomo-perfetto,Teatro e spettacolo,"Via Riccardo Pitteri, Lambrate, Municipio 3, Milano, Lombardia, 20134, Italia",45.4798362,9.2457864
Spettacoli,16-02-20,2020-02-16,"Via Rovello 2,20121, Milano, MI,Italia",Piccolo Teatro - Teatro Grassi,Misericordia,https://www.teatro.it/spettacoli/milano/piccolo-teatro-teatro-grassi/2019-2020/misericordia,Teatro e spettacolo,"2, Via Rovello, Brera, Milano, Lombardia, 20121, Italia",45.4665188,9.1847651
Spettacoli,16-02-20,2020-02-16,"Corso Buenos Aires 33,20124, Milano, MI,Italia",Elfo Puccini - Sala Bausch,Sospetti (S.U.S.),https://www.teatro.it/spettacoli/milano/elfo-puccini-sala-bausch/2019-2020/sospetti-sus,Teatro e spettacolo,"Teatro Elfo Puccini, 33, Corso Buenos Aires, Buenos Aires - Venezia, Municipio 3, Milano, Lombardia, 20124, Italia",45.4794317,9.2098387
Spettacoli,16-02-20,2020-02-16,"Via Hermada,8,20162, Milano, MI,Italia",della Cooperativa,Una marchesa ad Assisi,https://www.teatro.it/spettacoli/milano/della-cooperativa/2019-2020/una-marchesa-ad-assisi,Teatro e spettacolo,"8, Via privata Hermada, Niguarda - Cà Granda, Municipio 9, Milano, Lombardia, 20162, Italia",45.5147872,9.1901457
Spettacoli,16-02-20,2020-02-16,"Corso di Porta Romana 63,20122, Milano, MI,Italia",Carcano,Il silenzio grande,https://www.teatro.it/spettacoli/milano/carcano/2019-2020/il-silenzio-grande,Teatro e spettacolo,"Teatro Carcano, 63, Corso di Porta Romana, Crocetta, Municipio 1, Milano, Lombardia, 20121, Italia",45.4566842,9.1955297
Spettacoli,16-02-20,2020-02-16,"Via Filodrammatici 2,20121, Milano, MI,Italia",Teatro Alla Scala,Romeo et Juliette,https://www.teatro.it/spettacoli/milano/teatro-alla-scala/2019-2020/romeo-et-juliette,Teatro e spettacolo,"2, Via Filodrammatici, Brera, Milano, Lombardia, 20121, Italia",45.4673781,9.188701
Spettacoli,16-02-20,2020-02-16,"Corso Magenta 24,20123, Milano, MI,Italia",MTM - Litta,Utoya,https://www.teatro.it/spettacoli/milano/litta/2019-2020/utoya,Teatro e spettacolo,"Boccascena Cafè, 24, Corso Magenta, Cerchia dei Navigli, Municipio 1, Milano, Lombardia, 20123, Italia",45.466045,9.1778296
Spettacoli,16-02-20,2020-02-16,"Via Alessandro Manzoni 42,20121, Milano, MI,Italia",Manzoni,The Deep Blue Sea,https://www.teatro.it/spettacoli/milano/manzoni/2019-2020/the-deep-blue-sea,Teatro e spettacolo,"Teatro Manzoni, 42, Via Alessandro Manzoni, Cerchia dei Navigli, Municipio 1, Milano, Lombardia, 20121, Italia",45.4710286,9.1944762
Concerti,16-02-20,2020-02-16,"Via Giuseppe Eugenio Luraghi, 11, Milano, MI",Il Centro,Al Centro di Arese arriva J-Ax con un concerto imperdibile dal vivo. Ecco come ottenere i biglietti.,https://www.milanotoday.it/eventi/centro-arese-concerto-j-ax.html,Musica e vita notturna,"Via Maestra, 11, Viale Giuseppe Eugenio Luraghi, Valera, Arese, Milano, Lombardia, 20044, Italia",45.5638918,9.0510987
Spettacoli,16-02-20,2020-02-16,"C.so Matteotti,20,20121, Milano, MI,Italia",Nuovo,The Boys in the Band,https://www.teatro.it/spettacoli/milano/nuovo/2019-2020/the-boys-in-the-band,Teatro e spettacolo,"20, Corso Giacomo Matteotti, Duomo, Municipio 1, Milano, Lombardia, 20121, Italia",45.4667336,9.1967703
Spettacoli,16-02-20,2020-02-16,"Piazza Cesare Beccaria 8,20122, Milano, MI,Italia",Gerolamo,Paper Cut,https://www.teatro.it/spettacoli/milano/gerolamo/2019-2020/paper-cut,Teatro e spettacolo,"Teatro Gerolamo, 8, Piazza Cesare Beccaria, Duomo, Municipio 1, Milano, Lombardia, 20122, Italia",45.464175,9.1945551
Spettacoli,16-02-20,2020-02-16,"via Fezzan,11,20146, Milano, MI,Italia",Ecoteatro,Ricette d'amore,https://www.teatro.it/spettacoli/milano/ecoteatro/2019-2020/ricette-damore,Teatro e spettacolo,"EcoTeatro, 11, Via Fezzan, Bande Nere, Municipio 6, Milano, Lombardia, 20146, Italia",45.4592109,9.1459527
Concerti,16-02-20,2020-02-16,"Via Bovisasca, 57, Milano, MI",Spirit de Milan,Guappecarto' in concerto a Milano,https://www.milanotoday.it/eventi/guappecarto-in-concerto-a-milano-guappecarto-2020.html,Musica e vita notturna,"Via Bovisasca, 81, Municipio 9, Milano, Lombardia, 20161, Italia",45.5152679,9.1568531
Spettacoli,16-02-20,2020-02-16,"Via Rovello 2,20121, Milano, MI,Italia",Piccolo Teatro - Teatro Grassi,Misericordia,https://www.teatro.it/spettacoli/milano/piccolo-teatro-teatro-grassi/2019-2020/misericordia,Teatro e spettacolo,"2, Via Rovello, Brera, Milano, Lombardia, 20121, Italia",45.4665188,9.1847651
Cinema,20-02-20,2020-02-16,"Piazza Venticinque Aprile, 8, Milano, MI",Cinema Anteo,All'Anteo arriva una rassegna di film sulle storie di coraggio e di resistenza,https://www.milanotoday.it/eventi/cinema-anteo-film-genocidio-armeno.html,Arte e cultura,"Anteo Spazio Cinema, 8, Piazza Venticinque Aprile, Brera, Municipio 1, Milano, Lombardia, 20121, Italia",45.4800568,9.1877898
Concerti,16-02-20,2020-02-16,"Via Benaco, 1, Milano, MI",Arci Ohibò,Fran e i Pensieri Molesti in concerto al Circolo Ohibò,https://www.milanotoday.it/eventi/fran-pensieri-molesti-concerto-ohibo.html,Musica e vita notturna,"1, Via Benaco, Lodi - Corvetto, Municipio 4, Milano, Lombardia, 20139, Italia",45.4447402,9.211825
Spettacoli,16-02-20,2020-02-16,"Largo Antonio Greppi,20121, Milano, MI,Italia",Piccolo Teatro - Teatro Strehler,Un nemico del popolo,https://www.teatro.it/spettacoli/milano/piccolo-teatro-teatro-strehler/2019-2020/un-nemico-del-popolo,Teatro e spettacolo,"Largo Antonio Greppi, Cerchia dei Navigli, Municipio 1, Milano, Lombardia, 20121, Italia",45.471727,9.1826196
Spettacoli,16-02-20,2020-02-16,"Via Ciro Menotti 11,20129, Milano, MI,Italia",Menotti,Hotel Paradiso,https://www.teatro.it/spettacoli/milano/menotti/2019-2020/hotel-paradiso,Teatro e spettacolo,"Teatro Menotti, 11, Via Ciro Menotti, Buenos Aires - Venezia, Municipio 3, Milano, Lombardia, 20129, Italia",45.4699775,9.2131112
Spettacoli,16-02-20,2020-02-16,"Via Rivoli 6,20121, Milano, MI,Italia",Piccolo Teatro - Studio Melato,"Eneide, generazioni",https://www.teatro.it/spettacoli/milano/piccolo-teatro-studio-melato/2019-2020/eneide-generazioni,Teatro e spettacolo,"6, Via Rivoli, Brera, Municipio 1, Milano, Lombardia, 20121, Italia",45.4726093,9.182881
Teatri,17-02-20,2020-02-17,"Via Alessandro Manzoni, 42, Milano, MI",Teatro Manzoni,"Tango y amor, lo spettacolo internazionale al Teatro Manzoni",https://www.milanotoday.it/eventi/spettacolo-tango-teatro-manzoni.html,Teatro e spettacolo,"Teatro Manzoni, 42, Via Alessandro Manzoni, Cerchia dei Navigli, Municipio 1, Milano, Lombardia, 20121, Italia",45.4710286,9.1944762
Incontri,17-02-20,2020-02-17,"Piazza Piemonte, Milano, MI",Feltrinelli,Martina Attili presenta il suo primo libro dopo la partecipazione a X Factor,https://www.milanotoday.it/eventi/martina-attili-presenta-libro-quando.html,Formazione e networking,"Piazza Piemonte, Washington, Municipio 7, Milano, Lombardia, 20149, Italia",45.466001,9.1548403
Spettacoli,17-02-20,2020-02-17,"Via Alessandro Manzoni 42,20121, Milano, MI,Italia",Manzoni,Tango y amor,https://www.teatro.it/spettacoli/milano/manzoni/2019-2020/tango-y-amor,Teatro e spettacolo,"Teatro Manzoni, 42, Via Alessandro Manzoni, Cerchia dei Navigli, Municipio 1, Milano, Lombardia, 20121, Italia",45.4710286,9.1944762
Incontri,17-02-20,2020-02-17,"Piazza del Duomo, Milano, MI",Mondadori Megastore,Uno speciale incontro con Francesco Gabbani in Mondadori,https://www.milanotoday.it/eventi/francesco-gabbani-mondadori.html,Formazione e networking,"Piazza del Duomo, Duomo, Municipio 1, Milano, Lombardia, Italia",45.4639102,9.1906398
Spettacoli,18-02-20,2020-02-18,"v. Mons. Pogliani 7/a,ang. via Grandi,20090, Cesano Boscone, MI,Italia",Cristallo,"Scusa sono in riunione, ti posso richiamare?",https://www.teatro.it/spettacoli/cesano-boscone/cristallo/2019-2020/scusa-sono-in-riunione-ti-posso-richiamare,Teatro e spettacolo,"20090, Italy",45.407,9.1083
Spettacoli,18-02-20,2020-02-18,"Via Fratelli Zoia,89,20153, Milano, MI,Italia",Spazio Teatro 89,Dio arriverà all'alba - omaggio a Alda Merini,https://www.teatro.it/spettacoli/milano/spazio-teatro-89/2019-2020/dio-arrivera-allalba-omaggio-a-alda-merini,Teatro e spettacolo,"Via Fratelli Zoia, Quarto Cagnino, Municipio 7, Milano, Lombardia, 20153, Italia",45.4720145,9.1089432
Teatri,01-03-20,2020-02-18,"Via Rovello, 2, Milano, MI",Piccolo Teatro Grassi,Scene da Faust: dal 18 febbraio in scena al Piccolo,https://www.milanotoday.it/eventi/scene-da-faust-spettacolo.html,Teatro e spettacolo,"2, Via Rovello, Brera, Milano, Lombardia, 20121, Italia",45.4665188,9.1847651
Mostre,10-03-20,2020-02-18,"Via Giuseppe Arimondi, 1, Milano, MI",exfabbricadellebambole,"Appena posso, torno. Personale di Antonino Fulci",https://www.milanotoday.it/eventi/appena-posso-torno-personale-di-antonino-fulci-2020.html,Arte e cultura,"Sef Car, 1, Via Giuseppe Arimondi, Ghisolfa, Portello, Municipio 8 di Milano, Milano, Lombardia, 20155, Italia",45.489429,9.1538349
Teatri,23-02-20,2020-02-18,"Corso Buenos Aires, 36, Milano, MI",Teatro Elfo Puccini,Paolo Borsellino. Essendo Stato: dal 18 al 23 febbraio al Teatro Elfo Puccini,https://www.milanotoday.it/eventi/essendo-stato-spettacolo-borsellino.html,Teatro e spettacolo,"Piadiniamo, 36, Corso Buenos Aires, Buenos Aires - Venezia, Municipio 3, Milano, Lombardia, 20124, Italia",45.4785293,9.2095943
Incontri,23-02-20,2020-02-18,"Piazzale Luigi Cadorna, Milano, MI",Frame Condé Nast,"Milano Fashion Week, Vogue incontra i giovani designers",https://www.milanotoday.it/eventi/milano-fashion-week-incontri-designer-vogue.html,Formazione e networking,"Piazzale Luigi Cadorna, Cerchia dei Navigli, Municipio 1, Milano, Lombardia, 20123, Italia",45.4675214,9.1771143
Incontri,18-02-20,2020-02-18,"Piazza Piemonte, Milano, MI",Feltrinelli,"Diodato, il vincitore del festival di Sanremo, incontra i fan in Feltrinelli",https://www.milanotoday.it/eventi/diodato-incontro-feltrinelli.html,Formazione e networking,"Piazza Piemonte, Washington, Municipio 7, Milano, Lombardia, 20149, Italia",45.466001,9.1548403
Mostre,08-05-20,2020-02-19,"Viale della Liberazione, 16, Milano, MI",Spazio Leonardo,"Hollow hands, la mostra di andreia santana in spazio Leonardo",https://www.milanotoday.it/eventi/hollow-hands-la-mostra-di-andreia-santana-2020.html,Arte e cultura,"16, Viale della Liberazione, GARIBALDI REPUBBLICA, Municipio 9, Milano, Lombardia, 20100, Italia",45.4824226,9.1951953
Incontri,28-03-20,2020-02-20,"Via Ciovasso, 11, Milano, MI",VS Arte,"""Quasar e subliminazione"" di tommaso dognazzi @vs arte",https://www.milanotoday.it/eventi/quasar-e-subliminazione-di-tommaso-dognazzi-2020.html,Formazione e networking,"11, Via Ciovasso, Cerchia dei Navigli, Municipio 1, Milano, Lombardia, 20121, Italia",45.4697326,9.1866657
Teatri,01-03-20,2020-02-20,"Corso di Porta Romana, 63, Milano, MI",Teatro Carcano,Antigone: dal 20 febbraio all'1 marzo al Teatro Carcano,https://www.milanotoday.it/eventi/antigone-carcano-spettacolo.html,Teatro e spettacolo,"Teatro Carcano, 63, Corso di Porta Romana, Crocetta, Municipio 1, Milano, Lombardia, 20121, Italia",45.4566842,9.1955297
Mostre,26-02-20,2020-02-20,"Via Plinio, 37, Milano, MI",Mamo galleria Milano,Optocromatico,https://www.milanotoday.it/eventi/optocromatico-letizia-neri-2020.html,Arte e cultura,"Good Morgan, 37, Via Plinio, Buenos Aires - Venezia, Municipio 3, Milano, Lombardia, 20129, Italia",45.4773202,9.216369
Mostre,15-03-20,2020-02-20,"Via Achille Maiocchi, 15, Milano, MI",Maiocchi15,Dreams: inaugurazione mostra personale di Stefano Mancini,https://www.milanotoday.it/eventi/dreams-inaugurazione-mostra-personale-di-stefano-mancini-.html,Arte e cultura,"Via Achille Maiocchi, Buenos Aires - Venezia, Municipio 3, Milano, Lombardia, 20129, Italia",45.4754571,9.2138647
Incontri,20-03-20,2020-02-20,"Via Eugenio Villoresi, 28, Milano, MI",Studio Masiero,Misia - Calicanti a cura di Claudio Cerritelli,https://www.milanotoday.it/eventi/misia-calicanti-a-cura-di-claudio-cerritelli-misia.html,Formazione e networking,"28, Via Eugenio Villoresi, Isola del Bosco, Torretta, Sesto San Giovanni, Zona Omogenea Milano Nord, Milano, Lombardia, 20099, Italia",45.5257184,9.2259595
Spettacoli,20-02-20,2020-02-20,"piazza Carlo Alberto dalla Chiesa 4,20020, Arese, MI,Italia",Cinema Teatro Arese,"Scusa sono in riunione, ti posso richiamare?",https://www.teatro.it/spettacoli/arese/cinema-teatro-arese/2019-2020/scusa-sono-in-riunione-ti-posso-richiamare,Teatro e spettacolo,"Cinema Teatro Arese, 4, Piazza Generale Carlo Alberto Dalla Chiesa, Sant'Anna, Arese, Milano, Lombardia, 20044, Italia",45.549694,9.0777685
Teatri,20-02-20,2020-02-20,"Via delle Ore, 3, Milano, MI",Fondazione Ambrosianeum,Jazz n'joy,https://www.milanotoday.it/eventi/jazz-n-joy-alex-bioli-thomas-rosenfeld-2020.html,Teatro e spettacolo,"Ambrosianeum, 3, Via delle Ore, Duomo, Municipio 1, Milano, Lombardia, 20122, Italia",45.4628936,9.1925597
Mostre,21-02-20,2020-02-21,"Via Corsico, 3, Milano, MI",Exhibeation,"Milano, mostra “face2face”: quando il ritratto sembra una fotografia",https://www.milanotoday.it/eventi/milano-mostra-face2face-2020.html,Arte e cultura,"Ral8022, 3, Via Corsico, Navigli, Municipio 6, Milano, Lombardia, 20144, Italia",45.4523462,9.1734918
Mostre,30-06-21,2020-02-21,"Via Bergognone, 40, Milano, MI",Armani Silos,"Armani Silos, una mostra fotografica dedicata a Peter Lindbergh",https://www.milanotoday.it/eventi/mostra-fotografica-peter-lindbergh-armani-silos.html,Arte e cultura,"40, Via Bergognone da Fossano, Tortona, Municipio 6, Milano, Lombardia, 20144, Italia",45.4514132,9.1649823
Incontri,21-02-20,2020-02-21,"Corso Europa, 291, Milano, MI",Villa Burba,"Beethoven - il genio, l’uomo",https://www.milanotoday.it/eventi/beethoven-il-genio-l-uomo-donato-bruno-2020.html,Formazione e networking,"Villa Burba Cornaggia Medici, 291, Corso Europa, San Paolo-Capuana, Castellazzo, Rho, Milano, Lombardia, 20017, Italia",45.5334962,9.0281769
Disco&Feste,21-02-20,2020-02-21,"Via Pietrasanta, 16, Milano, MI",Magazzini Generali,Una mega festa dedicata agli anni '90 in arrivo ai Magazzini Generali,https://www.milanotoday.it/eventi/festa-discoteca-anni-90-magazzini-generali.html,Musica e vita notturna,"16, Via Pietrasanta, Ex Om - Morivione, Municipio 5, Milano, Lombardia, 20141, Italia",45.4440954,9.1951652
Corsi,21-02-20,2020-02-21,"Via Conte Rosso, 20, Milano, MI",Panetteria Occupata,Chi sostiene che comunismo e nazismo sono uguali e perché?,https://www.milanotoday.it/eventi/chi-sostiene-che-comunismo-e-nazismo-sono-uguali.html,Formazione e networking,"Via Conte Rosso, Lambrate, Municipio 3, Milano, Lombardia, 20134, Italia",45.4819574,9.2426159
Mostre,12-03-20,2020-02-21,"Via XXV Aprile, Milano, MI",Centro Verdi,"Italia, Francia e Chernobyl: mostra fotografica a Segrate (Milano) sui luoghi abbandonati",https://www.milanotoday.it/eventi/mostra-luoghi-abbandonati-italia-chernobyl.html,Arte e cultura,"Via Venticinque Aprile, Triulzo Inferiore, Triulzo, San Donato Milanese, Milano, Lombardia, 20138, Italia",45.4293534,9.2707589
Spettacoli,21-02-20,2020-02-21,"Via San Giovanni sul muro 2,20121, Milano, MI,Italia",Dal Verme,The Legend of Morricone,https://www.teatro.it/spettacoli/milano/dal-verme/2019-2020/the-legend-of-morricone,Teatro e spettacolo,"2, Via San Giovanni sul Muro, Cerchia dei Navigli, Municipio 1, Milano, Lombardia, 20121, Italia",45.4671162,9.1814924
Spettacoli,21-02-20,2020-02-21,"Piazza S. Magno,20025, Legnano, MI,Italia",Galleria,Atom Heart Mother,https://www.teatro.it/spettacoli/legnano/galleria/2019-2020/pink-floyd-legend-atom-heart-mother,Teatro e spettacolo,"Piazza San Magno, San Magno, Oltresempione, Legnano, Milano, Lombardia, 20025, Italia",45.5945288,8.9180098
Inaugurazioni,21-02-20,2020-02-21,"Via Giovanni Duprè, 19, Milano, MI",Teatro Guanella,Eroi in viaggio,https://www.milanotoday.it/eventi/eroi-in-viaggio-la-pettirossa-chiara-rigamonti.html,Inaugurazioni,"Via Giovanni Duprè, Ghisolfa, Municipio 8 di Milano, Milano, Lombardia, 20155, Italia",45.494526,9.1597343
Mostre,30-06-21,2020-02-21,"Via Bergognone, 40, Milano, MI",Armani Silos,"Armani Silos, una mostra fotografica dedicata a Peter Lindbergh",https://www.milanotoday.it/eventi/mostra-fotografica-peter-lindbergh-armani-silos.html,Arte e cultura,"40, Via Bergognone da Fossano, Tortona, Municipio 6, Milano, Lombardia, 20144, Italia",45.4514132,9.1649823
Mostre,06-03-20,2020-02-21,"Via Carlo Tenca, 11, Milano, MI",Galleria Cael,Obsession,https://www.milanotoday.it/eventi/obsession-2020.html,Arte e cultura,"11, Via Carlo Tenca, Centrale, Municipio 2, Milano, Lombardia, 20124, Italia",45.4806693,9.2017813
Corsi,21-02-20,2020-02-21,"Corso Magenta, 61, Milano, MI",Palazzo delle Stelline,“Riscoprire la visione sovranista dell’Italia di Bettino Craxi”: convegno di Fdi,https://www.milanotoday.it/eventi/convegno-craxi-milano-21-febbraio-2020.html,Formazione e networking,"61, Corso Magenta, Magenta - San Vittore, Municipio 1, Milano, Lombardia, 20123, Italia",45.4656392,9.1722471
Mostre,04-10-20,2020-02-21,"Piazza Sant'Eustorgio, 3, Milano, MI",Museo Diocesano,"Chagall, Gauguin e Matisse: la nuova mostra al Museo Diocesano",https://www.milanotoday.it/eventi/mostra-chagall-gauguin-matisse.html,Arte e cultura,"Museo Diocesano di Milano, 3, Piazza Sant'Eustorgio, Ticinese, Municipio 1, Milano, Lombardia, 20123, Italia",45.4546749,9.1810291
Concerti,22-02-20,2020-02-22,"Via Padova, 133, Milano, MI",Ligera,"Garageventinove, a night at Ligera",https://www.milanotoday.it/eventi/garageventinove-a-night-at-ligera-.html,Musica e vita notturna,"133, Via Padova, Padova, Municipio 2, Milano, Lombardia, 20127, Italia",45.4981557,9.2324267
Spettacoli,22-02-20,2020-02-22,"piazza Piero Carnelli,20138, Milano, MI,Italia",Delfino,I tre porcellini - Un musical... curvy,https://www.teatro.it/spettacoli/milano/delfino/2019-2020/i-tre-porcellini-un-musical-curvy,Teatro e spettacolo,"Piazza Don Piero Carnelli, Mecenate, Municipio 4, Milano, Lombardia, 20059, Italia",45.4584915,9.2436908
Manifestazioni,22-02-20,2020-02-22,"Via Luigi Granelli, 1, Milano, MI",Spazio Mil,Un imperdibile evento dedicato a tutte le celebrazioni di Leonardo da Vinci,https://www.milanotoday.it/eventi/serata-leonardo-da-vinci-sesto-san-giovanni.html,Altri eventi,"Carroponte, 1, Via Luigi Granelli, Rondò, Torretta, Sesto San Giovanni, Zona Omogenea Milano Nord, Milano, Lombardia, 20099, Italia",45.529574,9.2209217
Manifestazioni,23-02-20,2020-02-22,"Via Luigi Granelli, Milano, MI",Spazio Mil,Mistica ® Festival dei Mondi Esoterici – 22/23 febbraio 2020 Sesto San Giovanni (MI),https://www.milanotoday.it/eventi/festival-esoterismo-quando-dove.html,Altri eventi,"Via Luigi Granelli, Isola del Bosco, Torretta, Sesto San Giovanni, Zona Omogenea Milano Nord, Milano, Lombardia, 20099, Italia",45.5306451,9.2251348
Spettacoli,22-02-20,2020-02-22,"via Pier Lombardo,14,20135, Milano, MI,Italia",Franco Parenti - Sala Grande,I Promessi sposi alla prova,https://www.teatro.it/spettacoli/milano/teatro-franco-parenti-sala-grande/2019-2020/i-promessi-sposi-alla-prova,Teatro e spettacolo,"Via Pier Lombardo, Porta Romana, Municipio 4, Milano, Lombardia, 20135, Italia",45.4542958,9.2063109
Mostre,03-03-20,2020-02-22,"Alzaia Naviglio Grande, 4, Milano, MI",Vi.P. Gallery Milano,"Paola Gamba, cercando la luna",https://www.milanotoday.it/eventi/paola-gamba-cercando-la-luna-paola-gamba.html,Arte e cultura,"4, Alzaia Naviglio Grande, Navigli, Municipio 6, Milano, Lombardia, 20144, Italia",45.4521916,9.1761844
Spettacoli,22-02-20,2020-02-22,"Via Alessandro Manzoni 42,20121, Milano, MI,Italia",Manzoni,Il gatto con gli stivali,https://www.teatro.it/spettacoli/milano/manzoni/2019-2020/la-casa-delle-storie-il-gatto-con-gli-stivali,Teatro e spettacolo,"Teatro Manzoni, 42, Via Alessandro Manzoni, Cerchia dei Navigli, Municipio 1, Milano, Lombardia, 20121, Italia",45.4710286,9.1944762
Incontri,22-02-20,2020-02-22,"Piazza del Duomo, Milano, MI",Duomo,Una visita guidata nel Duomo fino alle sue Terrazze,https://www.milanotoday.it/eventi/visita-guidata-duomo.html,Formazione e networking,"Piazza del Duomo, Duomo, Municipio 1, Milano, Lombardia, Italia",45.4639102,9.1906398
Incontri,22-02-20,2020-02-22,"Piazza del Duomo, Milano, MI",Mondadori Megastore,Ghali incontra i suoi fan in Mondadori,https://www.milanotoday.it/eventi/ghali-incontra-fan-mondadori.html,Formazione e networking,"Piazza del Duomo, Duomo, Municipio 1, Milano, Lombardia, Italia",45.4639102,9.1906398
Incontri,22-02-20,2020-02-22,"Piazza I Maggio, Milano, MI",Palasesto,Milano la capitale mondiale della muay thai,https://www.milanotoday.it/eventi/milano-la-capitale-mondiale-della-muay-thai-2020.html,Formazione e networking,"Piazza Primo Maggio, Soriano, Corbetta, Milano, Lombardia, 20011, Italia",45.4691186,8.9224205
Spettacoli,22-02-20,2020-02-22,"Via Pier Lombardo 14,20135, Milano, MI,Italia",Franco Parenti - Sala Blu,"Dolore sotto chiave / Sik-Sik, l'artefice magico",https://www.teatro.it/spettacoli/milano/teatro-franco-parenti-sala-acomea/2019-2020/dolore-sotto-chiave-sik-sik-lartefice-magico,Teatro e spettacolo,"Via Pier Lombardo, Porta Romana, Municipio 4, Milano, Lombardia, 20135, Italia",45.4542958,9.2063109
Spettacoli,22-02-20,2020-02-22,"via Pier Lombardo 14,20135, Milano, MI,Italia",Franco Parenti - Sala 3,Per strada,https://www.teatro.it/spettacoli/milano/teatro-franco-parenti-sala-3/2019-2020/per-strada,Teatro e spettacolo,"Via Pier Lombardo, Porta Romana, Municipio 4, Milano, Lombardia, 20135, Italia",45.4542958,9.2063109
,22-02-20,2020-02-22,"Via Messina, 48, Milano, MI",,Operativi! con gli eccentrici Dadarò,https://www.milanotoday.it/eventi/operativi-con-gli-eccentrici-dadaro-eccentrici-dadaro.html,Non classificato,"48, Via Messina, Ghisolfa, Municipio 8 di Milano, Milano, Lombardia, 20154, Italia",45.488177,9.1720103
Disco&Feste,22-02-20,2020-02-22,"Via Valtellina, 21, Milano, MI",Gate Milano,"Una festa speciale durante le sfilate con ""Milano Fashion Jungle"" al Gate Milano",https://www.milanotoday.it/eventi/festa-sfilate-gate.html,Musica e vita notturna,"21, Via Valtellina, Isola, Municipio 9, Milano, Lombardia, 20159, Italia",45.4943879,9.1826121
Teatri,23-02-20,2020-02-23,"Via Lattanzio, 58, Milano, MI",Teatro Oscar,"Milano, storie di vita e malavita"" di e con Renato Dibi'",https://www.milanotoday.it/eventi/milano-storie-di-vita-e-malavita-di-e-con-renato-dibi-2020.html,Teatro e spettacolo,"Teatro Oscar DeSidera, 58/A, Via Lattanzio, Umbria - Molise, Municipio 4, Milano, Lombardia, 20137, Italia",45.4523298,9.2167181
Mercatini,23-02-20,2020-02-23,"Via Mecenate, 88/a, Milano, MI",East Market,"East Market, tutto il meglio del vintage nel famoso mercatino di Mecenate",https://www.milanotoday.it/eventi/mercatino-east-market-lambrate-quando.html,Mercati e shopping,"Via Mecenate, Mecenate, Municipio 4, Milano, Lombardia, 20059, Italia",45.4529888,9.2481173
Spettacoli,23-02-20,2020-02-23,"v. Mons. Pogliani 7/a,ang. via Grandi,20090, Cesano Boscone, MI,Italia",Cristallo,Cin ci là,https://www.teatro.it/spettacoli/cesano-boscone/cristallo/2019-2020/cin-ci-la,Teatro e spettacolo,"20090, Italy",45.407,9.1083
Corsi,23-02-20,2020-02-23,"Via San Martino 22, Milano, MI",Spazio MAST,“Come giocare col gatto?”: il 23 febbraio un incontro per i proprietari a favore dell'associazione dimensione animale Rho,https://www.milanotoday.it/eventi/come-giocare-col-gatto-il-23-febbraio-un-incontro-2020.html,Formazione e networking,"Spazio Mast, 22, Via San Martino, San Martino, Molino Nuovo, Lucernate, Rho, Milano, Lombardia, 20017, Italia",45.5195141,9.0451246
Spettacoli,23-02-20,2020-02-23,"Corso Venezia 2/A,20121, Milano, MI,Italia",San Babila,La coscienza di Zeno,https://www.teatro.it/spettacoli/milano/san-babila/2019-2020/la-coscienza-di-zeno,Teatro e spettacolo,"2a, Corso Venezia, Duomo, Municipio 1, Milano, Lombardia, 20121, Italia",45.4670204,9.1981104
Spettacoli,23-02-20,2020-02-23,"Corso Buenos Aires 33,20124, Milano, MI,Italia",Elfo Puccini - Sala Bausch,Paolo Borsellino. Essendo Stato,https://www.teatro.it/spettacoli/milano/elfo-puccini-sala-bausch/2019-2020/paolo-borsellino-essendo-stato,Teatro e spettacolo,"Teatro Elfo Puccini, 33, Corso Buenos Aires, Buenos Aires - Venezia, Municipio 3, Milano, Lombardia, 20124, Italia",45.4794317,9.2098387
Incontri,24-02-20,2020-02-23,"Via Giuseppe Eugenio Luraghi, 11, Milano, MI",Il centro,Caccia ai fantasmi nascosti nei super set Lego: al Centro di Arese arriva Hidden Side,https://www.milanotoday.it/eventi/lego-giochi-arese.html,Formazione e networking,"Via Maestra, 11, Viale Giuseppe Eugenio Luraghi, Valera, Arese, Milano, Lombardia, 20044, Italia",45.5638918,9.0510987
Spettacoli,23-02-20,2020-02-23,"Via Andrea Maria Ampère 1,20131, Milano, MI,Italia",MTM - Leonardo,Dragpennyopera,https://www.teatro.it/spettacoli/milano/leonardo/2019-2020/dragpenny-opera,Teatro e spettacolo,"Teatro Leonardo da Vinci, 1, Via Andrea Maria Ampère, Città Studi, Municipio 3, Milano, Lombardia, 20131, Italia",45.4795266,9.2263901
Spettacoli,23-02-20,2020-02-23,"Corso Magenta 24,20123, Milano, MI,Italia",MTM - Litta,Io non sono un gabbiano,https://www.teatro.it/spettacoli/milano/litta/2019-2020/io-non-sono-un-gabbiano,Teatro e spettacolo,"Boccascena Cafè, 24, Corso Magenta, Cerchia dei Navigli, Municipio 1, Milano, Lombardia, 20123, Italia",45.466045,9.1778296
Manifestazioni,23-02-20,2020-02-23,"Via delle Betulle, 39, Milano, MI",Auditorium Olmi,Uno speciale concerto hip hop con i ragazzi del carcere Beccaria,https://www.milanotoday.it/eventi/concerto-ragazzi-carcere-beccaria.html,Altri eventi,"Via delle Betulle, Baggio, Municipio 7, Milano, Lombardia, 20153, Italia",45.4533955,9.0848771
Spettacoli,23-02-20,2020-02-23,"Via Alessandro Manzoni 42,20121, Milano, MI,Italia",Manzoni,Teresa Mannino - Sento la Terra girare,https://www.teatro.it/spettacoli/milano/manzoni/2019-2020/sento-la-terra-girare,Teatro e spettacolo,"Teatro Manzoni, 42, Via Alessandro Manzoni, Cerchia dei Navigli, Municipio 1, Milano, Lombardia, 20121, Italia",45.4710286,9.1944762
Spettacoli,23-02-20,2020-02-23,"Via Ciro Menotti 11,20129, Milano, MI,Italia",Menotti,Tutu,https://www.teatro.it/spettacoli/milano/menotti/2019-2020/chicos-mambo-tutu,Teatro e spettacolo,"Teatro Menotti, 11, Via Ciro Menotti, Buenos Aires - Venezia, Municipio 3, Milano, Lombardia, 20129, Italia",45.4699775,9.2131112
Spettacoli,23-02-20,2020-02-23,"Via MacMahon,16,20155, Milano, MI,Italia",Out Off,L'idiota,https://www.teatro.it/spettacoli/milano/out-off/2019-2020/lidiota,Teatro e spettacolo,"20155, Italy",45.4643,9.1895
Disco&Feste,23-02-20,2020-02-23,"Via Bovisasca, 59, Milano, MI",Spirit de Milan,Uno speciale concerto blues allo Spirit de Milan,https://www.milanotoday.it/eventi/concerto-blues-spirit-de-milan.html,Musica e vita notturna,"Spirit de Milan, 59, Via Bovisasca, Bovisa, Municipio 9, Milano, Lombardia, 20157, Italia",45.5067143,9.1584748
Incontri,23-02-20,2020-02-23,"Piazza del Duomo, Milano, MI",Museo del Duomo,Un Carnevale per i bambini alla scoperta degli animali,https://www.milanotoday.it/eventi/carnevale-bambini-museo-duomo.html,Formazione e networking,"Piazza del Duomo, Duomo, Municipio 1, Milano, Lombardia, Italia",45.4639102,9.1906398
Spettacoli,23-02-20,2020-02-23,"Via Boltraffio 21,20159, Milano, MI,Italia",Fontana,"L'uomo, la bestia e la virtù",https://www.teatro.it/spettacoli/milano/fontana/2019-2020/luomo-la-bestia-e-la-virtu,Teatro e spettacolo,"21, Via Gian Antonio Boltraffio, Isola, Municipio 9, Milano, Lombardia, 20159, Italia",45.4921952,9.1878419
Spettacoli,23-02-20,2020-02-23,"Viale dell'Innovazione 20,20126, Milano, MI,Italia",Arcimboldi,Ghost - Il Musical,https://www.teatro.it/spettacoli/milano/degli-arcimboldi/2019-2020/ghost-lamore-per-sempre,Teatro e spettacolo,"20, Viale dell'Innovazione, Bicocca, Municipio 9, Milano, Lombardia, 20125, Italia",45.5148696,9.2135963
Spettacoli,23-02-20,2020-02-23,"Corso Buenos Aires 33,20124, Milano, MI,Italia",Elfo Puccini - sala Shakespeare,Alessandro Bergonzoni - Trascendi e sali,https://www.teatro.it/spettacoli/milano/elfo-puccini-sala-shakespeare/2019-2020/trascendi-e-sali,Teatro e spettacolo,"Teatro Elfo Puccini, 33, Corso Buenos Aires, Buenos Aires - Venezia, Municipio 3, Milano, Lombardia, 20124, Italia",45.4794317,9.2098387
Teatri,26-02-20,2020-02-24,"Via Alessandro Manzoni, 42, Milano, MI",Teatro Manzoni,È questa la vita che sognavo da bambino?: Luca Argentero in scena al Manzoni,https://www.milanotoday.it/eventi/spettacolo-luca-argentero-manzoni.html,Teatro e spettacolo,"Teatro Manzoni, 42, Via Alessandro Manzoni, Cerchia dei Navigli, Municipio 1, Milano, Lombardia, 20121, Italia",45.4710286,9.1944762
Teatri,01-03-20,2020-02-25,"Corso Buenos Aires, 36, Milano, MI",Teatro Elfo Puccini,Apologia: dal 25 febbraio all'1 marzo all'Elfo,https://www.milanotoday.it/eventi/apologia-spettacolo-elfo.html,Teatro e spettacolo,"Piadiniamo, 36, Corso Buenos Aires, Buenos Aires - Venezia, Municipio 3, Milano, Lombardia, 20124, Italia",45.4785293,9.2095943
Cinema,25-02-20,2020-02-25,"Via Oslavia, 8, Milano, MI",Area Metropolis 2.0,Annullato: un omaggio al grande Alberto Sordi in occasione del centenario della nascita,https://www.milanotoday.it/eventi/film-omaggio-alberto-sordi-centenario.html,Arte e cultura,"Area Metropolis 2.0, 8, Via Oslavia, Dugnano, Paderno Dugnano, Zona Omogenea Milano Nord, Milano, Lombardia, 20037, Italia",45.5686796,9.160192
Mostre,27-02-20,2020-02-25,"Via Archimede, 43, Milano, MI",Spazio Archimede 43,A mors - cuore a fette,https://www.milanotoday.it/eventi/a-mors-cuore-a-fette-7176228.html,Arte e cultura,"43, Via Archimede, Linate, Peschiera Borromeo, Milano, Lombardia, 20068, Italia",45.4450989,9.2738309
,03-04-20,2020-02-25,"Corso Europa, Milano, MI",Accademia Stabat Mater,Accademia musicale stabat mater di rho - Didattica a distanza,https://www.milanotoday.it/eventi/accademia-musicale-stabat-mater-di-rho-didattica-a-distanza-2020.html,Non classificato,"Corso Europa, Duomo, Municipio 1, Milano, Lombardia, 20122, Italia",45.4648635,9.1969852
Teatri,15-03-20,2020-02-25,"Corso Buenos Aires, 36, Milano, MI",Teatro Elfo Puccini,Dittico Alan Bennett: dal 25 febbraio al 15 marzo al Teatro Elfo Puccini,https://www.milanotoday.it/eventi/dittico-bennet-elfo.html,Teatro e spettacolo,"Piadiniamo, 36, Corso Buenos Aires, Buenos Aires - Venezia, Municipio 3, Milano, Lombardia, 20124, Italia",45.4785293,9.2095943
Spettacoli,26-02-20,2020-02-26,"v. Cavallari 4,20013, Magenta, MI,Italia",Lirico,La Bibbia riveduta e scorretta,https://www.teatro.it/spettacoli/magenta/lirico/2019-2020/la-bibbia-riveduta-e-scorretta,Teatro e spettacolo,"Via Brenno Cavallari, Magenta, Milano, Lombardia, 20013, Italia",45.4684657,8.8853001
Concerti,26-02-20,2020-02-26,"Via Scoglio di Quarto, 3, Milano, MI",Spazio LEÀ,Tinylittleconcert - chapter #2,https://www.milanotoday.it/eventi/tinylittleconcert-chapter-2-2020.html,Musica e vita notturna,"3, Via Scoglio di Quarto, Ticinese, Municipio 5, Milano, Lombardia, 20123, Italia",45.451863,9.1785929
Altro,03-04-20,2020-02-26,"via Brera, 28, Milano, MI",Pinacoteca di Brera,Appunti per una #resistenzaculturale,,Altri eventi,"Pinacoteca di Brera, 28, Via Brera, Cerchia dei Navigli, Municipio 1, Milano, Lombardia, 20121, Italia",45.4722421,9.1884071
Manifestazioni,01-03-20,2020-02-27,"Via Pier Lombardo, 14, Milano, MI",Teatro Franco Parenti,"Annullato: Incontri e conferenze dedicate al Nord Europa: arriva ""I Boreali Festival""",https://www.milanotoday.it/eventi/festival-boreali.html,Altri eventi,"Via Pier Lombardo, Porta Romana, Municipio 4, Milano, Lombardia, 20135, Italia",45.4542958,9.2063109
Mostre,17-03-20,2020-02-27,"Via Ettore Troilo, 14, Milano, MI",Portineria14,10 motivi per dire: basta! una mostra di miky degni per dire no alla violenza sulle donne,https://www.milanotoday.it/eventi/10-motivi-per-dire-basta-una-mostra-di-miky-degni-2020.html,Arte e cultura,"Portineria 14, 14, Via Ettore Troilo, Ticinese, Municipio 5, Milano, Lombardia, 20136, Italia",45.4463549,9.1777191
Mostre,04-03-20,2020-02-27,"Via Plinio, 37, Milano, MI",Mamo galleria Milano,Connubio imperfetto,https://www.milanotoday.it/eventi/connubio-imperfetto-gianluigi-infante-2020.html,Arte e cultura,"Good Morgan, 37, Via Plinio, Buenos Aires - Venezia, Municipio 3, Milano, Lombardia, 20129, Italia",45.4773202,9.216369
Incontri,27-02-20,2020-02-27,"Via Privata Duccio di Boninsegna, 21, Milano, MI",Teatro - Centro OCCAM,Educare alla sostenibilità. il ruolo dei giovani per un futuro che comincia oggi,https://www.milanotoday.it/eventi/educare-alla-sostenibilita-il-ruolo-dei-giovani.html,Formazione e networking,"21, Via Privata Duccio di Boninsegna, Pagano, Tre Torri, Municipio 8 di Milano, Milano, Lombardia, 20145, Italia",45.469743,9.1576074
Incontri,27-02-20,2020-02-27,"Via Giuseppe Bruschetti, 11, Milano, MI",Rock'n'Roll,Kicking pricks - A nick cave tribute live at rock'n'roll,https://www.milanotoday.it/eventi/kicking-pricks-a-nick-cave-tribute-live-at-rock-2020.html,Formazione e networking,"11, Via Giuseppe Bruschetti, Centrale, Municipio 2, Milano, Lombardia, 20125, Italia",45.4924627,9.2077942
Teatri,27-02-20,2020-02-27,"Piazza San Martino, 5, Milano, MI",CineTeatro Splendor,E' l'uomo per me,https://www.milanotoday.it/eventi/e-l-uomo-per-me-mario-zucca-marina-thovez-2020.html,Teatro e spettacolo,"5, Piazza San Martino, Cantun Sciatin, Ospiate, Bollate, Milano, Lombardia, 20021, Italia",45.5422885,9.1136409
Concerti,27-02-20,2020-02-27,"Via Gualdo Priorato, 5, Milano, MI",Serraglio,Annullato: Francesca Michielin in concerto per presentare il suo nuovo brano. Orari e biglietti,https://www.milanotoday.it/eventi/francesca-michielin-concerto-serraglio.html,Musica e vita notturna,"Via Gualdo Priorato, Lambrate, Municipio 3, Milano, Lombardia, 20134, Italia",45.4739432,9.2432319
Incontri,29-02-20,2020-02-28,"Via Resegone, 2, Milano, MI","Sala Conferenze Chiesa ""Gesù Vive""",10 sfumature di oro,https://www.milanotoday.it/eventi/10-sfumature-di-oro-2020.html,Formazione e networking,"Chiesa Cristiana Evangelica Gesù Vive, 2, Via Resegone, Belgioioso, Baranzate, Milano, Lombardia, 20021, Italia",45.5262489,9.1050187
Disco&Feste,29-02-20,2020-02-28,"Via San Martino, 22, Milano, MI",Spazio Mast,Out of joint vol.2 / hank,https://www.milanotoday.it/eventi/out-of-joint-vol-2-hank-hank-2020.html,Musica e vita notturna,"Spazio Mast, 22, Via San Martino, San Martino, Molino Nuovo, Lucernate, Rho, Milano, Lombardia, 20017, Italia",45.5195141,9.0451246
Mostre,28-02-20,2020-02-28,"Via Lovanio, 6, Milano, MI",Amy-d Arte Spazio,Raimondo Sandri. Make art,https://www.milanotoday.it/eventi/raimondo-sandri-make-art-raimondo-sandri-2020.html,Arte e cultura,"6, Via Lovanio, Brera, Municipio 1, Milano, Lombardia, 20121, Italia",45.4766942,9.1861782
Mostre,20-03-20,2020-02-28,"Corso San Gottardo, 18, Milano, MI",M.A.D.S. Milano,Shine landscape award,https://www.milanotoday.it/eventi/shine-landscape-award-mostra-collettiva-internazionale-2020.html,Arte e cultura,"18, Corso San Gottardo, Ticinese, Municipio 5, Milano, Lombardia, 20136, Italia",45.4501304,9.179806
Incontri,29-02-20,2020-02-28,"Viale Emilio Alemagna, 6, Milano, MI",Triennale Teatro Milano,David August | Triennale teatro milano,https://www.milanotoday.it/eventi/david-august-triennale-teatro-milano-david-august.html,Formazione e networking,"Triennale Design Museum, 6, Viale Emilio Alemagna, Parco Sempione, Municipio 1, Milano, Lombardia, 20121, Italia",45.4721477,9.1734894
Spettacoli,28-02-20,2020-02-28,"Largo Antonio Greppi,20121, Milano, MI,Italia",Piccolo Teatro - Teatro Strehler,La tragedia del vendicatore,https://www.teatro.it/spettacoli/milano/piccolo-teatro-teatro-strehler/2019-2020/la-tragedia-del-vendicatore,Teatro e spettacolo,"Largo Antonio Greppi, Cerchia dei Navigli, Municipio 1, Milano, Lombardia, 20121, Italia",45.471727,9.1826196
Manifestazioni,29-02-20,2020-02-29,"Piazzale delle Associazioni, Milano, MI",Biblioteca “Carlo Emilio Gadda”,Annullato: a Melegnano arriva una festa di Carnevale con una mega sfilata dei carri,https://www.milanotoday.it/eventi/melegnano-festa-carnevale-quando.html,Altri eventi,"Piazzale delle Associazioni, Melegnano, Milano, Lombardia, 20077, Italia",45.3583398,9.3203893
Manifestazioni,29-02-20,2020-02-29,"Via Giosuè Carducci, Milano, MI",Circo,Carnevale 2020 al circo di Peschiera Borromeo,https://www.milanotoday.it/eventi/carnevale-2020-al-circo-di-peschiera-borromeo.html,Altri eventi,"Via Giosuè Carducci, Cerchia dei Navigli, Municipio 1, Milano, Lombardia, 20123, Italia",45.4665127,9.1760222
Manifestazioni,29-02-20,2020-02-29,"Via Antonio Mosca, 180, Milano, MI",Muggiano,"Annullato: Carnevale 2020, un'imperdibile sfilata in maschera a Muggiano",https://www.milanotoday.it/eventi/sfilata-carnevale-2020-muggiano.html,Altri eventi,"Via Antonio Mosca, Baggio, Municipio 7, Milano, Lombardia, 20153, Italia",45.4594477,9.0898963
Manifestazioni,01-03-20,2020-02-29,"Piazza Tre Torri, Milano, MI",Citylife Shopping District,Annullato: due giornate di festa per un Carnevale con artisti e spettacoli dal vivo,https://www.milanotoday.it/eventi/festa-carnevale-citylife-district.html,Altri eventi,"Piazza Tre Torri, Tre Torri, Municipio 8 di Milano, Milano, Lombardia, 20149, Italia",45.4783108,9.1570584
Incontri,29-02-20,2020-02-29,"Via degli Anemoni, 6, Milano, MI",Istituto Pedagogico della Resistenza,Siamo semi 2020: evento di scambio semi e piantine a Milano,https://www.milanotoday.it/eventi/siamo-semi-2020-evento-di-scambio-semi-e-piantine-a-milano.html,Formazione e networking,"6, Via degli Anemoni, Lorenteggio, Municipio 6, Milano, Lombardia, 20147, Italia",45.4559629,9.1307073
Spettacoli,29-02-20,2020-02-29,"via Procaccini,4,20100, Milano, MI,Italia",La Fabbrica del Vapore,Le due vergini,https://www.teatro.it/spettacoli/milano/la-fabbrica-del-vapore/2019-2020/le-due-vergini,Teatro e spettacolo,"4, Via Giulio Cesare Procaccini, Bullona, Porta Volta, Municipio 8 di Milano, Milano, Lombardia, 20154, Italia",45.4839945,9.1753796
Manifestazioni,29-02-20,2020-02-29,"Piazza Schiavone, Milano, MI",Bovisa,"Annullato: sfilata in maschera, trucchi e una banda musicale: ecco il Carnevale di Bovisa",https://www.milanotoday.it/eventi/sfilata-maschera-carnevale-bovisa.html,Altri eventi,"Piazza Schiavone, Bovisa, Municipio 9, Milano, Lombardia, 20158, Italia",45.5001091,9.1640447
Incontri,29-02-20,2020-02-29,"Via Lorenteggio, 177, Milano, MI",Mercato Lorenteggio,Jambellico 2020 - Il carnevale del mondo alla rovescia,https://www.milanotoday.it/eventi/jambellico-2020.html,Formazione e networking,"177, Via Lorenteggio, Lorenteggio, Municipio 6, Milano, Lombardia, 20147, Italia",45.4488144,9.1336123
Incontri,27-03-20,2020-02-29,"Via Marco Polo, 6, Milano, MI",Cuvèe Artexperience,Dicotomie - Personale di Graziano Rey,https://www.milanotoday.it/eventi/dicotomie-personale-di-graziano-rey-graziano-rey-2020.html,Formazione e networking,"Marco Polo Bar, 6, Via Marco Polo, GARIBALDI REPUBBLICA, Municipio 9, Milano, Lombardia, 20124, Italia",45.4807066,9.1934987
Proiezione,03-04-20,2020-03-01,", 
                Milano
                (MI)",Luogo sconosciuto,Cineteca Milano - Biblioteca di Morando,,Arte e cultura,"Milano, Lombardia, Italia",45.4641943,9.1896346
Spettacoli,01-03-20,2020-03-01,"Piazza Cesare Beccaria 8,20122, Milano, MI,Italia",Gerolamo,Gerolamo fra gli antropofaghi,https://www.teatro.it/spettacoli/milano/gerolamo/2019-2020/gerolamo-fra-gli-antropofaghi,Teatro e spettacolo,"Teatro Gerolamo, 8, Piazza Cesare Beccaria, Duomo, Municipio 1, Milano, Lombardia, 20122, Italia",45.464175,9.1945551
Spettacoli,01-03-20,2020-03-01,"via Pier Lombardo,14,20135, Milano, MI,Italia",Franco Parenti - Sala Grande,Dracula,https://www.teatro.it/spettacoli/milano/teatro-franco-parenti-sala-grande/2019-2020/dracula,Teatro e spettacolo,"Via Pier Lombardo, Porta Romana, Municipio 4, Milano, Lombardia, 20135, Italia",45.4542958,9.2063109
Spettacoli,01-03-20,2020-03-01,"Via MacMahon,16,20155, Milano, MI,Italia",Out Off,Il nulla,https://www.teatro.it/spettacoli/milano/out-off/2019-2020/il-nulla,Teatro e spettacolo,"20155, Italy",45.4643,9.1895
Spettacoli,01-03-20,2020-03-01,"via Procaccini,4,20100, Milano, MI,Italia",La Fabbrica del Vapore,El Buho (Il Gufo),https://www.teatro.it/spettacoli/milano/la-fabbrica-del-vapore/2019-2020/el-buho-il-gufo,Teatro e spettacolo,"4, Via Giulio Cesare Procaccini, Bullona, Porta Volta, Municipio 8 di Milano, Milano, Lombardia, 20154, Italia",45.4839945,9.1753796
Spettacoli,01-03-20,2020-03-01,"Corso di Porta Romana 63,20122, Milano, MI,Italia",Carcano,Antigone,https://www.teatro.it/spettacoli/milano/carcano/2019-2020/antigone,Teatro e spettacolo,"Teatro Carcano, 63, Corso di Porta Romana, Crocetta, Municipio 1, Milano, Lombardia, 20121, Italia",45.4566842,9.1955297
Altro,25-03-20,2020-03-01,"via Brera, 28, Milano, MI",Pinacoteca di Brera,Le collezioni della Pinacoteca di Brera,,Altri eventi,"Pinacoteca di Brera, 28, Via Brera, Cerchia dei Navigli, Municipio 1, Milano, Lombardia, 20121, Italia",45.4722421,9.1884071
Spettacoli,01-03-20,2020-03-01,"Corso Buenos Aires,33,20124, Milano, MI,Italia",Teatro Elfo Puccini - sala Fassbinder,Verso Tebe,https://www.teatro.it/spettacoli/milano/teatro-elfo-puccini-sala-fassbinder/2019-2020/edipo-re,Teatro e spettacolo,"Teatro Elfo Puccini, 33, Corso Buenos Aires, Buenos Aires - Venezia, Municipio 3, Milano, Lombardia, 20124, Italia",45.4794317,9.2098387
Altro,03-04-20,2020-03-01,"Via San Vittore, Milano, MI",Museo nazionale della scienza e della tecnologia Leonardo da Vinci,Storie a porte chiuse,,Altri eventi,"Via San Vittore, Magenta - San Vittore, Municipio 1, Milano, Lombardia, 20144, Italia",45.4640293,9.1681174
Altro,03-04-20,2020-03-01,"via Brera, 28, Milano, MI",Pinacoteca di Brera,La Pinacoteca di Brera,,Altri eventi,"Pinacoteca di Brera, 28, Via Brera, Cerchia dei Navigli, Municipio 1, Milano, Lombardia, 20121, Italia",45.4722421,9.1884071
Spettacoli,01-03-20,2020-03-01,"Via Hermada,8,20162, Milano, MI,Italia",della Cooperativa,"Coppia aperta, quasi spalancata",https://www.teatro.it/spettacoli/milano/della-cooperativa/2019-2020/coppia-aperta-quasi-spalancata,Teatro e spettacolo,"8, Via privata Hermada, Niguarda - Cà Granda, Municipio 9, Milano, Lombardia, 20162, Italia",45.5147872,9.1901457
Altro,30-04-20,2020-03-01,", 
                Milano
                (MI)",Luogo sconosciuto,#LEGGIAMOUNASTORIA,,Altri eventi,"Milano, Lombardia, Italia",45.4641943,9.1896346
Spettacoli,01-03-20,2020-03-01,"Via Rovello 2,20121, Milano, MI,Italia",Piccolo Teatro - Teatro Grassi,Scene da Faust,https://www.teatro.it/spettacoli/milano/piccolo-teatro-teatro-grassi/2019-2020/scene-da-faust,Teatro e spettacolo,"2, Via Rovello, Brera, Milano, Lombardia, 20121, Italia",45.4665188,9.1847651
Incontri,01-03-20,2020-03-01,"Via Giovanni Duprè, 19, Milano, MI",Teatro Guarnella,Teatro e canzoni senza tempo,https://www.milanotoday.it/eventi/teatro-e-canzoni-senza-tempo-zena-singers-2019.html,Formazione e networking,"Via Giovanni Duprè, Ghisolfa, Municipio 8 di Milano, Milano, Lombardia, 20155, Italia",45.494526,9.1597343
Incontri,09-03-20,2020-03-02,"Via Arcivescovo Calabiana, 6, Milano, MI",Talent Garden Milano Calabiana,Annullato: Google fa scoprire ai giovanissimi il mondo della tecnologia: ecco i due incontri,https://www.milanotoday.it/eventi/incontro-talent-garden.html,Formazione e networking,"Chainblock ATM, 6, Via Arcivescovo Calabiana, Scalo Romana, Municipio 5, Milano, Lombardia, 20139, Italia",45.443859,9.208082
Spettacoli,02-03-20,2020-03-02,"Corso di Porta Romana 63,20122, Milano, MI,Italia",Carcano,Questioni di cuore,https://www.teatro.it/spettacoli/milano/carcano/2019-2020/questioni-di-cuore,Teatro e spettacolo,"Teatro Carcano, 63, Corso di Porta Romana, Crocetta, Municipio 1, Milano, Lombardia, 20121, Italia",45.4566842,9.1955297
Mostre,09-05-20,2020-03-03,"Via Comelico, 40, Milano, MI",Dep Art Gallery,Il gesto dell’oriente. Cinque voci dell’avanguardia coreana,https://www.milanotoday.it/eventi/il-gesto-dell-oriente-cinque-voci-dell-avanguardia-coreana-2020.html,Arte e cultura,"Via Comelico, XXII Marzo, Municipio 4, Milano, Lombardia, 20135, Italia",45.4549832,9.212729
Incontri,16-03-20,2020-03-03,"Via Andrea Maria Ampère, 27, Milano, MI",Spazio Arte Tolomeo,Dreamars,https://www.milanotoday.it/eventi/dreamars-2020.html,Formazione e networking,"27, Via Andrea Maria Ampère, Città Studi, Municipio 3, Milano, Lombardia, 20131, Italia",45.4816019,9.2263908
Teatri,06-03-20,2020-03-03,"Via Pier Lombardo, 14, Milano, MI",Teatro Franco Parenti,17 Borders Crossings: dal 3 al 6 marzo in anteprima al Teatro Parenti,https://www.milanotoday.it/eventi/border-crossing-spettacolo.html,Teatro e spettacolo,"Via Pier Lombardo, Porta Romana, Municipio 4, Milano, Lombardia, 20135, Italia",45.4542958,9.2063109
Altro,03-04-20,2020-03-03,"via Tortona, Milano, MI",Luogo sconosciuto,MUDEC – Museo delle culture,,Altri eventi,"Via Tortona, Tortona, Municipio 6, Milano, Lombardia, 20143, Italia",45.4501842,9.1562356
Incontri,04-03-20,2020-03-04,"Piazza della Repubblica, 20, Milano, MI",The Westin Palace,Il più grande evento MBA a Milano: QS Connect MBA,https://www.milanotoday.it/eventi/mba-master-manager.html,Formazione e networking,"20, Piazza della Repubblica, Centrale, Municipio 2, Milano, Lombardia, 20124, Italia",45.4790175,9.1990724
Incontri,09-03-20,2020-03-04,"Via Vigevano, Milano, MI",Tenoha,Tenoha celebra la festa della donna con un piatto speciale e tre cocktail,https://www.milanotoday.it/eventi/tenoha-festa-donna-quando.html,Formazione e networking,"Via Vigevano, Navigli, Municipio 6, Milano, Lombardia, 20123, Italia",45.4529051,9.1745879
Altro,31-03-20,2020-03-05,"Viale Alemagna, 6, Milano, MI",Triennale di Milano - Triennale design museum,Decameron: storie in streaming,,Altri eventi,"Triennale Design Museum, 6, Viale Emilio Alemagna, Parco Sempione, Municipio 1, Milano, Lombardia, 20121, Italia",45.4721477,9.1734894
Mostra,14-06-20,2020-03-05,"piazza Duomo, Milano, MI",Palazzo Reale,Viaggio oltre le tenebre - Tutankhamon RealExperience,,Arte e cultura,"Piazza del Duomo, Duomo, Municipio 1, Milano, Lombardia, Italia",45.4639102,9.1906398
Mostre,24-04-20,2020-03-05,"Via Goffredo Mameli, 46, Milano, MI",Galleria Conceptual,Sculture,https://www.milanotoday.it/eventi/sculture-mostra-collettiva-2020.html,Arte e cultura,"46, Via Goffredo Mameli, XXII Marzo, Municipio 4, Milano, Lombardia, 20137, Italia",45.4631562,9.2133629
Mostre,27-03-20,2020-03-05,"Via Enrico Caviglia, 3, Milano, MI",Istituto Italiano di Fotografia,Mostra fotografica “amaway – about.me.about.woman.about.you” di Sonia Santagostino,https://www.milanotoday.it/eventi/mostra-fotografica-amaway-about-me-2020.html,Arte e cultura,"3, Via Enrico Caviglia, Lodi - Corvetto, Municipio 4, Milano, Lombardia, 20139, Italia",45.4436084,9.2298198
Incontri,05-03-20,2020-03-05,"Via Giovanni Antonio Amadeo, 11, Milano, MI",Teatro FAES,Adolescenti: libertà e rischio nell'educazione,https://www.milanotoday.it/eventi/adolescenti-liberta-e-rischio-nell-educazione.html,Formazione e networking,"Via Giovanni Antonio Amadeo, Lambrate, Municipio 3, Milano, Lombardia, 20059, Italia",45.4709316,9.2404259
Mostre,10-01-21,2020-03-05,"Via Chiese, 2, Milano, MI",HangarBicocca,"Trisha Baga, aperta la mostra gratuita all'Hangar Bicocca",https://www.milanotoday.it/eventi/trisha-baga-mostra-hangar.html,Arte e cultura,"Iuta Bistrot, 2, Via Chiese, Bicocca, Municipio 9, Milano, Lombardia, 20126, Italia",45.5209859,9.21927
Mostre,18-10-20,2020-03-05,"Piazza del Duomo, 12, Milano, MI",Palazzo Reale,'Stanze piene di scarabei' e mummie: a Palazzo Reale arriva la mostra su Tutankhamon,https://www.milanotoday.it/eventi/mostra-tutankhamon-palazzo-reale.html,Arte e cultura,"Giacomo, 12, Piazza del Duomo, Duomo, Municipio 1, Milano, Lombardia, 20100, Italia",45.4632066,9.1914879
Mostre,10-01-21,2020-03-05,"Via Chiese, 2, Milano, MI",HangarBicocca,"Trisha Baga, aperta la mostra gratuita all'Hangar Bicocca",https://www.milanotoday.it/eventi/trisha-baga-mostra-hangar.html,Arte e cultura,"Iuta Bistrot, 2, Via Chiese, Bicocca, Municipio 9, Milano, Lombardia, 20126, Italia",45.5209859,9.21927
Mostre,29-03-20,2020-03-06,"Piazza del Duomo, 12, Milano, MI",Palazzo Reale,Roberto Cotroneo nel teatro dell'arte: la mostra gratis a Palazzo Reale,https://www.milanotoday.it/eventi/mostra-teatro-arte-palazzo-reale.html,Arte e cultura,"Giacomo, 12, Piazza del Duomo, Duomo, Municipio 1, Milano, Lombardia, 20100, Italia",45.4632066,9.1914879
Mostre,26-07-20,2020-03-06,"Piazza del Duomo, Milano, MI",Palazzo Reale,Oltre 50 scatti di Roberto Cotroneo nella nuova mostra dedicata al pubblico delle mostre,https://www.milanotoday.it/eventi/mostra-roberto-cotroneo-palazzo-reale-quando.html,Arte e cultura,"Piazza del Duomo, Duomo, Municipio 1, Milano, Lombardia, Italia",45.4639102,9.1906398
Concerti,07-03-20,2020-03-06,"Via Pietrasanta, 14, Milano, MI",Magazzini Generali,Fritz Kalkbrenner live a Milano,https://www.milanotoday.it/eventi/fritz-kalkbrenner-live-a-milano-fritz-kalkbrenner-2020.html,Musica e vita notturna,"14, Via Pietrasanta, Ex Om - Morivione, Municipio 5, Milano, Lombardia, 20141, Italia",45.4438506,9.1964489
Mostra,02-08-20,2020-03-06,"piazza Duomo, Milano, MI",Palazzo Reale,Roberto Cotroneo. Nel teatro dell’arte,,Arte e cultura,"Piazza del Duomo, Duomo, Municipio 1, Milano, Lombardia, Italia",45.4639102,9.1906398
Spettacoli,06-03-20,2020-03-06,"via Pier Lombardo,14,20135, Milano, MI,Italia",Franco Parenti - Sala Grande,17 Border Crossings,https://www.teatro.it/spettacoli/milano/franco-parenti-sala-grande/2019-2020/17-border-crossings,Teatro e spettacolo,"Via Pier Lombardo, Porta Romana, Municipio 4, Milano, Lombardia, 20135, Italia",45.4542958,9.2063109
Spettacoli,06-03-20,2020-03-06,"Via Filodrammatici 2,20121, Milano, MI,Italia",Teatro Alla Scala,Il trovatore,https://www.teatro.it/spettacoli/milano/teatro-alla-scala/2019-2020/il-trovatore,Teatro e spettacolo,"2, Via Filodrammatici, Brera, Milano, Lombardia, 20121, Italia",45.4673781,9.188701
Spettacoli,07-03-20,2020-03-07,"via Procaccini,4,20100, Milano, MI,Italia",La Fabbrica del Vapore,Herbarie. Le chiamavano streghe,https://www.teatro.it/spettacoli/milano/la-fabbrica-del-vapore/2019-2020/herbarie-le-chiamavano-streghe,Teatro e spettacolo,"4, Via Giulio Cesare Procaccini, Bullona, Porta Volta, Municipio 8 di Milano, Milano, Lombardia, 20154, Italia",45.4839945,9.1753796
Spettacoli,07-03-20,2020-03-07,"via Pier Lombardo,14,20135, Milano, MI,Italia",Franco Parenti - Sala Grande,Qualcosa,https://www.teatro.it/spettacoli/milano/franco-parenti-sala-grande/2019-2020/qualcosa,Teatro e spettacolo,"Via Pier Lombardo, Porta Romana, Municipio 4, Milano, Lombardia, 20135, Italia",45.4542958,9.2063109
Concerti,07-03-20,2020-03-07,"Via Monte San Michele, 150, Milano, MI",Teatro Vittoria,Poohrorock (tributo ufficiale ai pooh) a Sesto San Giovanni il 7 marzo 2020,https://www.milanotoday.it/eventi/poohrorock-tributo-ufficiale-ai-pooh.html,Musica e vita notturna,"150, Via Monte San Michele, Rione Vittoria, Sesto San Giovanni, Zona Omogenea Milano Nord, Milano, Lombardia, 20099, Italia",45.5249292,9.2269546
Concerti,07-03-20,2020-03-07,"Piazza del Carmine, 2, Milano, MI",Sagrestia Artistica  Chiesa Santa Maria del Carmine,Profili di donna,https://www.milanotoday.it/eventi/profili-di-donna-il-cerchio-delle-fate-2020.html,Musica e vita notturna,"2, Piazza del Carmine, Brera, Milano, Lombardia, 20121, Italia",45.4705766,9.1854554
Visita Guidata,18-05-20,2020-03-07,"corso Magenta, Milano, MI",Palazzo Arese-Litta,#sorprendentelombardia,,Arte e cultura,"Corso Magenta, Magenta - San Vittore, Municipio 1, Milano, Lombardia, 20123, Italia",45.4656863,9.1693109
Spettacoli,08-03-20,2020-03-08,"Via Pastrengo 16,20159, Milano, MI,Italia",Verdi,Noi siamo voi - Votatevi!,https://www.teatro.it/spettacoli/milano/verdi/2019-2020/noi-siamo-voi-votatevi,Teatro e spettacolo,"Posto Unico, 16, Via Pastrengo, Isola, Municipio 9, Milano, Lombardia, 20159, Italia",45.4868098,9.1857326
Spettacoli,08-03-20,2020-03-08,"via Procaccini,4,20100, Milano, MI,Italia",La Fabbrica del Vapore,Charlie e la fabbrica di cioccolato,https://www.teatro.it/spettacoli/milano/la-fabbrica-del-vapore/2019-2020/charlie-e-la-fabbrica-di-cioccolato,Teatro e spettacolo,"4, Via Giulio Cesare Procaccini, Bullona, Porta Volta, Municipio 8 di Milano, Milano, Lombardia, 20154, Italia",45.4839945,9.1753796
Spettacoli,08-03-20,2020-03-08,"piazza Piero Carnelli,20138, Milano, MI,Italia",Delfino,Scoop,https://www.teatro.it/spettacoli/milano/delfino/2019-2020/scoop,Teatro e spettacolo,"Piazza Don Piero Carnelli, Mecenate, Municipio 4, Milano, Lombardia, 20059, Italia",45.4584915,9.2436908
Spettacoli,08-03-20,2020-03-08,"Piazza Cesare Beccaria 8,20122, Milano, MI,Italia",Gerolamo,Paparino - commedia dialettale,https://www.teatro.it/spettacoli/milano/gerolamo/2019-2020/paparino,Teatro e spettacolo,"Teatro Gerolamo, 8, Piazza Cesare Beccaria, Duomo, Municipio 1, Milano, Lombardia, 20122, Italia",45.464175,9.1945551
Spettacoli,08-03-20,2020-03-08,"via Pier Lombardo,14,20135, Milano, MI,Italia",Franco Parenti - Sala Grande,Bolero - Prigionia di un amore,https://www.teatro.it/spettacoli/milano/franco-parenti-sala-grande/2019-2020/bolero-prigionia-di-un-amore,Teatro e spettacolo,"Via Pier Lombardo, Porta Romana, Municipio 4, Milano, Lombardia, 20135, Italia",45.4542958,9.2063109
Incontro/presentazione,30-04-20,2020-03-08,"corso Magenta, Milano, MI",Palazzo Arese-Litta,#pillole di resilienza,,Formazione e networking,"Corso Magenta, Magenta - San Vittore, Municipio 1, Milano, Lombardia, 20123, Italia",45.4656863,9.1693109
Spettacoli,08-03-20,2020-03-08,"Corso Buenos Aires,33,20124, Milano, MI,Italia",Teatro Elfo Puccini - sala Fassbinder,Destinatario sconosciuto,https://www.teatro.it/spettacoli/milano/teatro-elfo-puccini-sala-fassbinder/2019-2020/destinatario-sconosciuto,Teatro e spettacolo,"Teatro Elfo Puccini, 33, Corso Buenos Aires, Buenos Aires - Venezia, Municipio 3, Milano, Lombardia, 20124, Italia",45.4794317,9.2098387
Spettacoli,08-03-20,2020-03-08,"Via G. di Vittorio 6,20090, Assago, MI,Italia",Repower,I Legnanesi - Non ci resta che ridere,https://www.teatro.it/spettacoli/assago/della-luna/2019-2020/non-ci-resta-che-ridere,Teatro e spettacolo,"20090, Italy",45.407,9.1083
Spettacoli,08-03-20,2020-03-08,"Via G. di Vittorio 6,20090, Assago, MI,Italia",Repower,I Legnanesi - Non ci resta che ridere,https://www.teatro.it/spettacoli/assago/della-luna/2019-2020/non-ci-resta-che-ridere,Teatro e spettacolo,"20090, Italy",45.407,9.1083
Mostre,08-03-20,2020-03-08,"Via Cusani, Milano, MI",Eccellenze campane,Aniello saravo mostra personale di pittura festa della donna,https://www.milanotoday.it/eventi/aniello-saravo-mostra-personale-di-pittura.html,Arte e cultura,"Via Cusani, Brera, Municipio 1, Milano, Lombardia, 20121, Italia",45.4687836,9.184801
Spettacoli,08-03-20,2020-03-08,"via Procaccini,4,20100, Milano, MI,Italia",La Fabbrica del Vapore,Charlie e la fabbrica di cioccolato,https://www.teatro.it/spettacoli/milano/la-fabbrica-del-vapore/2019-2020/charlie-e-la-fabbrica-di-cioccolato,Teatro e spettacolo,"4, Via Giulio Cesare Procaccini, Bullona, Porta Volta, Municipio 8 di Milano, Milano, Lombardia, 20154, Italia",45.4839945,9.1753796
Mostre,22-03-20,2020-03-09,"Via Vitruvio, 41, Milano, MI",Istituto Gonzaga,Mostra su “paolo takashi nagai - annuncio da nagasaki”,https://www.milanotoday.it/eventi/mostra-su-paolo-takashi-nagai-2020.html,Arte e cultura,"41, Via Vitruvio, Centrale, Municipio 2, Milano, Lombardia, 20124, Italia",45.4825855,9.2060898
Mostre,09-03-20,2020-03-09,"Via Sansovino, 27, Milano, MI",RABOTAROOM,Mono no yoji (lo spirito delle cose),https://www.milanotoday.it/eventi/mono-no-yoji-lo-spirito-delle-cose-rie-nakajima-2020.html,Arte e cultura,"27, Via Sansovino, Buenos Aires - Venezia, Municipio 3, Milano, Lombardia, 20133, Italia",45.4792398,9.2205734
,10-03-20,2020-03-10,"Via Tonale, 19, Milano, MI",Settimo milanese,Alba milanese,https://www.milanotoday.it/eventi/alba-milanese-pulvirenti-francesco-alessandro-2020--.html,Non classificato,"19, Via Tonale, Centrale, Municipio 2, Milano, Lombardia, 20124, Italia",45.4892559,9.2015404
,10-03-20,2020-03-10,"Via Tonale, 19, Milano, MI",Settimo milanese,Alba milanese,https://www.milanotoday.it/eventi/alba-milanese-pulvirenti-francesco-alessandro-2020.html,Non classificato,"19, Via Tonale, Centrale, Municipio 2, Milano, Lombardia, 20124, Italia",45.4892559,9.2015404
Mostre,23-03-20,2020-03-10,"Via Andrea Maria Ampère, 27, Milano, MI",Spazio Arte Tolomeo,Dreamars,https://www.milanotoday.it/eventi/dreamars-andrea-pitzalis-2020.html,Arte e cultura,"27, Via Andrea Maria Ampère, Città Studi, Municipio 3, Milano, Lombardia, 20131, Italia",45.4816019,9.2263908
Mostre,13-03-20,2020-03-11,"Via Archimede, 43, Milano, MI",Spazio Archimede 43,A mors - Cuore a fette,https://www.milanotoday.it/eventi/a-mors-cuore-a-fette-2020.html,Arte e cultura,"43, Via Archimede, Linate, Peschiera Borromeo, Milano, Lombardia, 20068, Italia",45.4450989,9.2738309
Incontri,11-03-20,2020-03-11,"Corso Venezia, 47, Milano, MI",Centro Congressi Confcommericio - Sala Orlando,Un viaggio nel cervello alla ricerca della coscienza,https://www.milanotoday.it/eventi/un-viaggio-nel-cervello-alla-ricerca-della-coscienza-2020.html,Formazione e networking,"47, Corso Venezia, Guastalla, Municipio 1, Milano, Lombardia, 20121, Italia",45.4710655,9.2013574
,12-03-20,2020-03-12,"Via Tortona, 27, Milano, MI",Superstudio,Start hub your carrer milano: la tua carriera inizia il 12 marzo!,https://www.milanotoday.it/eventi/start-hub-your-carrer-milano-la-tua-carriera-inizia-il-12-marzo.html,Non classificato,"D-share, 27, Via Tortona, Tortona, Municipio 6, Milano, Lombardia, 20144, Italia",45.4506925,9.1634708
Incontri,13-03-20,2020-03-13,"Viale Lucania, 3, Milano, MI",Il Politeatro,Non esistono ragazzi cattivi... Uno sguardo è per sempre,https://www.milanotoday.it/eventi/non-esistono-ragazzi-cattivi.html,Formazione e networking,"Viale Lucania, Lodi - Corvetto, Municipio 4, Milano, Lombardia, 20139, Italia",45.4430378,9.2239399
Spettacoli,13-03-20,2020-03-13,"Corso Venezia 2/A,20121, Milano, MI,Italia",San Babila,Più bella cosa non c'è,https://www.teatro.it/spettacoli/milano/san-babila/2019-2020/piu-bella-cosa-non-ce,Teatro e spettacolo,"2a, Corso Venezia, Duomo, Municipio 1, Milano, Lombardia, 20121, Italia",45.4670204,9.1981104
Incontri,13-03-20,2020-03-13,"Via Giovanni Battista Niccolini, 39, Milano, MI",,"Annullato: disturbo alimentare, i colloqui psicologici gratuiti in Auxologico",https://www.milanotoday.it/eventi/disturbo-alimentare-incontri-gratis-auxologico.html,Formazione e networking,"Auxologico, 39, Via Giovanni Battista Niccolini, Sarpi, Porta Volta, Municipio 8 di Milano, Milano, Lombardia, 20154, Italia",45.4837824,9.176717
Incontri,14-03-20,2020-03-14,"Via Alessandro Volta, 2, Milano, MI",Ideal,Frida - Spettacolo di danza contro la violenza sulle donne,https://www.milanotoday.it/eventi/frida-spettacolo-di-danza-contro-la-violenza-sulle-donne-2020.html,Formazione e networking,"2, Via Alessandro Volta, Isola del Bosco, Cassina de' Gatti, Sesto San Giovanni, Zona Omogenea Milano Nord, Milano, Lombardia, 20099, Italia",45.5359289,9.2392309
Spettacoli,15-03-20,2020-03-15,"Largo Antonio Greppi,20121, Milano, MI,Italia",Piccolo Teatro - Teatro Strehler,I fratelli Karamazov,https://www.teatro.it/spettacoli/milano/piccolo-teatro-teatro-strehler/2019-2020/i-fratelli-karamazov,Teatro e spettacolo,"Largo Antonio Greppi, Cerchia dei Navigli, Municipio 1, Milano, Lombardia, 20121, Italia",45.471727,9.1826196
Spettacoli,15-03-20,2020-03-15,"Via Rovello 2,20121, Milano, MI,Italia",Piccolo Teatro - Teatro Grassi,Giacomino e mammà,https://www.teatro.it/spettacoli/milano/piccolo-teatro-teatro-grassi/2019-2020/giacomino-e-mamma,Teatro e spettacolo,"2, Via Rovello, Brera, Milano, Lombardia, 20121, Italia",45.4665188,9.1847651
Spettacoli,15-03-20,2020-03-15,"Via Giordano Rota 1,20145, Milano, MI,Italia",Nazionale Italiana Assicurazioni,Singin' in the Rain - Il Musical,https://www.teatro.it/spettacoli/milano/nazionale-chebanca/2019-2020/singin-in-the-rain-il-musical,Teatro e spettacolo,"20145, Italy",45.4643,9.1895
Spettacoli,15-03-20,2020-03-15,"Piazza Cesare Beccaria 8,20122, Milano, MI,Italia",Gerolamo,Dittico di circo contemporaneo - Quattrox4,https://www.teatro.it/spettacoli/milano/gerolamo/2019-2020/quattrox4,Teatro e spettacolo,"Teatro Gerolamo, 8, Piazza Cesare Beccaria, Duomo, Municipio 1, Milano, Lombardia, 20122, Italia",45.464175,9.1945551
Spettacoli,15-03-20,2020-03-15,"Via Giordano Rota 1,20145, Milano, MI,Italia",Nazionale Italiana Assicurazioni,Singin' in the Rain - Il Musical,https://www.teatro.it/spettacoli/milano/nazionale-chebanca/2019-2020/singin-in-the-rain-il-musical,Teatro e spettacolo,"20145, Italy",45.4643,9.1895
Spettacoli,15-03-20,2020-03-15,"Viale dell'Innovazione 20,20126, Milano, MI,Italia",Arcimboldi,Alice in Wonderland,https://www.teatro.it/spettacoli/milano/degli-arcimboldi/2019-2020/alice-in-wonderland,Teatro e spettacolo,"20, Viale dell'Innovazione, Bicocca, Municipio 9, Milano, Lombardia, 20125, Italia",45.5148696,9.2135963
Spettacoli,15-03-20,2020-03-15,"Via Andrea Maria Ampère 1,20131, Milano, MI,Italia",MTM - Leonardo,L'Avaro,https://www.teatro.it/spettacoli/milano/leonardo/2019-2020/lavaro,Teatro e spettacolo,"Teatro Leonardo da Vinci, 1, Via Andrea Maria Ampère, Città Studi, Municipio 3, Milano, Lombardia, 20131, Italia",45.4795266,9.2263901
Spettacoli,16-03-20,2020-03-16,"via Gaudenzio Ferrari 11,20123, Milano, MI,Italia",Teatro i,Storia di un oblio,https://www.teatro.it/spettacoli/milano/teatro-i/2019-2020/storia-di-un-oblio,Teatro e spettacolo,"Teatro i, 11, Via Gaudenzio Ferrari, Ticinese, Municipio 1, Milano, Lombardia, 20123, Italia",45.4551612,9.1767832
Altro,17-03-20,2020-03-17,"Via Senato, 10, Milano, MI",Archivio di Stato di Milano,Tutela in pillole #iorestoacasa,,Altri eventi,"Archivio di Stato di Milano, 10, Via Senato, Guastalla, Municipio 1, Milano, Lombardia, 20121, Italia",45.4703017,9.1988675
Spettacoli,17-03-20,2020-03-17,"v. Cavallari 4,20013, Magenta, MI,Italia",Lirico,Misura per misura,https://www.teatro.it/spettacoli/magenta/lirico/2019-2020/misura-per-misura,Teatro e spettacolo,"Via Brenno Cavallari, Magenta, Milano, Lombardia, 20013, Italia",45.4684657,8.8853001
Spettacoli,18-03-20,2020-03-18,"piazza Carlo Alberto dalla Chiesa 4,20020, Arese, MI,Italia",Cinema Teatro Arese,Alle 5 da me,https://www.teatro.it/spettacoli/arese/cinema-teatro-arese/2019-2020/alle-5-da-me,Teatro e spettacolo,"Cinema Teatro Arese, 4, Piazza Generale Carlo Alberto Dalla Chiesa, Sant'Anna, Arese, Milano, Lombardia, 20044, Italia",45.549694,9.0777685
Altro,03-04-20,2020-03-18,"Via Senato, 10, Milano, MI",Archivio di Stato di Milano,Tutela in pillole #iorestoacasa,,Altri eventi,"Archivio di Stato di Milano, 10, Via Senato, Guastalla, Municipio 1, Milano, Lombardia, 20121, Italia",45.4703017,9.1988675
,18-04-20,2020-03-18,"Via Benedetto Marcello, 46, Milano, MI",Galleria Manifiesto Blanco,Mostra bill & the city - william magruder @ manifiesto blanco,https://www.milanotoday.it/eventi/mostra-bill-the-city-william-magruder.html,Non classificato,"46, Via Benedetto Marcello, Buenos Aires - Venezia, Municipio 3, Milano, Lombardia, 20124, Italia",45.4829617,9.2105962
Spettacoli,19-03-20,2020-03-19,"Via Filodrammatici 2,20121, Milano, MI,Italia",Teatro Alla Scala,Il Turco in Italia,https://www.teatro.it/spettacoli/milano/teatro-alla-scala/2019-2020/il-turco-in-italia,Teatro e spettacolo,"2, Via Filodrammatici, Brera, Milano, Lombardia, 20121, Italia",45.4673781,9.188701
Cibo e Vino,22-03-20,2020-03-19,"Piazza Salvador Allende, Milano, MI",,Annullato: la Valtellina arriva in piazza: ecco la sagra con pizzoccheri e vini del territorio,https://www.milanotoday.it/eventi/sagra-valtellina-cusano-milanino-dove-quando.html,Enogastronomia,"Piazza Salvador Allende, Cusano, Cusano Milanino, Zona Omogenea Milano Nord, Milano, Lombardia, 20095, Italia",45.5507575,9.1827671
Mostre,13-09-20,2020-03-19,"Via Tortona, 56, Milano, MI",Mudec,"L’arte di raccontare storie senza tempo, la mostra sui film Disney arriva al Mudec",https://www.milanotoday.it/eventi/mostra-disney-milano.html,Arte e cultura,"Mudec, 56, Via Tortona, Tortona, Municipio 6, Milano, Lombardia, 20144, Italia",45.4520455,9.1613185
Altro,03-04-20,2020-03-19,"Via Senato, 10, Milano, MI",Archivio di Stato di Milano,Tutela in pillole#iorestoacasa,,Altri eventi,"Archivio di Stato di Milano, 10, Via Senato, Guastalla, Municipio 1, Milano, Lombardia, 20121, Italia",45.4703017,9.1988675
Manifestazioni,22-03-20,2020-03-19,"Piazza Lina Bo Bardi, Milano, MI",The Mall,"Rimandato: ""Mia Photo Fair"", la fiera della fotografia d'arte, compie dieci anni",https://www.milanotoday.it/eventi/mia-photo-fair-fiera-fotografia-2020.html,Altri eventi,"Piazza Lina Bo Bardi, GARIBALDI REPUBBLICA, Municipio 9, Milano, Lombardia, 20124, Italia",45.480849,9.1970628
Altro,03-04-20,2020-03-19,"Via Senato, 10, Milano, MI",Archivio di Stato di Milano,#iorestoacasa,,Altri eventi,"Archivio di Stato di Milano, 10, Via Senato, Guastalla, Municipio 1, Milano, Lombardia, 20121, Italia",45.4703017,9.1988675
Altro,04-04-20,2020-03-20,"Via Senato, 10, Milano, MI",Archivio di Stato di Milano,Tutela in pillole#iorestoacasa,,Altri eventi,"Archivio di Stato di Milano, 10, Via Senato, Guastalla, Municipio 1, Milano, Lombardia, 20121, Italia",45.4703017,9.1988675
,20-03-20,2020-03-20,"Via Dione Cassio, Milano, MI",BRT,Corrieri brt,https://www.milanotoday.it/eventi/corrieri-brt-2020.html,Non classificato,"Via Cassio Dione, Mecenate, Municipio 4, Milano, Lombardia, 20059, Italia",45.4488673,9.2464943
Concerti,20-03-20,2020-03-20,"Viale Toscana, 31, Milano, MI",Santeria Toscana 31,Annullato: Generic Animal in concerto in Santeria: la nuova data dopo l'ordinanza di chiusura in Lombardia,https://www.milanotoday.it/eventi/generic-animal-concerto-santeria-biglietti.html,Musica e vita notturna,"31, Viale Toscana, Morivione, Municipio 5, Milano, Lombardia, 20136, Italia",45.4457106,9.1886185
Altro,04-04-20,2020-03-20,"Via Senato, 10, Milano, MI",Archivio di Stato di Milano,#iorestoacasa,,Altri eventi,"Archivio di Stato di Milano, 10, Via Senato, Guastalla, Municipio 1, Milano, Lombardia, 20121, Italia",45.4703017,9.1988675
Spettacolo Teatrale,21-03-20,2020-03-21,", 
                Milano
                (MI)",Luogo sconosciuto,Il miracolo della cena ,,Teatro e spettacolo,"Milano, Lombardia, Italia",45.4641943,9.1896346
Spettacoli,22-03-20,2020-03-22,"Piazza Cesare Beccaria 8,20122, Milano, MI,Italia",Gerolamo,Due allegre solitudini - Dino Buzzati,https://www.teatro.it/spettacoli/milano/gerolamo/2019-2020/due-allegre-solitudini-dino-buzzati,Teatro e spettacolo,"Teatro Gerolamo, 8, Piazza Cesare Beccaria, Duomo, Municipio 1, Milano, Lombardia, 20122, Italia",45.464175,9.1945551
Concerti,22-03-20,2020-03-22,"Piazza Cesare Beccaria, 8, Milano, MI",Teatro Gerolamo,Annullato: un concerto di pianoforte de LaVerdi in arrivo a Milano,https://www.milanotoday.it/eventi/concerto-pianoforte-teatro-gerolamo.html,Musica e vita notturna,"Teatro Gerolamo, 8, Piazza Cesare Beccaria, Duomo, Municipio 1, Milano, Lombardia, 20122, Italia",45.464175,9.1945551
Spettacoli,22-03-20,2020-03-22,"via Pier Lombardo 14,20135, Milano, MI,Italia",Franco Parenti - Sala 3,"Mothers, Three (Israele)",https://www.teatro.it/spettacoli/milano/franco-parenti-sala-3/2019-2020/mothers-three-israele,Teatro e spettacolo,"Via Pier Lombardo, Porta Romana, Municipio 4, Milano, Lombardia, 20135, Italia",45.4542958,9.2063109
Spettacoli,22-03-20,2020-03-22,"Via Andrea Maria Ampère 1,20131, Milano, MI,Italia",MTM - Leonardo,Macbeth,https://www.teatro.it/spettacoli/milano/leonardo/2019-2020/macbeth,Teatro e spettacolo,"Teatro Leonardo da Vinci, 1, Via Andrea Maria Ampère, Città Studi, Municipio 3, Milano, Lombardia, 20131, Italia",45.4795266,9.2263901
Spettacoli,22-03-20,2020-03-22,"Corso Venezia 2/A,20121, Milano, MI,Italia",San Babila,Maria Callas Master Class,https://www.teatro.it/spettacoli/milano/san-babila/2019-2020/maria-callas-master-class,Teatro e spettacolo,"2a, Corso Venezia, Duomo, Municipio 1, Milano, Lombardia, 20121, Italia",45.4670204,9.1981104
Altro,31-03-20,2020-03-23,"corso Magenta, Milano, MI",Palazzo Arese-Litta,"#Dantedì, un percorso di visioni, ascolti, letture",,Altri eventi,"Corso Magenta, Magenta - San Vittore, Municipio 1, Milano, Lombardia, 20123, Italia",45.4657212,9.17112
Altro,04-04-20,2020-03-23,"Via Senato, 10, Milano, MI",Archivio di Stato di Milano,Tutela in pillole #iorestoacasa,,Altri eventi,"10, Via Senato, Guastalla, Municipio 1, Milano, Lombardia, 20121, Italia",45.4700976,9.1981223
Altro,04-04-20,2020-03-23,"Via Senato, 10, Milano, MI",Archivio di Stato di Milano,#iorestoacasa,,Altri eventi,"10, Via Senato, Guastalla, Municipio 1, Milano, Lombardia, 20121, Italia",45.4700976,9.1981223
Altro,03-04-20,2020-03-24,", 
                Milano
                (MI)",Luogo sconosciuto,#PassioneItalia,,Altri eventi,"Milano, Lombardia, Italia",45.4641943,9.1896346
Spettacoli,24-03-20,2020-03-24,"Via Varese,29,20024, Garbagnate Milanese, MI,Italia",Italia,La Bibbia riveduta e scorretta,https://www.teatro.it/spettacoli/garbagnate-milanese/italia/2019-2020/la-bibbia-riveduta-e-scorretta,Teatro e spettacolo,"Via Varese, Quadrifoglio, Santa Maria Rossa, Garbagnate Milanese, Milano, Lombardia, 20024, Italia",45.5758278,9.0778952
Visita Guidata,25-03-20,2020-03-24,"Via Senato 10, Milano, MI",Archivio di Stato di Milano,"#DanteDì - ""la vipera che Melanesi accampa"": passeggiata tra stemmi dei Visconti e documenti dell'epoca di Dante",,Arte e cultura,"10, Via Senato, Guastalla, Municipio 1, Milano, Lombardia, 20121, Italia",45.4700976,9.1981223
Altro,03-05-20,2020-03-24,", 
                Milano
                (MI)",Luogo sconosciuto,CAPOLAVORI e tante storie fai da te,,Altri eventi,"Milano, Lombardia, Italia",45.4641943,9.1896346
Incontro/presentazione,25-04-20,2020-03-25,"via Brera, 28, Milano, MI",Pinacoteca di Brera,25 marzo #Dantedì #IoleggoDante,,Formazione e networking,"Istituto Nazionale di Astrofisica – Osservatorio astronomico di Brera, 28, Via Brera, Cerchia dei Navigli, Municipio 1, Milano, Lombardia, 20121, Italia",45.4715946,9.1889707
Altro,25-03-20,2020-03-25,"Via Senato, 10, Milano, MI",Archivio di Stato di Milano,"""La Commedia in Lombardia fra manoscritti e stampa"": il Dantedì della SAB Lombardia",,Altri eventi,"10, Via Senato, Guastalla, Municipio 1, Milano, Lombardia, 20121, Italia",45.4700976,9.1981223
Altro,25-03-20,2020-03-25,"Via Senato, 10, Milano, MI",Archivio di Stato di Milano,#dantedì - Conclusione: promesse e auspici,,Altri eventi,"10, Via Senato, Guastalla, Municipio 1, Milano, Lombardia, 20121, Italia",45.4700976,9.1981223
Concerti,25-03-20,2020-03-25,"Via Giuseppe di Vittorio, Milano, MI",Mediolanum Forum di Assago,Concerto di James Blunt a Milano nel 2020. Orari e biglietti,https://www.milanotoday.it/eventi/concerto-james-blunt.html,Musica e vita notturna,"Via Giuseppe Di Vittorio, Pontesesto, Rozzano, Milano, Lombardia, 20072, Italia",45.3848731,9.1854672
Altro,25-03-20,2020-03-25,"Via Senato, 10, Milano, MI",Archivio di Stato di Milano,"#dantedì - Il Codice Trivulziano 1076: i lussuriosi, con una lettura di Giuliana Nuvoli.",,Altri eventi,"10, Via Senato, Guastalla, Municipio 1, Milano, Lombardia, 20121, Italia",45.4700976,9.1981223
Altro,25-03-20,2020-03-25,"Via Senato, 10, Milano, MI",Archivio di Stato di Milano,"#dantedì - La Commedia in Lombardia: Cristoforo Landino. Brescia, Bonino Bonini, 31 V 1487 xilografie e giochi enigmistici",,Altri eventi,"10, Via Senato, Guastalla, Municipio 1, Milano, Lombardia, 20121, Italia",45.4700976,9.1981223
Altro,25-03-20,2020-03-25,"Via Senato, 10, Milano, MI",Archivio di Stato di Milano,"#dantedì - Il Codice Trivulziano 1076: Paolo e Francesca, con una lettura di Giuliana Nuvoli",,Altri eventi,"10, Via Senato, Guastalla, Municipio 1, Milano, Lombardia, 20121, Italia",45.4700976,9.1981223
Altro,25-03-20,2020-03-25,"Via Senato, 10, Milano, MI",Archivio di Stato di Milano,#dantedì - La Commedia in Lombardia: il codice Trivulziano 1080 carta 36r,,Altri eventi,"10, Via Senato, Guastalla, Municipio 1, Milano, Lombardia, 20121, Italia",45.4700976,9.1981223
Altro,25-03-20,2020-03-25,"Via Senato, 10, Milano, MI",Archivio di Stato di Milano,"#dantedì - La Commedia in Lombardia: Cristoforo Landino. Brescia, Bonino Bonini, 31 V 1487 pagina incipitaria",,Altri eventi,"10, Via Senato, Guastalla, Municipio 1, Milano, Lombardia, 20121, Italia",45.4700976,9.1981223
Altro,25-03-20,2020-03-25,"Via Senato, 10, Milano, MI",Archivio di Stato di Milano,#dantedì - La Commedia in Lombardia: il codice Trivulziano 1080 carta 70r,,Altri eventi,"10, Via Senato, Guastalla, Municipio 1, Milano, Lombardia, 20121, Italia",45.4700976,9.1981223
Altro,25-03-20,2020-03-25,"Via Senato, 10, Milano, MI",Archivio di Stato di Milano,"#dantedì - La Commedia in Lombardia: Cristoforo Landino. Brescia, Bonino Bonini, 31 V 1487",,Altri eventi,"10, Via Senato, Guastalla, Municipio 1, Milano, Lombardia, 20121, Italia",45.4700976,9.1981223
Altro,25-03-20,2020-03-25,"Via Senato, 10, Milano, MI",Archivio di Stato di Milano,#dantedì - La Commedia in Lombardia: il codice Trivulziano 1080 carta 1r,,Altri eventi,"10, Via Senato, Guastalla, Municipio 1, Milano, Lombardia, 20121, Italia",45.4700976,9.1981223
Altro,03-04-20,2020-03-26,", 
                Milano
                (MI)",Luogo sconosciuto,Fondazione Cineteca di Milano,,Altri eventi,"Milano, Lombardia, Italia",45.4641943,9.1896346
Altro,26-03-20,2020-03-26,"Via San Vittore, Milano, MI",Museo nazionale della scienza e della tecnologia Leonardo da Vinci,Un racconto digitale pensato per mostrare ai visitatori quello che normalmente non possono vedere,,Altri eventi,"Via San Vittore, Magenta - San Vittore, Municipio 1, Milano, Lombardia, 20144, Italia",45.4644719,9.1666084
Spettacoli,27-03-20,2020-03-27,"Via San Giovanni sul muro 2,20121, Milano, MI,Italia",Dal Verme,L'infinito Tour,https://www.teatro.it/spettacoli/milano/dal-verme/2019-2020/linfinito-tour,Teatro e spettacolo,"2, Via San Giovanni sul Muro, Cerchia dei Navigli, Municipio 1, Milano, Lombardia, 20121, Italia",45.4671162,9.1814924
Incontri,28-03-20,2020-03-28,"Via Giulio Cesare Procaccini, 4, Milano, MI",Fabbrica del Vapore,Infoday - parti come volontario all'estero!,https://www.milanotoday.it/eventi/infoday-parti-come-volontario-all-estero.html,Formazione e networking,"4, Via Giulio Cesare Procaccini, Bullona, Porta Volta, Municipio 8 di Milano, Milano, Lombardia, 20154, Italia",45.4839945,9.1753796
Spettacoli,28-03-20,2020-03-28,"v. S. Giovanni XXIII 5,20090, Opera, MI,Italia",Eduardo,Un grande grido d'amore,https://www.teatro.it/spettacoli/opera/euduardo/2019-2020/un-grande-grido-damore,Teatro e spettacolo,"20090, Italy",45.407,9.1083
Spettacoli,29-03-20,2020-03-29,"via Pitteri 58,20134, Milano, MI,Italia",Martinitt,La casa di famiglia,https://www.teatro.it/spettacoli/milano/martinitt/2019-2020/la-casa-di-famiglia,Teatro e spettacolo,"Via Riccardo Pitteri, Lambrate, Municipio 3, Milano, Lombardia, 20134, Italia",45.4798362,9.2457864
Incontri,29-03-20,2020-03-29,"Piazza Elsa Morante, Milano, MI",Parco di CityLife - Piazza Burri,Women in run • the race,https://www.milanotoday.it/eventi/women-in-run-the-race-2020.html,Formazione e networking,"Piazza Elsa Morante, Tre Torri, Municipio 8 di Milano, Milano, Lombardia, 20149, Italia",45.4767068,9.1557594
Spettacoli,29-03-20,2020-03-29,"Via Andrea Maria Ampère 1,20131, Milano, MI,Italia",MTM - Leonardo,Kobane calling on stage,https://www.teatro.it/spettacoli/milano/leonardo/2019-2020/kobane-calling-on-stage,Teatro e spettacolo,"Teatro Leonardo da Vinci, 1, Via Andrea Maria Ampère, Città Studi, Municipio 3, Milano, Lombardia, 20131, Italia",45.4795266,9.2263901
Spettacoli,29-03-20,2020-03-29,"Piazza Cesare Beccaria 8,20122, Milano, MI,Italia",Gerolamo,Anna Karenina,https://www.teatro.it/spettacoli/milano/gerolamo/2019-2020/anna-karenina,Teatro e spettacolo,"Teatro Gerolamo, 8, Piazza Cesare Beccaria, Duomo, Municipio 1, Milano, Lombardia, 20122, Italia",45.464175,9.1945551
Incontri,30-03-20,2020-03-30,"Piazza San Babila, Milano, MI",Teatro Nuovo di Milano,Spettacolo di beneficenza al teatro nuovo di Milano,https://www.milanotoday.it/eventi/spettacolo-di-beneficenza-al-teatro-nuovo-2020.html,Formazione e networking,"Piazza San Babila, Duomo, Municipio 1, Milano, Lombardia, 20122, Italia",45.466374,9.1977066
Spettacoli,31-03-20,2020-03-31,"via Pitteri 58,20134, Milano, MI,Italia",Martinitt,Il mio grosso grasso matrimonio gayo,https://www.teatro.it/spettacoli/milano/martinitt/2019-2020/il-mio-grosso-grasso-matrimonio-gayo,Teatro e spettacolo,"Via Riccardo Pitteri, Lambrate, Municipio 3, Milano, Lombardia, 20134, Italia",45.4798362,9.2457864
Incontri,05-04-20,2020-03-31,"Via Pompeo Cambiasi, 10, Milano, MI",Campo Teatrale,Human farm,https://www.milanotoday.it/eventi/human-farm-fartagnan-teatro-2020.html,Formazione e networking,"10, Via Pompeo Cambiasi, Loreto, Municipio 3, Milano, Lombardia, 20131, Italia",45.4899575,9.2313007
Teatri,31-03-20,2020-03-31,"Viale dell'Innovazione, 20, Milano, MI",Teatro Arcimboldi,"Annullato: Piero Angela e Alberto Luca Recchi svelano “I segreti del mare"" tra le meraviglie degli abissi",https://www.milanotoday.it/eventi/piero-angela-spettacolo-mare-arcimboldi.html,Teatro e spettacolo,"20, Viale dell'Innovazione, Bicocca, Municipio 9, Milano, Lombardia, 20125, Italia",45.5148696,9.2135963
Concerti,31-03-20,2020-03-31,"Via Gaudenzio Fantoli, Milano, MI",FABRIQUE,Annullato: Anastasio in un nuovo concerto live a Milano. Orari e biglietti,https://www.milanotoday.it/eventi/concerto-anastasio-fabrique-biglietti.html,Musica e vita notturna,"Via Gaudenzio Fantoli, Mecenate, Municipio 4, Milano, Lombardia, 20059, Italia",45.4495677,9.2558998
Spettacoli,31-03-20,2020-03-31,"Via Filodrammatici 2,20121, Milano, MI,Italia",Teatro Alla Scala,Salomè,https://www.teatro.it/spettacoli/milano/teatro-alla-scala/2019-2020/salome,Teatro e spettacolo,"2, Via Filodrammatici, Brera, Milano, Lombardia, 20121, Italia",45.4676198,9.1884287
Mostra,30-04-20,2020-04-01,"Via Senato 10, Milano, MI",Archivio di Stato di Milano, #lItaliaChiamò e il contributo dell’ASMi alla maratona benefica: online il video su “La Vergine delle rocce e L’Ultima Cena: la storia documentata”,,Arte e cultura,"10, Via Senato, Guastalla, Municipio 1, Milano, Lombardia, 20121, Italia",45.4700976,9.1981223
Mostre,19-04-20,2020-04-01,"Via Giuseppe Arimondi, 1, Milano, MI",exfabbricadellebambole,Call for artists | L'arca di noè,https://www.milanotoday.it/eventi/call-for-artists-l-arca-di-noe.html,Arte e cultura,"Stefano Il Marchegiano, 1, Via Giuseppe Arimondi, Ghisolfa, Portello, Municipio 8 di Milano, Milano, Lombardia, 20155, Italia",45.4895433,9.1539951
Mostra,30-04-20,2020-04-01,"Via Senato 10, Milano, MI",Archivio di Stato di Milano,#ArTyouReady? L'ASMi propone una mostra sull'alimentazione fruibile online,,Arte e cultura,"10, Via Senato, Guastalla, Municipio 1, Milano, Lombardia, 20121, Italia",45.4700976,9.1981223
Spettacoli,02-04-20,2020-04-02,"piazza Carlo Alberto dalla Chiesa 4,20020, Arese, MI,Italia",Cinema Teatro Arese,La casa di famiglia,https://www.teatro.it/spettacoli/arese/cinema-teatro-arese/2019-2020/la-casa-di-famiglia,Teatro e spettacolo,"Cinema Teatro Arese, 4, Piazza Generale Carlo Alberto Dalla Chiesa, Sant'Anna, Arese, Milano, Lombardia, 20044, Italia",45.549694,9.0777685
Incontri,03-04-20,2020-04-02,"Via Raffaele Lambruschini, 4, Milano, MI",Politecnico di Milano | Campus Bovisa | Edificio BL28 |,Dronitaly forum 2020,https://www.milanotoday.it/eventi/dronitaly-forum-2020-dronitaly.html,Formazione e networking,"Biblioteca Bovisa La Masa, 4, Via Raffaele Lambruschini, Bovisa, Municipio 9, Milano, Lombardia, 20156, Italia",45.5032082,9.1571452
,02-05-20,2020-04-03,"Via Giuseppe di Vittorio, Milano, MI",Mediolanum Forum,In arrivo quattro concerti imperdibili di Marracash. Orari e biglietti.,https://www.milanotoday.it/eventi/concerto-marracash-forum-2020-biglietti.html,Non classificato,"Via Giuseppe Di Vittorio, Pontesesto, Rozzano, Milano, Lombardia, 20072, Italia",45.3848731,9.1854672
Spettacoli,04-04-20,2020-04-04,"Piazza Italia,5,20010, Vittuone, MI,Italia",TresArtes,Dio arriverà all'alba - omaggio a Alda Merini,https://www.teatro.it/spettacoli/vittuone/tresartes/2019-2020/dio-arrivera-allalba-omaggio-a-alda-merini,Teatro e spettacolo,"Gruppo Comunale Volontari di Protezione Civile Vittuone, 5, Piazza Italia, Vittuone, Milano, Lombardia, 20010, Italia",45.4876137,8.9453012
Spettacoli,04-04-20,2020-04-04,"Via Andrea Maria Ampère 1,20131, Milano, MI,Italia",MTM - Leonardo,Arianna Porcelli Safonov - Rìding Tristocomico,https://www.teatro.it/spettacoli/milano/leonardo/2019-2020/riding-tristocomico,Teatro e spettacolo,"Teatro Leonardo da Vinci, 1, Via Andrea Maria Ampère, Città Studi, Municipio 3, Milano, Lombardia, 20131, Italia",45.4795266,9.2263901
Spettacoli,04-04-20,2020-04-04,"Via Alessandro Manzoni 42,20121, Milano, MI,Italia",Manzoni,Pippi Calzelunghe,https://www.teatro.it/spettacoli/milano/manzoni/2019-2020/pippi-calzelunghe,Teatro e spettacolo,"Teatro Manzoni, 42, Via Alessandro Manzoni, Cerchia dei Navigli, Municipio 1, Milano, Lombardia, 20121, Italia",45.4710286,9.1944762
Spettacoli,05-04-20,2020-04-05,"Corso di Porta Romana 63,20122, Milano, MI,Italia",Carcano,Turandò,https://www.teatro.it/spettacoli/milano/carcano/2019-2020/turando,Teatro e spettacolo,"Teatro Carcano, 63, Corso di Porta Romana, Crocetta, Municipio 1, Milano, Lombardia, 20121, Italia",45.4566842,9.1955297
Spettacoli,05-04-20,2020-04-05,"Piazza Cesare Beccaria 8,20122, Milano, MI,Italia",Gerolamo,Apesar - Quattrox4,https://www.teatro.it/spettacoli/milano/gerolamo/2019-2020/apesar-quattrox4,Teatro e spettacolo,"Teatro Gerolamo, 8, Piazza Cesare Beccaria, Duomo, Municipio 1, Milano, Lombardia, 20122, Italia",45.464175,9.1945551
Spettacoli,05-04-20,2020-04-05,"via Pier Lombardo,14,20135, Milano, MI,Italia",Franco Parenti - Sala Grande,Io e Pirandello,https://www.teatro.it/spettacoli/milano/teatro-franco-parenti-sala-grande/2019-2020/io-e-pirandello,Teatro e spettacolo,"Via Pier Lombardo, Porta Romana, Municipio 4, Milano, Lombardia, 20135, Italia",45.4542958,9.2063109
Spettacoli,05-04-20,2020-04-05,"Via G. di Vittorio 6,20090, Assago, MI,Italia",Repower,Grease,https://www.teatro.it/spettacoli/assago/della-luna/2019-2020/grease,Teatro e spettacolo,"20090, Italy",45.407,9.1083
Spettacoli,05-04-20,2020-04-05,"Via Marco D'Oggiono 1,20123, Milano, MI,Italia",LabArca,Schiava di Picasso,https://www.teatro.it/spettacoli/milano/labarca/2019-2020/schiava-di-picasso,Teatro e spettacolo,"Lab Arca, 1, Via Marco d'Oggiono, Ticinese, Municipio 1, Milano, Lombardia, 20123, Italia",45.4570586,9.175896
Altro,30-04-20,2020-04-06,"Via Senato, 10, Milano, MI",Archivio di Stato di Milano,#iorestoacasa - Gran Virtual Tour - Memoria è Futuro,,Altri eventi,"10, Via Senato, Guastalla, Municipio 1, Milano, Lombardia, 20121, Italia",45.4700976,9.1981223
Altro,30-04-20,2020-04-07,"Via Senato, 10, Milano, MI",Archivio di Stato di Milano,#iorestoacasa - Tutela in pillole: TipiDiArchivio - Gli archivi scolastici,,Altri eventi,"10, Via Senato, Guastalla, Municipio 1, Milano, Lombardia, 20121, Italia",45.4700976,9.1981223
Altro,30-04-20,2020-04-07,"Via Senato, 10, Milano, MI",Archivio di Stato di Milano,#iorestoacasa - Gran Virtual Tour - la scheda d'inventario della Coppa Diatreta Trivulzio,,Altri eventi,"10, Via Senato, Guastalla, Municipio 1, Milano, Lombardia, 20121, Italia",45.4700976,9.1981223
Spettacoli,09-04-20,2020-04-09,"Corso Buenos Aires,33,20124, Milano, MI,Italia",Teatro Elfo Puccini - sala Fassbinder,L'eclisse,https://www.teatro.it/spettacoli/milano/teatro-elfo-puccini-sala-fassbinder/2019-2020/leclisse,Teatro e spettacolo,"Teatro Elfo Puccini, 33, Corso Buenos Aires, Buenos Aires - Venezia, Municipio 3, Milano, Lombardia, 20124, Italia",45.4794317,9.2098387
,31-05-20,2020-04-09,"Via San Maurilio, 4, Milano, MI",Gilda Contemporary Art,Gilda contemporary art a sostegno dell’Istituto Mario Negri,https://www.milanotoday.it/eventi/gilda-contemporary-art-a-sostegno-dell-istituto-mario-negri.html,Non classificato,"San Maurì, 4, Via San Maurilio, Cerchia dei Navigli, Municipio 1, Milano, Lombardia, 20123, Italia",45.4617081,9.1849031
Proiezione,08-05-20,2020-04-10,"piazza Santa Maria delle Grazie, 2, Milano, MI",Cenacolo Vinciano,#cenacoloalcinema: il cinema ispirato dall'Ultima Cena,,Arte e cultura,"Museo del Cenacolo Vinciano, 2, Piazza Santa Maria delle Grazie, Magenta - San Vittore, Municipio 1, Milano, Lombardia, 20123, Italia",45.4662047,9.170655
Altro,03-05-20,2020-04-10,"Via Senato, 10, Milano, MI",Archivio di Stato di Milano,#iorestoacasa - Tutela in Pillole,,Altri eventi,"10, Via Senato, Guastalla, Municipio 1, Milano, Lombardia, 20121, Italia",45.4700976,9.1981223
Concerti,12-04-20,2020-04-12,"Piazza del Duomo, Milano, MI",Duomo,Concerto in streaming di Andrea Bocelli dal Duomo di Milano nel giorno di Pasqua,https://www.milanotoday.it/eventi/concerto-andrea-bocelli-duomo-pasqua.html,Musica e vita notturna,"Piazza del Duomo, Duomo, Municipio 1, Milano, Lombardia, Italia",45.4639102,9.1906398
Incontri,13-04-20,2020-04-13,"Via Giovanni Boccaccio, 10, Milano, MI",Inzago,Inzaghissima 2020,https://www.milanotoday.it/eventi/inzaghissima-2020-asd-i-fadana-2019.html,Formazione e networking,"10, Via Giovanni Boccaccio, Baraggia, Sesto San Giovanni, Zona Omogenea Milano Nord, Milano, Lombardia, 20099, Italia",45.5406119,9.2355612
Concerti,14-04-20,2020-04-14,"Via Valtellina, 25, Milano, MI",Alcatraz Milano,Mahmood in concerto all'Alcatraz. Orari e biglietti,https://www.milanotoday.it/eventi/mahmodd-concerto-alcatraz.html,Musica e vita notturna,"Alcatraz, 25, Via Valtellina, Isola, Municipio 9, Milano, Lombardia, 20159, Italia",45.494744,9.1823768
Spettacoli,16-04-20,2020-04-16,"Via Filodrammatici 2,20121, Milano, MI,Italia",Teatro Alla Scala,Madina,https://www.teatro.it/spettacoli/milano/teatro-alla-scala/2019-2020/madina,Teatro e spettacolo,"2, Via Filodrammatici, Brera, Milano, Lombardia, 20121, Italia",45.4673781,9.188701
Spettacoli,17-04-20,2020-04-17,"Via San Giovanni sul muro 2,20121, Milano, MI,Italia",Dal Verme,"Matthew Lee - Swing, Rock & Love Tour 2020",https://www.teatro.it/spettacoli/milano/dal-verme/2019-2020/matthew-lee-swing-rock-love-tour-2020,Teatro e spettacolo,"2, Via San Giovanni sul Muro, Cerchia dei Navigli, Municipio 1, Milano, Lombardia, 20121, Italia",45.4671162,9.1814924
Concerti,17-04-20,2020-04-17,"Via Giuseppe di Vittorio, Milano, MI",Mediolanum Forum,Annullato: Brunori Sas in un nuovo concerto a Milano. Dove acquistare i biglietti,https://www.milanotoday.it/eventi/brunori-sas-nuovo-concerto-forum-biglietti.html,Musica e vita notturna,"Via Giuseppe Di Vittorio, Cascine Olona, Vighignolo, Settimo Milanese, Milano, Lombardia, 20019, Italia",45.4876868,9.0566303
Spettacoli,17-04-20,2020-04-17,"v. Matteotti 30,20064, Gorgonzola, MI,Italia",Sala Argentia,Un grande grido d'amore,https://www.teatro.it/spettacoli/gorgonzola/sala-argentia/2019-2020/un-grande-grido-damore,Teatro e spettacolo,"Sala Argentia, 30, Via Giacomo Matteotti, Gorgonzola, Milano, Lombardia, 20064, Italia",45.5327792,9.4032916
Spettacoli,18-04-20,2020-04-18,"Via Giordano Rota 1,20145, Milano, MI,Italia",Nazionale Italiana Assicurazioni,"Giacobazzi - Noi, mille volti e una bugia",https://www.teatro.it/spettacoli/milano/nazionale-chebanca/2019-2020/noi-mille-volti-e-una-bugia,Teatro e spettacolo,"20145, Italy",45.4643,9.1895
Spettacoli,19-04-20,2020-04-19,"Corso Buenos Aires 33,20124, Milano, MI,Italia",Elfo Puccini - Sala Bausch,Einstein & Me,https://www.teatro.it/spettacoli/milano/elfo-puccini-sala-bausch/2019-2020/einstein-me,Teatro e spettacolo,"Teatro Elfo Puccini, 33, Corso Buenos Aires, Buenos Aires - Venezia, Municipio 3, Milano, Lombardia, 20124, Italia",45.4794317,9.2098387
Spettacoli,19-04-20,2020-04-19,"via Pitteri 58,20134, Milano, MI,Italia",Martinitt,Notte di follia,https://www.teatro.it/spettacoli/milano/martinitt/2019-2020/notte-di-follia,Teatro e spettacolo,"Via Riccardo Pitteri, Lambrate, Municipio 3, Milano, Lombardia, 20134, Italia",45.4798362,9.2457864
Spettacoli,19-04-20,2020-04-19,"C.so Matteotti,20,20121, Milano, MI,Italia",Nuovo,Il vizietto,https://www.teatro.it/spettacoli/milano/nuovo/2019-2020/il-vizietto,Teatro e spettacolo,"20, Corso Giacomo Matteotti, Duomo, Municipio 1, Milano, Lombardia, 20121, Italia",45.4667336,9.1967703
Spettacoli,20-04-20,2020-04-20,"Via Varese,29,20024, Garbagnate Milanese, MI,Italia",Italia,Le Bal. L'Italia balla dal 1940 al 2001,https://www.teatro.it/spettacoli/garbagnate-milanese/italia/2019-2020/le-bal-litalia-balla-dal-1940-al-2001,Teatro e spettacolo,"Via Varese, Quadrifoglio, Santa Maria Rossa, Garbagnate Milanese, Milano, Lombardia, 20024, Italia",45.5758278,9.0778952
Incontri,26-04-20,2020-04-20,"Piazza Gino Valle, Milano, MI",Alpha District,"Nasce Alpha district, il più giovane e il più esteso distretto del Fuorisalone",https://www.milanotoday.it/eventi/nasce-alpha-district-2019.html,Formazione e networking,"Piazza Gino Valle, Portello, Municipio 8 di Milano, Milano, Lombardia, 20149, Italia",45.4858141,9.1474744
Spettacoli,21-04-20,2020-04-21,"via Pitteri 58,20134, Milano, MI,Italia",Martinitt,Ciao amore ciao,https://www.teatro.it/spettacoli/milano/martinitt/2019-2020/ciao-amore-ciao,Teatro e spettacolo,"Via Riccardo Pitteri, Lambrate, Municipio 3, Milano, Lombardia, 20134, Italia",45.4798362,9.2457864
Visita Guidata,31-12-20,2020-04-22,"Via Senato 10, Milano, MI",Archivio di Stato di Milano,"#IoRestoAcasa, ma visito il Palazzo del Senato: un tour a portata di click.",,Arte e cultura,"Archivio di Stato di Milano, 10, Via Senato, Guastalla, Municipio 1, Milano, Lombardia, 20121, Italia",45.4703017,9.1988675
Concerti,22-04-20,2020-04-22,"Via Valtellina, Milano, MI",Alcatraz Milano,"Diodato, il vincitore del festival di Sanremo, in uno speciale concerto dal vivo",https://www.milanotoday.it/eventi/diodato-concerto-alcatraz-biglietti.html,Musica e vita notturna,"Via Valtellina, Farini, Municipio 9, Milano, Lombardia, 20159, Italia",45.4907327,9.1812435
Spettacoli,22-04-20,2020-04-22,"Piazza Risorgimento 19,20066, Melzo, MI,Italia",Trivulzio,Un alt(r)o Everest,https://www.teatro.it/spettacoli/melzo/trivulzio/2019-2020/un-altro-everest,Teatro e spettacolo,"Piazza Risorgimento, Melzo, Milano, Lombardia, 20066, Italia",45.5003449,9.4229132
Altro,03-05-20,2020-04-24,"Via Senato, 10, Milano, MI",Archivio di Stato di Milano,#iorestoacasa - Viaggio in Italia - Domenica 26 aprile,,Altri eventi,"Archivio di Stato di Milano, 10, Via Senato, Guastalla, Municipio 1, Milano, Lombardia, 20121, Italia",45.4703017,9.1988675
,24-04-20,2020-04-24,"Viale Lucania, 18, Milano, MI",Il Politeatro,Non esistono ragazzi cattivi ... uno sguardo è per sempre,https://www.milanotoday.it/eventi/non-esistono-ragazzi-cattivi-uno-sguardo-2020.html,Non classificato,"Viale Lucania, Lodi - Corvetto, Municipio 4, Milano, Lombardia, 20139, Italia",45.4430378,9.2239399
Spettacoli,25-04-20,2020-04-25,"Via MacMahon,16,20155, Milano, MI,Italia",Out Off,Mai morti,https://www.teatro.it/spettacoli/milano/out-off/2019-2020/mai-morti,Teatro e spettacolo,"20155, Italy",45.4643,9.1895
Concerti,25-04-20,2020-04-25,"Via Gaudenzio Fantoli, 9, Milano, MI",FABRIQUE,Annullato: Gianluca Grignani in un nuovo concerto a Milano. Ecco dove acquistare i biglietti,https://www.milanotoday.it/eventi/concerto-gianluca-grignani-fabrique-biglietti.html,Musica e vita notturna,"Fabrique, 9, Via Gaudenzio Fantoli, Mecenate, Municipio 4, Milano, Lombardia, 20138, Italia",45.4521243,9.2522773
Spettacoli,26-04-20,2020-04-26,"Via Rovello 2,20121, Milano, MI,Italia",Piccolo Teatro - Teatro Grassi,Radio Clandestina,https://www.teatro.it/spettacoli/milano/piccolo-teatro-teatro-grassi/2019-2020/radio-clandestina,Teatro e spettacolo,"2, Via Rovello, Brera, Milano, Lombardia, 20121, Italia",45.4665188,9.1847651
Spettacoli,26-04-20,2020-04-26,"Via MacMahon,16,20155, Milano, MI,Italia",Out Off,Nome di battaglia Lia,https://www.teatro.it/spettacoli/milano/out-off/2019-2020/nome-di-battaglia-lia,Teatro e spettacolo,"20155, Italy",45.4643,9.1895
Spettacoli,30-04-20,2020-04-30,"Largo Antonio Greppi,20121, Milano, MI,Italia",Piccolo Teatro - Teatro Strehler,John Gabriel Borkman,https://www.teatro.it/spettacoli/milano/piccolo-teatro-teatro-strehler/2019-2020/john-gabriel-borkman,Teatro e spettacolo,"Largo Antonio Greppi, Cerchia dei Navigli, Municipio 1, Milano, Lombardia, 20121, Italia",45.471727,9.1826196
Concerti,31-05-20,2020-05-02,"Viale Enrico Fermi, Milano, MI",Legend Club,"Annullato: ""Rock In Park Festival"", un mese di concerti con la migliore musica rock del momento",https://www.milanotoday.it/eventi/rock-in-park-festival-concerti.html,Musica e vita notturna,"Viale Enrico Fermi, Affori, Municipio 9, Milano, Lombardia, 20161, Italia",45.5108822,9.1802425
Spettacoli,02-05-20,2020-05-02,"Piazza Cesare Beccaria 8,20122, Milano, MI,Italia",Gerolamo,Corde sull'acqua - La Verdi,https://www.teatro.it/spettacoli/milano/gerolamo/2019-2020/corde-sullacqua-la-verdi,Teatro e spettacolo,"Teatro Gerolamo, 8, Piazza Cesare Beccaria, Duomo, Municipio 1, Milano, Lombardia, 20122, Italia",45.464175,9.1945551
Concerti,02-05-20,2020-05-02,"Via Giuseppe di Vittorio, Milano, MI",Mediolanum Forum,Annullato: Marracash in concerto a Milano. Orari e biglietti,https://www.milanotoday.it/eventi/marracash-concerto-biglietti.html,Musica e vita notturna,"Via Giuseppe Di Vittorio, Cascine Olona, Vighignolo, Settimo Milanese, Milano, Lombardia, 20019, Italia",45.4876868,9.0566303
Concerti,04-05-20,2020-05-04,"Via Gaudenzio Fantoli, 9, Milano, MI",FABRIQUE,Annullato: Annalisa arriva in un nuovo concerto a Milano. Orari e biglietti,https://www.milanotoday.it/eventi/concerto-annalisa-fabrique-biglietti.html,Musica e vita notturna,"Fabrique, 9, Via Gaudenzio Fantoli, Mecenate, Municipio 4, Milano, Lombardia, 20138, Italia",45.4521243,9.2522773
Altro,18-05-20,2020-05-06,"Via Senato, 10, Milano, MI",Archivio di Stato di Milano,Pausa Caffé Museo City - Intervista ad Annalisa Rossi ,,Altri eventi,"Archivio di Stato di Milano, 10, Via Senato, Guastalla, Municipio 1, Milano, Lombardia, 20121, Italia",45.4703017,9.1988675
Altro,18-05-20,2020-05-06,"Via Senato, 10, Milano, MI",Archivio di Stato di Milano,Dialoghi di Urbisaglia - Intervista ad Annalisa Rossi ,,Altri eventi,"Archivio di Stato di Milano, 10, Via Senato, Guastalla, Municipio 1, Milano, Lombardia, 20121, Italia",45.4703017,9.1988675
Altro,18-05-20,2020-05-08,"Via Senato, 10, Milano, MI",Archivio di Stato di Milano,#laculturanonsiferma - Covid 19: Dall'emergenza alla ripartenza graduale.,,Altri eventi,"Archivio di Stato di Milano, 10, Via Senato, Guastalla, Municipio 1, Milano, Lombardia, 20121, Italia",45.4703017,9.1988675
Spettacoli,08-05-20,2020-05-08,"v. Mons. Pogliani 7/a,ang. via Grandi,20090, Cesano Boscone, MI,Italia",Cristallo,Paolo Ruffini Show,https://www.teatro.it/spettacoli/cesano-boscone/cristallo/2019-2020/paolo-ruffini-show,Teatro e spettacolo,"20090, Italy",45.407,9.1083
Incontri,09-05-20,2020-05-09,"Piazza del Duomo, Milano, MI",Duomo,Una visita speciale per conoscere l’organo del Duomo,https://www.milanotoday.it/eventi/una-visita-organo-duomo.html,Formazione e networking,"Piazza del Duomo, Duomo, Municipio 1, Milano, Lombardia, Italia",45.4639102,9.1906398
Spettacoli,09-05-20,2020-05-09,"Via Alessandro Manzoni 42,20121, Milano, MI,Italia",Manzoni,La Casa delle storie: i tre porcellini,https://www.teatro.it/spettacoli/milano/manzoni/2019-2020/la-casa-delle-storie-i-tre-porcellini,Teatro e spettacolo,"Teatro Manzoni, 42, Via Alessandro Manzoni, Cerchia dei Navigli, Municipio 1, Milano, Lombardia, 20121, Italia",45.4710286,9.1944762
Spettacoli,10-05-20,2020-05-10,"Via Pier Lombardo 14,20135, Milano, MI,Italia",Franco Parenti - Sala Blu,SÊMI - Senza infamia e senza lode,https://www.teatro.it/spettacoli/milano/franco-parenti-sala-acomea/2019-2020/semi-senza-infamia-e-senza-lode,Teatro e spettacolo,"Via Pier Lombardo, Porta Romana, Municipio 4, Milano, Lombardia, 20135, Italia",45.4542958,9.2063109
Spettacoli,10-05-20,2020-05-10,"Corso di Porta Romana 63,20122, Milano, MI,Italia",Carcano,Mistero buffo,https://www.teatro.it/spettacoli/milano/carcano/2019-2020/mistero-buffo,Teatro e spettacolo,"Teatro Carcano, 63, Corso di Porta Romana, Crocetta, Municipio 1, Milano, Lombardia, 20121, Italia",45.4566842,9.1955297
Spettacoli,10-05-20,2020-05-10,"Piazza Cesare Beccaria 8,20122, Milano, MI,Italia",Gerolamo,Di a da in con su per tra fra Shakespeare,https://www.teatro.it/spettacoli/milano/gerolamo/2019-2020/di-a-da-in-con-su-per-tra-fra-shakespeare,Teatro e spettacolo,"Teatro Gerolamo, 8, Piazza Cesare Beccaria, Duomo, Municipio 1, Milano, Lombardia, 20122, Italia",45.464175,9.1945551
Spettacoli,10-05-20,2020-05-10,"Corso Buenos Aires 33,20124, Milano, MI,Italia",Elfo Puccini - sala Shakespeare,"Ifigenia, liberata",https://www.teatro.it/spettacoli/milano/elfo-puccini-sala-shakespeare/2019-2020/ifigenia-liberata,Teatro e spettacolo,"Teatro Elfo Puccini, 33, Corso Buenos Aires, Buenos Aires - Venezia, Municipio 3, Milano, Lombardia, 20124, Italia",45.4794317,9.2098387
Incontri,10-05-20,2020-05-10,"Piazza del Cannone, Milano, MI",Milano,Strawoman,https://www.milanotoday.it/eventi/strawoman-red-events-2020.html,Formazione e networking,"Piazza del Cannone, Parco Sempione, Municipio 1, Milano, Lombardia, Italia",45.4716693,9.1780647
Spettacoli,10-05-20,2020-05-10,"Corso Buenos Aires 33,20124, Milano, MI,Italia",Elfo Puccini - Sala Bausch,L'incidente è chiuso,https://www.teatro.it/spettacoli/milano/elfo-puccini-sala-bausch/2019-2020/lincidente-e-chiuso,Teatro e spettacolo,"Teatro Elfo Puccini, 33, Corso Buenos Aires, Buenos Aires - Venezia, Municipio 3, Milano, Lombardia, 20124, Italia",45.4794317,9.2098387
Spettacoli,10-05-20,2020-05-10,"via Pier Lombardo 14,20135, Milano, MI,Italia",Franco Parenti - Sala 3,Cabaret delle piccole cose,https://www.teatro.it/spettacoli/milano/franco-parenti-sala-3/2019-2020/cabaret-delle-piccole-cose,Teatro e spettacolo,"Via Pier Lombardo, Porta Romana, Municipio 4, Milano, Lombardia, 20135, Italia",45.4542958,9.2063109
Spettacoli,10-05-20,2020-05-10,"Via Rivoli 6,20121, Milano, MI,Italia",Piccolo Teatro - Studio Melato,Quando la vita ti viene a trovare,https://www.teatro.it/spettacoli/milano/piccolo-teatro-studio-melato/2019-2020/quando-la-vita-ti-viene-a-trovare,Teatro e spettacolo,"6, Via Rivoli, Brera, Municipio 1, Milano, Lombardia, 20121, Italia",45.4726093,9.182881
Attività Didattica,30-05-20,2020-05-12,"Via Senato 10, Milano, MI",Archivio di Stato di Milano,#FormazioneContinua: aperte al pubblico della rete lezioni live streaming della scuola APD dell'ASMI,,Formazione e networking,"Archivio di Stato di Milano, 10, Via Senato, Guastalla, Municipio 1, Milano, Lombardia, 20121, Italia",45.4703017,9.1988675
Spettacoli,14-05-20,2020-05-14,"C.so Matteotti,20,20121, Milano, MI,Italia",Nuovo,Non sono bello...piaccio!,https://www.teatro.it/spettacoli/milano/nuovo/2019-2020/non-sono-bellopiaccio,Teatro e spettacolo,"20, Corso Giacomo Matteotti, Duomo, Municipio 1, Milano, Lombardia, 20121, Italia",45.4667336,9.1967703
Spettacoli,15-05-20,2020-05-15,"Via Filodrammatici 2,20121, Milano, MI,Italia",Teatro Alla Scala,Romeo e Giulietta,https://www.teatro.it/spettacoli/milano/teatro-alla-scala/2019-2020/romeo-e-giulietta,Teatro e spettacolo,"2, Via Filodrammatici, Brera, Milano, Lombardia, 20121, Italia",45.4673781,9.188701
Spettacoli,16-05-20,2020-05-16,"Piazza Cesare Beccaria 8,20122, Milano, MI,Italia",Gerolamo,G (semplicemente) - Omaggio a Giorgio Gaber,https://www.teatro.it/spettacoli/milano/gerolamo/2019-2020/g-semplicemente-omaggio-a-giorgio-gaber,Teatro e spettacolo,"Teatro Gerolamo, 8, Piazza Cesare Beccaria, Duomo, Municipio 1, Milano, Lombardia, 20122, Italia",45.464175,9.1945551
,17-05-20,2020-05-16,"Corso Venezia, 2/A, Milano, MI",Teatro San Babila,Milano blues sessions 2020,https://www.milanotoday.it/eventi/milano-blues-sessions-2020.html,Non classificato,"2a, Corso Venezia, Duomo, Municipio 1, Milano, Lombardia, 20121, Italia",45.4670204,9.1981104
Spettacoli,16-05-20,2020-05-16,"C.so Matteotti,20,20121, Milano, MI,Italia",Nuovo,Tutto Teo,https://www.teatro.it/spettacoli/milano/nuovo/2019-2020/tutto-teo,Teatro e spettacolo,"20, Corso Giacomo Matteotti, Duomo, Municipio 1, Milano, Lombardia, 20121, Italia",45.4667336,9.1967703
Spettacoli,16-05-20,2020-05-16,"C.so Matteotti,20,20121, Milano, MI,Italia",Nuovo,Tutto Teo,https://www.teatro.it/spettacoli/milano/nuovo/2019-2020/tutto-teo,Teatro e spettacolo,"20, Corso Giacomo Matteotti, Duomo, Municipio 1, Milano, Lombardia, 20121, Italia",45.4667336,9.1967703
Spettacoli,17-05-20,2020-05-17,"Largo Antonio Greppi,20121, Milano, MI,Italia",Piccolo Teatro - Teatro Strehler,I due gemelli veneziani,https://www.teatro.it/spettacoli/milano/piccolo-teatro-teatro-strehler/2019-2020/i-due-gemelli-veneziani,Teatro e spettacolo,"Largo Antonio Greppi, Cerchia dei Navigli, Municipio 1, Milano, Lombardia, 20121, Italia",45.471727,9.1826196
Spettacoli,17-05-20,2020-05-17,"Via Andrea Maria Ampère 1,20131, Milano, MI,Italia",MTM - Leonardo,Pinocchio,https://www.teatro.it/spettacoli/milano/leonardo/2019-2020/pinocchio,Teatro e spettacolo,"Teatro Leonardo da Vinci, 1, Via Andrea Maria Ampère, Città Studi, Municipio 3, Milano, Lombardia, 20131, Italia",45.4795266,9.2263901
Spettacoli,17-05-20,2020-05-17,"via Pier Lombardo,14,20135, Milano, MI,Italia",Franco Parenti - Sala Grande,Così è (se vi pare),https://www.teatro.it/spettacoli/milano/teatro-franco-parenti-sala-grande/2019-2020/cosi-e-se-vi-pare,Teatro e spettacolo,"Via Pier Lombardo, Porta Romana, Municipio 4, Milano, Lombardia, 20135, Italia",45.4542958,9.2063109
Attività Didattica,30-05-20,2020-05-18,"Via Senato 10, Milano, MI",Archivio di Stato di Milano,#FormazioneContinua: lezione sulla gestione documentale della scuola APD dell'ASMI aperta al pubblico della rete ,,Formazione e networking,"Archivio di Stato di Milano, 10, Via Senato, Guastalla, Municipio 1, Milano, Lombardia, 20121, Italia",45.4703017,9.1988675
Spettacoli,18-05-20,2020-05-18,"Viale dell'Innovazione 20,20126, Milano, MI,Italia",Arcimboldi,Peter Pan Rock'n'Roll Tour 2020 - Edoardo Bennato,https://www.teatro.it/spettacoli/milano/degli-arcimboldi/2019-2020/peter-pan-rocknroll-tour-2020-edoardo-bennato,Teatro e spettacolo,"20, Viale dell'Innovazione, Bicocca, Municipio 9, Milano, Lombardia, 20125, Italia",45.5148696,9.2135963
Mostre,04-07-20,2020-05-20,"Via Comelico, 40, Milano, MI",Dep Art Gallery,In the matter of color,https://www.milanotoday.it/eventi/in-the-matter-of-color-natale-addamiano-alberto-biasi-2020.html,Arte e cultura,"Via Comelico, XXII Marzo, Municipio 4, Milano, Lombardia, 20135, Italia",45.4549832,9.212729
Spettacoli,22-05-20,2020-05-22,"Largo Antonio Greppi,20121, Milano, MI,Italia",Piccolo Teatro - Teatro Strehler,Rendez-vous with Marlene,https://www.teatro.it/spettacoli/milano/piccolo-teatro-teatro-strehler/2019-2020/rendez-vous-with-marlene,Teatro e spettacolo,"Largo Antonio Greppi, Cerchia dei Navigli, Municipio 1, Milano, Lombardia, 20121, Italia",45.471727,9.1826196
Spettacoli,23-05-20,2020-05-23,"via Pier Lombardo,14,20135, Milano, MI,Italia",Franco Parenti - Sala Grande,"Belvedere, due donne per aria",https://www.teatro.it/spettacoli/milano/franco-parenti-sala-grande/2019-2020/belvedere-due-donne-per-aria,Teatro e spettacolo,"Via Pier Lombardo, Porta Romana, Municipio 4, Milano, Lombardia, 20135, Italia",45.4542958,9.2063109
Spettacoli,24-05-20,2020-05-24,"Via Alessandro Manzoni 42,20121, Milano, MI,Italia",Manzoni,Miss Marple: giochi di prestigio,https://www.teatro.it/spettacoli/milano/manzoni/2019-2020/miss-marple-giochi-di-prestigio,Teatro e spettacolo,"Teatro Manzoni, 42, Via Alessandro Manzoni, Cerchia dei Navigli, Municipio 1, Milano, Lombardia, 20121, Italia",45.4710286,9.1944762
Incontri,24-05-20,2020-05-24,"Via Giulio Confalonieri, Milano, MI",Parco Franco Verga,Blu run parco Certosa,https://www.milanotoday.it/eventi/blu-run-parco-certosa-2020.html,Formazione e networking,"Via Giulio Confalonieri, Aldini II, Quarto Oggiaro, Municipio 8 di Milano, Milano, Lombardia, 20157, Italia",45.508055,9.140174
Spettacoli,24-05-20,2020-05-24,"Corso Buenos Aires,33,20124, Milano, MI,Italia",Teatro Elfo Puccini - sala Fassbinder,Easy to Remember,https://www.teatro.it/spettacoli/milano/teatro-elfo-puccini-sala-fassbinder/2019-2020/easy-to-remember,Teatro e spettacolo,"Teatro Elfo Puccini, 33, Corso Buenos Aires, Buenos Aires - Venezia, Municipio 3, Milano, Lombardia, 20124, Italia",45.4794317,9.2098387
Spettacoli,24-05-20,2020-05-24,"C.so Matteotti,20,20121, Milano, MI,Italia",Nuovo,Romeo e Giulietta,https://www.teatro.it/spettacoli/milano/nuovo/2019-2020/romeo-e-giulietta,Teatro e spettacolo,"20, Corso Giacomo Matteotti, Duomo, Municipio 1, Milano, Lombardia, 20121, Italia",45.4667336,9.1967703
Spettacoli,24-05-20,2020-05-24,"Corso Buenos Aires 33,20124, Milano, MI,Italia",Elfo Puccini - Sala Bausch,Vania,https://www.teatro.it/spettacoli/milano/elfo-puccini-sala-bausch/2019-2020/vania,Teatro e spettacolo,"Teatro Elfo Puccini, 33, Corso Buenos Aires, Buenos Aires - Venezia, Municipio 3, Milano, Lombardia, 20124, Italia",45.4794317,9.2098387
Altro,31-05-20,2020-05-25,"Via San Vittore, Milano, MI",Museo nazionale della scienza e della tecnologia Leonardo da Vinci,A #storieaportechiuse appuntamento live durante la Milano digital week per immergersi virtualmente nel relitto del Titanic,,Altri eventi,"Via San Vittore, Magenta - San Vittore, Municipio 1, Milano, Lombardia, 20144, Italia",45.4640293,9.1681174
Spettacoli,25-05-20,2020-05-25,"via Pier Lombardo,14,20135, Milano, MI,Italia",Franco Parenti - Sala Grande,Il sistema periodico,https://www.teatro.it/spettacoli/milano/teatro-franco-parenti-sala-grande/2019-2020/il-sistema-periodico,Teatro e spettacolo,"Via Pier Lombardo, Porta Romana, Municipio 4, Milano, Lombardia, 20135, Italia",45.4542958,9.2063109
Spettacoli,26-05-20,2020-05-26,"v. Mons. Pogliani 7/a,ang. via Grandi,20090, Cesano Boscone, MI,Italia",Cristallo,Romeo e Giulietta - Nati sotto contraria stella,https://www.teatro.it/spettacoli/cesano-boscone/cristallo/2019-2020/romeo-e-giulietta-nati-sotto-contraria-stella,Teatro e spettacolo,"20090, Italy",45.407,9.1083
,26-05-20,2020-05-26,"Piazza del Duomo, Milano, MI",@spiritococktails,Boosta live performance,https://www.milanotoday.it/eventi/boosta-live-performance-boosta-2020.html,Non classificato,"Piazza del Duomo, Duomo, Municipio 1, Milano, Lombardia, Italia",45.4639102,9.1906398
Attività Didattica,06-06-20,2020-05-26,"Via Senato 10, Milano, MI",Archivio di Stato di Milano,"#FormazioneContinua: ""Metadati e best practices"", un'altra video lezione della scuola APD dell'ASMi aperta al pubblico della rete",,Formazione e networking,"Archivio di Stato di Milano, 10, Via Senato, Guastalla, Municipio 1, Milano, Lombardia, 20121, Italia",45.4703017,9.1988675
Spettacoli,27-05-20,2020-05-27,"Via Filodrammatici 2,20121, Milano, MI,Italia",Teatro Alla Scala,Tannhauser,https://www.teatro.it/spettacoli/milano/teatro-alla-scala/2019-2020/tannhauser,Teatro e spettacolo,"2, Via Filodrammatici, Brera, Milano, Lombardia, 20121, Italia",45.4673781,9.188701
Mostre,12-07-20,2020-05-28,"Via Privata della Braida, 5, Milano, MI",Après-coup,La giungla arriva in città: una nuova mostra,https://www.milanotoday.it/eventi/mostra-giungla-apres-coup-quando.html,Arte e cultura,"5, Via privata della Braida, Guastalla, Municipio 1, Milano, Lombardia, 20122, Italia",45.4543754,9.2020833
Altro,31-05-20,2020-05-28,"Via Senato, 10, Milano, MI",Archivio di Stato di Milano,#laculturanonsiferma - CANVAS Home edition – 28 e 29 maggio - Conoscere Agire Narrare Valori: Archivistici Scenari - Università e professionisti a confronto.,,Altri eventi,"Archivio di Stato di Milano, 10, Via Senato, Guastalla, Municipio 1, Milano, Lombardia, 20121, Italia",45.4703017,9.1988675
Mostre,27-09-20,2020-05-28,"Piazza del Duomo, Milano, MI",Palazzo Reale,Georges de la tour. L'Europa della luce il 28 maggio riapre la mostra a Palazzo Reale,https://www.milanotoday.it/eventi/georges-de-la-tour-l-europa-della-luce-il-28-maggio-2020.html,Arte e cultura,"Piazza del Duomo, Duomo, Municipio 1, Milano, Lombardia, Italia",45.4639102,9.1906398
Concerti,29-05-20,2020-05-29,"Via Giuseppe di Vittorio, Milano, MI",Mediolanum Forum,Annullato: i 5 Seconds of Summer in un mega concerto. Orari e biglietti,https://www.milanotoday.it/eventi/concerto-5-seconds-of-summer-forum-assago.html,Musica e vita notturna,"Via Giuseppe Di Vittorio, Cascine Olona, Vighignolo, Settimo Milanese, Milano, Lombardia, 20019, Italia",45.4876868,9.0566303
Spettacoli,29-05-20,2020-05-29,"Largo Antonio Greppi,20121, Milano, MI,Italia",Piccolo Teatro - Teatro Strehler,Il giardino dei ciliegi,https://www.teatro.it/spettacoli/milano/piccolo-teatro-teatro-strehler/2019-2020/il-giardino-dei-ciliegi,Teatro e spettacolo,"Largo Antonio Greppi, Cerchia dei Navigli, Municipio 1, Milano, Lombardia, 20121, Italia",45.471727,9.1826196
Altro,30-05-20,2020-05-30,"Via San Vittore, Milano, MI",Museo nazionale della scienza e della tecnologia Leonardo da Vinci,DIGITAL WEEK 2020 AL MUSEO | live virtuale dal Titanic e concerto in streaming,,Altri eventi,"Via San Vittore, Magenta - San Vittore, Municipio 1, Milano, Lombardia, 20144, Italia",45.4640293,9.1681174
Spettacoli,31-05-20,2020-05-31,"via Filodrammatici,1,20121, Milano, MI,Italia",Filodrammatici,Appiccicati - un musical diverso,https://www.teatro.it/spettacoli/milano/filodrammatici/2019-2020/appiccicati-un-musical-diverso,Teatro e spettacolo,"Teatro dei Filodrammatici, 1, Via Filodrammatici, Brera, Municipio 1, Milano, Lombardia, 20121, Italia",45.467261,9.188435
Concerti,31-05-20,2020-05-31,"Via Filodrammatici, 2, Milano, MI",Teatro alla Scala,Annullato: esibizione di cori di scuole di periferia alla Scala il 31 maggio 2020,https://www.milanotoday.it/eventi/cori-scuole-scala.html,Musica e vita notturna,"2, Via Filodrammatici, Brera, Milano, Lombardia, 20121, Italia",45.4673781,9.188701
Spettacoli,31-05-20,2020-05-31,"Via Rivoli 6,20121, Milano, MI,Italia",Piccolo Teatro - Studio Melato,Il comandante delle cause perse,https://www.teatro.it/spettacoli/milano/piccolo-teatro-studio-melato/2019-2020/il-comandante-delle-cause-perse,Teatro e spettacolo,"6, Via Rivoli, Brera, Municipio 1, Milano, Lombardia, 20121, Italia",45.4726093,9.182881
Spettacoli,31-05-20,2020-05-31,"Via Rovello 2,20121, Milano, MI,Italia",Piccolo Teatro - Teatro Grassi,L'anima buona del Sezuan,https://www.teatro.it/spettacoli/milano/piccolo-teatro-teatro-grassi/2019-2020/lanima-buona-del-sezuan,Teatro e spettacolo,"2, Via Rovello, Brera, Milano, Lombardia, 20121, Italia",45.4665188,9.1847651
Spettacoli,31-05-20,2020-05-31,"Piazza Cesare Beccaria 8,20122, Milano, MI,Italia",Gerolamo,Gustavo Romero e Massimo Somenzi,https://www.teatro.it/spettacoli/milano/gerolamo/2019-2020/gustavo-romero-e-massimo-somenzi,Teatro e spettacolo,"Teatro Gerolamo, 8, Piazza Cesare Beccaria, Duomo, Municipio 1, Milano, Lombardia, 20122, Italia",45.464175,9.1945551
Spettacoli,31-05-20,2020-05-31,"Via Pier Lombardo 14,20135, Milano, MI,Italia",Franco Parenti - Sala Blu,Racconto d’estate,https://www.teatro.it/spettacoli/milano/franco-parenti-sala-acomea/2019-2020/racconto-destate,Teatro e spettacolo,"Via Pier Lombardo, Porta Romana, Municipio 4, Milano, Lombardia, 20135, Italia",45.4542958,9.2063109
Mostra,07-06-20,2020-06-01,"Via San Vittore, Milano, MI",Museo nazionale della scienza e della tecnologia Leonardo da Vinci,Su #storieaportechiuse va in scena lo spazio  con il lancio del telescopio Hubble,,Arte e cultura,"Via San Vittore, Magenta - San Vittore, Municipio 1, Milano, Lombardia, 20144, Italia",45.4640293,9.1681174
Mostre,02-06-20,2020-06-02,"Piazza della Scala, Milano, MI",Gallerie d'Italia,"Fase 2, dal 2 giugno riaprono le Gallerie d'Italia",https://www.milanotoday.it/eventi/gallerie-d-italia-apertura.html,Arte e cultura,"Piazza della Scala, Duomo, Municipio 1, Milano, Lombardia, 20121, Italia",45.466898,9.1896608
Teatri,07-06-20,2020-06-03,"Viale dell'Innovazione, 20, Milano, MI",Teatro degli Arcimboldi,Ghost Il Musical a Milano: biglietti a prezzi scontati,https://www.milanotoday.it/eventi/musical-ghost-arcimboldi-biglietti-scontati.html,Teatro e spettacolo,"20, Viale dell'Innovazione, Bicocca, Municipio 9, Milano, Lombardia, 20125, Italia",45.5148696,9.2135963
,30-06-20,2020-06-03,"Via Antonio Bazzini, 2, Milano, MI",Mary Shop,"Supermarket art gallery - i supermercati diventano gallerie d’arte, arm e le sue opere a supporto delle persone",https://www.milanotoday.it/eventi/supermarket-art-gallery-i-supermercati.html,Non classificato,"2, Via Antonio Bazzini, Città Studi, Municipio 3, Milano, Lombardia, 20131, Italia",45.4812464,9.225235
Cibo e Vino,03-06-20,2020-06-03,"Via Monte Napoleone, Milano, MI",Caffè Illy,"Caffè gratis nel bar nel cuore di Milano: ecco l'iniziativa per la ""ripartenza dell'Italia""",https://www.milanotoday.it/eventi/caffe-gratis-3-giugno.html,Enogastronomia,"Via Monte Napoleone, Duomo, Municipio 1, Milano, Lombardia, 20122, Italia",45.4685811,9.1948277
Mostre,07-09-20,2020-06-04,"Lancetti, Milano, MI, Italia",spazioSERRA,How much of an * are you?,https://www.milanotoday.it/eventi/how-much-of-an-are-you-aurora-bertoli-2020.html,Arte e cultura,"Lancetti, Farini, Municipio 9, Milano, Lombardia, 20158, Italia",45.4952552,9.1757454
Altro,08-06-20,2020-06-05,"Via Senato 10, Milano, MI",Archivio di Stato di Milano, L’ASMI partecipa al Festival #Archivissima2020 insieme alla rete di MilanoAttraverso,,Altri eventi,"Archivio di Stato di Milano, 10, Via Senato, Guastalla, Municipio 1, Milano, Lombardia, 20121, Italia",45.4703017,9.1988675
Concerti,08-06-20,2020-06-05,"Piazzale Angelo Moratti, Milano, MI",Stadio San Siro,Tiziano Ferro: tour posticipato al 2021,https://www.milanotoday.it/eventi/tiziano-ferro-san-siro-2020-orari.html,Musica e vita notturna,"Piazzale Angelo Moratti, San Siro, Municipio 7, Milano, Lombardia, 20148, Italia",45.478178,9.1212742
,16-06-20,2020-06-06,"Alzaia Naviglio Grande, 4, Milano, MI",Vi.P. Gallery Milano,Assemblamenti e contaminazioni sul Naviglio grande,https://www.milanotoday.it/eventi/assemblamenti-e-contaminazioni-sul-naviglio-grande-2020.html,Non classificato,"4, Alzaia Naviglio Grande, Navigli, Municipio 6, Milano, Lombardia, 20144, Italia",45.4521916,9.1761844
Concerti,06-06-20,2020-06-06,"Via Giuseppe di Vittorio, Milano, MI",Mediolanum Forum,Annullato: Eric Clapton in un concerto imperdibile a Milano. Dove acquistare i biglietti,https://www.milanotoday.it/eventi/concerto-eric-clapton-forum-biglietti.html,Musica e vita notturna,"Via Giuseppe Di Vittorio, Cascine Olona, Vighignolo, Settimo Milanese, Milano, Lombardia, 20019, Italia",45.4876868,9.0566303
Spettacoli,07-06-20,2020-06-07,"Corso Buenos Aires 33,20124, Milano, MI,Italia",Elfo Puccini - Sala Bausch,I love + Omòs,https://www.teatro.it/spettacoli/milano/elfo-puccini-sala-bausch/2019-2020/i-love-omos,Teatro e spettacolo,"Teatro Elfo Puccini, 33, Corso Buenos Aires, Buenos Aires - Venezia, Municipio 3, Milano, Lombardia, 20124, Italia",45.4794317,9.2098387
Altro,30-06-20,2020-06-09,"Via Senato 10, Milano, MI",Archivio di Stato di Milano,"Podcast ""Lucciolina, un faro luminoso dal Fondo Marianna Montale: giornalino di giovani talentuose""",,Altri eventi,"10, Via Senato, Guastalla, Municipio 1, Milano, Lombardia, 20121, Italia",45.4700976,9.1981223
Attività Didattica,30-06-20,2020-06-09,"Via Senato 10, Milano, MI",Archivio di Stato di Milano,Giornata internazionale degli archivi: custodia e digitalizzazione,,Formazione e networking,"10, Via Senato, Guastalla, Municipio 1, Milano, Lombardia, 20121, Italia",45.4700976,9.1981223
Mostre,30-09-20,2020-06-09,"Via Aurelio Saffi, 7, Milano, MI",Officine Saffi,The evolution of things yewen dong - johannes nagel,https://www.milanotoday.it/eventi/the-evolution-of-things-yewen-dong-johannes-nagel-yewen-2020.html,Arte e cultura,"7, Via Aurelio Saffi, Magenta - San Vittore, Municipio 1, Milano, Lombardia, 20123, Italia",45.4688024,9.1713931
Concerti,10-06-20,2020-06-10,"Piazzale dello Sport, Milano, MI",Ippodromo di San Siro,Annullato: i Green Day ritornano in Italia con un'unica data a Milano,https://www.milanotoday.it/eventi/concerto-green-day-san-siro.html,Musica e vita notturna,"Piazzale dello Sport, San Siro, Municipio 7, Milano, Lombardia, 20148, Italia",45.4789681,9.130166
Concerti,10-06-20,2020-06-10,"Piazzale dello Sport, 16, Milano, MI",Ippodromo di San Siro,Annullato: i Green Day sul palco di uno dei festival più importanti di Milano. I biglietti del concerto,https://www.milanotoday.it/eventi/concerto-green-day-san-siro-biglietti.html,Musica e vita notturna,"Piazzale dello Sport, San Siro, Municipio 7, Milano, Lombardia, 20148, Italia",45.4789681,9.130166
Spettacoli,10-06-20,2020-06-10,"Via Filodrammatici 2,20121, Milano, MI,Italia",Teatro Alla Scala,L'amore dei tre re,https://www.teatro.it/spettacoli/milano/teatro-alla-scala/2019-2020/lamore-dei-tre-re,Teatro e spettacolo,"2, Via Filodrammatici, Brera, Milano, Lombardia, 20121, Italia",45.4676198,9.1884287
Escursioni,31-08-20,2020-06-13,"Via Bergognone, 34, Milano, MI",Base Milano,Da Base Milano si noleggiano le bici per scoprire itinerari nascosti sui Navigli,https://www.milanotoday.it/eventi/noleggio-bici-base-milano-quando.html,Sport e attività fisica,"Wikimedia Italia, 34, Via Bergognone Da Fossano, Tortona, Municipio 6, Milano, Lombardia, 20144, Italia",45.4518657,9.1625146
Concerti,13-06-20,2020-06-13,"Via Cristina Belgioioso, 171, Milano, MI",MIND Milano Innovation District,Annullato: gli Aerosmith in un mega concerto a Milano. Orari e biglietti,https://www.milanotoday.it/eventi/concerto-aerosmith-biglietti-orari.html,Musica e vita notturna,"Via Cristina Belgioioso, Fiorenza, Cassina Triulza, MIND, Municipio 8 di Milano, Milano, Lombardia, 20016, Italia",45.5227908,9.1020225
Spettacoli,14-06-20,2020-06-14,"via Pier Lombardo 14,20135, Milano, MI,Italia",Franco Parenti - Sala 3,Opera Panica #Due,https://www.teatro.it/spettacoli/milano/teatro-franco-parenti-sala-3/2019-2020/opera-panica-due,Teatro e spettacolo,"Via Pier Lombardo, Porta Romana, Municipio 4, Milano, Lombardia, 20135, Italia",45.4542958,9.2063109
Concerti,14-06-20,2020-06-14,"Via Cristina Belgioioso, 171, Milano, MI","Area Expo, Parco Mind di Milano",Annullato: I Foo Fighters in concerto agli I-Days 2020. Orari e biglietti,https://www.milanotoday.it/eventi/foo-fighters-concerto-biglietti.html,Musica e vita notturna,"Via Cristina Belgioioso, Fiorenza, Cassina Triulza, MIND, Municipio 8 di Milano, Milano, Lombardia, 20016, Italia",45.5227908,9.1020225
Concerti,14-06-20,2020-06-14,"Piazzale Angelo Moratti, Milano, MI",Stadio San Siro,"Annullato: Salmo, un nuovo concerto a San Siro nel 2020. Orari e biglietti",https://www.milanotoday.it/eventi/concerto-salmo-san-siro.html,Musica e vita notturna,"Piazzale Angelo Moratti, San Siro, Municipio 7, Milano, Lombardia, 20148, Italia",45.478178,9.1212742
Incontri,04-10-20,2020-06-15,"Via Giuseppe Gabetti, 15, Milano, MI",Mare Culturale Urbano,"Mare Culturale Urbano, il nuovo programma di eventi e concerti dopo il lockdown",https://www.milanotoday.it/eventi/mare-culturale-urbano-programma-eventi-estate-2020.html,Formazione e networking,"Cascina Torrette di Trenno, 15, Via Giuseppe Gabetti, Quartiere Vercellese, Forze Armate, Municipio 7, Milano, Lombardia, 20147, Italia",45.4687457,9.1240256
Incontri,31-08-20,2020-06-15,"Piazza del Duomo, Milano, MI",Duomo,L'estate sul Duomo di Milano: tornano le visite guidate e le salite alle Terrazze,https://www.milanotoday.it/eventi/salita-sul-duomo-visite-guidate-terrazze.html,Formazione e networking,"Piazza del Duomo, Duomo, Municipio 1, Milano, Lombardia, Italia",45.4639102,9.1906398
Incontri,27-09-20,2020-06-15,"Galleria Vittorio Emanuele II, 92, Milano, MI",GALLERIA 92,“92 botteghe in galleria  - storia della n.87 libreria Bocca”,https://www.milanotoday.it/eventi/92-botteghe-in-galleria-storia-della-n-87-2020.html,Formazione e networking,"Galleria Vittorio Emanuele Secondo, Duomo, Municipio 1, Milano, Lombardia, 20121, Italia",45.4656869,9.1900266
Manifestazioni,22-06-20,2020-06-16,"Viale Emilio Alemagna, 6, Milano, MI",Triennale,"Triennale Estate 2020, il programma fino al 22 giugno",https://www.milanotoday.it/eventi/triennale-estate-2020-programma-incontri.html,Altri eventi,"Triennale Design Museum, 6, Viale Emilio Alemagna, Parco Sempione, Municipio 1, Milano, Lombardia, 20121, Italia",45.4721477,9.1734894
Cinema,17-08-20,2020-06-16,"Piazza del Duomo, Milano, MI",Palazzo Reale,"AriAnteo 2020, il cinema all'aperto torna a Milano per tutta l'estate",https://www.milanotoday.it/eventi/arianteo-cinema-aperto-estate-2020-quando-programma.html,Arte e cultura,"Piazza del Duomo, Duomo, Municipio 1, Milano, Lombardia, Italia",45.4639102,9.1906398
Cinema,17-08-20,2020-06-16,"Piazza del Duomo, Milano, MI",Palazzo Reale,AriAnteo Palazzo Reale: orari e programma,https://www.milanotoday.it/eventi/arianteo-2020-palazzo-reale-orari-programma.html,Arte e cultura,"Piazza del Duomo, Duomo, Municipio 1, Milano, Lombardia, Italia",45.4639102,9.1906398
Concerti,21-06-20,2020-06-16,"Via Bovisasca, 59, Milano, MI",Spirit de Milan,"Spirit de Milan, il programma della settimana e un concerto speciale con Eugenio Finardi",https://www.milanotoday.it/eventi/spirit-de-milan-concerti-finardi-quando.html,Musica e vita notturna,"Spirit de Milan, 59, Via Bovisasca, Bovisa, Municipio 9, Milano, Lombardia, 20157, Italia",45.5067143,9.1584748
Mostre,26-06-20,2020-06-17,"Alzaia Naviglio Grande, 4, Milano, MI",Vi.P. Gallery Milano,Il fiore della vita e le vite sfiorite,https://www.milanotoday.it/eventi/il-fiore-della-vita-e-le-vite-sfiorite-gabriele-marchesi.html,Arte e cultura,"4, Alzaia Naviglio Grande, Navigli, Municipio 6, Milano, Lombardia, 20144, Italia",45.4521916,9.1761844
Teatri,21-09-20,2020-06-18,"Via Pier Lombardo, 14, Milano, MI",Teatro Franco Parenti,"Teatro Franco Parenti, il programma estivo degli spettacoli",https://www.milanotoday.it/eventi/spettacoli-franco-parenti-estate-2020-quando-sono.html,Teatro e spettacolo,"Via Pier Lombardo, Porta Romana, Municipio 4, Milano, Lombardia, 20135, Italia",45.4542958,9.2063109
Spettacoli,19-06-20,2020-06-19,"Via Rovello,2,20121, Milano, MI,Italia",Piccolo Teatro - Chiostro Nina Vinchi,Edipo Re di Sofocle,https://www.teatro.it/spettacoli/milano/piccolo-teatro-chiostro-nina-vinchi/2019-2020/edipo-re-di-sofocle,Teatro e spettacolo,"2, Via Rovello, Brera, Milano, Lombardia, 20121, Italia",45.4665188,9.1847651
Spettacoli,19-06-20,2020-06-19,"Corso Buenos Aires 33,20124, Milano, MI,Italia",Elfo Puccini - sala Shakespeare,Italia Anni Dieci,https://www.teatro.it/spettacoli/milano/elfo-puccini-sala-shakespeare/2019-2020/italia-anni-dieci,Teatro e spettacolo,"Teatro Elfo Puccini, 33, Corso Buenos Aires, Buenos Aires - Venezia, Municipio 3, Milano, Lombardia, 20124, Italia",45.4794317,9.2098387
Mostre,27-07-20,2020-06-19,"Via Chiese, 2, Milano, MI",Pirelli Hangar Bicocca,"Pirelli Hangar Bicocca, nuovi orari di apertura e due mostre gratis",https://www.milanotoday.it/eventi/pirelli-hangar-bicocca-nuovi-orari-e-mostre.html,Arte e cultura,"Iuta Bistrot, 2, Via Chiese, Bicocca, Municipio 9, Milano, Lombardia, 20126, Italia",45.5209859,9.21927
,30-06-20,2020-06-20,"Via Giuseppe Verdi, 9, Milano, MI",Vizzolo al futuro,Lorenzo Sirtoli: uno sguardo sul mondo,https://www.milanotoday.it/eventi/lorenzo-sirtoli-uno-sguardo-sul-mondo.html,Non classificato,"9, Via Giuseppe Verdi, Brera, Municipio 1, Milano, Lombardia, 20121, Italia",45.4687575,9.1883373
Incontri,20-06-20,2020-06-20,"Via Antonio Stoppani, 12, Milano, MI",Associazione Alia,Covid19: le conseguenze psicologiche,https://www.milanotoday.it/eventi/covid19-le-conseguenze-psicologiche-2020.html,Formazione e networking,"12, Via Antonio Stoppani, Buenos Aires - Venezia, Municipio 3, Milano, Lombardia, 20129, Italia",45.4754027,9.2128581
Manifestazioni,03-09-20,2020-06-21,"Piazza Castello, Milano, MI",Castello Sforzesco,"Estate Sforzesca 2020: oltre 80 appuntamenti all'aperto tra musica, danza e teatro",https://www.milanotoday.it/eventi/estate-sforzesca-2020-quando-dove.html,Altri eventi,"Piazza Castello, Cerchia dei Navigli, Municipio 1, Milano, Lombardia, Italia",45.4704699,9.1819129
Incontri,21-06-20,2020-06-21,"Largo Porto di Classe, Milano, MI",milano,Riprendono le giornate di cura sul territorio,https://www.milanotoday.it/eventi/riprendono-le-giornate-di-cura-sul-territorio.html,Formazione e networking,"Largo Porto di Classe, Corsica, Municipio 4, Milano, Lombardia, 20059, Italia",45.4673852,9.2298615
Manifestazioni,21-06-20,2020-06-21,"Via Luigi Nono, 9, Milano, MI",Tempio del Futuro Perduto,Remira market,https://www.milanotoday.it/eventi/remira-market-2020.html,Altri eventi,"9, Via Luigi Nono, Bullona, Porta Volta, Municipio 8 di Milano, Milano, Lombardia, 20154, Italia",45.4864027,9.1751051
Incontri,05-07-20,2020-06-21,"Piazza del Duomo, Milano, MI",Duomo,"Duomo di Milano, le attività speciali per i bambini",https://www.milanotoday.it/eventi/duomo-visite-per-bambini-quando.html,Formazione e networking,"Piazza del Duomo, Duomo, Municipio 1, Milano, Lombardia, Italia",45.4639102,9.1906398
Spettacoli,21-06-20,2020-06-21,"Via Filodrammatici 2,20121, Milano, MI,Italia",Teatro Alla Scala,Présentation - Prometeo,https://www.teatro.it/spettacoli/milano/teatro-alla-scala/2019-2020/presentation-prometeo,Teatro e spettacolo,"2, Via Filodrammatici, Brera, Milano, Lombardia, 20121, Italia",45.4676198,9.1884287
Concerto,21-06-20,2020-06-21,"Via Senato 10, Milano, MI",Archivio di Stato di Milano,"""Improvviso all’imbrunire di Alessio Campo"" | Festa della Musica | ASMI",,Musica e vita notturna,"10, Via Senato, Guastalla, Municipio 1, Milano, Lombardia, 20121, Italia",45.4700976,9.1981223
Spettacoli,21-06-20,2020-06-21,"Corso Buenos Aires,33,20124, Milano, MI,Italia",Teatro Elfo Puccini - sala Fassbinder,Harper Regan,https://www.teatro.it/spettacoli/milano/teatro-elfo-puccini-sala-fassbinder/2019-2020/harper-regan,Teatro e spettacolo,"Teatro Elfo Puccini, 33, Corso Buenos Aires, Buenos Aires - Venezia, Municipio 3, Milano, Lombardia, 20124, Italia",45.4794317,9.2098387
Concerto,21-06-20,2020-06-21,"Via Senato 10, Milano, MI",Archivio di Stato di Milano,"""Improvviso all’imbrunire di Alessio Campo"" | Festa della Musica | ASMI",,Musica e vita notturna,"10, Via Senato, Guastalla, Municipio 1, Milano, Lombardia, 20121, Italia",45.4700976,9.1981223
Manifestazioni,31-08-20,2020-06-23,"Via Circonvallazione Idroscalo, 41c, Milano, MI",Circolo Magnolia,Magnolia Central Park: al Magnolia arriva uno spazio all'aperto immersi nel verde,https://www.milanotoday.it/eventi/magnolia-central-park-nuovo-spazio.html,Altri eventi,"Via Circonvallazione Idroscalo, Novegro, Segrate, Milano, Lombardia, 20054, Italia",45.465095,9.2830627
Concerti,28-06-20,2020-06-23,"Via Bovisasca, 57, Milano, MI",Spirit de Milan,"Lo Spirit de Milan festeggia 5 anni con ""Rebelott"", un mega concerto con tutte le sue band",https://www.milanotoday.it/eventi/festa-spirit-de-milan-concerto-compleanno.html,Musica e vita notturna,"Via Bovisasca, Bovisa, Municipio 9, Milano, Lombardia, 20158, Italia",45.5031504,9.161215
Teatri,25-06-20,2020-06-24,"Via Orcagna, 2, Milano, MI",Spazio Teatro No’hma,Peppe Servillo va in scena al Teatro No'hma con l’opera di Stravinskij,https://www.milanotoday.it/eventi/peppe-servillo-spettacolo-teatro-nohma.html,Teatro e spettacolo,"2, Via Andrea Orcagna, Città Studi, Municipio 3, Milano, Lombardia, 20131, Italia",45.4812196,9.2281055
Concerti,24-07-20,2020-06-24,"Piazza del Duomo, Milano, MI",Duomo,"Duomo di Milano, arrivano i concerti alla scoperta dei suoi tesori",https://www.milanotoday.it/eventi/concerti-duomo-estate-2020-quando-dove.html,Musica e vita notturna,"Piazza del Duomo, Duomo, Municipio 1, Milano, Lombardia, Italia",45.4639102,9.1906398
Mostre,19-07-20,2020-06-24,"Via Gaudenzio Ferrari, 3, Milano, MI",Almach Art Gallery,Emma Vitti - das ding,https://www.milanotoday.it/eventi/emma-vitti-das-ding-emma-vitti-2020.html,Arte e cultura,"3, Via Gaudenzio Ferrari, Ticinese, Municipio 1, Milano, Lombardia, 20123, Italia",45.4558833,9.1754506
Cinema,05-07-20,2020-06-24,"Via Senigallia, Milano, MI",Parco Nord,Parte il Drive-in di Milano: come prenotarsi e quali film vedere,https://www.milanotoday.it/eventi/drive-in-milano-programma-film.html,Arte e cultura,"Via Senigallia, Bruzzano, Municipio 9, Milano, Lombardia, 20032, Italia",45.5319451,9.168393
Concerti,01-07-20,2020-06-24,"Via Conservatorio, 12, Milano, MI",Conservatorio Giuseppe Verdi,Concerti Straordinari in Sala Verdi: programma e biglietti,https://www.milanotoday.it/eventi/concerti-conservatorio-orario-biglietti.html,Musica e vita notturna,"Via Conservatorio, Guastalla, Municipio 1, Milano, Lombardia, 20122, Italia",45.4658084,9.2027724
Concerti,01-07-20,2020-06-24,"Via Conservatorio, 12, Milano, MI",Conservatorio Giuseppe Verdi,"Coronavirus, il Conservatorio ricomincia dopo il lockdown: i primi due concerti (a 5 euro simbolici)",https://www.milanotoday.it/eventi/concerti-conservatorio-giugno-luglio-2020.html,Musica e vita notturna,"Via Conservatorio, Guastalla, Municipio 1, Milano, Lombardia, 20122, Italia",45.4658084,9.2027724
Incontri,29-07-20,2020-06-24,"Via Melchiorre Gioia, Milano, MI",Volvo Studio Milano,"""Una vita come la tua"": chiacchiere da bar con Massimo Vitali",https://www.milanotoday.it/eventi/incontro-massimo-vitali-volvo-studio.html,Formazione e networking,"Via Melchiorre Gioia, Brera, Municipio 1, Milano, Lombardia, 20100, Italia",45.4803757,9.190068
Incontri,24-06-20,2020-06-24,"Piazza Castello, 2, Milano, MI",Casa della Psicologia,Niente sarà piu' come prima: il cambiamento post pandemia,https://www.milanotoday.it/speciale/post-coronavirus/societa/niente-sara-piu-come-prima-il-cambiamento-post-pandemia-2020.html,Formazione e networking,"Bar Castello, 2, Piazza Castello, Brera, Municipio 1, Milano, Lombardia, 20121, Italia",45.4690445,9.1818105
Concerti,24-06-20,2020-06-24,"Via Giuseppe di Vittorio, Milano, MI",Mediolanum Forum,Annullato: la popstar Camila Cabello per la prima volta in Italia: il concerto a Milano,https://www.milanotoday.it/eventi/camila-cabello-concerto-forum-biglietti.html,Musica e vita notturna,"Via Giuseppe Di Vittorio, Pontesesto, Rozzano, Milano, Lombardia, 20072, Italia",45.3848731,9.1854672
Incontri,09-07-20,2020-06-25,"Piazza del Duomo, Milano, MI",Duomo,"Duomo di Milano, i nuovi itinerari per i bambini",https://www.milanotoday.it/eventi/duomo-visite-per-bambini-estate-2020-quando.html,Formazione e networking,"Piazza del Duomo, Duomo, Municipio 1, Milano, Lombardia, Italia",45.4639102,9.1906398
Spettacoli,25-06-20,2020-06-25,"Via Rovello,2,20121, Milano, MI,Italia",Piccolo Teatro - Chiostro Nina Vinchi,L'umano nell'uomo,https://www.teatro.it/spettacoli/milano/piccolo-teatro-chiostro-nina-vinchi/2019-2020/lumano-nelluomo,Teatro e spettacolo,"2, Via Rovello, Brera, Milano, Lombardia, 20121, Italia",45.4665188,9.1847651
Concerti,23-07-20,2020-06-25,"Via Melchiorre Gioia, Milano, MI",Volvo Studio Milano,"The Sound of Silent, cinque concerti imperdibili al Volvo Studio di Milano",https://www.milanotoday.it/eventi/the-sound-of-silent-concerti-volvo-studio.html,Musica e vita notturna,"Via Melchiorre Gioia, Brera, Municipio 1, Milano, Lombardia, 20100, Italia",45.4803757,9.190068
Manifestazioni,28-06-20,2020-06-26,"Viale Emilio Alemagna, Milano, MI",La Triennale di Milano,"Triennale Estate, il programma del week-end con incontri e cinema all'aperto",https://www.milanotoday.it/eventi/triennale-estate-cinema-aperto-giugno-2020.html,Altri eventi,"Viale Emilio Alemagna, Parco Sempione, Municipio 1, Milano, Lombardia, 20123, Italia",45.471358,9.1741592
Disco&Feste,26-06-20,2020-06-26,"Piazza Castello, Milano, MI",Castello Sforzesco,"Castello Sforzesco, tornano le feste di Le Cannibale con un concerto speciale",https://www.milanotoday.it/eventi/castello-sforzesco-festa-le-cannibale-concerto-quando.html,Musica e vita notturna,"Piazza Castello, Cerchia dei Navigli, Municipio 1, Milano, Lombardia, Italia",45.4704699,9.1819129
Spettacoli,26-06-20,2020-06-26,"Piazza Castello,20121, Milano, MI,Italia",Castello Sforzesco,Cyrano sulla Luna,https://www.teatro.it/spettacoli/milano/castello-sforzesco/2019-2020/cyrano-sulla-luna,Teatro e spettacolo,"Piazza Castello, Cerchia dei Navigli, Municipio 1, Milano, Lombardia, 20121, Italia",45.4710309,9.1814326
Mostre,12-07-20,2020-06-26,"Via Carlo Tenca, 11, Milano, MI",Galleria Cael,“Viral art”,https://www.milanotoday.it/eventi/viral-art-divulgarti-2020.html,Arte e cultura,"11, Via Carlo Tenca, Centrale, Municipio 2, Milano, Lombardia, 20124, Italia",45.4806693,9.2017813
Manifestazioni,28-06-20,2020-06-26,"Via Giuseppe Gabetti, 15, Milano, MI",Mare Culturale Urbano,"Mare Culturale Urbano, arriva un week-end all'insegna dell'estate italiana",https://www.milanotoday.it/eventi/mare-culturale-urbano-programma-weekend-26-28-giuno.html,Altri eventi,"Cascina Torrette di Trenno, 15, Via Giuseppe Gabetti, Quartiere Vercellese, Forze Armate, Municipio 7, Milano, Lombardia, 20147, Italia",45.4687457,9.1240256
,27-06-20,2020-06-27,"Piazza Vittoria, 1, Milano, MI",Piano B,Forze speciali: la presentazione al piano b,https://www.milanotoday.it/eventi/forze-speciali-la-presentazione-al-piano-b-2020.html,Non classificato,"Erba Medica, 1, Piazza Vittoria, Melegnano, Milano, Lombardia, 20077, Italia",45.3573118,9.3242788
Incontri,27-06-20,2020-06-27,"Via Don Primo Mazzolari, 1, Milano, MI",Chiesa San Paolo,Con... certezza!,https://www.milanotoday.it/eventi/con-certezza-2020.html,Formazione e networking,"Via Don Primo Mazzolari, Barona, Municipio 6, Milano, Lombardia, 20142, Italia",45.4335163,9.1458248
Sport,27-06-20,2020-06-27,"Via Lampugnano, 95, Milano, MI",Ippodromo di San Siro,"Fase 3, riapre l'Ippodromo di Milano",https://www.milanotoday.it/eventi/riapertura-ippodromo.html,Sport e attività fisica,"Via Lampugnano, Gallaratese, Lampugnano, Municipio 8 di Milano, Milano, Lombardia, 20151, Italia",45.4916933,9.1102099
Incontri,28-06-20,2020-06-28,"Via Cavriana, 38, Milano, MI",CasciNet (Cascina Sant'Ambrogio),Dolcezza/bellezza,https://www.milanotoday.it/eventi/dolcezza-bellezza-isabella-cremonesi-teatro-del-vigentino--2020.html,Formazione e networking,"Via Cavriana, Parco Forlanini - Ortica, Municipio 3, Milano, Lombardia, 20059, Italia",45.4696187,9.2439532
Mostre,15-07-20,2020-06-28,"Ripa di Porta Ticinese, 61, Milano, MI",Arcadia art gallery,La soglia,https://www.milanotoday.it/eventi/la-soglia-collettiva-2020.html,Arte e cultura,"61, Ripa di Porta Ticinese, Navigli, Municipio 6, Milano, Lombardia, 20143, Italia",45.4508348,9.1710412
Spettacoli,28-06-20,2020-06-28,"Piazza Cesare Beccaria 8,20122, Milano, MI,Italia",Gerolamo,"Ciak, si suona!",https://www.teatro.it/spettacoli/milano/gerolamo/2019-2020/ciak-si-suona,Teatro e spettacolo,"Teatro Gerolamo, 8, Piazza Cesare Beccaria, Duomo, Municipio 1, Milano, Lombardia, 20122, Italia",45.464175,9.1945551
Mercatini,28-06-20,2020-06-28,"Via Emilia, Milano, MI",Buccinasco,ll Mercatino di Forte dei Marmi arriva a Buccinasco: tutte le informazioni,https://www.milanotoday.it/eventi/mercatino-forte-dei-marmi-buccinasco-orari.html,Mercati e shopping,"Via Emilia, Redecesio, Segrate, Milano, Lombardia, 20054, Italia",45.482529,9.2717672
Teatri,30-06-20,2020-06-29,"Via Pier Lombardo, 14, Milano, MI",Teatro Franco Parenti,"""Sulla morte senza esagerare"", il nuovo spettacolo al Franco Parenti",https://www.milanotoday.it/eventi/sulla-morte-senza-esagerare-spettacolo-teatro-franco-parenti.html,Teatro e spettacolo,"Via Pier Lombardo, Porta Romana, Municipio 4, Milano, Lombardia, 20135, Italia",45.4542958,9.2063109
Manifestazioni,05-07-20,2020-06-29,"Via Giuseppe Gabetti, 15, Milano, MI",Mare Culturale Urbano,"Mare Culturale Urbano, gli eventi della settimana tra concerti e karaoke",https://www.milanotoday.it/eventi/mare-culturale-urbano-concerti-luglio-2020-programma.html,Altri eventi,"Cascina Torrette di Trenno, 15, Via Giuseppe Gabetti, Quartiere Vercellese, Forze Armate, Municipio 7, Milano, Lombardia, 20147, Italia",45.4687457,9.1240256
Incontri,29-06-20,2020-06-29,"Piazza Castello, Milano, MI",Castello Sforzesco,Gran galà delle accademie di danza,https://www.milanotoday.it/eventi/gran-gala-delle-accademie-di-danza-2020.html,Formazione e networking,"Piazza Castello, Cerchia dei Navigli, Municipio 1, Milano, Lombardia, Italia",45.4704699,9.1819129
Spettacoli,30-06-20,2020-06-30,"Piazza Castello,20121, Milano, MI,Italia",Castello Sforzesco,"Io, Vincent Van Gogh",https://www.teatro.it/spettacoli/milano/castello-sforzesco/2019-2020/io-vincent-van-gogh,Teatro e spettacolo,"Piazza Castello, Cerchia dei Navigli, Municipio 1, Milano, Lombardia, 20121, Italia",45.4710309,9.1814326
Incontri,31-07-20,2020-06-30,"Via Voghera, 14, Milano, MI",MADE4ART,Luci per il futuro,https://www.milanotoday.it/eventi/luci-per-il-futuro-marco-lodola-2020.html,Formazione e networking,"14, Via Voghera, Tortona, Municipio 6, Milano, Lombardia, 20144, Italia",45.454295,9.1674959
Incontri,21-07-20,2020-06-30,"Corso di Porta Ticinese, 95, Milano, MI",Museo Diocesano,Chiostro d'Estate 2020: al Museo Diocesano incontri su Raffaello e aperitivi all'aperto,https://www.milanotoday.it/eventi/chiostro-estate-2020-museo-diocesano-programma.html,Formazione e networking,"95, Corso di Porta Ticinese, Ticinese, Municipio 1, Milano, Lombardia, 20123, Italia",45.4550676,9.1813468
Spettacoli,30-06-20,2020-06-30,"Via Filodrammatici 2,20121, Milano, MI,Italia",Teatro Alla Scala,Fedora,https://www.teatro.it/spettacoli/milano/teatro-alla-scala/2019-2020/fedora,Teatro e spettacolo,"2, Via Filodrammatici, Brera, Milano, Lombardia, 20121, Italia",45.4676198,9.1884287
Spettacoli,30-06-20,2020-06-30,"via Pier Lombardo,14,20135, Milano, MI,Italia",Franco Parenti - Sala Grande,Sulla morte senza esagerare,https://www.teatro.it/spettacoli/milano/teatro-franco-parenti-sala-grande/2019-2020/sulla-morte-senza-esagerare,Teatro e spettacolo,"Via Pier Lombardo, Porta Romana, Municipio 4, Milano, Lombardia, 20135, Italia",45.4542958,9.2063109
Mostre,07-07-20,2020-06-30,"Via Plinio, 37, Milano, MI",Mamo galleria Milano,Noi,https://www.milanotoday.it/eventi/noi-laura-triscritti-2020.html,Arte e cultura,"Good Morgan, 37, Via Plinio, Buenos Aires - Venezia, Municipio 3, Milano, Lombardia, 20129, Italia",45.4773202,9.216369
Spettacoli,30-06-20,2020-06-30,"via Pier Lombardo,14,20135, Milano, MI,Italia",Franco Parenti - Sala Grande,Sulla morte senza esagerare,https://www.teatro.it/spettacoli/milano/teatro-franco-parenti-sala-grande/2019-2020/sulla-morte-senza-esagerare,Teatro e spettacolo,"Via Pier Lombardo, Porta Romana, Municipio 4, Milano, Lombardia, 20135, Italia",45.4542958,9.2063109
Cinema,17-08-20,2020-07-01,"Viale Emilio Alemagna, 6, Milano, MI",La Triennale di Milano,"AriAnteo Triennale, il programma estivo dei film all'aperto: orari e biglietti",https://www.milanotoday.it/eventi/arianteo-triennale-programma-film-estate-2020.html,Arte e cultura,"Triennale Design Museum, 6, Viale Emilio Alemagna, Parco Sempione, Municipio 1, Milano, Lombardia, 20121, Italia",45.4721477,9.1734894
Manifestazioni,13-09-20,2020-07-01,"Via Gaetano de Castillia, 18, Milano, MI",BAM Biblioteca degli Alberi,"Biblioteca degli Alberi, un’estate di eventi per adulti e bambini: il programma",https://www.milanotoday.it/eventi/bam-biblioteca-alberi-programma-estivo-2020.html,Altri eventi,"Via Gaetano De Castillia, Isola, Municipio 9, Milano, Lombardia, 20100, Italia",45.4858553,9.1928992
Spettacoli,01-07-20,2020-07-01,"Piazza Castello,20121, Milano, MI,Italia",Castello Sforzesco,Massimo Lopez e Tullio Solenghi Show,https://www.teatro.it/spettacoli/milano/castello-sforzesco/2019-2020/massimo-lopez-tullio-solenghi-show,Teatro e spettacolo,"Piazza Castello, Cerchia dei Navigli, Municipio 1, Milano, Lombardia, 20121, Italia",45.4710309,9.1814326
Mostre,31-07-20,2020-07-01,"Via Fatebenefratelli, 34, Milano, MI",Foto Ottica Cavour Leica Boutique,"Aniello Saravo ""luce e ombre"" mostra fotografia",https://www.milanotoday.it/eventi/aniello-saravo-luce-e-ombre-2020.html,Arte e cultura,"34, Via Fatebenefratelli, Cerchia dei Navigli, Municipio 1, Milano, Lombardia, 20121, Italia",45.4724913,9.194132
Mostre,20-09-20,2020-07-01,"Viale Gadio, 2, Milano, MI",Acquario civico,L'Acquario Civico riapre le porte con una mostra sui paesaggi acquatici della Lombardia,https://www.milanotoday.it/eventi/acquario-civico-riapre-mostra-orari.html,Arte e cultura,"2, Viale Gerolamo Gadio, Brera, Milano, Lombardia, 20121, Italia",45.4737856,9.1809276
Incontri,30-09-20,2020-07-01,"Via Giulio Cesare Procaccini, 4, Milano, MI",Fabbrica del Vapore,"Vapore d'estate, gli appuntamenti estivi gratis alla Fabbrica del Vapore",https://www.milanotoday.it/eventi/incontri-estivi-gratis-fabbrica-vapore.html,Formazione e networking,"4, Via Giulio Cesare Procaccini, Bullona, Porta Volta, Municipio 8 di Milano, Milano, Lombardia, 20154, Italia",45.4839945,9.1753796
,01-09-20,2020-07-01,"Via Ettore Troilo, 14, Milano, MI",Portineria14,"Miky degni: 10 motivi per dire: basta! ritratti di donne, al vino rosso",https://www.milanotoday.it/eventi/miky-degni-10-motivi-per-dire-basta-2020.html,Non classificato,"Portineria 14, 14, Via Ettore Troilo, Ticinese, Municipio 5, Milano, Lombardia, 20136, Italia",45.4463549,9.1777191
Spettacoli,02-07-20,2020-07-02,"Via Rovello,2,20121, Milano, MI,Italia",Piccolo Teatro - Chiostro Nina Vinchi,Maggio 43,https://www.teatro.it/spettacoli/milano/piccolo-teatro-chiostro-nina-vinchi/2019-2020/maggio-43,Teatro e spettacolo,"2, Via Rovello, Brera, Milano, Lombardia, 20121, Italia",45.4665188,9.1847651
Mostre,27-09-20,2020-07-02,"Via Giuseppe Eugenio Luraghi, Milano, MI",Il Centro,"L'antica Roma sbarca a ""Il Centro"": la mostra ""immersiva"" sui gladiatori e il Colosseo",https://www.milanotoday.it/eventi/mostra-gladiatori-il-centro.html,Arte e cultura,"Via Maestra, 11, Viale Giuseppe Eugenio Luraghi, Valera, Arese, Milano, Lombardia, 20044, Italia",45.5638918,9.0510987
Spettacoli,02-07-20,2020-07-02,"Via Carlo Botta,18,20135, Milano, MI,Italia",Franco Parenti - Bagni Misteriosi,Una stranissima primavera,https://www.teatro.it/spettacoli/milano/franco-parenti-bagni-misteriosi/2019-2020/una-stranissima-primavera,Teatro e spettacolo,"18, Via Carlo Botta, Porta Romana, Municipio 4, Milano, Lombardia, 20135, Italia",45.4537805,9.2050141
Teatri,30-08-20,2020-07-02,"Via Riccardo Pitteri, 58, Milano, MI",Teatro Martinitt,"Teatro Martinitt, nasce l'Arena Milano Est, un palco sotto le stelle per spettacoli e concerti",https://www.milanotoday.it/eventi/teatro-martinitt-spettacoli-estate-2020-quando.html,Teatro e spettacolo,"Via Riccardo Pitteri, Lambrate, Municipio 3, Milano, Lombardia, 20134, Italia",45.4805358,9.2454637
Incontri,23-07-20,2020-07-02,"Viale Giovanni Suzzani, 292, Milano, MI",Parco Nord Milano,Quattro lezioni gratis di meditazione al Parco Nord: come iscriversi,https://www.milanotoday.it/eventi/incontro-gratis-meditazione-parco-nord-quando.html,Formazione e networking,"292, Viale Giovanni Suzzani, Niguarda - Cà Granda, Municipio 9, Milano, Lombardia, 20126, Italia",45.5279798,9.2102587
Manifestazioni,13-09-20,2020-07-02,"Via Palestro, 14, Milano, MI",PAC - Padiglione d’arte contemporanea,"Proiezioni, film all'aperto e performance: il PAC riapre al pubblico",https://www.milanotoday.it/eventi/apertura-pac-dopo-lockdown-fase-2-quando.html,Altri eventi,"14, Via Palestro, Guastalla, Municipio 1, Milano, Lombardia, 20121, Italia",45.4729115,9.1995282
Mostre,08-11-20,2020-07-03,"Via Tortona, 56, Milano, MI",Mudec - Museo delle Culture Milano,"""Il mio letto è un giardino"": al Mudec una mostra sui tessuti delle donne del Monte Quichua",https://www.milanotoday.it/eventi/mostra-tessuti-mudec-gratis-orari.html,Arte e cultura,"Mudec, 56, Via Tortona, Tortona, Municipio 6, Milano, Lombardia, 20144, Italia",45.4520455,9.1613185
Incontri,03-07-20,2020-07-03,"Piazza del Duomo, Milano, MI",Piazza Duomo,Solidarietà per la Bielorussia,https://www.milanotoday.it/eventi/solidarieta-per-la-bielorussia-2020.html,Formazione e networking,"Piazza del Duomo, Duomo, Municipio 1, Milano, Lombardia, Italia",45.4639102,9.1906398
Manifestazioni,31-07-20,2020-07-03,"Via Riccardo Pitteri, 58, Milano, MI",Teatro Martinitt,"Teatro Martinitt, inaugura Arena Milano Est con ""I Vitelloni"" in omaggio a Fellini",https://www.milanotoday.it/eventi/teatro-martinitt-arena-milano-est-programma-film.html,Altri eventi,"Via Riccardo Pitteri, Lambrate, Municipio 3, Milano, Lombardia, 20134, Italia",45.4805358,9.2454637
Spettacoli,04-07-20,2020-07-04,"Corso Magenta 24,20123, Milano, MI,Italia",MTM - Litta,La collezione,https://www.teatro.it/spettacoli/milano/litta/2019-2020/la-collezione,Teatro e spettacolo,"24, Corso Magenta, Cerchia dei Navigli, Municipio 1, Milano, Lombardia, 20123, Italia",45.4658664,9.1782835
Cinema,20-07-20,2020-07-04,"Corso Garibaldi, 116, Milano, MI",Chiostro Santa Maria Incoronata,"Arianteo 2020, arrivano i film vincitori del David di Donatelllo: orari e programma",https://www.milanotoday.it/eventi/arianteo-film-david-donatelllo-orari-biglietti.html,Arte e cultura,"Corso Giuseppe Garibaldi, Brera, Municipio 1, Milano, Lombardia, 20121, Italia",45.4730864,9.1837221
Incontri,31-07-20,2020-07-04,"Via Bergognone, 34, Milano, MI",Base Milano,"Stabilimento estivo Base: arriva il programma dell'estate con musica, cinema e teatro",https://www.milanotoday.it/eventi/base-programma-luglio-2020.html,Formazione e networking,"Wikimedia Italia, 34, Via Bergognone Da Fossano, Tortona, Municipio 6, Milano, Lombardia, 20144, Italia",45.4518657,9.1625146
Incontri,05-07-20,2020-07-04,"Via San Gregorio, 53, Milano, MI",Ovunque tu voglia!,Corsa virtuale delle professioni sanitarie 2020,https://www.milanotoday.it/eventi/corsa-virtuale-delle-professioni-sanitarie-2020-2020.html,Formazione e networking,"53, Via San Gregorio, Centrale, Municipio 2, Milano, Lombardia, 20124, Italia",45.4810971,9.2010915
Teatri,04-07-20,2020-07-04,"Via Riccardo Pitteri, 58, Milano, MI",Arena Milano Est,Max Giusti apre la stagione della Arena Milano Est: come avere i biglietti scontati,https://www.milanotoday.it/eventi/max-giusti-arena-milano-est-4-luglio-2020.html,Teatro e spettacolo,"Via Riccardo Pitteri, Lambrate, Municipio 3, Milano, Lombardia, 20134, Italia",45.4805358,9.2454637
Spettacoli,05-07-20,2020-07-05,"Via Pier Lombardo 14,20135, Milano, MI,Italia",Franco Parenti - Sala Blu,"Elio Germano - Segnale d'allarme, la mia battaglia",https://www.teatro.it/spettacoli/milano/franco-parenti-sala-acomea/2019-2020/la-mia-battaglia,Teatro e spettacolo,"Via Pier Lombardo, Porta Romana, Municipio 4, Milano, Lombardia, 20135, Italia",45.4542958,9.2063109
Spettacoli,05-07-20,2020-07-05,"Viale Italia 576,20099, Sesto San Giovanni, MI,Italia",Under The Grand Chapiteau,TOTEM - Cirque du Soleil,https://www.teatro.it/spettacoli/milano/under-the-grand-chapiteau/2019-2020/totem-cirque-du-soleil,Teatro e spettacolo,"Viale Italia, Rione Vittoria, Sesto San Giovanni, Zona Omogenea Milano Nord, Milano, Lombardia, 20099, Italia",45.5243623,9.2284729
Concerti,05-07-20,2020-07-05,"Piazza Castello, Milano, MI",Castello Sforzesco,"""Taranta on tour"": al Castello Sforzesco arriva la magia della taranta salentina",https://www.milanotoday.it/eventi/concerto-tarantacastello-sforzesco-2020.html,Musica e vita notturna,"Piazza Castello, Cerchia dei Navigli, Municipio 1, Milano, Lombardia, Italia",45.4704699,9.1819129
Mostre,06-09-20,2020-07-05,"Via San Vittore, 21, Milano, MI",Museo Nazionale della Scienza e della Tecnologia,"Museo della Scienza, nuovi orari estivi e ingresso serale: tutte le informazioni",https://www.milanotoday.it/eventi/museo-scienza-nuovi-orari-estivi-biglietti.html,Arte e cultura,"21, Via San Vittore, Magenta - San Vittore, Municipio 1, Milano, Lombardia, 20123, Italia",45.4628946,9.1706462
Incontri,06-07-20,2020-07-06,"Piazza Castello, 2, Milano, MI",Casa della Psicologia,"E siccome sei molto lontano, più forte ti guarderò: le relazioni al tempo del covid-19",https://www.milanotoday.it/eventi/e-siccome-sei-molto-lontano-piu-forte-ti-guardero-2020.html,Formazione e networking,"Bar Castello, 2, Piazza Castello, Brera, Municipio 1, Milano, Lombardia, 20121, Italia",45.4690445,9.1818105
Manifestazioni,16-09-20,2020-07-06,"Piazza Leonardo da Vinci, Milano, MI",Politecnico di Milano,"Musica, cinema e cabaret a ""Polimifest 2020"", il festival gratis al Politecnico",https://www.milanotoday.it/eventi/polimifest-2020-festival-politecnico-gratis-programma.html,Altri eventi,"Piazza Leonardo da Vinci, Città Studi, Municipio 3, Milano, Lombardia, Italia",45.4781421,9.2248047
Concerti,15-07-20,2020-07-06,"Via Filodrammatici, 2, Milano, MI",teatro alla scala,"Teatro alla Scala, quattro nuovi concerti estivi per la riapertura: orari e biglietti",https://www.milanotoday.it/eventi/teatro-la-scala-concerti-luglio-2020-orari.html,Musica e vita notturna,"2, Via Filodrammatici, Brera, Milano, Lombardia, 20121, Italia",45.4676198,9.1884287
Incontri,07-07-20,2020-07-07,"Piazza Castello, Milano, MI",Castello Sforzesco,La misteriosa storia degli Sforza in un evento imperdibile al Castello Sforzesco,https://www.milanotoday.it/eventi/incontro-castello-sforzesco-storia-sforza-biglietti.html,Formazione e networking,"Piazza Castello, Cerchia dei Navigli, Municipio 1, Milano, Lombardia, Italia",45.4704699,9.1819129
Incontri,31-07-20,2020-07-07,"Via Giuseppe Gabetti, 15, Milano, MI",Mare Culturale Urbano,"Mare Culturale Urbano, l'intero programma di luglio",https://www.milanotoday.it/eventi/mare-culturale-urbano-programma-luglio.html,Formazione e networking,"Cascina Torrette di Trenno, 15, Via Giuseppe Gabetti, Quartiere Vercellese, Forze Armate, Municipio 7, Milano, Lombardia, 20147, Italia",45.4687457,9.1240256
Mostre,17-07-20,2020-07-08,"Alzaia Naviglio Grande, 4, Milano, MI",Vi.P. Gallery Milano,"Fiorella Manzini, tra figurazione e informale",https://www.milanotoday.it/eventi/fiorella-manzini-tra-figurazione-e-informale-fiorella-manzini-2020.html,Arte e cultura,"4, Alzaia Naviglio Grande, Navigli, Municipio 6, Milano, Lombardia, 20144, Italia",45.4521916,9.1761844
Incontri,14-07-20,2020-07-08,"Via Marcello Malpighi, 3, Milano, MI",Casa Galimberti,Il Liberty a Milano | art nouveau week 2020,https://www.milanotoday.it/eventi/il-liberty-a-milano-art-nouveau-week-2020.html,Formazione e networking,"Panino Giusto, 3, Via Marcello Malpighi, Buenos Aires - Venezia, Municipio 3, Milano, Lombardia, 20219, Italia",45.4746309,9.20718
Spettacoli,09-07-20,2020-07-09,"Via Filodrammatici 2,20121, Milano, MI,Italia",Teatro Alla Scala,Il lago dei cigni,https://www.teatro.it/spettacoli/milano/teatro-alla-scala/2019-2020/il-lago-dei-cigni,Teatro e spettacolo,"2, Via Filodrammatici, Brera, Milano, Lombardia, 20121, Italia",45.4676198,9.1884287
Spettacoli,09-07-20,2020-07-09,"Via Rovello,2,20121, Milano, MI,Italia",Piccolo Teatro - Chiostro Nina Vinchi,Paolo Rossi - Pane o libertà. Su la testa,https://www.teatro.it/spettacoli/milano/piccolo-teatro-chiostro-nina-vinchi/2019-2020/pane-o-liberta-su-la-testa,Teatro e spettacolo,"2, Via Rovello, Brera, Milano, Lombardia, 20121, Italia",45.4665188,9.1847651
Spettacoli,09-07-20,2020-07-09,"Via Pier Lombardo 14,20135, Milano, MI,Italia",Franco Parenti - Sala Blu,Elio Germano - La mia battaglia (Realtà Virtuale),https://www.teatro.it/spettacoli/milano/franco-parenti-sala-acomea/2019-2020/elio-germano-la-mia-battaglia-realta-virtuale,Teatro e spettacolo,"Via Pier Lombardo, Porta Romana, Municipio 4, Milano, Lombardia, 20135, Italia",45.4542958,9.2063109
Teatri,09-07-20,2020-07-09,"Via Pier Lombardo, 14, Milano, MI",Teatro Franco Parenti,"Luigi Lo Cascio ai Bagni Misteriosi con lo spettacolo ""La scoperta della luna"": orari e biglietti",https://www.milanotoday.it/eventi/spettacolo-luigi-lo-cascio-teatro-parenti.html,Teatro e spettacolo,"Via Pier Lombardo, Porta Romana, Municipio 4, Milano, Lombardia, 20135, Italia",45.4542958,9.2063109
Mostre,30-09-20,2020-07-09,"Via Achille Maiocchi, 15, Milano, MI",Maiocchi15,Marta czok,https://www.milanotoday.it/eventi/marta-czok-marta-czok-2020.html,Arte e cultura,"Via Achille Maiocchi, Buenos Aires - Venezia, Municipio 3, Milano, Lombardia, 20129, Italia",45.4762588,9.2159801
Spettacoli,09-07-20,2020-07-09,"Via Carlo Botta,18,20135, Milano, MI,Italia",Franco Parenti - Bagni Misteriosi,La scoperta della luna,https://www.teatro.it/spettacoli/milano/franco-parenti-bagni-misteriosi/2019-2020/la-scoperta-della-luna,Teatro e spettacolo,"18, Via Carlo Botta, Porta Romana, Municipio 4, Milano, Lombardia, 20135, Italia",45.4537805,9.2050141
Mostre,30-09-20,2020-07-09,"Via San Tomaso, 2, Milano, MI",Hotel Milano Castello,A Milano riapre la mostra permanente dello scultore Romano Rui. Ingresso gratis,https://www.milanotoday.it/eventi/mostra-gratis-romano-rui-ingresso-orari.html,Arte e cultura,"Hotel Milano Castello, 2, Via San Tomaso, Brera, Milano, Lombardia, 20121, Italia",45.4673662,9.1850179
Cibo e Vino,09-07-20,2020-07-09,"Largo Vittorio Veneto, Milano, MI",Villa Borromeo Visconti Litta di Lainate,Un pic nic sotto le stelle in arrivo a Villa Litta,https://www.milanotoday.it/eventi/serata-pic-nic-villa-litta-lainate.html,Enogastronomia,"Largo Vittorio Veneto, Lainate, Milano, Lombardia, 20045, Italia",45.5708188,9.0258134
Manifestazioni,30-07-20,2020-07-09,"Piazza del Duomo, Milano, MI",Palazzo Reale,"A Milano arriva Ethno Music Festival, per ballare le musiche di tutto il mondo: orari e biglietti",https://www.milanotoday.it/eventi/ethno-music-festival-palazzo-reale-biglietti.html,Altri eventi,"Piazza del Duomo, Duomo, Municipio 1, Milano, Lombardia, Italia",45.4639102,9.1906398
Manifestazioni,31-08-20,2020-07-09,"Piazza Pio XI, 2, Milano, MI",Veneranda Biblioteca Ambrosiana,Pinacoteca Ambrosiana: un aperitivo con Caravaggio e i nuovi orari estivi,https://www.milanotoday.it/eventi/veneranda-biblioteca-ambrosiana-orari-estivi.html,Altri eventi,"Biblioteca Ambrosiana, 2, Piazza Pio Undicesimo, Cerchia dei Navigli, Municipio 1, Milano, Lombardia, 20123, Italia",45.4636207,9.1860483
Mostre,10-07-20,2020-07-10,"Viale Enrico Fermi, 98, Milano, MI",Legend Club,Lambstone live at legend club milano // 10.7.2020,https://www.milanotoday.it/eventi/lambstone-live-at-legend-club-milano-10-7-2020.html,Arte e cultura,"Legend Club, 98, Viale Enrico Fermi, Parco Nord, Municipio 9, Milano, Lombardia, 20161, Italia",45.5161589,9.1794377
Mostre,31-07-20,2020-07-10,"Via Giuseppe Verdi, 8, Milano, MI",Vizzolo al futuro,Roberto Ghizzoni: la partecipazione della luce,https://www.milanotoday.it/eventi/roberto-ghizzoni-la-partecipazione-della-luce-roberto-ghizzoni.html,Arte e cultura,"8, Via Giuseppe Verdi, Brera, Municipio 1, Milano, Lombardia, 20121, Italia",45.4683014,9.1890175
Concerti,10-07-20,2020-07-10,"Piazzale Angelo Moratti, Milano, MI",Stadio San Siro,"Annullato: “San Siro canta Max"": Max Pezzali in un mega concerto. Orari e biglietti",https://www.milanotoday.it/eventi/biglietti-concerto-max-pezzali.html,Musica e vita notturna,"Piazzale Angelo Moratti, San Siro, Municipio 7, Milano, Lombardia, 20148, Italia",45.478178,9.1212742
Incontri,11-07-20,2020-07-11,"Via Monte Rosa, 81, Milano, MI",Centro Pime,"Milano, uno speciale laboratorio per i bambini al Centro Pime: come iscriversi",https://www.milanotoday.it/eventi/incontro-centro-pime-per-famiglie-quando.html,Formazione e networking,"Museo Popoli e Culture, 81, Via Monte Rosa, De Angeli - Monte Rosa, Municipio 7, Milano, Lombardia, 20149, Italia",45.47615,9.1470053
Spettacoli,12-07-20,2020-07-12,"via Pier Lombardo,14,20135, Milano, MI,Italia",Franco Parenti - Sala Grande,Locke,https://www.teatro.it/spettacoli/milano/franco-parenti-sala-grande/2019-2020/locke,Teatro e spettacolo,"Via Pier Lombardo, Porta Romana, Municipio 4, Milano, Lombardia, 20135, Italia",45.4542958,9.2063109
Fiere,12-07-20,2020-07-12,"Piazza del Duomo, Milano, MI",Piazza Duomo,"Piazza Duomo, torna ""Libri in Piazza"" tra volumi antichi e moderni. Ingresso gratis",https://www.milanotoday.it/eventi/mercatino-libri-piazza-duomo-gratis.html,Mercati e shopping,"Piazza del Duomo, Duomo, Municipio 1, Milano, Lombardia, Italia",45.4639102,9.1906398
Disco&Feste,19-07-20,2020-07-13,"Via Bovisasca, Milano, MI",Spirit de Milan,"Spirit de Milan, il nuovo programma della settimana",https://www.milanotoday.it/eventi/spirit-de-milan-programma-estate-2020.html,Musica e vita notturna,"Via Bovisasca, Bovisa, Municipio 9, Milano, Lombardia, 20158, Italia",45.5057531,9.1598956
Incontri,19-07-20,2020-07-14,"Viale Emilio Alemagna, 6, Milano, MI",La Triennale di Milano,"Triennale Estate, il nuovo programma fino al 19 luglio con il cinema all'aperto",https://www.milanotoday.it/eventi/triennale-estate-programma-14-19-luglio.html,Formazione e networking,"Triennale Design Museum, 6, Viale Emilio Alemagna, Parco Sempione, Municipio 1, Milano, Lombardia, 20121, Italia",45.4721477,9.1734894
Incontri,31-07-20,2020-07-14,"Via Camillo Golgi, 18, Milano, MI",Orto Botanico Città Studi,"Orti botanici di Milano, le aperture estive",https://www.milanotoday.it/eventi/orti-botanici-aperture-estive-2020.html,Formazione e networking,"Via Camillo Golgi, Città Studi, Municipio 3, Milano, Lombardia, 20133, Italia",45.4756291,9.2343757
Moda,18-07-20,2020-07-14,"Via Alessandro Volta, 7A, Milano, MI",Moscova District Market,La private sale Roberto Cavalli in esclusiva da Moscova District Market per pochi giorni,https://www.milanotoday.it/eventi/la-private-sale-roberto-cavalli-in-esclusiva-da-moscova-district-market-per-pochi-giorni.html,Mercati e shopping,"7a, Via Alessandro Volta, Brera, Municipio 1, Milano, Lombardia, 20121, Italia",45.4794117,9.1836722
Incontri,14-07-20,2020-07-14,"Largo Franco Parenti, Milano, MI",Palazzina Via Botta 18,'Un canto per Milano': l'iniziativa gratuita ai Bagni Misteriosi,https://www.milanotoday.it/eventi/canto-per-milano.html,Formazione e networking,"Largo Franco Parenti, Porta Romana, Municipio 4, Milano, Lombardia, 20135, Italia",45.4535841,9.2060014
Spettacoli,15-07-20,2020-07-15,"via Pier Lombardo,14,20135, Milano, MI,Italia",Franco Parenti - Sala Grande,Giulietta,https://www.teatro.it/spettacoli/milano/franco-parenti-sala-grande/2019-2020/giulietta,Teatro e spettacolo,"Via Pier Lombardo, Porta Romana, Municipio 4, Milano, Lombardia, 20135, Italia",45.4542958,9.2063109
Mercatini,17-10-20,2020-07-15,"Via Valenza, 2, Milano, MI",Ex Scalo Porta Genova,"Milano, nell'ex area del Mercato Metropolitano arriva il Wunder Temporary Market",https://www.milanotoday.it/eventi/mercatino-scalo-porta-genova-wunder-market-orari.html,Mercati e shopping,"Via Valenza, Navigli, Municipio 6, Milano, Lombardia, 20144, Italia",45.4514071,9.1691656
,15-07-20,2020-07-15,"Via Pisanello, 1, Milano, MI",Centro Culturale Rosetum,Lorenzo De Finti quartet-restart concert rosetum jazz festival,https://www.milanotoday.it/eventi/lorenzo-de-finti-quartet-restart-concert-rosetum-jazz-2020.html,Non classificato,"Via Pisanello, Bande Nere, Municipio 7, Milano, Lombardia, 20148, Italia",45.4672182,9.140416
Incontri,15-07-20,2020-07-15,"Viale Pasubio, 19, Milano, MI",Feltrinelli,"""Feltrinelli Comics Summer Party"", uno speciale firmacopie a Milano",https://www.milanotoday.it/eventi/feltrinelli-comics-evento-streaming-gratis.html,Formazione e networking,"19, Viale Pasubio, Porta Tenaglia, Municipio 1, Milano, Lombardia, 20154, Italia",45.4817067,9.1834661
Concerti,15-07-20,2020-07-15,"Via Filodrammatici, 2, Milano, MI",Teatro La Scala,Gli scaligeri tornano alla Scala in un concerto,https://www.milanotoday.it/eventi/concerto-scaligeri-scala.html,Musica e vita notturna,"2, Via Filodrammatici, Brera, Milano, Lombardia, 20121, Italia",45.4676198,9.1884287
Manifestazioni,11-10-20,2020-07-15,"Via Valenza, 2, Milano, MI",Ride Milano,Ex Mercato Metropolitano: arriva un nuovo spazio con eventi e ristoranti. Ingresso gratis,https://www.milanotoday.it/eventi/ride-milano-scalo-porta-genova-orari.html,Altri eventi,"Via Valenza, Navigli, Municipio 6, Milano, Lombardia, 20144, Italia",45.4514071,9.1691656
Spettacoli,16-07-20,2020-07-16,"Via Carlo Botta,18,20135, Milano, MI,Italia",Franco Parenti - Bagni Misteriosi,Amor y Tango,https://www.teatro.it/spettacoli/milano/franco-parenti-bagni-misteriosi/2019-2020/amor-y-tango,Teatro e spettacolo,"18, Via Carlo Botta, Porta Romana, Municipio 4, Milano, Lombardia, 20135, Italia",45.4537805,9.2050141
Spettacoli,16-07-20,2020-07-16,"Via Rovello,2,20121, Milano, MI,Italia",Piccolo Teatro - Chiostro Nina Vinchi,Pilato,https://www.teatro.it/spettacoli/milano/piccolo-teatro-chiostro-nina-vinchi/2019-2020/pilato,Teatro e spettacolo,"2, Via Rovello, Brera, Milano, Lombardia, 20121, Italia",45.4665188,9.1847651
Spettacoli,16-07-20,2020-07-16,"Via Filodrammatici 2,20121, Milano, MI,Italia",Teatro Alla Scala,Un ballo in maschera,https://www.teatro.it/spettacoli/milano/teatro-alla-scala/2019-2020/un-ballo-in-maschera,Teatro e spettacolo,"2, Via Filodrammatici, Brera, Milano, Lombardia, 20121, Italia",45.4676198,9.1884287
Cibo e Vino,19-07-20,2020-07-17,"Via Cavalieri di Vittorio Veneto, 2, Milano, MI",Parco Tittoni,Noodles Festival al Parco Tittoni: ingresso gratis,https://www.milanotoday.it/eventi/noodles-festival-al-parco-tittoni.html,Enogastronomia,"2, Via Cavalieri di Vittorio Veneto, Quartiere Pasubio, Cesano Boscone, Milano, Lombardia, 20090, Italia",45.4509998,9.0823824
Concerti,17-07-20,2020-07-17,"Via Cristina Belgioioso, 171, Milano, MI",MIND Milano Innovation District,Annullato. Billie Eilish in un emozionante concerto a Milano. Dove acquistare i biglietti,https://www.milanotoday.it/eventi/billie-eilish-concerto-biglietti.html,Musica e vita notturna,"Via Cristina Belgioioso, Fiorenza, Cassina Triulza, MIND, Municipio 8 di Milano, Milano, Lombardia, 20016, Italia",45.5227908,9.1020225
Concerti,17-07-20,2020-07-17,"Piazza Castello, Milano, MI",Castello Sforzesco,La musica elettronica di Boosta dei Subsonica al Castello Sforzesco: orari e biglietti,https://www.milanotoday.it/eventi/concerto-boosta-subsonica-castello-sforzesco-orari-biglietti.html,Musica e vita notturna,"Piazza Castello, Cerchia dei Navigli, Municipio 1, Milano, Lombardia, Italia",45.4704699,9.1819129
Spettacoli,17-07-20,2020-07-17,"Via Rovello,2,20121, Milano, MI,Italia",Piccolo Teatro - Chiostro Nina Vinchi,Storie - Stefano Massini,https://www.teatro.it/spettacoli/milano/piccolo-teatro-chiostro-nina-vinchi/2019-2020/storie,Teatro e spettacolo,"2, Via Rovello, Brera, Milano, Lombardia, 20121, Italia",45.4665188,9.1847651
Concerti,19-07-20,2020-07-19,"Via Luigi Ornato, Milano, MI",Parco Nord,Concerti gratis all'alba al Parco Nord di Milano: l'ultimo appuntamento,https://www.milanotoday.it/eventi/concerti-gratis-alba-parco-nord-calendario.html,Musica e vita notturna,"Via Luigi Ornato, Niguarda - Cà Granda, Municipio 9, Milano, Lombardia, 20162, Italia",45.5167933,9.1909831
Concerti,19-07-20,2020-07-19,"Via Senigallia, Milano, MI",Parco Nord,A Drive-In Milano arriva l'Opera con Aida di Verdi: orari e biglietti,https://www.milanotoday.it/eventi/drive-in-milano-opera-aida-verdi-orari-biglietti.html,Musica e vita notturna,"Via Senigallia, Bruzzano, Municipio 9, Milano, Lombardia, 20032, Italia",45.5319451,9.168393
Fiere,19-07-20,2020-07-19,"Viale delle Industrie, 15, Milano, MI",DJ HUB,"Fiera del Disco, ad Arese arriva la 61° edizione di Rock Paradise tra dischi e vinili",https://www.milanotoday.it/eventi/fiera-disco-arese-luglio-2020-gratis-quando.html,Mercati e shopping,"Susta, 15, Viale delle Industrie, Cambiago, Milano, Lombardia, 20040, Italia",45.5794809,9.4210345
Incontri,26-07-20,2020-07-20,"Via Bergognone, 34, Milano, MI",Base Milano,"Base Milano, il programma fino a fine luglio tra dj set e aperitivi. Ingresso gratis",https://www.milanotoday.it/eventi/base-milano-programma-estate-2020-luglio.html,Formazione e networking,"Wikimedia Italia, 34, Via Bergognone Da Fossano, Tortona, Municipio 6, Milano, Lombardia, 20144, Italia",45.4518657,9.1625146
Incontri,31-07-20,2020-07-20,"Viale Emilio Alemagna, 6, Milano, MI",La Triennale,"Triennale Estate, il programma di incontri e cinema all'aperto fino a fine luglio",https://www.milanotoday.it/eventi/triennale-estate-2020-programma-luglio.html,Formazione e networking,"Triennale Design Museum, 6, Viale Emilio Alemagna, Parco Sempione, Municipio 1, Milano, Lombardia, 20121, Italia",45.4721477,9.1734894
Spettacoli,20-07-20,2020-07-20,"Via Carlo Botta,18,20135, Milano, MI,Italia",Franco Parenti - Bagni Misteriosi,ApPunti G,https://www.teatro.it/spettacoli/milano/franco-parenti-bagni-misteriosi/2019-2020/appunti-g,Teatro e spettacolo,"18, Via Carlo Botta, Porta Romana, Municipio 4, Milano, Lombardia, 20135, Italia",45.4537805,9.2050141
Concerti,20-07-20,2020-07-20,"Via Giuseppe Giusti, 16, Milano, MI",Circolo Volta,Arpe in giardino,https://www.milanotoday.it/eventi/arpe-in-giardino-il-cerchio-delle-fate-2020.html,Musica e vita notturna,"16, Via Giuseppe Giusti, Sarpi, Municipio 1, Milano, Lombardia, 20154, Italia",45.4801901,9.1767693
Teatri,24-07-20,2020-07-21,"Via Rovello, 2, Milano, MI",Piccolo Teatro Strehler,"Michele Serra al Piccolo Teatro con ""L’amaca di domani unplugged"": orari e biglietti",https://www.milanotoday.it/eventi/spettacolo-michele-serra-piccolo-teatro-biglietti.html,Teatro e spettacolo,"2, Via Rovello, Brera, Milano, Lombardia, 20121, Italia",45.4665188,9.1847651
Concerti,22-07-20,2020-07-22,"Viale Emilio Alemagna, 6, Milano, MI",La Triennale,"AriAnteo Triennale, Folco Orselli presenta ""Blues Contest"": ingresso gratis",https://www.milanotoday.it/eventi/arianteo-triennale-folco-orselli-incontro-gratis.html,Musica e vita notturna,"Triennale Design Museum, 6, Viale Emilio Alemagna, Parco Sempione, Municipio 1, Milano, Lombardia, 20121, Italia",45.4721477,9.1734894
Spettacoli,23-07-20,2020-07-23,"Via Rovello,2,20121, Milano, MI,Italia",Piccolo Teatro - Chiostro Nina Vinchi,L'amaca di domani,https://www.teatro.it/spettacoli/milano/piccolo-teatro-chiostro-nina-vinchi/2019-2020/lamaca-di-domani,Teatro e spettacolo,"2, Via Rovello, Brera, Milano, Lombardia, 20121, Italia",45.4665188,9.1847651
Spettacoli,23-07-20,2020-07-23,"Piazza Castello,20121, Milano, MI,Italia",Castello Sforzesco,Una storia da cantare - Enrico Ruggeri,https://www.teatro.it/spettacoli/milano/castello-sforzesco/2019-2020/una-storia-da-cantare-enrico-ruggeri,Teatro e spettacolo,"Piazza Castello, Cerchia dei Navigli, Municipio 1, Milano, Lombardia, 20121, Italia",45.4710309,9.1814326
Spettacoli,23-07-20,2020-07-23,"Via Carlo Botta,18,20135, Milano, MI,Italia",Franco Parenti - Bagni Misteriosi,Scacco matto. Altre distanze in nuovi orizzonti,https://www.teatro.it/spettacoli/milano/franco-parenti-bagni-misteriosi/2019-2020/scacco-matto-altre-distanze-in-nuovi-orizzonti-1,Teatro e spettacolo,"18, Via Carlo Botta, Porta Romana, Municipio 4, Milano, Lombardia, 20135, Italia",45.4537805,9.2050141
,25-07-20,2020-07-23,"Via Pier Paolo Pasolini, 3, Milano, MI",Cascina Merlata,"Estate in cascina, tra conferme e fresche novità",https://www.milanotoday.it/eventi/estate-in-cascina-tra-conferme-2020.html,Non classificato,"Cascina Merlata SPAZIO VIVO, 3, Via Pier Paolo Pasolini, Maggiore - Musocco, Cascina Merlata, Municipio 8 di Milano, Milano, Lombardia, 20151, Italia",45.5066453,9.1031746
Incontri,26-08-20,2020-07-23,"Via Mozart, 14, Milano, MI",Villa Necchi Campiglio,Sere FAI d'estate: gli appuntamenti speciali a Milano,https://www.milanotoday.it/eventi/sere-fai-estate-programma-2020.html,Formazione e networking,"14, Via Wolfgang Amadeus Mozart, Quartiere Boschetto, Trezzano sul Naviglio, Milano, Lombardia, 20090, Italia",45.4159579,9.0475197
Spettacoli,25-07-20,2020-07-25,"Piazza Castello,20121, Milano, MI,Italia",Castello Sforzesco,Treves blues band,https://www.teatro.it/spettacoli/milano/castello-sforzesco/2019-2020/treves-blues-band,Teatro e spettacolo,"Piazza Castello, Cerchia dei Navigli, Municipio 1, Milano, Lombardia, 20121, Italia",45.4710309,9.1814326
Spettacoli,25-07-20,2020-07-25,"Via Pier Lombardo 14,20135, Milano, MI,Italia",Franco Parenti - Sala Blu,Una vita che sto qui,https://www.teatro.it/spettacoli/milano/teatro-franco-parenti-sala-acomea/2019-2020/una-vita-che-sto-qui,Teatro e spettacolo,"Via Pier Lombardo, Porta Romana, Municipio 4, Milano, Lombardia, 20135, Italia",45.4542958,9.2063109
Mostre,27-07-20,2020-07-25,"Via Archimede, 43, Milano, MI",Spazio Archimede,Mostra fotografica mater terra,https://www.milanotoday.it/eventi/mostra-fotografica-mater-terra-irene-vesentini-2020.html,Arte e cultura,"43, Via Archimede, Linate, Peschiera Borromeo, Milano, Lombardia, 20068, Italia",45.4450989,9.2738309
Mostre,27-07-20,2020-07-25,"Via Archimede, 43, Milano, MI",Spazio Archimede,Irene Vesentini - Mostra fotografica 'mater terra',https://www.milanotoday.it/eventi/irene-vesentini-mostra-fotografica-mater-terra.html,Arte e cultura,"43, Via Archimede, Linate, Peschiera Borromeo, Milano, Lombardia, 20068, Italia",45.4450989,9.2738309
Concerti,25-07-20,2020-07-25,"Via Pier Paolo Pasolini, 3, Milano, MI",Cascina Merlata,"Orchestra Verdi, un aperitivo in musica a Cascina Merlata: orari e biglietti",https://www.milanotoday.it/eventi/orchestra-laverdi-aperitivo-cascina-merlata-biglietti.html,Musica e vita notturna,"Cascina Merlata SPAZIO VIVO, 3, Via Pier Paolo Pasolini, Maggiore - Musocco, Cascina Merlata, Municipio 8 di Milano, Milano, Lombardia, 20151, Italia",45.5066453,9.1031746
Concerti,25-07-20,2020-07-25,"Via Valenza, 2, Milano, MI",,"Ex Mercato Metropolitano, arriva The Niro in concerto: orari e biglietti",https://www.milanotoday.it/eventi/concerto-the-niro-ride-milano-biglietti.html,Musica e vita notturna,"Via Valenza, Navigli, Municipio 6, Milano, Lombardia, 20144, Italia",45.4514071,9.1691656
Concerti,25-07-20,2020-07-25,"Piazza Castello, Milano, MI",Castello Sforzesco,La Treves Blues Band in uno straordinario concerto all'aperto: orari e biglietti,https://www.milanotoday.it/eventi/concerto-treves-blues-band-biglietti.html,Musica e vita notturna,"Piazza Castello, Cerchia dei Navigli, Municipio 1, Milano, Lombardia, Italia",45.4704699,9.1819129
Concerti,26-07-20,2020-07-26,"Via Giuseppe Gabetti, Milano, MI",Mare Culturale Urbano,"Mare Culturale Urbano, uno speciale concerto gratis di flauti",https://www.milanotoday.it/eventi/mare-culturale-urbano-concerto-gratis-flauti.html,Musica e vita notturna,"Via Giuseppe Gabetti, Quartiere Vercellese, Forze Armate, Municipio 7, Milano, Lombardia, 20147, Italia",45.4697048,9.1241074
Incontri,09-08-20,2020-07-26,"Via Alessandro Tadino, 20, Milano, MI",Officina Coviello,(S)parliamo d'arte,https://www.milanotoday.it/eventi/s-parliamo-d-arte-2020.html,Formazione e networking,"Galleria Giò Marconi, 20, Via Alessandro Tadino, Buenos Aires - Venezia, Municipio 3, Milano, Lombardia, 20124, Italia",45.4789476,9.2076281
Incontri,26-07-20,2020-07-26,"Via Monte Piana, 15, Milano, MI",DOCCE DI ROGOREDO - Giardino condiviso,Ho visto un re! viaggio nel teatro canzone di Jannacci,https://www.milanotoday.it/eventi/ho-visto-un-re-viaggio-nel-teatro-canzone-2020.html,Formazione e networking,"Via Monte Piana, Rogoredo, Municipio 4, Milano, Lombardia, 20097, Italia",45.4301731,9.2465323
Spettacoli,27-07-20,2020-07-27,"Piazza Castello,20121, Milano, MI,Italia",Castello Sforzesco,Sulla morte senza esagerare,https://www.teatro.it/spettacoli/milano/castello-sforzesco/2019-2020/sulla-morte-senza-esagerare,Teatro e spettacolo,"Piazza Castello, Cerchia dei Navigli, Municipio 1, Milano, Lombardia, 20121, Italia",45.4710309,9.1814326
Cinema,31-08-20,2020-07-27,"Piazzale Lorenzo Lotto, Milano, MI",,"Lido Milano Live, a Lotto le proiezioni di film all'aperto della Cineteca: il programma",https://www.milanotoday.it/eventi/lido-milano-live-film-aperto-cinemobile-programma.html,Arte e cultura,"Piazzale Lorenzo Lotto, Qt 8, QT8, Municipio 8 di Milano, Milano, Lombardia, 20148, Italia",45.4804349,9.1421757
Incontri,27-07-20,2020-07-27,"Viale Pasubio, 11, Milano, MI",Feltrinelli Babitonga,Alla Feltrinelli una serata speciale per celebrare il centenario della nascita di Charles Bukowski,https://www.milanotoday.it/eventi/serata-feltrinelli-charles-bukowsk-quando.html,Formazione e networking,"11, Viale Pasubio, Porta Tenaglia, Municipio 1, Milano, Lombardia, 20154, Italia",45.4814784,9.1843512
Concerti,28-07-20,2020-07-28,"Piazza Castello, Milano, MI",Castello Sforzesco,L'Orchestra Sinfonica Unimi da Estate Sforzesca,https://www.milanotoday.it/eventi/concerto-orchestra-sinfonica-unimi-castello-sforzesco.html,Musica e vita notturna,"Piazza Castello, Cerchia dei Navigli, Municipio 1, Milano, Lombardia, Italia",45.4704699,9.1819129
Cinema,29-07-20,2020-07-29,"Via Riccardo Pitteri, 58, Milano, MI",Arena Milano Est,Paolo Kessisoglu ad Arena Milano Est per presentare il suo nuovo film. Orari e biglietti,https://www.milanotoday.it/eventi/paolo-kessisoglu-arena-milano-est-biglietti.html,Arte e cultura,"Via Riccardo Pitteri, Lambrate, Municipio 3, Milano, Lombardia, 20134, Italia",45.4805358,9.2454637
Teatri,30-07-20,2020-07-30,"Piazza Castello, Milano, MI",Castello Sforzesco,Ma pure questo è amore a estate sforzesca,https://www.milanotoday.it/eventi/ma-pure-questo-e-amore-a-estate-sforzesca-2020.html,Teatro e spettacolo,"Piazza Castello, Cerchia dei Navigli, Municipio 1, Milano, Lombardia, Italia",45.4704699,9.1819129
Teatri,30-07-20,2020-07-30,"Viale Emilio Alemagna, 6, Milano, MI",Triennale Milano,Intravision | Streaming in triennale,https://www.milanotoday.it/eventi/intravision-streaming-in-triennale-adiel-paula-tape.html,Teatro e spettacolo,"Triennale Design Museum, 6, Viale Emilio Alemagna, Parco Sempione, Municipio 1, Milano, Lombardia, 20121, Italia",45.4721477,9.1734894
Spettacoli,30-07-20,2020-07-30,"Via Carlo Botta,18,20135, Milano, MI,Italia",Franco Parenti - Bagni Misteriosi,"Carmen, diario di un capolavoro",https://www.teatro.it/spettacoli/milano/franco-parenti-bagni-misteriosi/2019-2020/carmen-diario-di-un-capolavoro,Teatro e spettacolo,"18, Via Carlo Botta, Porta Romana, Municipio 4, Milano, Lombardia, 20135, Italia",45.4537805,9.2050141
Concerti,01-08-20,2020-07-31,"Via Guglielmo Marconi, 43, Milano, MI",,"Musica e teatro nei cortili di Cinisello Balsamo. Ingresso gratis, orari e informazioni utili",https://www.milanotoday.it/eventi/concerti-teatro-gratis-cortili-cinisello-balsamo.html,Musica e vita notturna,"43, Via Guglielmo Marconi, Rondò, Sesto San Giovanni, Zona Omogenea Milano Nord, Milano, Lombardia, 20099, Italia",45.5332112,9.2290509
Teatri,02-08-20,2020-07-31,"Via Rovello, 2, Milano, MI",Chiostro Nina Vinchi,"""La vedova Socrate"", lo spettacolo con Lella Costa in omaggio a Franca Valeri: orari e biglietti",https://www.milanotoday.it/eventi/spettacolo-lella-costa-piccolo-teatro-biglietti.html,Teatro e spettacolo,"2, Via Rovello, Brera, Milano, Lombardia, 20121, Italia",45.4665188,9.1847651
Disco&Feste,02-08-20,2020-07-31,"Via Bergognone, 34, Milano, MI",Base Milano,"Base Milano, il nuovo programma del weekend con dj set e aperitivi",https://www.milanotoday.it/eventi/base-milano-programma-31-luglio-1-2-agosto.html,Musica e vita notturna,"Wikimedia Italia, 34, Via Bergognone Da Fossano, Tortona, Municipio 6, Milano, Lombardia, 20144, Italia",45.4518657,9.1625146
Disco&Feste,02-08-20,2020-07-31,"Via Bovisasca, 59, Milano, MI",Spirit de Milan,"Spirit de Milan, il nuovo programma del week-end con musica dal vivo",https://www.milanotoday.it/eventi/spirit-de-milan-programma-week-end-fine-luglio.html,Musica e vita notturna,"Spirit de Milan, 59, Via Bovisasca, Bovisa, Municipio 9, Milano, Lombardia, 20157, Italia",45.5067143,9.1584748
Mostra,13-12-20,2020-08-01,"Viale dell'Innovazione, 20, Milano, MI",Teatro Arciboldi,Monet a Milano,,Arte e cultura,"20, Viale dell'Innovazione, Bicocca, Municipio 9, Milano, Lombardia, 20125, Italia",45.5148696,9.2135963
Incontri,31-08-20,2020-08-01,"Viale Giorgio Byron, 2, Milano, MI",Palazzina Appiani,"Beni FAI, le visite guidate a Villa Necchi Campiglio e Palazzina Appiani: come prenotare",https://www.milanotoday.it/eventi/beni-fai-villa-necchi-palazzina-appiani-visite-quando.html,Formazione e networking,"2, Viale Giorgio Byron, Parco Sempione, Municipio 1, Milano, Lombardia, 20154, Italia",45.4753371,9.1783413
Mostre,13-12-20,2020-08-01,"Viale dell'Innovazione, 20, Milano, MI",Teatro degli Arcimboldi,Al Teatro degli Arcimboldi due mostre immersive su Monet e la Street Art: orari e biglietti,https://www.milanotoday.it/eventi/teatro-arcimboldi-mostre-monet-street-art-biglietti.html,Arte e cultura,"20, Viale dell'Innovazione, Bicocca, Municipio 9, Milano, Lombardia, 20125, Italia",45.5148696,9.2135963
Mostre,13-12-20,2020-08-01,"Viale dell'Innovazione, 20, Milano, MI",Teatro degli Arcimboldi,Sospeso: Banksy e gli altri artisti di Street Art arrivano agli Arcimboldi. Orari e biglietti della mostra,https://www.milanotoday.it/eventi/mostra-banksy-arcimboldi-biglietti.html,Arte e cultura,"20, Viale dell'Innovazione, Bicocca, Municipio 9, Milano, Lombardia, 20125, Italia",45.5148696,9.2135963
Manifestazioni,31-08-20,2020-08-02,"Via Bergognone, 34, Milano, MI",Base Milano,"Base Milano, il programma di agosto all'insegna della musica",https://www.milanotoday.it/eventi/base-milano-programma-agosto-gratis.html,Altri eventi,"Wikimedia Italia, 34, Via Bergognone Da Fossano, Tortona, Municipio 6, Milano, Lombardia, 20144, Italia",45.4518657,9.1625146
Spettacoli,02-08-20,2020-08-02,"Via Rovello,2,20121, Milano, MI,Italia",Piccolo Teatro - Chiostro Nina Vinchi,Lella Costa - La vedova Socrate,https://www.teatro.it/spettacoli/milano/piccolo-teatro-chiostro-nina-vinchi/2019-2020/la-vedova-socrate,Teatro e spettacolo,"2, Via Rovello, Brera, Milano, Lombardia, 20121, Italia",45.4665188,9.1847651
Incontri,31-08-20,2020-08-02,"Via San Vittore, 21, Milano, MI",Museo Nazionale della Scienza e della Tecnologia,"Museo della Scienza, le visite guidate e digitali di agosto",https://www.milanotoday.it/eventi/museo-scienza-programma-agosto.html,Formazione e networking,"21, Via San Vittore, Magenta - San Vittore, Municipio 1, Milano, Lombardia, 20123, Italia",45.4628946,9.1706462
Mercatini,02-08-20,2020-08-02,"Via Luigi Nono, 9, Milano, MI",Tempio del Futuro Perduto,Remira market 2 agosto,https://www.milanotoday.it/eventi/remira-market-2-agosto-2020.html,Mercati e shopping,"9, Via Luigi Nono, Bullona, Porta Volta, Municipio 8 di Milano, Milano, Lombardia, 20154, Italia",45.4864027,9.1751051
Manifestazioni,09-08-20,2020-08-03,"Via Giuseppe Gabetti, 15, Milano, MI",Mare Culturale Urbano,"Mare Culturale Urbano, i nuovi appuntamenti della settimana di musica e teatro",https://www.milanotoday.it/eventi/mare-culturale-urbano-eventi.agosto-2020.html,Altri eventi,"Cascina Torrette di Trenno, 15, Via Giuseppe Gabetti, Quartiere Vercellese, Forze Armate, Municipio 7, Milano, Lombardia, 20147, Italia",45.4687457,9.1240256
Manifestazioni,15-08-20,2020-08-03,"Piazza Castello, Milano, MI",Castello Sforzesco,"Estate Sforzesca, il programma di agosto e uno speciale spettacolo gratis per Ferragosto",https://www.milanotoday.it/eventi/estate-sforzesca-programma-agosto-concerto-ferragosto.html,Altri eventi,"Piazza Castello, Cerchia dei Navigli, Municipio 1, Milano, Lombardia, Italia",45.4704699,9.1819129
Teatri,06-08-20,2020-08-04,"Via Rovello, 2, Milano, MI",Chiostro Nina Vinchi,"Enrico Bonavera porta in scena ""Alichin di Malebolge"" al Piccolo: orari e biglietti",https://www.milanotoday.it/eventi/spettacolo-alichin-malebolge-bonavera-piccolo-teatro.html,Teatro e spettacolo,"2, Via Rovello, Brera, Milano, Lombardia, 20121, Italia",45.4665188,9.1847651
Teatri,06-08-20,2020-08-04,"Via Carlo Botta, 18, Milano, MI",Bagni Misteriosi,"Bagni Misteriosi, arrivano le opere liriche gratuite: orari e programma",https://www.milanotoday.it/eventi/bagni-misteriosi-opere-liriche-gratis-programma.html,Teatro e spettacolo,"18, Via Carlo Botta, Porta Romana, Municipio 4, Milano, Lombardia, 20135, Italia",45.4537805,9.2050141
Incontri,06-08-20,2020-08-06,"Via Enrico Besana, 12, Milano, MI",MUBA,Al Muba uno speciale incontro per i bambini: come iscriversi,https://www.milanotoday.it/eventi/laboratorio-muba-per-bambini-come-iscriversi.html,Formazione e networking,"MUBA - Museo dei Bambini, 12, Via Enrico Besana, Guastalla, Municipio 1, Milano, Lombardia, 20122, Italia",45.4599507,9.2051279
Concerti,06-08-20,2020-08-06,"Piazza Castello, Milano, MI",Castello Sforzesco,"Estate Sforzesca, un concerto di anteprima di “Electroclassic Festival”. Orari e biglietti",https://www.milanotoday.it/eventi/estate-sforzesca-concerto-electroclassic-festival-biglietti.html,Musica e vita notturna,"Piazza Castello, Cerchia dei Navigli, Municipio 1, Milano, Lombardia, Italia",45.4704699,9.1819129
Cibo e Vino,24-09-20,2020-08-06,"Viale dell'Innovazione, 20, Milano, MI",Teatro degli Arcimboldi,"Arcimboldi, uno speciale aperitivo tra le opere di Banksy e Monet: orari e prezzi",https://www.milanotoday.it/eventi/aperitivo-mostra-banksy-monet-arcimboldi-quando.html,Enogastronomia,"20, Viale dell'Innovazione, Bicocca, Municipio 9, Milano, Lombardia, 20125, Italia",45.5148696,9.2135963
Spettacoli,06-08-20,2020-08-06,"Via Rovello,2,20121, Milano, MI,Italia",Piccolo Teatro - Chiostro Nina Vinchi,Alichin di Malebolge,https://www.teatro.it/spettacoli/milano/piccolo-teatro-chiostro-nina-vinchi/2019-2020/alichin-di-malebolge,Teatro e spettacolo,"2, Via Rovello, Brera, Milano, Lombardia, 20121, Italia",45.4665188,9.1847651
Concerti,07-08-20,2020-08-07,"Piazza Castello, Milano, MI",Castello Sforzesco,"Estate Sforzesca, uno speciale concerto rock di Milano Classica: orari e biglietti",https://www.milanotoday.it/eventi/estate-sforzesca-concerto-rock-milano-classica-biglietti.html,Musica e vita notturna,"Piazza Castello, Cerchia dei Navigli, Municipio 1, Milano, Lombardia, Italia",45.4704699,9.1819129
,07-08-20,2020-08-07,"Via Giuseppe Verdi, 11, Milano, MI",La Loggia,Inaugurazione del più grande locale d’italia in stile steampunk,https://www.milanotoday.it/eventi/inaugurazione-del-piu-grande-locale-d-italia-in-stile-steampunk-2020.html,Non classificato,"11, Via Giuseppe Verdi, Brera, Municipio 1, Milano, Lombardia, 20121, Italia",45.4688757,9.1882701
Cinema,08-08-20,2020-08-08,"Piazzale Lorenzo Lotto, 15, Milano, MI",Lido di Milano,"Lido Milano Live, uno speciale concerto dal vivo con ""Amore Pische"": orari e biglietti",https://www.milanotoday.it/eventi/lido-milano-concerto-amore-psiche-biglietti.html,Arte e cultura,"Piazzale Lorenzo Lotto, Qt 8, QT8, Municipio 8 di Milano, Milano, Lombardia, 20148, Italia",45.4804349,9.1421757
Concerti,08-08-20,2020-08-08,"Piazza Castello, Milano, MI",Castello Sforzesco,Davide Locatelli e le sue 88 sfumature di rock in concerto a Estate Sforzesca: orari e biglietti,https://www.milanotoday.it/eventi/concerto-davide-locatelli-castello-sforzesco-biglietti.html,Musica e vita notturna,"Piazza Castello, Cerchia dei Navigli, Municipio 1, Milano, Lombardia, Italia",45.4704699,9.1819129
Teatri,09-08-20,2020-08-09,"Piazza Castello, Milano, MI",Castello Sforzesco,"Estate Sforzesca, sul palco lo ""Zelig Show"" con i comici di Zelig: orari e biglietti",https://www.milanotoday.it/eventi/estate-sforzesca-spettacolo-zelig-biglietti.html,Teatro e spettacolo,"Piazza Castello, Cerchia dei Navigli, Municipio 1, Milano, Lombardia, Italia",45.4704699,9.1819129
Cinema,16-08-20,2020-08-10,"Via Riccardo Pitteri, 58, Milano, MI",Arena Milano Est,"Arena Milano Est, sei film cult imperdibili ad agosto: orari e biglietti",https://www.milanotoday.it/eventi/cinema-arena-milano-est-programma-agosto.html,Arte e cultura,"Via Riccardo Pitteri, Lambrate, Municipio 3, Milano, Lombardia, 20134, Italia",45.4805358,9.2454637
Manifestazioni,16-08-20,2020-08-10,"Via Valenza, 2, Milano, MI",Ride Milano,"Ride Milano, il programma di agosto tra mostre e musica dal vivo",https://www.milanotoday.it/eventi/ride-milano-programma-agosto-2020.html,Altri eventi,"Via Valenza, Navigli, Municipio 6, Milano, Lombardia, 20144, Italia",45.4514071,9.1691656
Manifestazioni,16-08-20,2020-08-10,"Via Bovisasca, 59, Milano, MI",Spirit de Milan,"Spirit de Milan, il programma di Ferragosto tra spettacoli e concerti",https://www.milanotoday.it/eventi/spirit-de-milan-programma-ferragosto-2020.html,Altri eventi,"Spirit de Milan, 59, Via Bovisasca, Bovisa, Municipio 9, Milano, Lombardia, 20157, Italia",45.5067143,9.1584748
Incontri,12-08-20,2020-08-12,"Piazzale Luigi Cadorna, 9, Milano, MI",Libreria Il Domani,Milano legge anche in agosto,https://www.milanotoday.it/eventi/milano-legge-anche-in-agosto-2020.html,Formazione e networking,"Panificio silini, 9, Piazzale Luigi Cadorna, Magenta - San Vittore, Municipio 1, Milano, Lombardia, 20123, Italia",45.4676381,9.1765622
Concerti,12-08-20,2020-08-12,"Piazza Castello, Milano, MI",Castello Sforzesco,"Folco Orselli, un nuovo concerto blues al Castello Sforzesco. Orari e biglietti",https://www.milanotoday.it/eventi/concerto-folco-orselli-castello-sforzesco-biglietti.html,Musica e vita notturna,"Piazza Castello, Cerchia dei Navigli, Municipio 1, Milano, Lombardia, Italia",45.4704699,9.1819129
Teatri,13-08-20,2020-08-13,"Piazza Castello, Milano, MI",Castello Sforzesco,"Milano, un nuovo spettacolo della compagnia teatrale del carcere San Vittore: orari e biglietti",https://www.milanotoday.it/eventi/spettacolo-castello-sforzesco-compagnia-san-vittore-biglietti.html,Teatro e spettacolo,"Piazza Castello, Cerchia dei Navigli, Municipio 1, Milano, Lombardia, Italia",45.4704699,9.1819129
Manifestazioni,23-08-20,2020-08-13,"Corso Vittorio Emanuele II, Milano, MI","Villa Bagatti Valsecchi, Varedo",Festa dei Microbirrifici a Villa Bagatti: ingresso gratis e birra artigianale,https://www.milanotoday.it/eventi/festa-microbirrifici-villa-bagatti-gratis.html,Altri eventi,"Corso Vittorio Emanuele Secondo, Duomo, Municipio 1, Milano, Lombardia, 20122, Italia",45.464759,9.1930823
Concerti,20-08-20,2020-08-18,"Via Rovello, 2, Milano, MI",Chiostro Nina Vinchi,"Piccolo Teatro, tre concerti jazz di Enrico Intra. Orari e biglietti",https://www.milanotoday.it/eventi/concerto-enrico-intra-piccolo-teatro-biglietti.html,Musica e vita notturna,"2, Via Rovello, Brera, Milano, Lombardia, 20121, Italia",45.4665188,9.1847651
Teatri,10-09-20,2020-08-20,"Via Riccardo Pitteri, 58, Milano, MI",Arena Milano Est,Risate e riflessioni: i nuovi monologhi ad Arena Milano Est a prezzi scontati,https://www.milanotoday.it/eventi/teatro/arena-milano-est-biglietti-scontati-2020.html,Teatro e spettacolo,"Via Riccardo Pitteri, Lambrate, Municipio 3, Milano, Lombardia, 20134, Italia",45.4805358,9.2454637
Spettacoli,20-08-20,2020-08-20,"Piazza Castello,20121, Milano, MI,Italia",Castello Sforzesco,Arturo racconta Brachetti,https://www.teatro.it/spettacoli/milano/castello-sforzesco/2019-2020/arturo-racconta-brachetti,Teatro e spettacolo,"Piazza Castello, Cerchia dei Navigli, Municipio 1, Milano, Lombardia, 20121, Italia",45.4710309,9.1814326
Mostre,22-09-20,2020-08-23,"Corso Magenta, 2, Milano, MI",Gaggenau DesignElementi Hub,"Una mostra sui ""Cieli Impossibili"" in arrivo a Milano. Orari e biglietti",https://www.milanotoday.it/eventi/mostra-cieli-impossibili-milano-orari-biglietti.html,Arte e cultura,"BOGGI Milano, 2, Corso Magenta, Cerchia dei Navigli, Municipio 1, Milano, Lombardia, 20123, Italia",45.4657922,9.1798
Manifestazioni,30-08-20,2020-08-24,"Via Giuseppe Gabetti, 15, Milano, MI",Mare Culturale Urbano,"Mare Culturale Urbano, il programma di fine agosto tra concerti e spettacoli",https://www.milanotoday.it/eventi/mare-urbano-programma-fine-agosto.html,Altri eventi,"Cascina Torrette di Trenno, 15, Via Giuseppe Gabetti, Quartiere Vercellese, Forze Armate, Municipio 7, Milano, Lombardia, 20147, Italia",45.4687457,9.1240256
Manifestazioni,02-09-20,2020-08-24,"Via Valenza, 2, Milano, MI",Ride Milano,"Ride Milano, il calendario di fine agosto tra concerti e dj set",https://www.milanotoday.it/eventi/ride-milano-programma-fine-agosto.html,Altri eventi,"Via Valenza, Navigli, Municipio 6, Milano, Lombardia, 20144, Italia",45.4514071,9.1691656
Mercatini,11-10-20,2020-08-24,"Via Valenza, 2, Milano, MI",Ride Milano,"Da Ride Milano torna il Wunder Mrkt, il mercatino sui Navigli. Ingresso gratis",https://www.milanotoday.it/eventi/ride-milano-mercatino-navigli-gratis.html,Mercati e shopping,"Via Valenza, Navigli, Municipio 6, Milano, Lombardia, 20144, Italia",45.4514071,9.1691656
,30-08-20,2020-08-25,"Piazza Castello, Milano, MI",Castello Sforzesco,"Estate Sforzesca, il programma di fine agosto tra concerti e spettacoli. Orari e biglietti",https://www.milanotoday.it/eventi/estate-sforzesca-programma-fine-agosto.html,Non classificato,"Piazza Castello, Cerchia dei Navigli, Municipio 1, Milano, Lombardia, Italia",45.4704699,9.1819129
Cinema,30-08-20,2020-08-25,"Via Riccardo Pitteri, 58, Milano, MI",Arena Milano Est,"Arena Milano Est: film di Ozpetek, concerti e spettacoli di cabaret per tutta la settimana",https://www.milanotoday.it/eventi/arena-milano-est-concerti-cabaret-programma.html,Arte e cultura,"Via Riccardo Pitteri, Lambrate, Municipio 3, Milano, Lombardia, 20134, Italia",45.4805358,9.2454637
Manifestazioni,26-08-20,2020-08-26,"Piazza della Scala, Milano, MI",,"Amnesty International, un flash mob per Patrick Zaki",https://www.milanotoday.it/eventi/amnesty-international-flash-mob-patrick-zaki.html,Altri eventi,"Piazza della Scala, Duomo, Municipio 1, Milano, Lombardia, 20121, Italia",45.4672839,9.1901494
Spettacoli,27-08-20,2020-08-27,"Via Rovello,2,20121, Milano, MI,Italia",Piccolo Teatro - Chiostro Nina Vinchi,Marco Paolini - Teatro fra parentesi,https://www.teatro.it/spettacoli/milano/piccolo-teatro-chiostro-nina-vinchi/2019-2020/teatro-fra-parentesi,Teatro e spettacolo,"2, Via Rovello, Brera, Milano, Lombardia, 20121, Italia",45.4665188,9.1847651
Spettacoli,27-08-20,2020-08-27,"Via Riccardo Pitteri,60,20134, Milano, MI,Italia",Arena Milano Est,Barbara Foria - EuForia!,https://www.teatro.it/spettacoli/milano/area-milano-est/2019-2020/barbara-foria-euforia,Teatro e spettacolo,"Via Riccardo Pitteri, Lambrate, Municipio 3, Milano, Lombardia, 20134, Italia",45.4796903,9.2454355
Concerti,27-08-20,2020-08-27,"Via Circonvallazione, 29, Milano, MI",Idroscalo,Un concerto emozionante di Francesca Michielin in arrivo all'Idroscalo: orari e biglietti,https://www.milanotoday.it/eventi/concerto-francesca-michielin-idroscalo-agosto-2020-biglietti.html,Musica e vita notturna,"29, Via Circonvallazione, Quartiere Marchesina, Isola Rosa, Trezzano sul Naviglio, Milano, Lombardia, 20090, Italia",45.4178211,9.0726162
Incontri,12-09-20,2020-08-29,"Via Gaetano de Castillia, Milano, MI",BAM Biblioteca degli Alberi,"Biblioteca degli Alberi, tre incontri gratis sulla musica per i bambini. Orari e date",https://www.milanotoday.it/eventi/biblioteca-degli-alberi-bam-incontri-gratis-bambini-quando.html,Formazione e networking,"Via Gaetano De Castillia, Isola, Municipio 9, Milano, Lombardia, 20100, Italia",45.4858553,9.1928992
Spettacoli,30-08-20,2020-08-30,"Via Carlo Botta,18,20135, Milano, MI,Italia",Franco Parenti - Bagni Misteriosi,Don Giovanni,https://www.teatro.it/spettacoli/milano/franco-parenti-bagni-misteriosi/2019-2020/don-giovanni,Teatro e spettacolo,"18, Via Carlo Botta, Porta Romana, Municipio 4, Milano, Lombardia, 20135, Italia",45.4537805,9.2050141
Spettacoli,30-08-20,2020-08-30,"Via Riccardo Pitteri,60,20134, Milano, MI,Italia",Arena Milano Est,Cantautrici,https://www.teatro.it/spettacoli/milano/arena-milano-est/2019-2020/cantautrici,Teatro e spettacolo,"Via Riccardo Pitteri, Lambrate, Municipio 3, Milano, Lombardia, 20134, Italia",45.4796903,9.2454355
Concerti,30-08-20,2020-08-30,"Piazzale Lorenzo Lotto, 15, Milano, MI",Lido Milano,"Lido Milano, un concerto di musica classica per chiudere la stagione estiva",https://www.milanotoday.it/eventi/lido-milano-concerto-musica-classica-biglietti.html,Musica e vita notturna,"Piazzale Lorenzo Lotto, Qt 8, QT8, Municipio 8 di Milano, Milano, Lombardia, 20148, Italia",45.4804349,9.1421757
Teatri,30-08-20,2020-08-30,"Via Pier Lombardo, 14, Milano, MI",Teatro Franco Parenti,Il Don Giovanni di Michela Murgia in scena al Franco Parenti: orari e biglietti,https://www.milanotoday.it/eventi/spettacolo-don-giovanni-michela-murgia-franco-parenti.html,Teatro e spettacolo,"Via Pier Lombardo, Porta Romana, Municipio 4, Milano, Lombardia, 20135, Italia",45.4542958,9.2063109
Cinema,10-09-20,2020-08-30,"Viale Fulvio Testi, 121, Milano, MI",Fondazione Cineteca,"#Ceneri2020, il fascino del treno al cinema. Orari e biglietti",https://www.milanotoday.it/eventi/film-cineteca-treno-orari-biglietti.html,Arte e cultura,"Fondazione Cineteca Italiana, 121, Viale Fulvio Testi, Niguarda - Cà Granda, Municipio 9, Milano, Lombardia, 20126, Italia",45.5133792,9.2039096
Concerti,30-08-20,2020-08-30,"Via Riccardo Pitteri, 60, Milano, MI",Arena Milano Est,Cantautrici in concerto domenica 30 agosto all’Arena milano est (mi),https://www.milanotoday.it/eventi/cantautrici-in-concerto-domenica-30-agosto-2020.html,Musica e vita notturna,"Via Riccardo Pitteri, Lambrate, Municipio 3, Milano, Lombardia, 20134, Italia",45.4805358,9.2454637
Manifestazioni,30-08-20,2020-08-30,"Via Giulio Cesare Procaccini, 4, Milano, MI",Fabbrica del Vapore,"Fabbrica del Vapore, un concerto di musica immersiva. Ingresso gratis",https://www.milanotoday.it/eventi/fabbrica-del-vapore-concerto-musica-acusmatica.html,Altri eventi,"4, Via Giulio Cesare Procaccini, Bullona, Porta Volta, Municipio 8 di Milano, Milano, Lombardia, 20154, Italia",45.4839945,9.1753796
Spettacoli,31-08-20,2020-08-31,"Via Carlo Botta,18,20135, Milano, MI,Italia",Franco Parenti - Bagni Misteriosi,"Stasera si può entrare, fuori 2",https://www.teatro.it/spettacoli/milano/franco-parenti-bagni-misteriosi/2019-2020/stasera-si-puo-entrare-fuori-2,Teatro e spettacolo,"18, Via Carlo Botta, Porta Romana, Municipio 4, Milano, Lombardia, 20135, Italia",45.4537805,9.2050141
Incontri,31-08-20,2020-08-31,"Corso Vittorio Emanuele II, 12, Milano, MI",Libreria Bocca,La giornata della lingua romena a milano presso la libreria Bocca,https://www.milanotoday.it/eventi/la-giornata-della-lingua-romena-a-milano-presso-la-libreria-bocca-2020.html,Formazione e networking,"Corso Vittorio Emanuele Secondo, Duomo, Municipio 1, Milano, Lombardia, 20122, Italia",45.464759,9.1930823
Incontri,14-09-20,2020-09-01,"Via Andrea Maria Ampère, 27, Milano, MI",Spazio Arte Tolomeo,"""Dreamars"" mostra d’arte collettiva",https://www.milanotoday.it/eventi/dreamars-mostra-d-arte-collettiva-2020.html,Formazione e networking,"27, Via Andrea Maria Ampère, Città Studi, Municipio 3, Milano, Lombardia, 20131, Italia",45.4816019,9.2263908
Manifestazioni,06-09-20,2020-09-01,"Via Bergognone, 34, Milano, MI",Base Milano,"Base Milano, il programma estivo di inizio settembre (con ingresso gratis)",https://www.milanotoday.it/eventi/base-milano-programma-settembre-2020-gratis.html,Altri eventi,"Wikimedia Italia, 34, Via Bergognone Da Fossano, Tortona, Municipio 6, Milano, Lombardia, 20144, Italia",45.4518657,9.1625146
Disco&Feste,02-09-20,2020-09-02,"Via Bovisasca, 59, Milano, MI",Spirit de Milan,"Spirit de Milan, le ragazze cantano David Bowie. Ingresso gratis",https://www.milanotoday.it/eventi/spirit-de-milan-concerto-david-bowie-gratis.html,Musica e vita notturna,"Spirit de Milan, 59, Via Bovisasca, Bovisa, Municipio 9, Milano, Lombardia, 20157, Italia",45.5067143,9.1584748
Inaugurazioni,04-09-20,2020-09-02,"Via Monviso, 9, Milano, MI","Fiabe di Gelato, Monviso","C’è una nuova idea di gelateria in città, vieni a scoprirla il 2 settembre: gelato gratis ti aspetta in via Monviso 9",https://www.milanotoday.it/eventi/milano-gelateria-monviso-fiabe-gelato.html,Inaugurazioni,"9, Via Monviso, Sarpi, Bullona, Municipio 8 di Milano, Milano, Lombardia, 20154, Italia",45.4841957,9.1675061
Cinema,02-09-20,2020-09-02,"Piazza Francesco Carrara, 17, Milano, MI",Centro Asteria,Anteprima film lacci | Proiezione in contemporanea con il festival di Venezia,https://www.milanotoday.it/eventi/anteprima-film-lacci-proiezione-in-contemporanea-2020.html,Arte e cultura,"17, Piazza Francesco Carrara, Stadera, Municipio 5, Milano, Lombardia, 20136, Italia",45.4369245,9.1761088
Mostre,19-12-20,2020-09-02,"Via Luisa Sanfelice, 3, Milano, MI",La Casa di Vetro,"A Milano riapre la mostra ""La Guerra Totale"" per il 75° dalla fine del Secondo Conflitto Mondiale",https://www.milanotoday.it/eventi/mostra-guerra-mondiale-casa-di-vetro.html,Arte e cultura,"Via Luisa Sanfelice, Umbria - Molise, Municipio 4, Milano, Lombardia, 20137, Italia",45.4567284,9.2226741
Incontri,03-09-20,2020-09-03,"Via Mozart, Milano, MI",Villa Necchi Campiglio,"Villa Necchi Campiglio, uno speciale aperitivo con il FAI. Orari e biglietti",https://www.milanotoday.it/eventi/villa-necchi-campiglio-aperitivo-fai.html,Formazione e networking,"Via Wolfang Amedeus Mozart, Serviane, Calderara, Paderno Dugnano, Zona Omogenea Milano Nord, Milano, Lombardia, 20037, Italia",45.5694836,9.1831039
Spettacoli,03-09-20,2020-09-03,"Via Riccardo Pitteri,60,20134, Milano, MI,Italia",Arena Milano Est,Eva. Diario di una costola,https://www.teatro.it/spettacoli/milano/area-milano-est/2020-2021/eva-diario-di-una-costola,Teatro e spettacolo,"Via Riccardo Pitteri, Lambrate, Municipio 3, Milano, Lombardia, 20134, Italia",45.4796903,9.2454355
Mostre,15-09-20,2020-09-03,"Corso di Porta Ticinese, 69, Milano, MI",Spazio Raw,Fase gardaland - Mostra con foto di Giulia Mozzini,https://www.milanotoday.it/eventi/fase-gardaland-mostra-con-foto-di-giulia-mozzini.html,Arte e cultura,"69, Corso di Porta Ticinese, Ticinese, Municipio 1, Milano, Lombardia, 20123, Italia",45.4566187,9.1808704
Cinema,03-09-20,2020-09-03,"Via Milazzo, 9, Milano, MI",Chiostro Santa Maria Incoronata,"Star Trek, a Milano una proiezione speciale tra extraterrestri e pianeti",https://www.milanotoday.it/eventi/film-star-trek-arianteo-quando.html,Arte e cultura,"Scuola Maria Montessori, 9, Via Milazzo, Brera, Municipio 1, Milano, Lombardia, 20121, Italia",45.479449,9.1875565
Spettacoli,03-09-20,2020-09-03,"Via Carlo Botta,18,20135, Milano, MI,Italia",Franco Parenti - Bagni Misteriosi,"Stasera si può entrare, fuori 2",https://www.teatro.it/spettacoli/milano/franco-parenti-bagni-misteriosi/2020-2021/stasera-si-puo-entrare-fuori-2,Teatro e spettacolo,"18, Via Carlo Botta, Porta Romana, Municipio 4, Milano, Lombardia, 20135, Italia",45.4537805,9.2050141
Concerti,03-09-20,2020-09-03,"Piazza Castello, Milano, MI","Castello Sforzesco, Cortile delle Armi","Estate Sforzesca, un mega concerto gratis con Saturnino, Andy dei Bluvertigo e tanti altri",https://www.milanotoday.it/eventi/estate-sforzesca-concerto-gratis-saturnino-quando.html,Musica e vita notturna,"Piazza Castello, Cerchia dei Navigli, Municipio 1, Milano, Lombardia, Italia",45.4704699,9.1819129
Concerti,12-09-20,2020-09-04,"Via Pietro Borsieri, Milano, MI",Blue Note,Il Blue Note riparte da settembre: il programma dei concerti,https://www.milanotoday.it/eventi/blue-note-programma-concerti-settembre.html,Musica e vita notturna,"Via Pietro Borsieri, Isola, Municipio 9, Milano, Lombardia, 20159, Italia",45.4884884,9.1889432
Incontri,18-09-20,2020-09-04,"Via Carlo Tenca, 11, Milano, MI",Galleria Cael,Sparkle,https://www.milanotoday.it/eventi/sparkle-2020.html,Formazione e networking,"11, Via Carlo Tenca, Centrale, Municipio 2, Milano, Lombardia, 20124, Italia",45.4806693,9.2017813
Incontri,30-09-20,2020-09-04,"Via Giuseppe Verdi, 9, Milano, MI",Vizzolo al futuro,Teoman ergun: colori che viaggiano,https://www.milanotoday.it/eventi/teoman-ergun-colori-che-viaggiano-teoman-ergun-2020.html,Formazione e networking,"9, Via Giuseppe Verdi, Brera, Municipio 1, Milano, Lombardia, 20121, Italia",45.4687575,9.1883373
Concerti,04-09-20,2020-09-04,"Via San Giovanni sul Muro, 2, Milano, MI",Teatro Dal Verme,Syntax ensemble - Primo concerto della seconda stagione,https://www.milanotoday.it/eventi/syntax-ensemble-primo-concerto-2020.html,Musica e vita notturna,"2, Via San Giovanni sul Muro, Cerchia dei Navigli, Municipio 1, Milano, Lombardia, 20121, Italia",45.4671162,9.1814924
Spettacoli,04-09-20,2020-09-04,"Via Rovello,2,20121, Milano, MI,Italia",Piccolo Teatro - Chiostro Nina Vinchi,"Frankenstein, il racconto del mostro",https://www.teatro.it/spettacoli/milano/piccolo-teatro-chiostro-nina-vinchi/2020-2021/frankenstein-il-racconto-del-mostro,Teatro e spettacolo,"2, Via Rovello, Brera, Milano, Lombardia, 20121, Italia",45.4665188,9.1847651
,18-09-20,2020-09-04,"Via Carlo Tenca, 11, Milano, MI",Galleria Cael,Sparkle - Esposizione d'arte,https://www.milanotoday.it/eventi/sparkle-esposizione-d-arte-avvassena-2020.html,Non classificato,"11, Via Carlo Tenca, Centrale, Municipio 2, Milano, Lombardia, 20124, Italia",45.4806693,9.2017813
Incontri,06-09-20,2020-09-05,"Via Monluè, 70, Milano, MI",Cascina Monluè,Piste teatrali,https://www.milanotoday.it/eventi/piste-teatrali-2020.html,Formazione e networking,"70, Via Monluè, Parco Monluè - Ponte Lambro, Municipio 4, Milano, Lombardia, 21771, Italia",45.4573713,9.2542191
Manifestazioni,06-09-20,2020-09-05,"Via Valenza, Milano, MI",Ride Milano,"Ride Milano, il programma del week-end",https://www.milanotoday.it/eventi/ride-milano-programma-week-end.html,Altri eventi,"Via Valenza, Navigli, Municipio 6, Milano, Lombardia, 20144, Italia",45.4514071,9.1691656
,05-09-20,2020-09-05,"Via Fabio Massimo, 19, Milano, MI",Centro internazionale di Quartiere,Una mostra interattiva su Cuba apre la nuova stagione di attività del Ciq a Milano scritto il 1° settembre,https://www.milanotoday.it/eventi/mostra-interattiva-su-cuba.html,Non classificato,"19, Via Fabio Massimo, Lodi - Corvetto, Municipio 4, Milano, Lombardia, 20139, Italia",45.4349742,9.2277681
Concerti,06-09-20,2020-09-06,"Via Riccardo Pitteri, 60, Milano, MI",Arena Milano Est,"Arena Milano Est, un concerto rock con i Backseat Boogie. Orari e biglietti",https://www.milanotoday.it/eventi/arena-milano-est-concerto-backseat-boogie-biglietti.html,Musica e vita notturna,"Via Riccardo Pitteri, Lambrate, Municipio 3, Milano, Lombardia, 20134, Italia",45.4805358,9.2454637
Incontri,06-09-20,2020-09-06,"Via Riccardo Pitteri, 60, Milano, MI",Arena Milano Est,La festa della musica,https://www.milanotoday.it/eventi/la-festa-della-musica-ricordi-music-school-2020.html,Formazione e networking,"Via Riccardo Pitteri, Lambrate, Municipio 3, Milano, Lombardia, 20134, Italia",45.4805358,9.2454637
Incontri,06-09-20,2020-09-06,"Via Carlo Botta, 18, Milano, MI",Bagni Misteriosi,Giornata europea della cultura ebraica 2020: “percorsi ebraici”. Il programma di Milano,https://www.milanotoday.it/eventi/giornata-europea-della-cultura-ebraica-2020.html,Formazione e networking,"18, Via Carlo Botta, Porta Romana, Municipio 4, Milano, Lombardia, 20135, Italia",45.4537805,9.2050141
Manifestazioni,13-09-20,2020-09-07,"Piazza Castello, Milano, MI",Castello Sforzesco,"Estate Sforzesca, il programma dei concerti fino al 13 settembre",https://www.milanotoday.it/eventi/estate-sforzesca-programma-settembre.html,Altri eventi,"Piazza Castello, Cerchia dei Navigli, Municipio 1, Milano, Lombardia, Italia",45.4704699,9.1819129
Mostre,22-12-20,2020-09-08,"Via Comelico, 40, Milano, MI",Dep Art Gallery,Turi simeti. Opere 1960 - 2020,https://www.milanotoday.it/eventi/turi-simeti-opere-1960-2020-turi-simeti-2020.html,Arte e cultura,"Via Comelico, XXII Marzo, Municipio 4, Milano, Lombardia, 20135, Italia",45.4542938,9.2144305
Mostre,31-07-21,2020-09-08,"Piazza del Duomo, 8, Milano, MI",Museo del Novecento,Al Museo del Novecento le grandi opere di Loris Cecchini,https://www.milanotoday.it/eventi/mostra-invito-2020-museo-novecento-loris-cecchini.html,Arte e cultura,"8, Piazza del Duomo, Duomo, Municipio 1, Milano, Lombardia, 20123, Italia",45.4632949,9.1904599
Incontri,08-09-20,2020-09-08,"Viale Andrea Doria, 20, Milano, MI",Erratum,The audience of the end,https://www.milanotoday.it/eventi/the-audience-of-the-end-sergio-armaroli-2020.html,Formazione e networking,"20, Viale Andrea Doria, Buenos Aires - Venezia, Municipio 3, Milano, Lombardia, 20124, Italia",45.4853749,9.2113969
Sport,29-09-20,2020-09-08,"Via Palestro, 14, Milano, MI",Giardini Pubblici Indro Montanelli,"Milano, allenamenti gratuiti ai Giardini Indro Montanelli: come registrarsi",https://www.milanotoday.it/eventi/allenamenti-gratis-north-face-giardini-montanelli.html,Sport e attività fisica,"14, Via Palestro, Guastalla, Municipio 1, Milano, Lombardia, 20121, Italia",45.4729115,9.1995282
Mostre,31-07-21,2020-09-08,"Piazza del Duomo, 8, Milano, MI",Museo del Novecento,Al Museo del Novecento le grandi opere di Loris Cecchini,https://www.milanotoday.it/eventi/mostra-invito-2020-museo-novecento-loris-cecchini.html,Arte e cultura,"8, Piazza del Duomo, Duomo, Municipio 1, Milano, Lombardia, 20123, Italia",45.4632949,9.1904599
Mostre,18-09-20,2020-09-08,"Via San Vittore, Milano, MI",Museo Nazionale della Scienza e della Tecnologia,Al Museo della Scienza una mostra fotografica dedicata alla città di Milano. Si entra gratis,https://www.milanotoday.it/eventi/mostra-fotografica-museo-scienza-gratis.html,Arte e cultura,"Via San Vittore, Magenta - San Vittore, Municipio 1, Milano, Lombardia, 20144, Italia",45.4644719,9.1666084
Manifestazioni,12-09-20,2020-09-08,"Via Palestro, 14, Milano, MI",PAC - Padiglione d'Arte Contemporanea di Milano,"Pac Milano, tre serate in occasione della Milano Art Week",https://www.milanotoday.it/eventi/pac-milano-serate-art-week.html,Altri eventi,"14, Via Palestro, Guastalla, Municipio 1, Milano, Lombardia, 20121, Italia",45.4729115,9.1995282
Mostre,22-08-21,2020-09-09,"Piazza del Duomo, 8, Milano, MI",Museo del Novecento,"Al Museo del Novecento ""L'immagine sottratta"" di Franco Guerzoni",https://www.milanotoday.it/eventi/mostra-guerzoni-museo-novecento-biglietti.html,Arte e cultura,"8, Piazza del Duomo, Duomo, Municipio 1, Milano, Lombardia, 20123, Italia",45.4632949,9.1904599
Spettacoli,09-09-20,2020-09-09,"Via Carlo Botta,18,20135, Milano, MI,Italia",Franco Parenti - Bagni Misteriosi,Fuggi la terra e le onde - Lino Guanciale,https://www.teatro.it/spettacoli/milano/franco-parenti-bagni-misteriosi/2020-2021/fuggi-la-terra-e-le-onde,Teatro e spettacolo,"18, Via Carlo Botta, Porta Romana, Municipio 4, Milano, Lombardia, 20135, Italia",45.4537805,9.2050141
Incontri,15-09-20,2020-09-09,"Via Paolo Sarpi, Milano, MI",Giardini Comunitari Lea Garofalo,Il 9 settembre la prima proiezione del documentario partecipativo #Segnalidisarpi,https://www.milanotoday.it/eventi/il-9-settembre-la-prima-proiezione-del-documentario-2020.html,Formazione e networking,"Via Paolo Sarpi, Sarpi, Porta Volta, Municipio 8 di Milano, Milano, Lombardia, 20154, Italia",45.4816918,9.1796056
Mostre,22-08-21,2020-09-09,"Piazza del Duomo, 8, Milano, MI",Museo del Novecento,"Al Museo del Novecento ""L'immagine sottratta"" di Franco Guerzoni",https://www.milanotoday.it/eventi/mostra-guerzoni-museo-novecento-biglietti.html,Arte e cultura,"8, Piazza del Duomo, Duomo, Municipio 1, Milano, Lombardia, 20123, Italia",45.4632949,9.1904599
Mostre,11-10-20,2020-09-09,"Piazza del Duomo, Milano, MI",Palazzo Reale,"""Out of the Blue"": a Palazzo Reale una mostra di Alcantara dedicata alla calligrafia cinese",https://www.milanotoday.it/eventi/out-of-the-blue-mostra-palazzo-reale-calligrafia-cinese.html,Arte e cultura,"Piazza del Duomo, Duomo, Municipio 1, Milano, Lombardia, Italia",45.4639102,9.1906398
Incontri,03-10-20,2020-09-09,"Via Privata Passo Pordoi, 7, Milano, MI",Hub/Art,A proper distance,https://www.milanotoday.it/eventi/a-proper-distance-collettiva-2020.html,Formazione e networking,"Via Passo Pordoi, Scalo Romana, Municipio 5, Milano, Lombardia, 20139, Italia",45.4364043,9.2092881
Teatri,20-09-20,2020-09-10,"Via Riccardo Pitteri, 60, Milano, MI",Arena Milano Est,All'Arena di Milano il divertimento continua: tutti gli spettacoli e concerti a prezzi scontati grazie a ShopToday,https://www.milanotoday.it/eventi/biglietti-scontati-arena-milano-est.html,Teatro e spettacolo,"Via Riccardo Pitteri, Lambrate, Municipio 3, Milano, Lombardia, 20134, Italia",45.4805358,9.2454637
Concerti,10-09-20,2020-09-10,"Via Circonvallazione Idroscalo, Milano, MI",Idroscalo,Marco Castello in concerto all'Idroscalo. Orari e biglietti,https://www.milanotoday.it/eventi/marco-castello-concerto-idroscalo-biglietti.html,Musica e vita notturna,"Via Circonvallazione Idroscalo, Novegro, Segrate, Milano, Lombardia, 20054, Italia",45.465095,9.2830627
Mostre,21-09-20,2020-09-10,"Corso Venezia, 7, Milano, MI",Il Salotto di Milano,Giovanni Marinelli: le città. reloaded,https://www.milanotoday.it/eventi/giovanni-marinelli-le-citta-reloaded-giovanni-marinelli-2020.html,Arte e cultura,"Philipp Plein, 7, Corso Venezia, Duomo, Municipio 1, Milano, Lombardia, 20121, Italia",45.4678538,9.1982252
Manifestazioni,12-09-20,2020-09-10,"Via Valenza, 2, Milano, MI",Ride Milano,"Propaganda Summit, a Milano il festival della cultura underground",https://www.milanotoday.it/eventi/propaganda-summit-festival-cultura-underground.html,Altri eventi,"Via Valenza, Navigli, Municipio 6, Milano, Lombardia, 20144, Italia",45.4514071,9.1691656
Mostre,01-10-20,2020-09-10,"Corso di Porta Vigentina, 26, Milano, MI",Galleria Francesco Zanuso,"“Icaro delle cadute”, a Milano la mostra (gratis) dedicata al viaggio di Icaro",https://www.milanotoday.it/eventi/mostra-gratis-icaro-galleria-zanuso.html,Arte e cultura,"26, Corso di Porta Vigentina, Vigentina, Municipio 1, Milano, Lombardia, 20122, Italia",45.4541218,9.1958744
Spettacoli,10-09-20,2020-09-10,"Via Riccardo Pitteri,60,20134, Milano, MI,Italia",Arena Milano Est,Ne vedrete delle belle... per dire!,https://www.teatro.it/spettacoli/milano/arena-milano-est/2020-2021/ne-vedrete-delle-belle-per-dire,Teatro e spettacolo,"Via Riccardo Pitteri, Lambrate, Municipio 3, Milano, Lombardia, 20134, Italia",45.4796903,9.2454355
Inaugurazioni,30-09-20,2020-09-11,"Via San Vittore, 21, Milano, MI",Museo Nazionale della Scienza e della Tecnologia,Il Museo Nazionale della Scienza riapre tutti i giorni: orari e biglietti,https://www.milanotoday.it/eventi/museo-nazionale-scienza-quando-riapre-settembre.html,Inaugurazioni,"21, Via San Vittore, Magenta - San Vittore, Municipio 1, Milano, Lombardia, 20123, Italia",45.4628946,9.1706462
Concerti,11-09-20,2020-09-11,"Via Casoria, 50, Milano, MI",Il Vagone,Milano cantautori - live,https://www.milanotoday.it/eventi/milano-cantautori-live-2020.html,Musica e vita notturna,"Insalata matta (Cascina Biblioteca), 50, Via Casoria, Parco Lambro - Cimiano, Municipio 3, Milano, Lombardia, 20134, Italia",45.498288,9.2584481
Incontri,11-09-20,2020-09-11,"Via Bressanone, 8, Milano, MI",Clèr,Marco betti trio live,https://www.milanotoday.it/eventi/marco-betti-trio-live-marco-betti-trio-2020.html,Formazione e networking,"Via Bressanone, Maggiore - Musocco, Garegnano, Municipio 8 di Milano, Milano, Lombardia, 20156, Italia",45.4985313,9.1292174
Mostre,20-10-20,2020-09-11,"Via Aurelio Saffi, 9, Milano, MI",Pananti Atelier,Secondo natura by Ferruccio Ascari,https://www.milanotoday.it/eventi/secondo-natura-by-ferruccio-ascari-ferruccio-2020.html,Arte e cultura,"9, Via Aurelio Saffi, Magenta - San Vittore, Municipio 1, Milano, Lombardia, 20123, Italia",45.4686971,9.1712268
,13-09-20,2020-09-11,"Via Bartolomeo D'Alviano, 53, Milano, MI",JAM MUSIC ACADEMY,Jam music academy: open days & open jam session,https://www.milanotoday.it/eventi/jam-music-academy-open-days.html,Non classificato,"Via Bartolomeo d'Alviano, Bande Nere, Municipio 6, Milano, Lombardia, 20146, Italia",45.4573075,9.1393548
Spettacoli,11-09-20,2020-09-11,"Via Rovello 2,20121, Milano, MI,Italia",Piccolo Teatro - Teatro Grassi,Stranieri,https://www.teatro.it/spettacoli/milano/piccolo-teatro-teatro-grassi/2020-2021/stranieri,Teatro e spettacolo,"2, Via Rovello, Brera, Milano, Lombardia, 20121, Italia",45.4665188,9.1847651
Incontri,13-09-20,2020-09-12,"Piazza Castello, Milano, MI",Castello Sforzesco,Al Castello Sforzesco arriva il festival del disegno per tutti i bambini. Ingresso gratis,https://www.milanotoday.it/eventi/castello-sforzesco-festival-disegno-ingresso-gratis.html,Formazione e networking,"Piazza Castello, Cerchia dei Navigli, Municipio 1, Milano, Lombardia, Italia",45.4704699,9.1819129
Concerti,17-09-20,2020-09-12,"Via Filodrammatici, 2, Milano, MI",Teatro la Scala,"Teatro alla Scala, nuovi concerti con il Maestro Chailly",https://www.milanotoday.it/eventi/concerti-teatro-scala-biglietti.html,Musica e vita notturna,"2, Via Filodrammatici, Brera, Milano, Lombardia, 20121, Italia",45.4676198,9.1884287
Mostre,01-08-21,2020-09-12,"Viale Campania, 12, Milano, MI",Wow Spazio Fumetto,"Spider-Man, Hulk e Captain America: a Milano arriva la mostra dei supereroi Marvel",https://www.milanotoday.it/eventi/mostra-marvel-spazio-fumetto.html,Arte e cultura,"12, Viale Campania, Corsica, Municipio 4, Milano, Lombardia, 20133, Italia",45.4634024,9.2242161
Mostre,23-09-20,2020-09-12,"Via Giuseppe dall'Occo, 1, Milano, MI",Galleria Click Art,L'arte contemporanea alla ricerca di un nuovo linguaggio,https://www.milanotoday.it/eventi/l-arte-contemporanea-alla-ricerca-di-un-nuovo-linguaggio-2020.html,Arte e cultura,"Via Giuseppe Dall'Occo, Cormano, Zona Omogenea Milano Nord, Milano, Lombardia, 20032, Italia",45.5444599,9.1691639
Mostre,01-08-21,2020-09-12,"Viale Campania, 12, Milano, MI",Wow Spazio Fumetto,"Spider-Man, Hulk e Captain America: a Milano arriva la mostra dei supereroi Marvel",https://www.milanotoday.it/eventi/mostra-marvel-spazio-fumetto.html,Arte e cultura,"12, Viale Campania, Corsica, Municipio 4, Milano, Lombardia, 20133, Italia",45.4634024,9.2242161
Concerti,12-09-20,2020-09-12,"Via Gaetano de Castillia, Milano, MI",Biblioteca degli Alberi,Alla Biblioteca degli alberi un concerto gratuito per i milanesi di ritorno in città,https://www.milanotoday.it/eventi/concerto-gratis-biblioteca-alberi.html,Musica e vita notturna,"Via Gaetano De Castillia, Isola, Municipio 9, Milano, Lombardia, 20100, Italia",45.4858553,9.1928992
Concerti,13-09-20,2020-09-13,"Via Riccardo Pitteri, 58, Milano, MI",Arena Milano Est,"Arena Milano Est, un concerto dal vivo dei Matia Bazar. Orari e biglietti",https://www.milanotoday.it/eventi/arena-milano-est-concerto-matia-bazar-biglietti.html,Musica e vita notturna,"Via Riccardo Pitteri, Lambrate, Municipio 3, Milano, Lombardia, 20134, Italia",45.4805358,9.2454637
Mercatini,13-09-20,2020-09-13,"Via Luigi Nono, 9, Milano, MI",Tempio del Futuro Perduto,Remira market 13 settembre a Milano,https://www.milanotoday.it/eventi/remira-market-13-settembre-a-milano-2020.html,Mercati e shopping,"9, Via Luigi Nono, Bullona, Porta Volta, Municipio 8 di Milano, Milano, Lombardia, 20154, Italia",45.4864027,9.1751051
Incontri,22-09-20,2020-09-14,"Via Valenza, 2, Milano, MI",RIDE Milano,Ride Milano: l’hub culturale a porta genova ospita la mostra st-art amsterdam,https://www.milanotoday.it/eventi/ride-milano-l-hub-culturale-2020.html,Formazione e networking,"Via Valenza, Navigli, Municipio 6, Milano, Lombardia, 20144, Italia",45.4514071,9.1691656
Manifestazioni,19-09-20,2020-09-15,"Via Bergognone, 34, Milano, MI",Base Milano,Ultimi giorni d'estate a Base tra serate musicali e incontri gratis. Il programma di settembre,https://www.milanotoday.it/eventi/stabilimento-estivo-base-programma-settembre-2020.html,Altri eventi,"Wikimedia Italia, 34, Via Bergognone Da Fossano, Tortona, Municipio 6, Milano, Lombardia, 20144, Italia",45.4518657,9.1625146
Spettacoli,15-09-20,2020-09-15,"via Pier Lombardo,14,20135, Milano, MI,Italia",Franco Parenti - Sala Grande,Note in bianco e nero,https://www.teatro.it/spettacoli/milano/franco-parenti-sala-grande/2020-2021/note-in-bianco-e-nero,Teatro e spettacolo,"Via Pier Lombardo, Porta Romana, Municipio 4, Milano, Lombardia, 20135, Italia",45.4542958,9.2063109
Mostre,01-11-20,2020-09-15,"Piazza Sant'Eustorgio, 3, Milano, MI",Museo Diocesano,"Museo Diocesano, tutte le iniziative e le mostre di settembre",https://www.milanotoday.it/eventi/museo-diocesano-mostre-settembre.html,Arte e cultura,"Museo Diocesano di Milano, 3, Piazza Sant'Eustorgio, Ticinese, Municipio 1, Milano, Lombardia, 20123, Italia",45.4546749,9.1810291
Mostre,20-09-20,2020-09-15,"Piazza Sant'Ambrogio, 23, Milano, MI",Antiquum Oratorium Passionis presso basilica di Sant Ambrogio,Contaminazioni - mostra personale di E.Marnoni e cura di M.Bisazza e S.Ceffa,https://www.milanotoday.it/eventi/contaminazioni-mostra-personale-di-e-marnoni-2020.html,Arte e cultura,"23, Piazza Sant'Ambrogio, Cerchia dei Navigli, Municipio 1, Milano, Lombardia, 20123, Italia",45.4623215,9.1749297
Spettacoli,16-09-20,2020-09-16,"Via Carlo Botta,18,20135, Milano, MI,Italia",Franco Parenti - Bagni Misteriosi,Le Sacre - Luciana Savignano,https://www.teatro.it/spettacoli/milano/franco-parenti-bagni-misteriosi/2020-2021/le-sacre-luciana-savignano,Teatro e spettacolo,"18, Via Carlo Botta, Porta Romana, Municipio 4, Milano, Lombardia, 20135, Italia",45.4537805,9.2050141
Concerti,16-09-20,2020-09-16,"Via Valenza, 2, Milano, MI",Ride Milano,Samuel dei Subsonica in concerto da Ride Milano. Orari e biglietti,https://www.milanotoday.it/eventi/samuel-concerto-ride-milano-biglietti.html,Musica e vita notturna,"Via Valenza, Navigli, Municipio 6, Milano, Lombardia, 20144, Italia",45.4514071,9.1691656
Mostre,10-10-20,2020-09-16,"Via San Maurilio, 14, Milano, MI",Gilda Contemporary Art,Volti,https://www.milanotoday.it/eventi/volti-kristina-bychkova-2020.html,Arte e cultura,"14, Via San Maurilio, Cerchia dei Navigli, Municipio 1, Milano, Lombardia, 20123, Italia",45.4622752,9.1839049
Cinema,16-09-20,2020-09-16,"Viale Giustiniano, Milano, MI",online,"Io, il teatro e il cinema",https://www.milanotoday.it/eventi/io-il-teatro-e-il-cinema-anna-bonaiuto-2020.html,Arte e cultura,"Viale Giustiniano, Buenos Aires - Venezia, Municipio 3, Milano, Lombardia, 20129, Italia",45.4721294,9.216497
Incontri,01-10-20,2020-09-16,"Via Andrea Maria Ampère, 20, Milano, MI",piscina Giulio Romano,Video sound art festival - X edizione,https://www.milanotoday.it/eventi/video-sound-art-festival-x-edizione-2020.html,Formazione e networking,"La Guido Romano, 20, Via Andrea Maria Ampère, Città Studi, Municipio 3, Milano, Lombardia, 20131, Italia",45.4807955,9.2267126
Incontri,17-09-20,2020-09-17,"Via Francesco Daverio, 7, Milano, MI",Società Umanitaria,Le parole di Italo Calvino tra canzoni e letteratura per il 35° anniversario dalla morte,https://www.milanotoday.it/eventi/incontro-italo-calvino-societa-umanitaria.html,Formazione e networking,"7p01, Via Francesco Daverio, Guastalla, Municipio 1, Milano, Lombardia, 20122, Italia",45.4588856,9.200906
Incontri,18-09-20,2020-09-17,"Via Raffaele Lambruschini, 4, Milano, MI",Politecnico di Milano,Dronitaly forum 2020,https://www.milanotoday.it/eventi/dronitaly-forum-2020.html,Formazione e networking,"Biblioteca Bovisa La Masa, 4, Via Raffaele Lambruschini, Bovisa, Municipio 9, Milano, Lombardia, 20156, Italia",45.5032082,9.1571452
Spettacoli,17-09-20,2020-09-17,"Via Filodrammatici 2,20121, Milano, MI,Italia",Teatro Alla Scala,Concerto - Riccardo Chailly,https://www.teatro.it/spettacoli/milano/teatro-alla-scala/2020-2021/concerto-riccardo-chailly,Teatro e spettacolo,"2, Via Filodrammatici, Brera, Milano, Lombardia, 20121, Italia",45.4676198,9.1884287
Mostre,01-12-20,2020-09-17,"Piazzetta Maurilio Bossi, 4, Milano, MI",Studio d'arte Cannaviello,"Pizzi Cannella, anni '80/'90",https://www.milanotoday.it/eventi/pizzi-cannella-anni-80-90-piero-pizzi-cannella-2020.html,Arte e cultura,"4, Piazzetta Maurilio Bossi, Brera, Municipio 1, Milano, Lombardia, 20121, Italia",45.467852,9.1870581
Spettacoli,17-09-20,2020-09-17,"Via Riccardo Pitteri,60,20134, Milano, MI,Italia",Arena Milano Est,Il peggio di Cinzia Leone… non finisce mai,https://www.teatro.it/spettacoli/milano/arena-milano-est/2020-2021/il-peggio-di-cinzia-leone-non-finisce-mai,Teatro e spettacolo,"Via Riccardo Pitteri, Lambrate, Municipio 3, Milano, Lombardia, 20134, Italia",45.4796903,9.2454355
Mostre,08-10-20,2020-09-17,"Via Melzo, 30, Milano, MI",gli eroici furori,Workers | Alberto mesirca,https://www.milanotoday.it/eventi/workers-alberto-mesirca-alberto-mesirca-2020.html,Arte e cultura,"La Teiera Eclettica, 30, Via Melzo, Buenos Aires - Venezia, Municipio 3, Milano, Lombardia, 20129, Italia",45.4751952,9.2080791
Spettacoli,18-09-20,2020-09-18,"Corso Buenos Aires 33,20124, Milano, MI,Italia",Elfo Puccini - sala Shakespeare,TOCCARE - The White Dance,https://www.teatro.it/spettacoli/milano/elfo-puccini-sala-shakespeare/2020-2021/toccare-the-white-dance,Teatro e spettacolo,"Teatro Elfo Puccini, 33, Corso Buenos Aires, Buenos Aires - Venezia, Municipio 3, Milano, Lombardia, 20124, Italia",45.4794317,9.2098387
Cibo e Vino,18-09-20,2020-09-18,"Via Tortona, 27, Milano, MI",Superstudio Più,Le Armonie senza Tempo del Lugana tornano nel capoluogo meneghino,https://www.milanotoday.it/eventi/le-armonie-senza-tempo-del-lugana-tornano-nel-capoluogo-meneghino.html,Enogastronomia,"Mandarina duck, 27, Via Tortona, Tortona, Municipio 6, Milano, Lombardia, 20144, Italia",45.4506784,9.1634775
Disco&Feste,20-09-20,2020-09-18,"Via Andrea Maria Ampère, 20, Milano, MI",piscina Giulio Romano,Concerti e musica a bordo delle acque della Piscina Romano. Orari e biglietti,https://www.milanotoday.it/eventi/concerti-piscina-romano-biglietti.html,Musica e vita notturna,"La Guido Romano, 20, Via Andrea Maria Ampère, Città Studi, Municipio 3, Milano, Lombardia, 20131, Italia",45.4807955,9.2267126
Manifestazioni,20-09-20,2020-09-18,"Viale Emilio Alemagna, 6, Milano, MI",La Triennale di Milano,Milano Arch Week 2020: il programma della quarta edizione,https://www.milanotoday.it/eventi/milano-arch-week-2020-quando-dove.html,Altri eventi,"Triennale Design Museum, 6, Viale Emilio Alemagna, Parco Sempione, Municipio 1, Milano, Lombardia, 20121, Italia",45.4721477,9.1734894
Mostre,07-10-20,2020-09-18,"Corso di Porta Ticinese, 69, Milano, MI",spazioRAW,I was my husband fotografie di valter darbe,https://www.milanotoday.it/eventi/i-was-my-husband-fotografie-di-valter-darbe-2020.html,Arte e cultura,"69, Corso di Porta Ticinese, Ticinese, Municipio 1, Milano, Lombardia, 20123, Italia",45.4566187,9.1808704
Incontri,20-09-20,2020-09-19,"Piazza Sempione, Milano, MI",Parco Sempione,Eco-festival del parco Sempione,https://www.milanotoday.it/eventi/eco-festival-del-parco-sempione-2020.html,Formazione e networking,"Piazza Sempione, Parco Sempione, Municipio 1, Milano, Lombardia, Italia",45.4755976,9.1725451
Mostre,18-10-20,2020-09-19,"Via Solferino, 32, Milano, MI",Ted One Bar Cafè,Marginalità ritratti di invisibili,https://www.milanotoday.it/eventi/marginalita-ritratti-di-invisibili-ljdia-musso-2020.html,Arte e cultura,"32, Via Solferino, Brera, Municipio 1, Milano, Lombardia, 20121, Italia",45.4772916,9.1879636
Incontri,19-09-20,2020-09-19,"Via Palestro, Milano, MI",Giardini Pubblici Indro Montanelli,Verdinote. laboratori di musica per bambini sotto gli alberi,https://www.milanotoday.it/eventi/verdinote-laboratori-di-musica-per-bambini-2020.html,Formazione e networking,"Via Palestro, Giardini Porta Venezia, Municipio 1, Milano, Lombardia, 20219, Italia",45.4722109,9.2017814
Incontri,31-10-20,2020-09-19,"Via Passo Buole, 3, Milano, MI",Galleria Area\B,Laura Giardino. La luce oltre,https://www.milanotoday.it/eventi/laura-giardino-la-luce-oltre-laura-giardino-2020.html,Formazione e networking,"3, Via Passo Buole, Porta Romana, Municipio 5, Milano, Lombardia, 20135, Italia",45.4476997,9.2080803
Manifestazioni,20-09-20,2020-09-19,"Viale Emilio Alemagna, 6, Milano, MI",La Triennale di Milano,"A Milano arriva ""Fuoricinema"", la maratona no-stop di film e incontri",https://www.milanotoday.it/eventi/fuoricinema-festival-cinema-film-2020-quando-dove.html,Altri eventi,"Triennale Design Museum, 6, Viale Emilio Alemagna, Parco Sempione, Municipio 1, Milano, Lombardia, 20121, Italia",45.4721477,9.1734894
Incontri,19-09-20,2020-09-19,"Via Carlo Villa, 6, Milano, MI",,"""Cortili dal vivo"": a Cinisello Balsamo una festa e un concerto gratis",https://www.milanotoday.it/eventi/cortili-dal-vivo-festa-cinisello-balsamo-settembre-2020.html,Formazione e networking,"Via Carlo Villa, Bellaria, Cinisello, Cinisello Balsamo, Zona Omogenea Milano Nord, Milano, Lombardia, 20092, Italia",45.5546437,9.210523
Incontri,19-09-20,2020-09-19,"Via Luigi Nono, 7, Milano, MI",Tempio del Futuro Perduto,One day in yoga festival,https://www.milanotoday.it/eventi/one-day-in-yoga-festival-2020.html,Formazione e networking,"Via Luigi Nono, Bullona, Porta Volta, Municipio 8 di Milano, Milano, Lombardia, 20154, Italia",45.4856873,9.1757526
Incontri,19-09-20,2020-09-19,"Viale Pasubio, 5, Milano, MI",Fondazione Feltrinelli,Mimmo Lucano presenta il suo nuovo libro in Feltrinelli,https://www.milanotoday.it/eventi/mimmo-lucano-presenta-nuovo-libro-feltrinelli.html,Formazione e networking,"Fondazione Giangiacomo Feltrinelli, 5, Viale Pasubio, Porta Tenaglia, Municipio 1, Milano, Lombardia, 20154, Italia",45.4814126,9.1843952
Concerti,19-09-20,2020-09-19,"Via Valtorta, 1, Milano, MI",Circolo IAM,Mattatoio5: escapes preview party,https://www.milanotoday.it/eventi/mattatoio5-escapes-preview-party-2020.html,Musica e vita notturna,"Via Valtorta, Padova, Municipio 2, Milano, Lombardia, 20127, Italia",45.5005482,9.2303284
Concerti,20-09-20,2020-09-20,"Via Riccardo Pitteri, 58, Milano, MI",Teatro Martinitt,Paolo Jannacci e la sua band in concerto ad Arena Milano Est. Orari e biglietti,https://www.milanotoday.it/eventi/concerto-paolo-jannacci-arena-milano-est-biglietti.html,Musica e vita notturna,"Via Riccardo Pitteri, Lambrate, Municipio 3, Milano, Lombardia, 20134, Italia",45.4805358,9.2454637
Spettacoli,20-09-20,2020-09-20,"Corso Buenos Aires 33,20124, Milano, MI,Italia",Elfo Puccini - sala Shakespeare,Whoman? + Sin,https://www.teatro.it/spettacoli/milano/elfo-puccini-sala-shakespeare/2020-2021/whoman-sin,Teatro e spettacolo,"Teatro Elfo Puccini, 33, Corso Buenos Aires, Buenos Aires - Venezia, Municipio 3, Milano, Lombardia, 20124, Italia",45.4794317,9.2098387
Spettacoli,20-09-20,2020-09-20,"Via Filodrammatici 2,20121, Milano, MI,Italia",Teatro Alla Scala,Concerto - Orchestra Sinfonica Giuseppe Verdi,https://www.teatro.it/spettacoli/milano/teatro-alla-scala/2020-2021/concerto-orchestra-sinfonica-giuseppe-verdi,Teatro e spettacolo,"2, Via Filodrammatici, Brera, Milano, Lombardia, 20121, Italia",45.4676198,9.1884287
Incontri,20-09-20,2020-09-20,"Piazza del Duomo, Milano, MI",Duomo,"Duomo di Milano, arrivano le visite guidate per i più piccoli. Orari e biglietti",https://www.milanotoday.it/eventi/duomo-milano-arrivano-visite-bambini-biglietti.html,Formazione e networking,"Piazza del Duomo, Duomo, Municipio 1, Milano, Lombardia, Italia",45.4639102,9.1906398
Incontri,20-09-20,2020-09-20,"SS9, 3, Milano, MI",La Rampina,"Massimiliano Gaudino presenta “il grillo narrante” a milano, domenica 20 settembre alle ore 19.30 presso la rampina",https://www.milanotoday.it/eventi/massimiliano-gaudino-presenta-il-grillo-narrante-2020.html,Formazione e networking,"La Rampina, 3, Via Emilia, Maraschi, Mezzano, Zivido, San Giuliano Milanese, Milano, Lombardia, 20098, Italia",45.368389,9.3159362
Teatri,20-09-20,2020-09-20,"Largo Antonio Greppi 1, Milano, MI",Piccolo Teatro Strehler,"Roberto Saviano al Piccolo Teatro con lo spettacolo ""Le mani sul mondo""",https://www.milanotoday.it/eventi/spettacolo-roberto-saviano-piccolo-teatro-biglietti.html,Teatro e spettacolo,"Largo Antonio Greppi, Cerchia dei Navigli, Municipio 1, Milano, Lombardia, 20121, Italia",45.4718502,9.1827114
Incontri,10-10-20,2020-09-20,"Piazza del Duomo, Milano, MI",Duomo,"Visite al Duomo di Milano, il nuovo calendario dell'autunno",https://www.milanotoday.it/eventi/visite-duomo-calendario-incontri.html,Formazione e networking,"Piazza del Duomo, Duomo, Municipio 1, Milano, Lombardia, Italia",45.4639102,9.1906398
Concerti,20-09-20,2020-09-20,"Via Magenta, 77/7, Milano, MI",Rocknroll club Rho,Mode machine live at rocknroll club rho 40 esimo anniversario,https://www.milanotoday.it/eventi/mode-machine-live-at-rocknroll-club-rho.html,Musica e vita notturna,"Via Magenta, Rondinella, Torretta, Sesto San Giovanni, Zona Omogenea Milano Nord, Milano, Lombardia, 20099, Italia",45.537399,9.2246804
Fiere,20-09-20,2020-09-20,"Via delle Industrie, 15, Milano, MI",DJ HUB,Una nuova Fiera del Disco ad Arese: si entra gratis,https://www.milanotoday.it/eventi/fiera-disco-arese-ingresso-gratis.html,Mercati e shopping,"Susta, 15, Viale delle Industrie, Cambiago, Milano, Lombardia, 20040, Italia",45.5794809,9.4210345
Spettacoli,20-09-20,2020-09-20,"v. Cavallari 4,20013, Magenta, MI,Italia",Lirico,Oblivion.Zip,https://www.teatro.it/spettacoli/magenta/lirico/2020-2021/oblivionzip,Teatro e spettacolo,"Via Brenno Cavallari, Magenta, Milano, Lombardia, 20013, Italia",45.4683141,8.8834486
Incontri,20-09-20,2020-09-20,"Via Gaetano de Castillia, 18, Milano, MI",BAM Biblioteca degli Alberi,Benvenuto Autunno! Alla Biblioteca degli Alberi una festa gratis per bambini,https://www.milanotoday.it/eventi/festa-bam-gratis-bambini.html,Formazione e networking,"Via Gaetano De Castillia, Isola, Municipio 9, Milano, Lombardia, 20100, Italia",45.4858553,9.1928992
Concerti,20-09-20,2020-09-20,"Via Rivoli, 6, Milano, MI",Piccolo Teatro Strehler - Studio Melato,"Booda ospiti live al festival mix il 20 settembre, il festival del cinema lgbtq+ della città di Milano",https://www.milanotoday.it/eventi/booda-ospiti-live-al-festival-mix-il-20-settembre-2020.html,Musica e vita notturna,"6, Via Rivoli, Brera, Municipio 1, Milano, Lombardia, 20121, Italia",45.4726093,9.182881
Concerti,20-09-20,2020-09-20,"Via Giuseppe Gabetti, 15, Milano, MI",Mare Culturale Urbano,Un concerto gratis di liuto a Mare Culturale Urbano: il programma,https://www.milanotoday.it/eventi/concerto-gratis-gallina-mare-culturale-urbano.html,Musica e vita notturna,"Cascina Torrette di Trenno, 15, Via Giuseppe Gabetti, Quartiere Vercellese, Forze Armate, Municipio 7, Milano, Lombardia, 20147, Italia",45.4687457,9.1240256
Incontri,21-09-20,2020-09-21,"Via Luca Beltrami, Milano, MI",,"Giornata mondiale dell'Alzheimer, a Milano arriva l'installazione per vedere il mondo con gli occhi dei malati",https://www.milanotoday.it/eventi/installazione-alzheimer-via-beltrami.html,Formazione e networking,"Via Luca Beltrami, Duomo, Municipio 1, Milano, Lombardia, 20121, Italia",45.4686574,9.1816933
Disco&Feste,27-09-20,2020-09-21,"Via Bovisasca, 59, Milano, MI",Spirit de Milan,"Spirit de Milan, il programma della settimana tra concerti e spettacoli di cabaret",https://www.milanotoday.it/eventi/spirit-de-milan-programma-settimana-concerti.html,Musica e vita notturna,"Spirit de Milan, 59, Via Bovisasca, Bovisa, Municipio 9, Milano, Lombardia, 20157, Italia",45.5067143,9.1584748
Mostre,27-09-20,2020-09-21,"Piazza del Duomo, Milano, MI",Palazzo Reale,"'L'Europa della luce', ultimi giorni per visitare la mostra di de La Tour a Palazzo Reale",https://www.milanotoday.it/eventi/mostra-de-la-tour-palazzo_reale.html,Arte e cultura,"Piazza del Duomo, Duomo, Municipio 1, Milano, Lombardia, Italia",45.4639102,9.1906398
Incontri,20-11-20,2020-09-21,"Via Maurizio Gonzaga, 2, Milano, MI",BABS Art Gallery,Ios on oio - I gioielli d'artista di alfredo rapetti mogol,https://www.milanotoday.it/eventi/ios-on-oio-i-gioielli-d-artista-di-alfredo-rapetti-2020.html,Formazione e networking,"2, Via Maurizio Gonzaga, Cerchia dei Navigli, Municipio 1, Milano, Lombardia, 20123, Italia",45.4619404,9.1894546
Incontri,21-09-20,2020-09-21,"Via Santa Radegonda, 8, Milano, MI",The Space Cinema Odeon,Emis Killa e Jake La Furia  presentano il loro nuovo album di inediti “17”. Ingresso gratis,https://www.milanotoday.it/eventi/emis-killa-jake-la-furia-incontro-gratis-cinema-odeon.html,Formazione e networking,"The Space Cinema Odeon, 8, Via Santa Radegonda, Duomo, Municipio 1, Milano, Lombardia, 20121, Italia",45.4651207,9.192365
Mostre,27-09-20,2020-09-22,"Via Rovello, 2, Milano, MI",Chiostro Nina Vinchi,"Una mostra ""parlante"" sul Parkinson, con le voci di Lella Costa e Claudio Bisio",https://www.milanotoday.it/eventi/mostra-parkinson-piccolo-teatro-lella-costa-claudio-bisio.html,Arte e cultura,"2, Via Rovello, Brera, Milano, Lombardia, 20121, Italia",45.4665188,9.1847651
Mostre,18-10-20,2020-09-23,"Via Giulio Cesare Procaccini, Milano, MI",Fabbrica del Vapore,"""L'esercito di Terracotta e il primo imperatore della Cina"": la mostra all Fabbrica del Vapore",https://www.milanotoday.it/eventi/mostra-esercito-terracotta.html,Arte e cultura,"Via Giulio Cesare Procaccini, Bullona, Porta Volta, Municipio 8 di Milano, Milano, Lombardia, 20154, Italia",45.4839792,9.1756444
Mostre,18-10-20,2020-09-23,"Via Giulio Cesare Procaccini, 4, Milano, MI",Fabbrica del Vapore,"La mostra ""L'esercito di terracotta"" a Milano ancora per un mese: prolungata fino ad ottobre",https://www.milanotoday.it/eventi/mostra-esercito-terracotta-prolungata-ottobre-2020.html,Arte e cultura,"4, Via Giulio Cesare Procaccini, Bullona, Porta Volta, Municipio 8 di Milano, Milano, Lombardia, 20154, Italia",45.4839945,9.1753796
Moda,27-09-20,2020-09-23,"Via Alessandro Volta, 7, Milano, MI",Moscova District Market,Shopping autunnale? Inizia la prima Sample Sale della stagione con sconti dal 50% al 70%,https://www.milanotoday.it/eventi/shopping-autunnale-inizia-la-prima-sample-sale-della-stagione-dal-50-al-70.html,Mercati e shopping,"Erboristeria Mediolanum, 7, Via Alessandro Volta, Brera, Municipio 1, Milano, Lombardia, 20121, Italia",45.4790556,9.1839116
Mostre,20-11-20,2020-09-23,"Via Andrea Maffei, 1, Milano, MI",Other Size Gallery by Workness,Maddalena Arcelloni. Incredibly close,https://www.milanotoday.it/eventi/maddalena-arcelloni-incredibly-close-2020.html,Arte e cultura,"1, Via Andrea Maffei, XXII Marzo, Municipio 4, Milano, Lombardia, 20135, Italia",45.4588219,9.209057
Mostre,18-10-20,2020-09-23,"Via Giulio Cesare Procaccini, 4, Milano, MI",Fabbrica del Vapore,L'esercito di terracotta: la Mostra riapre fino al 18 ottobre,https://www.milanotoday.it/eventi/esercito-terracotta-mostra-fabbrica-vapore-giugno-2020.html,Arte e cultura,"4, Via Giulio Cesare Procaccini, Bullona, Porta Volta, Municipio 8 di Milano, Milano, Lombardia, 20154, Italia",45.4839945,9.1753796
Mostre,08-01-21,2020-09-23,"Viale della Liberazione, 16a, Milano, MI",Spazio Leonardo,"""Parcour"", 10 artisti in mostra allo Spazio Leonardo tra fotografie e dipinti",https://www.milanotoday.it/eventi/mostra-parcour-artisti-spazio-leonardo.html,Arte e cultura,"Viale della Liberazione, GARIBALDI REPUBBLICA, Municipio 9, Milano, Lombardia, 20100, Italia",45.4825907,9.1938058
Mostre,08-01-21,2020-09-23,"Viale della Liberazione, 16a, Milano, MI",Spazio Leonardo,"""Parcour"", 10 artisti in mostra allo Spazio Leonardo tra fotografie e dipinti",https://www.milanotoday.it/eventi/mostra-parcour-artisti-spazio-leonardo.html,Arte e cultura,"Viale della Liberazione, GARIBALDI REPUBBLICA, Municipio 9, Milano, Lombardia, 20100, Italia",45.4825907,9.1938058
Spettacoli,24-09-20,2020-09-24,"Corso Buenos Aires 33,20124, Milano, MI,Italia",Elfo Puccini - sala Shakespeare,Les nuits barbares,https://www.teatro.it/spettacoli/milano/elfo-puccini-sala-shakespeare/2020-2021/les-nuits-barbares,Teatro e spettacolo,"Teatro Elfo Puccini, 33, Corso Buenos Aires, Buenos Aires - Venezia, Municipio 3, Milano, Lombardia, 20124, Italia",45.4794317,9.2098387
Incontri,27-09-20,2020-09-24,"Via Valenza, 2, Milano, MI",Ride Milano,"Ride Milano, l'hub culturale ospita la mostra Vinyl art mania",https://www.milanotoday.it/eventi/ride-milano-l-hub-culturale-ospita-la-mostra-vinyl-art-mania-2020.html,Formazione e networking,"Via Valenza, Navigli, Municipio 6, Milano, Lombardia, 20144, Italia",45.4514071,9.1691656
Incontri,24-09-20,2020-09-24,"Via Giuseppe Verdi, 9, Milano, MI",Vizzolo al futuro,Aotearoa (new zealand): la mostra fotografica di giuliana concas,https://www.milanotoday.it/eventi/aotearoa-new-zealand-la-mostra-fotografica-2020.html,Formazione e networking,"9, Via Giuseppe Verdi, Brera, Municipio 1, Milano, Lombardia, 20121, Italia",45.4687575,9.1883373
Mostre,29-08-21,2020-09-25,"Piazza del Duomo, 12, Milano, MI",Palazzo Reale,Le incredibili immagini di Margaret Bourke White in mostra a Milano,https://www.milanotoday.it/eventi/mostra-fotografica-margaret-bourke-white-palazzo-reale.html,Arte e cultura,"Giacomo, 12, Piazza del Duomo, Duomo, Municipio 1, Milano, Lombardia, 20100, Italia",45.4632066,9.1914879
Incontri,25-09-20,2020-09-25,"Viale Emilio Alemagna, Milano, MI",Triennale Milano,Max Pezzali e Pierluigi pardo per Dynamo camp,https://www.milanotoday.it/eventi/max-pezzali-e-pierluigi-pardo-per-dynamo-camp-2020.html,Formazione e networking,"Viale Emilio Alemagna, Parco Sempione, Municipio 1, Milano, Lombardia, 20123, Italia",45.471358,9.1741592
Cinema,28-09-20,2020-09-25,"Via Seneca, 6, Milano, MI",Il Cinemino,Al Cinemino un film di Matteo Garrone e un omaggio ad Alan Parker. Il programma,https://www.milanotoday.it/eventi/film-il-cinemino-matteo-garrone-programma.html,Arte e cultura,"Il Cinemino, 6, Via Seneca, Porta Romana, Municipio 4, Milano, Lombardia, 20135, Italia",45.4541227,9.2083301
Incontri,27-09-20,2020-09-25,"Via Aristotile Fioravanti, 30, Milano, MI",Scuola della Respirazione,Via Fioravanti 30: le pratiche del non-fare,https://www.milanotoday.it/eventi/via-fioravanti-30-le-pratiche-del-non-fare-2020.html,Formazione e networking,"30, Via Aristotile Fioravanti, Sarpi, Porta Volta, Municipio 8 di Milano, Milano, Lombardia, 20154, Italia",45.4820945,9.1751128
Incontri,27-09-20,2020-09-25,"Via Gaetano de Castillia, Milano, MI",BAM Biblioteca degli Alberi Milano,Il verde e il blu festival – Buone idee per il futuro del pianeta,https://www.milanotoday.it/eventi/il-verde-e-il-blu-festival-buone-idee-per-il-futuro-del-pianeta-2020.html,Formazione e networking,"Via Gaetano De Castillia, Isola, Municipio 9, Milano, Lombardia, 20100, Italia",45.4858553,9.1928992
Mostre,29-08-21,2020-09-25,"Piazza del Duomo, 12, Milano, MI",Palazzo Reale,Le incredibili immagini di Margaret Bourke White in mostra a Milano,https://www.milanotoday.it/eventi/mostra-fotografica-margaret-bourke-white-palazzo-reale.html,Arte e cultura,"Giacomo, 12, Piazza del Duomo, Duomo, Municipio 1, Milano, Lombardia, 20100, Italia",45.4632066,9.1914879
Mostre,04-10-20,2020-09-25,"Alzaia Naviglio Grande, 14, Milano, MI",Palazzo Stampa,The framers presenta “terapie mirate per ossessioni consapevoli”,https://www.milanotoday.it/eventi/the-framers-presenta-terapie-mirate-2020.html,Arte e cultura,"el Brellìn ristorante, 14, Alzaia Naviglio Grande, Navigli, Municipio 6, Milano, Lombardia, 20144, Italia",45.451868,9.174682
Mostre,25-09-20,2020-09-25,"Via Pisanello, 1, Milano, MI",Centro Culturale Rosetum,Rosetum jazz festival #3: cristiano pomante qrt,https://www.milanotoday.it/eventi/rosetum-jazz-festival-3-cristiano-pomante-qrt-2020.html,Arte e cultura,"Via Pisanello, Bande Nere, Municipio 7, Milano, Lombardia, 20148, Italia",45.4672182,9.140416
,25-09-20,2020-09-25,"Via Pasubio, 11, Milano, MI",Babitonga la Feltrinelli Pasubio,"Presentazione ""jimi hendrix, suoni e visioni"" di Ernesto Assante con federico poggipollini",https://www.milanotoday.it/eventi/presentazione-jimi-hendrix-suoni-e-visioni-2020.html,Non classificato,"11, Via Pasubio, Cascina Besozzi, Cernusco sul Naviglio, Milano, Lombardia, 20063, Italia",45.5366653,9.3343133
Mostra,24-01-21,2020-09-25,"Via Toledo, 185, Milano, MI",Gallerie d'Italia Napoli - Palazzo Zevallos Stigliano,Napoli liberty. N'aria 'e primmavera,,Arte e cultura,"Via Toledo, Mecenate, Municipio 4, Milano, Lombardia, 20138, Italia",45.4451657,9.2567553
Mostra,29-08-21,2020-09-25,"piazza Duomo, Milano, MI",Palazzo Reale,"Prima, donna. Margaret Bourke-White",,Arte e cultura,"Piazza del Duomo, Duomo, Municipio 1, Milano, Lombardia, Italia",45.4639102,9.1906398
Visita Guidata,26-09-20,2020-09-26,"Via Teatro 2, Milano, MI",Centro Storico di Sabbioneta,Sabbioneta: apertura serale e visite guidate al centro storico,,Arte e cultura,"Via San Vittore al Teatro, Cerchia dei Navigli, Municipio 1, Milano, Lombardia, 20123, Italia",45.4651259,9.1825755
Visita Guidata,27-09-20,2020-09-26,"Via San Vittore, Milano, MI",Museo nazionale della scienza e della tecnologia Leonardo da Vinci,Museo Nazionale Scienza e Tecnologia Leonardo da Vinci. In viaggio al Museo,,Arte e cultura,"Via San Vittore, Magenta - San Vittore, Municipio 1, Milano, Lombardia, 20144, Italia",45.4644719,9.1666084
Altro,26-09-20,2020-09-26,"Via Senato, Milano, MI",Soprintendenza Archivistica e Bibliografica della Lombardia,Fuori c’è un mondo bellissimo! Learning for life,,Altri eventi,"Via Senato, Cerchia dei Navigli, Municipio 1, Milano, Lombardia, 20121, Italia",45.4714266,9.1962309
Visita Guidata,27-09-20,2020-09-26,"Via San Vittore, Milano, MI",Museo nazionale della scienza e della tecnologia Leonardo da Vinci,Museo Nazionale Scienza e Tecnologia Leonardo da Vinci. C’era una volta il viaggio,,Arte e cultura,"Via San Vittore, Magenta - San Vittore, Municipio 1, Milano, Lombardia, 20144, Italia",45.4644719,9.1666084
Mercatini,26-09-20,2020-09-26,"Via Conte Rosso, Milano, MI",Lambrate,"Torna il Sabato di Lambrate, con mercatini vintage e tanti laboratori per bambini. Ingresso gratis",https://www.milanotoday.it/eventi/sabato-di-lambrate-mercatino-gratis-quando.html,Mercati e shopping,"Via Conte Rosso, Lambrate, Municipio 3, Milano, Lombardia, 20134, Italia",45.4819574,9.2426159
Altro,27-09-20,2020-09-26,"corso Magenta, Milano, MI",Palazzo Arese-Litta,Palazzo Litta: storia e attualità di un patrimonio restituito alla collettività (iniziativa online),,Altri eventi,"Corso Magenta, Magenta - San Vittore, Municipio 1, Milano, Lombardia, 20123, Italia",45.4657212,9.17112
Altro,27-09-20,2020-09-26,"via Brera, 28, Milano, MI",Pinacoteca di Brera,In museo impari più di quanto pensi!,,Altri eventi,"Istituto Nazionale di Astrofisica – Osservatorio astronomico di Brera, 28, Via Brera, Cerchia dei Navigli, Municipio 1, Milano, Lombardia, 20121, Italia",45.4715946,9.1889707
Mostra,27-09-20,2020-09-26,"Via Brera, 28, Milano, MI",Pinacoteca di Brera,In museo impari più di quanto pensi!,,Arte e cultura,"Istituto Nazionale di Astrofisica – Osservatorio astronomico di Brera, 28, Via Brera, Cerchia dei Navigli, Municipio 1, Milano, Lombardia, 20121, Italia",45.4715946,9.1889707
Incontro/presentazione,26-09-20,2020-09-26,"Via Francesco Mussi, 38, Milano, MI",Museo Pisani Dossi,La nuova Guida ai monumenti di Corbetta,,Formazione e networking,"Museo Archeologico Villa Pisani Dossi, 38, Via Francesco Mussi, Corbetta, Milano, Lombardia, 20011, Italia",45.465932,8.9193794
Visita Guidata,26-09-20,2020-09-26,"via Brera, 28, Milano, MI",Pinacoteca di Brera - Biblioteca Nazionale Braidense di Milano,La biblioteca dell'Imperatrice,,Arte e cultura,"Istituto Nazionale di Astrofisica – Osservatorio astronomico di Brera, 28, Via Brera, Cerchia dei Navigli, Municipio 1, Milano, Lombardia, 20121, Italia",45.4715946,9.1889707
Visita Guidata,26-09-20,2020-09-26,"Piazza Municipio, Milano, MI",Museo dell’Abbazia di Morimondo,Morimondo: dallo Scriptorium monastico medievale all'esperienza della didattica,,Arte e cultura,"Piazza Municipio, Morimondo, Milano, Lombardia, 20071, Italia",45.3519167,8.9543084
Visita Guidata,27-09-20,2020-09-26,"Via Giovanni Frova, 10, Milano, MI",Museo di fotografia contemporanea,MUFOCO. Visite guidate alle mostre Franco Grignani e Carte de Visite,,Arte e cultura,"Museo di Fotografia Contemporanea, 10, Via Giovanni Frova, Borgo Primavera, Cinisello, Cinisello Balsamo, Zona Omogenea Milano Nord, Milano, Lombardia, 20092, Italia",45.557169,9.2156253
Visita Guidata,26-09-20,2020-09-26,"Corso Magenta, Milano, MI",Museo Martinitt e Stelline,Una didattica coi fiocchi! Alla scoperta del Museo Martinitt e Stelline,,Arte e cultura,"Corso Magenta, Magenta - San Vittore, Municipio 1, Milano, Lombardia, 20123, Italia",45.4657212,9.17112
Visita Guidata,26-09-20,2020-09-26,"Corso Magenta, Milano, MI",Museo Martinitt e Stelline,"Patrimonio, educazione, didattica: dialogo su alcuni esempi di recentissima realizzazione",,Arte e cultura,"Corso Magenta, Magenta - San Vittore, Municipio 1, Milano, Lombardia, 20123, Italia",45.4657212,9.17112
Mostra,26-09-20,2020-09-26,"Strada Nuova, 65, Milano, MI",Palazzo Centrale Universitario e Museo per la Storia dell’Università,Il Museo nei cortili del Palazzo Universitario,,Arte e cultura,"Via Michele Novaro, Affori, Municipio 9, Milano, Lombardia, 20161, Italia",45.5187524,9.1679111
Altro,27-09-20,2020-09-26,"Piazza della Scala, Milano, MI",Gallerie d'Italia,"Concetto Spaziale, 1951. Lucio Fontana",,Altri eventi,"Piazza della Scala, Duomo, Municipio 1, Milano, Lombardia, 20121, Italia",45.4672839,9.1901494
Convegno/conferenza,26-09-20,2020-09-26,"Via De Amicis 17, Milano, MI","Antiquarium ""Alda Levi""",Archivio Alik Cavaliere. L'heritage della cera persa,,Formazione e networking,"Antiquarium Alda Levi, 17, Via Edmondo De Amicis, Ticinese, Municipio 1, Milano, Lombardia, 20123, Italia",45.4577507,9.1796498
Mostra,26-09-20,2020-09-26,"piazza Santa Maria delle Grazie, 2, Milano, MI",Cenacolo Vinciano,Cenacolo Vinciano: apertura serale straordinaria,,Arte e cultura,"Museo del Cenacolo Vinciano, 2, Piazza Santa Maria delle Grazie, Magenta - San Vittore, Municipio 1, Milano, Lombardia, 20123, Italia",45.4662047,9.170655
Manifestazioni,27-09-20,2020-09-26,"Piazza Soncino, 5, Milano, MI",Villa Casati Stampa,"""Una ghirlanda di libri"": a Cinisello Balsamo la prima fiera (gratis) dell'editoria indipendente",https://www.milanotoday.it/eventi/fiera-libri-gratis-cinisello-balsamo.html,Altri eventi,"Villa Ferrari Casnedi Casati Stampa di Soncino, 5, Piazza Soncino, Crocetta, Balsamo, Cinisello Balsamo, Zona Omogenea Milano Nord, Milano, Lombardia, 20095, Italia",45.5543621,9.2229594
,26-09-20,2020-09-26,"Viale Lucania, 18, Milano, MI",Chiesa di San Vittore e 40 Martiri,Musica d'arpa tra terra e cielo,https://www.milanotoday.it/eventi/musica-d-arpa-tra-terra-e-cielo-il-cerchio-delle-fate-2020.html,Non classificato,"Viale Lucania, Lodi - Corvetto, Municipio 4, Milano, Lombardia, 20139, Italia",45.4430378,9.2239399
Concerti,27-09-20,2020-09-27,"Via Valenza, Milano, MI",Ride Milano,Concerto di Chiara Galiazzo da Ride Milano: orari e biglietti,https://www.milanotoday.it/eventi/concerto-chiara-galiazzo-ride-milano-biglietti.html,Musica e vita notturna,"Via Valenza, Navigli, Municipio 6, Milano, Lombardia, 20144, Italia",45.4514071,9.1691656
Incontri,27-09-20,2020-09-27,"Piazza del Duomo, 14, Milano, MI",Piazzetta Reale,Domenica 27 settembre 2020 - giornata mondiale del turismo - evento  gratuito dedicato esclusivamente al personale sanitario,https://www.milanotoday.it/eventi/domenica-27-settembre-2020.html,Formazione e networking,"14, Piazza del Duomo, Duomo, Municipio 1, Milano, Lombardia, 20122, Italia",45.4634716,9.1914622
Spettacoli,27-09-20,2020-09-27,"Via Filodrammatici 2,20121, Milano, MI,Italia",Teatro Alla Scala,Recital di pianoforte - Maurizio Pollini,https://www.teatro.it/spettacoli/milano/teatro-alla-scala/2020-2021/concerto-maurizio-pollini,Teatro e spettacolo,"2, Via Filodrammatici, Brera, Milano, Lombardia, 20121, Italia",45.4676198,9.1884287
Visita Guidata,27-09-20,2020-09-27,"Via Meucci, 8, Milano, MI",Museo Zambon,Viaggio alla scoperta del Museo Zambon,,Arte e cultura,"8, Via privata Antonio Meucci, Adriano, Municipio 2, Milano, Lombardia, 20132, Italia",45.5097376,9.2462193
Manifestazioni,27-09-20,2020-09-27,"Via Luigi Soderini, 41, Milano, MI",Campo Olimpia 1975,"Milano, arriva il battesimo del volo: domenica giri in mongolfiera gratis per tutti",https://www.milanotoday.it/eventi/giri-mongolfiera-gratis-27-settembre.html,Altri eventi,"Via Luigi Soderini, Bande Nere, Municipio 6, Milano, Lombardia, 20146, Italia",45.4560312,9.1403551
Incontro/presentazione,27-09-20,2020-09-27,"Via Senato, 10, Milano, MI",Archivio di Stato di Milano,DigitAsmi: nasce il nuovo portale dell’Archivio di Stato di Milano. Presentazione live streaming.,,Formazione e networking,"10, Via Senato, Guastalla, Municipio 1, Milano, Lombardia, 20121, Italia",45.4700976,9.1981223
Attività Didattica,27-09-20,2020-09-27,"Piazza Duomo, 12, Milano, MI",Museo del Duomo di Milano,"Giornate Europee del Patrimonio 2020 - ""Lungo come la Fabbrica del Duomo""",,Formazione e networking,"Giacomo, 12, Piazza del Duomo, Duomo, Municipio 1, Milano, Lombardia, 20100, Italia",45.4632066,9.1914879
Attività Didattica,27-09-20,2020-09-27,"Piazza San Bernardino, 5, Milano, MI",Museo Archeologico della Valle Sabbia,A scuola con gli antichi Romani,,Formazione e networking,"Piazza Papa Paolo sesto, San Bernardino, Oltrestazione, Legnano, Milano, Lombardia, 20025, Italia",45.5780622,8.8992495
Teatri,27-09-20,2020-09-27,"Via Gianni Rodari, 3, Milano, MI",Teatro Bì La Fabbrica del Gioco e delle Arti,Ottobre manzoniano a Cormano: in scena i promessi sposi de il nodo teatro,https://www.milanotoday.it/eventi/ottobre-manzoniano-a-cormano-2020.html,Teatro e spettacolo,"Bì La fabbrica del gioco e delle arti, 3, Via Gianni Rodari, Cormano, Zona Omogenea Milano Nord, Milano, Lombardia, 20032, Italia",45.5466289,9.1723804
Altro,27-09-20,2020-09-27,"Via Senato, Milano, MI",Soprintendenza Archivistica e Bibliografica della Lombardia,"Il patrimonio si presenta:  archivi e biblioteche di musica, cinema e letteratura",,Altri eventi,"Via Senato, Cerchia dei Navigli, Municipio 1, Milano, Lombardia, 20121, Italia",45.4714266,9.1962309
Mostra,27-09-20,2020-09-27,"Via Teatro, 2, Milano, MI",Centro storico di Sabbioneta,Sabbioneta: l’esperienza di un Principe mecenate,,Arte e cultura,"Via San Vittore al Teatro, Cerchia dei Navigli, Municipio 1, Milano, Lombardia, 20123, Italia",45.4651259,9.1825755
Spettacoli,28-09-20,2020-09-28,"Via Filodrammatici 2,20121, Milano, MI,Italia",Teatro Alla Scala,La Traviata - In forma di concerto,https://www.teatro.it/spettacoli/milano/teatro-alla-scala/2020-2021/la-traviata-in-forma-di-concerto,Teatro e spettacolo,"2, Via Filodrammatici, Brera, Milano, Lombardia, 20121, Italia",45.4676198,9.1884287
Incontri,28-09-20,2020-09-28,"Via Pier Paolo Pasolini, 3, Milano, MI",UpTown Cascina Merlata,Evento di apertura del Fuorisalone 2020: l'orchestra laverdi in concerto nel parco di uptown”,https://www.milanotoday.it/eventi/evento-di-apertura-del-fuorisalone-2020-2020.html,Formazione e networking,"Cascina Merlata SPAZIO VIVO, 3, Via Pier Paolo Pasolini, Maggiore - Musocco, Cascina Merlata, Municipio 8 di Milano, Milano, Lombardia, 20151, Italia",45.5066453,9.1031746
Spettacoli,28-09-20,2020-09-28,"Via Carlo Botta,18,20135, Milano, MI,Italia",Franco Parenti - Bagni Misteriosi,I Camios,https://www.teatro.it/spettacoli/milano/franco-parenti-bagni-misteriosi/2020-2021/i-camios,Teatro e spettacolo,"18, Via Carlo Botta, Porta Romana, Municipio 4, Milano, Lombardia, 20135, Italia",45.4537805,9.2050141
Incontri,10-10-20,2020-09-28,"Via Tortona, 31, Milano, MI",Archiproducts Milano Showroom,"Realtà Virtuale, dove provarla a Milano durante la ""Re-Design City""",https://www.milanotoday.it/eventi/realta-virtuale-dove-provarla-a-milano.html,Formazione e networking,"31, Via Tortona, Tortona, Municipio 6, Milano, Lombardia, 20144, Italia",45.4514566,9.1619182
Mostre,10-10-20,2020-09-28,"Via Solferino, 36, Milano, MI",Solferino Lab,"New buildings, architettura e città protagoniste della mostra  fotografica di matrix4design in via Solferino",https://www.milanotoday.it/eventi/new-buildings-architettura-e-citta-protagoniste-della-mostra-fotografica-di-matrix4desig.html,Arte e cultura,"36, Via Solferino, Brera, Municipio 1, Milano, Lombardia, 20121, Italia",45.4776048,9.1880753
Teatri,28-09-20,2020-09-28,"Via Pier Lombardo, 14, Milano, MI",Bagni Misteriosi,"Bagni Misteriosi, uno speciale spettacolo itinerante di fine estate: orari e biglietti",https://www.milanotoday.it/eventi/serata-finale-bagni-misteriosi-spettacolo.html,Teatro e spettacolo,"Via Pier Lombardo, Porta Romana, Municipio 4, Milano, Lombardia, 20135, Italia",45.4542958,9.2063109
Manifestazioni,03-10-20,2020-09-28,"Via Brera, Milano, MI",,"Milano Design Week 2020, in arrivo oltre 300 eventi dedicati al design",https://www.milanotoday.it/eventi/milano-design-week-2020-quando-dove.html,Altri eventi,"Via Brera, Cerchia dei Navigli, Municipio 1, Milano, Lombardia, 20121, Italia",45.4695763,9.1880746
Mostre,01-11-20,2020-09-29,"Viale Gadio, 2, Milano, MI",Acquario civico,"Cento ritratti di cento scienziate italiane: all'Acquario Civico la mostra ""Una vita da scienziata""",https://www.milanotoday.it/eventi/mostra-scienziate-acquario-civico-biglietti.html,Arte e cultura,"2, Viale Gerolamo Gadio, Brera, Milano, Lombardia, 20121, Italia",45.4737856,9.1809276
Mostre,04-10-20,2020-09-29,"Viale dell'Innovazione, 20, Milano, MI",Teatro degli Arcimboldi,Una merenda per bambini e uno sconto per la Festa dei Nonni al Teatro degli Arcimboldi. Tutte le informazioni,https://www.milanotoday.it/eventi/merenda-bambini-sconto-festa-nonni-arcimboldi.html,Arte e cultura,"20, Viale dell'Innovazione, Bicocca, Municipio 9, Milano, Lombardia, 20125, Italia",45.5148696,9.2135963
Concerti,29-09-20,2020-09-29,"Viale Abruzzi, 28, Milano, MI",Cinema Plinius,Concerto dal vivo e proiezione: serata evento dedicata alla musica indiana,https://www.milanotoday.it/eventi/concerto-dal-vivo-e-proiezione-2020.html,Musica e vita notturna,"28, Viale Abruzzi, Buenos Aires - Venezia, Municipio 3, Milano, Lombardia, 20133, Italia",45.4776167,9.2173687
Incontri,04-10-20,2020-09-29,"Via Valenza, 2, Milano, MI",Ride Milano,Ride Milano: l’hub culturale a porta genova ospita la mostra seacreative,https://www.milanotoday.it/eventi/ride-milano-l-hub-culturale-a-porta-genova-2020.html,Formazione e networking,"Via Valenza, Navigli, Municipio 6, Milano, Lombardia, 20144, Italia",45.4514071,9.1691656
Cinema,11-10-20,2020-09-29,"Viale Vittorio Veneto, Milano, MI",Cineteca Spazio Oberdan,Uno speciale omaggio a Franca Valeri alla Cineteca di Milano,https://www.milanotoday.it/eventi/film-omaggio-a-franca-valeri-cineteca-milano.html,Arte e cultura,"Viale Vittorio Veneto, Buenos Aires - Venezia, Municipio 3, Milano, Lombardia, 20124, Italia",45.4763572,9.2015414
,09-10-20,2020-09-29,"Viale Emilio Alemagna, 6, Milano, MI",La Triennale di Milano,"Milano Design City, le speciali visite gratis al Museo del Design di Triennale. Il calendario",https://www.milanotoday.it/eventi/visite-gratis-triennale-programma.html,Non classificato,"Triennale Design Museum, 6, Viale Emilio Alemagna, Parco Sempione, Municipio 1, Milano, Lombardia, 20121, Italia",45.4721477,9.1734894
Spettacoli,29-09-20,2020-09-29,"Corso Buenos Aires 33,20124, Milano, MI,Italia",Elfo Puccini - sala Shakespeare,Studio per ANEMOI + Primitiva,https://www.teatro.it/spettacoli/milano/elfo-puccini-sala-shakespeare/2020-2021/studio-per-anemoi-primitiva,Teatro e spettacolo,"Teatro Elfo Puccini, 33, Corso Buenos Aires, Buenos Aires - Venezia, Municipio 3, Milano, Lombardia, 20124, Italia",45.4794317,9.2098387
Teatri,02-10-20,2020-09-30,"Via Pastrengo, 16, Milano, MI",Teatro Verdi,"Al Teatro Verdi di Milano ""Il tempo è il binario di un tram""",https://www.milanotoday.it/eventi/teatro-verdi-tempio-binario-tram.html,Teatro e spettacolo,"Posto Unico, 16, Via Pastrengo, Isola, Municipio 9, Milano, Lombardia, 20159, Italia",45.4868098,9.1857326
Teatri,30-09-20,2020-09-30,"Via Filodrammatici, 2, Milano, MI",Teatro alla Scala,"Aida, un incontro gratis alla Scala dedicato all'opera di Verdi",https://www.milanotoday.it/eventi/aida-giuseppe-verdi-spettacolo-gratis-teatro-scala.html,Teatro e spettacolo,"2, Via Filodrammatici, Brera, Milano, Lombardia, 20121, Italia",45.4676198,9.1884287
Mostre,02-10-20,2020-09-30,"Via Archimede, 43, Milano, MI",Spazio Archimede,Mostra d'arte veneri di pelle,https://www.milanotoday.it/eventi/mostra-d-arte-veneri-di-pelle-2020.html,Arte e cultura,"43, Via Archimede, Linate, Peschiera Borromeo, Milano, Lombardia, 20068, Italia",45.4450989,9.2738309
Incontri,16-10-20,2020-09-30,"Viale dell'Innovazione, Milano, MI",Bookshop Franco Angeli,Luce metropolitana/metropolitan light,https://www.milanotoday.it/eventi/luce-metropolitana-metropolitan-light-2020.html,Formazione e networking,"Viale dell'Innovazione, Bicocca, Municipio 9, Milano, Lombardia, 20126, Italia",45.51168,9.2112427
Spettacoli,01-10-20,2020-10-01,"Via Filodrammatici 2,20121, Milano, MI,Italia",Teatro Alla Scala,Concerto - Filarmonica della Scala,https://www.teatro.it/spettacoli/milano/teatro-alla-scala/2020-2021/concerto-filarmonica-della-scala,Teatro e spettacolo,"2, Via Filodrammatici, Brera, Milano, Lombardia, 20121, Italia",45.4676198,9.1884287
Teatri,03-10-20,2020-10-01,"Via Giovanni Bovio, 5, Milano, MI",Teatro Bruno Munari,"""Janis. take another little piece of my heart""",https://www.milanotoday.it/eventi/janis-take-another-little-piece-of-my-heart-marta-mungo-2020.html,Teatro e spettacolo,"Via Giovanni Bovio, Dergano, Municipio 9, Milano, Lombardia, 20159, Italia",45.5027065,9.1827045
Manifestazioni,31-10-20,2020-10-01,"Via Giuseppe Gabetti, 15, Milano, MI",Mare Culturale Urbano,"Mare Culturale Urbano, gli eventi di ottobre",https://www.milanotoday.it/eventi/mare-culturale-urbano-incontri-ottobre.html,Altri eventi,"Cascina Torrette di Trenno, 15, Via Giuseppe Gabetti, Quartiere Vercellese, Forze Armate, Municipio 7, Milano, Lombardia, 20147, Italia",45.4687457,9.1240256
Concerti,29-10-20,2020-10-01,"Via Privata Parenzo, Milano, MI",Spazio Epoca Milano,"Milano, arriva la rassegna “So Jazz” con tanti concerti a ottobre. Ingresso gratis",https://www.milanotoday.it/eventi/-rassegna-so-jazz-via-parenzo-ingresso-gratis.html,Musica e vita notturna,"Via privata Parenzo, Restocco Maroni, Ronchetto Sul Naviglio, Municipio 6, Milano, Lombardia, 20146, Italia",45.4417014,9.1409235
Spettacoli,02-10-20,2020-10-02,"Via Filodrammatici 2,20121, Milano, MI,Italia",Teatro Alla Scala,Gala di Balletto,https://www.teatro.it/spettacoli/milano/teatro-alla-scala/2020-2021/gala-di-balletto,Teatro e spettacolo,"2, Via Filodrammatici, Brera, Milano, Lombardia, 20121, Italia",45.4676198,9.1884287
Spettacoli,02-10-20,2020-10-02,"Via Pier Lombardo 14,20135, Milano, MI,Italia",Franco Parenti - Sala Blu,Black Dick,https://www.teatro.it/spettacoli/milano/franco-parenti-sala-acomea/2020-2021/black-dick,Teatro e spettacolo,"Via Pier Lombardo, Porta Romana, Municipio 4, Milano, Lombardia, 20135, Italia",45.4542958,9.2063109
,04-10-20,2020-10-03,"Via Novegro, Milano, MI",Parco Esposizioni Novegro Milano/Linate Aeroporto,Una nuova edizione imperdibile al Parco Esposizioni Novegro di Milano per Quattrozampeinfiera,https://www.milanotoday.it/eventi/quattrozampeinfiera-milano.html,Non classificato,"Via Novegro, Novegro, Segrate, Milano, Lombardia, 20054, Italia",45.4688231,9.2825667
Mostre,21-10-20,2020-10-03,"Via Giuseppe Dall'Occo, 1, Milano, MI",Galleria Click Art,Arte su carta,https://www.milanotoday.it/eventi/arte-su-carta-2020.html,Arte e cultura,"Via Giuseppe Dall'Occo, Cormano, Zona Omogenea Milano Nord, Milano, Lombardia, 20032, Italia",45.5444599,9.1691639
Visita Libera,04-10-20,2020-10-03,"via Collodi, Milano, MI",Luogo sconosciuto,GIORNATE EUROPEE DEL PATRIMONIO 2020 - PAN Parco Amphitheatrum naturae. Alla scoperta dei ritrovamenti dell’Anfiteatro romano di Milano,,Arte e cultura,"Via Collodi, Cascina Croce, Cornaredo, Milano, Lombardia, 20008, Italia",45.4972467,9.006339
Disco&Feste,03-10-20,2020-10-03,"pac, Milano, MI",PAC - Padiglione d’arte contemporanea,Arpa elettrica e sintetizzatori: al PAC la nuova festa di Le Cannibale,https://www.milanotoday.it/eventi/festa-pac-le-cannibale-biglietti.html,Musica e vita notturna,"Padiglione d'Arte Contemporanea, Via Palestro, Guastalla, Municipio 1, Milano, Lombardia, 20100, Italia",45.4728051,9.1990608
Incontri,03-10-20,2020-10-03,"Via Gaetano de Castillia, 18, Milano, MI",BAM Biblioteca degli Alberi,Alla Biblioteca degli Alberi spettacoli e laboratori per adulti e bambini. Ingresso gratuito,https://www.milanotoday.it/eventi/bam-incontri-gratis-per-bambini-sabato-3-ottobre.html,Formazione e networking,"Via Gaetano De Castillia, Isola, Municipio 9, Milano, Lombardia, 20100, Italia",45.4858553,9.1928992
Concerti,03-10-20,2020-10-03,"Via Pasquale Sottocorno, 27, Milano, MI",Settimo Senso 28,Blodaun dinner in jazz | mirko fait duet,https://www.milanotoday.it/eventi/blodaun-dinner-in-jazz-mirko-fait-duet-mirko-fait.html,Musica e vita notturna,"Ricci Osteria, 27, Via Pasquale Sottocorno, XXII Marzo, Municipio 4, Milano, Lombardia, 20129, Italia",45.4662072,9.2119112
Incontri,04-10-20,2020-10-03,"Via San Vittore, 21, Milano, MI",Museo Nazionale della Scienza e della Tecnologia Leonardo da Vinci,Profumo 30 anni di emozioni,https://www.milanotoday.it/eventi/profumo-30-anni-di-emozioni-2020.html,Formazione e networking,"21, Via San Vittore, Magenta - San Vittore, Municipio 1, Milano, Lombardia, 20123, Italia",45.4628946,9.1706462
Manifestazioni,03-10-20,2020-10-03,"Via Riccardo Pitteri, 58, Milano, MI",Teatro Martinitt,Al Teatro Martinitt una grande festa gratis: quando e dove,https://www.milanotoday.it/eventi/festa-gratis-lambrate-teatro-martinitt-quando-dove.html,Altri eventi,"Via Riccardo Pitteri, Lambrate, Municipio 3, Milano, Lombardia, 20134, Italia",45.4805358,9.2454637
Manifestazioni,11-10-20,2020-10-03,"Via Tortona, 27, Milano, MI",Superstudiopiù,"YogaFestival Milano, due week-end di lezioni dal vivo e on-line",https://www.milanotoday.it/eventi/yogafestival-lezioni-superstudio-quando.html,Altri eventi,"Mandarina duck, 27, Via Tortona, Tortona, Municipio 6, Milano, Lombardia, 20144, Italia",45.4506784,9.1634775
Auto e moto,04-10-20,2020-10-03,"Via Vigevano, 18, Milano, MI",Tenoha Milano,"Il 3 e 4 ottobre, scopri come la mobilità sostenibile supporta un futuro più green",https://www.milanotoday.it/eventi/roadshow-bmw-mobilita-sostenibile-milano-ottobre-2020.html,Altri eventi,"18, Via Vigevano, Navigli, Municipio 6, Milano, Lombardia, 20144, Italia",45.4531222,9.1729103
Spettacoli,04-10-20,2020-10-04,"Via Filodrammatici 2,20121, Milano, MI,Italia",Teatro Alla Scala,Recital - Erwin Schrott,https://www.teatro.it/spettacoli/milano/teatro-alla-scala/2020-2021/concerto-erwin-schrott,Teatro e spettacolo,"2, Via Filodrammatici, Brera, Milano, Lombardia, 20121, Italia",45.4676198,9.1884287
Incontri,04-10-20,2020-10-04,"Piazzale Cimitero Monumentale, Milano, MI",Cimitero Monumentale,"Cimitero Monumentale, un appuntamento speciale per i più piccoli tra racconti e filastrocche",https://www.milanotoday.it/eventi/incontro-bambini-cimitero-monumentale.html,Formazione e networking,"Piazzale Cimitero Monumentale, Sarpi, Porta Volta, Municipio 8 di Milano, Milano, Lombardia, 20154, Italia",45.4857409,9.1815302
Cibo e Vino,04-10-20,2020-10-04,"Via Vittorio Emanuele II', 48, Milano, MI","Villa Bagatti Valsecchi, Varedo",La prima pizzoccherata d'autunno a Villa Bagatti Valsecchi,https://www.milanotoday.it/eventi/sagra-pizzoccheri-villa-bagatti-varedo-quando.html,Enogastronomia,"Via Vittorio Emanuele II, Casorate Primo, Pavia, Lombardia, 27022, Italia",45.3166648,9.0283048
Mostre,22-12-20,2020-10-06,"Via Filippo Turati, 38, Milano, MI",Federico Rui Arte Contemporanea,Waw! 1/work 1/artist 1/week,https://www.milanotoday.it/eventi/waw-1-work-1-artist-1-week-2020.html,Arte e cultura,"38, Via Filippo Turati, Brera, Municipio 1, Milano, Lombardia, 20100, Italia",45.476803,9.1956518
Mostre,20-11-20,2020-10-06,"Via Forcella 7, Milano, MI",ESH Gallery,Alice Zanin. Teatime in chinatown,https://www.milanotoday.it/eventi/alice-zanin-teatime-in-chinatown-alice-zanin-2020.html,Arte e cultura,"Via Vincenzo Forcella, Tortona, Municipio 6, Milano, Lombardia, 20144, Italia",45.452594,9.1673964
Incontri,06-10-20,2020-10-06,"Via Giacomo Watt 15, Milano, MI",Megawatt Court,Ultrauffici per ultracorpi,https://www.milanotoday.it/eventi/ultrauffici-per-ultracorpi-2020.html,Formazione e networking,"15, Via Giacomo Watt, Barona, Municipio 6, Milano, Lombardia, 20143, Italia",45.4437005,9.1517498
Spettacoli,06-10-20,2020-10-06,"Corso Buenos Aires 33,20124, Milano, MI,Italia",Elfo Puccini - sala Shakespeare,Tra le linee,https://www.teatro.it/spettacoli/milano/elfo-puccini-sala-shakespeare/2020-2021/tra-le-linee,Teatro e spettacolo,"Teatro Elfo Puccini, 33, Corso Buenos Aires, Buenos Aires - Venezia, Municipio 3, Milano, Lombardia, 20124, Italia",45.4794317,9.2098387
Concerti,06-10-20,2020-10-06,"Via Conservatorio, 12, Milano, MI",Conservatorio Giuseppe Verdi,Il canto della rinascita: Domani è musica,https://www.milanotoday.it/eventi/domani-musica-concerto.html,Musica e vita notturna,"Via Conservatorio, Guastalla, Municipio 1, Milano, Lombardia, 20122, Italia",45.4658084,9.2027724
Manifestazioni,20-12-20,2020-10-06,"Viale Emilio Alemagna, 6, Milano, MI",La Triennale,"Fog Performing Arts, in Triennale eventi di arte e laboratori aperti a tutti",https://www.milanotoday.it/eventi/fog-triennale-milano-performing-arts-quando-dove.html,Altri eventi,"Triennale Design Museum, 6, Viale Emilio Alemagna, Parco Sempione, Municipio 1, Milano, Lombardia, 20121, Italia",45.4721477,9.1734894
Mostre,01-11-20,2020-10-07,"Luraghi, Milano, MI",Il Centro,Mostra Alfa Romeo al Centro di Arese,https://www.milanotoday.it/eventi/mostra-alfa-romeo-arese-2020.html,Arte e cultura,"Casino Luraghi, Gorgonzola, Milano, Lombardia, 20064, Italia",45.5340623,9.418618
Mostre,07-01-21,2020-10-07,"Via Privata Passo Pordoi, 7/3, Milano, MI",Hub/Art,Linea nelle linee,https://www.milanotoday.it/eventi/linea-nelle-linee-antonella-bozzini-2020.html,Arte e cultura,"Via Passo Pordoi, Scalo Romana, Municipio 5, Milano, Lombardia, 20139, Italia",45.4364043,9.2092881
Incontri,11-10-20,2020-10-07,"Via Valenza, 2, Milano, MI",Ride Milano,"Gender project: scatti, incontri, musica e performance al Ride Milano",https://www.milanotoday.it/eventi/gender-project-scatti-incontri-musica-2020.html,Formazione e networking,"Via Valenza, Navigli, Municipio 6, Milano, Lombardia, 20144, Italia",45.4514071,9.1691656
Mostre,07-01-21,2020-10-07,"Via Privata Passo Pordoi, 7/3, Milano, MI",Hub/Art,Linea nelle linee,https://www.milanotoday.it/eventi/linea-nelle-linee-antonella-bozzini-2020.html,Arte e cultura,"Via Passo Pordoi, Scalo Romana, Municipio 5, Milano, Lombardia, 20139, Italia",45.4364043,9.2092881
Cibo e Vino,11-10-20,2020-10-08,"Piazzale Antonio Gramsci, Milano, MI",,Festival della birra a Cusano Milanino: ingresso gratis,https://www.milanotoday.it/eventi/festival-birra-cusano-milanino.html,Enogastronomia,"Piazzale Antonio Gramsci, Via Massimo D'Azeglio, Cusano, Cusano Milanino, Zona Omogenea Milano Nord, Milano, Lombardia, 20095, Italia",45.5505634,9.1805903
Incontri,09-11-20,2020-10-08,"Via Fatebenefratelli, 34, Milano, MI",Foto Ottica Cavour Leica Boutique,Milano città d'arte  mostra fotografica personale di Aniello Saravo,https://www.milanotoday.it/eventi/milano-citta-d-arte-mostra-fotografica-personale-di-aniello-saravo.html,Formazione e networking,"Tornabuoni Arte, 34, Via Fatebenefratelli, Cerchia dei Navigli, Municipio 1, Milano, Lombardia, 20121, Italia",45.4724349,9.1944029
Mostre,24-12-20,2020-10-08,"C.so Venezia 29, Milano, MI",Marcorossi artecontemporanea,Valerio Berruti. Tracce,https://www.milanotoday.it/eventi/valerio-berruti-tracce-valerio-berruti-2020.html,Arte e cultura,"29, Corso Venezia, Guastalla, Municipio 1, Milano, Lombardia, 20121, Italia",45.4695538,9.1997858
Mostre,31-10-20,2020-10-08,"Via Benedetto Marcello, 46, Milano, MI",Galleria Manifiesto Blanco,Mostra finestre di luce nei boschi - Shoko okumura @ manifiesto blanco,https://www.milanotoday.it/eventi/mostra-finestre-di-luce-nei-boschi-shoko-2020.html,Arte e cultura,"Manifiesto Blanco, 46, Via Benedetto Marcello, Buenos Aires - Venezia, Municipio 3, Milano, Lombardia, 20124, Italia",45.4830737,9.2106807
Mostre,08-11-20,2020-10-09,"Via Santa Marta, Milano, MI",Spazio Big,"Luogo Sensibile, la nuova mostra dell'artista Silvia Ciaccio",https://www.milanotoday.it/eventi/mostra-silvia-ciaccio-santa-marta.html,Arte e cultura,"Via Santa Marta, Cerchia dei Navigli, Municipio 1, Milano, Lombardia, 20123, Italia",45.4630487,9.1836553
Mostre,27-06-21,2020-10-09,"Piazza del Duomo, Milano, MI",Museo del Novecento,"Museo del Novecento, una mostra dedicata alla grande astrattista Carla Accardi",https://www.milanotoday.it/eventi/museo-del-novecento-mostra-carla-accardi.html,Arte e cultura,"Piazza del Duomo, Duomo, Municipio 1, Milano, Lombardia, Italia",45.4639102,9.1906398
Teatri,18-10-20,2020-10-09,"Via Rivoli, 6, Milano, MI",Piccolo Teatro Studio Melato,"""Tu es libre"": al Piccolo Teatro uno spettacolo dedicato alla conversione",https://www.milanotoday.it/eventi/tu-es-libre-spettacolo-piccolo-teatro.html,Teatro e spettacolo,"6, Via Rivoli, Brera, Municipio 1, Milano, Lombardia, 20121, Italia",45.4726093,9.182881
Mostre,27-06-21,2020-10-09,"Piazza del Duomo, Milano, MI",Museo del Novecento,"Museo del Novecento, una mostra dedicata alla grande astrattista Carla Accardi",https://www.milanotoday.it/eventi/museo-del-novecento-mostra-carla-accardi.html,Arte e cultura,"Piazza del Duomo, Duomo, Municipio 1, Milano, Lombardia, Italia",45.4639102,9.1906398
Incontri,09-10-20,2020-10-09,"Viale Gadio, 6, Milano, MI",Acquario Civico,I media e i volti dello stigma,https://www.milanotoday.it/eventi/i-media-e-i-volti-dello-stigma.html,Formazione e networking,"Viale Gerolamo Gadio, Parco Sempione, Municipio 1, Milano, Lombardia, 20121, Italia",45.4722723,9.1791554
Mostre,28-10-20,2020-10-09,"Corso di Porta Ticinese 69, Milano, MI",spazioRAW,Centenari - Luigi Corda - Bìfoto fest,https://www.milanotoday.it/eventi/centenari-luigi-corda-bifoto-fest-luigi-corda-2020.html,Arte e cultura,"Laboratorio Tam Tam, 69, Corso di Porta Ticinese, Ticinese, Municipio 1, Milano, Lombardia, 20123, Italia",45.4567134,9.1809051
,11-10-20,2020-10-09,"Via Scaldasole, 7, Milano, MI",Spazio Six,'Viva la vulva': a Milano la mostra sui tabù del corpo femminile e del sangue mestruale,https://www.milanotoday.it/eventi/viva-vulva-mostra.html,Non classificato,"Una cosa, 7, Via Scaldasole, Ticinese, Municipio 1, Milano, Lombardia, 20123, Italia",45.4546263,9.1789354
Concerti,09-10-20,2020-10-09,"Via Pisanello, 1, Milano, MI",Centro Culturale Rosetum,Rosetum jazz festival #3: alessandro sgobbio-piano solo,https://www.milanotoday.it/eventi/rosetum-jazz-festival-3-alessandro-sgobbio-2020.html,Musica e vita notturna,"Via Pisanello, Bande Nere, Municipio 7, Milano, Lombardia, 20148, Italia",45.4672182,9.140416
Mostra,27-06-21,2020-10-09,"piazza Duomo, Milano, MI",Museo del Novecento di Milano,Carla Accardi. Contesti,,Arte e cultura,"Piazza del Duomo, Duomo, Municipio 1, Milano, Lombardia, Italia",45.4639102,9.1906398
Incontri,10-10-20,2020-10-10,"Via Monte Bianco 35, Milano, MI",Circolo Auser Sempreverdi,"Presentazione del libro ""il popolo delle sabbie""",https://www.milanotoday.it/eventi/presentazione-del-libro-il-popolo-delle-sabbie-2020.html,Formazione e networking,"Associazione di promozione sociale Auser ""Sempreverdi"", 35, Via Monte Bianco, Valleambrosia, Rozzano, Milano, Lombardia, 20089, Italia",45.3980683,9.1548446
Incontri,11-10-20,2020-10-10,"Via Enrico Besana, 12, Milano, MI",MUBA – Museo dei Bambini di Milano,"Muba, due speciali giornate gratis per i bambini insieme agli artisti",https://www.milanotoday.it/eventi/muba-incontri-bambini-gratis-rotonda-besana.html,Formazione e networking,"MUBA - Museo dei Bambini, 12, Via Enrico Besana, Guastalla, Municipio 1, Milano, Lombardia, 20122, Italia",45.4599507,9.2051279
Incontri,10-10-20,2020-10-10,"Via Vigevano, Milano, MI",Tenoha Milano,"Tenoha Milano, un incontro per imparare a decorare i tessuti con lo Shibori giapponese",https://www.milanotoday.it/eventi/tenoha-incontro-tessuti-giapponesi.html,Formazione e networking,"Via Vigevano, Navigli, Municipio 6, Milano, Lombardia, 20123, Italia",45.4529051,9.1745879
Concerti,10-10-20,2020-10-10,"via Banfi, Milano, MI",Area giochi Parco Giovanni II – Giardini di piazza Vetra,Verdinote. Laboratori di musica per bambini sotto gli alberi,https://www.milanotoday.it/eventi/verdinote-laboratori-di-musica-2020.html,Musica e vita notturna,"Via Gianluigi Banfi, Gratosoglio - Ticinello, Municipio 5, Milano, Lombardia, 20142, Italia",45.4139627,9.1651478
Spettacoli,10-10-20,2020-10-10,"Via Alessandro Manzoni 42,20121, Milano, MI,Italia",Manzoni,Rhapsody,https://www.teatro.it/spettacoli/milano/manzoni/2020-2021/queenmania-rhapsody,Teatro e spettacolo,"Teatro Manzoni, 42, Via Alessandro Manzoni, Cerchia dei Navigli, Municipio 1, Milano, Lombardia, 20121, Italia",45.4710286,9.1944762
Spettacoli,10-10-20,2020-10-10,"via Procaccini,4,20100, Milano, MI,Italia",La Fabbrica del Vapore,Le due vergini,https://www.teatro.it/spettacoli/milano/la-fabbrica-del-vapore/2020-2021/le-due-vergini,Teatro e spettacolo,"4, Via Giulio Cesare Procaccini, Bullona, Porta Volta, Municipio 8 di Milano, Milano, Lombardia, 20154, Italia",45.4839945,9.1753796
Mercatini,11-10-20,2020-10-11,"Via Luigi Nono, 9, Milano, MI",Tempio del Futuro Perduto,Remira market 11 ottobre,https://www.milanotoday.it/eventi/remira-market-11-ottobre-2020.html,Mercati e shopping,"9, Via Luigi Nono, Bullona, Porta Volta, Municipio 8 di Milano, Milano, Lombardia, 20154, Italia",45.4864027,9.1751051
Altro,11-10-20,2020-10-11,"Via Senato, Milano, MI",Soprintendenza Archivistica e Bibliografica della Lombardia,Archibibliatria - La tutela che cura,,Altri eventi,"Via Senato, Cerchia dei Navigli, Municipio 1, Milano, Lombardia, 20121, Italia",45.4714266,9.1962309
Incontri,11-10-20,2020-10-11,"Viale Monza, 16, Milano, MI",Scuola Tao,Open day Scuolatao Milano giornata - 11 ottobre 2020,https://www.milanotoday.it/eventi/open-day-scuolatao-milano-giornata-11-ottobre-2020.html,Formazione e networking,"16, Viale Monza, Loreto, Municipio 2, Milano, Lombardia, 20127, Italia",45.488845,9.2177023
Concerti,11-10-20,2020-10-11,"Viale Lucania, 18, Milano, MI",Chiesina di San Vittore e 40 Martiri,"Concerto lirico: ""Corvetto in lirica""",https://www.milanotoday.it/eventi/concerto-lirico-corvetto-in-lirica-ekaterina-adamova-2020.html,Musica e vita notturna,"Viale Lucania, Lodi - Corvetto, Municipio 4, Milano, Lombardia, 20139, Italia",45.4430378,9.2239399
Disco&Feste,11-10-20,2020-10-11,"Via Valenza, 2, Milano, MI",Ride Milano,"Ride Milano, la festa di Le Cannibale con il dj Fabio Monesi. Si entra gratis",https://www.milanotoday.it/eventi/ride-milano-festa-le-cannibale-gratis.html,Musica e vita notturna,"Via Valenza, Navigli, Municipio 6, Milano, Lombardia, 20144, Italia",45.4514071,9.1691656
Mostre,18-10-20,2020-10-11,"Via Torino 64, Milano, MI",Art Mall,Evento mostra d’ arte contemporanea serata musicale Art mall,https://www.milanotoday.it/eventi/evento-mostra-d-arte-contemporanea-serata-2020.html,Arte e cultura,"Suite Benedict, 64, Via Torino, Cerchia dei Navigli, Municipio 1, Milano, Lombardia, 20123, Italia",45.46077,9.1825368
Spettacoli,11-10-20,2020-10-11,"Corso Magenta 24,20123, Milano, MI,Italia",MTM - Litta,Abracadabra – incantesimi di Mario Mieli [studio #4],https://www.teatro.it/spettacoli/milano/mtm-litta/2020-2021/abracadabra-incantesimi-di-mario-mieli-studio-4,Teatro e spettacolo,"Soprintendenza Archeologia, Belle Arti e Paesaggio per la Città Metropolitana  di Milano, 24, Corso Magenta, Cerchia dei Navigli, Municipio 1, Milano, Lombardia, 20123, Italia",45.4661897,9.1783767
Incontri,05-10-20,2020-10-12,"Piazza del Duomo, Milano, MI",La Feltrinelli,"Feltrinelli Duomo, un incontro gratis con Luca Bottura ed Enrico Bertolino",https://www.milanotoday.it/eventi/incontro-feltrinelli-luca-bottura-enrico-bertolino.html,Formazione e networking,"Piazza del Duomo, Duomo, Municipio 1, Milano, Lombardia, Italia",45.4639102,9.1906398
Mostre,10-01-21,2020-10-12,"Corso Vittorio Emanuele II, Milano, MI",Centro di Milano,"La guerra al covid vista con gli occhi di medici, infermieri: la mostra in centro a Milano",https://www.milanotoday.it/eventi/mostra-coronavirus-medici.html,Arte e cultura,"Corso Vittorio Emanuele Secondo, Duomo, Municipio 1, Milano, Lombardia, 20122, Italia",45.4649238,9.1937116
Incontri,12-10-20,2020-10-12,"Piazza Castello, 2, Milano, MI",Casa della Psicologia,Lockdown e isolamento al polo sud: si assomigliano oppure no?,https://www.milanotoday.it/eventi/lockdown-e-isolamento-al-polo-sud.html,Formazione e networking,"Bar Castello, 2, Piazza Castello, Brera, Municipio 1, Milano, Lombardia, 20121, Italia",45.4690445,9.1818105
Mostre,10-01-21,2020-10-12,"Corso Vittorio Emanuele II, Milano, MI",Centro di Milano,"La guerra al covid vista con gli occhi di medici, infermieri: la mostra in centro a Milano",https://www.milanotoday.it/eventi/mostra-coronavirus-medici.html,Arte e cultura,"Corso Vittorio Emanuele Secondo, Duomo, Municipio 1, Milano, Lombardia, 20122, Italia",45.4649238,9.1937116
Concerti,21-12-20,2020-10-12,"Via Filodrammatici, 2, Milano, MI",Teatro alla Scala,Annullato: una rassegna di concerti di giovani talenti al Ridotto dei Palchi del Teatro alla Scala,https://www.milanotoday.it/eventi/concerti-ridotto-palchi-teatro-scala-biglietti.html,Musica e vita notturna,"2, Via Filodrammatici, Brera, Milano, Lombardia, 20121, Italia",45.4673781,9.188701
Teatri,25-10-20,2020-10-13,"largo Greppi, Milano, MI",Piccolo Teatro Strehler,"Paolo Rossi in scena con ""Pane o libertà"" al Piccolo Teatro. Orari e biglietti",https://www.milanotoday.it/eventi/spettacolo-paolo-rossi-piccolo-teatro.html,Teatro e spettacolo,"Largo Antonio Greppi, Cerchia dei Navigli, Municipio 1, Milano, Lombardia, 20121, Italia",45.4718248,9.1828857
Incontri,31-01-21,2020-10-13,"Via San Vittore, 21, Milano, MI",Museo Nazionale della Scienza e della Tecnologia,Il Museo della Scienza apre la Sala del Cenacolo al pubblico. Quando visitarla,https://www.milanotoday.it/eventi/museo-scienza-visita-sala-del-cenacolo-quando.html,Formazione e networking,"21, Via San Vittore, Magenta - San Vittore, Municipio 1, Milano, Lombardia, 20123, Italia",45.4628946,9.1706462
Moda,18-10-20,2020-10-13,"Via Alessandro Volta, 7A, Milano, MI",Moscova District Market,Voglia di affari? Ecco la Private Sale al Moscova District Market,https://www.milanotoday.it/eventi/voglia-di-affari-ecco-la-private-sale-al-moscova-district-market.html,Mercati e shopping,"7a, Via Alessandro Volta, Brera, Municipio 1, Milano, Lombardia, 20121, Italia",45.4794117,9.1836722
Incontri,31-01-21,2020-10-13,"Via San Vittore, 21, Milano, MI",Museo Nazionale della Scienza e della Tecnologia,Il Museo della Scienza apre la Sala del Cenacolo al pubblico. Quando visitarla,https://www.milanotoday.it/eventi/museo-scienza-visita-sala-del-cenacolo-quando.html,Formazione e networking,"21, Via San Vittore, Magenta - San Vittore, Municipio 1, Milano, Lombardia, 20123, Italia",45.4628946,9.1706462
Mostre,28-10-20,2020-10-13,"Via Antonio Cecchi, 8, Milano, MI",SBLU_spazioalbello,Domenico Liguigli / Julian soardi - Sulla soglia del tempo,https://www.milanotoday.it/eventi/domenico-liguigli-julian-soardi-sulla-soglia-del-tempo-2020.html,Arte e cultura,"Via Antonio Cecchi, Washington, Municipio 7, Milano, Lombardia, 20146, Italia",45.4606001,9.1512169
Incontri,27-10-20,2020-10-13,"Via Andrea Maria Ampère, 27, Milano, MI",Spazio Arte Tolomeo,Amars II,https://www.milanotoday.it/eventi/amars-ii-2020.html,Formazione e networking,"27, Via Andrea Maria Ampère, Città Studi, Municipio 3, Milano, Lombardia, 20131, Italia",45.4816019,9.2263908
Incontri,14-10-20,2020-10-14,"Via Girola 1, Milano, MI",CPS via Cherasco ang. via Girola,Trova la via... oltre la pandemia,https://www.milanotoday.it/eventi/trova-la-via-oltre-la-pandemia-2020-1.html,Formazione e networking,"Via Carlo Girola, Niguarda - Cà Granda, Municipio 9, Milano, Lombardia, 20162, Italia",45.510272,9.1954049
Incontri,14-10-20,2020-10-14,"Piazza del Duomo, Milano, MI",Duomo,Conferenza in memoria di Beethoven al Duomo di Milano,https://www.milanotoday.it/eventi/conferenza-incontro-beethoven-duomo.html,Formazione e networking,"Piazza del Duomo, Duomo, Municipio 1, Milano, Lombardia, Italia",45.4639102,9.1906398
,14-10-20,2020-10-14,"Via Sant'Antonio, 5, Milano, MI","Centro Pastorale Ambrosiano, Sala Pio XII",L'Italia ai tempi del covid - nando pagnoncelli,https://www.milanotoday.it/eventi/l-italia-ai-tempi-del-covid-nando-pagnoncelli-2020.html,Non classificato,"5, Via Sant'Antonio, Duomo, Municipio 1, Milano, Lombardia, 20122, Italia",45.4614519,9.1934697
Mostre,21-02-21,2020-10-15,"Via Chiese, 2, Milano, MI",Hangar Bicocca,Venti maxi installazioni sospese tra Cina ed Europa: la mostra gratis all'Hangar Bicocca,https://www.milanotoday.it/eventi/short-circuits-mostra-bicocca.html,Arte e cultura,"Iuta Bistrot, 2, Via Chiese, Bicocca, Municipio 9, Milano, Lombardia, 20126, Italia",45.5209859,9.21927
Concerti,23-11-20,2020-10-15,"Via Filodrammatici, 2, Milano, MI",Teatro alla Scala,"Festival Milano Musica, un mese di concerti in nove sedi diverse",https://www.milanotoday.it/eventi/festival-milano-musica-concerti-quando-dove.html,Musica e vita notturna,"2, Via Filodrammatici, Brera, Milano, Lombardia, 20121, Italia",45.4673781,9.188701
Incontri,25-10-20,2020-10-15,"Via Milano, 1",Chiesa S.Gianna Beretta Molla,Lode ad anima,https://www.milanotoday.it/eventi/lode-ad-anima-federico-ellade-peruzzotti-2020--.html,Formazione e networking,"1, Via Milano, Redecesio, Novegro, Segrate, Milano, Lombardia, 20054, Italia",45.4797275,9.2690727
,06-06-21,2020-10-15,"Via Chiese, 2, Milano, MI",Pirelli Hangar Bicocca,"Pirelli Hangar Bicocca, una mostra dedicata alle installazioni di Chen Zhen",https://www.milanotoday.it/eventi/pirelli-hangar-bicocca-mostra-chen-zhen.html,Non classificato,"Iuta Bistrot, 2, Via Chiese, Bicocca, Municipio 9, Milano, Lombardia, 20126, Italia",45.5209859,9.21927
Mostre,04-11-20,2020-10-15,"Via Lovanio, 6, Milano, MI",Amy D Arte Spazio,De_limita: abitare in quarantena,https://www.milanotoday.it/eventi/de_limita-abitare-in-quarantena-marco-de-santi-2020.html,Arte e cultura,"6, Via Lovanio, Brera, Municipio 1, Milano, Lombardia, 20121, Italia",45.4766942,9.1861782
Mostre,25-10-20,2020-10-15,"Via Milano, 1",Nuova chiesa S.Gianna Beretta Molla,Lode ad anima,https://www.milanotoday.it/eventi/lode-ad-anima-federico-ellade-peruzzotti-2020.html,Arte e cultura,"1, Via Milano, Redecesio, Novegro, Segrate, Milano, Lombardia, 20054, Italia",45.4797275,9.2690727
Mostre,21-02-21,2020-10-15,"Via Chiese, 2, Milano, MI",Hangar Bicocca,Venti maxi installazioni sospese tra Cina ed Europa: la mostra gratis all'Hangar Bicocca,https://www.milanotoday.it/eventi/short-circuits-mostra-bicocca.html,Arte e cultura,"Iuta Bistrot, 2, Via Chiese, Bicocca, Municipio 9, Milano, Lombardia, 20126, Italia",45.5209859,9.21927
,06-06-21,2020-10-15,"Via Chiese, 2, Milano, MI",Pirelli Hangar Bicocca,"Pirelli Hangar Bicocca, una mostra dedicata alle installazioni di Chen Zhen",https://www.milanotoday.it/eventi/pirelli-hangar-bicocca-mostra-chen-zhen.html,Non classificato,"Iuta Bistrot, 2, Via Chiese, Bicocca, Municipio 9, Milano, Lombardia, 20126, Italia",45.5209859,9.21927
Mostre,29-10-20,2020-10-16,"Via Valenza, 2, Milano, MI",Ride Milano,Ride Milano: l'hub culturale ospita l’installazione balla! di fabio weik,https://www.milanotoday.it/eventi/ride-milano-l-hub_culturale-2020.html,Arte e cultura,"Via Valenza, Navigli, Municipio 6, Milano, Lombardia, 20144, Italia",45.4514071,9.1691656
Mostre,25-10-20,2020-10-16,"Via Palestro, 14, Milano, MI",PAC,Al Pac arriva la mostra con le foto fatte dalle prostitute di Milano,https://www.milanotoday.it/eventi/mostra-pac-prostitute.html,Arte e cultura,"14, Via Palestro, Guastalla, Municipio 1, Milano, Lombardia, 20121, Italia",45.4729115,9.1995282
Manifestazioni,18-10-20,2020-10-16,"Piazzale dello Sport, 16, Milano, MI",Ippodromo di San Siro,Buon compleanno Ippodromo. Una festa speciale con il concerto di Dardust e una mostra aperta,https://www.milanotoday.it/eventi/festa-ippodromo-san-siro-cento-anni.html,Altri eventi,"Piazzale dello Sport, San Siro, Municipio 7, Milano, Lombardia, 20148, Italia",45.4804825,9.1291269
Teatri,01-11-20,2020-10-16,"Via Riccardo Pitteri, 58, Milano, MI",Teatro Martinitt,Riparte la Stagione teatrale del Martinitt. Dal 16 Ottobre in scena Mumble Mumble a prezzi scontati del 40%,https://www.milanotoday.it/eventi/teatro-martinitt-stagione-2020-21.html,Teatro e spettacolo,"Via Riccardo Pitteri, Lambrate, Municipio 3, Milano, Lombardia, 20134, Italia",45.4805358,9.2454637
Mostre,12-09-21,2020-10-17,"Viale Emilio Alemagna, 6, Milano, MI",La Triennale di Milano,"Triennale Milano, una grande mostra dedicata a Enzo Mari",https://www.milanotoday.it/eventi/enzo-mari-mostra-triennale.html,Arte e cultura,"Triennale Design Museum, 6, Viale Emilio Alemagna, Parco Sempione, Municipio 1, Milano, Lombardia, 20121, Italia",45.4721477,9.1734894
Incontri,17-10-20,2020-10-17,"Via Erba, 2, Milano, MI",Steflor,Un laboratorio per bambini alla scoperta del magico mondo dei lombrichi,https://www.milanotoday.it/eventi/laboratorio-steflor-bambini-giardinaggio-lombrichi.html,Formazione e networking,"2, Via Erba, Cusano, Cusano Milanino, Zona Omogenea Milano Nord, Milano, Lombardia, 20095, Italia",45.5520532,9.1840748
Mostre,12-09-21,2020-10-17,"Viale Emilio Alemagna, 6, Milano, MI",La Triennale di Milano,"Triennale Milano, una grande mostra dedicata a Enzo Mari",https://www.milanotoday.it/eventi/enzo-mari-mostra-triennale.html,Arte e cultura,"Triennale Design Museum, 6, Viale Emilio Alemagna, Parco Sempione, Municipio 1, Milano, Lombardia, 20121, Italia",45.4721477,9.1734894
Mostre,07-02-21,2020-10-17,"Viale Emilio Alemagna, 6, Milano, MI",La Triennale di Milano,Sospesa: In Triennale una mostra fotografica dedicata agli indigeni minacciati dai cercatori d’oro,https://www.milanotoday.it/eventi/mostra-triennale-indigeni-brasile.html,Arte e cultura,"Triennale Design Museum, 6, Viale Emilio Alemagna, Parco Sempione, Municipio 1, Milano, Lombardia, 20121, Italia",45.4721477,9.1734894
Mostre,18-10-20,2020-10-17,"Corso Sempione, 37, Milano, MI",Crespi Bonsai Museum,Bonsai da collezione e arte asiatica in esposizione,https://www.milanotoday.it/eventi/bonsai-da-collezione-e-arte-asiatica-in-esposizione-2020.html,Arte e cultura,"Corso Sempione, Sarpi, Bullona, Municipio 8 di Milano, Milano, Lombardia, 20155, Italia",45.4829626,9.1628641
Incontri,18-10-20,2020-10-17,"Via San Basilio, 7, Milano, MI",La Megaditta,A Nick Cave tribute,https://www.milanotoday.it/eventi/a-nick-cave-tribute-kicking-pricks-2020.html,Formazione e networking,"7, Via San Basilio, Greco, Municipio 9, Milano, Lombardia, 20125, Italia",45.5087028,9.2082398
Manifestazioni,18-10-20,2020-10-17,"Piazza Castello, Milano, MI",,"Flor Milano, due giorni di fiori e piante al Castello Sforzesco. Si entra gratis",https://www.milanotoday.it/eventi/flor-esposizione-fiori-piante-gratis-castello-sforzesco.html,Altri eventi,"Piazza Castello, Cerchia dei Navigli, Municipio 1, Milano, Lombardia, Italia",45.4704699,9.1819129
Spettacoli,17-10-20,2020-10-17,"Via Rovello 2,20121, Milano, MI,Italia",Piccolo Teatro - Teatro Grassi,Con il vostro irridente silenzio,https://www.teatro.it/spettacoli/milano/piccolo-teatro-teatro-grassi/2020-2021/con-il-vostro-irridente-silenzio,Teatro e spettacolo,"2, Via Rovello, Brera, Milano, Lombardia, 20121, Italia",45.4665188,9.1847651
Mostre,25-10-20,2020-10-17,"Via Aosta, 17, Milano, MI",Contemporary Art Space,Tempus fugit - Viaggio nella grande bellezza,https://www.milanotoday.it/eventi/tempus-fugit-viaggio-nella-grande-bellezza-2020.html,Arte e cultura,"17, Via Aosta, Bullona, Ghisolfa, Municipio 8 di Milano, Milano, Lombardia, 20155, Italia",45.4920873,9.1657754
Concerti,18-10-20,2020-10-17,"Via Chiese, 2, Milano, MI",HangarBicocca,Dall’Hangar Bicocca al Teatro alla Scala s'inaugura il Festival Milano Musica,https://www.milanotoday.it/eventi/festival-milano-musica-2020-biglietti.html,Musica e vita notturna,"Iuta Bistrot, 2, Via Chiese, Bicocca, Municipio 9, Milano, Lombardia, 20126, Italia",45.5209859,9.21927
Mostre,07-02-21,2020-10-17,"Viale Emilio Alemagna, 6, Milano, MI",La Triennale di Milano,Sospesa: In Triennale una mostra fotografica dedicata agli indigeni minacciati dai cercatori d’oro,https://www.milanotoday.it/eventi/mostra-triennale-indigeni-brasile.html,Arte e cultura,"Triennale Design Museum, 6, Viale Emilio Alemagna, Parco Sempione, Municipio 1, Milano, Lombardia, 20121, Italia",45.4721477,9.1734894
Spettacoli,17-10-20,2020-10-17,"Via Filodrammatici 2,20121, Milano, MI,Italia",Teatro Alla Scala,Concerto - Zubin Mehta,https://www.teatro.it/spettacoli/milano/teatro-alla-scala/2020-2021/concerto-zubin-mehta,Teatro e spettacolo,"2, Via Filodrammatici, Brera, Milano, Lombardia, 20121, Italia",45.4673781,9.188701
Manifestazioni,25-10-20,2020-10-17,"Via Francesco Daverio, 7, Milano, MI",Società Umanitaria,"Giornate FAI d'autunno 2020: cosa vedere a Milano, i luoghi aperti da visitare - Annullate",https://www.milanotoday.it/eventi/giornate-fai-autunno-cosa-vedere-milano.html,Altri eventi,"7p01, Via Francesco Daverio, Guastalla, Municipio 1, Milano, Lombardia, 20122, Italia",45.4588856,9.200906
Spettacoli,18-10-20,2020-10-18,"Via Rivoli 6,20121, Milano, MI,Italia",Piccolo Teatro - Studio Melato,Tu es libre,https://www.teatro.it/spettacoli/milano/piccolo-teatro-studio-melato/2020-2021/tu-es-libre,Teatro e spettacolo,"6, Via Rivoli, Brera, Municipio 1, Milano, Lombardia, 20121, Italia",45.4726093,9.182881
Mostre,18-10-20,2020-10-18,"Via Luigi Ornato, Milano, MI","Parco Nord Milano, Lago di Niguarda","Nadia Nespoli, immaginario_20",https://www.milanotoday.it/eventi/nadia-nespoli-immaginario_20-nadia-nespoli-2020.html,Arte e cultura,"Via Luigi Ornato, Niguarda - Cà Granda, Municipio 9, Milano, Lombardia, 20162, Italia",45.5176743,9.1916834
Spettacoli,18-10-20,2020-10-18,"Via G. di Vittorio 6,20090, Assago, MI,Italia",Repower,I mosaici di Liszt,https://www.teatro.it/spettacoli/assago/repower/2020-2021/i-mosaici-di-liszt,Teatro e spettacolo,"20090, Italy",45.407,9.1083
Concerti,18-10-20,2020-10-18,"Largo Gustav Mahler, Milano, MI",Auditorium Fondazione Cariplo,Concerto benefico per le donne migranti in Libano,https://www.milanotoday.it/eventi/concerto-benefico-per-le-donne-migranti-2020.html,Musica e vita notturna,"Largo Gustav Mahler, Ticinese, Municipio 5, Milano, Lombardia, 20136, Italia",45.4463151,9.1792547
Spettacoli,18-10-20,2020-10-18,"v. Cavallari 4,20013, Magenta, MI,Italia",Lirico,Schiava di Picasso,https://www.teatro.it/spettacoli/magenta/lirico/2020-2021/schiava-di-picasso,Teatro e spettacolo,"Via Brenno Cavallari, Magenta, Milano, Lombardia, 20013, Italia",45.4683141,8.8834486
Spettacoli,18-10-20,2020-10-18,"Via Filodrammatici 2,20121, Milano, MI,Italia",Teatro Alla Scala,Concerto - Mariangela Vacatello,https://www.teatro.it/spettacoli/milano/teatro-alla-scala/2020-2021/concerto-mariangela-vacatello,Teatro e spettacolo,"2, Via Filodrammatici, Brera, Milano, Lombardia, 20121, Italia",45.4673781,9.188701
Incontri,18-10-20,2020-10-18,"Piazza del Duomo, Milano, MI",Duomo,Una speciale visita per bambini al Duomo di Milano,https://www.milanotoday.it/eventi/visita-guidata-bambini-duomo-milano.html,Formazione e networking,"Piazza del Duomo, Duomo, Municipio 1, Milano, Lombardia, Italia",45.4639102,9.1906398
Concerto,19-10-20,2020-10-19,"via Brera, 28, Milano, MI",Pinacoteca di Brera - Biblioteca Nazionale Braidense di Milano,icon Brahms Primo Concerto online su BreraPlus.org,,Musica e vita notturna,"Pinacoteca di Brera, 28, Via Brera, Cerchia dei Navigli, Municipio 1, Milano, Lombardia, 20121, Italia",45.4722421,9.1884071
Convegno/conferenza,19-10-20,2020-10-19,"Via Brera, 28, Milano, MI",Pinacoteca di Brera,"Brera: ""ripensare un museo"". Conferenza online “Uno zoom sull’arte”",,Formazione e networking,"Pinacoteca di Brera, 28, Via Brera, Cerchia dei Navigli, Municipio 1, Milano, Lombardia, 20121, Italia",45.4722421,9.1884071
,31-10-20,2020-10-19,"Viale Federico Caprilli, Milano, MI",Milano,I murales di Stereal e Kayone per Chanel make up artist,https://www.milanotoday.it/eventi/i-murales-di-stereal-e-kayone-per-chanel-make-up-artist.html,Non classificato,"Viale Federico Caprilli, San Siro, Municipio 7, Milano, Lombardia, 20148, Italia",45.480299,9.1303398
Spettacoli,19-10-20,2020-10-19,"Via Filodrammatici 2,20121, Milano, MI,Italia",Teatro Alla Scala,Aida - In forma di concerto,https://www.teatro.it/spettacoli/milano/teatro-alla-scala/2020-2021/aida-in-forma-di-concerto,Teatro e spettacolo,"2, Via Filodrammatici, Brera, Milano, Lombardia, 20121, Italia",45.4673781,9.188701
Teatri,02-11-20,2020-10-19,"Largo Greppi, 1, Milano, MI",Piccolo Teatro Strehler,"Annullato: Mit Jazz Festival, la magia del jazz in tre concerti al Piccolo Teatro",https://www.milanotoday.it/eventi/mitjazz-festival-concerti-al-piccolo-teatro-biglietti.html,Teatro e spettacolo,"Largo Antonio Greppi, Cerchia dei Navigli, Municipio 1, Milano, Lombardia, 20121, Italia",45.4718248,9.1828857
Incontri,21-10-20,2020-10-20,"Via Privata della Braida, 5, Milano, MI",Aprés-Coup Bistrot,"Stazione Mito Futuro, simposio itinerante. Prima fermata",https://www.milanotoday.it/eventi/stazione-mito-futuro-apres-coup.html,Formazione e networking,"5, Via privata della Braida, Guastalla, Municipio 1, Milano, Lombardia, 20122, Italia",45.4543754,9.2020833
Teatri,25-10-20,2020-10-20,"Via Rivoli, 6, Milano, MI",Piccolo Teatro Studio Melato,Al Piccolo Teatro uno spettacolo con Stefano Massini e Paolo Jannacci: orari e biglietti,https://www.milanotoday.it/eventi/spettacolo-paolo-jannacci-piccolo-teatro.html,Teatro e spettacolo,"6, Via Rivoli, Brera, Municipio 1, Milano, Lombardia, 20121, Italia",45.4726093,9.182881
Teatri,24-10-20,2020-10-20,"Viale Monza, 140, Milano, MI",Zelig,Gli appuntamenti delle nuove registrazioni di Zelig e un incontro speciale con Sergio Sgrilli,https://www.milanotoday.it/eventi/spettacolo-zelig-biglietti-quando.html,Teatro e spettacolo,"Circolo familiare di unità proletaria, 140, Viale Monza, Municipio 2, Milano, Lombardia, 20127, Italia",45.5040914,9.222479
Spettacoli,20-10-20,2020-10-20,"Via Filodrammatici 2,20121, Milano, MI,Italia",Teatro Alla Scala,Recital - Marina Rebeka,https://www.teatro.it/spettacoli/milano/teatro-alla-scala/2020-2021/concerto-marina-rebeka,Teatro e spettacolo,"2, Via Filodrammatici, Brera, Milano, Lombardia, 20121, Italia",45.4673781,9.188701
Incontri,21-10-20,2020-10-21,"Via Mosè Bianchi, 94, Milano, MI",Centri PIME,"Mario Calabresi presenta il libro ""Quello che non ti dicono"" dedicato al prete missionario Piero Masolo",https://www.milanotoday.it/eventi/mario-calabresi-presenta-libro-centro-pime.html,Formazione e networking,"Auditorium PIME, 94, Via Mosè Bianchi, De Angeli - Monte Rosa, Municipio 7, Milano, Lombardia, 20149, Italia",45.4758537,9.1454989
Spettacoli,21-10-20,2020-10-21,"Via Filodrammatici 2,20121, Milano, MI,Italia",Teatro Alla Scala,Concerto Anna Netrebko / Riccardo Chailly,https://www.teatro.it/spettacoli/milano/teatro-alla-scala/2020-2021/concerto-anna-netrebko-riccardo-chailly,Teatro e spettacolo,"2, Via Filodrammatici, Brera, Milano, Lombardia, 20121, Italia",45.4673781,9.188701
Incontri,17-01-21,2020-10-21,"Via Privata Passo Pordoi, 7/3, Milano, MI",Hub/Art,Metamorphosis,https://www.milanotoday.it/eventi/metamorphosis-laura-benetton-2020.html,Formazione e networking,"Via Passo Pordoi, Scalo Romana, Municipio 5, Milano, Lombardia, 20139, Italia",45.4364043,9.2092881
Incontri,17-01-21,2020-10-21,"Via Privata Passo Pordoi, 7/3, Milano, MI",Hub/Art,Metamorphosis,https://www.milanotoday.it/eventi/metamorphosis-laura-benetton-2020.html,Formazione e networking,"Via Passo Pordoi, Scalo Romana, Municipio 5, Milano, Lombardia, 20139, Italia",45.4364043,9.2092881
Incontri,21-10-20,2020-10-21,"Viale Pasubio, 5, Milano, MI",Fondazione Giangiacomo Feltrinelli,"Uomo vs ambiente, un equilibrio precario: ecco il tema del prossimo incontro ""E se domani""",https://www.milanotoday.it/eventi/evento-uomo-natura-21-ottobre-eni-feltrinelli.html,Formazione e networking,"Fondazione Giangiacomo Feltrinelli, 5, Viale Pasubio, Porta Tenaglia, Municipio 1, Milano, Lombardia, 20154, Italia",45.4814126,9.1843952
Spettacoli,22-10-20,2020-10-22,"Via Filodrammatici 2,20121, Milano, MI,Italia",Teatro Alla Scala,Recital Straordinario - Jonas Kaufmann,https://www.teatro.it/spettacoli/milano/teatro-alla-scala/2020-2021/recital-straordinario-jonas-kaufmann,Teatro e spettacolo,"2, Via Filodrammatici, Brera, Milano, Lombardia, 20121, Italia",45.4673781,9.188701
Mostra,31-12-20,2020-10-22,"Via Brera, 28, Milano, MI",Pinacoteca di Brera,Performing RAFFAELLO - Serata MUNARI,,Arte e cultura,"Pinacoteca di Brera, 28, Via Brera, Cerchia dei Navigli, Municipio 1, Milano, Lombardia, 20121, Italia",45.4722421,9.1884071
Incontri,25-10-20,2020-10-23,"Via San Vittore, 21, Milano, MI",Museo Nazionale della Scienza e della Tecnologia,"Laboratori, dipinti e giochi: il week-end al Museo della Scienza è dedicato ai bambini",https://www.milanotoday.it/eventi/week-end-museo-scienza-attivita-bambini.html,Formazione e networking,"21, Via San Vittore, Magenta - San Vittore, Municipio 1, Milano, Lombardia, 20123, Italia",45.4628946,9.1706462
Concerti,23-10-20,2020-10-23,"Viale Emilio Alemagna, 6, Milano, MI",La Triennale di Milano,Un concerto di Franco D'Andrea alla Triennale di Milano. Orari e biglietti,https://www.milanotoday.it/eventi/concerto-franco-d-andrea-triennale-milano.html,Musica e vita notturna,"Triennale Design Museum, 6, Viale Emilio Alemagna, Parco Sempione, Municipio 1, Milano, Lombardia, 20121, Italia",45.4721477,9.1734894
Concerti,23-10-20,2020-10-23,"Via Pisanello, 1, Milano, MI",Centro Culturale Rosetum,Rosetum jazz festival #3: she's analog,https://www.milanotoday.it/eventi/rosetum-jazz-festival-3-she-s-analog-she-s-analog-2020.html,Musica e vita notturna,"Via Pisanello, Bande Nere, Municipio 7, Milano, Lombardia, 20148, Italia",45.4672182,9.140416
Cinema,30-10-20,2020-10-23,"Viale Fulvio Testi, Milano, MI",Fondazione Cineteca,Il film più belli di Ugo Tognazzi in una rassegna in streaming alla Cineteca di Milano,https://www.milanotoday.it/eventi/film-ugo-tognazzi-cineteca-milano-programma.html,Arte e cultura,"Viale Fulvio Testi, Niguarda - Cà Granda, Municipio 9, Milano, Lombardia, 20126, Italia",45.524861,9.2109947
Teatri,24-10-20,2020-10-24,"Viale Emilio Alemagna, 6, Milano, MI",Triennale Milano Teatro,Il viaggio di Neaco',https://www.milanotoday.it/eventi/il-viaggio-di-neaco-neaco-neapolitan-contamination.html,Teatro e spettacolo,"Triennale Design Museum, 6, Viale Emilio Alemagna, Parco Sempione, Municipio 1, Milano, Lombardia, 20121, Italia",45.4721477,9.1734894
Concerti,25-10-20,2020-10-24,"Via Monza, 12, Milano, MI",Biblioteca Comunale,"“Garbagnate Open Jazz Festival”, un intero week-end di concerti (gratis) in arrivo",https://www.milanotoday.it/eventi/garbagnate-festival-musica-programma.html,Musica e vita notturna,"12, Via Monza, Melzo, Milano, Lombardia, 20066, Italia",45.5006633,9.4302588
Incontri,04-11-20,2020-10-24,"Via Giuseppe Dall'Occo, 1, Milano, MI",Galleria Click Art,Logos,https://www.milanotoday.it/eventi/logos-michele-sliepcevich-2020.html,Formazione e networking,"Via Giuseppe Dall'Occo, Cormano, Zona Omogenea Milano Nord, Milano, Lombardia, 20032, Italia",45.5444673,9.1692278
Concerti,24-10-20,2020-10-24,"Corso Garibaldi, 27, Milano, MI",Cam Garibaldi,Concerto Stereomood,https://www.milanotoday.it/eventi/concerto-stereomood-stereomood-2020.html,Musica e vita notturna,"27, Corso Giuseppe Garibaldi, Brera, Municipio 1, Milano, Lombardia, 20121, Italia",45.4730231,9.18362
Incontri,25-10-20,2020-10-25,"Via Bovisasca, 59, Milano, MI",Spirit de Milan,Spirit of Gianni Rodari,https://www.milanotoday.it/eventi/spirit-of-gianni-rodari-luca-chieregato-2020.html,Formazione e networking,"Spirit de Milan, 59, Via Bovisasca, Bovisa, Municipio 9, Milano, Lombardia, 20157, Italia",45.5067143,9.1584748
Spettacoli,25-10-20,2020-10-25,"Corso Buenos Aires 33,20124, Milano, MI,Italia",Elfo Puccini - sala Shakespeare,Diplomazia,https://www.teatro.it/spettacoli/milano/elfo-puccini-sala-shakespeare/2020-2021/diplomazia-una-notte-per-salvare-parigi,Teatro e spettacolo,"Teatro Elfo Puccini, 33, Corso Buenos Aires, Buenos Aires - Venezia, Municipio 3, Milano, Lombardia, 20124, Italia",45.4794317,9.2098387
Mostre,13-12-20,2020-10-25,"Via Vigevano, 3, Milano, MI",Fondazione Arnaldo Pomodoro,Visite guidate Open Studio - Il teatro scolpito di Arnaldo Pomodoro,https://www.milanotoday.it/eventi/pomodoro-open-studio-visite-guidate.html,Arte e cultura,"Fondazione Arnaldo Pomodoro, 3, Via Vigevano, Navigli, Municipio 6, Milano, Lombardia, 20144, Italia",45.4523858,9.1755421
Teatri,25-10-20,2020-10-25,"Via Fratelli Zoia, 89, Milano, MI",Spazio Teatro 89,Lo spettacolo per bambini “E il bruco volò” allo Spazio Teatro 89. Orari e biglietti,https://www.milanotoday.it/eventi/spettacolo-bruco-volo-spazio-teatro-89-biglietti.html,Teatro e spettacolo,"Via Fratelli Zoia, La Viridiana, Forze Armate, Municipio 7, Milano, Lombardia, 20152, Italia",45.460948,9.1108287
,25-10-20,2020-10-25,"Via Corsico, 3, Milano, MI",Corte di Via Corsico 3,"Ricorditi di me, che son la Pia",https://www.milanotoday.it/eventi/ricorditi-di-me-che-son-la-pia-compagnia-carnevale-2020.html,Non classificato,"Ral8022, 3, Via Corsico, Navigli, Municipio 6, Milano, Lombardia, 20144, Italia",45.4523462,9.1734918
Spettacoli,25-10-20,2020-10-25,"Via Rivoli 6,20121, Milano, MI,Italia",Piccolo Teatro - Studio Melato,Storie - Stefano Massini,https://www.teatro.it/spettacoli/milano/piccolo-teatro-studio-melato/2020-2021/storie,Teatro e spettacolo,"6, Via Rivoli, Brera, Municipio 1, Milano, Lombardia, 20121, Italia",45.4726093,9.182881
Spettacoli,25-10-20,2020-10-25,"Corso Magenta 24,20123, Milano, MI,Italia",MTM - Litta,"Io, Ludwig van Beethoven",https://www.teatro.it/spettacoli/milano/litta/2020-2021/io-ludwig-van-beethoven,Teatro e spettacolo,"Soprintendenza Archeologia, Belle Arti e Paesaggio per la Città Metropolitana  di Milano, 24, Corso Magenta, Cerchia dei Navigli, Municipio 1, Milano, Lombardia, 20123, Italia",45.4661897,9.1783767
Manifestazioni,25-10-20,2020-10-25,"Piazza Alessandro Manzoni, 4, Milano, MI",Ex Monastero Olivetani,Una nuova mostra mercato del vinile a Nerviano: come scambiare dischi e cd,https://www.milanotoday.it/eventi/mostra-mercato-vinile-nerviano-dischi-e-cd.html,Altri eventi,"Piazza Alessandro Manzoni, Sant'Ilario, Nerviano, Milano, Lombardia, 20014, Italia",45.55368,8.9708681
Mostre,03-11-20,2020-10-25,"Alzaia Naviglio Grande, 4, Milano, MI",Vi.P. Gallery Milano,"Alessandra Cantamessa, deserti e altre storie",https://www.milanotoday.it/eventi/alessandra-cantamessa-deserti.html,Arte e cultura,"4, Alzaia Naviglio Grande, Navigli, Municipio 6, Milano, Lombardia, 20144, Italia",45.4521916,9.1761844
Spettacoli,25-10-20,2020-10-25,"Largo Antonio Greppi,20121, Milano, MI,Italia",Piccolo Teatro - Teatro Strehler,Paolo Rossi - Pane o libertà. Su la testa,https://www.teatro.it/spettacoli/milano/piccolo-teatro-teatro-strehler/2020-2021/pane-o-liberta-su-la-testa,Teatro e spettacolo,"Largo Antonio Greppi, Cerchia dei Navigli, Municipio 1, Milano, Lombardia, 20121, Italia",45.4718248,9.1828857
Spettacoli,25-10-20,2020-10-25,"Via Hermada,8,20162, Milano, MI,Italia",della Cooperativa,Nessun miracolo a Milano,https://www.teatro.it/spettacoli/milano/della-cooperativa/2020-2021/nessun-miracolo-a-milano,Teatro e spettacolo,"8, Via privata Hermada, Niguarda - Cà Granda, Municipio 9, Milano, Lombardia, 20162, Italia",45.5147872,9.1901457
Concerti,27-10-20,2020-10-27,"Via Brembo, 23, Milano, MI",GECKO23,"Jazzmi ""night and day"": trio niero fait longo al gecko23 con ""italian mood""",https://www.milanotoday.it/eventi/jazzmi-night-and-day-trio-niero-fait-longo-al-gecko23-2020.html,Musica e vita notturna,"23, Via Brembo, Scalo Romana, Municipio 5, Milano, Lombardia, 20135, Italia",45.4445111,9.2082161
Mostre,26-02-21,2020-10-27,"Corso Monforte, 23, Milano, MI",Studio Giangaleazzo Visconti,"Xxx - Antonio Catelani, Mario Dellavedova, Luca Pancrazzi",https://www.milanotoday.it/eventi/xxx-antonio-catelani-mario-dellavedova-luca-pancrazzi.html,Arte e cultura,"23, Corso Monforte, Guastalla, Municipio 1, Milano, Lombardia, 20122, Italia",45.467112,9.2012094
Concerti,27-10-20,2020-10-27,"Via Conservatorio, 12, Milano, MI",Conservatorio Giuseppe Verdi,Annullato: cinque fuoriclasse italiani della tastiera suonano al Conservatorio,https://www.milanotoday.it/eventi/concerti-conservatorio-verdi-calendario.html,Musica e vita notturna,"Via Conservatorio, Guastalla, Municipio 1, Milano, Lombardia, 20122, Italia",45.464677,9.2030999
Mostre,26-02-21,2020-10-27,"Corso Monforte, 23, Milano, MI",Studio Giangaleazzo Visconti,"Xxx - Antonio Catelani, Mario Dellavedova, Luca Pancrazzi",https://www.milanotoday.it/eventi/xxx-antonio-catelani-mario-dellavedova-luca-pancrazzi.html,Arte e cultura,"23, Corso Monforte, Guastalla, Municipio 1, Milano, Lombardia, 20122, Italia",45.467112,9.2012094
Teatri,01-11-20,2020-10-27,"Via Rivoli, 6, Milano, MI",Piccolo Teatro Studio Melato,"Annullato: Michele Serra, ""L'amaca di domani"" al Piccolo Teatro",https://www.milanotoday.it/eventi/spettacolo-michele-serra-piccolo-teatro.html,Teatro e spettacolo,"6, Via Rivoli, Brera, Municipio 1, Milano, Lombardia, 20121, Italia",45.4726093,9.182881
Incontri,28-10-20,2020-10-28,"Piazza Castello, Milano, MI",Castello Sforzesco,Una cerimonia al Castello Sforzesco (anche online) dedicata agli antichi strumenti musicali Monzino,https://www.milanotoday.it/eventi/cerimonia-castello-sforzesco-quando.html,Formazione e networking,"Piazza Castello, Cerchia dei Navigli, Municipio 1, Milano, Lombardia, Italia",45.4704699,9.1819129
Mostre,12-09-21,2020-10-28,"Piazza del Duomo, 12, Milano, MI",Palazzo Reale,"Imperatrici, contadine e artiste: le donne nell'arte russa in mostra a Milano",https://www.milanotoday.it/eventi/mostra-divine-avanguardie-palazzo-reale.html,Arte e cultura,"12, Piazza del Duomo, Duomo, Municipio 1, Milano, Lombardia, 20122, Italia",45.4631707,9.1911184
Mostre,14-11-20,2020-10-28,"Via Santa Maria Valle, 2, Milano, MI",Milan Art & Events Center,Hairuo ding. duality,https://www.milanotoday.it/eventi/hairuo-ding-duality-hairuo-ding-2020.html,Arte e cultura,"Fondazione Alessandro Durini, 2, Via Santa Maria Valle, Cerchia dei Navigli, Municipio 1, Milano, Lombardia, 20123, Italia",45.4600544,9.1838916
Mostra,12-09-21,2020-10-28,"piazza Duomo, Milano, MI",Palazzo Reale,Divine e Avanguardie. La donna in Russia. Dalle icone a Malevich e alle amazzoni dell’avanguardia,,Arte e cultura,"Piazza del Duomo, Duomo, Municipio 1, Milano, Lombardia, Italia",45.4639102,9.1906398
Concerti,28-10-20,2020-10-28,"Via Orcagna, 2, Milano, MI",Spazio Teatro No’hma,Il Teatro No'hma inaugura la nuova stagione con un doppio concerto in streaming,https://www.milanotoday.it/eventi/teatro-nohma-doppio-concerto.html,Musica e vita notturna,"2, Via Andrea Orcagna, Città Studi, Municipio 3, Milano, Lombardia, 20131, Italia",45.4812196,9.2281055
Mostre,12-09-21,2020-10-28,"Piazza del Duomo, 12, Milano, MI",Palazzo Reale,"Imperatrici, contadine e artiste: le donne nell'arte russa in mostra a Milano",https://www.milanotoday.it/eventi/mostra-divine-avanguardie-palazzo-reale.html,Arte e cultura,"12, Piazza del Duomo, Duomo, Municipio 1, Milano, Lombardia, 20122, Italia",45.4631707,9.1911184
,01-11-20,2020-10-29,"Piazza del Duomo, Milano, MI",Piazza Duomo,"Milano un salone a cielo aperto: ecco il Motor show, auto in mostra tra le vie della città",https://www.milanotoday.it/eventi/salone-auto-mostra-strada.html,Non classificato,"Piazza del Duomo, Duomo, Municipio 1, Milano, Lombardia, Italia",45.4639102,9.1906398
Spettacoli,29-10-20,2020-10-29,"Via Pier Lombardo 14,20135, Milano, MI,Italia",Franco Parenti - Sala Blu,Locke,https://www.teatro.it/spettacoli/milano/franco-parenti-sala-acomea/2020-2021/locke,Teatro e spettacolo,"Via Pier Lombardo, Porta Romana, Municipio 4, Milano, Lombardia, 20135, Italia",45.4542958,9.2063109
Concerti,29-10-20,2020-10-29,"Via Brembo, 23, Milano, MI",Gecko23,"Jazzmi: il trio leo jaculli baghino al gecko23 con ""nu jazz night""",https://www.milanotoday.it/eventi/jazzmi-il-trio-leo-jaculli-baghino-al-gecko23-con-nu-jazz.html,Musica e vita notturna,"23, Via Brembo, Scalo Romana, Municipio 5, Milano, Lombardia, 20135, Italia",45.4445111,9.2082161
Mostre,02-05-21,2020-10-29,"Piazza della Scala, 6, Milano, MI",Gallerie d'Italia di piazza Scala,Una nuova mostra di Tiepolo alle Gallerie d'Italia,https://www.milanotoday.it/eventi/mostra-tiepolo-gallerie-italia.html,Arte e cultura,"Gallerie d'Italia, 6, Piazza della Scala, Duomo, Municipio 1, Milano, Lombardia, 20121, Italia",45.467265,9.1905257
Mostre,02-05-21,2020-10-29,"Piazza della Scala, 6, Milano, MI",Gallerie d'Italia di piazza Scala,Una nuova mostra di Tiepolo alle Gallerie d'Italia,https://www.milanotoday.it/eventi/mostra-tiepolo-gallerie-italia.html,Arte e cultura,"Gallerie d'Italia, 6, Piazza della Scala, Duomo, Municipio 1, Milano, Lombardia, 20121, Italia",45.467265,9.1905257
Mostre,21-11-20,2020-10-29,"Via Brera, 2, Milano, MI",Galleria Ponte Rosso,"Mostre/a milano  l'arte ai tempi del lockdown:   ""good old days""    20 dipinti inediti di paolo paradiso",https://www.milanotoday.it/eventi/mostre-a-milano-l-arte-ai-tempi-del-lockdown.html,Arte e cultura,"Valstar, 2, Via Brera, Brera, Milano, Lombardia, 20121, Italia",45.4693543,9.1882354
Mostre,26-11-20,2020-10-29,"Via Brera, 2, Milano, MI",Galleria Ponte Rosso,"L'arte ai tempi del lockdown, una nuova mostra a Milano",https://www.milanotoday.it/eventi/arte-ai-tempi-del-lockdown-mostra.html,Arte e cultura,"Valstar, 2, Via Brera, Brera, Milano, Lombardia, 20121, Italia",45.4693543,9.1882354
Spettacoli,30-10-20,2020-10-30,"v. Matteotti 30,20064, Gorgonzola, MI,Italia",Sala Argentia,Teresa Mannino - Sento la Terra girare,https://www.teatro.it/spettacoli/gorgonzola/sala-argentia/2020-2021/teresa-mannino-sento-la-terra-girare,Teatro e spettacolo,"Sala Argentia, 30, Via Giacomo Matteotti, Gorgonzola, Milano, Lombardia, 20064, Italia",45.5327792,9.4032916
Mostra,21-03-21,2020-10-30,"Piazza della Scala, Milano, MI",Gallerie d'Italia,"Tiepolo. Venezia, Milano, l’Europa",,Arte e cultura,"Piazza della Scala, Duomo, Municipio 1, Milano, Lombardia, 20121, Italia",45.4672447,9.1901178
Mostre,20-11-20,2020-10-30,"Corso di Porta Ticinese, 69, Milano, MI",spazioRAW,Mondiali 2006 - Fabio Diena - Spazioraw,https://www.milanotoday.it/eventi/mondiali-2006-fabio-diena-spazioraw-fabio-diena.html,Arte e cultura,"Laboratorio Tam Tam, 69, Corso di Porta Ticinese, Ticinese, Municipio 1, Milano, Lombardia, 20123, Italia",45.4567134,9.1809051
Incontri,01-11-20,2020-10-30,"Via Giulio Cesare Procaccini, 4, Milano, MI",Fabbrica del Vapore,Rea art fair,https://www.milanotoday.it/eventi/rea-art-fair-artisti-emergenti-2020.html,Formazione e networking,"4, Via Giulio Cesare Procaccini, Bullona, Porta Volta, Municipio 8 di Milano, Milano, Lombardia, 20154, Italia",45.4839945,9.1753796
,03-12-20,2020-10-31,"Corso Magenta, 59, Milano, MI","Galleria Credito Valtellinese, Palazzo delle Stelline – Refettorio delle Stelline",The last supper recall,https://www.milanotoday.it/eventi/the-last-supper-recall-andy-warhol-daniel-spoerri.html,Non classificato,"Commissione Europea Ufficio Regionale a Milano della Rappresentanza in Italia, 59, Corso Magenta, Magenta - San Vittore, Municipio 1, Milano, Lombardia, 20123, Italia",45.4652761,9.1731075
Incontri,31-10-20,2020-10-31,"Via Roma, 213, Milano, MI",le star uffici,Halloween 2020 - evento online per bambini,https://www.milanotoday.it/eventi/halloween-2020-evento-online-2020.html,Formazione e networking,"Via Roma, San Domenico, Oltresempione, Legnano, Milano, Lombardia, 20025, Italia",45.5977498,8.9124613
Mostre,31-10-20,2020-10-31,"Viale dell'Innovazione, 20, Milano, MI",Teatro Arcimboldi,Una speciale notte di Halloween al Teatro degli Arcimboldi. Le mostre in corso,https://www.milanotoday.it/eventi/festa-halloween-arcimboldi-mostre-aperitivo.html,Arte e cultura,"20, Viale dell'Innovazione, Bicocca, Municipio 9, Milano, Lombardia, 20125, Italia",45.5148696,9.2135963
Mostre,31-10-20,2020-10-31,"Via Monte Rosa, 81, Milano, MI","Museo Popoli e culture, Centro PIME","Halloween, in arrivo una speciale festa dei fantasmi per bambini",https://www.milanotoday.it/eventi/festa-halloween-bambini-centro-pime.html,Arte e cultura,"Museo Popoli e Culture, 81, Via Monte Rosa, De Angeli - Monte Rosa, Municipio 7, Milano, Lombardia, 20149, Italia",45.47615,9.1470053
Cinema,08-11-20,2020-11-01,"Viale Fulvio Testi, 121, Milano, MI",Cineteca Milano MIC,"Piccolo Grande Cinema 2020, i migliori film per bambini ragazzi interamente on-line",https://www.milanotoday.it/eventi/piccolo-grande-cinema-2020-film-bambini-ragazzi.html,Arte e cultura,"Fondazione Cineteca Italiana, 121, Viale Fulvio Testi, Niguarda - Cà Granda, Municipio 9, Milano, Lombardia, 20126, Italia",45.5133792,9.2039096
Cinema,08-11-20,2020-11-01,"Viale Fulvio Testi, 121, Milano, MI",Cineteca Milano MIC,"Piccolo Grande Cinema, una settimana con i migliori film italiani e internazionali per ragazzi",https://www.milanotoday.it/eventi/festival-piccolo-grande-cinema.html,Arte e cultura,"Fondazione Cineteca Italiana, 121, Viale Fulvio Testi, Niguarda - Cà Granda, Municipio 9, Milano, Lombardia, 20126, Italia",45.5133792,9.2039096
Spettacoli,01-11-20,2020-11-01,"Via Rivoli 6,20121, Milano, MI,Italia",Piccolo Teatro - Studio Melato,L'amaca di domani,https://www.teatro.it/spettacoli/milano/piccolo-teatro-studio-melato/2020-2021/lamaca-di-domani,Teatro e spettacolo,"6, Via Rivoli, Brera, Municipio 1, Milano, Lombardia, 20121, Italia",45.4726093,9.182881
Spettacoli,01-11-20,2020-11-01,"Piazza Cesare Beccaria 8,20122, Milano, MI,Italia",Gerolamo,…e bastava una inutile carezza a capovolgere il mondo,https://www.teatro.it/spettacoli/milano/gerolamo/2020-2021/e-bastava-una-inutile-carezza-a-capovolgere-il-mondo,Teatro e spettacolo,"Teatro Gerolamo, 8, Piazza Cesare Beccaria, Duomo, Municipio 1, Milano, Lombardia, 20122, Italia",45.464175,9.1945551
Incontri,01-11-20,2020-11-01,"Via Marziale, 11, Milano, MI",Taverna Visconti,Blodaun lunch in jazz | Taverna Visconti,https://www.milanotoday.it/eventi/blodaun-lunch-in-jazz-taverna-visconti.html,Formazione e networking,"Taverna Visconti, 11, Via Marziale, Duomo, Municipio 1, Milano, Lombardia, 20122, Italia",45.4642813,9.1993329
Spettacoli,01-11-20,2020-11-01,"Via Rovello 2,20121, Milano, MI,Italia",Piccolo Teatro - Teatro Grassi,The Red Lion,https://www.teatro.it/spettacoli/milano/piccolo-teatro-teatro-grassi/2020-2021/the-red-lion,Teatro e spettacolo,"2, Via Rovello, Brera, Milano, Lombardia, 20121, Italia",45.4665188,9.1847651
Spettacoli,01-11-20,2020-11-01,"via Pitteri 58,20134, Milano, MI,Italia",Martinitt,Mumble Mumble,https://www.teatro.it/spettacoli/milano/martinitt/2020-2021/mumble-mumble,Teatro e spettacolo,"Via Riccardo Pitteri, Lambrate, Municipio 3, Milano, Lombardia, 20134, Italia",45.4791078,9.2461224
Spettacoli,01-11-20,2020-11-01,"Corso Magenta 24,20123, Milano, MI,Italia",MTM - Litta,Il venditore di sigari,https://www.teatro.it/spettacoli/milano/litta/2020-2021/il-venditore-di-sigari,Teatro e spettacolo,"Soprintendenza Archeologia, Belle Arti e Paesaggio per la Città Metropolitana  di Milano, 24, Corso Magenta, Cerchia dei Navigli, Municipio 1, Milano, Lombardia, 20123, Italia",45.4661897,9.1783767
Mostre,26-11-20,2020-11-04,"Corso di Porta Vigentina, 26, Milano, MI",Galleria Francesco Zanuso,Vietnam mon amour. Barbara Pellizzari,https://www.milanotoday.it/eventi/vietnam-mon-amour-barbara-pellizzari-2020.html,Arte e cultura,"26, Corso di Porta Vigentina, Vigentina, Municipio 1, Milano, Lombardia, 20122, Italia",45.4541218,9.1958744
Incontri,14-11-20,2020-11-04,"Via San Vittore, Milano, MI",Museo Nazionale della Scienza e della Tecnologia,"Storie Digitali, al Museo della Scienza gli incontri on-line dedicati alla scienza",https://www.milanotoday.it/eventi/storie-digitali-museo-scienza-incontri-on-line.html,Formazione e networking,"Via San Vittore, Magenta - San Vittore, Municipio 1, Milano, Lombardia, 20123, Italia",45.4629575,9.1704654
Inaugurazione,04-11-20,2020-11-04,"Via Senato, 10, Milano, MI",Archivio di Stato di Milano,"Presentazione live streaming ""Manuale di archivistica italiana"" di Paolo Franzese - Inauguarazione II anno scuola APD dell'ASMI",,Inaugurazioni,"10, Via Senato, Guastalla, Municipio 1, Milano, Lombardia, 20121, Italia",45.4700976,9.1981223
Incontri,04-11-20,2020-11-04,"Piazza Castello, 2, Milano, MI",Casa della Psicologia,Misure anti covid e libertà personale: una serata per riflettere sul significato della libertà al tempo della pandemia,https://www.milanotoday.it/eventi/misure-anti-covid-e-liberta-personale-2020.html,Formazione e networking,"Bar Castello, 2, Piazza Castello, Brera, Municipio 1, Milano, Lombardia, 20121, Italia",45.4690445,9.1818105
Spettacoli,05-11-20,2020-11-05,"Corso Magenta 24,20123, Milano, MI,Italia",MTM - Litta,Scateniamo l’inferno,https://www.teatro.it/spettacoli/milano/mtm-litta/2020-2021/scateniamo-linferno,Teatro e spettacolo,"Soprintendenza Archeologia, Belle Arti e Paesaggio per la Città Metropolitana  di Milano, 24, Corso Magenta, Cerchia dei Navigli, Municipio 1, Milano, Lombardia, 20123, Italia",45.4661897,9.1783767
Mostre,30-11-20,2020-11-05,"Via Luigi Canonica, 38, Milano, MI",Art Studio 38,"Dopo il successo mantovano, la mostra ""100 x 100 fellini"" sbarca a Milano",https://www.milanotoday.it/eventi/dopo-il-successo-mantovano-la-mostra-100-x-100-fellini.html,Arte e cultura,"38, Via Luigi Canonica, Sarpi, Municipio 1, Milano, Lombardia, 20154, Italia",45.4792227,9.1739287
Incontri,03-12-20,2020-11-06,"Viale Emilio Alemagna, 6, Milano, MI",La Triennale di Milano,Triennale Upside Down: eventi on-line dedicati a mostre e design,https://www.milanotoday.it/eventi/triennale-incontri-on-line-mostre-design.html,Formazione e networking,"Triennale Design Museum, 6, Viale Emilio Alemagna, Parco Sempione, Municipio 1, Milano, Lombardia, 20121, Italia",45.4721477,9.1734894
Incontri,21-11-20,2020-11-07,"Via San Vittore, Milano, MI",Museo Nazionale della Scienza e della Tecnologia,"Il Museo della Scienza chiude al pubblico, debuttano le Storie Digitali",https://www.milanotoday.it/eventi/museo-scienza-chiude-al-pubblico-aprono-storie-digitali.html,Formazione e networking,"Via San Vittore, Magenta - San Vittore, Municipio 1, Milano, Lombardia, 20123, Italia",45.4629575,9.1704654
Spettacoli,08-11-20,2020-11-08,"Corso Magenta 24,20123, Milano, MI,Italia",MTM - Litta,Fuori Misura,https://www.teatro.it/spettacoli/milano/litta/2020-2021/fuori-misura-il-leopardi-come-non-ve-lha-mai-raccontato-nessuno,Teatro e spettacolo,"Soprintendenza Archeologia, Belle Arti e Paesaggio per la Città Metropolitana  di Milano, 24, Corso Magenta, Cerchia dei Navigli, Municipio 1, Milano, Lombardia, 20123, Italia",45.4661897,9.1783767
Spettacoli,08-11-20,2020-11-08,"Corso di Porta Romana 63,20122, Milano, MI,Italia",Carcano,Vittorio Sgarbi - Raffaello,https://www.teatro.it/spettacoli/milano/carcano/2020-2021/vittorio-sgarbi-raffaello,Teatro e spettacolo,"Teatro Carcano, 63, Corso di Porta Romana, Crocetta, Municipio 1, Milano, Lombardia, 20121, Italia",45.4566842,9.1955297
Spettacoli,08-11-20,2020-11-08,"via Pier Lombardo,14,20135, Milano, MI,Italia",Franco Parenti - Sala Grande,La storia,https://www.teatro.it/spettacoli/milano/franco-parenti-sala-grande/2020-2021/la-storia,Teatro e spettacolo,"Via Pier Lombardo, Porta Romana, Municipio 4, Milano, Lombardia, 20135, Italia",45.4542958,9.2063109
Iniziative Digitali,31-01-21,2020-11-09,"Via Brera, 28, Milano, MI",Pinacoteca di Brera,BRERA ON AIR,,Eventi digitali,"Pinacoteca di Brera, 28, Via Brera, Cerchia dei Navigli, Municipio 1, Milano, Lombardia, 20121, Italia",45.4722421,9.1884071
Teatri,19-11-20,2020-11-10,"Via Rovello, 2, Milano, MI",Piccolo Teatro Grassi,"Annullato: lo spettacolo ""La Vedova Socrate"" al Piccolo Teatro, omaggio di Lella Costa a Franca Valeri",https://www.milanotoday.it/eventi/spettacolo-vedova-socrate-piccolo-teatro-lella-costa.html,Teatro e spettacolo,"2, Via Rovello, Brera, Milano, Lombardia, 20121, Italia",45.4665188,9.1847651
Manifestazioni,20-11-20,2020-11-13,"Via Noto, 8, Milano, MI",Università degli Studi Statale di Milano,"Il circo in Università non si ferma e va online, in omaggio a Fellini",https://www.milanotoday.it/eventi/il-circo-in-universita-non-si-ferma-e-va-online.html,Altri eventi,"8, Via Noto, Ripamonti, Municipio 5, Milano, Lombardia, 20141, Italia",45.4309298,9.199272
Spettacoli,13-11-20,2020-11-13,"Via San Giovanni sul muro 2,20121, Milano, MI,Italia",Dal Verme,Bohemian Symphony - The Queen Orchestra,https://www.teatro.it/spettacoli/milano/dal-verme/2020-2021/bohemian-symphony-the-queen-orchestra,Teatro e spettacolo,"2, Via San Giovanni sul Muro, Cerchia dei Navigli, Municipio 1, Milano, Lombardia, 20121, Italia",45.4671162,9.1814924
Mostre,22-11-20,2020-11-14,"Via Tortona, 32, Milano, MI",,"Kyiv Review, mostra fotografica sensoriale a Milano dal 14 al 22 novembre 2020",https://www.milanotoday.it/eventi/mostra-fotografica-kyiv-review.html,Arte e cultura,"32, Via Tortona, Tortona, Municipio 6, Milano, Lombardia, 20144, Italia",45.452698,9.1656206
Spettacoli,15-11-20,2020-11-15,"Corso Magenta 24,20123, Milano, MI,Italia",MTM - Litta,Modern Family 1.0,https://www.teatro.it/spettacoli/milano/litta/2020-2021/modern-family-10,Teatro e spettacolo,"Soprintendenza Archeologia, Belle Arti e Paesaggio per la Città Metropolitana  di Milano, 24, Corso Magenta, Cerchia dei Navigli, Municipio 1, Milano, Lombardia, 20123, Italia",45.4661897,9.1783767
Spettacoli,15-11-20,2020-11-15,"Via Filodrammatici 2,20121, Milano, MI,Italia",Teatro Alla Scala,Recital - Anna Netrebko,https://www.teatro.it/spettacoli/milano/teatro-alla-scala/2020-2021/concerto-anna-netrebko,Teatro e spettacolo,"2, Via Filodrammatici, Brera, Milano, Lombardia, 20121, Italia",45.4673781,9.188701
Spettacoli,16-11-20,2020-11-16,"Viale dell'Innovazione 20,20126, Milano, MI,Italia",Arcimboldi,Open,https://www.teatro.it/spettacoli/milano/degli-arcimboldi/2020-2021/open,Teatro e spettacolo,"20, Viale dell'Innovazione, Bicocca, Municipio 9, Milano, Lombardia, 20125, Italia",45.5148696,9.2135963
Spettacoli,17-11-20,2020-11-17,"Via Filodrammatici 2,20121, Milano, MI,Italia",Teatro Alla Scala,La Bohème,https://www.teatro.it/spettacoli/milano/teatro-alla-scala/2020-2021/la-boheme,Teatro e spettacolo,"2, Via Filodrammatici, Brera, Milano, Lombardia, 20121, Italia",45.4673781,9.188701
Spettacoli,18-11-20,2020-11-18,"Via Filodrammatici 2,20121, Milano, MI,Italia",Teatro Alla Scala,Giselle,https://www.teatro.it/spettacoli/milano/teatro-alla-scala/2020-2021/giselle,Teatro e spettacolo,"2, Via Filodrammatici, Brera, Milano, Lombardia, 20121, Italia",45.4673781,9.188701
Spettacoli,19-11-20,2020-11-19,"Via Rovello 2,20121, Milano, MI,Italia",Piccolo Teatro - Teatro Grassi,Lella Costa - La vedova Socrate,https://www.teatro.it/spettacoli/milano/piccolo-teatro-teatro-grassi/2020-2021/la-vedova-socrate,Teatro e spettacolo,"2, Via Rovello, Brera, Milano, Lombardia, 20121, Italia",45.4665188,9.1847651
,19-11-20,2020-11-19,"Piazza del Duomo, Milano, MI",lasciti.ail.it,"“Io sottoscritto lascio in eredità un sogno”, l’iniziativa ail dedicata ai lasciti solidali per sostenere chi lotta ogni giorno contro i tumori del sangue",https://www.milanotoday.it/eventi/tumori-sangue-2020.html,Non classificato,"Piazza del Duomo, Duomo, Municipio 1, Milano, Lombardia, Italia",45.4639102,9.1906398
Spettacoli,19-11-20,2020-11-19,"Via Filodrammatici 2,20121, Milano, MI,Italia",Teatro Alla Scala,Recital - Sabine Devieilhe,https://www.teatro.it/spettacoli/milano/teatro-alla-scala/2020-2021/concerto-sabine-devieilhe,Teatro e spettacolo,"2, Via Filodrammatici, Brera, Milano, Lombardia, 20121, Italia",45.4673781,9.188701
Manifestazioni,22-11-20,2020-11-19,"Via San Vittore, Milano, MI",Museo Nazionale della Scienza e della Tecnologia,Focus live dal Museo di Scienza e Tecnologia di Milano 2020,https://www.milanotoday.it/eventi/focus-live-2020-ospiti-programma-scaletta.html,Altri eventi,"Via San Vittore, Magenta - San Vittore, Municipio 1, Milano, Lombardia, 20123, Italia",45.4629575,9.1704654
Mostre,16-01-21,2020-11-20,"Via Luigi Porro Lambertenghi, 6, Milano, MI",Galleria Giovanni Bonelli,"Galleria Giovanni Bonelli, una mostra di Zhang Huan",https://www.milanotoday.it/eventi/mostra-zhang-huan-galleria-bonelli.html,Arte e cultura,"Galleria Giovanni Bonelli, 6, Via Luigi Porro Lambertenghi, Isola, Municipio 9, Milano, Lombardia, 20159, Italia",45.4892165,9.1839856
Mostre,16-01-21,2020-11-20,"Via Luigi Porro Lambertenghi, 6, Milano, MI",Galleria Giovanni Bonelli,"Galleria Giovanni Bonelli, una mostra di Zhang Huan",https://www.milanotoday.it/eventi/mostra-zhang-huan-galleria-bonelli.html,Arte e cultura,"Galleria Giovanni Bonelli, 6, Via Luigi Porro Lambertenghi, Isola, Municipio 9, Milano, Lombardia, 20159, Italia",45.4892165,9.1839856
Spettacoli,21-11-20,2020-11-21,"p.zza IV Novembre 3,20025, Legnano, MI,Italia",Talisio Tirinnanzi,Il fu Mattia Pascal,https://www.teatro.it/spettacoli/legnano/talisio-tirinnanzi/2020-2021/il-fu-mattia-pascal,Teatro e spettacolo,"Scuola Secondaria di Primo Grado Giovanni Ungaretti, 3, Piazza Quattro Novembre, San Giorgio su Legnano, Milano, Lombardia, 20034, Italia",45.5765251,8.9157963
Mostre,22-11-20,2020-11-22,"Piazza Francesco Carrara, 17, Milano, MI",Centro Asteria,Scatti d'atleta: la lunga corsa delle donne verso il traguardo dell'uguaglianza nello sport,https://www.milanotoday.it/eventi/scatti-d-atleta-scatti.html,Arte e cultura,"17, Piazza Francesco Carrara, Stadera, Municipio 5, Milano, Lombardia, 20136, Italia",45.4369245,9.1761088
Incontri,23-11-20,2020-11-23,"Piazza Castello, 2, Milano, MI",Casa della Psicologia,Siamo tutti sulla stessa barca?,https://www.milanotoday.it/eventi/siamo-tutti-sulla-stessa-barca-2020.html,Formazione e networking,"Bar Castello, 2, Piazza Castello, Brera, Municipio 1, Milano, Lombardia, 20121, Italia",45.4690445,9.1818105
Spettacoli,24-11-20,2020-11-24,"Via Filodrammatici 2,20121, Milano, MI,Italia",Teatro Alla Scala,Concerto - Giovanni Antonini,https://www.teatro.it/spettacoli/milano/teatro-alla-scala/2020-2021/concerto-giovanni-antonini,Teatro e spettacolo,"2, Via Filodrammatici, Brera, Milano, Lombardia, 20121, Italia",45.4673781,9.188701
Incontri,08-03-21,2020-11-25,"Via Enrico Caviglia, 3, Milano, MI",Istituto Italiano di Fotografia,Autentica in istituto italiano di fotografia: quattro incontri sulla femminilità contemporanea,https://www.milanotoday.it/eventi/autentica-in-istituto-italiano-di-fotografia-quattro-incontri-sulla-femminilita-2020.html,Formazione e networking,"3, Via Enrico Caviglia, Lodi - Corvetto, Municipio 4, Milano, Lombardia, 20139, Italia",45.4436084,9.2298198
Spettacoli,25-11-20,2020-11-25,"Via Pier Lombardo 14,20135, Milano, MI,Italia",Franco Parenti - Sala Blu,Marjorie Prime,https://www.teatro.it/spettacoli/milano/franco-parenti-sala-acomea/2020-2021/marjorie-prime,Teatro e spettacolo,"Via Pier Lombardo, Porta Romana, Municipio 4, Milano, Lombardia, 20135, Italia",45.4542958,9.2063109
Incontri,08-03-21,2020-11-25,"Via Enrico Caviglia, 3, Milano, MI",Istituto Italiano di Fotografia,Autentica in istituto italiano di fotografia: quattro incontri sulla femminilità contemporanea,https://www.milanotoday.it/eventi/autentica-in-istituto-italiano-di-fotografia-quattro-incontri-sulla-femminilita-2020.html,Formazione e networking,"3, Via Enrico Caviglia, Lodi - Corvetto, Municipio 4, Milano, Lombardia, 20139, Italia",45.4436084,9.2298198
Mostre,07-05-21,2020-11-26,"Corso Garibaldi, 2, Milano, MI",Fondazione Adolfo Pini,"Fondazione Adolfo Pini, una nuova mostra dedicata a Flavio Favelli",https://www.milanotoday.it/eventi/fondazione-adolfo-pini-mostra-flavio-favelli.html,Arte e cultura,"Moroni Gomma, 2, Corso Giuseppe Garibaldi, Brera, Municipio 1, Milano, Lombardia, 20121, Italia",45.4723268,9.1839969
Mostre,07-05-21,2020-11-26,"Corso Garibaldi, 2, Milano, MI",Fondazione Adolfo Pini,"Fondazione Adolfo Pini, una nuova mostra dedicata a Flavio Favelli",https://www.milanotoday.it/eventi/fondazione-adolfo-pini-mostra-flavio-favelli.html,Arte e cultura,"Moroni Gomma, 2, Corso Giuseppe Garibaldi, Brera, Municipio 1, Milano, Lombardia, 20121, Italia",45.4723268,9.1839969
Spettacoli,29-11-20,2020-11-29,"Corso Buenos Aires,33,20124, Milano, MI,Italia",Teatro Elfo Puccini - sala Fassbinder,Road Movie,https://www.teatro.it/spettacoli/milano/teatro-elfo-puccini-sala-fassbinder/2020-2021/road-movie,Teatro e spettacolo,"Teatro Elfo Puccini, 33, Corso Buenos Aires, Buenos Aires - Venezia, Municipio 3, Milano, Lombardia, 20124, Italia",45.4794317,9.2098387
Spettacoli,29-11-20,2020-11-29,"Corso Buenos Aires,33,20124, Milano, MI,Italia",Teatro Elfo Puccini - sala Fassbinder,Tutto quello che volevo. Storia di una sentenza,https://www.teatro.it/spettacoli/milano/teatro-elfo-puccini-sala-fassbinder/2020-2021/tutto-quello-che-volevo-storia-di-una-sentenza,Teatro e spettacolo,"Teatro Elfo Puccini, 33, Corso Buenos Aires, Buenos Aires - Venezia, Municipio 3, Milano, Lombardia, 20124, Italia",45.4794317,9.2098387
Spettacoli,29-11-20,2020-11-29,"Corso di Porta Romana 63,20122, Milano, MI,Italia",Carcano,Le verità di Bakersfield,https://www.teatro.it/spettacoli/milano/carcano/2020-2021/le-verita-di-bakersfield,Teatro e spettacolo,"Teatro Carcano, 63, Corso di Porta Romana, Crocetta, Municipio 1, Milano, Lombardia, 20121, Italia",45.4566842,9.1955297
Spettacoli,29-11-20,2020-11-29,"Corso Magenta 24,20123, Milano, MI,Italia",MTM - La Cavallerizza,Getsèmani (secondo cammino),https://www.teatro.it/spettacoli/milano/mtm-la-cavallerizza/2020-2021/getsemani-secondo-cammino,Teatro e spettacolo,"Soprintendenza Archeologia, Belle Arti e Paesaggio per la Città Metropolitana  di Milano, 24, Corso Magenta, Cerchia dei Navigli, Municipio 1, Milano, Lombardia, 20123, Italia",45.4661897,9.1783767
Spettacoli,29-11-20,2020-11-29,"via Fezzan,11,20146, Milano, MI,Italia",Ecoteatro,Lisistrata,https://www.teatro.it/spettacoli/milano/ecoteatro/2020-2021/lisistrata,Teatro e spettacolo,"EcoTeatro, 11, Via Fezzan, Bande Nere, Municipio 6, Milano, Lombardia, 20146, Italia",45.4592109,9.1459527
Teatri,25-12-20,2020-12-01,"Viale Monza, Milano, MI",evento online,Nababà. Natale baby band,https://www.milanotoday.it/eventi/nababa-natale-baby-band.html,Teatro e spettacolo,"Viale Monza, Municipio 2, Milano, Lombardia, Italia",45.5124819,9.2243327
Incontri,02-12-20,2020-12-02,"Via Privata Stefanardo da Vimercate, 14, Milano, MI",I.C.S. Paolo e Larissa Pini,Un gioiello gratuito per una rivoluzione culturale,https://www.milanotoday.it/eventi/un-gioiello-gratuito-per-una-rivoluzione-culturale.html,Formazione e networking,"14, Via privata Stefanardo da Vimercate, Viale Monza, Municipio 2, Milano, Lombardia, 20128, Italia",45.5063684,9.2264879
Spettacoli,03-12-20,2020-12-03,"via Pier Lombardo,14,20135, Milano, MI,Italia",Franco Parenti - Sala Grande,La fine del mondo,https://www.teatro.it/spettacoli/milano/franco-parenti-sala-grande/2020-2021/la-fine-del-mondo,Teatro e spettacolo,"Via Pier Lombardo, Porta Romana, Municipio 4, Milano, Lombardia, 20135, Italia",45.4542958,9.2063109
Iniziative Digitali,03-12-20,2020-12-03,"piazza Santa Maria delle Grazie, 2, Milano, MI",Cenacolo Vinciano,"Il Museo del Cenacolo Vinciano per la Giornata internazionale dei diritti delle persone con disabilità, 3 dicembre 2020",,Eventi digitali,"Museo del Cenacolo Vinciano, 2, Piazza Santa Maria delle Grazie, Magenta - San Vittore, Municipio 1, Milano, Lombardia, 20123, Italia",45.4662047,9.170655
Spettacoli,03-12-20,2020-12-03,"Via Filodrammatici 2,20121, Milano, MI,Italia",Teatro Alla Scala,Recital - Simon Keenlyside,https://www.teatro.it/spettacoli/milano/teatro-alla-scala/2020-2021/concerto-simon-keenlyside,Teatro e spettacolo,"2, Via Filodrammatici, Brera, Milano, Lombardia, 20121, Italia",45.4673781,9.188701
Concerti,04-12-20,2020-12-04,"Viale Enrico Fermi, 98, Milano, MI",Legend Club,Ritmo tribale ‘milano unplugged’ - venerdì 4 dicembre doppio esclusivo release show del nuovo album al legend club di milano,https://www.milanotoday.it/eventi/ritmo-tribale-milano-unplugged-venerdi-4-dicembre.html,Musica e vita notturna,"Legend Club, 98, Viale Enrico Fermi, Parco Nord, Municipio 9, Milano, Lombardia, 20161, Italia",45.5161589,9.1794377
Incontri,30-12-20,2020-12-04,"Via Giuseppe Verdi, 9, Milano, MI",Vizzolo al futuro,La danza delle immagini: mostra di Matilde Cremonesi,https://www.milanotoday.it/eventi/danza-mostra-matilde-cremonesi.html,Formazione e networking,"9, Via Giuseppe Verdi, Brera, Municipio 1, Milano, Lombardia, 20121, Italia",45.4687575,9.1883373
Incontri,04-12-20,2020-12-04,"Piazza Francesco Carrara, 17, Milano, MI",Centro Asteria,Campioni si diventa,https://www.milanotoday.it/eventi/campioni-si-diventa-alberto-cova.html,Formazione e networking,"17, Piazza Francesco Carrara, Stadera, Municipio 5, Milano, Lombardia, 20136, Italia",45.4369245,9.1761088
Spettacoli,06-12-20,2020-12-06,"Via Alessandro Manzoni 42,20121, Milano, MI,Italia",Manzoni,Queste pazze donne,https://www.teatro.it/spettacoli/milano/manzoni/2020-2021/queste-pazze-donne,Teatro e spettacolo,"Teatro Manzoni, 42, Via Alessandro Manzoni, Cerchia dei Navigli, Municipio 1, Milano, Lombardia, 20121, Italia",45.4710286,9.1944762
Spettacoli,07-12-20,2020-12-07,"Via Filodrammatici 2,20121, Milano, MI,Italia",Teatro Alla Scala,A riveder le stelle,https://www.teatro.it/spettacoli/milano/teatro-alla-scala/2020-2021/a-riveder-le-stelle,Teatro e spettacolo,"2, Via Filodrammatici, Brera, Milano, Lombardia, 20121, Italia",45.4673781,9.188701
Mostre,15-01-21,2020-12-07,"Via Santa Marta, 10, Milano, MI",Spaziobigsantamarta,Mostra Sacrificium: un viaggio negli elementi,https://www.milanotoday.it/eventi/mostra-sacrificium-spazio-santa-marta.html,Arte e cultura,"Galleria Rubin, 10, Via Santa Marta, Cerchia dei Navigli, Municipio 1, Milano, Lombardia, 20123, Italia",45.4624446,9.1834733
Mostre,15-01-21,2020-12-07,"Via Santa Marta, 10, Milano, MI",Spaziobigsantamarta,Mostra Sacrificium: un viaggio negli elementi,https://www.milanotoday.it/eventi/mostra-sacrificium-spazio-santa-marta.html,Arte e cultura,"Galleria Rubin, 10, Via Santa Marta, Cerchia dei Navigli, Municipio 1, Milano, Lombardia, 20123, Italia",45.4624446,9.1834733
Moda,12-12-20,2020-12-07,"Via Palermo, 19, Milano, MI",,Private sale -50% MP Massimo Piombo,https://www.milanotoday.it/eventi/private-sale-50-mp-massimo-piombo.html,Mercati e shopping,"19, Via Palermo, Santi Martiri, Oltrestazione, Legnano, Milano, Lombardia, 20025, Italia",45.5899516,8.9078428
Moda,15-12-20,2020-12-09,"Via Alessandro Volta, 7A, Milano, MI",Moscova District Market,Arriva a Milano la più grande Special Sale moda di Natale,https://www.milanotoday.it/eventi/arriva-a-milano-la-piu-grande-special-sale-moda-di-natale.html,Mercati e shopping,"7a, Via Alessandro Volta, Brera, Municipio 1, Milano, Lombardia, 20121, Italia",45.4794117,9.1836722
Mostre,24-12-20,2020-12-09,"Via Carlo Tenca, 11, Milano, MI",Galleria Cael,Gifts of art-Milan edition,https://www.milanotoday.it/eventi/gifts-of-art-milan-edition-2020.html,Arte e cultura,"11, Via Carlo Tenca, Centrale, Municipio 2, Milano, Lombardia, 20124, Italia",45.4806693,9.2017813
Incontri,09-12-20,2020-12-09,"Piazza Castello, 2, Milano, MI",Casa della Psicologia,Psicologia: perché la crisi climatica non ci fa paura?,https://www.milanotoday.it/eventi/psicologia-perche-la-crisi-climatica-non-ci-fa-paura-2020.html,Formazione e networking,"Bar Castello, 2, Piazza Castello, Brera, Municipio 1, Milano, Lombardia, 20121, Italia",45.4690445,9.1818105
Mostre,19-12-20,2020-12-10,"Via Nicola Antonio Porpora, 18, Milano, MI",Milano via Porpora 18,Mostra fotografica presso Spazioporpora,https://www.milanotoday.it/eventi/mostra-fotografica-presso-spazioporpora-2020.html,Arte e cultura,"Hotel Nizza, 18, Via Nicola Antonio Porpora, Buenos Aires - Venezia, Municipio 3, Milano, Lombardia, 20131, Italia",45.4859149,9.2197351
Incontri,06-01-21,2020-12-12,"Via Privata Cascia, 6, Milano, MI",Jardino,"""Speculum divinitatis"" - Icone ortodosse",https://www.milanotoday.it/eventi/speculum-divinitatis-icone-ortodosse-ivaylo-varbanov.html,Formazione e networking,"6, Via Privata Cascia, Adriano, Municipio 2, Milano, Lombardia, 20128, Italia",45.5119899,9.2439487
Incontri,31-12-20,2020-12-12,"Via Vettabbia, 4, Milano, MI",Croce Bianca Milano Centro,Il coronavirus a fumetti visto dai soccorritori: il nuovo libro di Croce Bianca milano centro!,https://www.milanotoday.it/eventi/il-coronavirus-a-fumetti-visto-dai-soccorritori.html,Formazione e networking,"Croce Bianca - Milano Centro, 4, Via Vettabbia, Ticinese, Municipio 1, Milano, Lombardia, 20122, Italia",45.4559193,9.1841092
Mostre,23-12-20,2020-12-12,"Alzaia Naviglio Grande, 4, Milano, MI",Vi.P. Gallery Milano,"Virgilio Patarini, don chisciotte e altre storie",https://www.milanotoday.it/eventi/virgilio-patarini-don-chisciotte-e-altre-storie-virgilio-patarini-2020.html,Arte e cultura,"4, Alzaia Naviglio Grande, Navigli, Municipio 6, Milano, Lombardia, 20144, Italia",45.4521916,9.1761844
Incontri,06-01-21,2020-12-12,"Via Privata Cascia, 6, Milano, MI",Jardino,"""Speculum divinitatis"" - Icone ortodosse",https://www.milanotoday.it/eventi/speculum-divinitatis-icone-ortodosse-ivaylo-varbanov.html,Formazione e networking,"6, Via Privata Cascia, Adriano, Municipio 2, Milano, Lombardia, 20128, Italia",45.5119899,9.2439487
Spettacoli,13-12-20,2020-12-13,"Corso Buenos Aires,33,20124, Milano, MI,Italia",Teatro Elfo Puccini - sala Fassbinder,Un letto fra le lenticchie,https://www.teatro.it/spettacoli/milano/teatro-elfo-puccini-sala-fassbinder/2020-2021/un-letto-fra-le-lenticchie,Teatro e spettacolo,"Teatro Elfo Puccini, 33, Corso Buenos Aires, Buenos Aires - Venezia, Municipio 3, Milano, Lombardia, 20124, Italia",45.4794317,9.2098387
Mostra,14-12-20,2020-12-14,"via Brera, 28, Milano, MI",Pinacoteca di Brera - Biblioteca Nazionale Braidense di Milano,BreraPlus+ presenta il nono dialogo della Pinacoteca di Brera: Raffaello e Zhang Zeduan. Nuove prospettive sulla prospettiva,,Arte e cultura,"Pinacoteca di Brera, 28, Via Brera, Cerchia dei Navigli, Municipio 1, Milano, Lombardia, 20121, Italia",45.4722421,9.1884071
Spettacoli,14-12-20,2020-12-14,"Via Filodrammatici 2,20121, Milano, MI,Italia",Teatro Alla Scala,"Recital di Canto. Sabine Devieilhe, Alexandre Tharaud",https://www.teatro.it/spettacoli/milano/teatro-alla-scala/2020-2021/recital-di-canto-sabine-devieilhe-alexandre-tharaud,Teatro e spettacolo,"2, Via Filodrammatici, Brera, Milano, Lombardia, 20121, Italia",45.4673781,9.188701
Mostre,13-02-21,2020-12-16,"Corso Plebisciti, 12, Milano, MI",Osart Gallery,Libertà sulla parola,https://www.milanotoday.it/eventi/liberta-sulla-parola-vincenzo-agnetti.html,Arte e cultura,"Corso Plebisciti, Buenos Aires - Venezia, Municipio 3, Milano, Lombardia, 20129, Italia",45.4681056,9.2179035
,25-12-20,2020-12-16,"Viale Toscana, Milano, MI",Il pane quotidiano,Donazione benefica,https://www.milanotoday.it/eventi/donazione-benefica-2020.html,Non classificato,"Viale Toscana, Vigentina, Municipio 5, Milano, Lombardia, 20136, Italia",45.4462599,9.1953485
Mostre,13-02-21,2020-12-16,"Corso Plebisciti, 12, Milano, MI",Osart Gallery,Libertà sulla parola,https://www.milanotoday.it/eventi/liberta-sulla-parola-vincenzo-agnetti.html,Arte e cultura,"Corso Plebisciti, Buenos Aires - Venezia, Municipio 3, Milano, Lombardia, 20129, Italia",45.4681056,9.2179035
Mostre,30-01-21,2020-12-17,"Piazzetta Maurilio Bossi, 4, Milano, MI",Studio d'arte Cannaviello,"Rachele Moscatelli, Icon",https://www.milanotoday.it/eventi/rachele-moscatelli-icon-rachele-moscatelli.html,Arte e cultura,"4, Piazzetta Maurilio Bossi, Brera, Municipio 1, Milano, Lombardia, 20121, Italia",45.467852,9.1870581
Mostre,30-01-21,2020-12-17,"Piazzetta Maurilio Bossi, 4, Milano, MI",Studio d'arte Cannaviello,"Rachele Moscatelli, Icon",https://www.milanotoday.it/eventi/rachele-moscatelli-icon-rachele-moscatelli.html,Arte e cultura,"4, Piazzetta Maurilio Bossi, Brera, Municipio 1, Milano, Lombardia, 20121, Italia",45.467852,9.1870581
Concerti,17-12-20,2020-12-17,"Via S. Giovanni sul Muro, 3, Milano, MI",Teatro Dal Verme,Umberto Tozzi in concerto dal vivo a Milano: orari e biglietti,https://www.milanotoday.it/eventi/umberto-tozzi-concerto-orari-e-biglietti.html,Musica e vita notturna,"3, Via San Giovanni sul Muro, Cerchia dei Navigli, Municipio 1, Milano, Lombardia, 20121, Italia",45.4671381,9.1817607
Spettacoli,20-12-20,2020-12-20,"Via Rovello 2,20121, Milano, MI,Italia",Piccolo Teatro - Teatro Grassi,"Coppia aperta, quasi spalancata",https://www.teatro.it/spettacoli/milano/piccolo-teatro-teatro-grassi/2020-2021/coppia-aperta-quasi-spalancata,Teatro e spettacolo,"2, Via Rovello, Brera, Milano, Lombardia, 20121, Italia",45.4665188,9.1847651
Spettacoli,20-12-20,2020-12-20,"Corso di Porta Romana 63,20122, Milano, MI,Italia",Carcano,Romeo e Giulietta,https://www.teatro.it/spettacoli/milano/carcano/2020-2021/romeo-e-giulietta-balletto-del-sud,Teatro e spettacolo,"Teatro Carcano, 63, Corso di Porta Romana, Crocetta, Municipio 1, Milano, Lombardia, 20121, Italia",45.4566842,9.1955297
Manifestazioni,30-01-21,2020-12-21,"Via Zebedia, 2, Milano, MI",Chiostri di Sant'Alessandro,Antiquariato in Zeedia,https://www.milanotoday.it/eventi/antiquariato-in-zeedia-2020.html,Altri eventi,"2, Via Zebedia, Cerchia dei Navigli, Municipio 1, Milano, Lombardia, 20123, Italia",45.4608041,9.1874832
Manifestazioni,30-01-21,2020-12-21,"Via Zebedia, 2, Milano, MI",Chiostri di Sant'Alessandro,Antiquariato in Zeedia,https://www.milanotoday.it/eventi/antiquariato-in-zeedia-2020.html,Altri eventi,"2, Via Zebedia, Cerchia dei Navigli, Municipio 1, Milano, Lombardia, 20123, Italia",45.4608041,9.1874832
Mostre,20-03-21,2020-12-24,"Via Ferdinando Gregorovius, 15, Milano, MI",Cittadella degli Archivi,"Foto d'epoca, lettere e papillon: a Milano una mostra racconta Philippe Daverio",https://www.milanotoday.it/eventi/mostra-philippe-daverio.html,Arte e cultura,"15, Via Ferdinando Gregorovius, Niguarda - Cà Granda, Municipio 9, Milano, Lombardia, 20162, Italia",45.5137243,9.1986558
Mostre,20-03-21,2020-12-24,"Via Ferdinando Gregorovius, 15, Milano, MI",Cittadella degli Archivi,"Foto d'epoca, lettere e papillon: a Milano una mostra racconta Philippe Daverio",https://www.milanotoday.it/eventi/mostra-philippe-daverio.html,Arte e cultura,"15, Via Ferdinando Gregorovius, Niguarda - Cà Granda, Municipio 9, Milano, Lombardia, 20162, Italia",45.5137243,9.1986558
Incontri,26-12-20,2020-12-26,"Via Gignese, 2, Milano, MI",Evento Online,"Riabilitazione online, come funziona?",https://www.milanotoday.it/eventi/riabilitazione-online-come-funziona.html,Formazione e networking,"Consolato Generale di Romania, 2, Via Gignese, San Siro, Municipio 7, Milano, Lombardia, 20148, Italia",45.4781987,9.1404024
,27-12-20,2020-12-27,"Viale Lucania, 18, Milano, MI",Chiesa San Vittore,Concerto natalizio con le voci liriche,https://www.milanotoday.it/eventi/concerto-natalizio-con-le-voci-liriche-2020.html,Non classificato,"Viale Lucania, Lodi - Corvetto, Municipio 4, Milano, Lombardia, 20139, Italia",45.4430378,9.2239399
Spettacoli,27-12-20,2020-12-27,"via Fezzan,11,20146, Milano, MI,Italia",Ecoteatro,Lo Schiaccianoci,https://www.teatro.it/spettacoli/milano/ecoteatro/2020-2021/lo-schiaccianoci,Teatro e spettacolo,"EcoTeatro, 11, Via Fezzan, Bande Nere, Municipio 6, Milano, Lombardia, 20146, Italia",45.4592109,9.1459527
Incontri,31-12-21,2020-12-31,"Via Palmiro Togliatti, Milano, MI",Via Palmiro Togliatti,Calisthenics a Cassina amata,https://www.milanotoday.it/eventi/calisthenics-a-cassina-amata.html,Formazione e networking,"Via Palmiro Togliatti, Cascina Mazzino, Pantanedo, Mazzo, Rho, Milano, Lombardia, 20017, Italia",45.5311448,9.0736298
Incontri,31-12-21,2020-12-31,"Via Palmiro Togliatti, Milano, MI",Via Palmiro Togliatti,Calisthenics a Cassina amata,https://www.milanotoday.it/eventi/calisthenics-a-cassina-amata.html,Formazione e networking,"Via Palmiro Togliatti, Cascina Mazzino, Pantanedo, Mazzo, Rho, Milano, Lombardia, 20017, Italia",45.5311448,9.0736298
,15-01-20,2020-01-15,"Viale della Liberazione angolo Via Melchiorre Gioia, Milano, MI, Italia",Volvo Studio Milano,Dusk chorus: l'arte contemporanea sul tema della sostenibilità,https://www.milanotoday.it/eventi/dusk-chorus-l-arte-contemporanea-sul-tema-della-sostenibilita.html,Non classificato,"Viale della Liberazione & Via Melchiorre Gioia, 20124 Milano MI, Italy",45.4828591,9.1932128
Mercatini,19-01-20,2020-01-19,"Via Valloggia, Milano, MI, Italia",Spazio ZeroZero,Un mercato contadino a chilometro zero in arrivo a San Vittore Olona,https://www.milanotoday.it/eventi/mercato-agricolo-san-vittore-olona.html,Mercati e shopping,"Via Valloggia, 20028 San Vittore Olona MI, Italy",45.5834575,8.9313393
Disco&Feste,25-01-20,2020-01-25,"Via Privata Eugenio Brizi, Milano, MI, Italia",Live Music Club,"Torna la Zarro Night, la grande festa fluo per ballare tutta la notte",https://www.milanotoday.it/eventi/zarro-night-festa-discoteca-trezzo-adda.html,Musica e vita notturna,"Via Privata Eugenio Brizi, 20139 Milano MI, Italy",45.4383308,9.2293478
Teatri,25-01-20,2020-01-25,"Via C. Battisti, 14, Milano, MI, Italia",Auditorium Don Bosco,Che banda bestiale,https://www.milanotoday.it/eventi/che-banda-bestiale-associazione-culturale-gost.html,Teatro e spettacolo,"Via Cesare Battisti, 14, 20097 San Donato Milanese MI, Italy",45.4184053,9.2634165
,29-01-20,2020-01-29,"Viale della Liberazione angolo Via Melchiorre Gioia, Milano, MI, Italia",Volvo Studio Milano,"Un imperdibile evento per scoprire il mondo dell'arte contemporanea: ""A patogenic practice. Around health and care""",https://www.milanotoday.it/eventi/a-patogenic-practice-around-health-and-care-l-arte-contemporanea-sul-tema-della-sostenibilita.html,Non classificato,"Viale della Liberazione & Via Melchiorre Gioia, 20124 Milano MI, Italy",45.4828591,9.1932128
Incontri,07-02-20,2020-02-07,"Via Privata Portoferraio, 4, Milano, MI, Italia",Spazio TeatRing,Una prova aperta a teatro gratis,https://www.milanotoday.it/eventi/prova-aperta-teatro-gratis.html,Formazione e networking,"Via Privata Portoferraio, 4, 20141 Milano MI, Italy",45.4394371,9.1826141
Incontri,11-02-20,2020-02-09,"Strada Statale Sempione, 28, Milano, MI, Italia",MILANO BIT  Borsa Internazionale del Turismo,Mare nostrum - rassegna internazionale di arte contemporanea - bit 2020,https://www.milanotoday.it/eventi/mare-nostrum-rassegna-internazionale-di-arte-contemporanea-2020.html,Formazione e networking,"Strada Statale Sempione, 28, 20017 Rho MI, Italy",45.5197013,9.07896
Mercatini,16-02-20,2020-02-16,"Via Valloggia, Milano, MI, Italia",Spazio ZeroZero,A San Vittore Olona torna il mercato contadino con tanti prodotti a chilometro zero,https://www.milanotoday.it/eventi/mercato-san-vittore-olona-quando.html,Mercati e shopping,"Via Valloggia, 20028 San Vittore Olona MI, Italy",45.5834575,8.9313393
Teatri,27-02-20,2020-02-27,"Via Cardinale Cagliero, 26, Milano, MI, Italia",Teatro Blu,Arlecchino trasformato dall'amore al Teatro blu,https://www.milanotoday.it/eventi/arlecchino-trasformato-dall-amore-al-teatro-2020.html,Teatro e spettacolo,"Via Giovanni Cagliero, 26, 20125 Milano MI, Italy",45.4969243,9.200594900000002
Teatri,15-03-20,2020-02-28,"Via Giordano Rota, 1, Milano, MI, Italia",Teatro Nazionale CheBanca!,Musical Singin' in the rain al Teatro Che Banca!: come avere i biglietti scontati,https://www.milanotoday.it/eventi/singin-in-the-rain-biglietti-scontati.html,Teatro e spettacolo,"Via Giordano Rota, 1, 20149 Milano MI, Italy",45.4667708,9.1540258
Mostre,15-11-20,2020-06-20,"Via Egidio de Magri, 1, Milano, MI, Italia",MA*GA,A Gallarate riapre il Ma*Ga con una mostra speciale dedicata a Calvino,https://www.milanotoday.it/eventi/riapertura-maga-gallarate-mostre-quando.html,Arte e cultura,"Via Egidio Folli, 20134 Milano MI, Italy",45.4862441,9.2498544
Incontri,02-08-20,2020-07-02,"VisualcontainerTV, Milano, MI, Italia",VisualcontainerTV,Hacking monuments. Tips to make sense of them,https://www.milanotoday.it/eventi/hacking-monuments-tips-to-make-sense.html,Formazione e networking,"Milan, Metropolitan City of Milan, Italy",45.468503,9.1824027
Manifestazioni,05-08-20,2020-07-22,"Via G. M.Lampugnani, 62, Milano, MI, Italia",Parco Tittoni,Estate 2020 al Parco Tittoni: il programma di musica e cinema all'aperto fino al 5 agosto,https://www.milanotoday.it/eventi/estate-2020-parco-tittoni-programma.html,Altri eventi,"Via G. M.Lampugnani, 62, 20832 Desio MB, Italy",45.617374,9.2150855
Incontri,15-08-20,2020-08-15,"Via Madonna Fametta, 1, Milano, MI, Italia",Villa Arconati-FAR,"Villa Arconati, uno speciale teatro sotto le stelle a Ferragosto. Orari e biglietti",https://www.milanotoday.it/eventi/ferragosto-villa-arconati-spettacolo-teatro-sotto-le-stelle-biglietti.html,Formazione e networking,"Via Fametta, 1, 20021 Castellazzo MI, Italy",45.5562372,9.0964983
Manifestazioni,06-09-20,2020-08-21,"Via Madonna Fametta, 1, Milano, MI, Italia",Villa Arconati-FAR,Elio Germano e Paolo Fresu al Festival di Villa Arconati: orari e biglietti,https://www.milanotoday.it/eventi/festival-villa-arconati-2020.html,Altri eventi,"Via Fametta, 1, 20021 Castellazzo MI, Italy",45.5562372,9.0964983
Manifestazioni,06-09-20,2020-09-02,"Via Madonna Fametta, 1, Milano, MI, Italia",Villa Arconati-FAR,"Festival di Villa Arconati, gli spettacoli della settimana e la chiusura con Elio Germano",https://www.milanotoday.it/eventi/festival-villa-arconati-spettacoli-settembre.html,Altri eventi,"Via Fametta, 1, 20021 Castellazzo MI, Italy",45.5562372,9.0964983
Incontri,26-09-20,2020-09-03,"Via Madonna Fametta, 1, Milano, MI, Italia",Villa Arconati-FAR,"Villa Arconati, alla scoperta dei tesori del Giardino delle Meraviglie",https://www.milanotoday.it/eventi/villa-arconati-visite-giardino-orari.html,Formazione e networking,"Via Fametta, 1, 20021 Castellazzo MI, Italy",45.5562372,9.0964983
Incontri,12-09-20,2020-09-12,"Vico Oriana Fallaci, 1, Milano, MI, Italia",I Giardini di Senago,"Inaugurazione nuova Rsa ""i giardini di Senago""",https://www.milanotoday.it/eventi/inaugurazione-nuova-rsa-i-giardini-di-senago-2020.html,Formazione e networking,"Via Oriana Fallaci, 20068 Peschiera Borromeo MI, Italy",45.4255647,9.3113829
Incontri,03-10-20,2020-09-19,"Stazione di Porta Vittoria, Milano, MI, Italia",stazione di porta Vittoria,"Prende il via il progetto ""orchestra della musica passante""",https://www.milanotoday.it/eventi/prende-il-via-il-progetto-orchestra-della-musica-passante-2020.html,Formazione e networking,"Milano Porta Vittoria, 20137 Milano MI, Italy",45.4598929,9.2235503
Incontro/presentazione,26-09-20,2020-09-26,"Piazza Loggia 11/f, Milano, MI, Italia",Spazio Aref,Brescia liberata ricorda i luoghi delle X Giornate nel Centro Storico di Brescia - work in progress,,Formazione e networking,"Piazza Italia, 20091 Bresso MI, Italy",45.5325217,9.1955933
Mostra,27-09-20,2020-09-26,"Loc. Forte di Oga, Milano, MI, Italia",FORTE MILITARE “VENINI” DI OGA,Forte di Oga. Gli oggetti raccontano la Grande Guerra: vita in Trincea VS vita in Fortezza,,Arte e cultura,"Via Paolo Giovio, 29, 20144 Milano MI, Italy",45.4633323,9.161739
Attività Didattica,26-09-20,2020-09-26,"via Becagli, 33, Milano, MI, Italia",Parrocchia San Colombano Abate,Centro studi Riva - Parrocchia San Colombano Abate. Giochi di Pace sul campo di Battaglia,,Formazione e networking,"Via Legnone, 20158 Milano MI, Italy",45.4983223,9.1815418
Altro,27-09-20,2020-09-26,"Via Don Cusini, 49, Milano, MI, Italia",Casa della Cultura,"Un borgo chiamato Talamona. Itinerari talamonesi, storia, arte e territorio.",,Altri eventi,"Via Privata del Don, Milano MI, Italy",45.4579764,9.1853736
Altro,27-09-20,2020-09-26,"Piazzetta del Monastero, Milano, MI, Italia",Sacro Monte di Varese,Panorami da Sacro Monte,,Altri eventi,"20153, Via Anselmo da Baggio, 60, 20153 Milano MI, Italy",45.4638808,9.0884556
Mostra,26-09-20,2020-09-26,"Piazza XX Settembre, Milano, MI, Italia",Palazzo delle Paure,"Inaugurazione della mostra “Il fiume Adda di immagine in immagine tra tempo e luce“ Nuove donazioni alla Fototeca del Si.M.U.L Fotografie di Andrea Caronni, Rosandro Cattaneo, Daniele Re",,Arte e cultura,"Via XX Settembre, 20091 Bresso MI, Italy",45.5307508,9.1990328
Visita Libera,26-09-20,2020-09-26,"Corso Magenta, 24 (Palazzo Arese Litta), Milano, MI, Italia",Direzione regionale Musei nazionali Lombardia,Brescia liberata ricorda i luoghi delle X Giornate nel Centro Storico di Brescia - work in progress,,Arte e cultura,"Corso Magenta, 24, 20121 Milano MI, Italy",45.4658994,9.178299
Visita Guidata,26-09-20,2020-09-26,"via Sant’Epifanio 14, Milano, MI, Italia",Orto Botanico – SMA (Sistema Museale di Ateneo) – Università degli studi di Pavia,Visite guidate all'Orto Botanico,,Arte e cultura,"Via Fernando Santi, 20142 Milano MI, Italy",45.4368991,9.1232971
Visita Guidata,27-09-20,2020-09-26,"S.S.33 del Sempione, località Mulino Star Qua, Milano, MI, Italia",Fondazione Carla Musazzi c/o Mulino Star Qua,Il museo diffuso: dall'archivio fotografico alle testimonianze storiche nel territorio,,Arte e cultura,"Mulino Star Qua, 20014 Nerviano MI, Italy",45.5618379,8.9631332
Attività Didattica,27-09-20,2020-09-26,"Via Valle delle Cartiere 57/59, Milano, MI, Italia",Museo della carta di Toscolano Maderno,Museo della carta di Toscolano Maderno. Piccoli mastri cartai all’opera.,,Formazione e networking,"Via Santa Maria Valle, 20123 Milano MI, Italy",45.4602041,9.1839902
Altro,27-09-20,2020-09-26,"Via Andrea Botturi, 3, Milano, MI, Italia",MAST Castel Goffredo,"Insieme al MAST! Museo di arte, storie, territorio di Castel Goffredo",,Altri eventi,"Vle Andrea Doria, Milano MI, Italy",45.4855398,9.2110068
Visita Guidata,27-09-20,2020-09-26,"Piazza Botta 9, Milano, MI, Italia",Kosmos – Museo di Storia naturale dell’Università di Pavia,Visite guidate al Museo Kosmos,,Arte e cultura,"Via Carlo Botta, 9, 20135 Milano MI, Italy",45.4529985,9.2040075
Altro,27-09-20,2020-09-26,"Via Giovanni Battista Spagnoli, 5, Milano, MI, Italia","Comprensorio ""Terre dei Gonzaga in Destra Po""","Visita virtuale: il comprensorio ""Terre dei Gonzaga in Destra Po""",,Altri eventi,"Via Giovanni Battista Pirelli, 20124 Milano MI, Italy",45.4839057,9.1985352
Visita Libera,27-09-20,2020-09-26,"Corso Magenta, 24 (Palazzo Arese Litta), Milano, MI, Italia",Direzione regionale Musei nazionali Lombardia,Rappresentare il paesaggio. Passeggiata alla scoperta del patrimonio culturale,,Arte e cultura,"Corso Magenta, 24, 20121 Milano MI, Italy",45.4658994,9.178299
Visita Guidata,26-09-20,2020-09-26,"via Becagli, 33, Milano, MI, Italia",Parrocchia San Colombano Abate,"L’ultimo Duca Gonzaga e l’accusa di fellonia. Documentazione di un falso pittorico della Battaglia di Riva, 1702",,Arte e cultura,"Via Legnone, 20158 Milano MI, Italy",45.4983223,9.1815418
Incontri,27-09-20,2020-09-26,"Via Gian Carlo Clerici, 150, Milano, MI, Italia",Cascina centro Parco Nord,Enten hitti in sleeping concert al Parco Nord Milano,https://www.milanotoday.it/eventi/enten-hitti-in-sleeping-concert-al-parco-nord-2020.html,Formazione e networking,"Via Gian Carlo Clerici, 150, 20099 Sesto San Giovanni MI, Italy",45.5342137,9.2134208
Visita Guidata,27-09-20,2020-09-27,"Piazza Botta 10, Milano, MI, Italia",Museo Camillo Golgi - Università di Pavia,Visita guidata al Museo Golgi,,Arte e cultura,"Via Carlo Botta, 10, 20135 Milano MI, Italy",45.4529288,9.2043859
Attività Didattica,27-09-20,2020-09-27,"via Domenion, 51, Milano, MI, Italia",MUS! Museo di Livigno e Trepalle,Dall’orto alla soffitta: storia di una rapa,,Formazione e networking,"Via Legnone, 20158 Milano MI, Italy",45.4983223,9.1815418
Cibo e Vino,27-09-20,2020-09-27,"Via Gian Carlo Clerici, 150, Milano, MI, Italia",Parco Nord,Uno speciale pic nic al Parco Nord,https://www.milanotoday.it/eventi/pic-nic-parco-nord-gratis.html,Enogastronomia,"Via Gian Carlo Clerici, 150, 20099 Sesto San Giovanni MI, Italy",45.5342137,9.2134208
Visita Guidata,27-09-20,2020-09-27,"via Becagli, 33, Milano, MI, Italia",Parrocchia San Colombano Abate,Centro studi Riva - Parrocchia San Colombano Abate. Passi di Pace dal Territorio alla Mostra,,Arte e cultura,"Via Legnone, 20158 Milano MI, Italy",45.4983223,9.1815418
Mostra,27-09-20,2020-09-27,"via Sant’Epifanio 14, Milano, MI, Italia",Orto Botanico – SMA (Sistema Museale di Ateneo) – Università degli studi di Pavia,Mostra Antiche varietà agricole locali e Piante spontanee mangerecce,,Arte e cultura,"Via Fernando Santi, 20142 Milano MI, Italy",45.4368991,9.1232971
Incontri,03-10-20,2020-09-29,"Stazione di porta Vittoria, Milano, MI, Italia",stazione di porta Vittoria,"Concerto aperitivo per l'avvio dell' ""orchestra della musica passante""",https://www.milanotoday.it/eventi/concerto-aperitivo-per-l-avvio-dell-orchestra-2020.html,Formazione e networking,"Milano Porta Vittoria, 20137 Milano MI, Italy",45.4598929,9.2235503
Incontri,04-10-20,2020-10-03,"Via Piemonte, Località La Lanca, Milano, MI, Italia",Villaggio delle Zucche di San Martino Siccomario,"Festa dei Nonni, uno speciale appuntamento al Villaggio delle Zucche",https://www.milanotoday.it/eventi/festa-nonni-villaggio-zucche-pavia.html,Formazione e networking,"Via Piemonte, 20098 San Giuliano Milanese MI, Italy",45.3953965,9.2568579
Incontri,11-10-20,2020-10-04,"Via Privata Cuccagna, 2, Milano, MI, Italia",Un posto a Milano,Il Mercato dei Vignaioli: a Milano oltre 50 cantine e tante degustazioni di vino,https://www.milanotoday.it/eventi/mercato-vignaioli-cantine-degustazioni-vino.html,Formazione e networking,"Via Privata Cuccagna, 2, 20135 Milano MI, Italy",45.4512106,9.2116309
Mostre,18-10-20,2020-10-06,"via Ripa di Porta Ticinese 61, Milano, MI, Italia",Arcadia Art Gallery,Gran premio Arcadia,https://www.milanotoday.it/eventi/gran-premio-arcadia-collettiva-2020.html,Arte e cultura,"Ripa di Porta Ticinese, 61, 20143 Milano MI, Italy",45.4507406,9.1709073
Cibo e Vino,11-10-20,2020-10-09,"Via Vittorio Emanuele II, 48, 20814 Varedo, Milano, MI, Italia",Villa Bagatti Valsecchi,Cacio e pepe o carbonara? A Varedo il nuovo festival della cucina romana,https://www.milanotoday.it/eventi/festival-cacio-e-pepe-carbonara-varedo.html,Enogastronomia,"20814 Varedo, Province of Monza and Brianza, Italy",45.5981456,9.1620748
Incontri,11-10-20,2020-10-11,"Via Madonna Fametta, 1, Milano, MI, Italia",Sala Museo di Villa Arconati FAR,"Prof. Massimo Galli, un incontro gratuito per parlare di Covid",https://www.milanotoday.it/eventi/incontro-massimo-galli-sul-covid-villa-arconati.html,Formazione e networking,"Via Fametta, 1, 20021 Castellazzo MI, Italy",45.5562372,9.0964983
Incontri,24-10-20,2020-10-17,"Via Piemonte, Località La Lanca, Milano, MI, Italia",Il Villaggio delle Zucche – Pumpkin Patch,Halloween è in arrivo: al Villaggio delle Zucche due appuntamenti per bambini,https://www.milanotoday.it/eventi/halloween-incontro-bambini-villaggio-zucche.html,Formazione e networking,"Via Piemonte, 20098 San Giuliano Milanese MI, Italy",45.3953965,9.2568579
Incontri,25-10-20,2020-10-24,"passante di Porta Vittoria, Milano, MI, Italia",Quarta Parete,"Buon compleanno Rodari! Festeggia con noi questo weekend con ""sbagliando s'inventa""",https://www.milanotoday.it/eventi/buon-compleanno-rodari-2020.html,Formazione e networking,"Milano Porta Vittoria, 20137 Milano MI, Italy",45.4598929,9.2235503
Incontri,25-10-20,2020-10-24,"Via Cà Bianca, 34, Milano, MI, Italia",il centro olistico,"Welcome back, dal buio alla luce",https://www.milanotoday.it/eventi/welcome-back-dal-buio-alla-luce-donnelucefilm.html,Formazione e networking,"Via Privata Parenzo, 2, 20143 Milano MI, Italy",45.4427923,9.1393742
Teatri,21-03-21,2020-10-25,"Via Privata Portoferraio, 4, Milano, MI, Italia",Spazio TeatRing,La mitologia si racconta a merenda: i nuovi appuntamenti per bambini allo Spazio TeatRing,https://www.milanotoday.it/eventi/incontri-merenda-bambini-spazio-teatring.html,Teatro e spettacolo,"Via Privata Portoferraio, 4, 20141 Milano MI, Italy",45.4394371,9.1826141
Teatri,21-03-21,2020-10-25,"Via Privata Portoferraio, 4, Milano, MI, Italia",Spazio TeatRing,La mitologia si racconta a merenda: i nuovi appuntamenti per bambini allo Spazio TeatRing,https://www.milanotoday.it/eventi/incontri-merenda-bambini-spazio-teatring.html,Teatro e spettacolo,"Via Privata Portoferraio, 4, 20141 Milano MI, Italy",45.4394371,9.1826141
Incontri,25-10-20,2020-10-25,"Via Madonna Fametta, 1, Milano, MI, Italia",Villa Arconati-FAR,"Le atmosfere d'autunno a Villa Arconati, le visite al Giardino",https://www.milanotoday.it/eventi/visite-giardino-villa-arconati.html,Formazione e networking,"Via Fametta, 1, 20021 Castellazzo MI, Italy",45.5562372,9.0964983
Incontro/presentazione,30-10-20,2020-10-30,"Largo Alfredo Campanini, 2, Milano, MI, Italia",villa Bernsconi a Cernobbio,"Tra Liberty, Art Déco. Speziali presenta l’artista Mario Mirko Vucetich",,Formazione e networking,"Via Alfredo Campanini, 2, 20124 Milano MI, Italy",45.4855421,9.19766
Webinar,19-11-20,2020-11-19,"Corso Magenta (Palazzo Litta), Milano, MI, Italia","Soprintendenza Archeologia, Belle Arti e Paesaggio per la città metropolitana di Milano",La chiesa scomparsa di San Dionigi a Milano (I parte),,Eventi digitali,"Corso Magenta, 24, 20121 Milano MI, Italy",45.4658994,9.178299
Altro,03-12-20,2020-12-03,"Corso Magenta, 24 (Palazzo Arese Litta), Milano, MI, Italia",Direzione regionale Musei nazionali Lombardia,"La Direzione regionale Musei Lombardia per la Giornata internazionale dei diritti delle persone con disabilità, 3 dicembre 2020",,Altri eventi,"Corso Magenta, 24, 20121 Milano MI, Italy",45.4658994,9.178299
Altro,29-05-21,2020-12-05,"Corso Magenta, 24 (Palazzo Arese Litta), Milano, MI, Italia",Direzione regionale Musei nazionali Lombardia,Musei del Garda: Abbonarsi conviene!,,Altri eventi,"Corso Magenta, 24, 20121 Milano MI, Italy",45.4658994,9.178299
