categoria,data_fine,data_inizio,indirizzo,luogo,titolo,url,macro_categoria,geocoded_address,lat,long
,01-01-22,2022-01-01,"Viale Coni Zugna 0, Milano, MI",,Orsetto Nalle e i segnali stradali per bambini con fondazione Aida,https://www.milanotoday.it/eventi/orsetto-nalle-2021.html,Non classificato,"Viale Coni Zugna, Navigli, Municipio 6, Milano, Lombardia, 20144, Italia",45.4552068,9.1723362
Mostre,31-12-22,2022-01-01,"Via Luigi Settembrini, 11, Milano, MI",Museo delle Illusioni Milano,Museo delle illusioni Milano,https://www.milanotoday.it/eventi/museo-delle-illusioni-milano-2021.html,Arte e cultura,"Belmonte, 11, Via Luigi Settembrini, Centrale, Municipio 2, Milano, Lombardia, 20124, Italia",45.4811784,9.2050363
Spettacoli,02-01-22,2022-01-02,"Corso di Porta Romana 63,20122, Milano, MI,Italia",Carcano,The Black Blues Brothers,https://www.teatro.it/spettacoli/milano/carcano/2021-2022/the-black-blues-brothers,Teatro e spettacolo,"Teatro Carcano, 63, Corso di Porta Romana, Crocetta, Municipio 1, Milano, Lombardia, 20121, Italia",45.4566842,9.1955297
Spettacoli,02-01-22,2022-01-02,"Via Alessandro Manzoni 42,20121, Milano, MI,Italia",Manzoni,"Scusa sono in riunione, ti posso richiamare?",https://www.teatro.it/spettacoli/milano/manzoni/2021-2022/scusa-sono-in-riunione-ti-posso-richiamare,Teatro e spettacolo,"Teatro Manzoni, 42, Via Alessandro Manzoni, Cerchia dei Navigli, Municipio 1, Milano, Lombardia, 20121, Italia",45.4710286,9.1944762
Spettacoli,02-01-22,2022-01-02,"Corso di Porta Romana 63,20122, Milano, MI,Italia",Carcano,The Black Blues Brothers,https://www.teatro.it/spettacoli/milano/carcano/2021-2022/the-black-blues-brothers,Teatro e spettacolo,"Teatro Carcano, 63, Corso di Porta Romana, Crocetta, Municipio 1, Milano, Lombardia, 20121, Italia",45.4566842,9.1955297
Spettacoli,02-01-22,2022-01-02,"Via Alessandro Manzoni 42,20121, Milano, MI,Italia",Manzoni,"Scusa sono in riunione, ti posso richiamare?",https://www.teatro.it/spettacoli/milano/manzoni/2021-2022/scusa-sono-in-riunione-ti-posso-richiamare,Teatro e spettacolo,"Teatro Manzoni, 42, Via Alessandro Manzoni, Cerchia dei Navigli, Municipio 1, Milano, Lombardia, 20121, Italia",45.4710286,9.1944762
Spettacoli,04-01-22,2022-01-04,"via Pitteri 58,20134, Milano, MI,Italia",Martinitt,That's Amore,https://www.teatro.it/spettacoli/milano/martinitt/2021-2022/thats-amore,Teatro e spettacolo,"Via Riccardo Pitteri, Lambrate, Municipio 3, Milano, Lombardia, 20134, Italia",45.4798362,9.2457864
Spettacoli,04-01-22,2022-01-04,"via Pitteri 58,20134, Milano, MI,Italia",Martinitt,That's Amore,https://www.teatro.it/spettacoli/milano/martinitt/2021-2022/thats-amore,Teatro e spettacolo,"Via Riccardo Pitteri, Lambrate, Municipio 3, Milano, Lombardia, 20134, Italia",45.4798362,9.2457864
Spettacoli,04-01-22,2022-01-04,"Via Giordano Rota 1,20145, Milano, MI,Italia",Nazionale Italiana Assicurazioni,Finché social non ci separi,https://www.teatro.it/spettacoli/milano/nazionale-chebanca/2021-2022/finche-social-non-ci-separi,Teatro e spettacolo,"20145, Italy",45.4643,9.1895
Concerti,05-01-22,2022-01-05,"Via Pietrasanta, 16, Milano, MI",Magazzini Generali,Ai Magazzini Generali una serata con Ellen Allien,https://www.milanotoday.it/eventi/serata-magazzini-generali-ellen-allien.html,Musica e vita notturna,"16, Via Pietrasanta, Ex Om - Morivione, Municipio 5, Milano, Lombardia, 20141, Italia",45.4440954,9.1951652
Concerti,05-01-22,2022-01-05,"Via Marco D'Oggiono, Milano, MI",Teatro LabArca,L'orientale. concerto per l'epifania - il 5 gennaio presso il teatro Labarca,https://www.milanotoday.it/eventi/orientale-concerto-per-l-epifania-2021.html,Musica e vita notturna,"Via Marco d'Oggiono, Ticinese, Municipio 1, Milano, Lombardia, 20123, Italia",45.4569667,9.1758861
Teatri,09-01-22,2022-01-08,"Via Ulisse Dini, 7, Milano, MI",PACTA Salone,"""Quanto resta della notte"": rassegna sulle storie di Sicilia al Pacta per Palco Off",https://www.milanotoday.it/eventi/quanto-resta-notte-pacta-salone.html,Teatro e spettacolo,"PACTA Salone, 7, Via Ulisse Dini, Stadera, Municipio 5, Milano, Lombardia, 20136, Italia",45.4290193,9.1798393
Concerti,08-01-22,2022-01-08,"Via Bovisasca, 59, Milano, MI",Spirit de Milan,La Holy Swing Night torna allo Spirit de Milan,https://www.milanotoday.it/eventi/holy-swing-night-spirit-de-milan.html,Musica e vita notturna,"Spirit de Milan, 59, Via Bovisasca, Bovisa, Municipio 9, Milano, Lombardia, 20157, Italia",45.5067143,9.1584748
Concerti,09-01-22,2022-01-09,"Viale Lucania, 18, Milano, MI",Chiesa San Vittore,Concerto natalizio,https://www.milanotoday.it/eventi/concerto-natalizio-ekaterina-adamova-2021.html,Musica e vita notturna,"Viale Lucania, Lodi - Corvetto, Municipio 4, Milano, Lombardia, 20139, Italia",45.4430378,9.2239399
Spettacoli,09-01-22,2022-01-09,"via Pier Lombardo,14,20135, Milano, MI,Italia",Franco Parenti - Sala Grande,Il rompiballe,https://www.teatro.it/spettacoli/milano/franco-parenti-sala-grande/2021-2022/il-rompiballe,Teatro e spettacolo,"Via Pier Lombardo, Porta Romana, Municipio 4, Milano, Lombardia, 20135, Italia",45.4542958,9.2063109
Mercatini,09-01-22,2022-01-09,"Via Santa Croce, 15, Milano, MI",Associazione IBVA,Domenica 9 gennaio torna il mercato di Solidando,https://www.milanotoday.it/eventi/domenica-9-gennaio-solidando.html,Mercati e shopping,"Via Santa Croce, Ticinese, Municipio 1, Milano, Lombardia, 20136, Italia",45.4540253,9.1823474
Spettacoli,09-01-22,2022-01-09,"Viale dell'Innovazione 20,20126, Milano, MI,Italia",Arcimboldi,Ghost - Il Musical,https://www.teatro.it/spettacoli/milano/degli-arcimboldi/2021-2022/ghost-il-musical,Teatro e spettacolo,"20, Viale dell'Innovazione, Bicocca, Municipio 9, Milano, Lombardia, 20125, Italia",45.5148696,9.2135963
Spettacoli,09-01-22,2022-01-09,"Via Rovello 2,20121, Milano, MI,Italia",Piccolo Teatro - Teatro Grassi,Pinocchio,https://www.teatro.it/spettacoli/milano/piccolo-teatro-teatro-grassi/2021-2022/pinocchio,Teatro e spettacolo,"2, Via Rovello, Brera, Milano, Lombardia, 20121, Italia",45.4665188,9.1847651
Spettacoli,09-01-22,2022-01-09,"Via Larga 14,20122, Milano, MI,Italia",Lirico Giorgio Gaber,Comincium,https://www.teatro.it/spettacoli/milano/lirico-giorgio-gaber/2021-2022/comincium-ale-franz,Teatro e spettacolo,"Teatro Lirico Giorgio Gaber, 14, Via Larga, Cerchia dei Navigli, Municipio 1, Milano, Lombardia, 20122, Italia",45.4615135,9.1918702
Spettacoli,09-01-22,2022-01-09,"Via Filodrammatici 2,20121, Milano, MI,Italia",Teatro Alla Scala,Recital di canto - Waltraud Meier e Günther Groissböck,https://www.teatro.it/spettacoli/milano/teatro-alla-scala/2021-2022/recital-di-canto-waltraud-meier-e-gunther-groissbock,Teatro e spettacolo,"2, Via Filodrammatici, Brera, Milano, Lombardia, 20121, Italia",45.4673781,9.188701
Spettacoli,09-01-22,2022-01-09,"Viale dell'Innovazione 20,20126, Milano, MI,Italia",Arcimboldi,Ghost - Il Musical,https://www.teatro.it/spettacoli/milano/degli-arcimboldi/2021-2022/ghost-il-musical,Teatro e spettacolo,"20, Viale dell'Innovazione, Bicocca, Municipio 9, Milano, Lombardia, 20125, Italia",45.5148696,9.2135963
Spettacoli,09-01-22,2022-01-09,"via Pier Lombardo,14,20135, Milano, MI,Italia",Franco Parenti - Sala Grande,Il rompiballe,https://www.teatro.it/spettacoli/milano/franco-parenti-sala-grande/2021-2022/il-rompiballe,Teatro e spettacolo,"Via Pier Lombardo, Porta Romana, Municipio 4, Milano, Lombardia, 20135, Italia",45.4542958,9.2063109
Spettacoli,09-01-22,2022-01-09,"Via Larga 14,20122, Milano, MI,Italia",Lirico Giorgio Gaber,Comincium,https://www.teatro.it/spettacoli/milano/lirico-giorgio-gaber/2021-2022/comincium-ale-franz,Teatro e spettacolo,"Teatro Lirico Giorgio Gaber, 14, Via Larga, Cerchia dei Navigli, Municipio 1, Milano, Lombardia, 20122, Italia",45.4615135,9.1918702
Spettacoli,09-01-22,2022-01-09,"Via Rovello 2,20121, Milano, MI,Italia",Piccolo Teatro - Teatro Grassi,Pinocchio,https://www.teatro.it/spettacoli/milano/piccolo-teatro-teatro-grassi/2021-2022/pinocchio,Teatro e spettacolo,"2, Via Rovello, Brera, Milano, Lombardia, 20121, Italia",45.4665188,9.1847651
,10-01-22,2022-01-10,"Foro Buonaparte, 67, Milano, MI",Fondazione Mattalon,Apre la mostra finale del concorso yicca,https://www.milanotoday.it/eventi/apre-la-mostra-finale-del-concorso-yicca.html,Non classificato,"Fondazione Matalon, 67, Foro Buonaparte, Cerchia dei Navigli, Municipio 1, Milano, Lombardia, 20121, Italia",45.4678515,9.1808028
Spettacoli,11-01-22,2022-01-11,"Piazza Risorgimento 19,20066, Melzo, MI,Italia",Trivulzio,Marjorie Prime,https://www.teatro.it/spettacoli/melzo/trivulzio/2021-2022/marjorie-prime,Teatro e spettacolo,"Piazza Risorgimento, Melzo, Milano, Lombardia, 20066, Italia",45.5003449,9.4229132
Spettacoli,12-01-22,2022-01-12,"vicolo Fiume 4,20092, Cinisello Balsamo, MI,Italia",Pax,Diamoci del tu,https://www.teatro.it/spettacoli/cinisello-balsamo/pax/2021-2022/diamoci-del-tu,Teatro e spettacolo,"CineTeatro Pax, 4, Vicolo Fiume, Cinisello, Cinisello Balsamo, Zona Omogenea Milano Nord, Milano, Lombardia, 20092, Italia",45.5564874,9.2169118
Mostre,30-01-22,2022-01-13,"Via Filodrammatici, Milano, MI",Teatro Filodrammatici,Stato interessante - Prima nazionale al Filodrammatici,https://www.milanotoday.it/eventi/stato-interessante-prima-nazionale.html,Arte e cultura,"Via Filodrammatici, Brera, Municipio 1, Milano, Lombardia, 20121, Italia",45.4673403,9.1886109
Teatri,30-01-22,2022-01-14,"Via Riccardo Pitteri, 58, Milano, MI",Teatro Martinitt,"""Ti dedico una canzone"" al Teatro Martinitt è un'esplosione di emozioni",https://www.milanotoday.it/eventi/spettacolo-ti-dedico-una-canzone-teatro-martinitt.html,Teatro e spettacolo,"Via Riccardo Pitteri, Lambrate, Municipio 3, Milano, Lombardia, 21771, Italia",45.4736333,9.2486288
Teatri,16-01-22,2022-01-14,"Via Tertulliano, 68, Milano, MI",Teatro Tertulliano,Astenersi astemi a teatro dal 14 al 16 gennaio 2022,https://www.milanotoday.it/eventi/astenersi-astemi-a-teatro-2021.html,Teatro e spettacolo,"Spazio Tertulliano, 68, Via Tertulliano, Umbria - Molise, Municipio 4, Milano, Lombardia, 20137, Italia",45.4482227,9.2217984
Teatri,16-01-22,2022-01-14,"Via Tertulliano, 68, Milano, MI",Avirex Spazio Tertulliano,"""Astenersi astemi"" a teatro dal 14 al 16 gennaio 2022",https://www.milanotoday.it/eventi/astenersi-astemi-a-teatro-dal-14-al-16-gennaio-2022.html,Teatro e spettacolo,"Spazio Tertulliano, 68, Via Tertulliano, Umbria - Molise, Municipio 4, Milano, Lombardia, 20137, Italia",45.4482227,9.2217984
Mostre,26-02-22,2022-01-14,"Viale Enrico Forlanini, Milano, MI",Artgallery MCL-virtual gallery,"""Beard gallery"",mostra personale online di Fulgor Silvi",https://www.milanotoday.it/eventi/beard-gallery-mostra-personale.html,Arte e cultura,"Viale Enrico Forlanini, Parco Monluè - Ponte Lambro, Municipio 4, Milano, Lombardia, 21771, Italia",45.4618211,9.265585
Teatri,15-01-22,2022-01-14,"Viale dell'Innovazione, 20, Milano, MI",Teatro degli Arcimboldi,"""L'Attimo fuggente"" con Ettore Bassi è una storia d'amore per la vita",https://www.milanotoday.it/eventi/spettacolo-attimo-fuggente-teatro-arcimboldi.html,Teatro e spettacolo,"20, Viale dell'Innovazione, Bicocca, Municipio 9, Milano, Lombardia, 20125, Italia",45.5148696,9.2135963
Incontri,16-01-22,2022-01-15,"Corso Venezia, 55, Milano, MI",Museo di Storia Naturale,Al Museo di Storia Naturale una visita guidata speciale per bambini,https://www.milanotoday.it/eventi/visite-guidate-bambini-museo-storia-naturale.html,Formazione e networking,"Museo di Storia Naturale, 55, Corso Venezia, Guastalla, Municipio 1, Milano, Lombardia, 20121, Italia",45.472734,9.2024419
,16-01-22,2022-01-15,"Via Dalmazia, 11, Milano, MI",Cinema Teatro delfino,50 (+1) anni di delfino!,https://www.milanotoday.it/eventi/50-1-anni-di-delfino-8707445.html,Non classificato,"Via Dalmazia, Quartiere Forlanini, Mecenate, Municipio 4, Milano, Lombardia, 20059, Italia",45.4585428,9.2453047
Incontri,16-01-22,2022-01-15,"Via San Vittore, Milano, MI",Museo Nazionale della Scienza e della Tecnologia,Al Museo della Scienza uno speciale weekend dedicato ai bambini,https://www.milanotoday.it/eventi/laboratori-bambini-museo-scienza.html,Formazione e networking,"Via San Vittore, Magenta - San Vittore, Municipio 1, Milano, Lombardia, 20144, Italia",45.4640293,9.1681174
Mostre,20-03-22,2022-01-15,"Via Giulio Cesare Procaccini, 11, Milano, MI",Fabbrica del Vapore,A Milano una mostra immersiva con Geronimo Stilton,https://www.milanotoday.it/eventi/mostra-geronimo-stilton-fabbrica-del-vapore.html,Arte e cultura,"11, Via Giulio Cesare Procaccini, Sarpi, Porta Volta, Municipio 8 di Milano, Milano, Lombardia, 20154, Italia",45.4836754,9.1735545
Mostre,06-02-22,2022-01-15,"Viale Campania, 12, Milano, MI",Wow Spazio Fumetto,A Milano una mostra a fumetti racconta la violenza sulle donne,https://www.milanotoday.it/eventi/mostra-violenza-donne-fumetti.html,Arte e cultura,"12, Viale Campania, Corsica, Municipio 4, Milano, Lombardia, 20133, Italia",45.4634024,9.2242161
Spettacoli,16-01-22,2022-01-16,"Via Ciro Menotti 11,20129, Milano, MI,Italia",Menotti,Far finta di essere sani,https://www.teatro.it/spettacoli/milano/menotti/2021-2022/far-finta-di-essere-sani,Teatro e spettacolo,"Teatro Menotti, 11, Via Ciro Menotti, Buenos Aires - Venezia, Municipio 3, Milano, Lombardia, 20129, Italia",45.4699775,9.2131112
Spettacoli,16-01-22,2022-01-16,"Via Alessandro Manzoni 42,20121, Milano, MI,Italia",Manzoni,Vincenzo Salemme - Napoletano? E famme 'na pizza!,https://www.teatro.it/spettacoli/milano/manzoni/2021-2022/napoletano-e-famme-na-pizza,Teatro e spettacolo,"Teatro Manzoni, 42, Via Alessandro Manzoni, Cerchia dei Navigli, Municipio 1, Milano, Lombardia, 20121, Italia",45.4710286,9.1944762
Incontri,16-01-22,2022-01-16,"Via Vigevano, 3, Milano, MI",Fondazione Arnaldo Pomodoro,Alla Fondazione Arnaldo Pomodoro un laboratorio sul gesso,https://www.milanotoday.it/eventi/laboratorio-bambini-gesso-fondazione-arnaldo-pomodoro.html,Formazione e networking,"Fondazione Arnaldo Pomodoro, 3, Via Vigevano, Navigli, Municipio 6, Milano, Lombardia, 20144, Italia",45.4523858,9.1755421
Spettacoli,16-01-22,2022-01-16,"Via Larga 14,20122, Milano, MI,Italia",Lirico Giorgio Gaber,L'Instant Theatre,https://www.teatro.it/spettacoli/milano/lirico-giorgio-gaber/2021-2022/enrico-bertolino-linstant-theatre,Teatro e spettacolo,"Teatro Lirico Giorgio Gaber, 14, Via Larga, Cerchia dei Navigli, Municipio 1, Milano, Lombardia, 20122, Italia",45.4615135,9.1918702
Spettacoli,16-01-22,2022-01-16,"Via Ciro Menotti 11,20129, Milano, MI,Italia",Menotti,Far finta di essere sani,https://www.teatro.it/spettacoli/milano/menotti/2021-2022/far-finta-di-essere-sani,Teatro e spettacolo,"Teatro Menotti, 11, Via Ciro Menotti, Buenos Aires - Venezia, Municipio 3, Milano, Lombardia, 20129, Italia",45.4699775,9.2131112
Teatri,16-01-22,2022-01-16,"Via Fratelli Zoia, Milano, MI",Spazio Teatro 89,"""Nina e il mare"", un nuovo spettacolo per bambini",https://www.milanotoday.it/eventi/spettacolo-nina-e-il-mare-spazio-teatro-89.html,Teatro e spettacolo,"Via Fratelli Zoia, La Viridiana, Forze Armate, Municipio 7, Milano, Lombardia, 20152, Italia",45.4624104,9.1101496
Spettacoli,18-01-22,2022-01-18,"Viale dell'Innovazione 20,20126, Milano, MI,Italia",Arcimboldi,Raf Tozzi. Due - La nostra storia,https://www.teatro.it/spettacoli/milano/degli-arcimboldi/2021-2022/raf-tozzi,Teatro e spettacolo,"20, Viale dell'Innovazione, Bicocca, Municipio 9, Milano, Lombardia, 20125, Italia",45.5148696,9.2135963
Mostre,01-02-22,2022-01-18,"Via Privata Passo Pordoi, 7/3, Milano, MI",Hub Art,Mostra d'arte amars III,https://www.milanotoday.it/eventi/mostra-d-arte-amars-iii.html,Arte e cultura,"Via Passo Pordoi, Scalo Romana, Municipio 5, Milano, Lombardia, 20139, Italia",45.4364043,9.2092881
Teatri,23-01-22,2022-01-18,"Via Giorgio Vasari, 15, Milano, MI",Teatro Franco Parenti,"Annullato. Al Franco Parenti va in scena ""Io Sarah. Io Tosca"" di e con Laura Morante",https://www.milanotoday.it/eventi/spettacolo-io-sarah-io-tosca-franco-parenti-laura-morante.html,Teatro e spettacolo,"Via Giorgio Vasari, Porta Romana, Municipio 4, Milano, Lombardia, 20135, Italia",45.4542475,9.2073471
,19-03-22,2022-01-18,"Via Passo Buole, 3, Milano, MI",Galleria AREA/B,Nado Canuti. Il lungo volo,https://www.milanotoday.it/eventi/nado-canuti-il-lungo-volo-2021.html,Non classificato,"3, Via Passo Buole, Porta Romana, Municipio 5, Milano, Lombardia, 20135, Italia",45.4476997,9.2080803
Teatri,30-01-22,2022-01-18,"Via Alessandro Manzoni, 42, Milano, MI",Teatro Manzoni,Alessio Boni è Don Chisciotte al Teatro Manzoni,https://www.milanotoday.it/eventi/spettacolo-don-chisciotte-teatro-manzoni-alessio-boni.html,Teatro e spettacolo,"Teatro Manzoni, 42, Via Alessandro Manzoni, Cerchia dei Navigli, Municipio 1, Milano, Lombardia, 20121, Italia",45.4710286,9.1944762
Convegno/conferenza,19-01-22,2022-01-19,"via Brera, 28, Milano, MI",Pinacoteca di Brera - Biblioteca Nazionale Braidense di Milano,Tra fantasia e industrializzazione,,Formazione e networking,"Pinacoteca di Brera, 28, Via Brera, Cerchia dei Navigli, Municipio 1, Milano, Lombardia, 20121, Italia",45.4722421,9.1884071
Cinema,19-01-22,2022-01-19,"Via Seneca, 6, Milano, MI",Il Cinemino,Al Cinemino una serata speciale sulla moda sostenibile,https://www.milanotoday.it/eventi/film-stracci-cinemino.html,Arte e cultura,"Il Cinemino, 6, Via Seneca, Porta Romana, Municipio 4, Milano, Lombardia, 20135, Italia",45.4541227,9.2083301
Concerti,19-01-22,2022-01-19,"Via Larga, 14, Milano, MI",TEATRO LIRICO GIORGIO GABER,Il concerto della Filarmonica di Milano al Teatro Lirico Gaber,https://www.milanotoday.it/eventi/concerto-filarmonica-milano-teatro-gaber.html,Musica e vita notturna,"Teatro Lirico Giorgio Gaber, 14, Via Larga, Cerchia dei Navigli, Municipio 1, Milano, Lombardia, 20122, Italia",45.4615135,9.1918702
,16-02-22,2022-01-19,"Via Maloia, 1, Milano, MI",spazioSERRA,Mirrored in spectral machines,https://www.milanotoday.it/eventi/mirrored-in-spectral-machines-clarissa-2022.html,Non classificato,"Via Maloia, Farini, Municipio 9, Milano, Lombardia, 20158, Italia",45.4946286,9.1768212
Moda,23-01-22,2022-01-19,"Via Alessandro Volta, 7A, Milano, MI",Moscova District Market,"Luxury Market, l’esclusiva special sale dedicata solo ai top brand del lusso",https://www.milanotoday.it/eventi/special-sale-top-brand-lusso.html,Mercati e shopping,"7a, Via Alessandro Volta, Brera, Municipio 1, Milano, Lombardia, 20121, Italia",45.4794117,9.1836722
Concerti,19-01-22,2022-01-19,"Via Larga, 4, Milano, MI",TEATRO LIRICO GIORGIO GABER,Rimandato. La Filarmonica di Milano in concerto al Teatro Lirico Giorgio Gaber,https://www.milanotoday.it/eventi/concerto-filarmonica-di-milano-teatro-lirico-giorgio-gaber.html,Musica e vita notturna,"Minotti Cucine, 4, Via Larga, Duomo, Municipio 1, Milano, Lombardia, 20122, Italia",45.4627592,9.1940197
Teatri,10-02-22,2022-01-19,"Via Giorgio Vasari, Milano, MI",Teatro Franco Parenti,"Al Teatro Franco Parenti la prima nazionale di ""Costellazioni""",https://www.milanotoday.it/eventi/spettacolo-costellazioni-franco-parenti.html,Teatro e spettacolo,"Via Giorgio Vasari, Porta Romana, Municipio 4, Milano, Lombardia, 20135, Italia",45.4542475,9.2073471
,20-01-22,2022-01-20,"Via Panfilo Castaldi, 26, Milano, MI",Spazio Kryptos,"""Nel fondo dei giorni presenti"", allo Spazio Kryptos una serata contro la violenza sulle donne",https://www.milanotoday.it/eventi/spazio-kryptos-performance-violenza-donne.html,Non classificato,"Hotel Porta Venezia, 26, Via Panfilo Castaldi, Buenos Aires - Venezia, Municipio 3, Milano, Lombardia, 20124, Italia",45.4767991,9.2030254
Spettacoli,20-01-22,2022-01-20,"Viale dell'Innovazione 20,20126, Milano, MI,Italia",Arcimboldi,Valerio Lundini - Il mansplaining spiegato a mia figlia,https://www.teatro.it/spettacoli/milano/degli-arcimboldi/2021-2022/valerio-lundini-il-mansplaining-spiegato-a-mia-figlia,Teatro e spettacolo,"20, Viale dell'Innovazione, Bicocca, Municipio 9, Milano, Lombardia, 20125, Italia",45.5148696,9.2135963
Spettacoli,20-01-22,2022-01-20,"Viale dell'Innovazione 20,20126, Milano, MI,Italia",Arcimboldi,Valerio Lundini - Il mansplaining spiegato a mia figlia,https://www.teatro.it/spettacoli/milano/degli-arcimboldi/2021-2022/valerio-lundini-il-mansplaining-spiegato-a-mia-figlia,Teatro e spettacolo,"20, Viale dell'Innovazione, Bicocca, Municipio 9, Milano, Lombardia, 20125, Italia",45.5148696,9.2135963
Spettacoli,20-01-22,2022-01-20,"Via Filodrammatici 2,20121, Milano, MI,Italia",Teatro Alla Scala,Concerto Filarmonica della Scala,https://www.teatro.it/spettacoli/milano/teatro-alla-scala/2021-2022/concerto-filarmonica-della-scala,Teatro e spettacolo,"2, Via Filodrammatici, Brera, Milano, Lombardia, 20121, Italia",45.4673781,9.188701
Teatri,30-01-22,2022-01-21,"Viale dell'Innovazione, 79, Milano, MI",Teatro degli Arcimboldi,Arturo Brachetti in uno show imperdibile al Teatro Arcimboldi,https://www.milanotoday.it/eventi/spettacolo-arturo-brachetti-teatro-arcimboldi.html,Teatro e spettacolo,"Viale dell'Innovazione, Bicocca, Municipio 9, Milano, Lombardia, 20126, Italia",45.5163468,9.2131669
Teatri,23-01-22,2022-01-21,"Via Andrea Maria Ampère, 1, Milano, MI",MTM Teatro Leonardo,Papagheno papaghena  i pappagalli di Mozart,https://www.milanotoday.it/eventi/papagheno-papaghena-i-pappagalli-2021.html,Teatro e spettacolo,"Teatro Leonardo da Vinci, 1, Via Andrea Maria Ampère, Città Studi, Municipio 3, Milano, Lombardia, 20131, Italia",45.4795266,9.2263901
Spettacoli,21-01-22,2022-01-21,"p.zza IV Novembre 3,20025, Legnano, MI,Italia",Talisio Tirinnanzi,That's Amore,https://www.teatro.it/spettacoli/legnano/talisio-tirinnanzi/2021-2022/thats-amore,Teatro e spettacolo,"Scuola Secondaria di Primo Grado Giovanni Ungaretti, 3, Piazza Quattro Novembre, San Giorgio su Legnano, Milano, Lombardia, 20034, Italia",45.5765251,8.9157963
,21-01-22,2022-01-21,"Via Vincenzo Monti, 16, Milano, MI",Studio Rosa,Lombardia: rooms imprese e professionisti al lavoro,https://www.milanotoday.it/eventi/lombardia-rooms-imprese-e-professionisti.html,Non classificato,"Zakuro, 16, Via Vincenzo Monti, Magenta - San Vittore, Municipio 1, Milano, Lombardia, 20123, Italia",45.4675253,9.1738859
Mostre,06-02-22,2022-01-22,"Via Garegnano 28, Milano, MI",Galleria Certosa,Laura Zeni. Anime,https://www.milanotoday.it/eventi/laura-zeni-anime-laura-zeni-2021.html,Arte e cultura,"28, Via Garegnano, Maggiore - Musocco, Garegnano, Municipio 8 di Milano, Milano, Lombardia, 20157, Italia",45.5024229,9.1288823
Spettacoli,23-01-22,2022-01-23,"Via Pier Lombardo 14,20135, Milano, MI,Italia",Franco Parenti - Sala Blu,Mrs Fairytale,https://www.teatro.it/spettacoli/milano/franco-parenti-sala-acomea/2021-2022/mrs-fairytale,Teatro e spettacolo,"Via Pier Lombardo, Porta Romana, Municipio 4, Milano, Lombardia, 20135, Italia",45.4542958,9.2063109
Spettacoli,23-01-22,2022-01-23,"Via Alessandro Manzoni 42,20121, Milano, MI,Italia",Manzoni,Don Chisciotte,https://www.teatro.it/spettacoli/milano/manzoni/2021-2022/don-chisciotte,Teatro e spettacolo,"Teatro Manzoni, 42, Via Alessandro Manzoni, Cerchia dei Navigli, Municipio 1, Milano, Lombardia, 20121, Italia",45.4710286,9.1944762
Spettacoli,23-01-22,2022-01-23,"Corso di Porta Romana 63,20122, Milano, MI,Italia",Carcano,The Spank,https://www.teatro.it/spettacoli/milano/carcano/2021-2022/the-spank,Teatro e spettacolo,"Teatro Carcano, 63, Corso di Porta Romana, Crocetta, Municipio 1, Milano, Lombardia, 20121, Italia",45.4566842,9.1955297
Spettacoli,23-01-22,2022-01-23,"Alzaia Naviglio Grande 192,20144, Milano, MI,Italia",Alta Luce Teatro,La leggenda di Redenta Tiria,https://www.teatro.it/spettacoli/milano/alta-luce-teatro/2021-2022/la-leggenda-di-redenta-tiria,Teatro e spettacolo,"192, Alzaia Naviglio Grande, Lorenteggio, Municipio 6, Milano, Lombardia, 20146, Italia",45.4455309,9.1442102
Spettacoli,23-01-22,2022-01-23,"Via Pier Lombardo 14,20135, Milano, MI,Italia",Franco Parenti - Sala Blu,Mrs Fairytale,https://www.teatro.it/spettacoli/milano/franco-parenti-sala-acomea/2021-2022/mrs-fairytale,Teatro e spettacolo,"Via Pier Lombardo, Porta Romana, Municipio 4, Milano, Lombardia, 20135, Italia",45.4542958,9.2063109
Mercatini,23-01-22,2022-01-23,"Via Mecenate, 88/A, Milano, MI",East Market,East Market torna in città con 300 espositori vintage,https://www.milanotoday.it/eventi/mercatino-east-market-mecenate.html,Mercati e shopping,"Via Mecenate, Mecenate, Municipio 4, Milano, Lombardia, 20059, Italia",45.4529888,9.2481173
Teatri,24-01-22,2022-01-24,"Corso di Porta Romana, 63, Milano, MI",Teatro Carcano,"Annullato. Al Teatro Carcano il Decamerock, storie di rock e dannazione",https://www.milanotoday.it/eventi/spettacolo-teatro-carcano-decamerock.html,Teatro e spettacolo,"Teatro Carcano, 63, Corso di Porta Romana, Crocetta, Municipio 1, Milano, Lombardia, 20121, Italia",45.4566842,9.1955297
Incontri,24-01-22,2022-01-24,"Via Ulisse Gobbi, 5, Milano, MI",Aula Magna Università Bocconi,Eneide: la storia infinita dei migranti - serata in ricordo di Roberto Franceschi,https://www.milanotoday.it/eventi/eneide-la-storia-infinita-dei-migranti.html,Formazione e networking,"Biblioteca Università Bocconi, 5, Via Ulisse Gobbi, Vigentina, Municipio 5, Milano, Lombardia, 20136, Italia",45.4485576,9.1887032
,07-03-22,2022-01-25,"Via Giuseppe Candiani, 72, Milano, MI",Milano Bovisa,uncertain times 2037,https://www.milanotoday.it/eventi/uncertain-times-2037-8789562.html,Non classificato,"Biblioteca Bovisa Candiani, 72, Via Giuseppe Candiani, Bovisa, Municipio 9, Milano, Lombardia, 20158, Italia",45.5052319,9.166787
Teatri,30-01-22,2022-01-25,"Via Giorgio Vasari, 15, Milano, MI",Teatro Franco Parenti,"Al Franco Parenti ""Se non ci pensa Dio ci penso io"" con Gene Gnocchi",https://www.milanotoday.it/eventi/spettacolo-gene-gnocchi-franco-parenti.html,Teatro e spettacolo,"Via Giorgio Vasari, Porta Romana, Municipio 4, Milano, Lombardia, 20135, Italia",45.4542475,9.2073471
Manifestazioni,27-01-22,2022-01-25,"Via Ferrante Aporti, Milano, MI",Memoriale della Shoah,Le iniziative per la settimana della Memoria al Memoriale della Shoah,https://www.milanotoday.it/eventi/memoriale-shoah-settimana-memoria.html,Altri eventi,"Via Ferrante Aporti, Centrale, Municipio 2, Milano, Lombardia, 20124, Italia",45.487359,9.207824
Spettacoli,26-01-22,2022-01-26,"Via Andrea Maria Ampère 1,20131, Milano, MI,Italia",MTM - Leonardo,Senza famiglia,https://www.teatro.it/spettacoli/milano/leonardo/2021-2022/senza-famiglia,Teatro e spettacolo,"Teatro Leonardo da Vinci, 1, Via Andrea Maria Ampère, Città Studi, Municipio 3, Milano, Lombardia, 20131, Italia",45.4795266,9.2263901
Teatri,30-01-22,2022-01-26,"Via Ciro Menotti, 11, Milano, MI",Teatro Menotti Filippo Perego,"""Il Clown dei clown"" di David Larible, 26-30 gennaio al Teatro Menotti",https://www.milanotoday.it/eventi/il-clown-dei-clown-david-larible-teatro-menotti.html,Teatro e spettacolo,"Teatro Menotti, 11, Via Ciro Menotti, Buenos Aires - Venezia, Municipio 3, Milano, Lombardia, 20129, Italia",45.4699775,9.2131112
Spettacoli,27-01-22,2022-01-27,"via Santa Radegonda,8,20121, Milano, MI,Italia",Cinema Teatro Odeon - Sala 1,A Chorus Line,https://www.teatro.it/spettacoli/milano/cinema-teatro-odeon-sala-1/2021-2022/a-chorus-line,Teatro e spettacolo,"The Space Cinema Odeon, 8, Via Santa Radegonda, Duomo, Municipio 1, Milano, Lombardia, 20121, Italia",45.4651207,9.192365
Cinema,02-02-22,2022-01-27,"Viale Vittorio Veneto, 2, Milano, MI",Cineteca Milano Meet,"Alla Cineteca di Milano ""Quel giorno tu sarai""",https://www.milanotoday.it/eventi/film-cineteca-quel-giorno-tu-sarai.html,Arte e cultura,"Meet Digital Culture Center, 2, Viale Vittorio Veneto, Buenos Aires - Venezia, Municipio 3, Milano, Lombardia, 20124, Italia",45.4753303,9.2040729
Convegno/conferenza,02-04-22,2022-01-27,"via Brera, 28, Milano, MI",Pinacoteca di Brera - Biblioteca Nazionale Braidense di Milano,L'arte della guerra,,Formazione e networking,"Pinacoteca di Brera, 28, Via Brera, Cerchia dei Navigli, Municipio 1, Milano, Lombardia, 20121, Italia",45.4722421,9.1884071
Spettacoli,27-01-22,2022-01-27,"via Santa Radegonda,8,20121, Milano, MI,Italia",Cinema Teatro Odeon - Sala 2,Gypsy - La regina del burlesque,https://www.teatro.it/spettacoli/milano/cinema-teatro-odeon-sala-2/2021-2022/gypsy-la-regina-del-burlesque,Teatro e spettacolo,"The Space Cinema Odeon, 8, Via Santa Radegonda, Duomo, Municipio 1, Milano, Lombardia, 20121, Italia",45.4651207,9.192365
Spettacoli,27-01-22,2022-01-27,"Corso Buenos Aires,33,20124, Milano, MI,Italia",Teatro Elfo Puccini - sala Fassbinder,Dux in scatola. Autobiografia d'oltretomba di Mussolini Benito,https://www.teatro.it/spettacoli/milano/teatro-elfo-puccini-sala-fassbinder/2021-2022/dux-in-scatola-autobiografia-doltretomba-di-mussolini-benito,Teatro e spettacolo,"Teatro Elfo Puccini, 33, Corso Buenos Aires, Buenos Aires - Venezia, Municipio 3, Milano, Lombardia, 20124, Italia",45.4794317,9.2098387
Mostra,30-04-22,2022-01-28,"Via Senato, 10, Milano, MI",Archivio di Stato di Milano,"Proroga mostra ""Nelle sommosse e nelle guerre"". Gli archivi milanesi durante l'età napoleonica | Archivio di Stato di Milano",,Arte e cultura,"Archivio di Stato di Milano, 10, Via Senato, Guastalla, Municipio 1, Milano, Lombardia, 20121, Italia",45.4703017,9.1988675
Cinema,30-01-22,2022-01-28,"viale fulvio testi, Milano, MI",Cineteca Milano MIC,A Milano una rassegna cinematografica dedicata a Lucia Bosè,https://www.milanotoday.it/eventi/film-lucia-bose-cineteca-milano.html,Arte e cultura,"Viale Fulvio Testi, Bicocca, Municipio 9, Milano, Lombardia, 20126, Italia",45.5248451,9.2111851
Teatri,13-02-22,2022-01-29,"Via Rivoli, 6, Milano, MI",Piccolo Teatro Studio Melato,"Al Piccolo Teatro ""De Infinito Universo"" di Filippo Ferraresi",https://www.milanotoday.it/eventi/spettacolo-de-infinito-universo-piccolo-teatro-filippo-ferraresi.html,Teatro e spettacolo,"6, Via Rivoli, Brera, Municipio 1, Milano, Lombardia, 20121, Italia",45.4726093,9.182881
Concerti,29-01-22,2022-01-29,"via San Giovanni sul Muro 2, Milano, MI",Teatro dal verme,Giovanni Allevi in concerto a Milano. Orari e biglietti,https://www.milanotoday.it/eventi/giovanni-allevi-in-concerto-a-milano-orari-e-biglietti.html,Musica e vita notturna,"2, Via San Giovanni sul Muro, Cerchia dei Navigli, Municipio 1, Milano, Lombardia, 20121, Italia",45.4671162,9.1814924
Incontri,29-01-22,2022-01-29,"Via Monte Rosa, 8, Milano, MI",Museo Popoli e Culture,Al Museo Popoli e Culture del PIME un laboratorio per bambini sul Capodanno cinese,https://www.milanotoday.it/eventi/incontro-bambini-capodanno-cinese-museo-popoli-culture.html,Formazione e networking,"8, Via Monte Rosa, De Angeli - Monte Rosa, Tre Torri, Municipio 8 di Milano, Milano, Lombardia, 20149, Italia",45.4715302,9.1541045
Mostre,11-02-22,2022-01-29,"Largo Corsia dei Servi, 4, Milano, MI",Centro Culturale di Milano,Al Cmc apre la mostra del premio lab.20,https://www.milanotoday.it/eventi/al-cmc-apre-la-mostra-del-premio-lab-20.html,Arte e cultura,"Largo Corsia dei Servi, Duomo, Municipio 1, Milano, Lombardia, 20122, Italia",45.4645536,9.1965924
Mostre,12-03-22,2022-01-29,"Via Privata Assab, 1, Milano, MI",Assab One,Gianluca Codeghini - Il sorriso si ferma quando vuole,https://www.milanotoday.it/eventi/gianluca-codeghini-il-sorriso-2021.html,Arte e cultura,"1, Via privata Assab, Padova, Municipio 2, Milano, Lombardia, 20132, Italia",45.4987927,9.2376847
Spettacoli,29-01-22,2022-01-29,"Corso Magenta 24,20123, Milano, MI,Italia",MTM - Litta,Revolutionary Road,https://www.teatro.it/spettacoli/milano/mtm-litta/2021-2022/revolutionary-road,Teatro e spettacolo,"Boccascena Cafè, 24, Corso Magenta, Cerchia dei Navigli, Municipio 1, Milano, Lombardia, 20123, Italia",45.466045,9.1778296
Mostre,25-02-22,2022-01-29,"Via Procaccini 11, Milano, MI",Fabbrica del Vapore,Alla Fabbrica del Vapore una mostra racconta i due anni di pandemia,https://www.milanotoday.it/eventi/mostra-covid-fabbrica-del-vapore.html,Arte e cultura,"11, Via Giulio Cesare Procaccini, Sarpi, Porta Volta, Municipio 8 di Milano, Milano, Lombardia, 20154, Italia",45.4836754,9.1735545
Spettacoli,29-01-22,2022-01-29,"Via Giordano Rota 1,20145, Milano, MI,Italia",Nazionale Italiana Assicurazioni,"Giacobazzi - Noi, mille volti e una bugia",https://www.teatro.it/spettacoli/milano/nazionale-chebanca/2021-2022/giacobazzi-noi-mille-volti-e-una-bugia,Teatro e spettacolo,"20145, Italy",45.4643,9.1895
Spettacoli,29-01-22,2022-01-29,"Via Filodrammatici 2,20121, Milano, MI,Italia",Teatro Alla Scala,La bayadère,https://www.teatro.it/spettacoli/milano/teatro-alla-scala/2021-2022/la-bayadere,Teatro e spettacolo,"2, Via Filodrammatici, Brera, Milano, Lombardia, 20121, Italia",45.4673781,9.188701
Teatri,29-01-22,2022-01-29,"Via Daniele Ricciarelli, 3, Milano, MI",Ciù Ciù Bollicine MusiCabaret,Cabaret,https://www.milanotoday.it/eventi/cabaret-renato-converso-2021.html,Teatro e spettacolo,"Via Daniele Ricciarelli, Selinunte, Municipio 7, Milano, Lombardia, 20148, Italia",45.4727589,9.1433927
Incontri,30-01-22,2022-01-29,"Via San Vittore, 21, Milano, MI",museo della scienza,Al Museo della Scienza uno speciale weekend per bambini,https://www.milanotoday.it/eventi/weekend-per-bambini-museo-scienza.html,Formazione e networking,"21, Via San Vittore, Magenta - San Vittore, Municipio 1, Milano, Lombardia, 20123, Italia",45.4628946,9.1706462
Spettacoli,29-01-22,2022-01-29,"Via Filodrammatici 2,20121, Milano, MI,Italia",Teatro Alla Scala,La bayadère,https://www.teatro.it/spettacoli/milano/teatro-alla-scala/2021-2022/la-bayadere,Teatro e spettacolo,"2, Via Filodrammatici, Brera, Milano, Lombardia, 20121, Italia",45.4673781,9.188701
Concerti,29-01-22,2022-01-29,"Via Giuseppe Gabetti, 15, Milano, MI",Mare Culturale Urbano,A Milano concerto gratis dell'allievo del violinista Moretti,https://www.milanotoday.it/eventi/concerto-leonardo-moretti.html,Musica e vita notturna,"Cascina Torrette di Trenno, 15, Via Giuseppe Gabetti, Quartiere Vercellese, Forze Armate, Municipio 7, Milano, Lombardia, 20147, Italia",45.4687457,9.1240256
Spettacoli,30-01-22,2022-01-30,"Via Rovello 2,20121, Milano, MI,Italia",Piccolo Teatro - Teatro Grassi,Pour un oui ou pour un non,https://www.teatro.it/spettacoli/milano/piccolo-teatro-teatro-grassi/2021-2022/pour-un-oui-ou-pour-un-non,Teatro e spettacolo,"2, Via Rovello, Brera, Milano, Lombardia, 20121, Italia",45.4665188,9.1847651
Spettacoli,30-01-22,2022-01-30,"Corso di Porta Romana 63,20122, Milano, MI,Italia",Carcano,Back to Dance,https://www.teatro.it/spettacoli/milano/carcano/2021-2022/back-to-dance-kataklo,Teatro e spettacolo,"Teatro Carcano, 63, Corso di Porta Romana, Crocetta, Municipio 1, Milano, Lombardia, 20121, Italia",45.4566842,9.1955297
Spettacoli,30-01-22,2022-01-30,"Via Ciro Menotti 11,20129, Milano, MI,Italia",Menotti,Il clown dei clown,https://www.teatro.it/spettacoli/milano/menotti/2021-2022/il-clown-dei-clown,Teatro e spettacolo,"Teatro Menotti, 11, Via Ciro Menotti, Buenos Aires - Venezia, Municipio 3, Milano, Lombardia, 20129, Italia",45.4699775,9.2131112
Spettacoli,30-01-22,2022-01-30,"Corso Buenos Aires,33,20124, Milano, MI,Italia",Teatro Elfo Puccini - sala Fassbinder,Gli sposi,https://www.teatro.it/spettacoli/milano/teatro-elfo-puccini-sala-fassbinder/2021-2022/gli-sposi,Teatro e spettacolo,"Teatro Elfo Puccini, 33, Corso Buenos Aires, Buenos Aires - Venezia, Municipio 3, Milano, Lombardia, 20124, Italia",45.4794317,9.2098387
Spettacoli,30-01-22,2022-01-30,"Viale dell'Innovazione 20,20126, Milano, MI,Italia",Arcimboldi,Solo,https://www.teatro.it/spettacoli/milano/degli-arcimboldi/2021-2022/solo-the-legend-of-quick-change,Teatro e spettacolo,"20, Viale dell'Innovazione, Bicocca, Municipio 9, Milano, Lombardia, 20125, Italia",45.5148696,9.2135963
Incontri,31-01-22,2022-01-31,"Via Roma, 213, Milano, MI",Le Star Animazione Uffici,Caccia ai segreti dei 7 mari - evento online gratuito per bambini,https://www.milanotoday.it/eventi/caccia-ai-segreti-dei-7-mari.html,Formazione e networking,"Via Roma, San Martino, Oltresempione, Legnano, Milano, Lombardia, 20025, Italia",45.6018735,8.9101336
Teatri,31-01-22,2022-01-31,"Viale dell'Innovazione, Milano, MI",Teatro degli Arcimboldi,Rinviato. Al Teatro Arcimboldi una serata di stand-up comedy con Hannah Gadsby,https://www.milanotoday.it/eventi/hannah-gadsby-teatro-arcimboldi.html,Teatro e spettacolo,"Viale dell'Innovazione, Bicocca, Municipio 9, Milano, Lombardia, 20126, Italia",45.5163468,9.2131669
Spettacoli,01-02-22,2022-02-01,"v. Mons. Pogliani 7/a,ang. via Grandi,20090, Cesano Boscone, MI,Italia",Cristallo,Paolo Cevoli - La sagra famiglia,https://www.teatro.it/spettacoli/cesano-boscone/cristallo/2021-2022/paolo-cevoli-la-sagra-famiglia,Teatro e spettacolo,"20090, Italy",45.407,9.1083
Teatri,02-02-22,2022-02-01,"Via Ulisse Dini, Milano, MI",PACTA Salone,Parole Mute 2.0: Francesca Vitale parla di Alzheimer sul palco del Pacta Salone,https://www.milanotoday.it/eventi/parole-mute-pacta-francesca-vitale.html,Teatro e spettacolo,"Via Ulisse Dini, Stadera, Municipio 5, Milano, Lombardia, 20141, Italia",45.4272657,9.1793919
Spettacoli,02-02-22,2022-02-02,"v. Matteotti 30,20064, Gorgonzola, MI,Italia",Sala Argentia,Perlasca. Il coraggio di dire no,https://www.teatro.it/spettacoli/gorgonzola/sala-argentia/2021-2022/perlasca-il-coraggio-di-dire-no,Teatro e spettacolo,"Sala Argentia, 30, Via Giacomo Matteotti, Gorgonzola, Milano, Lombardia, 20064, Italia",45.5327792,9.4032916
Spettacoli,02-02-22,2022-02-02,"Via Filodrammatici 2,20121, Milano, MI,Italia",Teatro Alla Scala,I Capuleti e i Montecchi,https://www.teatro.it/spettacoli/milano/teatro-alla-scala/2021-2022/i-capuleti-e-i-montecchi,Teatro e spettacolo,"2, Via Filodrammatici, Brera, Milano, Lombardia, 20121, Italia",45.4673781,9.188701
Teatri,20-02-22,2022-02-04,"Via Riccardo Pitteri, 58, Milano, MI",Teatro Martinitt,"Alessia Fabiani e Claudio Zarlocchi a teatro in ""Una stanza al buio""",https://www.milanotoday.it/eventi/spettacolo-una-stanza-al-buio-teatro-martinitt.html,Teatro e spettacolo,"Via Riccardo Pitteri, Lambrate, Municipio 3, Milano, Lombardia, 21771, Italia",45.4736333,9.2486288
Teatri,06-02-22,2022-02-04,"Via Sant'Erlembaldo, 2, Milano, MI",Teatro Officina,La fucina giovanile del Teatro Officina in scena con due spettacoli imperdibili,https://www.milanotoday.it/eventi/spettacoli-teatro-officina-dislessia.html,Teatro e spettacolo,"2, Via Sant'Erlembaldo, Viale Monza, Municipio 2, Milano, Lombardia, 20126, Italia",45.5056173,9.2215298
Spettacoli,04-02-22,2022-02-04,"p.zza IV Novembre 3,20025, Legnano, MI,Italia",Talisio Tirinnanzi,A spasso con Daisy,https://www.teatro.it/spettacoli/legnano/talisio-tirinnanzi/2021-2022/a-spasso-con-daisy,Teatro e spettacolo,"Scuola Secondaria di Primo Grado Giovanni Ungaretti, 3, Piazza Quattro Novembre, San Giorgio su Legnano, Milano, Lombardia, 20034, Italia",45.5765251,8.9157963
Teatri,06-02-22,2022-02-04,"Viale dell'Innovazione, 20, Milano, MI",Teatro degli Arcimboldi,La Divina Commedia al Teatro Arcimboldi. Orari e biglietti,https://www.milanotoday.it/eventi/spettacolo-divina-commedia-teatro-arcimboldi.html,Teatro e spettacolo,"20, Viale dell'Innovazione, Bicocca, Municipio 9, Milano, Lombardia, 20125, Italia",45.5148696,9.2135963
Mostre,29-04-22,2022-02-05,"Viale Corsica, 99, Milano, MI",OPR Gallery,The witch stage // Liza ambrossio,https://www.milanotoday.it/eventi/the-witch-stage-liza-ambrossio-2022.html,Arte e cultura,"99, Viale Corsica, Corsica, Municipio 4, Milano, Lombardia, 20059, Italia",45.4622747,9.2363792
Teatri,27-02-22,2022-02-05,"Via Lodovico Montegani, Milano, MI",Atelier Carlo Colla e Figli,"Lo Schiaccianoci, spettacolo di marionette per bambini",https://www.milanotoday.it/eventi/spettacolo-schiaccianoci-marionette-per-bambini.html,Teatro e spettacolo,"Via Lodovico Montegani, Stadera, Municipio 5, Milano, Lombardia, 20136, Italia",45.4311496,9.177589
Spettacoli,05-02-22,2022-02-05,"Via Larga 14,20122, Milano, MI,Italia",Lirico Giorgio Gaber,Momenti di trascurabile (in)felicità,https://www.teatro.it/spettacoli/milano/lirico-giorgio-gaber/2021-2022/momenti-di-trascurabile-infelicita,Teatro e spettacolo,"Teatro Lirico Giorgio Gaber, 14, Via Larga, Cerchia dei Navigli, Municipio 1, Milano, Lombardia, 20122, Italia",45.4615135,9.1918702
Disco&Feste,05-02-22,2022-02-05,"Via Giovanni Bellezza, 16a, Milano, MI",Arci Bellezza,All'Arci Bellezza la proiezione della finale di Sanremo con commento in diretta e orchestra dal vivo,https://www.milanotoday.it/eventi/finale-festival-sanremo-arci-bellezza.html,Musica e vita notturna,"16a, Via Giovanni Bellezza, Vigentina, Municipio 5, Milano, Lombardia, 20136, Italia",45.4486728,9.1948474
,05-02-22,2022-02-05,"Via Alessandro Manzoni, 56, Milano, MI",Istituto Clinico Humanitas,"Denti disallineati? Scopri una soluzione trasparente all'open day del 5 Febbraio, presso il Dental Center di Humanitas Rozzano",https://www.milanotoday.it/eventi/open-day-5-febbraio-dental-center-humanitas-rozzano.html,Non classificato,"56, Via Alessandro Manzoni, Paullo, Milano, Lombardia, 20067, Italia",45.4180966,9.4000575
Concerti,06-02-22,2022-02-06,"Via Bovisasca, 59, Milano, MI",Spirit de Milan,Henry Carpaneto organ trio torna live allo Spirit de Milan il 6 febbraio,https://www.milanotoday.it/eventi/henry-carpaneto-organ-trio-torna-live-allo-spirit-de-milan.html,Musica e vita notturna,"Spirit de Milan, 59, Via Bovisasca, Bovisa, Municipio 9, Milano, Lombardia, 20157, Italia",45.5067143,9.1584748
Spettacoli,06-02-22,2022-02-06,"Via Filodrammatici 2,20121, Milano, MI,Italia",Teatro Alla Scala,Recital di canto - Ferruccio Furlanetto,https://www.teatro.it/spettacoli/milano/teatro-alla-scala/2021-2022/recital-di-canto-ferruccio-furlanetto,Teatro e spettacolo,"2, Via Filodrammatici, Brera, Milano, Lombardia, 20121, Italia",45.4673781,9.188701
Spettacoli,06-02-22,2022-02-06,"Via Ciro Menotti 11,20129, Milano, MI,Italia",Menotti,Taddrarite (Pipistrelli),https://www.teatro.it/spettacoli/milano/menotti/2021-2022/taddrarite-pipistrelli,Teatro e spettacolo,"Teatro Menotti, 11, Via Ciro Menotti, Buenos Aires - Venezia, Municipio 3, Milano, Lombardia, 20129, Italia",45.4699775,9.2131112
Spettacoli,06-02-22,2022-02-06,"Corso di Porta Romana 63,20122, Milano, MI,Italia",Carcano,Ascanio Celestini - Museo Pasolini,https://www.teatro.it/spettacoli/milano/carcano/2021-2022/museo-pasolini-ascanio-celestini,Teatro e spettacolo,"Teatro Carcano, 63, Corso di Porta Romana, Crocetta, Municipio 1, Milano, Lombardia, 20121, Italia",45.4566842,9.1955297
Spettacoli,06-02-22,2022-02-06,"via Pier Lombardo,14,20135, Milano, MI,Italia",Franco Parenti - Sala Grande,La vita davanti a sé,https://www.teatro.it/spettacoli/milano/franco-parenti-sala-grande/2021-2022/la-vita-davanti-a-se,Teatro e spettacolo,"Via Pier Lombardo, Porta Romana, Municipio 4, Milano, Lombardia, 20135, Italia",45.4542958,9.2063109
Spettacoli,06-02-22,2022-02-06,"Via San Giovanni sul muro 2,20121, Milano, MI,Italia",Dal Verme,The European Pink Floyd Show,https://www.teatro.it/spettacoli/milano/dal-verme/2021-2022/big-one-the-european-pink-floyd-show,Teatro e spettacolo,"2, Via San Giovanni sul Muro, Cerchia dei Navigli, Municipio 1, Milano, Lombardia, 20121, Italia",45.4671162,9.1814924
Concerti,06-02-22,2022-02-06,"Via San Giovanni sul Muro, 2, Milano, MI",Teatro Dal Verme,Al Teatro Dal Verme il concerto della più importante tribute band dei Pink Floyd,https://www.milanotoday.it/eventi/concerto-tribute-band-dei-pink-floyd-teatro-dal-verme.html,Musica e vita notturna,"2, Via San Giovanni sul Muro, Cerchia dei Navigli, Municipio 1, Milano, Lombardia, 20121, Italia",45.4671162,9.1814924
,06-02-22,2022-02-06,"Via Santa Croce, 15, Milano, MI",Associazione IBVA,Domenica 6 febbraio torna il mercato di Solidando: agricolo e solidale,https://www.milanotoday.it/eventi/domenica-6-febbraio-torna-il-mercato-di-solidando.html,Non classificato,"Via Santa Croce, Ticinese, Municipio 1, Milano, Lombardia, 20136, Italia",45.4540253,9.1823474
Spettacoli,06-02-22,2022-02-06,"Via G. di Vittorio 6,20090, Assago, MI,Italia",Repower,I Legnanesi - Non ci resta che ridere,https://www.teatro.it/spettacoli/assago/repower/2021-2022/i-legnanesi-non-ci-resta-che-ridere,Teatro e spettacolo,"20090, Italy",45.407,9.1083
Spettacoli,06-02-22,2022-02-06,"Corso Buenos Aires 33,20124, Milano, MI,Italia",Elfo Puccini - sala Shakespeare,Moby Dick alla prova,https://www.teatro.it/spettacoli/milano/elfo-puccini-sala-shakespeare/2021-2022/moby-dick-alla-prova,Teatro e spettacolo,"Teatro Elfo Puccini, 33, Corso Buenos Aires, Buenos Aires - Venezia, Municipio 3, Milano, Lombardia, 20124, Italia",45.4794317,9.2098387
Incontri,06-02-22,2022-02-06,"Via Gaetano de Castillia, Milano, MI",Biblioteca degli Alberi,Alla Biblioteca degli Alberi gli incontri speciali per i bambini,https://www.milanotoday.it/eventi/laboratori-bambini-biblioteca-degli-alberi.html,Formazione e networking,"Via Gaetano De Castillia, Isola, Municipio 9, Milano, Lombardia, 20100, Italia",45.4858553,9.1928992
Spettacoli,07-02-22,2022-02-07,"Piazza S. Magno,20025, Legnano, MI,Italia",Galleria,Jethro Tull - The Prog Years,https://www.teatro.it/spettacoli/legnano/galleria/2021-2022/jethro-tull-the-prog-years,Teatro e spettacolo,"Piazza San Magno, San Magno, Oltresempione, Legnano, Milano, Lombardia, 20025, Italia",45.5945288,8.9180098
Teatri,07-02-22,2022-02-07,"corso di porta romana 63, Milano, MI",Teatro Carcano,Lo scienziato Stefano Mancuso spiega il mistero delle piante a teatro,https://www.milanotoday.it/eventi/incontro-scienziato-stefano-mancuso-teatro-carcano.html,Teatro e spettacolo,"Teatro Carcano, 63, Corso di Porta Romana, Crocetta, Municipio 1, Milano, Lombardia, 20121, Italia",45.4566842,9.1955297
Teatri,13-02-22,2022-02-08,"Via Giorgio Vasari, Milano, MI",Teatro Franco Parenti,Al Franco Parenti Le Troiane di Euripide raccontano il rapporto tra essere umano e destino,https://www.milanotoday.it/eventi/spettacolo-le-troiane-franco-parenti.html,Teatro e spettacolo,"Via Giorgio Vasari, Porta Romana, Municipio 4, Milano, Lombardia, 20135, Italia",45.4542475,9.2073471
Mostre,27-02-22,2022-02-09,"Via Antonio Meucci, Milano, MI",OpenZone,"Stem passion, la mostra",https://www.milanotoday.it/eventi/mostre/stem-passion-mostra.html,Arte e cultura,"Via Antonio Meucci, Olmina, Oltresempione, Legnano, Milano, Lombardia, 20025, Italia",45.6032151,8.9248305
Spettacoli,10-02-22,2022-02-10,"Via Pier Lombardo 14,20135, Milano, MI,Italia",Franco Parenti - Sala Blu,Se non ci pensa Dio ci penso io,https://www.teatro.it/spettacoli/milano/franco-parenti-sala-acomea/2021-2022/gene-gnocchi-se-non-ci-pensa-dio-ci-penso-io,Teatro e spettacolo,"Via Pier Lombardo, Porta Romana, Municipio 4, Milano, Lombardia, 20135, Italia",45.4542958,9.2063109
Spettacoli,10-02-22,2022-02-10,"v. Matteotti 30,20064, Gorgonzola, MI,Italia",Sala Argentia,Faccia un'altra faccia,https://www.teatro.it/spettacoli/gorgonzola/sala-argentia/2021-2022/faccia-unaltra-faccia,Teatro e spettacolo,"Sala Argentia, 30, Via Giacomo Matteotti, Gorgonzola, Milano, Lombardia, 20064, Italia",45.5327792,9.4032916
Incontri,10-02-22,2022-02-10,"Via Giovanni Pascoli, 53, Milano, MI",Politecnico,Incontro con l’autore – Andrea vitali,https://www.milanotoday.it/eventi/incontro-con-l-autore-andrea-vitali.html,Formazione e networking,"53, Via Giovanni Pascoli, Città Studi, Municipio 3, Milano, Lombardia, 20133, Italia",45.4765703,9.2244693
,10-02-22,2022-02-10,"Corso Vittorio Emanuele II, 12, Milano, MI",LIBRERIA BOCCA,"Presentazione libro ""Collezionare edizioni con interventi d'artista""",https://www.milanotoday.it/eventi/collezionare-edizioni-interventi-artista.html,Non classificato,"Corso Vittorio Emanuele Secondo, Duomo, Municipio 1, Milano, Lombardia, 20122, Italia",45.4657653,9.1965617
Mostre,10-02-22,2022-02-10,"Via del Vecchio Politecnico, 3, Milano, MI",Istituto Svizzero,Jasmine Gregory: mommie dearest,https://www.milanotoday.it/eventi/jasmine-gregory-mommie-dearest-2022.html,Arte e cultura,"3, Via del Vecchio Politecnico, Guastalla, Municipio 1, Milano, Lombardia, 20121, Italia",45.4724248,9.1964505
Spettacoli,10-02-22,2022-02-10,"Via Pier Lombardo 14,20135, Milano, MI,Italia",Franco Parenti - Sala Blu,Costellazioni,https://www.teatro.it/spettacoli/milano/franco-parenti-sala-acomea/2021-2022/costellazioni,Teatro e spettacolo,"Via Pier Lombardo, Porta Romana, Municipio 4, Milano, Lombardia, 20135, Italia",45.4542958,9.2063109
Teatri,20-02-22,2022-02-11,"Via Giorgio Vasari, Milano, MI",Teatro Franco Parenti,"""Smarrimento"" al Franco Parenti racconta una scrittrice in crisi esistenziale",https://www.milanotoday.it/eventi/spettacolo-smarrimento-franco-parenti.html,Teatro e spettacolo,"Via Giorgio Vasari, Porta Romana, Municipio 4, Milano, Lombardia, 20135, Italia",45.4542475,9.2073471
Spettacoli,11-02-22,2022-02-11,"Piazza Risorgimento 19,20066, Melzo, MI,Italia",Trivulzio,Della madre,https://www.teatro.it/spettacoli/melzo/trivulzio/2021-2022/della-madre,Teatro e spettacolo,"Piazza Risorgimento, Melzo, Milano, Lombardia, 20066, Italia",45.5003449,9.4229132
Mostre,19-02-22,2022-02-12,"Via Andrea Maria Ampère, 27, Milano, MI",Spazio Arte Tolomeo,Innamorarti,https://www.milanotoday.it/eventi/innamorarti-cinzia-barabino-luigi-borgognoni-2022.html,Arte e cultura,"27, Via Andrea Maria Ampère, Città Studi, Municipio 3, Milano, Lombardia, 20131, Italia",45.4816019,9.2263908
Spettacoli,12-02-22,2022-02-12,"Piazza S. Magno,20025, Legnano, MI,Italia",Galleria,L'Instant Theatre,https://www.teatro.it/spettacoli/legnano/galleria/2021-2022/enrico-bertolino-linstant-theatre,Teatro e spettacolo,"Piazza San Magno, San Magno, Oltresempione, Legnano, Milano, Lombardia, 20025, Italia",45.5945288,8.9180098
Teatri,06-03-22,2022-02-12,"Via Giuseppe di Vittorio, Milano, MI",Teatro Repower,"Al Teatro Repower arriva Grease, il musical. Orari e biglietti",https://www.milanotoday.it/eventi/spettacolo-musical-grease-teatro-repower.html,Teatro e spettacolo,"Via Giuseppe Di Vittorio, Cascine Olona, Vighignolo, Settimo Milanese, Milano, Lombardia, 20019, Italia",45.4876868,9.0566303
Concerti,12-02-22,2022-02-12,"Corso di Porta Vittoria, 43, Milano, MI","Camera del Lavoro, auditorium G. Di Vittorio",Il concerto del piano jazz di Simone Graziano alla Camera del Lavoro,https://www.milanotoday.it/eventi/concerto-del-piano-jazz-di-simone-graziano-camera-del-lavoro.html,Musica e vita notturna,"43, Corso di Porta Vittoria, Guastalla, Municipio 1, Milano, Lombardia, 20122, Italia",45.4624935,9.2038876
Teatri,12-02-22,2022-02-12,"Piazza Piero Carnelli, Milano, MI",Teatro Delfino,La storia del jazz suonata ai bambini,https://www.milanotoday.it/eventi/la-storia-del-jazz-suonata-ai-bambini.html,Teatro e spettacolo,"Piazza Don Piero Carnelli, Mecenate, Municipio 4, Milano, Lombardia, 20059, Italia",45.4584915,9.2436908
Concerti,12-02-22,2022-02-12,"Via Circonvallazione Idroscalo, 41, Milano, MI",Circolo Magnolia,Al Circolo Magnolia tornano i mitici pezzi degli anni 90,https://www.milanotoday.it/eventi/festa-anni-novanta-circolo-magnolia.html,Musica e vita notturna,"Circolo Magnolia, 41, Via Circonvallazione Idroscalo, Novegro, Segrate, Milano, Lombardia, 20054, Italia",45.4637036,9.286076
Concerti,12-02-22,2022-02-12,"Largo Marinai d'Italia, Milano, MI",Palazzina Liberty,Alla Palazzina Liberty un concerto speciale per la ricerca sul cancro,https://www.milanotoday.it/eventi/concerto-palazzina-liberty-per-le-donne.html,Musica e vita notturna,"Parco Vittorio Formentano, Municipio 4, Milano, Lombardia, Italia",45.4603042,9.2158439
Spettacoli,13-02-22,2022-02-13,"Via Rovello 2,20121, Milano, MI,Italia",Piccolo Teatro - Teatro Grassi,Se dicessimo la verità,https://www.teatro.it/spettacoli/milano/piccolo-teatro-teatro-grassi/2021-2022/se-dicessimo-la-verita,Teatro e spettacolo,"2, Via Rovello, Brera, Milano, Lombardia, 20121, Italia",45.4665188,9.1847651
Manifestazioni,13-02-22,2022-02-13,"Via Lampugnano, 95, Milano, MI",Ippodromo La Maura,All'ippodromo La Maura battesimo della sella per i più piccoli col Centro Ippico Lombardo,https://www.milanotoday.it/eventi/ippodromo-maura-13-febbraio-2022-bambini.html,Altri eventi,"Via Lampugnano, Gallaratese, Quartiere Gallaratese, Municipio 8 di Milano, Milano, Lombardia, 20151, Italia",45.4898671,9.1146311
Spettacoli,13-02-22,2022-02-13,"Corso Magenta 24,20123, Milano, MI,Italia",MTM - Litta,Vedi alla voce alma,https://www.teatro.it/spettacoli/milano/mtm-litta/2021-2022/vedi-alla-voce-alma,Teatro e spettacolo,"Boccascena Cafè, 24, Corso Magenta, Cerchia dei Navigli, Municipio 1, Milano, Lombardia, 20123, Italia",45.466045,9.1778296
Teatri,13-02-22,2022-02-13,"Via Riccardo Pitteri, Milano, MI",Teatro Martinitt,"Riciclare è una magia, spettacolo per bambini",https://www.milanotoday.it/eventi/spettacolo-per-bambini-riciclare-e-una-magia.html,Teatro e spettacolo,"Via Riccardo Pitteri, Lambrate, Municipio 3, Milano, Lombardia, 21771, Italia",45.4736333,9.2486288
Teatri,13-02-22,2022-02-13,"Via Fratelli Zoia, 89, Milano, MI",Spazio Teatro 89,"""I colori dell'acqua"", nuovo spettacolo per bambini",https://www.milanotoday.it/eventi/spettacolo-i-colori-dell-acqua-bambini.html,Teatro e spettacolo,"Via Fratelli Zoia, Quarto Cagnino, Municipio 7, Milano, Lombardia, 20153, Italia",45.4720145,9.1089432
Spettacoli,13-02-22,2022-02-13,"Corso Magenta 24,20123, Milano, MI,Italia",MTM - Litta,Vedi alla voce alma,https://www.teatro.it/spettacoli/milano/mtm-litta/2021-2022/vedi-alla-voce-alma,Teatro e spettacolo,"Boccascena Cafè, 24, Corso Magenta, Cerchia dei Navigli, Municipio 1, Milano, Lombardia, 20123, Italia",45.466045,9.1778296
Spettacoli,13-02-22,2022-02-13,"Corso di Porta Romana 63,20122, Milano, MI,Italia",Carcano,Balasso fa Ruzante,https://www.teatro.it/spettacoli/milano/carcano/2021-2022/balasso-fa-ruzante-natalino-balasso,Teatro e spettacolo,"Teatro Carcano, 63, Corso di Porta Romana, Crocetta, Municipio 1, Milano, Lombardia, 20121, Italia",45.4566842,9.1955297
Spettacoli,13-02-22,2022-02-13,"Via Rivoli 6,20121, Milano, MI,Italia",Piccolo Teatro - Studio Melato,De infinito universo,https://www.teatro.it/spettacoli/milano/piccolo-teatro-studio-melato/2021-2022/de-infinito-universo,Teatro e spettacolo,"6, Via Rivoli, Brera, Municipio 1, Milano, Lombardia, 20121, Italia",45.4726093,9.182881
Spettacoli,13-02-22,2022-02-13,"via Pier Lombardo,14,20135, Milano, MI,Italia",Franco Parenti - Sala Grande,Troiane,https://www.teatro.it/spettacoli/milano/franco-parenti-sala-grande/2021-2022/troiane,Teatro e spettacolo,"Via Pier Lombardo, Porta Romana, Municipio 4, Milano, Lombardia, 20135, Italia",45.4542958,9.2063109
Spettacoli,13-02-22,2022-02-13,"Corso Buenos Aires 33,20124, Milano, MI,Italia",Elfo Puccini - Sala Bausch,Malagrazia,https://www.teatro.it/spettacoli/milano/elfo-puccini-sala-bausch/2021-2022/malagrazia,Teatro e spettacolo,"Teatro Elfo Puccini, 33, Corso Buenos Aires, Buenos Aires - Venezia, Municipio 3, Milano, Lombardia, 20124, Italia",45.4794317,9.2098387
Incontri,13-02-22,2022-02-13,"Piazzale Cimitero Monumentale, 1, Milano, MI",Cimitero Monumentale,Un San Valentino speciale al Monumentale,https://www.milanotoday.it/eventi/visita-san-valentino-speciale-cimitero-monumentale.html,Formazione e networking,"Piazzale Cimitero Monumentale, Sarpi, Porta Volta, Municipio 8 di Milano, Milano, Lombardia, 20154, Italia",45.4845449,9.1765828
Spettacoli,13-02-22,2022-02-13,"Via Larga 14,20122, Milano, MI,Italia",Lirico Giorgio Gaber,Samusà,https://www.teatro.it/spettacoli/milano/lirico-giorgio-gaber/2021-2022/virginia-raffaele-samusa,Teatro e spettacolo,"Teatro Lirico Giorgio Gaber, 14, Via Larga, Cerchia dei Navigli, Municipio 1, Milano, Lombardia, 20122, Italia",45.4615135,9.1918702
,20-02-22,2022-02-14,"Via Luigi Settembrini, 11, Milano, MI",Museo delle Illusioni Milano,L'amore non è un'illusione,https://www.milanotoday.it/eventi/sanvalentino-museo-illusioni.html,Non classificato,"Belmonte, 11, Via Luigi Settembrini, Centrale, Municipio 2, Milano, Lombardia, 20124, Italia",45.4811784,9.2050363
,14-02-22,2022-02-14,"Via Domodossola, 9, Milano, MI",Humanitas Medical care,Denti disallineati? Scopri gli allineatori trasparenti all'open day del 14 febbraio in Humanitas Domodossola,https://www.milanotoday.it/eventi/denti-disallineati-14febbraio-humanitas-domodossola.html,Non classificato,"9, Via Domodossola, Pagano, Bullona, Municipio 8 di Milano, Milano, Lombardia, 20145, Italia",45.4814172,9.1623475
,14-02-22,2022-02-14,"Piazza Tre Torri, Milano, MI",Svinazzando,Un aperitivo tra oroscopi e creazioni di moda,https://www.milanotoday.it/eventi/lucrezia-canossa-.html,Non classificato,"Piazza Tre Torri, Tre Torri, Municipio 8 di Milano, Milano, Lombardia, 20149, Italia",45.4783108,9.1570584
,15-02-22,2022-02-15,"Piazza Tre Torri, 1, Milano, MI",CITY LIFE ANTEO - Sala Aurora,Presentazione del film documentario Decumano Maximo di Alessio Consorte,https://www.milanotoday.it/eventi/decumano-maximo-consorte.html,Non classificato,"Dispensa Emilia CityLife Shopping District, 1, Piazza Tre Torri, Tre Torri, Municipio 8 di Milano, Milano, Lombardia, 20145, Italia",45.4784124,9.1550853
Spettacoli,16-02-22,2022-02-16,"Via San Giovanni sul muro 2,20121, Milano, MI,Italia",Dal Verme,The Legend of Morricone,https://www.teatro.it/spettacoli/milano/dal-verme/2021-2022/the-legend-of-morricone,Teatro e spettacolo,"2, Via San Giovanni sul Muro, Cerchia dei Navigli, Municipio 1, Milano, Lombardia, 20121, Italia",45.4671162,9.1814924
Spettacoli,16-02-22,2022-02-16,"Via Rovello 2,20121, Milano, MI,Italia",Piccolo Teatro - Teatro Grassi,E' bello vivere liberi!,https://www.teatro.it/spettacoli/milano/piccolo-teatro-teatro-grassi/2021-2022/e-bello-vivere-liberi,Teatro e spettacolo,"2, Via Rovello, Brera, Milano, Lombardia, 20121, Italia",45.4665188,9.1847651
Mostre,29-04-22,2022-02-17,"Via Bonaventura Cavalieri, 6, Milano, MI",Galleria Fumagalli,La concretezza dell'essenzialità in mostra a Milano. Orari e biglietti,https://www.milanotoday.it/eventi/mostra-concretezza-essenzialita-galleria-fumagalli.html,Arte e cultura,"6, Via Bonaventura Cavalieri, Brera, Municipio 1, Milano, Lombardia, 20121, Italia",45.4767993,9.1944412
Cinema,23-02-22,2022-02-17,"Viale Vittorio Veneto, 2, Milano, MI",Cineteca Milano Meet,"""I cieli di Alice"" con Alba Rohrwacher alla Cineteca di Milano",https://www.milanotoday.it/eventi/film-i-cieli-di-alice-cineteca-milano-meet.html,Arte e cultura,"Meet Digital Culture Center, 2, Viale Vittorio Veneto, Buenos Aires - Venezia, Municipio 3, Milano, Lombardia, 20124, Italia",45.4753303,9.2040729
Mostre,13-03-22,2022-02-17,"Viale Campania, Milano, MI",Wow Spazio Fumetto,"Allo Spazio Fumetto una mostra del ""Gatto con gli stivali""",https://www.milanotoday.it/eventi/mostra-gatto-con-gli-stivali-wow-spazio-fumetto.html,Arte e cultura,"Viale Campania, XXII Marzo, Municipio 4, Milano, Lombardia, 20130, Italia",45.4635438,9.2237734
,17-02-22,2022-02-17,"Via Vincenzo Monti, 36, Milano, MI","Sala ""Belotti"" - Sede A.N.A. Milano","""Quei vincitori sotto falsa bandiera""",https://www.milanotoday.it/eventi/conferenza-afghanistan-2022.html,Non classificato,"Fiori di Michela Pozzato, 36, Via Vincenzo Monti, Magenta - San Vittore, Municipio 1, Milano, Lombardia, 20123, Italia",45.4696664,9.1710688
Mostra,13-03-22,2022-02-18,"Viale Campania,  12, Milano, MI",WOW Spazio Fumetto - Museo del Fumetto,Il Gatto con gli Stivali,,Arte e cultura,"12, Viale Campania, Corsica, Municipio 4, Milano, Lombardia, 20133, Italia",45.4634024,9.2242161
Spettacoli,18-02-22,2022-02-18,"Via Rovello 2,20121, Milano, MI,Italia",Piccolo Teatro - Teatro Grassi,La semplicità ingannata,https://www.teatro.it/spettacoli/milano/piccolo-teatro-teatro-grassi/2021-2022/la-semplicita-ingannata-satira-per-attrice-e-pupazze-sul-lusso-desser-donne,Teatro e spettacolo,"2, Via Rovello, Brera, Milano, Lombardia, 20121, Italia",45.4665188,9.1847651
,18-02-22,2022-02-18,"Via Niccolò Jommelli, 24, Milano, MI",Sport Photography Museum,Come si diventa stuntman,https://www.milanotoday.it/eventi/come-diventare-stuntman.html,Non classificato,"Spazio Tadini, 24, Via Niccolò Jommelli, Loreto, Municipio 3, Milano, Lombardia, 20131, Italia",45.4864667,9.2255099
Spettacoli,18-02-22,2022-02-18,"Piazza S. Magno,20025, Legnano, MI,Italia",Galleria,"Gli uomini vengono da Marte, le donne da Venere",https://www.teatro.it/spettacoli/legnano/galleria/2021-2022/gli-uomini-vengono-da-marte-le-donne-da-venere,Teatro e spettacolo,"Piazza San Magno, San Magno, Oltresempione, Legnano, Milano, Lombardia, 20025, Italia",45.5945288,8.9180098
Mostre,03-07-22,2022-02-18,"Via Tortona, Milano, MI",Mudec,A Milano la mostra con le mitiche foto di Henri Cartier Bresson,https://www.milanotoday.it/eventi/mostra-bresson-mudec.html,Arte e cultura,"Via Tortona, Tortona, Municipio 6, Milano, Lombardia, 20143, Italia",45.4501842,9.1562356
Incontro/presentazione,18-02-22,2022-02-18,"via Brera, 28, Milano, MI",Pinacoteca di Brera - Biblioteca Nazionale Braidense di Milano,Nello spazio di uno sguardo,,Formazione e networking,"Pinacoteca di Brera, 28, Via Brera, Cerchia dei Navigli, Municipio 1, Milano, Lombardia, 20121, Italia",45.4722421,9.1884071
Teatri,19-02-22,2022-02-19,"Via dell'Allodola, 5, Milano, MI",Cine Teatro La Creta,A Milano il primo spettacolo d’arte dedicato alla moda sostenibile,https://www.milanotoday.it/eventi/spettacolo-giralamoda-moda-sostenibile.html,Teatro e spettacolo,"Via dell'Allodola, Lorenteggio, Municipio 6, Milano, Lombardia, 20147, Italia",45.454862,9.1195068
Disco&Feste,19-02-22,2022-02-19,"Corso di Porta Ticinese, 32, Milano, MI",Superlove,Una serata a ritmo di musica con Le Cannibale,https://www.milanotoday.it/eventi/serata-musica-le-cannibale.html,Musica e vita notturna,"Corso di Porta Ticinese, Cerchia dei Navigli, Municipio 1, Milano, Lombardia, 20123, Italia",45.4597208,9.1812604
Mostre,20-02-22,2022-02-19,"Via Enrico Besana, 12, Milano, MI",MUBA – Museo dei Bambini di Milano,Al Muba una mostra speciale sul mondo della natura,https://www.milanotoday.it/eventi/mostra-natura-muba-bambini.html,Arte e cultura,"MUBA - Museo dei Bambini, 12, Via Enrico Besana, Guastalla, Municipio 1, Milano, Lombardia, 20122, Italia",45.4599507,9.2051279
Spettacoli,19-02-22,2022-02-19,"via Fezzan,11,20146, Milano, MI,Italia",Ecoteatro,"Allegro, non troppo",https://www.teatro.it/spettacoli/milano/ecoteatro/2021-2022/allegro-non-troppo,Teatro e spettacolo,"EcoTeatro, 11, Via Fezzan, Bande Nere, Municipio 6, Milano, Lombardia, 20146, Italia",45.4592109,9.1459527
Mostre,27-06-22,2022-02-19,"Galleria Vittorio Emanuele II, Milano, MI",Osservatorio Fondazione Prada,A Milano la mostra che indaga le identità alternative,https://www.milanotoday.it/eventi/mostra-osservatorio-fondazione-prada.html,Arte e cultura,"Galleria Vittorio Emanuele Secondo, Duomo, Municipio 1, Milano, Lombardia, 20121, Italia",45.4656113,9.1900109
,20-02-22,2022-02-20,"Via Mecenate, 88/A, Milano, MI",,"East Market, arriva il nuovo appuntamento con il vintage",https://www.milanotoday.it/eventi/mercatino-east-market-mecenate-febbraio-2022.html,Non classificato,"Via Mecenate, Mecenate, Municipio 4, Milano, Lombardia, 20059, Italia",45.4529888,9.2481173
Spettacoli,20-02-22,2022-02-20,"Largo Antonio Greppi,20121, Milano, MI,Italia",Piccolo Teatro - Teatro Strehler,Il canto della caduta,https://www.teatro.it/spettacoli/milano/piccolo-teatro-teatro-strehler/2021-2022/il-canto-della-caduta,Teatro e spettacolo,"Largo Antonio Greppi, Cerchia dei Navigli, Municipio 1, Milano, Lombardia, 20121, Italia",45.471727,9.1826196
Spettacoli,20-02-22,2022-02-20,"Via Pier Lombardo 14,20135, Milano, MI,Italia",Franco Parenti - Sala Blu,Smarrimento,https://www.teatro.it/spettacoli/milano/franco-parenti-sala-acomea/2021-2022/smarrimento,Teatro e spettacolo,"Via Pier Lombardo, Porta Romana, Municipio 4, Milano, Lombardia, 20135, Italia",45.4542958,9.2063109
Spettacoli,20-02-22,2022-02-20,"Corso Buenos Aires 33,20124, Milano, MI,Italia",Elfo Puccini - sala Shakespeare,Peachum. Un'opera da tre soldi,https://www.teatro.it/spettacoli/milano/elfo-puccini-sala-shakespeare/2021-2022/peachum-unopera-da-tre-soldi,Teatro e spettacolo,"Teatro Elfo Puccini, 33, Corso Buenos Aires, Buenos Aires - Venezia, Municipio 3, Milano, Lombardia, 20124, Italia",45.4794317,9.2098387
,20-02-22,2022-02-20,"Via Trieste, 3, Milano, MI",Piccolo Teatro Martesana,Chi ha rapito Primavera?,https://www.milanotoday.it/eventi/rapito-primavera.html,Non classificato,"3, Via Trieste, Cernusco sul Naviglio, Milano, Lombardia, 20063, Italia",45.528535,9.3345313
Spettacoli,20-02-22,2022-02-20,"Corso di Porta Romana 63,20122, Milano, MI,Italia",Carcano,La Parrucca,https://www.teatro.it/spettacoli/milano/carcano/2021-2022/la-parrucca,Teatro e spettacolo,"Teatro Carcano, 63, Corso di Porta Romana, Crocetta, Municipio 1, Milano, Lombardia, 20121, Italia",45.4566842,9.1955297
Spettacoli,20-02-22,2022-02-20,"Viale dell'Innovazione 20,20126, Milano, MI,Italia",Arcimboldi,Casanova Operapop,https://www.teatro.it/spettacoli/milano/degli-arcimboldi/2021-2022/casanova-opera-pop,Teatro e spettacolo,"20, Viale dell'Innovazione, Bicocca, Municipio 9, Milano, Lombardia, 20125, Italia",45.5148696,9.2135963
Spettacoli,20-02-22,2022-02-20,"via Pitteri 58,20134, Milano, MI,Italia",Martinitt,Una stanza al buio,https://www.teatro.it/spettacoli/milano/martinitt/2021-2022/una-stanza-al-buio,Teatro e spettacolo,"Via Riccardo Pitteri, Lambrate, Municipio 3, Milano, Lombardia, 20134, Italia",45.4798362,9.2457864
Incontri,20-02-22,2022-02-20,"Corso Italia, 37, Milano, MI",Santa Maria dei Miracoli,Religio e scrittura. L’Europa da occidente a oriente. Jovan Dučić - Lettera da Milano,https://www.milanotoday.it/eventi/religio-e-scrittura-2021.html,Formazione e networking,"37, Corso Italia, Vigentina, Municipio 1, Milano, Lombardia, 20122, Italia",45.4551276,9.1873184
Spettacoli,20-02-22,2022-02-20,"Corso Venezia 2/A,20121, Milano, MI,Italia",San Babila,Nascondino,https://www.teatro.it/spettacoli/milano/san-babila/2021-2022/nascondino,Teatro e spettacolo,"2a, Corso Venezia, Duomo, Municipio 1, Milano, Lombardia, 20121, Italia",45.4670204,9.1981104
Spettacoli,20-02-22,2022-02-20,"Corso Buenos Aires,33,20124, Milano, MI,Italia",Teatro Elfo Puccini - sala Fassbinder,Gentleman Anne,https://www.teatro.it/spettacoli/milano/teatro-elfo-puccini-sala-fassbinder/2021-2022/gentleman-anne,Teatro e spettacolo,"Teatro Elfo Puccini, 33, Corso Buenos Aires, Buenos Aires - Venezia, Municipio 3, Milano, Lombardia, 20124, Italia",45.4794317,9.2098387
Manifestazioni,20-02-22,2022-02-20,"Via dei Salici, 9, Milano, MI",Centro Sociale Pertini,La mostra mercato del vinile con migliaia di dischi e cd da scambiare,https://www.milanotoday.it/eventi/mostra-mercato-del-vinile-legnano.html,Altri eventi,"Parcheggio centro polifunzionale Sandro Pertini( I Salici), 9, Via dei Salici, Mazzafame, Oltrestazione, Legnano, Milano, Lombardia, 20025, Italia",45.5959015,8.8869323
Spettacoli,20-02-22,2022-02-20,"Via Alessandro Manzoni 42,20121, Milano, MI,Italia",Manzoni,I soliti ignoti,https://www.teatro.it/spettacoli/milano/manzoni/2021-2022/i-soliti-ignoti,Teatro e spettacolo,"Teatro Manzoni, 42, Via Alessandro Manzoni, Cerchia dei Navigli, Municipio 1, Milano, Lombardia, 20121, Italia",45.4710286,9.1944762
Spettacoli,21-02-22,2022-02-21,"Corso di Porta Romana 63,20122, Milano, MI,Italia",Carcano,Gabriella Greison - Ucciderò il gatto di Schrödinger,https://www.teatro.it/spettacoli/milano/carcano/2021-2022/gabriella-greison-uccidero-il-gatto-di-schrodinger,Teatro e spettacolo,"Teatro Carcano, 63, Corso di Porta Romana, Crocetta, Municipio 1, Milano, Lombardia, 20121, Italia",45.4566842,9.1955297
Spettacoli,21-02-22,2022-02-21,"Viale dell'Innovazione 20,20126, Milano, MI,Italia",Arcimboldi,La Toscanini - Omer Meir Wellber,https://www.teatro.it/spettacoli/milano/degli-arcimboldi/2021-2022/filarmonica-arturo-toscanini-omer-meir-wellber,Teatro e spettacolo,"20, Viale dell'Innovazione, Bicocca, Municipio 9, Milano, Lombardia, 20125, Italia",45.5148696,9.2135963
,21-02-22,2022-02-21,"Corso di Porta Romana, 63, Milano, MI",Teatro Carcano,"Gabriella Greison torna a teatro con ""Ucciderò il gatto di Schrödinger""",https://www.milanotoday.it/eventi/gabriella-greison-2022.html,Non classificato,"Teatro Carcano, 63, Corso di Porta Romana, Crocetta, Municipio 1, Milano, Lombardia, 20121, Italia",45.4566842,9.1955297
Spettacoli,21-02-22,2022-02-21,"Via G. di Vittorio 6,20090, Assago, MI,Italia",Repower,PUCCI - Il meglio di...,https://www.teatro.it/spettacoli/assago/repower/2021-2022/pucci-il-meglio-di,Teatro e spettacolo,"20090, Italy",45.407,9.1083
Mostre,22-03-22,2022-02-22,"Via Benedetto Marcello, 46, Milano, MI",Galleria Manifiesto Blanco,22.2.22 - andrea mori @ manifiesto blanco,https://www.milanotoday.it/eventi/22-2-22-andrea-mori.html,Arte e cultura,"46, Via Benedetto Marcello, Buenos Aires - Venezia, Municipio 3, Milano, Lombardia, 20124, Italia",45.4829617,9.2105962
Mostre,04-03-22,2022-02-22,"Via Fabio Filzi, 22, Milano, MI",Palazzo Pirelli,A Milano una mostra fotografica sui disturbi alimentari,https://www.milanotoday.it/eventi/mostra-anoressia-bulimia-palazzo-pirelli.html,Arte e cultura,"22, Via Fabio Filzi, Cascina Lenzuoletta, Cernusco sul Naviglio, Milano, Lombardia, 20063, Italia",45.5183563,9.327814
Manifestazioni,14-05-22,2022-02-22,"Viale Emilio Alemagna, 6, Milano, MI",La Triennale di Milano,Il festival in Triennale che ospita artisti di tutto il mondo,https://www.milanotoday.it/eventi/festival-fog-triennale-musica.html,Altri eventi,"Triennale Design Museum, 6, Viale Emilio Alemagna, Parco Sempione, Municipio 1, Milano, Lombardia, 20121, Italia",45.4721477,9.1734894
Mostra,05-06-22,2022-02-23,"piazza Duomo, Milano, MI",Palazzo Reale,Tiziano e l'immagine della donna nel Cinquecento Veneziano,,Arte e cultura,"Piazza del Duomo, Duomo, Municipio 1, Milano, Lombardia, Italia",45.4639102,9.1906398
Concerti,25-05-22,2022-02-23,"Via Larga, 14, Milano, MI","Teatro Lirico ""Giorgio Gaber""","Stagione concertistica dell’orchestra dell’Accademia teatro alla scala al teatro lirico ""Gaber""",https://www.milanotoday.it/eventi/stagione-concertistica-dell-orchestra-2022.html,Musica e vita notturna,"Teatro Lirico Giorgio Gaber, 14, Via Larga, Cerchia dei Navigli, Municipio 1, Milano, Lombardia, 20122, Italia",45.4615135,9.1918702
Mostre,05-06-22,2022-02-23,"Piazza del Duomo, Milano, MI",Palazzo Reale,"Tiziano e l'immagine della donna, la nuova mostra a Milano",https://www.milanotoday.it/eventi/mostra-tiziano-palazzo-reale.html,Arte e cultura,"Piazza del Duomo, Duomo, Municipio 1, Milano, Lombardia, Italia",45.4639102,9.1906398
,24-02-22,2022-02-23,"Via Privata Giovanni Battista Prandina, 25, Milano, MI",Ananda Ashram,Seminario reiki primo livello a milano,https://www.milanotoday.it/eventi/seminario-reiki-primo-livello.html,Non classificato,"25, Via privata Giovanni Battista Prandina, Adriano, Municipio 2, Milano, Lombardia, 20128, Italia",45.5067258,9.2387796
,23-02-22,2022-02-23,"Via Giovanni Pascoli, 53, Milano, MI","Politecnico, Auditorium",Incontro con l’autore – Edoardo Rovida e Giulio Zafferri,https://www.milanotoday.it/eventi/incontro-con-l-autore-edoardo-rovida-2022.html,Non classificato,"53, Via Giovanni Pascoli, Città Studi, Municipio 3, Milano, Lombardia, 20133, Italia",45.4765703,9.2244693
Teatri,27-02-22,2022-02-24,"Piazza Piero Carnelli, Milano, MI",Teatro Delfino,"Paolo Hendel in ""la giovinezza è sopravvalutata""",https://www.milanotoday.it/eventi/paolo-hendel-in-la-giovinezza-2022.html,Teatro e spettacolo,"Piazza Don Piero Carnelli, Mecenate, Municipio 4, Milano, Lombardia, 20059, Italia",45.4584915,9.2436908
,06-03-22,2022-02-24,"Via Rovello, 2, Milano, MI",Piccolo Teatro Grassi,"Al Piccolo Teatro ""Eichmann. Dove inizia la notte"", racconta la banalità del male",https://www.milanotoday.it/eventi/spettacolo-eichmann-piccolo-teatro.html,Non classificato,"2, Via Rovello, Brera, Milano, Lombardia, 20121, Italia",45.4665188,9.1847651
,03-03-22,2022-02-24,"Via Niccolò Jommelli, 24, Milano, MI",Spazio Tadini,Cibo per 365 giorni installazione di Irene Biolchini,https://www.milanotoday.it/eventi/installazione-irene-biolchini.html,Non classificato,"Spazio Tadini, 24, Via Niccolò Jommelli, Loreto, Municipio 3, Milano, Lombardia, 20131, Italia",45.4864667,9.2255099
Spettacoli,24-02-22,2022-02-24,"via Santa Radegonda,8,20121, Milano, MI,Italia",Cinema Teatro Odeon - Sala 2,Arturo Brachetti - Cabaret,https://www.teatro.it/spettacoli/milano/cinema-teatro-odeon-sala-2/2021-2022/cabaret,Teatro e spettacolo,"The Space Cinema Odeon, 8, Via Santa Radegonda, Duomo, Municipio 1, Milano, Lombardia, 20121, Italia",45.4651207,9.192365
Incontri,27-02-22,2022-02-24,"Via Tortona, 58, Milano, MI",White Milano,"Milano Fashion Week, le musiche di Philip Abussi raccontano i suoni della città",https://www.milanotoday.it/eventi/installazione-sonora-philip-abussi.html,Formazione e networking,"58, Via Tortona, Tortona, Municipio 6, Milano, Lombardia, 20144, Italia",45.451368,9.1610367
Mostre,26-06-22,2022-02-25,"Piazza del Duomo, Milano, MI",Palazzo Reale,L'arte di Joaquin Sorolla in mostra a Palazzo Reale,https://www.milanotoday.it/eventi/mostra-joaqin-sorolla-palazzo-reale.html,Arte e cultura,"Piazza del Duomo, Duomo, Municipio 1, Milano, Lombardia, Italia",45.4639102,9.1906398
,25-03-22,2022-02-25,"Via Giuseppe Verdi, 9, Milano, MI",Vizzolo al futuro,Vizzolo che vola: mostra fotografica archivio Gaetano Buson,https://www.milanotoday.it/eventi/vizzolo-che-vola-mostra-fotografica-2022.html,Non classificato,"9, Via Giuseppe Verdi, Brera, Municipio 1, Milano, Lombardia, 20121, Italia",45.4687575,9.1883373
Spettacoli,25-02-22,2022-02-25,"Piazza Risorgimento 19,20066, Melzo, MI,Italia",Trivulzio,L'uomo dal fiore in bocca,https://www.teatro.it/spettacoli/melzo/trivulzio/2021-2022/luomo-dal-fiore-in-bocca,Teatro e spettacolo,"Piazza Risorgimento, Melzo, Milano, Lombardia, 20066, Italia",45.5003449,9.4229132
Mostra,26-06-22,2022-02-25,"piazza Duomo, Milano, MI",Palazzo Reale,Joaquin Sorolla Pittore di luce,,Arte e cultura,"Piazza del Duomo, Duomo, Municipio 1, Milano, Lombardia, Italia",45.4639102,9.1906398
,27-02-22,2022-02-26,"Via Pietrasanta, 16, Milano, MI",Magazzini Generali,Ricardo Villalobos a Milano,https://www.milanotoday.it/eventi/ricardo-villalobos-a-milano.html,Non classificato,"16, Via Pietrasanta, Ex Om - Morivione, Municipio 5, Milano, Lombardia, 20141, Italia",45.4440954,9.1951652
Spettacoli,26-02-22,2022-02-26,"Largo Antonio Greppi,20121, Milano, MI,Italia",Piccolo Teatro - Teatro Strehler,M il figlio del secolo,https://www.teatro.it/spettacoli/milano/piccolo-teatro-teatro-strehler/2021-2022/m-il-figlio-del-secolo,Teatro e spettacolo,"Largo Antonio Greppi, Cerchia dei Navigli, Municipio 1, Milano, Lombardia, 20121, Italia",45.471727,9.1826196
Incontri,26-02-22,2022-02-26,"Largo Antonio Balestra, Milano, MI",Parco Agos Green & Smart,La primavera arriva in città con le iniziative (gratis) per i bambini al Parco Agos Green&Smart,https://www.milanotoday.it/eventi/incontri-giochi-bambini-parco-agos-lorenteggio.html,Formazione e networking,"Largo Antonio Balestra, Lorenteggio, Municipio 6, Milano, Lombardia, Italia",45.4481976,9.1424399
Spettacoli,26-02-22,2022-02-26,"Viale dell'Innovazione 20,20126, Milano, MI,Italia",Arcimboldi,La Divina Commedia,https://www.teatro.it/spettacoli/milano/degli-arcimboldi/2021-2022/la-divina-commedia-opera-musical,Teatro e spettacolo,"20, Viale dell'Innovazione, Bicocca, Municipio 9, Milano, Lombardia, 20125, Italia",45.5148696,9.2135963
Mostre,26-03-22,2022-02-26,"Viale Gran Sasso, 35, Milano, MI",PoliArt Contemporary,L'emozione intelligente di Franco Beraldo,https://www.milanotoday.it/eventi/l-emozione-intelligente-di-franco-beraldo-2022.html,Arte e cultura,"35, Viale Gran Sasso, Buenos Aires - Venezia, Municipio 3, Milano, Lombardia, 20131, Italia",45.4812111,9.2225898
Incontri,27-02-22,2022-02-26,"Via San Vittore, Milano, MI",Museo della scienza,Un weekend speciale per i bambini al Museo della Scienza,https://www.milanotoday.it/eventi/weekend-speciale-per-bambini-museo-scienza.html,Formazione e networking,"Via San Vittore, Magenta - San Vittore, Municipio 1, Milano, Lombardia, 20144, Italia",45.4640293,9.1681174
Spettacoli,27-02-22,2022-02-27,"via Procaccini,4,20100, Milano, MI,Italia",La Fabbrica del Vapore,La Treccia,https://www.teatro.it/spettacoli/milano/la-fabbrica-del-vapore/2021-2022/la-treccia,Teatro e spettacolo,"4, Via Giulio Cesare Procaccini, Bullona, Porta Volta, Municipio 8 di Milano, Milano, Lombardia, 20154, Italia",45.4839945,9.1753796
Spettacoli,27-02-22,2022-02-27,"Corso Buenos Aires,33,20124, Milano, MI,Italia",Teatro Elfo Puccini - sala Fassbinder,Le ferite del vento,https://www.teatro.it/spettacoli/milano/teatro-elfo-puccini-sala-fassbinder/2021-2022/le-ferite-del-vento,Teatro e spettacolo,"Teatro Elfo Puccini, 33, Corso Buenos Aires, Buenos Aires - Venezia, Municipio 3, Milano, Lombardia, 20124, Italia",45.4794317,9.2098387
Spettacoli,27-02-22,2022-02-27,"Via MacMahon,16,20155, Milano, MI,Italia",Out Off,Zitti tutti!,https://www.teatro.it/spettacoli/milano/out-off/2021-2022/zitti-tutti,Teatro e spettacolo,"20155, Italy",45.4643,9.1895
Incontri,27-02-22,2022-02-27,"Via Lampugnano, 95, Milano, MI",Ippodromo La Maura,All'Ippodromo di Milano tante iniziative per le famiglie e i bambini,https://www.milanotoday.it/eventi/iniziative-eventi-famiglie-bambini-ippodromo.html,Formazione e networking,"Via Lampugnano, Gallaratese, Quartiere Gallaratese, Municipio 8 di Milano, Milano, Lombardia, 20151, Italia",45.4898671,9.1146311
Spettacoli,27-02-22,2022-02-27,"Via Ciro Menotti 11,20129, Milano, MI,Italia",Menotti,L'uomo dal fiore in bocca,https://www.teatro.it/spettacoli/milano/menotti/2021-2022/luomo-dal-fiore-in-bocca,Teatro e spettacolo,"Teatro Menotti, 11, Via Ciro Menotti, Buenos Aires - Venezia, Municipio 3, Milano, Lombardia, 20129, Italia",45.4699775,9.2131112
Spettacoli,27-02-22,2022-02-27,"Corso di Porta Romana 63,20122, Milano, MI,Italia",Carcano,Le verità di Bakersfield,https://www.teatro.it/spettacoli/milano/carcano/2021-2022/le-verita-di-bakersfield,Teatro e spettacolo,"Teatro Carcano, 63, Corso di Porta Romana, Crocetta, Municipio 1, Milano, Lombardia, 20121, Italia",45.4566842,9.1955297
Spettacoli,27-02-22,2022-02-27,"Via Pier Lombardo 14,20135, Milano, MI,Italia",Franco Parenti - Sala Blu,Il caso Braibanti,https://www.teatro.it/spettacoli/milano/franco-parenti-sala-acomea/2021-2022/il-caso-braibanti,Teatro e spettacolo,"Via Pier Lombardo, Porta Romana, Municipio 4, Milano, Lombardia, 20135, Italia",45.4542958,9.2063109
Spettacoli,27-02-22,2022-02-27,"via Pier Lombardo,14,20135, Milano, MI,Italia",Franco Parenti - Sala Grande,Un tram che si chiama desiderio,https://www.teatro.it/spettacoli/milano/franco-parenti-sala-grande/2021-2022/un-tram-che-si-chiama-desiderio,Teatro e spettacolo,"Via Pier Lombardo, Porta Romana, Municipio 4, Milano, Lombardia, 20135, Italia",45.4542958,9.2063109
Manifestazioni,06-03-22,2022-02-28,"Via Luigi Settembrini, 11, Milano, MI",Milano,Carnival week,https://www.milanotoday.it/eventi/carnival-week-2022.html,Altri eventi,"Belmonte, 11, Via Luigi Settembrini, Centrale, Municipio 2, Milano, Lombardia, 20124, Italia",45.4811784,9.2050363
Concerti,01-03-22,2022-02-28,"Via San Giovanni sul Muro, 2, Milano, MI",Teatro Dal Verme,Davide Van De Sfroos in concerto a Milano: orari e biglietti,https://www.milanotoday.it/eventi/concerto-davide-van-de-sfroos-teatro-dal-verme.html,Musica e vita notturna,"2, Via San Giovanni sul Muro, Cerchia dei Navigli, Municipio 1, Milano, Lombardia, 20121, Italia",45.4671162,9.1814924
Teatri,13-03-22,2022-03-01,"largo Greppi, Milano, MI",Piccolo Teatro Strehler,"""Il berretto a sonagli"" al Piccolo Teatro con Gabriele Lavia",https://www.milanotoday.it/eventi/spettacolo-berretto-a-sonagli-piccolo-teatro.html,Teatro e spettacolo,"Largo Antonio Greppi, Cerchia dei Navigli, Municipio 1, Milano, Lombardia, 20121, Italia",45.471727,9.1826196
Teatri,06-03-22,2022-03-01,"Via Giorgio Vasari, 15, Milano, MI",Teatro Franco Parenti,Al Franco Parenti uno spettacolo con Ambra Angiolini dedicato al bullismo,https://www.milanotoday.it/eventi/spettacolo-franco-parenti-il-nodo.html,Teatro e spettacolo,"Via Giorgio Vasari, Porta Romana, Municipio 4, Milano, Lombardia, 20135, Italia",45.4542475,9.2073471
Mostre,15-05-22,2022-03-01,"Piazza Duca d'Aosta, Milano, MI",Stazione Centrale,"""The World of Banksy"" prolunga la data di apertura fino al 15 maggio",https://www.milanotoday.it/eventi/mostra-the-world-of-banksy-prolunga-data-apertura-fino-15-maggio.html,Arte e cultura,"Piazza Duca d'Aosta, Centrale, Municipio 2, Milano, Lombardia, 20124, Italia",45.4848412,9.2032441
Mostre,16-03-22,2022-03-02,"Via Massimo D'Azeglio, 3, Milano, MI",Milano Luiss Hub,"Mostra ""Sacharov, i diritti umani nel cuore dell'Europa""",https://www.milanotoday.it/eventi/mostra-sacharov-diritti-umani-nel-cuore-europa.html,Arte e cultura,"3, Via Massimo D'Azeglio, GARIBALDI REPUBBLICA, Municipio 9, Milano, Lombardia, 20100, Italia",45.4832831,9.1847016
Spettacoli,02-03-22,2022-03-02,"Via Ciro Menotti 11,20129, Milano, MI,Italia",Menotti,Presente!,https://www.teatro.it/spettacoli/milano/menotti/2021-2022/presente,Teatro e spettacolo,"Teatro Menotti, 11, Via Ciro Menotti, Buenos Aires - Venezia, Municipio 3, Milano, Lombardia, 20129, Italia",45.4699775,9.2131112
Spettacoli,02-03-22,2022-03-02,"Via Filodrammatici 2,20121, Milano, MI,Italia",Teatro Alla Scala,Thaïs,https://www.teatro.it/spettacoli/milano/teatro-alla-scala/2021-2022/thais,Teatro e spettacolo,"2, Via Filodrammatici, Brera, Milano, Lombardia, 20121, Italia",45.4673781,9.188701
Teatri,13-03-22,2022-03-03,"largo Greppi, Milano, MI",Piccolo Teatro Strehler,"""II berretto a sonagli"" al Piccolo Teatro racconta la menzogna della società moderna",https://www.milanotoday.it/eventi/berretto-a-sonagli-piccolo-teatro.html,Teatro e spettacolo,"Largo Antonio Greppi, Cerchia dei Navigli, Municipio 1, Milano, Lombardia, 20121, Italia",45.471727,9.1826196
Teatri,27-03-22,2022-03-03,"Via Rivoli, 6, Milano, MI",Piccolo Teatro Studio Melato,Al Piccolo Teatro Studio Melato uno spettacolo che racconta l'estinzione,https://www.milanotoday.it/eventi/spettacolo-piccolo-teatro-studio-melato.html,Teatro e spettacolo,"6, Via Rivoli, Brera, Municipio 1, Milano, Lombardia, 20121, Italia",45.4726093,9.182881
Concerti,03-03-22,2022-03-03,"Via Pietro Borsieri, 37, Milano, MI",Blue Note,Margherita Zanin canta Lucio Dalla a dieci anni dalla morte del cantautore bolognese,https://www.milanotoday.it/eventi/concerto-margherita-zanin-lucio-dalla-blue-note.html,Musica e vita notturna,"Blue Note, 37, Via Pietro Borsieri, Isola, Municipio 9, Milano, Lombardia, 20159, Italia",45.4895296,9.1888504
Altro,03-03-22,2022-03-03,"via Brera, 28, Milano, MI",Pinacoteca di Brera - Biblioteca Nazionale Braidense di Milano,CIRCI Associazione Internazionale di Ricerca della Cultura dell'Infanzia,,Altri eventi,"Pinacoteca di Brera, 28, Via Brera, Cerchia dei Navigli, Municipio 1, Milano, Lombardia, 20121, Italia",45.4722421,9.1884071
,05-03-22,2022-03-03,"Via Giuseppe Eugenio Luraghi, 11, Milano, MI",Il Centro,Carnevale a Il Centro di Arese,https://www.milanotoday.it/eventi/festa-carnevale-2022-il-centro-arese.html,Non classificato,"Via Maestra, 11, Viale Giuseppe Eugenio Luraghi, Valera, Arese, Milano, Lombardia, 20044, Italia",45.5638918,9.0510987
Teatri,03-04-22,2022-03-03,"Viale dell'Innovazione, 79, Milano, MI",Teatro degli Arcimboldi,La magia di Notre Dame de Paris al Teatro Arcimboldi. Orari e biglietti,https://www.milanotoday.it/eventi/spettacolo-notre-dame-teatro-arcimboldi.html,Teatro e spettacolo,"Viale dell'Innovazione, Bicocca, Municipio 9, Milano, Lombardia, 20126, Italia",45.5163468,9.2131669
Teatri,04-03-22,2022-03-04,"Corso di Porta Romana, 63, Milano, MI",Teatro Carcano,"Gala Carla Fracci al Carcano, una serata in onore della signora della danza",https://www.milanotoday.it/eventi/gala-carla-fracci-al-carcano-2022.html,Teatro e spettacolo,"Teatro Carcano, 63, Corso di Porta Romana, Crocetta, Municipio 1, Milano, Lombardia, 20121, Italia",45.4566842,9.1955297
Teatri,13-03-22,2022-03-04,"Via Mac Mahon, 16, Milano, MI",Teatro OutOff,Al Teatro Out Off uno spettacolo sulla crescita personale,https://www.milanotoday.it/eventi/spettacolo-basta-problemi-teatro-out-off.html,Teatro e spettacolo,"Via Mac Mahon, Villapizzone, Ghisolfa, Municipio 8 di Milano, Milano, Lombardia, 20155, Italia",45.4944281,9.1571046
Spettacoli,04-03-22,2022-03-04,"p.zza IV Novembre 3,20025, Legnano, MI,Italia",Talisio Tirinnanzi,Sul lago dorato,https://www.teatro.it/spettacoli/legnano/talisio-tirinnanzi/2021-2022/sul-lago-dorato,Teatro e spettacolo,"Scuola Secondaria di Primo Grado Giovanni Ungaretti, 3, Piazza Quattro Novembre, San Giorgio su Legnano, Milano, Lombardia, 20034, Italia",45.5765251,8.9157963
Incontri,06-03-22,2022-03-04,"Via Enrico Besana, 12, Milano, MI",MUBA – Museo dei Bambini di Milano,Al Muba un Carnevale speciale per bambini con il riuso creativo,https://www.milanotoday.it/eventi/carnevale-muba-bambini-remida.html,Formazione e networking,"MUBA - Museo dei Bambini, 12, Via Enrico Besana, Guastalla, Municipio 1, Milano, Lombardia, 20122, Italia",45.4599507,9.2051279
Incontri,05-03-22,2022-03-04,"Via Orefici, Milano, MI",Fao Schwarz,Un Carnevale speciale da Fao Schwarz tra principesse e supereroi,https://www.milanotoday.it/eventi/eventi-carnevale-bambini-fao-schwarz.html,Formazione e networking,"Via Orefici, Cerchia dei Navigli, Municipio 1, Milano, Lombardia, 20123, Italia",45.4649543,9.1865093
Incontri,04-03-22,2022-03-04,"Via Enrico Besana, 12, Milano, MI",MUBA – Museo dei Bambini di Milano,Al Muba un laboratorio speciale per i bambini,https://www.milanotoday.it/eventi/laboratorio-speciale-per-bambini-muba.html,Formazione e networking,"MUBA - Museo dei Bambini, 12, Via Enrico Besana, Guastalla, Municipio 1, Milano, Lombardia, 20122, Italia",45.4599507,9.2051279
Spettacoli,05-03-22,2022-03-05,"Via Giordano Rota 1,20145, Milano, MI,Italia",Nazionale Italiana Assicurazioni,Pretty Woman - il Musical,https://www.teatro.it/spettacoli/milano/nazionale-chebanca/2021-2022/pretty-woman-il-musical,Teatro e spettacolo,"20145, Italy",45.4643,9.1895
Spettacoli,05-03-22,2022-03-05,"Via Giordano Rota 1,20145, Milano, MI,Italia",Nazionale Italiana Assicurazioni,Pretty Woman - il Musical,https://www.teatro.it/spettacoli/milano/nazionale-chebanca/2021-2022/pretty-woman-il-musical,Teatro e spettacolo,"20145, Italy",45.4643,9.1895
,05-03-22,2022-03-05,"Via Giovanni Cagliero, 26, Milano, MI",Teatro Blu Milano,"spettacolo burattini ""meneghino nel paese dei sempreallegri""",https://www.milanotoday.it/eventi/spettacolo-burattini-meneghino-nel-paese-dei-sempreallegri-valerio-sacca-aldrighi-8807271.html,Non classificato,"26, Via Giovanni Cagliero, Maciachini - Maggiolina, Municipio 2, Milano, Lombardia, 20125, Italia",45.4970651,9.2003107
Manifestazioni,05-03-22,2022-03-05,"Via Giosuè Carducci, 6, Milano, MI",Piccolo circo dei sogni,Carnevale ambrosiano 2022 al circo di Peschiera Borromeo (Milano),https://www.milanotoday.it/eventi/carnevale-ambrosiano-2022.html,Altri eventi,"6, Via Giosuè Carducci, Santi Martiri, Oltrestazione, Legnano, Milano, Lombardia, 20025, Italia",45.5915094,8.9064547
Disco&Feste,05-03-22,2022-03-05,"Via Circonvallazione Idroscalo, 41, Milano, MI",Circolo Magnolia,"Carnevale al Magnolia, una festa in maschera con mostri e alieni",https://www.milanotoday.it/eventi/carnevale-2022-magnolia-festa-comic-heroes.html,Musica e vita notturna,"Circolo Magnolia, 41, Via Circonvallazione Idroscalo, Novegro, Segrate, Milano, Lombardia, 20054, Italia",45.4637036,9.286076
Spettacoli,06-03-22,2022-03-06,"via Pitteri 58,20134, Milano, MI,Italia",Martinitt,Persone naturali e strafottenti,https://www.teatro.it/spettacoli/milano/martinitt/2021-2022/persone-naturali-e-strafottenti,Teatro e spettacolo,"Via Riccardo Pitteri, Lambrate, Municipio 3, Milano, Lombardia, 20134, Italia",45.4798362,9.2457864
Teatri,06-03-22,2022-03-06,"Corso di Porta Romana, 67, Milano, MI",Teatro Carcano,Un Carnevale speciale con lo spettacolo di Pinocchio a teatro,https://www.milanotoday.it/eventi/spettacolo-pinocchio-teatro-carcano.html,Teatro e spettacolo,"Gioielleria Barbieri, 67, Corso di Porta Romana, Crocetta, Municipio 1, Milano, Lombardia, 20122, Italia",45.4564348,9.1954315
Mostre,06-03-22,2022-03-06,"Piazzale Cimitero Monumentale, 1, Milano, MI",Cimitero Monumentale,Il monumentale di Milano: un museo a cielo aperto. Visita guidata,https://www.milanotoday.it/eventi/monumentale-di-milano-un-museo-a-cielo-aperto.html,Arte e cultura,"Piazzale Cimitero Monumentale, Sarpi, Porta Volta, Municipio 8 di Milano, Milano, Lombardia, 20154, Italia",45.4845449,9.1765828
Spettacoli,06-03-22,2022-03-06,"Via Rovello 2,20121, Milano, MI,Italia",Piccolo Teatro - Teatro Grassi,Eichmann. Dove inizia la notte,https://www.teatro.it/spettacoli/milano/piccolo-teatro-teatro-grassi/2021-2022/eichmann-dove-inizia-la-notte,Teatro e spettacolo,"2, Via Rovello, Brera, Milano, Lombardia, 20121, Italia",45.4665188,9.1847651
Spettacoli,06-03-22,2022-03-06,"Piazza S. Magno,20025, Legnano, MI,Italia",Galleria,I Legnanesi - Non ci resta che ridere,https://www.teatro.it/spettacoli/legnano/galleria/2021-2022/i-legnanesi-non-ci-resta-che-ridere,Teatro e spettacolo,"Piazza San Magno, San Magno, Oltresempione, Legnano, Milano, Lombardia, 20025, Italia",45.5945288,8.9180098
Spettacoli,06-03-22,2022-03-06,"Via Alessandro Manzoni 42,20121, Milano, MI,Italia",Manzoni,Enrico IV,https://www.teatro.it/spettacoli/milano/manzoni/2021-2022/enrico-iv,Teatro e spettacolo,"Teatro Manzoni, 42, Via Alessandro Manzoni, Cerchia dei Navigli, Municipio 1, Milano, Lombardia, 20121, Italia",45.4710286,9.1944762
Spettacoli,06-03-22,2022-03-06,"via Pier Lombardo,14,20135, Milano, MI,Italia",Franco Parenti - Sala Grande,Il nodo,https://www.teatro.it/spettacoli/milano/franco-parenti-sala-grande/2021-2022/il-nodo,Teatro e spettacolo,"Via Pier Lombardo, Porta Romana, Municipio 4, Milano, Lombardia, 20135, Italia",45.4542958,9.2063109
Mercatini,06-03-22,2022-03-06,"Via Santa Croce, 15, Milano, MI",Associazione IBVA,Domenica 6 marzo nuova edizione del mercato di solidando: tutte le novità di questa edizione,https://www.milanotoday.it/eventi/domenica-6-marzo-2022.html,Mercati e shopping,"Via Santa Croce, Ticinese, Municipio 1, Milano, Lombardia, 20136, Italia",45.4540253,9.1823474
Spettacoli,06-03-22,2022-03-06,"Via G. di Vittorio 6,20090, Assago, MI,Italia",Repower,Grease,https://www.teatro.it/spettacoli/assago/repower/2021-2022/grease,Teatro e spettacolo,"20090, Italy",45.407,9.1083
,13-03-22,2022-03-06,"Via Pier Paolo Pasolini, 3, Milano, MI",Cascina Merlata Spazio Vivo,Cascina in rosa. Una settimana di eventi al femminile in Cascina Merlata,https://www.milanotoday.it/eventi/cascina-in-rosa-2022.html,Non classificato,"Cascina Merlata SPAZIO VIVO, 3, Via Pier Paolo Pasolini, Maggiore - Musocco, Cascina Merlata, Municipio 8 di Milano, Milano, Lombardia, 20151, Italia",45.5066453,9.1031746
Spettacoli,06-03-22,2022-03-06,"Corso Buenos Aires,33,20124, Milano, MI,Italia",Teatro Elfo Puccini - sala Fassbinder,La Signorina Giulia,https://www.teatro.it/spettacoli/milano/teatro-elfo-puccini-sala-fassbinder/2021-2022/la-signorina-giulia,Teatro e spettacolo,"Teatro Elfo Puccini, 33, Corso Buenos Aires, Buenos Aires - Venezia, Municipio 3, Milano, Lombardia, 20124, Italia",45.4794317,9.2098387
Spettacoli,06-03-22,2022-03-06,"Corso di Porta Romana 63,20122, Milano, MI,Italia",Carcano,Ho perso il filo - Angela Finocchiaro,https://www.teatro.it/spettacoli/milano/carcano/2021-2022/ho-perso-il-filo,Teatro e spettacolo,"Teatro Carcano, 63, Corso di Porta Romana, Crocetta, Municipio 1, Milano, Lombardia, 20121, Italia",45.4566842,9.1955297
Spettacoli,07-03-22,2022-03-07,"Corso di Porta Romana 63,20122, Milano, MI,Italia",Carcano,Isaac Newton - Sulle spalle dei giganti,https://www.teatro.it/spettacoli/milano/carcano/2021-2022/isaac-newton-sulle-spalle-dei-giganti,Teatro e spettacolo,"Teatro Carcano, 63, Corso di Porta Romana, Crocetta, Municipio 1, Milano, Lombardia, 20121, Italia",45.4566842,9.1955297
,07-03-22,2022-03-07,"Via Gioacchino Murat, 13, Milano, MI",Centro Odontoiatrico Humanitas Murat,Allineare i denti senza rinunciare all'estetica del sorriso? Con gli allineatori trasparenti è possibile. Scoprili all'open day del 7 marzo in Humanitas Murat,https://www.milanotoday.it/eventi/allineatori-trasparenti-open-day-7-marzo-humanitas-murat.html,Non classificato,"Humanitas Care - Milano Murat, 13, Via Gioacchino Murat, Maciachini - Maggiolina, Municipio 9, Milano, Lombardia, 20159, Italia",45.4977945,9.1912918
Teatri,08-03-22,2022-03-08,"Corso Garibaldi, 27, Milano, MI",C.A.M,"Festa della donna, uno spettacolo dedicato alle lotte femminili contro la violenza",https://www.milanotoday.it/eventi/festa-della-donna-spettacolo-ebano-onlus.html,Teatro e spettacolo,"27, Corso Giuseppe Garibaldi, Brera, Municipio 1, Milano, Lombardia, 20121, Italia",45.4730231,9.18362
Spettacoli,08-03-22,2022-03-08,"Corso di Porta Romana 63,20122, Milano, MI,Italia",Carcano,Storia di un'amicizia,https://www.teatro.it/spettacoli/milano/carcano/2021-2022/storia-di-unamicizia,Teatro e spettacolo,"Teatro Carcano, 63, Corso di Porta Romana, Crocetta, Municipio 1, Milano, Lombardia, 20121, Italia",45.4566842,9.1955297
Spettacoli,08-03-22,2022-03-08,"v. Mons. Pogliani 7/a,ang. via Grandi,20090, Cesano Boscone, MI,Italia",Cristallo,Finché social non ci separi,https://www.teatro.it/spettacoli/cesano-boscone/cristallo/2021-2022/finche-social-non-ci-separi,Teatro e spettacolo,"20090, Italy",45.407,9.1083
Concerti,08-03-22,2022-03-08,"Via Gaudenzio Fantoli, Milano, MI",FABRIQUE,Alvaro Soler in concerto a Milano: orari e biglietti,https://www.milanotoday.it/eventi/concerto-alvaro-soler-fabrique-biglietti.html,Musica e vita notturna,"Via Gaudenzio Fantoli, Parco Monluè - Ponte Lambro, Municipio 4, Milano, Lombardia, 20059, Italia",45.4538023,9.255075
Concerti,08-03-22,2022-03-08,"Viale dell'Innovazione, 79, Milano, MI",Teatro degli Arcimboldi,Fiorella Mannoia in concerto agli Arcimboldi. Orari e biglietti,https://www.milanotoday.it/eventi/concerto-fiorella-mannoia-arcimboldi.html,Musica e vita notturna,"Viale dell'Innovazione, Bicocca, Municipio 9, Milano, Lombardia, 20126, Italia",45.5163468,9.2131669
Spettacoli,08-03-22,2022-03-08,"Viale dell'Innovazione 20,20126, Milano, MI,Italia",Arcimboldi,Fiorella Mannoia - La versione di Fiorella,https://www.teatro.it/spettacoli/milano/degli-arcimboldi/2021-2022/padroni-di-niente-tour-fiorella-mannoia,Teatro e spettacolo,"20, Viale dell'Innovazione, Bicocca, Municipio 9, Milano, Lombardia, 20125, Italia",45.5148696,9.2135963
Teatri,08-03-22,2022-03-08,"Viale Monza, 140, Milano, MI",Zelig Cabaret,8 marzo speciale da Zelig con uno spettacolo tutto al femminile,https://www.milanotoday.it/eventi/spettacolo-zelig-festa-donna.html,Teatro e spettacolo,"140, Viale Monza, Municipio 2, Milano, Lombardia, 20127, Italia",45.5040458,9.2223168
Concerti,09-03-22,2022-03-09,"Viale Toscana, 31, Milano, MI",Santeria Toscana 31,I Mother Mother in concerto a Milano: orari e biglietti,https://www.milanotoday.it/eventi/concerto-mother-mother-biglietti.html,Musica e vita notturna,"31, Viale Toscana, Morivione, Municipio 5, Milano, Lombardia, 20136, Italia",45.4457106,9.1886185
,06-04-22,2022-03-09,"Via Maloia, 1, Milano, MI",spazioSERRA,A submerged subversion,https://www.milanotoday.it/eventi/submerged-subversion-thomas-soardi.html,Non classificato,"Via Maloia, Farini, Municipio 9, Milano, Lombardia, 20158, Italia",45.4946286,9.1768212
Mostre,03-04-22,2022-03-09,"Piazza del Duomo, Milano, MI",Palazzo Reale,"Ritratte, la mostra sulle direttrici di musei, gratis a Palazzo Reale",https://www.milanotoday.it/eventi/ritratte-mostra-gratis-palazzo-reale.html,Arte e cultura,"Piazza del Duomo, Duomo, Municipio 1, Milano, Lombardia, Italia",45.4639102,9.1906398
Incontri,30-06-22,2022-03-09,"Via del Santuario 4/a, Milano, MI",Pioltello,Ricerca di un volontario/a animatore per minori,https://www.milanotoday.it/eventi/ricerca-volontario-animatore.html,Formazione e networking,"Via del Santuario, Pioltello, Milano, Lombardia, 20048, Italia",45.4881872,9.3288592
,09-03-22,2022-03-09,"Via Festa del Perdono, 7, Milano, MI",UNIVERSITA' STATALE MILANO,"A due anni dalla zona rossa. Che cosa è cambiato, come siamo cambiati?",https://www.milanotoday.it/eventi/cambiamenti-zona-rossa.html,Non classificato,"Biblioteca di Filosofia, 7, Via Festa del Perdono, Cerchia dei Navigli, Municipio 1, Milano, Lombardia, 20122, Italia",45.459324,9.1944629
,15-05-22,2022-03-09,"Via Privata Passo Pordoi, 7/3, Milano, MI",Hub/Art,remember tomorrow,https://www.milanotoday.it/eventi/remember-tomorrow-alex-frost-fabrizio-narcisi-giotto-riva-federica-poletti-agata-treccani-paolo-treni.html,Non classificato,"Via Passo Pordoi, Scalo Romana, Municipio 5, Milano, Lombardia, 20139, Italia",45.4364043,9.2092881
,09-04-22,2022-03-09,"Via San Fermo, 19, Milano, MI",Spazio HUS,Shin-on: in mostra a Milano l'arte di Shuhei Matsuyama,https://www.milanotoday.it/eventi/shin-on-in-mostra-a-milano-l-arte-di-shuhei-matsuyama-shuhei-matsuyama-8790828.html,Non classificato,"Via San Fermo, Baggio, Municipio 7, Villaggio Cavour, Settimo Milanese, Milano, Lombardia, 20019, Italia",45.4630575,9.0747604
Teatri,27-03-22,2022-03-10,"Piazza Piemonte, Milano, MI",Teatro Nazionale,"""Aggiungi un posto a tavola"" al Teatro Nazionale dal 10 al 27 marzo 2022",https://www.milanotoday.it/eventi/aggiungi-posto-tavola-nazionale-marzo-2022.html,Teatro e spettacolo,"Piazza Piemonte, Washington, Municipio 7, Milano, Lombardia, 20149, Italia",45.466001,9.1548403
Teatri,12-03-22,2022-03-11,"Via Giorgio Vasari, 15, Milano, MI",Teatro Franco Parenti,"Al Franco Parenti ""CenerentoQUA CenerentolaLA"", spettacolo per bambini",https://www.milanotoday.it/eventi/spettacolo-cenerentola-bambini-franco-parenti.html,Teatro e spettacolo,"Via Giorgio Vasari, Porta Romana, Municipio 4, Milano, Lombardia, 20135, Italia",45.4542475,9.2073471
Spettacoli,11-03-22,2022-03-11,"p.zza IV Novembre 3,20025, Legnano, MI,Italia",Talisio Tirinnanzi,Finché social non ci separi,https://www.teatro.it/spettacoli/legnano/talisio-tirinnanzi/2021-2022/finche-social-non-ci-separi,Teatro e spettacolo,"Scuola Secondaria di Primo Grado Giovanni Ungaretti, 3, Piazza Quattro Novembre, San Giorgio su Legnano, Milano, Lombardia, 20034, Italia",45.5765251,8.9157963
Spettacoli,11-03-22,2022-03-11,"v. Matteotti 30,20064, Gorgonzola, MI,Italia",Sala Argentia,Non è vero ma ci credo,https://www.teatro.it/spettacoli/gorgonzola/sala-argentia/2021-2022/non-e-vero-ma-ci-credo,Teatro e spettacolo,"Sala Argentia, 30, Via Giacomo Matteotti, Gorgonzola, Milano, Lombardia, 20064, Italia",45.5327792,9.4032916
Incontri,27-03-22,2022-03-11,"Via Erba, 2, Milano, MI",Garden Steflor,Una speciale mostra delle piante celebra l'arrivo della primavera,https://www.milanotoday.it/eventi/mostra-piante-garden-steflor.html,Formazione e networking,"2, Via Erba, Cusano, Cusano Milanino, Zona Omogenea Milano Nord, Milano, Lombardia, 20095, Italia",45.5520532,9.1840748
Convegno/conferenza,11-03-22,2022-03-11,"Corso Magenta, 61, Milano, MI",Il Palazzo delle Stelline,"Archivi di pubblica fruizione. Innovazione, prossimità e comunità",,Formazione e networking,"61, Corso Magenta, Magenta - San Vittore, Municipio 1, Milano, Lombardia, 20123, Italia",45.4656392,9.1722471
Concerti,12-03-22,2022-03-11,"Via Pietrasanta, 16, Milano, MI",Magazzini Generali,Bob Sinclar Milano,https://www.milanotoday.it/eventi/bob-sinclar-milano-bob-sinclar.html,Musica e vita notturna,"16, Via Pietrasanta, Ex Om - Morivione, Municipio 5, Milano, Lombardia, 20141, Italia",45.4440954,9.1951652
,08-01-23,2022-03-12,"Via Vittorio Veneto, 52, Milano, MI",,L'estate più bella è a Leolandia,https://www.milanotoday.it/eventi/offerte-biglietti-leolandia.html,Non classificato,"52, Via Vittorio Veneto, Cascina Camera, Vignate, Milano, Lombardia, 20052, Italia",45.4952331,9.3779726
Disco&Feste,12-03-22,2022-03-12,"Viale Toscana, 31, Milano, MI",Santeria Toscana 31,La festa di Le Cannibale per ballare tutta la notte,https://www.milanotoday.it/eventi/festa-le-cannibale-musica-santeria-toscana.html,Musica e vita notturna,"31, Viale Toscana, Morivione, Municipio 5, Milano, Lombardia, 20136, Italia",45.4457106,9.1886185
,12-03-22,2022-03-12,"Via Giovanni Cagliero, 26, Milano, MI",TEATRO BLU,"Zéna Singers, il concerto-spettacolo a Milano",https://www.milanotoday.it/eventi/zena-singers-milano.html,Non classificato,"26, Via Giovanni Cagliero, Maciachini - Maggiolina, Municipio 2, Milano, Lombardia, 20125, Italia",45.4970651,9.2003107
,08-01-23,2022-03-12,"Via Vittorio Veneto, 52, Milano, MI",,L'estate più bella è a Leolandia,https://www.milanotoday.it/eventi/offerte-biglietti-leolandia.html,Non classificato,"52, Via Vittorio Veneto, Cascina Camera, Vignate, Milano, Lombardia, 20052, Italia",45.4952331,9.3779726
Incontri,12-03-22,2022-03-12,"Viale Angelo Filippetti, Milano, MI",Porta Romana,Alla scoperta delle vie segrete della città,https://www.milanotoday.it/eventi/visita-porta-romana.html,Formazione e networking,"Viale Angelo Filippetti, Porta Romana, Municipio 5, Milano, Lombardia, 20122, Italia",45.4521216,9.2017469
Spettacoli,13-03-22,2022-03-13,"via Fezzan,11,20146, Milano, MI,Italia",Ecoteatro,Il vizietto,https://www.teatro.it/spettacoli/milano/ecoteatro/2021-2022/il-vizietto,Teatro e spettacolo,"EcoTeatro, 11, Via Fezzan, Bande Nere, Municipio 6, Milano, Lombardia, 20146, Italia",45.4592109,9.1459527
Spettacoli,13-03-22,2022-03-13,"Corso Venezia 2/A,20121, Milano, MI,Italia",San Babila,Riccardo Rossi - W le donne!,https://www.teatro.it/spettacoli/milano/san-babila/2021-2022/riccardo-rossi-w-le-donne,Teatro e spettacolo,"2a, Corso Venezia, Duomo, Municipio 1, Milano, Lombardia, 20121, Italia",45.4670204,9.1981104
Spettacoli,13-03-22,2022-03-13,"Via Larga 14,20122, Milano, MI,Italia",Lirico Giorgio Gaber,Manola,https://www.teatro.it/spettacoli/milano/lirico-giorgio-gaber/2021-2022/manola,Teatro e spettacolo,"Teatro Lirico Giorgio Gaber, 14, Via Larga, Cerchia dei Navigli, Municipio 1, Milano, Lombardia, 20122, Italia",45.4615135,9.1918702
Concerti,13-03-22,2022-03-13,"Viale Emilio Alemagna, 6, Milano, MI",La Triennale di Milano,I Casino Royale in concerto da Fog Triennale,https://www.milanotoday.it/eventi/concerto-casino-royale-fog-triennale.html,Musica e vita notturna,"Triennale Design Museum, 6, Viale Emilio Alemagna, Parco Sempione, Municipio 1, Milano, Lombardia, 20121, Italia",45.4721477,9.1734894
Spettacoli,13-03-22,2022-03-13,"Corso di Porta Romana 63,20122, Milano, MI,Italia",Carcano,Oblivion Rhapsody,https://www.teatro.it/spettacoli/milano/carcano/2021-2022/oblivion-rhapsody,Teatro e spettacolo,"Teatro Carcano, 63, Corso di Porta Romana, Crocetta, Municipio 1, Milano, Lombardia, 20121, Italia",45.4566842,9.1955297
Spettacoli,13-03-22,2022-03-13,"via Pier Lombardo,14,20135, Milano, MI,Italia",Franco Parenti - Sala Grande,"Dolore sotto chiave / Sik-Sik, l'artefice magico",https://www.teatro.it/spettacoli/milano/franco-parenti-sala-grande/2021-2022/dolore-sotto-chiave-sik-sik-lartefice-magico,Teatro e spettacolo,"Via Pier Lombardo, Porta Romana, Municipio 4, Milano, Lombardia, 20135, Italia",45.4542958,9.2063109
Spettacoli,13-03-22,2022-03-13,"Piazza S. Magno,20025, Legnano, MI,Italia",Galleria,Comincium,https://www.teatro.it/spettacoli/legnano/galleria/2021-2022/comincium-ale-franz,Teatro e spettacolo,"Piazza San Magno, San Magno, Oltresempione, Legnano, Milano, Lombardia, 20025, Italia",45.5945288,8.9180098
Spettacoli,13-03-22,2022-03-13,"Corso Buenos Aires,33,20124, Milano, MI,Italia",Teatro Elfo Puccini - sala Fassbinder,Pescheria Giacalone e figli,https://www.teatro.it/spettacoli/milano/teatro-elfo-puccini-sala-fassbinder/2021-2022/pescheria-giacalone-e-figli,Teatro e spettacolo,"Teatro Elfo Puccini, 33, Corso Buenos Aires, Buenos Aires - Venezia, Municipio 3, Milano, Lombardia, 20124, Italia",45.4794317,9.2098387
Spettacoli,13-03-22,2022-03-13,"Largo Antonio Greppi,20121, Milano, MI,Italia",Piccolo Teatro - Teatro Strehler,Il berretto a sonagli,https://www.teatro.it/spettacoli/milano/piccolo-teatro-teatro-strehler/2021-2022/il-berretto-a-sonagli,Teatro e spettacolo,"Largo Antonio Greppi, Cerchia dei Navigli, Municipio 1, Milano, Lombardia, 20121, Italia",45.471727,9.1826196
Incontri,13-03-22,2022-03-13,"Largo Greppi, 1, Milano, MI",Piccolo Teatro Strehler,La passeggiata a Milano che racconta la sostenibilità,https://www.milanotoday.it/eventi/passeggiata-biblioteca-alberi.html,Formazione e networking,"Largo Antonio Greppi, Cerchia dei Navigli, Municipio 1, Milano, Lombardia, 20121, Italia",45.471727,9.1826196
Spettacoli,14-03-22,2022-03-14,"Corso di Porta Romana 63,20122, Milano, MI,Italia",Carcano,Albert Einstein - Il padre della relatività,https://www.teatro.it/spettacoli/milano/carcano/2021-2022/albert-einstein-il-padre-della-relativita,Teatro e spettacolo,"Teatro Carcano, 63, Corso di Porta Romana, Crocetta, Municipio 1, Milano, Lombardia, 20121, Italia",45.4566842,9.1955297
Spettacoli,14-03-22,2022-03-14,"Via Larga 14,20122, Milano, MI,Italia",Lirico Giorgio Gaber,NOMADI - Live Tour,https://www.teatro.it/spettacoli/milano/lirico-giorgio-gaber/2021-2022/nomadi-in-tour,Teatro e spettacolo,"Teatro Lirico Giorgio Gaber, 14, Via Larga, Cerchia dei Navigli, Municipio 1, Milano, Lombardia, 20122, Italia",45.4615135,9.1918702
Manifestazioni,20-03-22,2022-03-14,"Piazza Venticinque Aprile, Milano, MI",Eataly Milano Smeraldo,Il festival della cucina romana con cacio e pepe e carbonara,https://www.milanotoday.it/eventi/festival-cucina-romana-eataly.html,Altri eventi,"Piazza Venticinque Aprile, Brera, Municipio 9, Milano, Lombardia, 20100, Italia",45.4807992,9.1874526
Manifestazioni,14-03-22,2022-03-14,"Via Antonio Pacinotti, 4, Milano, MI",Garage Moulinski,"Prove aperte, momenti d’improvvisazione e musica dal vivo: al via lunedì 14 marzo, a Milano, il progetto “artchipel hub”",https://www.milanotoday.it/eventi/partchipel-hub.html,Altri eventi,"4, Via Antonio Pacinotti, Quartiere Campetto, Trezzano sul Naviglio, Milano, Lombardia, 20090, Italia",45.4302517,9.0598381
Auto e moto,20-03-22,2022-03-14,"Via Piemonte, 2, Milano, MI",Il Destriero Centro Commerciale,Arriva il Kia Tour Sportage: una gamma elettrificata in grado di ispirare,https://www.milanotoday.it/eventi/Kia-motorshow-sportage.html,Altri eventi,"2, Via Piemonte, Cascina Limito, Pioltello, Milano, Lombardia, 20096, Italia",45.4873092,9.3303927
Cibo e Vino,19-03-22,2022-03-14,"Via Masaccio, Milano, MI",Hotel Melià,La settimana del Gusto Lombardo tra vini pregiati e Grana Padano. Come partecipare,https://www.milanotoday.it/eventi/settimana-vino-golosaria-2022.html,Enogastronomia,"Via Masaccio, De Angeli - Monte Rosa, Portello, Municipio 8 di Milano, Milano, Lombardia, 20149, Italia",45.4795466,9.1461967
Spettacoli,15-03-22,2022-03-15,"v. Mons. Pogliani 7/a,ang. via Grandi,20090, Cesano Boscone, MI,Italia",Cristallo,Ho perso il filo - Angela Finocchiaro,https://www.teatro.it/spettacoli/cesano-boscone/cristallo/2021-2022/ho-perso-il-filo-angela-finocchiaro,Teatro e spettacolo,"20090, Italy",45.407,9.1083
,15-03-22,2022-03-15,"Via Sant'Antonio, 5, Milano, MI",Centro Pastorale Ambrosiano,Solo i migliori ce la faranno? Le sfide dei giovani di fronte alla cultura e società odierne,https://www.milanotoday.it/eventi/dibattito-giovani-2022.html,Non classificato,"5, Via Sant'Antonio, Duomo, Municipio 1, Milano, Lombardia, 20122, Italia",45.4614519,9.1934697
Teatri,20-03-22,2022-03-15,"Via Giorgio Vasari, 15, Milano, MI",Teatro Franco Parenti,Gioele Dix porta in scena al Franco Parenti i racconti di Dino Buzzati,https://www.milanotoday.it/eventi/spettacolo-gioele-dix-franco-parenti.html,Teatro e spettacolo,"Via Giorgio Vasari, Porta Romana, Municipio 4, Milano, Lombardia, 20135, Italia",45.4542475,9.2073471
Spettacoli,15-03-22,2022-03-15,"Via Larga 14,20122, Milano, MI,Italia",Lirico Giorgio Gaber,Telepathy,https://www.teatro.it/spettacoli/milano/lirico-giorgio-gaber/2021-2022/francesco-tesei-telepathy,Teatro e spettacolo,"Teatro Lirico Giorgio Gaber, 14, Via Larga, Cerchia dei Navigli, Municipio 1, Milano, Lombardia, 20122, Italia",45.4615135,9.1918702
Spettacoli,15-03-22,2022-03-15,"Via Filodrammatici 2,20121, Milano, MI,Italia",Teatro Alla Scala,La Dama di Picche,https://www.teatro.it/spettacoli/milano/teatro-alla-scala/2021-2022/la-dama-di-picche-regia-matthias-hartmann,Teatro e spettacolo,"2, Via Filodrammatici, Brera, Milano, Lombardia, 20121, Italia",45.4673781,9.188701
Mostre,31-07-22,2022-03-16,"Via Tortona, 56, Milano, MI",Mudec - Museo delle Culture,A Milano la mostra con oltre cento opere di Chagall,https://www.milanotoday.it/eventi/mostra-chagall-mudec.html,Arte e cultura,"Mudec, 56, Via Tortona, Tortona, Municipio 6, Milano, Lombardia, 20144, Italia",45.4520455,9.1613185
,18-03-22,2022-03-16,"Via Alessandro Manzoni, 56, Milano, MI",Dental Center Humanitas,Cerchi una soluzione fissa per i denti mancanti? Al Dental Center di Humanitas il 16 e il 18 marzo open days di implantologia e protesi,https://www.milanotoday.it/eventi/open-days-implantologia-protesi.html,Non classificato,"56, Via Alessandro Manzoni, Paullo, Milano, Lombardia, 20067, Italia",45.4180966,9.4000575
,16-03-22,2022-03-16,"Piazza Carlo Stuparich, 1, Milano, MI",Allianz Cloud,Ricardo Arjona in concerto il 16 a Milano,https://www.milanotoday.it/eventi/ricardo-arjona-concerto.html,Non classificato,"Piazza Carlo Stuparich, De Angeli - Monte Rosa, QT8, Municipio 8 di Milano, Milano, Lombardia, 20148, Italia",45.4830796,9.1428469
Spettacoli,16-03-22,2022-03-16,"Piazza Risorgimento 19,20066, Melzo, MI,Italia",Trivulzio,Il delitto di via dell'Orsina,https://www.teatro.it/spettacoli/melzo/trivulzio/2021-2022/il-delitto-di-via-dellorsina-laffaire-de-la-rue-de-lourcine,Teatro e spettacolo,"Piazza Risorgimento, Melzo, Milano, Lombardia, 20066, Italia",45.5003449,9.4229132
Manifestazioni,22-03-22,2022-03-17,"Corso Magenta, 61, Milano, MI",palazzo delle stelline,Olio Officina Festival torna a Milano con un'edizione dedicata alla bellezza,https://www.milanotoday.it/eventi/olio-officina-festival-2022.html,Altri eventi,"61, Corso Magenta, Magenta - San Vittore, Municipio 1, Milano, Lombardia, 20123, Italia",45.4656392,9.1722471
Teatri,17-03-22,2022-03-17,"Via Lattanzio, 58, Milano, MI",Teatro Oscar,"Samuel Beckett, ""primo amore"" con Salvo Germano",https://www.milanotoday.it/eventi/samuel-beckett-primo-amore-2022.html,Teatro e spettacolo,"Teatro Oscar DeSidera, 58/A, Via Lattanzio, Umbria - Molise, Municipio 4, Milano, Lombardia, 20137, Italia",45.4523298,9.2167181
Teatri,20-03-22,2022-03-18,"Piazza Piero Carnelli, Milano, MI",Teatro Delfino,Scoop donna sapiens,https://www.milanotoday.it/eventi/teatro/scoop-donna-sapiens-giobbe-covatta-2022.html,Teatro e spettacolo,"Piazza Don Piero Carnelli, Mecenate, Municipio 4, Milano, Lombardia, 20059, Italia",45.4584915,9.2436908
Teatri,18-03-22,2022-03-18,"Via Don Luigi Sturzo, Milano, MI",Teatro comunale di Peschiera Borromeo,Lo spettacolo dedicato a Rita Levi Montalcini,https://www.milanotoday.it/eventi/spettacolo-rita-levi-montalcini.html,Teatro e spettacolo,"Via Don Luigi Sturzo, Abbiategrasso, Milano, Lombardia, 20081, Italia",45.3949433,8.9036582
Manifestazioni,31-03-22,2022-03-18,"Via Gaetano Crespi, 27, Milano, MI",Scalo Lambrate,Giornata mondiale del riciclo: all’ex scalo Lambrate un’esposizione fotografica,https://www.milanotoday.it/eventi/giornata-mondiale-del-riciclo.html,Altri eventi,"Via Gaetano Crespi, Lambrate, Municipio 3, Milano, Lombardia, 20134, Italia",45.4797262,9.2434922
Spettacoli,18-03-22,2022-03-18,"Via Varese,29,20024, Garbagnate Milanese, MI,Italia",Italia,Finché social non ci separi,https://www.teatro.it/spettacoli/garbagnate-milanese/italia/2021-2022/finche-social-non-ci-separi,Teatro e spettacolo,"Via Varese, Quadrifoglio, Santa Maria Rossa, Garbagnate Milanese, Milano, Lombardia, 20024, Italia",45.5758278,9.0778952
Manifestazioni,20-03-22,2022-03-18,"Piazza Città di Lombardia, Milano, MI",,In Piazza Città di Lombardia tre giorni dedicati al nettare di Bacco,https://www.milanotoday.it/eventi/milano-in-vino-2022.html,Altri eventi,"Piazza Città di Lombardia, GARIBALDI REPUBBLICA, Municipio 9, Milano, Lombardia, 20124, Italia",45.4867209,9.1960553
,27-03-22,2022-03-18,"Alzaia Naviglio Pavese, 16, Milano, MI",EX FORNACE GOLA,"Modulopoli, la mostra di Federico Marcoaldi",https://www.milanotoday.it/eventi/modulopoli-federico-marcoaldi-.html,Non classificato,"16, Alzaia Naviglio Pavese, Navigli, Municipio 6, Milano, Lombardia, 20143, Italia",45.4500421,9.1774094
Incontri,18-03-22,2022-03-18,"Viale Piave, 2, Milano, MI",Chiesa del Sacro Cuore di Gesù dei Frati minori cappuccini,“Musica sacrosanta” per prepararsi alla Pasqua,https://www.milanotoday.it/eventi/musica-sacrosanta-2022.html,Formazione e networking,"FilCasa Agency, 2, Viale Piave, Guastalla, Municipio 1, Milano, Lombardia, 20129, Italia",45.4684365,9.2067353
Teatri,19-03-22,2022-03-18,"Via Giorgio Vasari, 15, Milano, MI",Teatro Franco Parenti,Cenerentola per bambini a teatro è uno spettacolo imperdibile,https://www.milanotoday.it/eventi/cenerentola-per-bambini-franco-parenti.html,Teatro e spettacolo,"Via Giorgio Vasari, Porta Romana, Municipio 4, Milano, Lombardia, 20135, Italia",45.4542475,9.2073471
Incontri,31-12-22,2022-03-19,"Via Spilamberto, 18, Milano, MI",Parco Tre Palle,"""Ginnastica psichica"" - Milano",https://www.milanotoday.it/eventi/ginnastica-psichica-milano-2022.html,Formazione e networking,"18, Via Spilamberto, Metanopoli, Triulzo Inferiore, Triulzo, San Donato Milanese, Milano, Lombardia, 20097, Italia",45.4265483,9.2702639
Spettacoli,19-03-22,2022-03-19,"Via Filodrammatici 2,20121, Milano, MI,Italia",Teatro Alla Scala,Adriana Lecouvreur,https://www.teatro.it/spettacoli/milano/teatro-alla-scala/2021-2022/adriana-lecouvreur,Teatro e spettacolo,"2, Via Filodrammatici, Brera, Milano, Lombardia, 20121, Italia",45.4673781,9.188701
Spettacoli,19-03-22,2022-03-19,"Via Larga 14,20122, Milano, MI,Italia",Lirico Giorgio Gaber,Fabio Concato in concerto,https://www.teatro.it/spettacoli/milano/lirico-giorgio-gaber/2021-2022/fabio-concato-in-concerto,Teatro e spettacolo,"Teatro Lirico Giorgio Gaber, 14, Via Larga, Cerchia dei Navigli, Municipio 1, Milano, Lombardia, 20122, Italia",45.4615135,9.1918702
Incontri,19-03-22,2022-03-19,"Via Angelo Mosso, 7, Milano, MI",Ex Chiesetta del Parco Trotter,Continenti milanesi,https://www.milanotoday.it/eventi/continenti-milanesi-2022.html,Formazione e networking,"7, Via Angelo Mosso, Nolo, Municipio 2, Milano, Lombardia, 20127, Italia",45.495002,9.2264506
Spettacoli,19-03-22,2022-03-19,"Via dell'Allodola 5,20147, Milano, MI,Italia",La Creta,L'Errore 41,https://www.teatro.it/spettacoli/milano/la-creta/2021-2022/lerrore-41,Teatro e spettacolo,"Via dell'Allodola, Lorenteggio, Municipio 6, Milano, Lombardia, 20147, Italia",45.454862,9.1195068
Disco&Feste,19-03-22,2022-03-19,"Via Serviliano Lattuada, 14, Milano, MI",Salone 14 Yellosquare,A Milano si balla in un labirinto di stanze,https://www.milanotoday.it/eventi/serata-le-cannibale-ostello.html,Musica e vita notturna,"Via Serviliano Lattuada, Porta Romana, Municipio 4, Milano, Lombardia, 20135, Italia",45.4537195,9.2035356
Spettacoli,19-03-22,2022-03-19,"Piazza S. Magno,20025, Legnano, MI,Italia",Galleria,Vittorio Sgarbi - Raffaello,https://www.teatro.it/spettacoli/legnano/galleria/2021-2022/vittorio-sgarbi-raffaello,Teatro e spettacolo,"Piazza San Magno, San Magno, Oltresempione, Legnano, Milano, Lombardia, 20025, Italia",45.5945288,8.9180098
Incontri,20-03-22,2022-03-19,"Piazzale dello Sport, 16, Milano, MI",Ippodromo di San Siro,Le iniziative gratis per famiglie e bambini all'Ippodromo,https://www.milanotoday.it/eventi/iniziative-famiglie-bambini-ippodromo.html,Formazione e networking,"Piazzale dello Sport, San Siro, Municipio 7, Milano, Lombardia, 20148, Italia",45.4804825,9.1291269
Incontri,19-03-22,2022-03-19,"Via Barona, 111, Milano, MI",Cascina battivacco,Alla scoperta della natura nella più grande oasi rurale d'Italia,https://www.milanotoday.it/eventi/oasi-rurale-ca-granda-eventi.html,Formazione e networking,"111, Via Barona, Parco dei Navigli, Municipio 6, Milano, Lombardia, 20142, Italia",45.4298704,9.1439052
,19-03-22,2022-03-19,"Corso di Porta Vittoria, 43, Milano, MI",Camera del Lavoro,Il recital del pianista Michele Di Toro,https://www.milanotoday.it/eventi/michele-di-toro.html,Non classificato,"43, Corso di Porta Vittoria, Guastalla, Municipio 1, Milano, Lombardia, 20122, Italia",45.4624935,9.2038876
Manifestazioni,20-03-22,2022-03-20,"Piazza Sicilia, Milano, MI",Piazza Sicilia,La danza delle 12 ore: arriva a Milano con un evento sportivo open air per celebrare la primavera,https://www.milanotoday.it/eventi/danza-delle-12-ore-arriva-a-milano.html,Altri eventi,"Piazza Sicilia, Washington, Municipio 7, Milano, Lombardia, Italia",45.4644962,9.1529555
Spettacoli,20-03-22,2022-03-20,"Via Alessandro Manzoni 42,20121, Milano, MI,Italia",Manzoni,Mine vaganti,https://www.teatro.it/spettacoli/milano/manzoni/2021-2022/mine-vaganti,Teatro e spettacolo,"Teatro Manzoni, 42, Via Alessandro Manzoni, Cerchia dei Navigli, Municipio 1, Milano, Lombardia, 20121, Italia",45.4710286,9.1944762
Spettacoli,20-03-22,2022-03-20,"Via Hermada,8,20162, Milano, MI,Italia",della Cooperativa,La molto tragica storia di Piramo e Tisbe che muoiono per amore,https://www.teatro.it/spettacoli/milano/della-cooperativa/2021-2022/la-molto-tragica-storia-di-piramo-e-tisbe-che-muoiono-per-amore,Teatro e spettacolo,"8, Via privata Hermada, Niguarda - Cà Granda, Municipio 9, Milano, Lombardia, 20162, Italia",45.5147872,9.1901457
Spettacoli,20-03-22,2022-03-20,"via Pier Lombardo,14,20135, Milano, MI,Italia",Franco Parenti - Sala Grande,La corsa dietro il vento,https://www.teatro.it/spettacoli/milano/franco-parenti-sala-grande/2021-2022/la-corsa-dietro-il-vento-dino-buzzati-o-lincanto-del-mondo,Teatro e spettacolo,"Via Pier Lombardo, Porta Romana, Municipio 4, Milano, Lombardia, 20135, Italia",45.4542958,9.2063109
Spettacoli,20-03-22,2022-03-20,"Corso di Porta Romana 63,20122, Milano, MI,Italia",Carcano,Le sedie,https://www.teatro.it/spettacoli/milano/carcano/2021-2022/le-sedie,Teatro e spettacolo,"Teatro Carcano, 63, Corso di Porta Romana, Crocetta, Municipio 1, Milano, Lombardia, 20121, Italia",45.4566842,9.1955297
Spettacoli,20-03-22,2022-03-20,"via Procaccini,4,20100, Milano, MI,Italia",La Fabbrica del Vapore,Alice! in Wonderland,https://www.teatro.it/spettacoli/milano/la-fabbrica-del-vapore/2021-2022/alice-in-wonderland,Teatro e spettacolo,"4, Via Giulio Cesare Procaccini, Bullona, Porta Volta, Municipio 8 di Milano, Milano, Lombardia, 20154, Italia",45.4839945,9.1753796
Spettacoli,20-03-22,2022-03-20,"via Procaccini,4,20100, Milano, MI,Italia",La Fabbrica del Vapore,Alice! in Wonderland,https://www.teatro.it/spettacoli/milano/la-fabbrica-del-vapore/2021-2022/alice-in-wonderland,Teatro e spettacolo,"4, Via Giulio Cesare Procaccini, Bullona, Porta Volta, Municipio 8 di Milano, Milano, Lombardia, 20154, Italia",45.4839945,9.1753796
Spettacoli,20-03-22,2022-03-20,"Corso Buenos Aires 33,20124, Milano, MI,Italia",Elfo Puccini - Sala Bausch,Guardie al Taj,https://www.teatro.it/spettacoli/milano/elfo-puccini-sala-bausch/2021-2022/guardie-al-taj,Teatro e spettacolo,"Teatro Elfo Puccini, 33, Corso Buenos Aires, Buenos Aires - Venezia, Municipio 3, Milano, Lombardia, 20124, Italia",45.4794317,9.2098387
Mercatini,20-03-22,2022-03-20,"Via Mecenate, 88/A, Milano, MI",,Il mercatino vintage dove acquistare illustrazioni erotiche,https://www.milanotoday.it/eventi/mercatino-vintage-east-market-marzo-2022.html,Mercati e shopping,"Via Mecenate, Mecenate, Municipio 4, Milano, Lombardia, 20059, Italia",45.4529888,9.2481173
Spettacoli,21-03-22,2022-03-21,"Viale dell'Innovazione 20,20126, Milano, MI,Italia",Arcimboldi,E' questa la vita che sognavo da bambino?,https://www.teatro.it/spettacoli/milano/degli-arcimboldi/2021-2022/luca-argentero-e-questa-la-vita-che-sognavo-da-bambino,Teatro e spettacolo,"20, Viale dell'Innovazione, Bicocca, Municipio 9, Milano, Lombardia, 20125, Italia",45.5148696,9.2135963
Spettacoli,21-03-22,2022-03-21,"Via Alessandro Manzoni 42,20121, Milano, MI,Italia",Manzoni,Angelo Duro da vivo,https://www.teatro.it/spettacoli/milano/manzoni/2021-2022/angelo-duro-da-vivo,Teatro e spettacolo,"Teatro Manzoni, 42, Via Alessandro Manzoni, Cerchia dei Navigli, Municipio 1, Milano, Lombardia, 20121, Italia",45.4710286,9.1944762
Auto e moto,27-03-22,2022-03-21,"Via Benedetto Croce, 2, Milano, MI",Porte di Milano,Scopri il Kia Tour dedicato a Sportage e alla gamma elettrificata,https://www.milanotoday.it/eventi/Kia-motorshow-sportage-21-27-marzo.html,Altri eventi,"2, Via Benedetto Croce, Rondò, Cassina de' Gatti, Sesto San Giovanni, Zona Omogenea Milano Nord, Milano, Lombardia, 20099, Italia",45.5332579,9.2334297
Teatri,21-03-22,2022-03-21,"Viale dell'Innovazione, 79, Milano, MI",Teatro degli Arcimboldi,Luca Argentero racconta a teatro le storie di tre grandi sportivi italiani,https://www.milanotoday.it/eventi/spettacolo-luca-argentero-arcimboldi.html,Teatro e spettacolo,"Viale dell'Innovazione, Bicocca, Municipio 9, Milano, Lombardia, 20126, Italia",45.5163468,9.2131669
Mostre,27-03-22,2022-03-22,"Via Carlo Ravizza, 18, Milano, MI",Galleria Winarts,Atelier Ascari Milano,https://www.milanotoday.it/eventi/atelier-ascari-milano-jacopo-ascari.html,Arte e cultura,"18, Via Carlo Ravizza, De Angeli - Monte Rosa, Municipio 7, Milano, Lombardia, 20149, Italia",45.4689307,9.150804
,20-05-22,2022-03-22,"Via Aurelio Saffi, 7, Milano, MI",Officine Saffi,"Born, not made: la mostra di Yasuhisa Kohyama",https://www.milanotoday.it/eventi/mostra-yasuhisa-kohyama.html,Non classificato,"7, Via Aurelio Saffi, Magenta - San Vittore, Municipio 1, Milano, Lombardia, 20123, Italia",45.4688024,9.1713931
Teatri,03-04-22,2022-03-22,"Via Ciro Menotti, 11, Milano, MI",Teatro Menotti Filippo Perego,I Familie Flöz al Teatro Menotti di Milano dal 22 marzo al 3 aprile,https://www.milanotoday.it/eventi/familie-floz-teatro-menotti.html,Teatro e spettacolo,"Teatro Menotti, 11, Via Ciro Menotti, Buenos Aires - Venezia, Municipio 3, Milano, Lombardia, 20129, Italia",45.4699775,9.2131112
,22-05-22,2022-03-22,"Piazza del Duomo, 12, Milano, MI",Palazzo Reale,La grande mostra antologica dedicata a Ferdinando Scianna al Palazzo Reale di Milano,https://www.milanotoday.it/eventi/mostra-antologica-ferdinando-scianna.html,Non classificato,"Giacomo, 12, Piazza del Duomo, Duomo, Municipio 1, Milano, Lombardia, 20100, Italia",45.4632066,9.1914879
Mostre,05-06-22,2022-03-22,"Piazza del Duomo, 12, Milano, MI",Palazzo Reale,Viaggio nel mondo in bianco e nero di Ferdinando Scianna: la mostra a Palazzo Reale,https://www.milanotoday.it/eventi/mostra-ferdinando-scianna.html,Arte e cultura,"Giacomo, 12, Piazza del Duomo, Duomo, Municipio 1, Milano, Lombardia, 20100, Italia",45.4632066,9.1914879
Mostre,02-06-22,2022-03-22,"Piazza del Duomo, Milano, MI",Palazzo Reale,Le fotografie di Ferdinando Scianna a Palazzo Reale,https://www.milanotoday.it/eventi/mostra-scianna-palazzo-reale.html,Arte e cultura,"Piazza del Duomo, Duomo, Municipio 1, Milano, Lombardia, Italia",45.4639102,9.1906398
Incontri,22-03-22,2022-03-22,"Piazza Leonardo da Vinci, 32, Milano, MI","Politecnico di Milano, Aula De Donato",Silvio Soldini al Politecnico di Milano,https://www.milanotoday.it/eventi/silvio-soldini-politecnico.html,Formazione e networking,"32, Piazza Leonardo da Vinci, Città Studi, Municipio 3, Milano, Lombardia, 20133, Italia",45.4778083,9.2272468
Spettacoli,23-03-22,2022-03-23,"v. Mons. Pogliani 7/a,ang. via Grandi,20090, Cesano Boscone, MI,Italia",Cristallo,Chiedimi se sono di turno,https://www.teatro.it/spettacoli/cesano-boscone/cristallo/2021-2022/giacomo-poretti-chiedimi-se-sono-di-turno,Teatro e spettacolo,"20090, Italy",45.407,9.1083
Spettacoli,24-03-22,2022-03-24,"Via Filodrammatici 2,20121, Milano, MI,Italia",Teatro Alla Scala,Jewels,https://www.teatro.it/spettacoli/milano/teatro-alla-scala/2021-2022/jewels,Teatro e spettacolo,"2, Via Filodrammatici, Brera, Milano, Lombardia, 20121, Italia",45.4673781,9.188701
Spettacoli,24-03-22,2022-03-24,"Via Ciro Menotti 11,20129, Milano, MI,Italia",Menotti,Teatro Delusio,https://www.teatro.it/spettacoli/milano/menotti/2021-2022/teatro-delusio,Teatro e spettacolo,"Teatro Menotti, 11, Via Ciro Menotti, Buenos Aires - Venezia, Municipio 3, Milano, Lombardia, 20129, Italia",45.4699775,9.2131112
Concerti,24-03-22,2022-03-24,"Via Giuseppe di Vittorio, Milano, MI",Mediolanum Forum,I Franz Ferdinand in concerto a Milano. Orari e biglietti,https://www.milanotoday.it/eventi/concerto-franz-ferdinand-forum-assago.html,Musica e vita notturna,"Via Giuseppe Di Vittorio, Cascine Olona, Vighignolo, Settimo Milanese, Milano, Lombardia, 20019, Italia",45.4876868,9.0566303
,24-03-22,2022-03-24,"Viale Carlo Espinasse, 31, Milano, MI",Espinasse 31 Contemporary Art Gallery,The sound of the new generation,https://www.milanotoday.it/eventi/the-sound-of-the-new-generation-2022.html,Non classificato,"Viale Carlo Espinasse, Cagnola, Municipio 8 di Milano, Milano, Lombardia, 20156, Italia",45.493698,9.1446948
Spettacoli,24-03-22,2022-03-24,"v. Matteotti 30,20064, Gorgonzola, MI,Italia",Sala Argentia,Il silenzio grande,https://www.teatro.it/spettacoli/gorgonzola/sala-argentia/2021-2022/il-silenzio-grande,Teatro e spettacolo,"Sala Argentia, 30, Via Giacomo Matteotti, Gorgonzola, Milano, Lombardia, 20064, Italia",45.5327792,9.4032916
Mostre,29-04-22,2022-03-24,"Via Alessandro Tadino, 26, Milano, MI",Fondazione Mudima,Mostra Nicola Pucci - La figura e il paradosso,https://www.milanotoday.it/eventi/mostra-nicola-pucci-la-figura-e-il-paradosso.html,Arte e cultura,"Fondazione Mudima, 26, Via Alessandro Tadino, Buenos Aires - Venezia, Municipio 3, Milano, Lombardia, 20124, Italia",45.4794009,9.2081083
,21-05-22,2022-03-24,"Corso Plebisciti, 12, Milano, MI",Osart Gallery,"4 Rings, 2 Centers, la mostra sull'opera di Robert Morris",https://www.milanotoday.it/eventi/robert-morris-4-rings-2-centers.html,Non classificato,"Corso Plebisciti, Buenos Aires - Venezia, Municipio 3, Milano, Lombardia, 20129, Italia",45.4681056,9.2179035
Spettacoli,24-03-22,2022-03-24,"Via Mosé Bianchi,94,20149, Milano, MI,Italia",Pime,La vie en rose...Bolèro,https://www.teatro.it/spettacoli/milano/pime/2021-2022/la-vie-en-rosebolero,Teatro e spettacolo,"94, Via Mosè Bianchi, De Angeli - Monte Rosa, Municipio 7, Milano, Lombardia, 20149, Italia",45.4755322,9.1453668
,27-03-22,2022-03-25,"Piazza Vittoria, 7, Milano, MI",Palazzo Trivulzio,"""Promenade - la musica dipinta"", un weekend tra arte e musica",https://www.milanotoday.it/eventi/promenade-la-musica-dipinta-2022.html,Non classificato,"7, Piazza Vittoria, Melegnano, Milano, Lombardia, 20077, Italia",45.3568432,9.3246072
Mostra,25-03-22,2022-03-25,"Via Tortona, 54, Milano, MI",MuTeF - Museo del Teatro di Figura,Le figure di Dante - Evento conclusivo,,Arte e cultura,"Museo del Teatro di Figura, 54, Via Tortona, Tortona, Municipio 6, Milano, Lombardia, 20144, Italia",45.4521943,9.1625287
Religione,25-03-22,2022-03-25,"Piazza del Duomo, Milano, MI",Duomo,"Dantedì, in Duomo si legge la Divina Commedia",https://www.milanotoday.it/eventi/divina-commedia-duomo-2022.html,Altri eventi,"Piazza del Duomo, Duomo, Municipio 1, Milano, Lombardia, Italia",45.4639102,9.1906398
Teatri,27-03-22,2022-03-25,"Via Giacomo Watt, 32, Milano, MI",Factory 32,"Lo spettacolo a teatro che racconta le ""linee del fuoco"" dell’esistenza",https://www.milanotoday.it/eventi/spettacolo-petrolio-via-watt.html,Teatro e spettacolo,"32, Via Giacomo Watt, San Cristoforo, Municipio 6, Milano, Lombardia, 20143, Italia",45.4436684,9.1508319
Spettacoli,25-03-22,2022-03-25,"Piazza S. Magno,20025, Legnano, MI,Italia",Galleria,Ghost - Il Musical,https://www.teatro.it/spettacoli/legnano/galleria/2021-2022/ghost-il-musical,Teatro e spettacolo,"Piazza San Magno, San Magno, Oltresempione, Legnano, Milano, Lombardia, 20025, Italia",45.5945288,8.9180098
Incontri,25-03-22,2022-03-25,"Piazza del Duomo, Milano, MI",Duomo,La lettura di Dante con le musiche di Ennio Morricone,https://www.milanotoday.it/eventi/lettura-dante-duomo.html,Formazione e networking,"Piazza del Duomo, Duomo, Municipio 1, Milano, Lombardia, Italia",45.4639102,9.1906398
Spettacoli,25-03-22,2022-03-25,"p.zza IV Novembre 3,20025, Legnano, MI,Italia",Talisio Tirinnanzi,Il berretto a sonagli,https://www.teatro.it/spettacoli/legnano/talisio-tirinnanzi/2021-2022/il-berretto-a-sonagli,Teatro e spettacolo,"Scuola Secondaria di Primo Grado Giovanni Ungaretti, 3, Piazza Quattro Novembre, San Giorgio su Legnano, Milano, Lombardia, 20034, Italia",45.5765251,8.9157963
Concerti,25-03-22,2022-03-25,"Via Pietro Borsieri, Milano, MI",Blue Note,La festa con le musiche disco degli anni 70 arriva a Milano,https://www.milanotoday.it/eventi/festa-disco-blue-note.html,Musica e vita notturna,"Via Pietro Borsieri, Isola, Municipio 9, Milano, Lombardia, 20159, Italia",45.4884884,9.1889432
evento integrato (on-line e on site),25-03-22,2022-03-25,"via Ampère, 2, Milano, MI",Politecnico di Milano - Aula Rogers,Dantedì: Le città di Dante. Trasformazioni urbane e territoriali tra XIII e XIV secolo,,Eventi digitali,"Biblioteca Campus Leonardo, 2, Via Andre' Marie Ampere, Città Studi, Municipio 3, Milano, Lombardia, 20131, Italia",45.4795274,9.2268098
Manifestazioni,01-05-22,2022-03-25,"Via Giuseppe Eugenio Luraghi, 11, Milano, MI",,"Riapre il campo di tulipani ad Arese, con migliaia di fiori da raccogliere",https://www.milanotoday.it/eventi/campo-tulipani-2022.html,Altri eventi,"Via Maestra, 11, Viale Giuseppe Eugenio Luraghi, Valera, Arese, Milano, Lombardia, 20044, Italia",45.5638918,9.0510987
,27-03-22,2022-03-26,"Via Fabio Massimo, 19, Milano, MI",Centro Internazionale di Quartiere,Not moving e the brightest room in concerto a Milano,https://www.milanotoday.it/eventi/concerto-not-moving-e-the-brightest-room.html,Non classificato,"19, Via Fabio Massimo, Lodi - Corvetto, Municipio 4, Milano, Lombardia, 20139, Italia",45.4349742,9.2277681
Mostre,26-03-22,2022-03-26,"Via Giovanni Bellezza, 16a, Milano, MI",Arci Bellezza,Sabato 26/3 - Milano cantautori all'Arci bellezza (palestra visconti),https://www.milanotoday.it/eventi/sabato-26-3-milano-cantautori-2021.html,Arte e cultura,"16a, Via Giovanni Bellezza, Vigentina, Municipio 5, Milano, Lombardia, 20136, Italia",45.4486728,9.1948474
Spettacoli,26-03-22,2022-03-26,"Piazza S. Magno,20025, Legnano, MI,Italia",Galleria,The Legend of Morricone,https://www.teatro.it/spettacoli/legnano/galleria/2021-2022/the-legend-of-morricone,Teatro e spettacolo,"Piazza San Magno, San Magno, Oltresempione, Legnano, Milano, Lombardia, 20025, Italia",45.5945288,8.9180098
Incontri,26-03-22,2022-03-26,"Via Fabio Massimo, 19, Milano, MI",C.I.Q.,La primavera al quartiere corvetto comincia con i colori della poesia del c.i.q.,https://www.milanotoday.it/eventi/primavera-al-quartiere-corvetto-2022.html,Formazione e networking,"19, Via Fabio Massimo, Lodi - Corvetto, Municipio 4, Milano, Lombardia, 20139, Italia",45.4349742,9.2277681
Incontri,23-04-22,2022-03-26,"Foro Buonaparte, 67, Milano, MI",Fondazione Luciana Matalon,Incontri a Lula,https://www.milanotoday.it/eventi/incontri-a-lula-nello-taietti-2022.html,Formazione e networking,"Fondazione Matalon, 67, Foro Buonaparte, Cerchia dei Navigli, Municipio 1, Milano, Lombardia, 20121, Italia",45.4678515,9.1808028
Teatri,05-05-22,2022-03-26,"Via Rovello, Milano, MI",Piccolo Teatro Grassi,Il desiderio erotico nell'opera di Sergio Blanco a teatro,https://www.milanotoday.it/eventi/spettacolo-zoo-piccolo-teatro.html,Teatro e spettacolo,"Via Rovello, Brera, Municipio 1, Milano, Lombardia, 20121, Italia",45.4675551,9.1841854
Incontri,27-03-22,2022-03-26,"Via San Vittore, 21, Milano, MI",Museo Nazionale della Scienza e della Tecnologia,Il weekend al museo per bambini con un artista speciale,https://www.milanotoday.it/eventi/weekend-museo-scienza-bambini.html,Formazione e networking,"21, Via San Vittore, Magenta - San Vittore, Municipio 1, Milano, Lombardia, 20123, Italia",45.4628946,9.1706462
Disco&Feste,26-03-22,2022-03-26,"Corso di Porta Ticinese, 32, Milano, MI",Superlove,La festa disco nel club sotterraneo,https://www.milanotoday.it/eventi/festa-le-cannibale-ticinese.html,Musica e vita notturna,"Corso di Porta Ticinese, Cerchia dei Navigli, Municipio 1, Milano, Lombardia, 20123, Italia",45.4597208,9.1812604
Incontri,26-03-22,2022-03-26,"Largo Antonio Balestra, 1, Milano, MI",Parco Agos Green & Smart,La giornata al parco con tante attività gratis per i bambini,https://www.milanotoday.it/eventi/bambini-parco-agos.html,Formazione e networking,"Largo Antonio Balestra, Lorenteggio, Municipio 6, Milano, Lombardia, 20146, Italia",45.4480669,9.1418388
Spettacoli,27-03-22,2022-03-27,"Via G. di Vittorio 6,20090, Assago, MI,Italia",Repower,Sette Spose per Sette Fratelli,https://www.teatro.it/spettacoli/assago/repower/2021-2022/sette-spose-per-sette-fratelli,Teatro e spettacolo,"20090, Italy",45.407,9.1083
Spettacoli,27-03-22,2022-03-27,"Corso Buenos Aires 33,20124, Milano, MI,Italia",Elfo Puccini - Sala Bausch,La fabbrica degli stronzi,https://www.teatro.it/spettacoli/milano/elfo-puccini-sala-bausch/2021-2022/la-fabbrica-degli-stronzi,Teatro e spettacolo,"Teatro Elfo Puccini, 33, Corso Buenos Aires, Buenos Aires - Venezia, Municipio 3, Milano, Lombardia, 20124, Italia",45.4794317,9.2098387
Spettacoli,27-03-22,2022-03-27,"via Pier Lombardo,14,20135, Milano, MI,Italia",Franco Parenti - Sala Grande,Zio Vanja,https://www.teatro.it/spettacoli/milano/franco-parenti-sala-grande/2021-2022/zio-vanja,Teatro e spettacolo,"Via Pier Lombardo, Porta Romana, Municipio 4, Milano, Lombardia, 20135, Italia",45.4542958,9.2063109
Spettacoli,27-03-22,2022-03-27,"Via Hermada,8,20162, Milano, MI,Italia",della Cooperativa,Muri. Prima e dopo Basaglia,https://www.teatro.it/spettacoli/milano/della-cooperativa/2021-2022/muri-prima-e-dopo-basaglia,Teatro e spettacolo,"8, Via privata Hermada, Niguarda - Cà Granda, Municipio 9, Milano, Lombardia, 20162, Italia",45.5147872,9.1901457
,27-03-22,2022-03-27,"Corso Magenta, 13, Milano, MI",La Vigna di Leonardo da Vinci,Domenica 27 marzo – visita alla vigna di Leonardo e alla chiesa di san maurizio con aperitivo finale a Milano,https://www.milanotoday.it/eventi/visita-vigna-leonardo.html,Non classificato,"13, Corso Magenta, Cerchia dei Navigli, Municipio 1, Milano, Lombardia, 20123, Italia",45.4656386,9.1794738
Spettacoli,27-03-22,2022-03-27,"Largo Antonio Greppi,20121, Milano, MI,Italia",Piccolo Teatro - Teatro Strehler,Chi ha paura di Virginia Woolf?,https://www.teatro.it/spettacoli/milano/piccolo-teatro-teatro-strehler/2021-2022/chi-ha-paura-di-virginia-woolf,Teatro e spettacolo,"Largo Antonio Greppi, Cerchia dei Navigli, Municipio 1, Milano, Lombardia, 20121, Italia",45.471727,9.1826196
Spettacoli,27-03-22,2022-03-27,"Via Giordano Rota 1,20145, Milano, MI,Italia",Nazionale Italiana Assicurazioni,Aggiungi un posto a tavola,https://www.teatro.it/spettacoli/milano/nazionale-chebanca/2021-2022/aggiungi-un-posto-a-tavola,Teatro e spettacolo,"20145, Italy",45.4643,9.1895
Spettacoli,27-03-22,2022-03-27,"via Procaccini,4,20100, Milano, MI,Italia",La Fabbrica del Vapore,L'Errore 41,https://www.teatro.it/spettacoli/milano/la-fabbrica-del-vapore/2021-2022/l-errore-41,Teatro e spettacolo,"4, Via Giulio Cesare Procaccini, Bullona, Porta Volta, Municipio 8 di Milano, Milano, Lombardia, 20154, Italia",45.4839945,9.1753796
Spettacoli,27-03-22,2022-03-27,"Corso di Porta Romana 63,20122, Milano, MI,Italia",Carcano,La peste. Il tentativo di essere uomini,https://www.teatro.it/spettacoli/milano/carcano/2021-2022/la-peste-di-camus-il-tentativo-di-essere-uomini,Teatro e spettacolo,"Teatro Carcano, 63, Corso di Porta Romana, Crocetta, Municipio 1, Milano, Lombardia, 20121, Italia",45.4566842,9.1955297
Mostre,03-04-22,2022-03-28,"Via Bergognone, 34, Milano, MI",Base,L'installazione sonora Marginal Carillon gratis al Base Milano,https://www.milanotoday.it/eventi/marginal-carillon.html,Arte e cultura,"Wikimedia Italia, 34, Via Bergognone Da Fossano, Tortona, Municipio 6, Milano, Lombardia, 20144, Italia",45.4518657,9.1625146
Incontri,11-05-22,2022-03-29,"Viale Giorgio Byron, 2, Milano, MI",Arena Civica Gianni Brera,"""Il ragazzo e la ragazza più veloci di Milano"" e ""leva mezzofondo""",https://www.milanotoday.it/eventi/il-ragazzo-e-la-ragazza-2022.html,Formazione e networking,"2, Viale Giorgio Byron, Parco Sempione, Municipio 1, Milano, Lombardia, 20154, Italia",45.4753371,9.1783413
Spettacoli,29-03-22,2022-03-29,"Via Larga 14,20122, Milano, MI,Italia",Lirico Giorgio Gaber,Roby Facchinetti - Simphony,https://www.teatro.it/spettacoli/milano/lirico-giorgio-gaber/2021-2022/roby-facchinetti-simphony,Teatro e spettacolo,"Teatro Lirico Giorgio Gaber, 14, Via Larga, Cerchia dei Navigli, Municipio 1, Milano, Lombardia, 20122, Italia",45.4615135,9.1918702
Spettacoli,29-03-22,2022-03-29,"p.zza IV Novembre 3,20025, Legnano, MI,Italia",Talisio Tirinnanzi,Sogno di una notte di mezza estate,https://www.teatro.it/spettacoli/legnano/talisio-tirinnanzi/2021-2022/sogno-di-una-notte-di-mezza-estate,Teatro e spettacolo,"Scuola Secondaria di Primo Grado Giovanni Ungaretti, 3, Piazza Quattro Novembre, San Giorgio su Legnano, Milano, Lombardia, 20034, Italia",45.5765251,8.9157963
Mostre,29-03-22,2022-03-29,"Via Santa Maria Valle, 2, Milano, MI",MA-EC Gallery,Mondolfiera. Mostra personale di Afran,https://www.milanotoday.it/eventi/mondolfiera-mostra-personale-di-afran-2022.html,Arte e cultura,"Fondazione Alessandro Durini, 2, Via Santa Maria Valle, Cerchia dei Navigli, Municipio 1, Milano, Lombardia, 20123, Italia",45.4600544,9.1838916
Mostre,02-04-22,2022-03-29,"Via Vincenzo Forcella, 7, Milano, MI",ESH Gallery,Japanese Sculptures. Contemporary urushi,https://www.milanotoday.it/eventi/japanese-sculptures-contemporary-urushi.html,Arte e cultura,"Via Vincenzo Forcella, Tortona, Municipio 6, Milano, Lombardia, 20144, Italia",45.452594,9.1673964
Mostre,12-06-22,2022-03-29,"Via Palestro, 14, Milano, MI",PAC - Padiglione d’arte contemporanea,Al Pac una mostra che racconta l'inclinazione istintiva umana verso il male,https://www.milanotoday.it/eventi/mostra-pac-sulla-paura-e-il-male.html,Arte e cultura,"14, Via Palestro, Guastalla, Municipio 1, Milano, Lombardia, 20121, Italia",45.4729115,9.1995282
Spettacoli,30-03-22,2022-03-30,"v. Cavallari 4,20013, Magenta, MI,Italia",Lirico,Se non posso ballare... non è la mia Rivoluzione,https://www.teatro.it/spettacoli/magenta/lirico/2021-2022/lella-costa-se-non-posso-ballarenon-e-la-mia-rivoluzione,Teatro e spettacolo,"Via Brenno Cavallari, Magenta, Milano, Lombardia, 20013, Italia",45.4684657,8.8853001
Spettacoli,30-03-22,2022-03-30,"Piazza Risorgimento 19,20066, Melzo, MI,Italia",Trivulzio,Chiedimi se sono di turno,https://www.teatro.it/spettacoli/melzo/trivulzio/2021-2022/giacomo-poretti-chiedimi-se-sono-di-turno,Teatro e spettacolo,"Piazza Risorgimento, Melzo, Milano, Lombardia, 20066, Italia",45.5003449,9.4229132
Concerti,30-03-22,2022-03-30,"Via Mosè Bianchi, 94, Milano, MI",Centro Pime,"Ucraina, un concerto per dire no alla guerra",https://www.milanotoday.it/eventi/concerto-gratis-ucraina.html,Musica e vita notturna,"94, Via Mosè Bianchi, De Angeli - Monte Rosa, Municipio 7, Milano, Lombardia, 20149, Italia",45.4755322,9.1453668
Manifestazioni,02-04-22,2022-03-30,"Via Gesù, 5, Milano, MI",Museo Bagatti Valsecchi,Una settimana dedicata agli scacchi al Museo Bagatti Valsecchi,https://www.milanotoday.it/eventi/settimana-scacchi-museo-bagatti-valsecchi.html,Altri eventi,"Museo Bagatti Valsecchi, 5, Via Gesù, Duomo, Municipio 1, Milano, Lombardia, 20121, Italia",45.4694809,9.1949792
Concerti,31-03-22,2022-03-31,"Via Giovanni Bellezza, 16a, Milano, MI",ARCI Bellezza,Davide Shorty in concerto a Milano per il bma showcase festival,https://www.milanotoday.it/eventi/davide-shorty-in-concerto-a-milano-2022.html,Musica e vita notturna,"16a, Via Giovanni Bellezza, Vigentina, Municipio 5, Milano, Lombardia, 20136, Italia",45.4486728,9.1948474
Mostre,31-07-22,2022-03-31,"Via Chiese, Milano, MI",HangarBicocca,A Milano la mostra (gratis) su Steve McQueen,https://www.milanotoday.it/eventi/mostra-steve-mcqueen-hangar-bicocca.html,Arte e cultura,"Via Chiese, Bicocca, Municipio 9, Milano, Lombardia, 20126, Italia",45.5202324,9.2177739
Disco&Feste,01-04-22,2022-03-31,"Corso di Porta Ticinese, 32, Milano, MI",Superlove,Francisco al Superlove club di Milano,https://www.milanotoday.it/eventi/francisco-superlove-club.html,Musica e vita notturna,"Corso di Porta Ticinese, Cerchia dei Navigli, Municipio 1, Milano, Lombardia, 20123, Italia",45.4597208,9.1812604
Mostre,01-04-22,2022-04-01,"Viale Affori, 21, Milano, MI",Villa Litta,Da Sarajevo a Kiev: “La guerra è tornata”,https://www.milanotoday.it/eventi/da-sarajevo-a-kiev-2022.html,Arte e cultura,"Biblioteca Comunale Affori, 21, Viale Affori, Affori, Municipio 9, Milano, Lombardia, 20161, Italia",45.5166084,9.1673769
,04-04-22,2022-04-01,"Piazza San Materno, 5, Milano, MI",Chiostro di Santa Maria Bianca della Misericordia,Mercatino al Chiostro di Primavera,https://www.milanotoday.it/eventi/mercatino-chiostro-2022.html,Non classificato,"5, Piazza San Materno, Loreto, Municipio 3, Milano, Lombardia, 20131, Italia",45.4889323,9.2266742
Mostre,15-04-22,2022-04-01,"Via Privata Cascia, 6, Milano, MI",Jardino,On the fault line - Mostra personale di Lucrezia Costa,https://www.milanotoday.it/eventi/on-the-fault-line-mostra-personale-di-lucrezia-costa-2022.html,Arte e cultura,"6, Via Privata Cascia, Adriano, Municipio 2, Milano, Lombardia, 20128, Italia",45.5119899,9.2439487
Disco&Feste,01-04-22,2022-04-01,"Via Bovisasca, 59, Milano, MI",Spirit de milan,La serata disco con le musiche degli anni '70,https://www.milanotoday.it/eventi/serata-spirit-de-milan-anni-70.html,Musica e vita notturna,"Spirit de Milan, 59, Via Bovisasca, Bovisa, Municipio 9, Milano, Lombardia, 20157, Italia",45.5067143,9.1584748
,01-04-22,2022-04-01,"Via Pietrasanta, 16, Milano, MI",Magazzini Generali,Una serata speciale ai Magazzini Generali con il dj Sven Väth,https://www.milanotoday.it/eventi/serata-magazzini-generali-sven-vath.html,Non classificato,"16, Via Pietrasanta, Ex Om - Morivione, Municipio 5, Milano, Lombardia, 20141, Italia",45.4440954,9.1951652
Mostre,23-04-22,2022-04-01,"Via Gaudenzio Ferrari, 3, Milano, MI",Almach Art gallery,Layers,https://www.milanotoday.it/eventi/layers-linda-pellegrini-2022.html,Arte e cultura,"Latterie 1952, 3, Via Gaudenzio Ferrari, Ticinese, Municipio 1, Milano, Lombardia, 20123, Italia",45.455937,9.1753978
Spettacoli,01-04-22,2022-04-01,"Via G. di Vittorio 6,20090, Assago, MI,Italia",Repower,Queen at the Opera,https://www.teatro.it/spettacoli/assago/repower/2021-2022/queen-at-the-opera-the-show,Teatro e spettacolo,"20090, Italy",45.407,9.1083
Mostre,03-04-22,2022-04-01,"Viale Fulvio Testi, 121, Milano, MI",Cineteca Milano MIC,La mostra a Milano in compagnia di King Kong,https://www.milanotoday.it/eventi/mostra-cineteca-mic-king-kong.html,Arte e cultura,"Museo Interattivo del Cinema, 121, Viale Fulvio Testi, Niguarda - Cà Granda, Municipio 9, Milano, Lombardia, 20126, Italia",45.5135671,9.2040168
Mostre,02-04-22,2022-04-01,"Via San Vittore, Milano, MI",Museo Nazionale della Scienza e della Tecnologia,"Laboratori, artisti e realtà aumentata al Museo della Scienza",https://www.milanotoday.it/eventi/laboratori-e-realta-aumentata-museo-scienza.html,Arte e cultura,"Via San Vittore, Magenta - San Vittore, Municipio 1, Milano, Lombardia, 20144, Italia",45.4640293,9.1681174
Mostre,26-06-22,2022-04-02,"Viale dell'Innovazione, Milano, MI",Teatro degli Arcimboldi,L'incredibile vita di David Bowie in mostra agli Arcimboldi,https://www.milanotoday.it/eventi/mostra-david-bowie-in-mostra-teatro-arcimboldi.html,Arte e cultura,"Viale dell'Innovazione, Bicocca, Municipio 9, Milano, Lombardia, 20126, Italia",45.5163468,9.2131669
Spettacoli,02-04-22,2022-04-02,"Piazza S. Magno,20025, Legnano, MI,Italia",Galleria,PINTUS - Non è come sembra,https://www.teatro.it/spettacoli/legnano/galleria/2021-2022/angelo-pintus-non-e-come-sembra,Teatro e spettacolo,"Piazza San Magno, San Magno, Oltresempione, Legnano, Milano, Lombardia, 20025, Italia",45.5945288,8.9180098
,02-04-22,2022-04-02,"Via Gaudenzio Fantoli, 9, Milano, MI",FABRIQUE,Mace il 2 aprile 2022 in concerto al fabrique di Milano,https://www.milanotoday.it/eventi/mace-fabrique-2022.html,Non classificato,"Fabrique, 9, Via Gaudenzio Fantoli, Mecenate, Municipio 4, Milano, Lombardia, 20138, Italia",45.4521243,9.2522773
Incontri,14-04-22,2022-04-02,"Via Giuseppe Dall'Occo, 1, Milano, MI",Galleria Click Art,Un filo di speranza nello slancio della fantasia,https://www.milanotoday.it/eventi/un-filo-di-speranza-nello-slancio-2022.html,Formazione e networking,"Via Giuseppe Dall'Occo, Cormano, Zona Omogenea Milano Nord, Milano, Lombardia, 20032, Italia",45.5444599,9.1691639
,02-04-22,2022-04-02,"Via Darwin, Milano, MI",Depuratore Cap,La visita guidata al del depuratore di Trezzano,https://www.milanotoday.it/eventi/visita-depuratore-trezzano.html,Non classificato,"Via Charles Darwin, Zona industriale Viale Europa 30, Zona Industriale Cusago, Cusago di Sotto, Cusago, Milano, Lombardia, 20047, Italia",45.4408572,9.0403403
Spettacoli,02-04-22,2022-04-02,"Via G. di Vittorio 6,20090, Assago, MI,Italia",Unipol Forum,Negramaro - Contatto Tour 2021,https://www.teatro.it/spettacoli/assago/mediolanum-forum/2021-2022/negramaro-contatto-tour-2021,Teatro e spettacolo,"20090, Italy",45.407,9.1083
Spettacoli,03-04-22,2022-04-03,"via Pitteri 58,20134, Milano, MI,Italia",Martinitt,Una zitella da sposare,https://www.teatro.it/spettacoli/milano/martinitt/2021-2022/una-zitella-da-sposare,Teatro e spettacolo,"Via Riccardo Pitteri, Lambrate, Municipio 3, Milano, Lombardia, 20134, Italia",45.4798362,9.2457864
Spettacoli,03-04-22,2022-04-03,"Largo Antonio Greppi,20121, Milano, MI,Italia",Piccolo Teatro - Teatro Strehler,Il purgatorio. La notte lava la mente,https://www.teatro.it/spettacoli/milano/piccolo-teatro-teatro-strehler/2021-2022/il-purgatorio-la-notte-lava-la-mente,Teatro e spettacolo,"Largo Antonio Greppi, Cerchia dei Navigli, Municipio 1, Milano, Lombardia, 20121, Italia",45.471727,9.1826196
Spettacoli,03-04-22,2022-04-03,"Corso di Porta Romana 63,20122, Milano, MI,Italia",Carcano,L'amore segreto di Ofelia,https://www.teatro.it/spettacoli/milano/carcano/2021-2022/lamore-segreto-di-ofelia,Teatro e spettacolo,"Teatro Carcano, 63, Corso di Porta Romana, Crocetta, Municipio 1, Milano, Lombardia, 20121, Italia",45.4566842,9.1955297
Spettacoli,03-04-22,2022-04-03,"Corso Venezia 2/A,20121, Milano, MI,Italia",San Babila,39 scalini,https://www.teatro.it/spettacoli/milano/san-babila/2021-2022/39-scalini,Teatro e spettacolo,"2a, Corso Venezia, Duomo, Municipio 1, Milano, Lombardia, 20121, Italia",45.4670204,9.1981104
Spettacoli,03-04-22,2022-04-03,"via Fezzan,11,20146, Milano, MI,Italia",Ecoteatro,Cocktail per tre (Caprichos),https://www.teatro.it/spettacoli/milano/ecoteatro/2021-2022/cocktail-per-tre-caprichos,Teatro e spettacolo,"EcoTeatro, 11, Via Fezzan, Bande Nere, Municipio 6, Milano, Lombardia, 20146, Italia",45.4592109,9.1459527
Spettacoli,03-04-22,2022-04-03,"via Filodrammatici,1,20121, Milano, MI,Italia",Filodrammatici,Bed Boy Jack,https://www.teatro.it/spettacoli/milano/filodrammatici/2021-2022/bed-boy-jack,Teatro e spettacolo,"Teatro dei Filodrammatici, 1, Via Filodrammatici, Brera, Municipio 1, Milano, Lombardia, 20121, Italia",45.467261,9.188435
Spettacoli,03-04-22,2022-04-03,"via Pier Lombardo,14,20135, Milano, MI,Italia",Franco Parenti - Sala Grande,When the Rain Stops Falling,https://www.teatro.it/spettacoli/milano/franco-parenti-sala-grande/2021-2022/when-the-rain-stops-falling,Teatro e spettacolo,"Via Pier Lombardo, Porta Romana, Municipio 4, Milano, Lombardia, 20135, Italia",45.4542958,9.2063109
,03-04-22,2022-04-03,"Via Medici, 4, Milano, MI",Ostello Bello,"Mattia Pellicoro presenta dal vivo il nuovo disco ""ko lanta""",https://www.milanotoday.it/eventi/mattia-pellicoro-presenta-dal-vivo-il-nuovo-disco-ko-lanta.html,Non classificato,"Ostello Bello, 4, Via Medici, Cerchia dei Navigli, Municipio 1, Milano, Lombardia, 20123, Italia",45.4608716,9.1810916
Teatri,03-04-22,2022-04-03,"Viale Monza, 140, Milano, MI",Zelig Off,La Terapia di Gruppo allo Zelig Off,https://www.milanotoday.it/eventi/terapia-di-gruppo-allo-zelig-off.html,Teatro e spettacolo,"140, Viale Monza, Municipio 2, Milano, Lombardia, 20127, Italia",45.5040458,9.2223168
Mercatini,03-04-22,2022-04-03,"Via Santa Croce, 15, Milano, MI",Associazione IBVA,"Torna il mercato di Solidando: vignaioli, street food, talk e workshop",https://www.milanotoday.it/eventi/mercatino-solidando-2022.html,Mercati e shopping,"Via Santa Croce, Ticinese, Municipio 1, Milano, Lombardia, 20136, Italia",45.4540253,9.1823474
Incontri,11-12-22,2022-04-03,"Via Fametta, 1, Milano, MI",Villa Arconati-FAR,Villa Arconati Far riapre le porte al pubblico,https://www.milanotoday.it/eventi/riapertura-villa-arconati-far.html,Formazione e networking,"1, Via Fametta, Via Trento, Castellazzo, Bollate, Milano, Lombardia, 20021, Italia",45.556757,9.0958021
,04-04-22,2022-04-03,"Via Giosuè Borsi, 9, Milano, MI",Apollo Club,Spaghetti Unplugged all'Apollo Club con Maurizio Carucci + secret guest 3 aprile,https://www.milanotoday.it/eventi/spaghetti-unplugged-apollo-club.html,Non classificato,"9, Via Giosuè Borsi, Navigli, Municipio 6, Milano, Lombardia, 20143, Italia",45.4474144,9.1736183
Mercatini,03-04-22,2022-04-03,"Via Bovisasca, 59, Milano, MI",Spirit de milan,Il mercatino di Milano con pezzi unici di design,https://www.milanotoday.it/eventi/mercatino-vintage-spirit-milan.html,Mercati e shopping,"Spirit de Milan, 59, Via Bovisasca, Bovisa, Municipio 9, Milano, Lombardia, 20157, Italia",45.5067143,9.1584748
Auto e moto,10-04-22,2022-04-04,"Via Milanese, 10, Milano, MI",Centrosarca,Mobilità elettrica: arriva il Kia Sportage Tour,https://www.milanotoday.it/eventi/Kia-sportage-tour-4-aprile.html,Altri eventi,"Ouya Club, 10, Via Milanese, Torretta, Sesto San Giovanni, Zona Omogenea Milano Nord, Milano, Lombardia, 20099, Italia",45.5295007,9.2184606
,04-04-22,2022-04-04,"Via Larga, Milano, MI",Teatro Lirico,Concerto di Arisa per l'Ucraina al Teatro Lirico di Milano,https://www.milanotoday.it/eventi/concerto-arisa-ucraina-4-aprile-2022.html,Non classificato,"Via Larga, Duomo, Municipio 1, Milano, Lombardia, 20122, Italia",45.4627223,9.1942162
Incontri,09-04-22,2022-04-04,"Via Castelfidardo, 7, Milano, MI",Daniel Canzian Ristorante,Golosaria: la quarta settimana del gusto incontra a Milano la cucina di Daniel Canzian,https://www.milanotoday.it/eventi/golosaria-la-quarta-settimana-2022.html,Formazione e networking,"7, Via Castelfidardo, Brera, Municipio 1, Milano, Lombardia, 20121, Italia",45.478714,9.1894575
Teatri,04-04-22,2022-04-04,"Via Pier Lombardo, 14, Milano, MI",Teatro Franco Parenti,Al teatro Parenti uno spettacolo gratis per ricordare Alda Merini e Milva,https://www.milanotoday.it/eventi/al-teatro-parenti-uno-spettacolo-gratis-per-ricordare-alda-merini-e-milva.html,Teatro e spettacolo,"Via Pier Lombardo, Porta Romana, Municipio 4, Milano, Lombardia, 20135, Italia",45.4542958,9.2063109
Spettacoli,04-04-22,2022-04-04,"Via Giordano Rota 1,20145, Milano, MI,Italia",Nazionale Italiana Assicurazioni,Dizionario Balasso,https://www.teatro.it/spettacoli/milano/nazionale-chebanca/2021-2022/dizionario-balasso-colpi-di-tag,Teatro e spettacolo,"20145, Italy",45.4643,9.1895
Spettacoli,04-04-22,2022-04-04,"Via Varese,29,20024, Garbagnate Milanese, MI,Italia",Italia,Oblivion Rhapsody,https://www.teatro.it/spettacoli/garbagnate-milanese/italia/2021-2022/oblivion-rhapsody,Teatro e spettacolo,"Via Varese, Quadrifoglio, Santa Maria Rossa, Garbagnate Milanese, Milano, Lombardia, 20024, Italia",45.5758278,9.0778952
Teatri,14-04-22,2022-04-05,"Largo Greppi, 1, Milano, MI",Piccolo Teatro Strehler,Glauco Mari è il drammatico Re Lear al Piccolo Teatro,https://www.milanotoday.it/eventi/spettacolo-re-lear-piccolo-teatro.html,Teatro e spettacolo,"Largo Antonio Greppi, Cerchia dei Navigli, Municipio 1, Milano, Lombardia, 20121, Italia",45.471727,9.1826196
Spettacoli,05-04-22,2022-04-05,"Viale dell'Innovazione 20,20126, Milano, MI,Italia",Arcimboldi,Notre Dame de Paris,https://www.teatro.it/spettacoli/milano/degli-arcimboldi/2021-2022/notre-dame-de-paris,Teatro e spettacolo,"20, Viale dell'Innovazione, Bicocca, Municipio 9, Milano, Lombardia, 20125, Italia",45.5148696,9.2135963
,05-04-22,2022-04-05,"Piazza di Santa Maria delle Grazie, Milano, MI",Basilica di Santa Maria delle Grazie,Il requiem di Mozart alle grazie,https://www.milanotoday.it/eventi/requiem-mozart-grazie.html,Non classificato,"Piazza Santa Maria delle Grazie, Magenta - San Vittore, Municipio 1, Milano, Lombardia, 20123, Italia",45.4662916,9.1704104
Teatri,14-04-22,2022-04-05,"Corso di Porta Romana, 63, Milano, MI",Teatro Carcano,Lella Costa a teatro racconta il coraggio delle donne,https://www.milanotoday.it/eventi/spettacolo-lella-costa-carcano.html,Teatro e spettacolo,"Teatro Carcano, 63, Corso di Porta Romana, Crocetta, Municipio 1, Milano, Lombardia, 20121, Italia",45.4566842,9.1955297
Incontri,06-04-22,2022-04-06,"Via Pietro Andrea Saccardo, 12, Milano, MI",Scalo Lambrate,“L contaminazione dei linguaggi nella fotografia italiana contemporanea”: talk con Emanuele Amighetti,https://www.milanotoday.it/eventi/la-contaminazione-dei-linguaggi.html,Formazione e networking,"Via Pietro Andrea Saccardo, Lambrate, Municipio 3, Milano, Lombardia, 20134, Italia",45.4815089,9.2437107
Cibo e Vino,06-04-22,2022-04-06,"Corso Ventidue Marzo, Milano, MI",Kebabbar,"A Milano nasce il ""kebab alla carbonara""",https://www.milanotoday.it/eventi/kebab-carbonara.html,Enogastronomia,"Corso Ventidue Marzo, XXII Marzo, Municipio 4, Milano, Lombardia, 20129, Italia",45.4622727,9.2127877
Mostre,06-04-22,2022-04-06,"Piazza della Scala, 2, Milano, MI",Palazzo Marino (Sala Alessi e Sala degli Arazzi),Arte sostenibile. Mostra dell'artista Arvedo Arvedi a palazzo marino a Milano,https://www.milanotoday.it/eventi/arte-sostenibile-2022.html,Arte e cultura,"Municipio di Milano, 2, Piazza della Scala, Duomo, Brera, Milano, Lombardia, 20121, Italia",45.4666601,9.1904174
Concerti,06-04-22,2022-04-06,"Via Giosuè Borsi, Milano, MI",Apollo Club,"Spaghetti Unplugged, un concerto speciale con Tananai",https://www.milanotoday.it/eventi/concerto-tananai-apollo-club.html,Musica e vita notturna,"Via Giosuè Borsi, Navigli, Municipio 6, Milano, Lombardia, 20136, Italia",45.4474661,9.1740326
Teatri,10-04-22,2022-04-06,"Via Giorgio Vasari, Milano, MI",Teatro Franco Parenti,"""Pandora"", lo spettacolo teatrale che si affida al gesto",https://www.milanotoday.it/eventi/spettacolo-pandora-teatro.html,Teatro e spettacolo,"Via Giorgio Vasari, Porta Romana, Municipio 4, Milano, Lombardia, 20135, Italia",45.4542475,9.2073471
Incontri,07-04-22,2022-04-07,"Piazza Leonardo da Vinci, 32, Milano, MI",Politecnico di Milano,Visioni politecniche – Ricostruzione digitale dei monumenti,https://www.milanotoday.it/eventi/visioni-politecniche-2022.html,Formazione e networking,"32, Piazza Leonardo da Vinci, Città Studi, Municipio 3, Milano, Lombardia, 20133, Italia",45.4778083,9.2272468
,07-04-22,2022-04-07,"Via Elia Lombardini, 14, Milano, MI",Galleria Previtali arte contemporanea,Finissage della mostra Milano e i luoghi della fantasia. In dialogo con l'autore,https://www.milanotoday.it/eventi/finissage-della-mostra-milano-2022.html,Non classificato,"14, Via Elia Lombardini, Navigli, Municipio 6, Milano, Lombardia, 20143, Italia",45.4480919,9.1648096
Mostre,07-04-22,2022-04-07,"Via Valenza, Milano, MI",Spazio Ride,"A Milano ""The art of the brick"", la mostra sui Lego con più di 1 milione di mattoncini",https://www.milanotoday.it/eventi/mostra-lego-art-of-brick.html,Arte e cultura,"Via Valenza, Navigli, Municipio 6, Milano, Lombardia, 20144, Italia",45.4514071,9.1691656
Teatri,07-04-22,2022-04-07,"Viale dell'Innovazione, Milano, MI",Teatro degli Arcimboldi,Il gala di danza per aiutare i ballerini e i profughi ucraini,https://www.milanotoday.it/eventi/spettacolo-danza-arcimboldi-profughi-ucraini.html,Teatro e spettacolo,"Viale dell'Innovazione, Bicocca, Municipio 9, Milano, Lombardia, 20126, Italia",45.5163468,9.2131669
Spettacoli,07-04-22,2022-04-07,"v. Matteotti 30,20064, Gorgonzola, MI,Italia",Sala Argentia,Manicomic,https://www.teatro.it/spettacoli/gorgonzola/sala-argentia/2021-2022/manicomic,Teatro e spettacolo,"Sala Argentia, 30, Via Giacomo Matteotti, Gorgonzola, Milano, Lombardia, 20064, Italia",45.5327792,9.4032916
Mostre,31-05-22,2022-04-07,"Piazza della Repubblica, 13, Milano, MI",ME MILAN IL DUCA,Milano ospita icons di Mascoli,https://www.milanotoday.it/eventi/milano-ospita-icons-di-mascoli.html,Arte e cultura,"Hotel Melià Il Duca, 13, Piazza della Repubblica, Centrale, Municipio 2, Milano, Lombardia, 20124, Italia",45.479418,9.1961835
Mostre,07-04-22,2022-04-07,"Via Valenza, Milano, MI",Spazio Ride,"A Milano ""The art of the brick"", la mostra sui Lego con più di 1 milione di mattoncini",https://www.milanotoday.it/eventi/mostra-lego-art-of-brick.html,Arte e cultura,"Via Valenza, Navigli, Municipio 6, Milano, Lombardia, 20144, Italia",45.4514071,9.1691656
Mostre,07-04-22,2022-04-07,"Via Valenza, Milano, MI",Spazio Ride,"A Milano ""The art of the brick"", la mostra sui Lego con più di 1 milione di mattoncini",https://www.milanotoday.it/eventi/mostra-lego-art-of-brick.html,Arte e cultura,"Via Valenza, Navigli, Municipio 6, Milano, Lombardia, 20144, Italia",45.4514071,9.1691656
Mostre,07-04-22,2022-04-07,"Via Valenza, Milano, MI",Spazio Ride,"A Milano ""The art of the brick"", la mostra sui Lego con più di 1 milione di mattoncini",https://www.milanotoday.it/eventi/mostra-lego-art-of-brick.html,Arte e cultura,"Via Valenza, Navigli, Municipio 6, Milano, Lombardia, 20144, Italia",45.4514071,9.1691656
Spettacoli,07-04-22,2022-04-07,"via Pitteri 58,20134, Milano, MI,Italia",Martinitt,Fiabafobia,https://www.teatro.it/spettacoli/milano/martinitt/2021-2022/arianna-porcelli-safonov-fiabafobia,Teatro e spettacolo,"Via Riccardo Pitteri, Lambrate, Municipio 3, Milano, Lombardia, 20134, Italia",45.4798362,9.2457864
Spettacoli,07-04-22,2022-04-07,"p.zza IV Novembre 3,20025, Legnano, MI,Italia",Talisio Tirinnanzi,Bloccati dalla neve,https://www.teatro.it/spettacoli/legnano/talisio-tirinnanzi/2021-2022/bloccati-dalla-neve,Teatro e spettacolo,"Scuola Secondaria di Primo Grado Giovanni Ungaretti, 3, Piazza Quattro Novembre, San Giorgio su Legnano, Milano, Lombardia, 20034, Italia",45.5765251,8.9157963
Spettacoli,08-04-22,2022-04-08,"Via Giordano Rota 1,20145, Milano, MI,Italia",Nazionale Italiana Assicurazioni,Rhapsody,https://www.teatro.it/spettacoli/milano/nazionale-chebanca/2021-2022/queenmania-rhapsody,Teatro e spettacolo,"20145, Italy",45.4643,9.1895
Cibo e Vino,08-04-22,2022-04-08,"Via Rovigno, 14, Milano, MI",Bocciofila Martesana,Una serata speciale dedicata a Lucio Dalla,https://www.milanotoday.it/eventi/concerto-lucio-dalla.html,Enogastronomia,"14, Via Rovigno, Padova, Municipio 2, Milano, Lombardia, 20125, Italia",45.5030298,9.2197702
Mostre,08-04-22,2022-04-08,"Piazza Leonardo da Vinci, 32, Milano, MI",Aula De Donato - Politecnico di Milano,Arte & scienza – Diabolik al Politecnico,https://www.milanotoday.it/eventi/arte-scienza-diabolik-al-politecnico.html,Arte e cultura,"32, Piazza Leonardo da Vinci, Città Studi, Municipio 3, Milano, Lombardia, 20133, Italia",45.4778083,9.2272468
Cibo e Vino,10-04-22,2022-04-08,"Piazza Sempione, Milano, MI",Dazi doganali Sempione,A Milano il temporary bar di Heineken (che arriva dal metaverso),https://www.milanotoday.it/eventi/bar-heineken-sempione.html,Enogastronomia,"Piazza Sempione, Parco Sempione, Municipio 1, Milano, Lombardia, Italia",45.4755976,9.1725451
Teatri,10-04-22,2022-04-08,"Viale dell'Innovazione, 20, Milano, MI",Teatro degli Arcimboldi,Alice in Wonderland per tutelare i ballerini ucraini in Italia,https://www.milanotoday.it/eventi/alice-in-wonderland-arcimboldi.html,Teatro e spettacolo,"20, Viale dell'Innovazione, Bicocca, Municipio 9, Milano, Lombardia, 20125, Italia",45.5148696,9.2135963
Spettacoli,08-04-22,2022-04-08,"Via Larga 14,20122, Milano, MI,Italia",Lirico Giorgio Gaber,Amici fragili,https://www.teatro.it/spettacoli/milano/lirico-giorgio-gaber/2021-2022/federico-buffa-amici-fragili,Teatro e spettacolo,"Teatro Lirico Giorgio Gaber, 14, Via Larga, Cerchia dei Navigli, Municipio 1, Milano, Lombardia, 20122, Italia",45.4615135,9.1918702
Mostre,18-09-22,2022-04-09,"Viale Campania, 12, Milano, MI",Wow Spazio Fumetto,Il Medioevo tra storie e mito a fumetti in una nuova mostra,https://www.milanotoday.it/eventi/mostra-medioevo-museo-fumetto.html,Arte e cultura,"12, Viale Campania, Corsica, Municipio 4, Milano, Lombardia, 20133, Italia",45.4634024,9.2242161
Concerti,10-04-22,2022-04-09,"Via Gaudenzio Fantoli, 9, Milano, MI",FABRIQUE,Il Pagante in concerto a Milano. Orari e biglietti,https://www.milanotoday.it/eventi/concerto-il-pagante-fabrique.html,Musica e vita notturna,"Fabrique, 9, Via Gaudenzio Fantoli, Mecenate, Municipio 4, Milano, Lombardia, 20138, Italia",45.4521243,9.2522773
,09-04-22,2022-04-09,"Via Carlo Giuseppe Merlo, 3, Milano, MI",Apophis Club,Fujiko & Margot live set @ Apophis club 09/04,https://www.milanotoday.it/eventi/fujiko-margot-live-set-2022.html,Non classificato,"Apophis Club, 3, Via Carlo Giuseppe Merlo, Duomo, Municipio 1, Milano, Lombardia, 20122, Italia",45.4625856,9.1960482
Teatri,10-04-22,2022-04-09,"Via Larga, 4, Milano, MI",TEATRO LIRICO GIORGIO GABER,Uno spettacolo imperdibile degli Acrobati Sonics a Milano. Orari e biglietti,https://www.milanotoday.it/eventi/spettacolo_acrobati-sonics-teatro-lirico-gaber.html,Teatro e spettacolo,"Minotti Cucine, 4, Via Larga, Duomo, Municipio 1, Milano, Lombardia, 20122, Italia",45.4627592,9.1940197
Mostra,18-09-22,2022-04-09,"viale Campania 12, Milano, MI",WOW Spazio Fumetto,"Medioevo. Storia, storie e mito a fumetti",,Arte e cultura,"12, Viale Campania, Corsica, Municipio 4, Milano, Lombardia, 20133, Italia",45.4634024,9.2242161
Incontri,09-04-22,2022-04-09,"Via San Giovanni sul Muro, 3, Milano, MI",Teatro Dal Verme,"Comporre musica tra ieri e oggi: Beethoven, Haydn e Melis",https://www.milanotoday.it/eventi/comporre-musica-beethoven.html,Formazione e networking,"Antichità Cesati, 3, Via San Giovanni sul Muro, Cerchia dei Navigli, Municipio 1, Milano, Lombardia, 20121, Italia",45.4671776,9.1817889
Spettacoli,09-04-22,2022-04-09,"Via G. di Vittorio 6,20090, Assago, MI,Italia",Unipol Forum,Felicissimo Show,https://www.teatro.it/spettacoli/assago/mediolanum-forum/2021-2022/pio-e-amedeo-felicissimo-show,Teatro e spettacolo,"20090, Italy",45.407,9.1083
Spettacoli,09-04-22,2022-04-09,"Via Giordano Rota 1,20145, Milano, MI,Italia",Nazionale Italiana Assicurazioni,Enrico Ruggeri: La Rivoluzione - Il Tour,https://www.teatro.it/spettacoli/milano/nazionale-chebanca/2021-2022/enrico-ruggeri-la-rivoluzione-il-tour,Teatro e spettacolo,"20145, Italy",45.4643,9.1895
Mostre,16-04-22,2022-04-09,"Via Trieste, 2, Milano, MI",Museo MAiO,Feel over image - Mostra personale di pat (Thomas Pacher),https://www.milanotoday.it/eventi/feel-over-image-mostra-personale-di-pat-thomas.html,Arte e cultura,"2, Via Trieste, Melzo, Milano, Lombardia, 20066, Italia",45.5045124,9.4252992
Spettacoli,09-04-22,2022-04-09,"p.zza IV Novembre 3,20025, Legnano, MI,Italia",Talisio Tirinnanzi,Pandemia,https://www.teatro.it/spettacoli/legnano/talisio-tirinnanzi/2021-2022/pandemia,Teatro e spettacolo,"Scuola Secondaria di Primo Grado Giovanni Ungaretti, 3, Piazza Quattro Novembre, San Giorgio su Legnano, Milano, Lombardia, 20034, Italia",45.5765251,8.9157963
Spettacoli,09-04-22,2022-04-09,"Piazza S. Magno,20025, Legnano, MI,Italia",Galleria,"Giacobazzi - Noi, mille volti e una bugia",https://www.teatro.it/spettacoli/legnano/galleria/2021-2022/giacobazzi-noi-mille-volti-e-una-bugia,Teatro e spettacolo,"Piazza San Magno, San Magno, Oltresempione, Legnano, Milano, Lombardia, 20025, Italia",45.5945288,8.9180098
Spettacoli,10-04-22,2022-04-10,"Via Larga 14,20122, Milano, MI,Italia",Lirico Giorgio Gaber,Duum,https://www.teatro.it/spettacoli/milano/lirico-giorgio-gaber/2021-2022/duum,Teatro e spettacolo,"Teatro Lirico Giorgio Gaber, 14, Via Larga, Cerchia dei Navigli, Municipio 1, Milano, Lombardia, 20122, Italia",45.4615135,9.1918702
Spettacoli,10-04-22,2022-04-10,"Corso Magenta 24,20123, Milano, MI,Italia",MTM - Litta,Happy Hour,https://www.teatro.it/spettacoli/milano/mtm-litta/2021-2022/happy-hour,Teatro e spettacolo,"Boccascena Cafè, 24, Corso Magenta, Cerchia dei Navigli, Municipio 1, Milano, Lombardia, 20123, Italia",45.466045,9.1778296
Spettacoli,10-04-22,2022-04-10,"Via G. di Vittorio 6,20090, Assago, MI,Italia",Repower,La leggenda di Belle e la Bestia - Il musical,https://www.teatro.it/spettacoli/assago/repower/2021-2022/la-leggenda-di-belle-e-la-bestia-il-musical,Teatro e spettacolo,"20090, Italy",45.407,9.1083
Spettacoli,10-04-22,2022-04-10,"Viale dell'Innovazione 20,20126, Milano, MI,Italia",Arcimboldi,Alice in Wonderland,https://www.teatro.it/spettacoli/milano/degli-arcimboldi/2021-2022/circus-theatre-elysium-alice-in-wonderland,Teatro e spettacolo,"20, Viale dell'Innovazione, Bicocca, Municipio 9, Milano, Lombardia, 20125, Italia",45.5148696,9.2135963
Spettacoli,10-04-22,2022-04-10,"Via Hermada,8,20162, Milano, MI,Italia",della Cooperativa,Mai morti,https://www.teatro.it/spettacoli/milano/della-cooperativa/2021-2022/mai-morti,Teatro e spettacolo,"8, Via privata Hermada, Niguarda - Cà Granda, Municipio 9, Milano, Lombardia, 20162, Italia",45.5147872,9.1901457
Spettacoli,10-04-22,2022-04-10,"Via Alessandro Manzoni 42,20121, Milano, MI,Italia",Manzoni,Se devi dire una bugia dilla grossa,https://www.teatro.it/spettacoli/milano/manzoni/2021-2022/se-devi-dire-una-bugia-dilla-grossa,Teatro e spettacolo,"Teatro Manzoni, 42, Via Alessandro Manzoni, Cerchia dei Navigli, Municipio 1, Milano, Lombardia, 20121, Italia",45.4710286,9.1944762
Spettacoli,10-04-22,2022-04-10,"via Pier Lombardo,14,20135, Milano, MI,Italia",Franco Parenti - Sala Grande,Pandora,https://www.teatro.it/spettacoli/milano/franco-parenti-sala-grande/2021-2022/pandora,Teatro e spettacolo,"Via Pier Lombardo, Porta Romana, Municipio 4, Milano, Lombardia, 20135, Italia",45.4542958,9.2063109
Spettacoli,10-04-22,2022-04-10,"Via Andrea Maria Ampère 1,20131, Milano, MI,Italia",MTM - Leonardo,Gl'innammorati - Il musicarello,https://www.teatro.it/spettacoli/milano/leonardo/2021-2022/glinnammorati-il-musicarello,Teatro e spettacolo,"Teatro Leonardo da Vinci, 1, Via Andrea Maria Ampère, Città Studi, Municipio 3, Milano, Lombardia, 20131, Italia",45.4795266,9.2263901
Spettacoli,10-04-22,2022-04-10,"Via Andrea Maria Ampère 1,20131, Milano, MI,Italia",MTM - Leonardo,Gl'innammorati - Il musicarello,https://www.teatro.it/spettacoli/milano/leonardo/2021-2022/glinnammorati-il-musicarello,Teatro e spettacolo,"Teatro Leonardo da Vinci, 1, Via Andrea Maria Ampère, Città Studi, Municipio 3, Milano, Lombardia, 20131, Italia",45.4795266,9.2263901
Manifestazioni,10-04-22,2022-04-10,"Via Fratelli Zoia, Milano, MI",Cascina Linterno,Una giornata speciale in cascina tra gli animali,https://www.milanotoday.it/eventi/festa-primavera-cascina-linterno.html,Altri eventi,"Via Fratelli Zoia, La Viridiana, Forze Armate, Municipio 7, Milano, Lombardia, 20152, Italia",45.4624104,9.1101496
Spettacoli,10-04-22,2022-04-10,"Corso Buenos Aires,33,20124, Milano, MI,Italia",Teatro Elfo Puccini - sala Fassbinder,Libri da ardere,https://www.teatro.it/spettacoli/milano/teatro-elfo-puccini-sala-fassbinder/2021-2022/libri-da-ardere,Teatro e spettacolo,"Teatro Elfo Puccini, 33, Corso Buenos Aires, Buenos Aires - Venezia, Municipio 3, Milano, Lombardia, 20124, Italia",45.4794317,9.2098387
,10-04-22,2022-04-10,"Via della Guastalla, 19, Milano, MI",sinagoga,La sinagoga di Milano e la sua incredibile storia,https://www.milanotoday.it/eventi/la-sinagoga-storia.html,Non classificato,"Via della Guastalla, Guastalla, Municipio 1, Milano, Lombardia, 20122, Italia",45.4617924,9.1983659
Fitness,11-04-22,2022-04-11,"Via Zante, 14, Milano, MI",Heron Fitness,Heron fitness inaugura il nuovo centro di via Zante a Milano nel Quartiere Mecenate / Forlanini,https://www.milanotoday.it/eventi/inaugurazione-palestra-heron-fitness-via-zante.html,Sport e attività fisica,"Via Zante, Quartiere Forlanini, Mecenate, Municipio 4, Milano, Lombardia, 20059, Italia",45.458942,9.2465904
Spettacoli,11-04-22,2022-04-11,"Viale dell'Innovazione 20,20126, Milano, MI,Italia",Arcimboldi,Il poeta che non sa parlare,https://www.teatro.it/spettacoli/milano/degli-arcimboldi/2021-2022/nino-dangelo-il-poeta-che-non-sa-parlare,Teatro e spettacolo,"20, Viale dell'Innovazione, Bicocca, Municipio 9, Milano, Lombardia, 20125, Italia",45.5148696,9.2135963
Spettacoli,11-04-22,2022-04-11,"v. Mons. Pogliani 7/a,ang. via Grandi,20090, Cesano Boscone, MI,Italia",Cristallo,Se devi dire una bugia dilla grossa,https://www.teatro.it/spettacoli/cesano-boscone/cristallo/2021-2022/se-devi-dire-una-bugia-dilla-grossa,Teatro e spettacolo,"20090, Italy",45.407,9.1083
Teatri,12-04-22,2022-04-11,"Via Ulisse Dini, Milano, MI",PACTA Salone,Con Sorte: l'estorsione a teatro al Pacta per Palco Off,https://www.milanotoday.it/eventi/con-sorte-pacta-11-12-aprile-2022.html,Teatro e spettacolo,"Via Ulisse Dini, Stadera, Municipio 5, Milano, Lombardia, 20141, Italia",45.4272657,9.1793919
Concerti,13-04-22,2022-04-12,"Via Valtellina, Milano, MI",Alcatraz Milano,I Subsonica in concerto a Milano. Orari e biglietti,https://www.milanotoday.it/eventi/concerto-subsonica-alcatraz.html,Musica e vita notturna,"Via Valtellina, Farini, Municipio 9, Milano, Lombardia, 20159, Italia",45.4907327,9.1812435
Incontri,12-04-22,2022-04-12,"Corso Magenta, 63, Milano, MI",CinéMagenta63,Stop-Zemlia,https://www.milanotoday.it/eventi/stop-zemlia-2022.html,Formazione e networking,"Fondazione ENI Enrico Mattei, 63, Corso Magenta, Magenta - San Vittore, Municipio 1, Milano, Lombardia, 20123, Italia",45.465603,9.1715837
Spettacoli,12-04-22,2022-04-12,"Via Filodrammatici 2,20121, Milano, MI,Italia",Teatro Alla Scala,Don Giovanni,https://www.teatro.it/spettacoli/milano/teatro-alla-scala/2021-2022/don-giovanni-regia-robert-carsen,Teatro e spettacolo,"2, Via Filodrammatici, Brera, Milano, Lombardia, 20121, Italia",45.4673781,9.188701
evento solo on-line,12-04-22,2022-04-12,"via Brera, 28, Milano, MI",Pinacoteca di Brera - Biblioteca Nazionale Braidense di Milano,Franz Schubert Winterreise UN’INDAGINE FILOSOFICA,,Eventi digitali,"Pinacoteca di Brera, 28, Via Brera, Cerchia dei Navigli, Municipio 1, Milano, Lombardia, 20121, Italia",45.4722421,9.1884071
Spettacoli,12-04-22,2022-04-12,"Viale dell'Innovazione 20,20126, Milano, MI,Italia",Arcimboldi,MORRICONE Film History,https://www.teatro.it/spettacoli/milano/degli-arcimboldi/2021-2022/morricone-film-history,Teatro e spettacolo,"20, Viale dell'Innovazione, Bicocca, Municipio 9, Milano, Lombardia, 20125, Italia",45.5148696,9.2135963
Spettacoli,13-04-22,2022-04-13,"Via Alessandro Manzoni 42,20121, Milano, MI,Italia",Manzoni,Antonio Ornano - L'Ornano Furioso,https://www.teatro.it/spettacoli/milano/manzoni/2021-2022/lornano-furioso,Teatro e spettacolo,"Teatro Manzoni, 42, Via Alessandro Manzoni, Cerchia dei Navigli, Municipio 1, Milano, Lombardia, 20121, Italia",45.4710286,9.1944762
Incontri,31-05-22,2022-04-13,"Via San Maurilio, 14, Milano, MI",Gilda Contemporary Art,"Torna il sole, non il tempo",https://www.milanotoday.it/eventi/torna-il-sole-2022.html,Formazione e networking,"14, Via San Maurilio, Cerchia dei Navigli, Municipio 1, Milano, Lombardia, 20123, Italia",45.4622752,9.1839049
Spettacoli,13-04-22,2022-04-13,"Via Hermada,8,20162, Milano, MI,Italia",della Cooperativa,Miles Gloriosus ovvero morire di uranio impoverito,https://www.teatro.it/spettacoli/milano/della-cooperativa/2021-2022/miles-gloriosus-ovvero-morire-di-uranio-impoverito,Teatro e spettacolo,"8, Via privata Hermada, Niguarda - Cà Granda, Municipio 9, Milano, Lombardia, 20162, Italia",45.5147872,9.1901457
Mostre,25-04-22,2022-04-13,"Via Privata Filippo Tommaso Marinetti, 2, Milano, MI",Lo spazio Bianco,Riproduzioni diurne di affacci animati,https://www.milanotoday.it/eventi/riproduzioni-diurne-di-affacci-animati.html,Arte e cultura,"2, Via privata Filippo Tommaso Marinetti, Padova, Municipio 2, Milano, Lombardia, 20127, Italia",45.4971406,9.2291684
Teatri,30-04-22,2022-04-13,"Via Rivoli, 6, Milano, MI",Piccolo Teatro Studio Melato,La prima nazionale di Federica Rossellini a teatro,https://www.milanotoday.it/eventi/spettacolo-federica-rossellini-piccolo-teatro.html,Teatro e spettacolo,"6, Via Rivoli, Brera, Municipio 1, Milano, Lombardia, 20121, Italia",45.4726093,9.182881
Cinema,13-04-22,2022-04-13,"Viale Fulvio Testi, 121, Milano, MI",Cineteca Milano MIC,La Cineteca di Milano supporta l'Ucraina con una proiezione speciale,https://www.milanotoday.it/eventi/film-cineteca-milano-per-ucraina.html,Arte e cultura,"Museo Interattivo del Cinema, 121, Viale Fulvio Testi, Niguarda - Cà Granda, Municipio 9, Milano, Lombardia, 20126, Italia",45.5135671,9.2040168
Concerti,13-04-22,2022-04-13,"Piazza del Duomo, Milano, MI",Duomo,Il concerto (gratis) di Pasqua in Duomo e come avere i biglietti,https://www.milanotoday.it/eventi/concerto-pasqua-duomo.html,Musica e vita notturna,"Piazza del Duomo, Duomo, Municipio 1, Milano, Lombardia, Italia",45.4639102,9.1906398
,29-05-22,2022-04-14,"Piazzale Vincenzo Cuoco, Milano, MI",Grand Chapiteau,"""Il regno del cavallo"", lo spettacolo a Milano",https://www.milanotoday.it/eventi/regno-cavallo-spettacolo.html,Non classificato,"Piazzale Vincenzo Cuoco, Umbria - Molise, Municipio 4, Milano, Lombardia, 20130, Italia",45.4506042,9.2237473
Spettacoli,14-04-22,2022-04-14,"Corso Buenos Aires 33,20124, Milano, MI,Italia",Elfo Puccini - sala Shakespeare,Edipo Re. Una favola nera,https://www.teatro.it/spettacoli/milano/elfo-puccini-sala-shakespeare/2021-2022/edipo-re-una-favola-nera,Teatro e spettacolo,"Teatro Elfo Puccini, 33, Corso Buenos Aires, Buenos Aires - Venezia, Municipio 3, Milano, Lombardia, 20124, Italia",45.4794317,9.2098387
Spettacoli,14-04-22,2022-04-14,"Corso di Porta Romana 63,20122, Milano, MI,Italia",Carcano,Se non posso ballare... non è la mia Rivoluzione,https://www.teatro.it/spettacoli/milano/carcano/2021-2022/se-non-posso-ballarenon-e-la-mia-rivoluzione,Teatro e spettacolo,"Teatro Carcano, 63, Corso di Porta Romana, Crocetta, Municipio 1, Milano, Lombardia, 20121, Italia",45.4566842,9.1955297
Mostre,15-05-22,2022-04-14,"Via Ciovasso, 17, Milano, MI",MADE4ART,"Da made4art le ""radici nella tempesta"" di Andrea Tirindelli",https://www.milanotoday.it/eventi/made4art-le-radici-nella-tempesta.html,Arte e cultura,"17, Via Ciovasso, Cerchia dei Navigli, Municipio 1, Milano, Lombardia, 20121, Italia",45.4701036,9.1865377
Spettacoli,14-04-22,2022-04-14,"Largo Antonio Greppi,20121, Milano, MI,Italia",Piccolo Teatro - Teatro Strehler,Re Lear,https://www.teatro.it/spettacoli/milano/piccolo-teatro-teatro-strehler/2021-2022/re-lear,Teatro e spettacolo,"Largo Antonio Greppi, Cerchia dei Navigli, Municipio 1, Milano, Lombardia, 20121, Italia",45.471727,9.1826196
,14-04-22,2022-04-14,"Vicolo San Giovanni Sul Muro, 5, Milano, MI",Spazio Cairoli,Silvio Berlusconi raccontato da Vittorio Testa. La presentazione del libro,https://www.milanotoday.it/eventi/silvio-berlusconi-raccontato-da-vittorio-testa-2022.html,Non classificato,"5, Vicolo San Giovanni sul Muro, Cerchia dei Navigli, Municipio 1, Milano, Lombardia, 20121, Italia",45.4663545,9.1819153
Spettacoli,15-04-22,2022-04-15,"v. Cavallari 4,20013, Magenta, MI,Italia",Lirico,La camera azzurra,https://www.teatro.it/spettacoli/magenta/lirico/2021-2022/la-camera-azzurra,Teatro e spettacolo,"Via Brenno Cavallari, Magenta, Milano, Lombardia, 20013, Italia",45.4684657,8.8853001
Concerti,04-05-22,2022-04-15,"Viale dell'Innovazione, 20, Milano, MI",Teatro Arcimboldi,Tommaso Paradiso in concerto a Milano. Orari e biglietti,https://www.milanotoday.it/eventi/concerto-tommaso-paradiso-arcimboldi.html,Musica e vita notturna,"20, Viale dell'Innovazione, Bicocca, Municipio 9, Milano, Lombardia, 20125, Italia",45.5148696,9.2135963
Spettacoli,15-04-22,2022-04-15,"Piazza S. Magno,20025, Legnano, MI,Italia",Galleria,NOMADI - Live Tour,https://www.teatro.it/spettacoli/legnano/galleria/2021-2022/nomadi-in-tour,Teatro e spettacolo,"Piazza San Magno, San Magno, Oltresempione, Legnano, Milano, Lombardia, 20025, Italia",45.5945288,8.9180098
,28-04-22,2022-04-16,"Via Giuseppe Dall'Occo, 1, Milano, MI",Galleria Click Art,Pensieri connessi,https://www.milanotoday.it/eventi/pensieri-connessi-ilenia-geremia-e-gianmarco-trezzi-2022.html,Non classificato,"Via Giuseppe Dall'Occo, Cormano, Zona Omogenea Milano Nord, Milano, Lombardia, 20032, Italia",45.5444599,9.1691639
Apertura festiva,17-04-22,2022-04-17,"piazza Santa Maria delle Grazie, 2, Milano, MI",Cenacolo Vinciano,Pasqua 2022 al Museo del Cenacolo Vinciano,,Inaugurazioni,"Museo del Cenacolo Vinciano, 2, Piazza Santa Maria delle Grazie, Magenta - San Vittore, Municipio 1, Milano, Lombardia, 20123, Italia",45.4662047,9.170655
Apertura festiva,17-04-22,2022-04-17,"via Brera, 28, Milano, MI",Pinacoteca di Brera,Pasqua a Brera,,Inaugurazioni,"Pinacoteca di Brera, 28, Via Brera, Cerchia dei Navigli, Municipio 1, Milano, Lombardia, 20121, Italia",45.4722421,9.1884071
Disco&Feste,17-04-22,2022-04-17,"Via Valtellina, 25, Milano, MI",Alcatraz Milano,"Pasqua 2022, si balla a ritmo di colore",https://www.milanotoday.it/eventi/serata-alcatraz-pasqua.html,Musica e vita notturna,"Alcatraz, 25, Via Valtellina, Isola, Municipio 9, Milano, Lombardia, 20159, Italia",45.494744,9.1823768
Incontri,17-04-22,2022-04-17,"Piazza del Duomo, Milano, MI",Duomo di Milano,Alla scoperta delle Terrazze del Duomo e di un panorama unico,https://www.milanotoday.it/eventi/visita-terrazze-duomo.html,Formazione e networking,"Piazza del Duomo, Duomo, Municipio 1, Milano, Lombardia, Italia",45.4639102,9.1906398
Concerti,17-04-22,2022-04-17,"Via Giovanni Bellezza, 16a, Milano, MI",Arci Bellezza,"Una ""Pasqua croccante"" all'Arci Bellezza tra indie ed elettronica",https://www.milanotoday.it/eventi/serata-pasqua-arci-bellezza.html,Musica e vita notturna,"16a, Via Giovanni Bellezza, Vigentina, Municipio 5, Milano, Lombardia, 20136, Italia",45.4486728,9.1948474
Disco&Feste,18-04-22,2022-04-18,"Via Roma, 26, Milano, MI",Fellini,Pasquetta d'Italia al Fellini di Pogliano,https://www.milanotoday.it/eventi/pasquetta-fellini.html,Musica e vita notturna,"26, Via Roma, San Domenico, Oltresempione, Legnano, Milano, Lombardia, 20025, Italia",45.5974198,8.9127391
Incontri,18-04-22,2022-04-18,"Via Fametta, 1, Milano, MI",Villa Arconati-FAR,Pasquetta a Villa Arconati con una caccia al tesoro per i bambini,https://www.milanotoday.it/eventi/pasquetta-villa-arconati-2022.html,Formazione e networking,"1, Via Fametta, Via Trento, Castellazzo, Bollate, Milano, Lombardia, 20021, Italia",45.556757,9.0958021
,18-04-22,2022-04-18,"Via Leonardo da Vinci, 5, Milano, MI",Santuario di Concesa,Riapre il santuario di Concesa,https://www.milanotoday.it/eventi/santuario-cocnesa.html,Non classificato,"Green Bar, 5, Via Leonardo da Vinci, Legnarello, Oltresempione, Legnano, Milano, Lombardia, 20025, Italia",45.5993829,8.9223934
Apertura festiva,18-04-22,2022-04-18,"via Brera, 28, Milano, MI",Pinacoteca di Brera,Pasquetta alla Pinacoteca di Brera,,Inaugurazioni,"Istituto Nazionale di Astrofisica – Osservatorio astronomico di Brera, 28, Via Brera, Cerchia dei Navigli, Municipio 1, Milano, Lombardia, 20121, Italia",45.4715946,9.1889707
Apertura festiva,18-04-22,2022-04-18,"piazza Santa Maria delle Grazie, 2, Milano, MI",Cenacolo Vinciano,Pasquetta 2022 al Museo del Cenacolo Vinciano,,Inaugurazioni,"Museo del Cenacolo Vinciano, 2, Piazza Santa Maria delle Grazie, Magenta - San Vittore, Municipio 1, Milano, Lombardia, 20123, Italia",45.4662047,9.170655
Teatri,24-04-22,2022-04-19,"Via Manzoni, 42, Milano, MI",Teatro Manzoni,Il nuovo spettacolo di Pintus a teatro e come avere i biglietti,https://www.milanotoday.it/eventi/spettacolo-pintus-teatro-manzoni.html,Teatro e spettacolo,"Teatro Manzoni, 42, Via Alessandro Manzoni, Cerchia dei Navigli, Municipio 1, Milano, Lombardia, 20121, Italia",45.4710286,9.1944762
,11-12-22,2022-04-19,"Via Gerolamo Morone, Milano, MI",CASA DEL MANZONI,Vestiti a festa. V secoli di costume degli italiano in 100 ex~voto,https://www.milanotoday.it/eventi/vestiti-a-festa-v-secoli-di-costume-2022.html,Non classificato,"Via Gerolamo Morone, Duomo, Municipio 1, Milano, Lombardia, 20121, Italia",45.4681863,9.1916738
Concerti,20-04-22,2022-04-20,"Via Gaudenzio Fantoli, 9, Milano, MI",FABRIQUE,Concerto dei Tokio Hotel rimandato al 2022: orari e biglietti,https://www.milanotoday.it/eventi/concerto-tokio-hotel-fabrique.html,Musica e vita notturna,"Fabrique, 9, Via Gaudenzio Fantoli, Mecenate, Municipio 4, Milano, Lombardia, 20138, Italia",45.4521243,9.2522773
Spettacoli,20-04-22,2022-04-20,"Via Larga 14,20122, Milano, MI,Italia",Lirico Giorgio Gaber,Vinicio Capossela - Bestiario d’amore,https://www.teatro.it/spettacoli/milano/lirico-giorgio-gaber/2021-2022/vinicio-capossela-bestiario-damore,Teatro e spettacolo,"Teatro Lirico Giorgio Gaber, 14, Via Larga, Cerchia dei Navigli, Municipio 1, Milano, Lombardia, 20122, Italia",45.4615135,9.1918702
Teatri,20-04-22,2022-04-20,"Corso di Porta Romana, Milano, MI",Teatro Carcano,Massimo Ranieri si racconta al Teatro Carcano,https://www.milanotoday.it/eventi/massimo-ranieri-teatro-carcano.html,Teatro e spettacolo,"Corso di Porta Romana, Cerchia dei Navigli, Municipio 1, Milano, Lombardia, 20122, Italia",45.4601964,9.1889416
evento solo on-line,20-04-22,2022-04-20,"Via Brera, 28, Milano, MI",Pinacoteca di Brera,NUOVE VOCI - VOCI DIVERSE,,Eventi digitali,"Istituto Nazionale di Astrofisica – Osservatorio astronomico di Brera, 28, Via Brera, Cerchia dei Navigli, Municipio 1, Milano, Lombardia, 20121, Italia",45.4715946,9.1889707
,20-04-22,2022-04-20,"Via Laghetto, 9, Milano, MI",Libreria Colibrì,"Letteratura d'evasione, il libro scritto dai detenuti del carcere di Frosinone",https://www.milanotoday.it/eventi/presentazione-letterature-evasione.html,Non classificato,"9, Via Laghetto, Duomo, Municipio 1, Milano, Lombardia, 20122, Italia",45.4615524,9.1956379
Mostre,30-06-22,2022-04-20,"Via Valenza, 2, Milano, MI",Ride Milano,Un milione di mattoncini Lego per la nuova mostra sui Navigli,https://www.milanotoday.it/eventi/mostra-lego-navigli.html,Arte e cultura,"Via Valenza, Navigli, Municipio 6, Milano, Lombardia, 20144, Italia",45.4514071,9.1691656
,22-04-22,2022-04-20,"Via Isocrate, 19, Milano, MI",Polo Fanny Finzi Ottolenghi,"Salute donna, eventi gratuiti al polo riabilitativo Fanny Finzi Ottolenghi",https://www.milanotoday.it/eventi/salute-donna-eventi-gratuiti.html,Non classificato,"19, Via Isocrate, Viale Monza, Municipio 2, Milano, Lombardia, 20126, Italia",45.5076656,9.221091
Teatri,01-05-22,2022-04-20,"Via Giorgio Vasari, 15, Milano, MI",Teatro Franco Parenti,"Michele Placido a teatro in ""Morte di un commesso viaggiatore""",https://www.milanotoday.it/eventi/michele-placido-franco-parenti.html,Teatro e spettacolo,"Via Giorgio Vasari, Porta Romana, Municipio 4, Milano, Lombardia, 20135, Italia",45.4542475,9.2073471
,04-05-22,2022-04-21,"Via Ettore Troilo, 14, Milano, MI",Portineria 14,“ Ai ロボット  abop – uno chef diventa famoso solo perché è simpatico”,https://www.milanotoday.it/eventi/ai-abop-chef.html,Non classificato,"Portineria 14, 14, Via Ettore Troilo, Ticinese, Municipio 5, Milano, Lombardia, 20136, Italia",45.4463549,9.1777191
Spettacoli,21-04-22,2022-04-21,"v. Matteotti 30,20064, Gorgonzola, MI,Italia",Sala Argentia,Tomorrow Morning - Domani ti sposo... domani ti lascio!,https://www.teatro.it/spettacoli/gorgonzola/sala-argentia/2021-2022/tomorrow-morning-domani-ti-sposo-domani-ti-lascio,Teatro e spettacolo,"Sala Argentia, 30, Via Giacomo Matteotti, Gorgonzola, Milano, Lombardia, 20064, Italia",45.5327792,9.4032916
,21-04-22,2022-04-21,"Via Giovanni Pascoli, 53, Milano, MI",Auditorium - Politecnico di Milano,Incontro con l’autore Stefania Auci,https://www.milanotoday.it/eventi/incontro-con-l-autore-stefania-auci.html,Non classificato,"53, Via Giovanni Pascoli, Città Studi, Municipio 3, Milano, Lombardia, 20133, Italia",45.4765703,9.2244693
,19-05-22,2022-04-21,"Via Maloia, 1, Milano, MI",spazioSERRA,Uncertainty excites me,https://www.milanotoday.it/eventi/uncertainty-excites-me-camilla-gurgone-2022.html,Non classificato,"Via Maloia, Farini, Municipio 9, Milano, Lombardia, 20158, Italia",45.4946286,9.1768212
Manifestazioni,21-04-22,2022-04-21,"Via Francesco Domenico Guerrazzi, 2, Milano, MI",Tea & Tao,Arte e tè: degustazione di un quadro,https://www.milanotoday.it/eventi/arte-e-te-degustazione-di-un-quadro.html,Altri eventi,"2, Via Francesco Domenico Guerrazzi, Pagano, Municipio 1, Milano, Lombardia, 20145, Italia",45.4752035,9.1707291
Spettacoli,22-04-22,2022-04-22,"Largo Antonio Greppi,20121, Milano, MI,Italia",Piccolo Teatro - Teatro Strehler,L'Heure Exquise,https://www.teatro.it/spettacoli/milano/piccolo-teatro-teatro-strehler/2021-2022/lheure-exquise,Teatro e spettacolo,"Largo Antonio Greppi, Cerchia dei Navigli, Municipio 1, Milano, Lombardia, 20121, Italia",45.4718502,9.1827114
Concerti,22-04-22,2022-04-22,"Via Ulrico Hoepli, 3, Milano, MI",Teatro Auditorium San Fedele/Duomo San Babila,Il concerto di Federico Albanese all'Auditorium San Fedele,https://www.milanotoday.it/eventi/concerto-auditorium-san-fedele.html,Musica e vita notturna,"Pan Brioche, 3, Via Ulrico Hoepli, Duomo, Municipio 1, Milano, Lombardia, 20122, Italia",45.466199,9.1920976
Spettacoli,22-04-22,2022-04-22,"Piazza S. Magno,20025, Legnano, MI,Italia",Galleria,L'infinito Tour,https://www.teatro.it/spettacoli/legnano/galleria/2021-2022/roberto-vecchioni-linfinito-tour,Teatro e spettacolo,"Piazza San Magno, San Magno, Oltresempione, Legnano, Milano, Lombardia, 20025, Italia",45.5948853,8.9184024
Cibo e Vino,24-04-22,2022-04-22,"Piazza Città di Lombardia, Milano, MI",Piazza Città di Lombardia,"Fiera del Gin • Gin & Sound • MILANO: 22, 23 e 24 Aprile, Piazza Città di Lombardia",https://www.milanotoday.it/eventi/fiera-gin-eventi-milano.html,Enogastronomia,"Piazza Città di Lombardia, GARIBALDI REPUBBLICA, Municipio 9, Milano, Lombardia, 20124, Italia",45.4867209,9.1960553
Incontri,01-05-22,2022-04-22,"Via Enrico Besana, 12, Milano, MI",MUBA – Museo dei Bambini di Milano,La settimana del didò per far giocare i bambini,https://www.milanotoday.it/eventi/laboratori-bambini-muba-dido.html,Formazione e networking,"MUBA - Museo dei Bambini, 12, Via Enrico Besana, Guastalla, Municipio 1, Milano, Lombardia, 20122, Italia",45.4599507,9.2051279
Manifestazioni,24-04-22,2022-04-22,"Piazza Elsa Morante, Milano, MI",CityLife,Flora et Decora torna in città con oltre settanta espositori,https://www.milanotoday.it/eventi/flora-et-decora-citylife.html,Altri eventi,"Piazza Elsa Morante, Tre Torri, Municipio 8 di Milano, Milano, Lombardia, 20149, Italia",45.4767068,9.1557594
Cibo e Vino,24-04-22,2022-04-23,"Porta Maggiore, Milano, MI",Idroscalo,"Hamburger, bombette e tanto altro: a Milano torna il Festival dello Street Food",https://www.milanotoday.it/eventi/festival-street-food-idroscalo-2022.html,Enogastronomia,"Porta del Parco di Cerro Maggiore, Cantalupo, Cerro Maggiore, Milano, Lombardia, 20023, Italia",45.5875731,8.9643083
,23-04-22,2022-04-23,"Via Roberto Tremelloni, Milano, MI",Alma Bar,Festival di liberazione 2022,https://www.milanotoday.it/eventi/festival-di-liberazione-2022.html,Non classificato,"Via Roberto Tremelloni, Viale Monza, Municipio 2, Milano, Lombardia, 20128, Italia",45.5140511,9.2292814
Teatri,23-04-22,2022-04-23,"Viale dell'Innovazione, 20, Milano, MI",Teatro degli Arcimboldi,Una Cenerentola per tutta la famiglia al Teatro Arcimboldi,https://www.milanotoday.it/eventi/spettacolo-cenerentola-teatro-arcimboldi.html,Teatro e spettacolo,"20, Viale dell'Innovazione, Bicocca, Municipio 9, Milano, Lombardia, 20125, Italia",45.5148696,9.2135963
Manifestazioni,23-04-22,2022-04-23,"Largo Antonio Balestra, Milano, MI",Giardini di Via Balestra,"Festa, laboratori didattici e merenda gratis per bimbi ai Giardini di largo Balestra",https://www.milanotoday.it/eventi/festa-largo-balestra-23-aprile-2022.html,Altri eventi,"Largo Antonio Balestra, Lorenteggio, Municipio 6, Milano, Lombardia, Italia",45.4481976,9.1424399
Manifestazioni,24-04-22,2022-04-24,"Via Santa Maria, 14, Milano, MI",Gentleman’s Garage,La mostra mercato con cd e vinili da scambiare,https://www.milanotoday.it/eventi/mostra-mercato-cd-vinili-parabiago.html,Altri eventi,"14, Via Santa Maria, Carugate, Milano, Lombardia, 20061, Italia",45.5498864,9.3401447
Spettacoli,24-04-22,2022-04-24,"Via Alessandro Manzoni 42,20121, Milano, MI,Italia",Manzoni,PINTUS - Non è come sembra,https://www.teatro.it/spettacoli/milano/manzoni/2021-2022/angelo-pintus-non-e-come-sembra,Teatro e spettacolo,"Teatro Manzoni, 42, Via Alessandro Manzoni, Cerchia dei Navigli, Municipio 1, Milano, Lombardia, 20121, Italia",45.4710286,9.1944762
Mercatini,24-04-22,2022-04-24,"Via Mecenate, 88/A, Milano, MI",,East Market torna in città con una speciale edizione dedicata alla musica,https://www.milanotoday.it/eventi/east-market-mercatino-vintage-musica.html,Mercati e shopping,"Via Mecenate, Mecenate, Municipio 4, Milano, Lombardia, 20059, Italia",45.4529888,9.2481173
,24-04-22,2022-04-24,"Corso Magenta, 13, Milano, MI",Chiesa di San Maurizio,Domenica 24 aprile – Visita alla vigna di Leonardo e alla chiesa di San Maurizio con aperitivo finale a Milano,https://www.milanotoday.it/eventi/domenica-24-aprile-2022.html,Non classificato,"M. Bardelli, 13, Corso Magenta, Cerchia dei Navigli, Municipio 1, Milano, Lombardia, 20123, Italia",45.4656426,9.1792113
Spettacoli,24-04-22,2022-04-24,"Corso di Porta Romana 63,20122, Milano, MI,Italia",Carcano,Romeo e Giulietta. Una canzone d'amore,https://www.teatro.it/spettacoli/milano/carcano/2021-2022/romeo-e-giulietta-una-canzone-damore,Teatro e spettacolo,"Teatro Carcano, 63, Corso di Porta Romana, Crocetta, Municipio 1, Milano, Lombardia, 20121, Italia",45.4566842,9.1955297
Spettacoli,24-04-22,2022-04-24,"Via Hermada,8,20162, Milano, MI,Italia",della Cooperativa,Nome di battaglia Lia,https://www.teatro.it/spettacoli/milano/della-cooperativa/2021-2022/nome-di-battaglia-lia,Teatro e spettacolo,"8, Via privata Hermada, Niguarda - Cà Granda, Municipio 9, Milano, Lombardia, 20162, Italia",45.5147872,9.1901457
Mostre,25-04-22,2022-04-24,"Via Giosuè Borsi, 9, Milano, MI",Apollo Club,"Spaghetti unplugged all'apollo club con hu, svegliaginevra e marta tenaglia",https://www.milanotoday.it/eventi/spaghetti-unplugged-2022.html,Arte e cultura,"9, Via Giosuè Borsi, Navigli, Municipio 6, Milano, Lombardia, 20143, Italia",45.4474144,9.1736183
Apertura festiva,25-04-22,2022-04-25,"Via Brera, 28, Milano, MI",Pinacoteca di Brera,25 aprile 2022: Apertura straordinaria alla Pinacoteca di Brera,,Inaugurazioni,"Istituto Nazionale di Astrofisica – Osservatorio astronomico di Brera, 28, Via Brera, Cerchia dei Navigli, Municipio 1, Milano, Lombardia, 20121, Italia",45.4715946,9.1889707
Mostre,23-08-22,2022-04-26,"Via Valenza, 2, Milano, MI",Ride Milano,"The art of the brick, a Milano la mostra con i capolavori dell'arte fatti coi Lego",https://www.milanotoday.it/eventi/art-of-brick-mostra-lego-quando-biglietti.html,Arte e cultura,"Via Valenza, Navigli, Municipio 6, Milano, Lombardia, 20144, Italia",45.4514071,9.1691656
Teatri,01-05-22,2022-04-26,"Via Giorgio Vasari, 15, Milano, MI",Teatro Franco Parenti,"""Giobbe. Storia di un uomo semplice""",https://www.milanotoday.it/eventi/giobbe-franco-parenti.html,Teatro e spettacolo,"Via Giorgio Vasari, Porta Romana, Municipio 4, Milano, Lombardia, 20135, Italia",45.4542475,9.2073471
Spettacoli,26-04-22,2022-04-26,"Via Alessandro Manzoni 42,20121, Milano, MI,Italia",Manzoni,Up & Down,https://www.teatro.it/spettacoli/milano/manzoni/2021-2022/up-down,Teatro e spettacolo,"Teatro Manzoni, 42, Via Alessandro Manzoni, Cerchia dei Navigli, Municipio 1, Milano, Lombardia, 20121, Italia",45.4710286,9.1944762
Spettacoli,26-04-22,2022-04-26,"Viale dell'Innovazione 20,20126, Milano, MI,Italia",Arcimboldi,Cinema Samuele Tour - Samuele Bersani,https://www.teatro.it/spettacoli/milano/degli-arcimboldi/2021-2022/cinema-samuele-tour-samuele-bersani,Teatro e spettacolo,"20, Viale dell'Innovazione, Bicocca, Municipio 9, Milano, Lombardia, 20125, Italia",45.5148696,9.2135963
Concerti,27-04-22,2022-04-27,"Via Giovanni Battista Sammartini, 30, Milano, MI",Tunnel Club,I bengala fire in concerto al tunnel Club di Milano,https://www.milanotoday.it/eventi/bengala-fire-in-concerto-2022.html,Musica e vita notturna,"30, Via Giovanni Battista Sammartini, Centrale, Municipio 2, Milano, Lombardia, 20125, Italia",45.492213,9.209024
,27-04-22,2022-04-27,"Via Laghetto, 9, Milano, MI",Libreria Colibrì,Presentazione del libro La Bestia nella Giungla di Henry James,https://www.milanotoday.it/eventi/libro-bestia-jungla.html,Non classificato,"9, Via Laghetto, Duomo, Municipio 1, Milano, Lombardia, 20122, Italia",45.4615524,9.1956379
Spettacoli,27-04-22,2022-04-27,"v. Cavallari 4,20013, Magenta, MI,Italia",Lirico,Almeno tu nell'universo,https://www.teatro.it/spettacoli/magenta/lirico/2021-2022/almeno-tu-nelluniverso,Teatro e spettacolo,"Via Brenno Cavallari, Magenta, Milano, Lombardia, 20013, Italia",45.4683141,8.8834486
Spettacoli,27-04-22,2022-04-27,"Viale dell'Innovazione 20,20126, Milano, MI,Italia",Arcimboldi,Alice canta Battiato - ERI CON ME,https://www.teatro.it/spettacoli/milano/degli-arcimboldi/2021-2022/alice-canta-battiato,Teatro e spettacolo,"20, Viale dell'Innovazione, Bicocca, Municipio 9, Milano, Lombardia, 20125, Italia",45.5148696,9.2135963
Incontri,28-04-22,2022-04-28,"Via Bernardo Davanzati, 15, Milano, MI",Congusto Gourmet Institute,Congusto gourmet institute apre le sue porte ai futuri professionisti del food,https://www.milanotoday.it/eventi/congusto-gourmet-institute-2022.html,Formazione e networking,"Via Bernardo Davanzati, Dergano, Municipio 9, Milano, Lombardia, 20158, Italia",45.5030224,9.1748048
Convegno/conferenza,28-04-22,2022-04-28,"Via Dogana, 3, Milano, MI",Fondazione Memoria della Deportazione,"Antifascismo, Resistenza e Deportazione: quale memoria per il futuro?",,Formazione e networking,"Dogana, 3, Via Dogana, Cerchia dei Navigli, Municipio 1, Milano, Lombardia, 20123, Italia",45.4632282,9.188958
,27-05-22,2022-04-28,"Via Niccolò Jommelli, 24, Milano, MI",Spazio Tadini,Dinosaur bones di Aurelio Gravina inaugurazione,https://www.milanotoday.it/eventi/dinosaur-bones-di-aurelio-gravina-2022.html,Non classificato,"Milano Arte Expo, 24, Via Niccolò Jommelli, Loreto, Municipio 3, Milano, Lombardia, 20131, Italia",45.4865099,9.2255126
Spettacoli,28-04-22,2022-04-28,"Via Ciro Menotti 11,20129, Milano, MI,Italia",Menotti,Chi è di scena,https://www.teatro.it/spettacoli/milano/menotti/2021-2022/chi-e-di-scena,Teatro e spettacolo,"11, Via Ciro Menotti, Buenos Aires - Venezia, Municipio 3, Milano, Lombardia, 20129, Italia",45.4699888,9.2132156
Spettacoli,28-04-22,2022-04-28,"Via Alessandro Manzoni 42,20121, Milano, MI,Italia",Manzoni,Paolo Cevoli - Lezioni di marketing romagnolo,https://www.teatro.it/spettacoli/milano/manzoni/2021-2022/lezioni-di-marketing-romagnolo,Teatro e spettacolo,"Teatro Manzoni, 42, Via Alessandro Manzoni, Cerchia dei Navigli, Municipio 1, Milano, Lombardia, 20121, Italia",45.4710286,9.1944762
Convegno/conferenza,28-04-22,2022-04-28,"via Francesco Pecorari, 2, Milano, MI",Chiesa di San Gottardo in Corte,I Libroni riaperti: l’eredità musicale di Gaffurio cinquecento anni dopo,,Formazione e networking,"Via Francesco Pecorari, Cerchia dei Navigli, Municipio 1, Milano, Lombardia, 20122, Italia",45.4625071,9.1917432
Mostre,08-05-22,2022-04-28,"Ripa di Porta Ticinese, 61, Milano, MI",Arcadia Art Gallery,I cinque sensi,https://www.milanotoday.it/eventi/cinque-sensi-mostra-collettiva.html,Arte e cultura,"61, Ripa di Porta Ticinese, Navigli, Municipio 6, Milano, Lombardia, 20143, Italia",45.4508348,9.1710412
Manifestazioni,12-05-22,2022-04-28,"Via Monza, 12, Milano, MI",Biblioteca Civica “Corte Valenti”,"Garbagnate in Jazz 2022, torna il famoso festival di musica",https://www.milanotoday.it/eventi/garbagnate-festival-jazz.html,Altri eventi,"12, Via Monza, Melzo, Milano, Lombardia, 20066, Italia",45.5006633,9.4302588
,08-05-22,2022-04-29,"Via Giulio Cesare Procaccini, Milano, MI",Fabbrica del Vapore,Kyiv Review: mostra fotografica sulla capitale ucraina. In Fabbrica del Vapore dal 30 aprile all'8 maggio,https://www.milanotoday.it/eventi/mostra-kyiv-review-fabbrica-vapore.html,Non classificato,"Via Giulio Cesare Procaccini, Bullona, Porta Volta, Municipio 8 di Milano, Milano, Lombardia, 20154, Italia",45.4839792,9.1756444
Manifestazioni,01-05-22,2022-04-29,"Via Giorgio Vasari, 15, Milano, MI",Teatro Franco Parenti,Il festival che racconta i paesaggi del Nord Europa,https://www.milanotoday.it/eventi/i-boreali-nordic-festival.html,Altri eventi,"Via Giorgio Vasari, Porta Romana, Municipio 4, Milano, Lombardia, 20135, Italia",45.4542475,9.2073471
,29-04-22,2022-04-29,"Via Marco Polo, 6, Milano, MI",Cuvée,Una serata speciale tra arte e buon vino,https://www.milanotoday.it/eventi/serata-cuvee-milano.html,Non classificato,"6, Via Marco Polo, GARIBALDI REPUBBLICA, Municipio 9, Milano, Lombardia, 20124, Italia",45.4805808,9.1938497
Spettacoli,29-04-22,2022-04-29,"Via Alessandro Manzoni 42,20121, Milano, MI,Italia",Manzoni,Tutto Teo,https://www.teatro.it/spettacoli/milano/manzoni/2021-2022/teo-teocoli-tutto-teo,Teatro e spettacolo,"Teatro Manzoni, 42, Via Alessandro Manzoni, Cerchia dei Navigli, Municipio 1, Milano, Lombardia, 20121, Italia",45.4710286,9.1944762
Convegno/conferenza,30-04-22,2022-04-30,"Via Angelo Mosso, 7, Milano, MI",Chiesetta del Parco Trotter, Olga Lombroso Fiorentino: una maestra di agraria nella Milano del primo '900,,Formazione e networking,"7, Via Angelo Mosso, Nolo, Municipio 2, Milano, Lombardia, 20127, Italia",45.495002,9.2264506
,30-04-22,2022-04-30,"Piazza Pio XI, 2, Milano, MI",Autentico Milano e Pinacoteca Ambrosiana,Degustartem - Visita guidata pinacoteca ambrosiana con degustazione finale in autentico,https://www.milanotoday.it/eventi/degustartem-visita-guidata-pinacoteca-2022.html,Non classificato,"Biblioteca Ambrosiana, 2, Piazza Pio Undicesimo, Cerchia dei Navigli, Municipio 1, Milano, Lombardia, 20123, Italia",45.4636207,9.1860483
Spettacoli,30-04-22,2022-04-30,"Via Giordano Rota 1,20145, Milano, MI,Italia",Nazionale Italiana Assicurazioni,La piccola bottega degli orrori,https://www.teatro.it/spettacoli/milano/nazionale-chebanca/2021-2022/la-piccola-bottega-degli-orrori,Teatro e spettacolo,"20145, Italy",45.4643,9.1895
Spettacoli,30-04-22,2022-04-30,"Via Hermada,8,20162, Milano, MI,Italia",della Cooperativa,Bartleby,https://www.teatro.it/spettacoli/milano/della-cooperativa/2021-2022/bartleby,Teatro e spettacolo,"8, Via privata Hermada, Niguarda - Cà Granda, Municipio 9, Milano, Lombardia, 20162, Italia",45.5147872,9.1901457
Disco&Feste,30-04-22,2022-04-30,"Viale Emilio Alemagna, 6, Milano, MI",La Triennale di Milano,Un aperitivo speciale nel giardino della Triennale,https://www.milanotoday.it/eventi/festa-giardino-triennale.html,Musica e vita notturna,"Triennale Design Museum, 6, Viale Emilio Alemagna, Parco Sempione, Municipio 1, Milano, Lombardia, 20121, Italia",45.4721477,9.1734894
Spettacoli,30-04-22,2022-04-30,"Via Larga 14,20122, Milano, MI,Italia",Lirico Giorgio Gaber,Perfetta,https://www.teatro.it/spettacoli/milano/lirico-giorgio-gaber/2021-2022/geppi-cucciari-perfetta,Teatro e spettacolo,"Teatro Lirico Giorgio Gaber, 14, Via Larga, Cerchia dei Navigli, Municipio 1, Milano, Lombardia, 20122, Italia",45.4615135,9.1918702
Mostre,12-06-22,2022-04-30,"Via Giuseppe Eugenio Luraghi, 11, Milano, MI",Il Centro di Arese,Meraviglie D’Italia coi mattoncini Lego®,https://www.milanotoday.it/eventi/mostra-lego-centro-arese.html,Arte e cultura,"Via Maestra, 11, Viale Giuseppe Eugenio Luraghi, Valera, Arese, Milano, Lombardia, 20044, Italia",45.5638918,9.0510987
Mostre,12-06-22,2022-04-30,"Via Giuseppe Eugenio Luraghi, 11, Milano, MI",Il Centro,I più grandi monumenti italiani diventano Lego: la mostra gratis,https://www.milanotoday.it/eventi/lego-ilcentro-28-aprile-12-giugno.html,Arte e cultura,"Via Maestra, 11, Viale Giuseppe Eugenio Luraghi, Valera, Arese, Milano, Lombardia, 20044, Italia",45.5638918,9.0510987
Mostre,01-05-22,2022-04-30,"Via San Vittore, Milano, MI",Museo della scienza,"Cinema virtuale, rocce lunari e laboratori al Museo della Scienza",https://www.milanotoday.it/eventi/laboratori-mostre-bambini-museo-scienza.html,Arte e cultura,"Via San Vittore, Magenta - San Vittore, Municipio 1, Milano, Lombardia, 20144, Italia",45.4644719,9.1666084
Spettacoli,30-04-22,2022-04-30,"p.zza IV Novembre 3,20025, Legnano, MI,Italia",Talisio Tirinnanzi,Faccia un'altra faccia,https://www.teatro.it/spettacoli/legnano/talisio-tirinnanzi/2021-2022/faccia-unaltra-faccia,Teatro e spettacolo,"Scuola Secondaria di Primo Grado Giovanni Ungaretti, 3, Piazza Quattro Novembre, San Giorgio su Legnano, Milano, Lombardia, 20034, Italia",45.5765251,8.9157963
Spettacoli,01-05-22,2022-05-01,"Corso Venezia 2/A,20121, Milano, MI,Italia",San Babila,La stranissima coppia,https://www.teatro.it/spettacoli/milano/san-babila/2021-2022/la-stranissima-coppia,Teatro e spettacolo,"2a, Corso Venezia, Duomo, Municipio 1, Milano, Lombardia, 20121, Italia",45.4670204,9.1981104
Mercatini,01-05-22,2022-05-01,"Via Santa Croce, 15, Milano, MI",Associazione IBVA,Un 1° maggio al mercato di Solidando: ecco il programma di eventi,https://www.milanotoday.it/eventi/un-1-maggio-al-mercato-di-solidando.html,Mercati e shopping,"Via Santa Croce, Ticinese, Municipio 1, Milano, Lombardia, 20136, Italia",45.4540253,9.1823474
Apertura festiva,01-05-22,2022-05-01,"Via Brera, 28, Milano, MI",Pinacoteca di Brera,1 Maggio alla Pinacoteca di Brera: riposiamoci con arte!,,Inaugurazioni,"Istituto Nazionale di Astrofisica – Osservatorio astronomico di Brera, 28, Via Brera, Cerchia dei Navigli, Municipio 1, Milano, Lombardia, 20121, Italia",45.4715946,9.1889707
Concerti,06-11-22,2022-05-01,"Piazza della Scala, Milano, MI",Palazzo Marino,"Palazzo Marino in Musica, in arrivo una rassegna gratuita di concerti",https://www.milanotoday.it/eventi/palazzo-marino-in-musica-2022.html,Musica e vita notturna,"Piazza della Scala, Duomo, Municipio 1, Milano, Lombardia, 20121, Italia",45.4672839,9.1901494
Spettacoli,01-05-22,2022-05-01,"via Pier Lombardo,14,20135, Milano, MI,Italia",Franco Parenti - Sala Grande,Morte di un commesso viaggiatore,https://www.teatro.it/spettacoli/milano/franco-parenti-sala-grande/2021-2022/morte-di-un-commesso-viaggiatore,Teatro e spettacolo,"Via Pier Lombardo, Porta Romana, Municipio 4, Milano, Lombardia, 20135, Italia",45.4542958,9.2063109
,03-05-22,2022-05-02,"Via Giuseppe di Vittorio, 6, Milano, MI",Mediolanum Forum,Modà in concerto ad Assago,https://www.milanotoday.it/eventi/moda-concerto-assago.html,Non classificato,"6, Via Giuseppe Di Vittorio, Foramagno, Mezzate, Peschiera Borromeo, Milano, Lombardia, 20068, Italia",45.4355184,9.2889768
Spettacoli,03-05-22,2022-05-03,"Via Ciro Menotti 11,20129, Milano, MI,Italia",Menotti,Panico ma Rosa (dal diario del tempo sospeso),https://www.teatro.it/spettacoli/milano/menotti/2021-2022/panico-ma-rosa-dal-diario-di-un-non-intubabile,Teatro e spettacolo,"11, Via Ciro Menotti, Buenos Aires - Venezia, Municipio 3, Milano, Lombardia, 20129, Italia",45.4699888,9.2132156
,08-05-22,2022-05-03,"Via Pompeo Cambiasi, 10, Milano, MI",Campo Teatrale,Human farm,https://www.milanotoday.it/eventi/human-farm-fartagnan-teatro-2022.html,Non classificato,"10, Via Pompeo Cambiasi, Loreto, Municipio 3, Milano, Lombardia, 20131, Italia",45.4899575,9.2313007
Spettacoli,03-05-22,2022-05-03,"Via Filodrammatici 2,20121, Milano, MI,Italia",Teatro Alla Scala,Ariadne auf Naxos,https://www.teatro.it/spettacoli/milano/teatro-alla-scala/2021-2022/ariadne-auf-naxos,Teatro e spettacolo,"2, Via Filodrammatici, Brera, Milano, Lombardia, 20121, Italia",45.4676198,9.1884287
Manifestazioni,08-05-22,2022-05-03,"Piazza dei Mercanti, 2, Milano, MI",Palazzo Giureconsulti,La settimana della bellezza arriva a Milano,https://www.milanotoday.it/eventi/milano-beauty-week-2022.html,Altri eventi,"2, Piazza dei Mercanti, Duomo, Brera, Milano, Lombardia, 20123, Italia",45.4646697,9.1878971
Spettacoli,03-05-22,2022-05-03,"Via Andrea Maria Ampère 1,20131, Milano, MI,Italia",MTM - Leonardo,La Merda,https://www.teatro.it/spettacoli/milano/leonardo/2021-2022/la-merda,Teatro e spettacolo,"Teatro Leonardo da Vinci, 1, Via Andrea Maria Ampère, Città Studi, Municipio 3, Milano, Lombardia, 20131, Italia",45.4795266,9.2263901
,28-05-22,2022-05-04,"Via San Fermo, 19, Milano, MI",Spazio HUS,Unità dismisura. Mostra personale di Stefano Bertolini,https://www.milanotoday.it/eventi/unita-dismisura-mostra-personale-di-stefano-bertolini-stefano-bertolini-8928528.html,Non classificato,"Via San Fermo, Baggio, Municipio 7, Villaggio Cavour, Settimo Milanese, Milano, Lombardia, 20019, Italia",45.4630575,9.0747604
,04-05-22,2022-05-04,"Corso Magenta, Milano, MI",san maurizio,San Maurizio in musica inaugurazione 4 maggio,https://www.milanotoday.it/eventi/san-maurizio-in-musica-2022.html,Non classificato,"Corso Magenta, Magenta - San Vittore, Municipio 1, Milano, Lombardia, 20123, Italia",45.4657212,9.17112
Teatri,04-05-22,2022-05-04,"Largo Greppi, 1, Milano, MI",Piccolo Teatro Strehler,"""The Future"" a teatro esplora le teorie del tempo, gli oracoli e gli enigmi",https://www.milanotoday.it/eventi/the-future-piccolo-teatro.html,Teatro e spettacolo,"Largo Antonio Greppi, Cerchia dei Navigli, Municipio 1, Milano, Lombardia, 20121, Italia",45.4718502,9.1827114
Spettacoli,04-05-22,2022-05-04,"Viale dell'Innovazione 20,20126, Milano, MI,Italia",Arcimboldi,Tommaso Paradiso - Space Cowboy Tour,https://www.teatro.it/spettacoli/milano/degli-arcimboldi/2021-2022/tommaso-paradiso-space-cowboy-tour,Teatro e spettacolo,"20, Viale dell'Innovazione, Bicocca, Municipio 9, Milano, Lombardia, 20125, Italia",45.5148696,9.2135963
Concerti,04-05-22,2022-05-04,"Via Luigi Granelli, 1, Milano, MI",Carroponte,I One Republic in concerto a Milano. Orari e biglietti,https://www.milanotoday.it/eventi/concerto-one-republic-carroponte.html,Musica e vita notturna,"Carroponte, 1, Via Luigi Granelli, Rondò, Torretta, Sesto San Giovanni, Zona Omogenea Milano Nord, Milano, Lombardia, 20099, Italia",45.529574,9.2209217
Spettacoli,05-05-22,2022-05-05,"Via Giordano Rota 1,20145, Milano, MI,Italia",Nazionale Italiana Assicurazioni,HAIR The Tribal Love - Rock Musical,https://www.teatro.it/spettacoli/milano/nazionale-chebanca/2021-2022/hair-the-tribal-love-rock-musical,Teatro e spettacolo,"20145, Italy",45.4643,9.1895
Concerti,05-05-22,2022-05-05,"Via Larga, 4, Milano, MI",TEATRO LIRICO GIORGIO GABER,Il concerto della Filarmonica di Milano rimandato a nuova data,https://www.milanotoday.it/eventi/concerto-filarmonica-rimandato-a-maggio-2022.html,Musica e vita notturna,"Aster, 4, Via Larga, Duomo, Municipio 1, Milano, Lombardia, 20122, Italia",45.4627669,9.1938522
Concerti,05-05-22,2022-05-05,"Piazza Filippo Meda, 3, Milano, MI",lorenzini district,Il concerto dei The Chainsmokers rimandato al 2022. Date e biglietti,https://www.milanotoday.it/eventi/concerto-the-chainsmokers-milano-biglietti.html,Musica e vita notturna,"Piazza Filippo Meda, Duomo, Municipio 1, Milano, Lombardia, 20122, Italia",45.4668958,9.1933427
Concerti,05-05-22,2022-05-05,"Via Larga, 14, Milano, MI",TEATRO LIRICO GIORGIO GABER,Il concerto della Filarmonica a teatro e come avere i biglietti,https://www.milanotoday.it/eventi/concerto-filarmonica.html,Musica e vita notturna,"Teatro Lirico Giorgio Gaber, 14, Via Larga, Cerchia dei Navigli, Municipio 1, Milano, Lombardia, 20122, Italia",45.4615135,9.1918702
Incontri,05-05-22,2022-05-05,"Via Giovanni Pascoli, 53, Milano, MI",Auditorium - Politecnico di Milano,Visioni politecniche - Tecnologie per il recupero dei rifiuti a supporto dell'economia circolare,https://www.milanotoday.it/eventi/visioni-politecniche-tecnologie-2022.html,Formazione e networking,"53, Via Giovanni Pascoli, Città Studi, Municipio 3, Milano, Lombardia, 20133, Italia",45.4765703,9.2244693
Mostre,05-06-22,2022-05-05,"Via Achille Maiocchi, 15, Milano, MI",Maiocchi15,"Nostos, il ritorno a Itaca. Esposizione delle opere di Barbara Pastorino",https://www.milanotoday.it/eventi/nostos-il-ritorno-a-itaca.html,Arte e cultura,"Via Achille Maiocchi, Buenos Aires - Venezia, Municipio 3, Milano, Lombardia, 20129, Italia",45.4762588,9.2159801
Mostra,02-07-22,2022-05-05,"via Brera, 28, Milano, MI",Pinacoteca di Brera - Biblioteca Nazionale Braidense di Milano,L'IDEA DELLA BIBLIOTECA - La collezione di libri antichi di UMBERTO ECO,,Arte e cultura,"Istituto Nazionale di Astrofisica – Osservatorio astronomico di Brera, 28, Via Brera, Cerchia dei Navigli, Municipio 1, Milano, Lombardia, 20121, Italia",45.4715946,9.1889707
Mostre,28-05-22,2022-05-05,"Via Gaudenzio Ferrari, 3, Milano, MI",Almach Art Gallery,"570 nm - ""Quanto è bello il giallo!""",https://www.milanotoday.it/eventi/570-nm-quanto-e-bello-2022.html,Arte e cultura,"3, Via Gaudenzio Ferrari, Ticinese, Municipio 1, Milano, Lombardia, 20123, Italia",45.4558833,9.1754506
Spettacoli,05-05-22,2022-05-05,"v. Mons. Pogliani 7/a,ang. via Grandi,20090, Cesano Boscone, MI,Italia",Cristallo,Tre uomini e una culla,https://www.teatro.it/spettacoli/cesano-boscone/cristallo/2021-2022/tre-uomini-e-una-culla,Teatro e spettacolo,"20090, Italy",45.407,9.1083
Spettacoli,05-05-22,2022-05-05,"Via Rovello 2,20121, Milano, MI,Italia",Piccolo Teatro - Teatro Grassi,ZOO,https://www.teatro.it/spettacoli/milano/piccolo-teatro-teatro-grassi/2021-2022/zoo-lino-guanciale,Teatro e spettacolo,"2, Via Rovello, Brera, Milano, Lombardia, 20121, Italia",45.4665188,9.1847651
Spettacoli,05-05-22,2022-05-05,"Via Ciro Menotti 11,20129, Milano, MI,Italia",Menotti,Un comico fatto di sangue,https://www.teatro.it/spettacoli/milano/menotti/2021-2022/un-comico-fatto-di-sangue,Teatro e spettacolo,"11, Via Ciro Menotti, Buenos Aires - Venezia, Municipio 3, Milano, Lombardia, 20129, Italia",45.4699888,9.2132156
,26-05-22,2022-05-05,"Via Lovanio, 6, Milano, MI",Amy-d Arte Spazio,Mostra personale di Massimo Faccini da Amy-d,https://www.milanotoday.it/eventi/mostra-personale-di-massimo-faccini-2022.html,Non classificato,"6, Via Lovanio, Brera, Municipio 1, Milano, Lombardia, 20121, Italia",45.4766942,9.1861782
Incontri,05-05-22,2022-05-05,"Foro Buonaparte, 67, Milano, MI",Fondazione Matalon,Immagini dal fronte la grande guerra 1914-1918 nell’archivio della biblioteca Cesare Pozzo,https://www.milanotoday.it/eventi/immagini-fronte-grande-guerra-1914-1918-2022.html,Formazione e networking,"Gran Caffè al Foro, 67, Foro Buonaparte, Duomo, Municipio 1, Milano, Lombardia, 20121, Italia",45.467893,9.1809797
Teatri,05-05-22,2022-05-05,"Via Santa Croce, 15, Milano, MI",Associazione IBVA,"""Di fame e di guerra"". Mario Pirovano porta in scena Dario Fo e Franca Rame",https://www.milanotoday.it/eventi/di-fame-e-di-guerra-mario-pirovano-2022.html,Teatro e spettacolo,"Via Santa Croce, Ticinese, Municipio 1, Milano, Lombardia, 20136, Italia",45.4540253,9.1823474
Manifestazioni,08-05-22,2022-05-05,"Via Palestro, Milano, MI",Giardini Indro Montanelli,I bellissimi fiori di Orticola tornano in città,https://www.milanotoday.it/eventi/orticola-2022.html,Altri eventi,"Via Palestro, Giardini Porta Venezia, Municipio 1, Milano, Lombardia, 20219, Italia",45.4722109,9.2017814
,08-05-22,2022-05-06,"Via Melchiorre Gioia, 60, Milano, MI",Istituto Salesiano S.Ambrogio,"Sorridi, è gratis",https://www.milanotoday.it/eventi/sorridi-e-gratis-fotoreporter-enrico-mascheroni.html,Non classificato,"60, Via Melchiorre Gioia, Centrale, Municipio 2, Milano, Lombardia, 20124, Italia",45.4891087,9.2008296
Incontri,07-05-22,2022-05-06,"Via Marsala, 8, Milano, MI",Casa delle Associazioni e del Volontariato Zona 1,Open day casa associazioni via Marsala 8,https://www.milanotoday.it/eventi/open-day-casa-associazioni-via-marsala-8.html,Formazione e networking,"8, Via Marsala, Brera, Municipio 1, Milano, Lombardia, 20121, Italia",45.4788366,9.187267
Mostre,19-05-22,2022-05-06,"Via Pio II, Milano, MI",Ospedale San Carlo,"""Behind the mask"": in ospedale la mostra sugli eroi anti covid, senza mascherina",https://www.milanotoday.it/eventi/mostra-behind-the-mask.html,Arte e cultura,"Via Pio Secondo, Quartiere Vercellese, Forze Armate, Municipio 7, Milano, Lombardia, 20147, Italia",45.4705548,9.1139856
Spettacoli,06-05-22,2022-05-06,"Via Varese,29,20024, Garbagnate Milanese, MI,Italia",Italia,Tre uomini e una culla,https://www.teatro.it/spettacoli/garbagnate-milanese/italia/2021-2022/tre-uomini-e-una-culla,Teatro e spettacolo,"Via Varese, Quadrifoglio, Santa Maria Rossa, Garbagnate Milanese, Milano, Lombardia, 20024, Italia",45.5758278,9.0778952
Spettacoli,06-05-22,2022-05-06,"Via Andrea Maria Ampère 1,20131, Milano, MI,Italia",MTM - Leonardo,ABBA DREAM,https://www.teatro.it/spettacoli/milano/leonardo/2021-2022/abba-dream-in-concerto,Teatro e spettacolo,"Teatro Leonardo da Vinci, 1, Via Andrea Maria Ampère, Città Studi, Municipio 3, Milano, Lombardia, 20131, Italia",45.4795266,9.2263901
,06-05-22,2022-05-06,"Via Ulrico Hoepli, 3B, Milano, MI",Auditorium San Fedele,"Breaking words and music, quarto stagione concertistica",https://www.milanotoday.it/eventi/breaking-words-and-music-quarto-stagione-2022.html,Non classificato,"Via Ulrico Hoepli, Duomo, Municipio 1, Milano, Lombardia, 20122, Italia",45.4665215,9.1926359
,07-05-22,2022-05-07,"Via Alessandro Manzoni, 56, Milano, MI",IRCCS Istituto Clinico Humanitas,Denti disallineati? Esiste una soluzione trasparente per riportarli nella giusta posizione: scopri come all’open day del 7 maggio presso il Dental Center di Humanitas Rozzano.,https://www.milanotoday.it/eventi/denti-disallineati-esiste-soluzione-trasparente.html,Non classificato,"56, Via Alessandro Manzoni, Paullo, Milano, Lombardia, 20067, Italia",45.4180966,9.4000575
Altro,07-05-22,2022-05-07,"Via Brera, 28, Milano, MI",Pinacoteca di Brera,"Natura morta con piatto di peltro, aragoste, limone, ampolle di vetro, pane e bottiglia di vino di Giacomo Ceruti, detto il Pitocchetto",,Altri eventi,"Istituto Nazionale di Astrofisica – Osservatorio astronomico di Brera, 28, Via Brera, Cerchia dei Navigli, Municipio 1, Milano, Lombardia, 20121, Italia",45.4715946,9.1889707
Itinerario culturale,07-05-22,2022-05-07,"Via Brera, 28, Milano, MI",Pinacoteca di Brera,Le opere di Brera a MUBIG. Il Museo di Comunità del quartiere di Greco,,Arte e cultura,"Istituto Nazionale di Astrofisica – Osservatorio astronomico di Brera, 28, Via Brera, Cerchia dei Navigli, Municipio 1, Milano, Lombardia, 20121, Italia",45.4715946,9.1889707
Mostra,07-05-22,2022-05-07,"Via Senato, 10, Milano, MI",Archivio di Stato di Milano,"Non un crine di cavallo, ma tre ciocche dell'imperial chioma: presentazione dei risultati delle analisi del DNA sui capelli di Napoleone",,Arte e cultura,"10, Via Senato, Guastalla, Municipio 1, Milano, Lombardia, 20121, Italia",45.4700976,9.1981223
Spettacoli,07-05-22,2022-05-07,"Via Pier Lombardo 14,20135, Milano, MI,Italia",Franco Parenti - Sala Blu,Una vita che sto qui,https://www.teatro.it/spettacoli/milano/franco-parenti-sala-acomea/2021-2022/una-vita-che-sto-qui,Teatro e spettacolo,"Via Pier Lombardo, Porta Romana, Municipio 4, Milano, Lombardia, 20135, Italia",45.4542958,9.2063109
Spettacoli,07-05-22,2022-05-07,"Via Pier Lombardo 14,20135, Milano, MI,Italia",Franco Parenti - Sala Blu,Una vita che sto qui,https://www.teatro.it/spettacoli/milano/franco-parenti-sala-acomea/2021-2022/una-vita-che-sto-qui,Teatro e spettacolo,"Via Pier Lombardo, Porta Romana, Municipio 4, Milano, Lombardia, 20135, Italia",45.4542958,9.2063109
,07-05-22,2022-05-07,"Via Alessandro Manzoni, 56, Milano, MI",IRCCS Istituto Clinico Humanitas,Denti disallineati? Esiste una soluzione trasparente per riportarli nella giusta posizione: scopri come all’open day del 7 maggio presso il Dental Center di Humanitas Rozzano.,https://www.milanotoday.it/eventi/denti-disallineati-esiste-soluzione-trasparente.html,Non classificato,"56, Via Alessandro Manzoni, Paullo, Milano, Lombardia, 20067, Italia",45.4180966,9.4000575
,07-05-22,2022-05-07,"Via Alessandro Manzoni, 56, Milano, MI",IRCCS Istituto Clinico Humanitas,Denti disallineati? Esiste una soluzione trasparente per riportarli nella giusta posizione: scopri come all’open day del 7 maggio presso il Dental Center di Humanitas Rozzano.,https://www.milanotoday.it/eventi/denti-disallineati-esiste-soluzione-trasparente.html,Non classificato,"56, Via Alessandro Manzoni, Paullo, Milano, Lombardia, 20067, Italia",45.4180966,9.4000575
,11-05-22,2022-05-07,"Via Aosta, 17, Milano, MI",Spazio espositivo,Memorie del tempo: la mostra sui luoghi abbandonati,https://www.milanotoday.it/eventi/memoriae-temporis-8899074.html,Non classificato,"17, Via Aosta, Bullona, Ghisolfa, Municipio 8 di Milano, Milano, Lombardia, 20155, Italia",45.4920873,9.1657754
,07-05-22,2022-05-07,"Via Alessandro Manzoni, 56, Milano, MI",IRCCS Istituto Clinico Humanitas,Denti disallineati? Esiste una soluzione trasparente per riportarli nella giusta posizione: scopri come all’open day del 7 maggio presso il Dental Center di Humanitas Rozzano.,https://www.milanotoday.it/eventi/denti-disallineati-esiste-soluzione-trasparente.html,Non classificato,"56, Via Alessandro Manzoni, Paullo, Milano, Lombardia, 20067, Italia",45.4180966,9.4000575
Incontri,07-05-22,2022-05-07,"Via Fratelli Zoia, 194, Milano, MI",Cascina Linterno,Alla scoperta del meraviglioso mondo degli insetti,https://www.milanotoday.it/eventi/visita-parco-cave-insetti.html,Formazione e networking,"Via Fratelli Zoia, Quarto Cagnino, Municipio 7, Milano, Lombardia, 20153, Italia",45.4751914,9.108401
,08-05-22,2022-05-07,"Piazza Francesco Carrara, 17, Milano, MI",Centro Asteria,Ben venga maggio | Festival di poesia,https://www.milanotoday.it/eventi/ben-venga-maggio-festival-di-poesia-2022.html,Non classificato,"17, Piazza Francesco Carrara, Stadera, Municipio 5, Milano, Lombardia, 20136, Italia",45.4369245,9.1761088
Manifestazioni,07-05-22,2022-05-07,"Via Giulio Cesare Procaccini, 4, Milano, MI",Fabbrica del Vapore,"Un viaggio nelle emozioni per i vostri bimbi, con Museofarfalla in Fabbrica del Vapore",https://www.milanotoday.it/eventi/viaggio-nelle-emozioni-per-i-vostri-bimbi.html,Altri eventi,"4, Via Giulio Cesare Procaccini, Bullona, Porta Volta, Municipio 8 di Milano, Milano, Lombardia, 20154, Italia",45.4839945,9.1753796
,08-05-22,2022-05-07,"Piazza Venticinque Aprile, Milano, MI",Piazza XXV Aprile,#UnaFettaDiParma fa il giro dell’Italia: scopri dove assaporare Prosciutto di Parma a Milano,https://www.milanotoday.it/eventi/degustazione-prosciutto-milano.html,Non classificato,"Piazza Venticinque Aprile, Brera, Municipio 9, Milano, Lombardia, 20100, Italia",45.480639,9.1875684
,07-05-22,2022-05-07,"Via Palestro, 16, Milano, MI",Giardini di Villa Reale,"""Pic-nic di theodora""",https://www.milanotoday.it/eventi/pic-nic-di-theodora-2022.html,Non classificato,"Galleria d'Arte Moderna, 16, Via Palestro, Guastalla, Municipio 1, Milano, Lombardia, 20121, Italia",45.4725327,9.199676
Manifestazioni,13-05-22,2022-05-07,"Via Gian Antonio Boltraffio, 21, Milano, MI",Teatro Fontana,Festival exister - Here and now,https://www.milanotoday.it/eventi/festival-exister-here-and-now.html,Altri eventi,"21, Via Gian Antonio Boltraffio, Isola, Municipio 9, Milano, Lombardia, 20159, Italia",45.4921952,9.1878419
Incontri,24-05-22,2022-05-07,"Via Giuseppe Dall'Occo, 1, Milano, MI",Galleria Click Art,Anima,https://www.milanotoday.it/eventi/anima-2022.html,Formazione e networking,"Via Giuseppe Dall'Occo, Cormano, Zona Omogenea Milano Nord, Milano, Lombardia, 20032, Italia",45.5444599,9.1691639
,07-05-22,2022-05-07,"Via Libertà, 101, Milano, MI",eclairage cafè,Eclairage cafè - She likes winter,https://www.milanotoday.it/eventi/eclairage-cafe-she-likes-winter-2022.html,Non classificato,"Via Libertà, Cinisello, Cinisello Balsamo, Zona Omogenea Milano Nord, Milano, Lombardia, 20092, Italia",45.5539895,9.2163435
,07-05-22,2022-05-07,"Viale Delle Rimembranze, 16, Milano, MI",Spazio Lambrate,"""Un'altra notte"" torna a Milano",https://www.milanotoday.it/eventi/altra-notte-torna-a-milano-2022.html,Non classificato,"16, Viale delle Rimembranze, Cascina Confaloniera, Rosate, Unione dei Comuni I Fontanili, Milano, Lombardia, 20088, Italia",45.3500709,9.0174539
,08-05-22,2022-05-08,"Via Federico de Roberto, Milano, MI",Palestra di Via De Roberto,Volley_il torneo di beneficienza delle mamme di Milano a favore di lega italiana tumori,https://www.milanotoday.it/eventi/volley_torneo-beneficienza-2022.html,Non classificato,"Via Federico de Roberto, Vialba II, Quarto Oggiaro, Municipio 8 di Milano, Milano, Lombardia, 20157, Italia",45.5156272,9.1398304
,08-05-22,2022-05-08,"Piazza del Cannone, Milano, MI",Piazza del Cannone,A Milano torna la Strawoman,https://www.milanotoday.it/eventi/strawoman-8786895.html,Non classificato,"Piazza del Cannone, Parco Sempione, Municipio 1, Milano, Lombardia, Italia",45.4716693,9.1780647
Cibo e Vino,10-05-22,2022-05-08,"Via Moncucco, 35, Milano, MI",Superstudio Maxi,"Mixology Experience, la manifestazione dei cocktail e dei drink",https://www.milanotoday.it/eventi/mixology-experience-superstudio-maxi.html,Enogastronomia,"35, Via Moncucco, San Cristoforo, Municipio 6, Milano, Lombardia, 20143, Italia",45.4388607,9.1668385
,08-05-22,2022-05-08,"Via Giuseppe Mazzini, 140, Milano, MI",Asilo del Cane di Palazzolo M.se,Festa di primavera dell'asilo del cane,https://www.milanotoday.it/eventi/festa-di-primavera-dell-asilo-del-cane-8946594.html,Non classificato,"Via Giuseppe Mazzini, Cerchia dei Navigli, Municipio 1, Milano, Lombardia, 20123, Italia",45.4634905,9.1885191
Concerti,08-05-22,2022-05-08,"Via Valtellina, 25, Milano, MI",Alcatraz Milano,Dargen D'Amico in concerto a Milano. Orari e biglietti,https://www.milanotoday.it/eventi/concerto-dargen-d-amico-biglietti.html,Musica e vita notturna,"Alcatraz, 25, Via Valtellina, Isola, Municipio 9, Milano, Lombardia, 20159, Italia",45.494744,9.1823768
Incontri,08-05-22,2022-05-08,"Via San Giovanni sul Muro, 3, Milano, MI",Teatro Dal Verme,Il cinema di Chaplin,https://www.milanotoday.it/eventi/cinema-di-chaplin-2022.html,Formazione e networking,"3, Via San Giovanni sul Muro, Cerchia dei Navigli, Municipio 1, Milano, Lombardia, 20121, Italia",45.4671381,9.1817607
,08-05-22,2022-05-08,"Via Privata Cascia, 6, Milano, MI",Jardino,The body electric: arte visiva e pratica di danza consapevole,https://www.milanotoday.it/eventi/the-body-electric-2022.html,Non classificato,"6, Via Privata Cascia, Adriano, Municipio 2, Milano, Lombardia, 20128, Italia",45.5119899,9.2439487
Spettacoli,08-05-22,2022-05-08,"Corso Buenos Aires 33,20124, Milano, MI,Italia",Elfo Puccini - sala Shakespeare,Lo strano caso del cane ucciso a mezzanotte,https://www.teatro.it/spettacoli/milano/elfo-puccini-sala-shakespeare/2021-2022/lo-strano-caso-del-cane-ucciso-a-mezzanotte,Teatro e spettacolo,"Teatro Elfo Puccini, 33, Corso Buenos Aires, Buenos Aires - Venezia, Municipio 3, Milano, Lombardia, 20124, Italia",45.4794317,9.2098387
Spettacoli,08-05-22,2022-05-08,"via Pier Lombardo,14,20135, Milano, MI,Italia",Franco Parenti - Sala Grande,Il filo di mezzogiorno,https://www.teatro.it/spettacoli/milano/franco-parenti-sala-grande/2021-2022/il-filo-di-mezzogiorno,Teatro e spettacolo,"Via Pier Lombardo, Porta Romana, Municipio 4, Milano, Lombardia, 20135, Italia",45.4542958,9.2063109
Spettacoli,08-05-22,2022-05-08,"Via Hermada,8,20162, Milano, MI,Italia",della Cooperativa,Nessun miracolo a Milano,https://www.teatro.it/spettacoli/milano/della-cooperativa/2021-2022/nessun-miracolo-a-milano,Teatro e spettacolo,"8, Via privata Hermada, Niguarda - Cà Granda, Municipio 9, Milano, Lombardia, 20162, Italia",45.5147872,9.1901457
Spettacoli,08-05-22,2022-05-08,"Via Giordano Rota 1,20145, Milano, MI,Italia",Nazionale Italiana Assicurazioni,L'illusionista,https://www.teatro.it/spettacoli/milano/nazionale-chebanca/2021-2022/lillusionista,Teatro e spettacolo,"20145, Italy",45.4643,9.1895
Spettacoli,08-05-22,2022-05-08,"Via G. di Vittorio 6,20090, Assago, MI,Italia",Unipol Forum,Caparezza: Exuvia - Palasport 2022,https://www.teatro.it/spettacoli/assago/mediolanum-forum/2021-2022/caparezza-exuvia-palasport-2022,Teatro e spettacolo,"20090, Italy",45.407,9.1083
Incontri,08-05-22,2022-05-08,"Via Napo Torriani, 3, Milano, MI",Wine Witness,Let's sparkling,https://www.milanotoday.it/eventi/let-s-sparkling-2022.html,Formazione e networking,"Giardì, 3, Via Napo Torriani, Centrale, Municipio 2, Milano, Lombardia, 20124, Italia",45.4805688,9.203612
,09-05-22,2022-05-09,"Via San Marco, 22, Milano, MI",Cambi Casa d'Aste,"Un'Arca per l'Ucraina, asta benefica",https://www.milanotoday.it/eventi/asta-ucraina.html,Non classificato,"Cambi Aste, 22, Via San Marco, Brera, Municipio 1, Milano, Lombardia, 20121, Italia",45.4757025,9.188607
Spettacoli,09-05-22,2022-05-09,"Via Larga 14,20122, Milano, MI,Italia",Lirico Giorgio Gaber,Così parlò Bellavista,https://www.teatro.it/spettacoli/milano/lirico-giorgio-gaber/2021-2022/cosi-parlo-bellavista,Teatro e spettacolo,"Teatro Lirico Giorgio Gaber, 14, Via Larga, Cerchia dei Navigli, Municipio 1, Milano, Lombardia, 20122, Italia",45.4615135,9.1918702
Spettacoli,09-05-22,2022-05-09,"Viale dell'Innovazione 20,20126, Milano, MI,Italia",Arcimboldi,Glamonatrix,https://www.teatro.it/spettacoli/milano/degli-arcimboldi/2021-2022/glamonatrix,Teatro e spettacolo,"20, Viale dell'Innovazione, Bicocca, Municipio 9, Milano, Lombardia, 20125, Italia",45.5148696,9.2135963
Mostre,29-05-22,2022-05-09,"Corso Garibaldi, 89, Milano, MI",Casa degli Artisti,La mostra sensoriale (e gratis) per scoprire le meraviglie della Svizzera,https://www.milanotoday.it/eventi/mostra-sensoriale-svizzera.html,Arte e cultura,"California Bakery, 89, Corso Giuseppe Garibaldi, Brera, Municipio 1, Milano, Lombardia, 20121, Italia",45.4766929,9.1840499
Mostre,05-06-22,2022-05-10,"Via Ausonio, 20, Milano, MI",Archivio Iginio Balderi,Il mondo immaginario di Bart Herreman in mostra a Milano,https://www.milanotoday.it/eventi/mostra-fotografica-bart-herreman.html,Arte e cultura,"20, Via Ausonio, Magenta - San Vittore, Municipio 1, Milano, Lombardia, 20123, Italia",45.4584305,9.1723345
Mostre,04-09-22,2022-05-10,"Piazza del Duomo, Milano, MI",Museo del Novecento,"La mostra di Luigi Veronesi tra arte, musica, teatro e cinema",https://www.milanotoday.it/eventi/mostra-luigi-veronesi.html,Arte e cultura,"Piazza del Duomo, Duomo, Municipio 1, Milano, Lombardia, Italia",45.4639102,9.1906398
Teatri,22-05-22,2022-05-10,"Via Giorgio Vasari, 15, Milano, MI",Teatro Franco Parenti,"""Anna dei miracoli"" a teatro racconta il potere della disabilità",https://www.milanotoday.it/eventi/anna-dei-miracoli-teatro-franco-parenti.html,Teatro e spettacolo,"Via Giorgio Vasari, Porta Romana, Municipio 4, Milano, Lombardia, 20135, Italia",45.4542475,9.2073471
,10-05-22,2022-05-10,"Viale Coni Zugna, 50, Milano, MI",Cinema Teatro Orfeo,Il premio internazionale della comicità,https://www.milanotoday.it/eventi/premio-internazionale-della-comicita.html,Non classificato,"Dama, 50, Viale Coni Zugna, Navigli, Municipio 6, Milano, Lombardia, 20144, Italia",45.4569514,9.1692439
,20-05-22,2022-05-10,"Via Privata Filippo Tommaso Marinetti, 2, Milano, MI",Lo spazio Bianco,Laboratorio città,https://www.milanotoday.it/eventi/laboratorio-citta-raymundo-sesma-2022.html,Non classificato,"2, Via privata Filippo Tommaso Marinetti, Padova, Municipio 2, Milano, Lombardia, 20127, Italia",45.4971406,9.2291684
Spettacoli,10-05-22,2022-05-10,"Via Rivoli 6,20121, Milano, MI,Italia",Piccolo Teatro - Studio Melato,Best Regards,https://www.teatro.it/spettacoli/milano/piccolo-teatro-studio-melato/2021-2022/best-regards,Teatro e spettacolo,"6, Via Rivoli, Brera, Municipio 1, Milano, Lombardia, 20121, Italia",45.4726093,9.182881
,11-05-22,2022-05-11,"Via Sant'Antonio, 5, Milano, MI",Centro Pastorale Ambrosiano,"La libertà si impara, non si improvvisa",https://www.milanotoday.it/eventi/liberta-si-impara-non-si-improvvis-2022.html,Non classificato,"5, Via Sant'Antonio, Duomo, Municipio 1, Milano, Lombardia, 20122, Italia",45.4614519,9.1934697
Spettacoli,11-05-22,2022-05-11,"Viale dell'Innovazione 20,20126, Milano, MI,Italia",Arcimboldi,DRUSILLA FOER - Eleganzissima Friends & Orchestra,https://www.teatro.it/spettacoli/milano/degli-arcimboldi/2021-2022/drusilla-foer-eleganzissima-friends-orchestra,Teatro e spettacolo,"20, Viale dell'Innovazione, Bicocca, Municipio 9, Milano, Lombardia, 20125, Italia",45.5148696,9.2135963
,13-05-22,2022-05-11,"Piazza Venticinque Aprile, 8, Milano, MI",Anteo - Palazzo del Cinema,Cinema e arti. Brera,https://www.milanotoday.it/eventi/cinema-e-arti-brera-2022.html,Non classificato,"Anteo Spazio Cinema, 8, Piazza Venticinque Aprile, Brera, Municipio 1, Milano, Lombardia, 20121, Italia",45.4800568,9.1877898
Mostre,07-06-22,2022-05-11,"Via Enrico Caviglia, 3, Milano, MI",Istituto Italiano di Fotografia,Mostra “accerchiati incanti. come Ofelia” di Francesca della Toffola,https://www.milanotoday.it/eventi/mostra-accerchiati-2022.html,Arte e cultura,"CSDM, 3, Via Enrico Caviglia, Lodi - Corvetto, Municipio 4, Milano, Lombardia, 20139, Italia",45.4428538,9.2307904
Mostra,11-05-22,2022-05-11,"Via Palestro, 16, Milano, MI",Galleria d'arte moderna di Milano,"Gaetano Previati, Maternità,1890-1891",,Arte e cultura,"Galleria d'Arte Moderna, 16, Via Palestro, Guastalla, Municipio 1, Milano, Lombardia, 20121, Italia",45.4725327,9.199676
Concerti,11-05-22,2022-05-11,"Via Giuseppe di Vittorio, Milano, MI",Mediolanum Forum,Concerto di Gazzelle a Milano. Orari e biglietti,https://www.milanotoday.it/eventi/concerto-gazzelle-forum-assago.html,Musica e vita notturna,"Via Giuseppe Di Vittorio, Pontesesto, Rozzano, Milano, Lombardia, 20072, Italia",45.3848731,9.1854672
Teatri,15-05-22,2022-05-12,"Piazza Piero Carnelli, Milano, MI",Teatro Delfino,Luca Sandri in tirar mattina,https://www.milanotoday.it/eventi/luca-sandri-in-tirar-mattina-2022.html,Teatro e spettacolo,"Piazza Don Piero Carnelli, Mecenate, Municipio 4, Milano, Lombardia, 20059, Italia",45.4584915,9.2436908
,19-05-22,2022-05-12,"Via Gaetano Sbodio, 30/3, Milano, MI",Opal,Alias | i 9 artisti vincitori del rea! art prize in mostra collettiva,https://www.milanotoday.it/eventi/alias-9-artisti-vincitori-del-rea-art-2022.html,Non classificato,"Via privata Gaetano Sbodio, Lambrate, Municipio 3, Milano, Lombardia, 20134, Italia",45.4847082,9.2460335
Mercatini,15-05-22,2022-05-12,"Via Marsala, 10, Milano, MI",Spazio da Vivere,Il mercatino dell'usato che aiuta la Casa delle donne,https://www.milanotoday.it/eventi/mercatino-usato-casa-delle-donne.html,Mercati e shopping,"10, Via Marsala, Brera, Municipio 1, Milano, Lombardia, 20121, Italia",45.479211,9.1865718
,25-05-22,2022-05-12,"Via Nicola Antonio Porpora, 16a, Milano, MI",Galleria Spazioporpora,"Le solitudini, la mostra di Alfredo Laviano",https://www.milanotoday.it/eventi/solitudini-alfredo-laviano.html,Non classificato,"Via Nicola Antonio Porpora, Città Studi, Municipio 3, Milano, Lombardia, 20131, Italia",45.4861128,9.2333325
Cibo e Vino,15-05-22,2022-05-12,"Via Luigi Granelli, 1, Milano, MI",Carroponte,"Festival dell'arrosticino 2022, le migliori specialità al Carroponte",https://www.milanotoday.it/eventi/festival-arrosticino-carroponte-2022.html,Enogastronomia,"Carroponte, 1, Via Luigi Granelli, Rondò, Torretta, Sesto San Giovanni, Zona Omogenea Milano Nord, Milano, Lombardia, 20099, Italia",45.529574,9.2209217
Manifestazioni,15-05-22,2022-05-12,"piazza città di lombardia, Milano, MI",Piazza Città di Lombardia,Il Festival della Polinesia arriva a Milano,https://www.milanotoday.it/eventi/festival-della-polinesia-2022.html,Altri eventi,"Piazza Città di Lombardia, GARIBALDI REPUBBLICA, Municipio 9, Milano, Lombardia, 20124, Italia",45.4867209,9.1960553
Incontro/presentazione,12-05-22,2022-05-12,"via Brera, 28, Milano, MI",Pinacoteca di Brera,Bernardino LUINI - Catalogo generale delle opere,,Formazione e networking,"Istituto Nazionale di Astrofisica – Osservatorio astronomico di Brera, 28, Via Brera, Cerchia dei Navigli, Municipio 1, Milano, Lombardia, 20121, Italia",45.4715946,9.1889707
Spettacoli,13-05-22,2022-05-13,"Piazza S. Magno,20025, Legnano, MI,Italia",Galleria,L'Odissea di Kubrick,https://www.teatro.it/spettacoli/legnano/galleria/2021-2022/lodissea-di-kubrick,Teatro e spettacolo,"Piazza San Magno, San Magno, Oltresempione, Legnano, Milano, Lombardia, 20025, Italia",45.5948853,8.9184024
Concerti,15-05-22,2022-05-13,"Corso San Gottardo, 51, Milano, MI",Auditorium di Milano Fondazione Cariplo,"Poesie in musica, il nuovo concerto de LaVerdi",https://www.milanotoday.it/eventi/concerto-la-verdi.html,Musica e vita notturna,"51, Corso San Gottardo, Ticinese, Municipio 5, Milano, Lombardia, 20136, Italia",45.4466607,9.1796002
Mostre,18-09-22,2022-05-13,"Via Tortona, 56, Milano, MI",Mudec - Museo delle Culture Milano,A Milano la nuova mostra sulla rappresentazione artistica di uomini e donne originari dell'Africa,https://www.milanotoday.it/eventi/mostra-africa-mudec.html,Arte e cultura,"Mudec, 56, Via Tortona, Tortona, Municipio 6, Milano, Lombardia, 20144, Italia",45.4520455,9.1613185
Spettacoli,14-05-22,2022-05-14,"Viale dell'Innovazione 20,20126, Milano, MI,Italia",Arcimboldi,Gianna Nannini - IN TEATRO TOUR 2022,https://www.teatro.it/spettacoli/milano/degli-arcimboldi/2021-2022/gianna-nannini-in-teatro-tour-2022,Teatro e spettacolo,"20, Viale dell'Innovazione, Bicocca, Municipio 9, Milano, Lombardia, 20125, Italia",45.5148696,9.2135963
Teatri,14-05-22,2022-05-14,"Via Privata Hermada, Milano, MI",Teatro della Cooperativa,Nicola Vicidomini torna a Milano al Teatro Cooperativa,https://www.milanotoday.it/eventi/nicola-vicidomini-teatro-cooperativa.html,Teatro e spettacolo,"Via privata Hermada, Niguarda - Cà Granda, Municipio 9, Milano, Lombardia, 20162, Italia",45.5147302,9.1902391
,15-05-22,2022-05-14,"Via Bernardo Celentano, 16, Milano, MI",teatro Salone Parrocchiale Maria Dossena,Safar dance  - Spettacolo di danza mediorientale,https://www.milanotoday.it/eventi/safar-dance-2022.html,Non classificato,"Via Bernardo Celentano, Padova, Municipio 2, Milano, Lombardia, 20132, Italia",45.5015062,9.2403388
Incontri,14-05-22,2022-05-14,"Via Gaetano de Castillia, Milano, MI",BAM Biblioteca degli Alberi,Gli incontri sulla natura e il design alla Biblioteca degli Alberi,https://www.milanotoday.it/eventi/incontri-bambini-design-bam.html,Formazione e networking,"Via Gaetano De Castillia, Isola, Municipio 9, Milano, Lombardia, 20100, Italia",45.4858553,9.1928992
Concerti,14-05-22,2022-05-14,"Via Carlo Valvassori Peroni, 56, Milano, MI",Auditorium Stefano Cerri,"Prima edizione dello spettacolo concerto “a piedi nudi: suoli, popoli e le loro connessioni”",https://www.milanotoday.it/eventi/prima-edizione-dello-spettacolo-concerto.html,Musica e vita notturna,"Biblioteca Lambrate, 56, Via Carlo Valvassori Peroni, Città Studi, Municipio 3, Milano, Lombardia, 20133, Italia",45.4796434,9.2376734
Concerti,14-05-22,2022-05-14,"Via Guascona, 60, Milano, MI",Oasi Lago dei Cigni,Stripped,https://www.milanotoday.it/eventi/stripped-lineup-in-locandina.html,Musica e vita notturna,"Via Guascona, Parco Agricolo Sud, Municipio 7, Milano, Lombardia, 20090, Italia",45.4454292,9.0672441
Incontri,14-05-22,2022-05-14,"Via Antonio Mosca, Milano, MI",Chiesa di Santa Marcellina di Muggiano,Alla scoperta dell'Oasi dei fontanili di Muggiano,https://www.milanotoday.it/eventi/visita-cascina-linterno.html,Formazione e networking,"Via Antonio Mosca, Baggio, Municipio 7, Milano, Lombardia, 20153, Italia",45.4584326,9.0859297
Teatri,14-05-22,2022-05-14,"Via Rovello, 2, Milano, MI",Piccolo Teatro Grassi,L'anniversario del Piccolo Teatro e una giornata ricca di spettacoli,https://www.milanotoday.it/eventi/anniversario-piccolo-programma.html,Teatro e spettacolo,"2, Via Rovello, Brera, Milano, Lombardia, 20121, Italia",45.4665188,9.1847651
Mercatini,14-05-22,2022-05-14,"Via Conte Rosso, Milano, MI",Lambrate,Fiori colorati e danze per la pace al Sabato di Lambrate,https://www.milanotoday.it/eventi/sabato-di-lambrate-maggio-2022.html,Mercati e shopping,"Via Conte Rosso, Lambrate, Municipio 3, Milano, Lombardia, 20134, Italia",45.4819574,9.2426159
Manifestazioni,15-05-22,2022-05-14,"Via Antonio Kramer, 5, Milano, MI",Auditorium Beni Culturali Cappuccini,Maratona iconografica. Lezioni intensive di iconografia cristiana al museo dei cappuccini di Milano,https://www.milanotoday.it/eventi/maratona-iconografica-lezioni-intensive-iconografia-2022.html,Altri eventi,"Museo dei Cappuccini, 5, Via Antonio Kramer, Buenos Aires - Venezia, Municipio 3, Milano, Lombardia, 20129, Italia",45.4688373,9.2084455
Spettacoli,14-05-22,2022-05-14,"Via Rivoli 6,20121, Milano, MI,Italia",Piccolo Teatro - Studio Melato,Carne blu,https://www.teatro.it/spettacoli/milano/piccolo-teatro-studio-melato/2021-2022/carne-blu,Teatro e spettacolo,"6, Via Rivoli, Brera, Municipio 1, Milano, Lombardia, 20121, Italia",45.4726093,9.182881
,15-05-22,2022-05-15,"Via Giuseppe Mazzini, 140, Milano, MI",Parco fronte Asilo del Cane di Palazzolo M.se,Festa di primavera dell'asilo del cane,https://www.milanotoday.it/eventi/festa-di-primavera-2022.html,Non classificato,"Via Giuseppe Mazzini, Cerchia dei Navigli, Municipio 1, Milano, Lombardia, 20123, Italia",45.4634905,9.1885191
Spettacoli,15-05-22,2022-05-15,"Corso Buenos Aires 33,20124, Milano, MI,Italia",Elfo Puccini - sala Shakespeare,Ferdinando,https://www.teatro.it/spettacoli/milano/elfo-puccini-sala-shakespeare/2021-2022/ferdinando,Teatro e spettacolo,"Teatro Elfo Puccini, 33, Corso Buenos Aires, Buenos Aires - Venezia, Municipio 3, Milano, Lombardia, 20124, Italia",45.4794317,9.2098387
Spettacoli,15-05-22,2022-05-15,"Via Alessandro Manzoni 42,20121, Milano, MI,Italia",Manzoni,Montagne russe,https://www.teatro.it/spettacoli/milano/manzoni/2021-2022/montagne-russe,Teatro e spettacolo,"Teatro Manzoni, 42, Via Alessandro Manzoni, Cerchia dei Navigli, Municipio 1, Milano, Lombardia, 20121, Italia",45.4710286,9.1944762
Spettacoli,15-05-22,2022-05-15,"via Fezzan,11,20146, Milano, MI,Italia",Ecoteatro,"Topolini, mici e pinguini innamorati",https://www.teatro.it/spettacoli/milano/ecoteatro/2021-2022/topolini-mici-e-pinguini-innamorati,Teatro e spettacolo,"EcoTeatro, 11, Via Fezzan, Bande Nere, Municipio 6, Milano, Lombardia, 20146, Italia",45.4592109,9.1459527
Spettacoli,15-05-22,2022-05-15,"Corso Buenos Aires 33,20124, Milano, MI,Italia",Elfo Puccini - Sala Bausch,Sono solo nella stanza accanto,https://www.teatro.it/spettacoli/milano/elfo-puccini-sala-bausch/2021-2022/sono-solo-nella-stanza-accanto,Teatro e spettacolo,"Teatro Elfo Puccini, 33, Corso Buenos Aires, Buenos Aires - Venezia, Municipio 3, Milano, Lombardia, 20124, Italia",45.4794317,9.2098387
Incontri,15-05-22,2022-05-15,"Piazza della Scala, Milano, MI",Palazzo Marino,A Milano le poesie da spiaggia di Jovanotti,https://www.milanotoday.it/eventi/poesie-jovanotti-palazzo-marino.html,Formazione e networking,"Piazza della Scala, Duomo, Municipio 1, Milano, Lombardia, 20121, Italia",45.4672839,9.1901494
Incontri,15-05-22,2022-05-15,"Via Ettore Ponti, 21, Milano, MI",Villaggio Barona,Il mercatino dei pulcini,https://www.milanotoday.it/eventi/il-mercatino-dei-pulcini-2022.html,Formazione e networking,"La Stazione delle Biciclette, 21, Via Ettore Ponti, Barona, Municipio 6, Milano, Lombardia, 20143, Italia",45.4413328,9.1571262
Spettacoli,15-05-22,2022-05-15,"via Filodrammatici,1,20121, Milano, MI,Italia",Filodrammatici,Il turista,https://www.teatro.it/spettacoli/milano/filodrammatici/2021-2022/il-turista,Teatro e spettacolo,"Teatro dei Filodrammatici, 1, Via Filodrammatici, Brera, Municipio 1, Milano, Lombardia, 20121, Italia",45.467261,9.188435
Concerti,15-05-22,2022-05-15,"Via Pietrasanta, 16, Milano, MI",Magazzini Generali,Gianmaria in concerto a Milano. Orari e biglietti,https://www.milanotoday.it/eventi/concerto-gianmaria-magazzini-generali.html,Musica e vita notturna,"16, Via Pietrasanta, Ex Om - Morivione, Municipio 5, Milano, Lombardia, 20141, Italia",45.4440954,9.1951652
,15-05-22,2022-05-15,"Viale Filippo Meda, 20, Milano, MI",Auditorium Padre Reina,30 passi nel tempo,https://www.milanotoday.it/eventi/30-passi-nel-tempo-2022.html,Non classificato,"Auditorium Padre Giovanni Battista Reina, 20, Viale Filippo Meda, Maliano, Lucernate, Rho, Milano, Lombardia, 20017, Italia",45.5263626,9.0414761
Spettacoli,15-05-22,2022-05-15,"via Pitteri 58,20134, Milano, MI,Italia",Martinitt,"L'uomo, la bestia e la virtù",https://www.teatro.it/spettacoli/milano/martinitt/2021-2022/luomo-la-bestia-e-la-virtu,Teatro e spettacolo,"Via Riccardo Pitteri, Lambrate, Municipio 3, Milano, Lombardia, 20134, Italia",45.4798362,9.2457864
Mostre,26-05-22,2022-05-15,"Ripa di Porta Ticinese, 61, Milano, MI",Arcadia Art Gallery,Gabriele Marchesi e Gianantonio Cristalli - Mostra bi-personale,https://www.milanotoday.it/eventi/gabriele-marchesi-2022.html,Arte e cultura,"61, Ripa di Porta Ticinese, Navigli, Municipio 6, Milano, Lombardia, 20143, Italia",45.4508348,9.1710412
Spettacoli,16-05-22,2022-05-16,"Via Giordano Rota 1,20145, Milano, MI,Italia",Nazionale Italiana Assicurazioni,Maurizio Battista - Tutti contro tutti,https://www.teatro.it/spettacoli/milano/nazionale-chebanca/2021-2022/maurizio-battista-tutti-contro-tutti,Teatro e spettacolo,"20145, Italy",45.4643,9.1895
Teatri,16-05-22,2022-05-16,"Via Monsignor Pogliani, 7, Milano, MI",Teatro Cristallo,Funeral home: Giacomo Poretti a teatro,https://www.milanotoday.it/eventi/funeral-home-giacomo-poretti-2022.html,Teatro e spettacolo,"7, Via Monsignor Pogliani, Rione La Corte, Cesano Boscone, Milano, Lombardia, 20090, Italia",45.4470928,9.0944011
Spettacoli,17-05-22,2022-05-17,"Viale dell'Innovazione 20,20126, Milano, MI,Italia",Arcimboldi,50 Years of Azzurro,https://www.teatro.it/spettacoli/milano/degli-arcimboldi/2021-2022/50-years-of-azzurro,Teatro e spettacolo,"20, Viale dell'Innovazione, Bicocca, Municipio 9, Milano, Lombardia, 20125, Italia",45.5148696,9.2135963
Cinema,29-05-22,2022-05-17,"Viale Fulvio Testi, 121, Milano, MI",Cineteca milano Mic,Le bellissime musiche di Ennio Morricone in una nuova rassegna cinematografica,https://www.milanotoday.it/eventi/rassegna-ennio-morricone-cineteca.html,Arte e cultura,"Fondazione Cineteca Italiana, 121, Viale Fulvio Testi, Niguarda - Cà Granda, Municipio 9, Milano, Lombardia, 20126, Italia",45.5133792,9.2039096
Teatri,24-05-22,2022-05-17,"Via Rivoli, 6, Milano, MI",Piccolo Teatro Studio Melato,"Al Piccolo Teatro il Focus Ucraina tra teatro, cinema e letteratura",https://www.milanotoday.it/eventi/focus-ucraina-piccolo-teatro.html,Teatro e spettacolo,"6, Via Rivoli, Brera, Municipio 1, Milano, Lombardia, 20121, Italia",45.4726093,9.182881
Spettacoli,18-05-22,2022-05-18,"Via Rovello 2,20121, Milano, MI,Italia",Piccolo Teatro - Teatro Grassi,Nudità,https://www.teatro.it/spettacoli/milano/piccolo-teatro-teatro-grassi/2021-2022/nudita,Teatro e spettacolo,"2, Via Rovello, Brera, Milano, Lombardia, 20121, Italia",45.4665188,9.1847651
Visita Guidata,18-05-22,2022-05-18,"Via Brera, 28, Milano, MI",Pinacoteca di Brera,Il Laboratorio di Restauro della Pinacoteca di Brera,,Arte e cultura,"Istituto Nazionale di Astrofisica – Osservatorio astronomico di Brera, 28, Via Brera, Cerchia dei Navigli, Municipio 1, Milano, Lombardia, 20121, Italia",45.4715946,9.1889707
Teatri,18-05-22,2022-05-18,"Via Mosè Bianchi, 94, Milano, MI",Teatro Pime,Il talento della malattia,https://www.milanotoday.it/eventi/talento-della-malattia-paola-albini-2022.html,Teatro e spettacolo,"94, Via Mosè Bianchi, De Angeli - Monte Rosa, Municipio 7, Milano, Lombardia, 20149, Italia",45.4755322,9.1453668
,18-05-22,2022-05-18,"Via Vincenzo Monti, Milano, MI",Zona Monti,Zona monti #4,https://www.milanotoday.it/eventi/zona-monti-4-2022.html,Non classificato,"Via Vincenzo Monti, Pagano, Municipio 1, Milano, Lombardia, 20145, Italia",45.4734702,9.1658339
Mostre,29-05-22,2022-05-19,"Via Felice Cavallotti, 182, Milano, MI",CasaStudio - Fotografia e Archivio,Sguardi di adolescenti. Testimonianze ai tempi del covid-19,https://www.milanotoday.it/eventi/mostre/sguardi-di-adolescenti.html,Arte e cultura,"182, Via Felice Cavallotti, Rione Vittoria, Cassina de' Gatti, Sesto San Giovanni, Zona Omogenea Milano Nord, Milano, Lombardia, 20099, Italia",45.5304536,9.2354062
Teatri,28-05-22,2022-05-19,"Viale dell'Innovazione, Milano, MI",Teatro degli Arcimboldi,Fiorello a teatro in uno spettacolo imperdibile. Orari e biglietti,https://www.milanotoday.it/eventi/fiorello-teatro-arcimboldi.html,Teatro e spettacolo,"Viale dell'Innovazione, Bicocca, Municipio 9, Milano, Lombardia, 20126, Italia",45.51168,9.2112427
Spettacoli,19-05-22,2022-05-19,"via Pitteri 58,20134, Milano, MI,Italia",Martinitt,Emigranti,https://www.teatro.it/spettacoli/milano/martinitt/2021-2022/emigranti,Teatro e spettacolo,"Via Riccardo Pitteri, Lambrate, Municipio 3, Milano, Lombardia, 20134, Italia",45.4798362,9.2457864
Mostre,25-05-22,2022-05-19,"Via Ciro Menotti, 11, Milano, MI",Teatro Menotti,"""Eppur tutto si realizza"": mostra al Teatro Menotti",https://www.milanotoday.it/eventi/teatro/mostra-menotti-veryserilab.html,Arte e cultura,"11, Via Ciro Menotti, Buenos Aires - Venezia, Municipio 3, Milano, Lombardia, 20129, Italia",45.4699888,9.2132156
,30-09-22,2022-05-19,"Via Tortona, 56, Milano, MI",MUDEC,Italicus e chef Bartolini portano al Mudec un pairing mediterraneo,https://www.milanotoday.it/eventi/italicus-e-chef-bartolini-2022.html,Non classificato,"Mudec, 56, Via Tortona, Tortona, Municipio 6, Milano, Lombardia, 20144, Italia",45.4520455,9.1613185
Mostra,03-07-22,2022-05-20,"via Brera, 28, Milano, MI",Pinacoteca di Brera - Biblioteca Nazionale Braidense di Milano,CINQUE MAGGIO CANCELLATO di Emilio Isgrò,,Arte e cultura,"Istituto Nazionale di Astrofisica – Osservatorio astronomico di Brera, 28, Via Brera, Cerchia dei Navigli, Municipio 1, Milano, Lombardia, 20121, Italia",45.4715946,9.1889707
Concerti,22-05-22,2022-05-20,"Piazzale dello Sport, Milano, MI",Ippodromo di San Siro,"Piano City Milano, i concerti del weekend all'Ippodromo",https://www.milanotoday.it/eventi/piano-city-concerti-ippodromo.html,Musica e vita notturna,"Piazzale dello Sport, San Siro, Municipio 7, Milano, Lombardia, 20148, Italia",45.4789681,9.130166
Spettacoli,20-05-22,2022-05-20,"via Procaccini,4,20100, Milano, MI,Italia",La Fabbrica del Vapore,Campioni del mondo - 3 settembre 1982,https://www.teatro.it/spettacoli/milano/la-fabbrica-del-vapore/2021-2022/campioni-del-mondo-3-settembre-1982,Teatro e spettacolo,"4, Via Giulio Cesare Procaccini, Bullona, Porta Volta, Municipio 8 di Milano, Milano, Lombardia, 20154, Italia",45.4839945,9.1753796
Spettacoli,20-05-22,2022-05-20,"Via Alessandro Manzoni 42,20121, Milano, MI,Italia",Manzoni,Tutto il mondo è un palcoscenico,https://www.teatro.it/spettacoli/milano/manzoni/2021-2022/tutto-il-mondo-e-un-palcoscenico,Teatro e spettacolo,"Teatro Manzoni, 42, Via Alessandro Manzoni, Cerchia dei Navigli, Municipio 1, Milano, Lombardia, 20121, Italia",45.4710286,9.1944762
Cibo e Vino,22-05-22,2022-05-20,"Piazza Gae Aulenti, Milano, MI",,Il villaggio della birra e un caprone gigante a Milano,https://www.milanotoday.it/eventi/villaggio-della-birra-gae-aulenti.html,Enogastronomia,"Piazza Gae Aulenti, GARIBALDI REPUBBLICA, Municipio 9, Milano, Lombardia, Italia",45.4834778,9.1902248
Spettacoli,21-05-22,2022-05-21,"Via Giordano Rota 1,20145, Milano, MI,Italia",Nazionale Italiana Assicurazioni,The Pozzolis Family: La grande fuga,https://www.teatro.it/spettacoli/milano/nazionale-chebanca/2021-2022/the-pozzolis-family-la-grande-fuga,Teatro e spettacolo,"20145, Italy",45.4643,9.1895
Spettacoli,21-05-22,2022-05-21,"via Procaccini,4,20100, Milano, MI,Italia",La Fabbrica del Vapore,Da grande voglio fare il mafioso,https://www.teatro.it/spettacoli/milano/la-fabbrica-del-vapore/2021-2022/da-grande-voglio-fare-il-mafioso,Teatro e spettacolo,"4, Via Giulio Cesare Procaccini, Bullona, Porta Volta, Municipio 8 di Milano, Milano, Lombardia, 20154, Italia",45.4839945,9.1753796
Concerti,21-05-22,2022-05-21,"Piazza del Duomo, Milano, MI",piazza duomo,In piazza Duomo torna il grande concerto di Radio Italia,https://www.milanotoday.it/eventi/concerto-radio-italia-piazza-duomo.html,Musica e vita notturna,"Piazza del Duomo, Duomo, Municipio 1, Milano, Lombardia, Italia",45.4639102,9.1906398
,22-05-22,2022-05-21,"Via Voghera, 4, Milano, MI",Experience Design bed&show,Ortolab,https://www.milanotoday.it/eventi/ortolab-2022.html,Non classificato,"4, Via Voghera, Tortona, Municipio 6, Milano, Lombardia, 20144, Italia",45.4546183,9.1685385
,21-05-22,2022-05-21,"Via Piave, 60, Milano, MI",Auditorium,Linder berggren 4et 21 maggio vimodrone,https://www.milanotoday.it/eventi/linder-berggren-4et-21-maggio-vimodrone-2022.html,Non classificato,"Scuola Primaria di Via Piave, 60, Via Piave, Cascina Guasta, Vimodrone, Milano, Lombardia, 20055, Italia",45.5203568,9.2847068
Teatri,02-06-22,2022-05-21,"Via Giorgio Vasari, 15, Milano, MI",Bagni Misteriosi,Filippo Timi e il cabaret delle piccole cose a teatro,https://www.milanotoday.it/eventi/spettacolo-cabaret-piccole-cose.html,Teatro e spettacolo,"Via Giorgio Vasari, Porta Romana, Municipio 4, Milano, Lombardia, 20135, Italia",45.4542475,9.2073471
Concerti,21-05-22,2022-05-21,"Via Giuseppe Bruschetti, 11, Milano, MI",Rock'n'Roll Milano,"Sanlevigo + Daniele cella live @ rnr club, milano",https://www.milanotoday.it/eventi/sanlevigo-daniele-cella-live.html,Musica e vita notturna,"11, Via Giuseppe Bruschetti, Centrale, Municipio 2, Milano, Lombardia, 20125, Italia",45.4924627,9.2077942
Incontri,17-09-22,2022-05-21,"Via Giulio Natta, Milano, MI",Cascina Cotica,"Teatro per bambini, concerti e cabaret alla Cascina Cotica",https://www.milanotoday.it/eventi/giornata-teatro-cascina-cotica.html,Formazione e networking,"Via Giulio Natta, Gallaratese, Lampugnano, Municipio 8 di Milano, Milano, Lombardia, 20148, Italia",45.4875935,9.1296363
Convegno/conferenza,21-05-22,2022-05-21,"Via Senato, 10, Milano, MI",Archivio di Stato di Milano,"Tesori d’archivio: sigilli staccati, tra conservazione e restauro",,Formazione e networking,"10, Via Senato, Guastalla, Municipio 1, Milano, Lombardia, 20121, Italia",45.4700976,9.1981223
Spettacoli,22-05-22,2022-05-22,"Via Larga 14,20122, Milano, MI,Italia",Lirico Giorgio Gaber,Claudio Baglioni - Dodici Note Solo 2022/23,https://www.teatro.it/spettacoli/milano/lirico-giorgio-gaber/2021-2022/claudio-baglioni-dodici-note-solo-2022,Teatro e spettacolo,"Teatro Lirico Giorgio Gaber, 14, Via Larga, Cerchia dei Navigli, Municipio 1, Milano, Lombardia, 20122, Italia",45.4615135,9.1918702
Spettacoli,22-05-22,2022-05-22,"via Procaccini,4,20100, Milano, MI,Italia",La Fabbrica del Vapore,Palmina - Amara terra mia,https://www.teatro.it/spettacoli/milano/la-fabbrica-del-vapore/2021-2022/palmina-amara-terra-mia,Teatro e spettacolo,"4, Via Giulio Cesare Procaccini, Bullona, Porta Volta, Municipio 8 di Milano, Milano, Lombardia, 20154, Italia",45.4839945,9.1753796
,22-05-22,2022-05-22,"Via Gaetano Pini, 9, Milano, MI",Ospedale Gaetano Pini,"Piano city Milano, concerto al Gaetano Pini: la musica cura",https://www.milanotoday.it/eventi/piano-city-milano-2022.html,Non classificato,"Via Gaetano Pini, Vigentina, Municipio 1, Milano, Lombardia, 20122, Italia",45.4548291,9.1932673
Spettacoli,22-05-22,2022-05-22,"Corso Buenos Aires 33,20124, Milano, MI,Italia",Elfo Puccini - sala Shakespeare,7-14-21-28,https://www.teatro.it/spettacoli/milano/elfo-puccini-sala-shakespeare/2021-2022/7-14-21-28,Teatro e spettacolo,"Teatro Elfo Puccini, 33, Corso Buenos Aires, Buenos Aires - Venezia, Municipio 3, Milano, Lombardia, 20124, Italia",45.4794317,9.2098387
Spettacoli,22-05-22,2022-05-22,"Via Filodrammatici 2,20121, Milano, MI,Italia",Teatro Alla Scala,Un ballo in maschera,https://www.teatro.it/spettacoli/milano/teatro-alla-scala/2021-2022/un-ballo-in-maschera,Teatro e spettacolo,"2, Via Filodrammatici, Brera, Milano, Lombardia, 20121, Italia",45.4676198,9.1884287
Spettacoli,22-05-22,2022-05-22,"via Pier Lombardo,14,20135, Milano, MI,Italia",Franco Parenti - Sala Grande,Anna dei miracoli,https://www.teatro.it/spettacoli/milano/franco-parenti-sala-grande/2021-2022/anna-dei-miracoli,Teatro e spettacolo,"Via Pier Lombardo, Porta Romana, Municipio 4, Milano, Lombardia, 20135, Italia",45.4542958,9.2063109
Mercatini,22-05-22,2022-05-22,"Ripa di Porta Ticinese, 7, Milano, MI",Navigli,Open handmade market,https://www.milanotoday.it/eventi/open-handmade-market-2022.html,Mercati e shopping,"Sofa Café, 7, Ripa di Porta Ticinese, Navigli, Municipio 6, Milano, Lombardia, 20143, Italia",45.4520262,9.1768297
Sport,23-05-22,2022-05-23,"Piazzale Angelo Moratti, Milano, MI",Stadio Giuseppe Meazza,"Da Totti a Zanetti, da Eto'o a Shevchenko: a Milano la partita delle stelle",https://www.milanotoday.it/eventi/partita-eto-stelle.html,Sport e attività fisica,"Piazzale Angelo Moratti, San Siro, Municipio 7, Milano, Lombardia, 20148, Italia",45.478178,9.1212742
Spettacoli,23-05-22,2022-05-23,"Viale dell'Innovazione 20,20126, Milano, MI,Italia",Arcimboldi,Michele Bravi Live a Teatro,https://www.teatro.it/spettacoli/milano/degli-arcimboldi/2021-2022/michele-bravi-live-a-teatro,Teatro e spettacolo,"20, Viale dell'Innovazione, Bicocca, Municipio 9, Milano, Lombardia, 20125, Italia",45.5148696,9.2135963
Concerti,24-05-22,2022-05-24,"Via Ippodromo, Milano, MI",Ippodromo La Maura,Vasco Rossi in concerto a Milano. Come avere i biglietti,https://www.milanotoday.it/eventi/vasco-rossi-concerto-ippodromo.html,Musica e vita notturna,"Via Ippodromo, San Siro, Municipio 7, Municipio 8 di Milano, Milano, Lombardia, 20151, Italia",45.4853093,9.1206293
Mostre,04-06-22,2022-05-24,"Via Andrea Maria Ampère, 27, Milano, MI",Spazio Arte Tolomeo,"A Milano arriva la mostra ""Freedom Art"" con artisti provenienti da tutta Italia",https://www.milanotoday.it/eventi/mostra-freedom-spazio-arte-tolomeo.html,Arte e cultura,"27, Via Andrea Maria Ampère, Città Studi, Municipio 3, Milano, Lombardia, 20131, Italia",45.4816019,9.2263908
Teatri,29-05-22,2022-05-25,"Via Giorgio Vasari, 15, Milano, MI",Teatro Franco Parenti,"""La fine del mondo"" a teatro è una fiaba sulla catastrofe ambientale",https://www.milanotoday.it/eventi/spettacolo-fine-del-mondo-franco-parenti.html,Teatro e spettacolo,"Via Giorgio Vasari, Porta Romana, Municipio 4, Milano, Lombardia, 20135, Italia",45.4542475,9.2073471
,18-09-22,2022-05-25,"Piazza della Scala, Milano, MI",Gallerie d'Italia,"I Marmi Torlonia, la mostra alle Gallerie d'Italia",https://www.milanotoday.it/eventi/mostra-marmi-torlonia-gallerie-italia.html,Non classificato,"Piazza della Scala, Duomo, Municipio 1, Milano, Lombardia, 20121, Italia",45.4672839,9.1901494
,12-06-22,2022-05-25,"Viale Col di Lana, 1, Milano, MI",Le trottoir alla darsena,"Mercoledì 25 maggio vernissage della mostra personale di Milena Quercioli, l'artista del cuore",https://www.milanotoday.it/eventi/mercoledi-25-maggio-vernissage-2022.html,Non classificato,"Sushi Kòboo, 1, Viale Col di Lana, Ticinese, Municipio 5, Milano, Lombardia, 20136, Italia",45.4523134,9.1817371
Mostra,18-09-22,2022-05-25,"Piazza della Scala, Milano, MI",Gallerie d'Italia,I Marmi Torlonia. Collezionare Capolavori,,Arte e cultura,"Piazza della Scala, Duomo, Municipio 1, Milano, Lombardia, 20121, Italia",45.4672839,9.1901494
Spettacoli,25-05-22,2022-05-25,"via Valtellina 25,20157, Milano, MI,Italia",Alcatraz,Litfiba - L'ultimo girone: 1980-2022,https://www.teatro.it/spettacoli/milano/alcatraz/2021-2022/litfiba-lultimo-girone-1980-2022,Teatro e spettacolo,"Alcatraz, 25, Via Valtellina, Isola, Municipio 9, Milano, Lombardia, 20159, Italia",45.494744,9.1823768
,15-07-22,2022-05-25,"Via Nerino, 3, Milano, MI",MAAB Gallery,In Limbo,https://www.milanotoday.it/eventi/in-limbo-claire-lindner.html,Non classificato,"3, Via Nerino, Cerchia dei Navigli, Municipio 1, Milano, Lombardia, 20123, Italia",45.4617617,9.1841465
,28-05-22,2022-05-26,"Piazza del Duomo, Milano, MI",Duomo,Stranger Things: in piazza Duomo la prima visione gratis per tutti,https://www.milanotoday.it/eventi/duomo-stranger-things.html,Non classificato,"Piazza del Duomo, Duomo, Municipio 1, Milano, Lombardia, Italia",45.4639102,9.1906398
Spettacoli,26-05-22,2022-05-26,"Via Alessandro Manzoni 42,20121, Milano, MI,Italia",Manzoni,Carmen,https://www.teatro.it/spettacoli/milano/manzoni/2021-2022/carmen,Teatro e spettacolo,"Teatro Manzoni, 42, Via Alessandro Manzoni, Cerchia dei Navigli, Municipio 1, Milano, Lombardia, 20121, Italia",45.4710286,9.1944762
Cibo e Vino,26-05-22,2022-05-26,"Viale Pasubio, 5, Milano, MI",Fondazione Feltrinelli,In arrivo la prima edizione del World Aperitivo Day,https://www.milanotoday.it/eventi/world-aperitivo-day.html,Enogastronomia,"Fondazione Giangiacomo Feltrinelli, 5, Viale Pasubio, Porta Tenaglia, Municipio 1, Milano, Lombardia, 20154, Italia",45.4814126,9.1843952
Concerti,26-05-22,2022-05-26,"Via Conservatorio, 12, Milano, MI",Conservatorio di Milano,Concerto David Russell,https://www.milanotoday.it/eventi/concerto-david-russell-david-russell-2022.html,Musica e vita notturna,"Via Conservatorio, Guastalla, Municipio 1, Milano, Lombardia, 20122, Italia",45.4658084,9.2027724
Spettacoli,26-05-22,2022-05-26,"Via Filodrammatici 2,20121, Milano, MI,Italia",Teatro Alla Scala,Sylvia,https://www.teatro.it/spettacoli/milano/teatro-alla-scala/2021-2022/sylvia,Teatro e spettacolo,"2, Via Filodrammatici, Brera, Milano, Lombardia, 20121, Italia",45.4676198,9.1884287
,26-05-22,2022-05-26,"Piazza Duca d'Aosta, Milano, MI",Piazza Duca d’Aosta,Il road show che insegna a mangiar sano,https://www.milanotoday.it/eventi/spettacolo-frutta.html,Non classificato,"Piazza Duca d'Aosta, Centrale, Municipio 2, Milano, Lombardia, 20124, Italia",45.4848412,9.2032441
Incontri,27-05-22,2022-05-27,"Via Enrico Besana, 12, Milano, MI",MUBA – Museo dei Bambini di Milano,La Pongo Night per i bambini all'insegna della creatività,https://www.milanotoday.it/eventi/serata-pongo-muba.html,Formazione e networking,"MUBA - Museo dei Bambini, 12, Via Enrico Besana, Guastalla, Municipio 1, Milano, Lombardia, 20122, Italia",45.4599507,9.2051279
Concerti,29-05-22,2022-05-27,"Via Circonvallazione Idroscalo, 41, Milano, MI",Circolo Magnolia,"Mi Ami Festival 2022, torna il festival della musica bella (e dei baci)",https://www.milanotoday.it/eventi/mi-ami-festival-2022.html,Musica e vita notturna,"Circolo Magnolia, 41, Via Circonvallazione Idroscalo, Novegro, Segrate, Milano, Lombardia, 20054, Italia",45.4637036,9.286076
Spettacoli,28-05-22,2022-05-28,"Viale dell'Innovazione 20,20126, Milano, MI,Italia",Arcimboldi,Fiorello presenta...,https://www.teatro.it/spettacoli/milano/degli-arcimboldi/2021-2022/fiorello-presenta,Teatro e spettacolo,"20, Viale dell'Innovazione, Bicocca, Municipio 9, Milano, Lombardia, 20125, Italia",45.5148696,9.2135963
,28-05-22,2022-05-28,"Via Federico Confalonieri, 14, Milano, MI",Casa della memoria,Ombra di tutti - Workshop di patrizio raso intorno al monumento a Roberto Franceschi,https://www.milanotoday.it/eventi/ombra-di-tutti-workshop-di-patrizio-raso-2022.html,Non classificato,"14, Via Federico Confalonieri, Isola, Municipio 9, Milano, Lombardia, 20124, Italia",45.4865703,9.1912614
Manifestazioni,03-07-22,2022-05-28,"Via Giorgio Vasari, Milano, MI",Bagni Misteriosi,"Sport, musica e teatro nella stagione estiva dei Bagni Misteriosi",https://www.milanotoday.it/eventi/riapertura-estiva-bagni-misteriosi.html,Altri eventi,"Via Giorgio Vasari, Porta Romana, Municipio 4, Milano, Lombardia, 20135, Italia",45.4542475,9.2073471
Incontri,28-05-22,2022-05-28,"Largo Antonio Balestra, Milano, MI",Parco Agos Green&Smart,Laboratori didattici per bambini al Parco di Largo Balestra,https://www.milanotoday.it/eventi/parco-largo-balestra-bambini.html,Formazione e networking,"Largo Antonio Balestra, Lorenteggio, Municipio 6, Milano, Lombardia, Italia",45.4481976,9.1424399
,28-05-22,2022-05-28,"Piazza Quattro Novembre, 3, Milano, MI",NYX Hotel,"Il Salone si avvicina: centrale district, plogging per liberare la stazione dai rifiuti sabato 28 maggio",https://www.milanotoday.it/eventi/salone-del-mobile/salone-mobile-rifiuti.html,Non classificato,"NYX Hotel Milan, 3, Piazza Quattro Novembre, Centrale, Municipio 2, Milano, Lombardia, 20124, Italia",45.4868639,9.201753
,16-06-22,2022-05-28,"Via Giuseppe Dall'Occo, 1, Milano, MI",Galleria Click Art,"Ecco la mostra ""20x20=400 emozioni""",https://www.milanotoday.it/eventi/mostra-cormano-2022.html,Non classificato,"Via Giuseppe Dall'Occo, Cormano, Zona Omogenea Milano Nord, Milano, Lombardia, 20032, Italia",45.5444599,9.1691639
Concerti,28-05-22,2022-05-28,"Via Giovanni Bellezza, Milano, MI",Circolo Arci Bellezza,Una serata speciale dedicata a Luigi Tenco,https://www.milanotoday.it/eventi/serata-luigi-tenco.html,Musica e vita notturna,"Via Giovanni Bellezza, Vigentina, Municipio 5, Milano, Lombardia, 20136, Italia",45.4485941,9.1963054
Mostre,05-06-22,2022-05-28,"Via Aosta, 17, Milano, MI",Spazio espositivo,L’abandon au féminin,https://www.milanotoday.it/eventi/l-abandon-au-feminin-lucile-lux-2022.html,Arte e cultura,"17, Via Aosta, Bullona, Ghisolfa, Municipio 8 di Milano, Milano, Lombardia, 20155, Italia",45.4920873,9.1657754
Concerti,09-06-22,2022-05-29,"Via Valentino Mazzola, Milano, MI",Campo Sportivo,"Solidar Rock 2022, il festival solidale della musica e della pace",https://www.milanotoday.it/eventi/solidar-rock-2022.html,Musica e vita notturna,"Via Valentino Mazzola, Corsica, Municipio 4, Milano, Lombardia, 20130, Italia",45.4597334,9.2247435
,29-05-22,2022-05-29,"Piazza Francesco Carrara, 17, Milano, MI",Centro Asteria,Il concerto per la pace di Ekaterina Adamova,https://www.milanotoday.it/eventi/adamova-2022.html,Non classificato,"17, Piazza Francesco Carrara, Stadera, Municipio 5, Milano, Lombardia, 20136, Italia",45.4369245,9.1761088
Incontri,29-05-22,2022-05-29,"Via Don Bosco, 1, Milano, MI",Campo Sportivo oratorio Don Bosco,"Lacchiarella, 100 bambini in campo per il torneo ""giovani promesse""",https://www.milanotoday.it/eventi/lacchiarella-100-bambini-2022.html,Formazione e networking,"Via Don Bosco, Lodi - Corvetto, Municipio 4, Milano, Lombardia, 20139, Italia",45.442785,9.2148948
Manifestazioni,29-05-22,2022-05-29,"Via Giulio Confalonieri, Milano, MI",Parco Franco Verga,Blu run parco certosa,https://www.milanotoday.it/eventi/blu-run-parco-certosa-2022.html,Altri eventi,"Via Giulio Confalonieri, Aldini II, Quarto Oggiaro, Municipio 8 di Milano, Milano, Lombardia, 20156, Italia",45.5066457,9.1410067
,29-05-22,2022-05-29,"Corso Magenta, Milano, MI",Vigna di Leonardo da Vinci,Domenica 29 maggio – Visita alla vigna di Leonardo e alla chiesa di San Maurizio con aperitivo finale a Milano,https://www.milanotoday.it/eventi/domenica-29-maggio-visita-alla-vigna-di-leonardo-2022.html,Non classificato,"Corso Magenta, Magenta - San Vittore, Municipio 1, Milano, Lombardia, 20123, Italia",45.4657212,9.17112
Spettacoli,29-05-22,2022-05-29,"Corso Buenos Aires 33,20124, Milano, MI,Italia",Elfo Puccini - sala Shakespeare,Anelante,https://www.teatro.it/spettacoli/milano/elfo-puccini-sala-shakespeare/2021-2022/anelante,Teatro e spettacolo,"Teatro Elfo Puccini, 33, Corso Buenos Aires, Buenos Aires - Venezia, Municipio 3, Milano, Lombardia, 20124, Italia",45.4794317,9.2098387
Spettacoli,29-05-22,2022-05-29,"Via Pier Lombardo 14,20135, Milano, MI,Italia",Franco Parenti - Sala Blu,La fine del mondo,https://www.teatro.it/spettacoli/milano/franco-parenti-sala-acomea/2021-2022/la-fine-del-mondo,Teatro e spettacolo,"Via Pier Lombardo, Porta Romana, Municipio 4, Milano, Lombardia, 20135, Italia",45.4542958,9.2063109
,30-05-22,2022-05-30,"Via Gaetano de Castillia, Milano, MI","giardino di via Gaetano di Castilla, di fronte al civico 20, Area Bosco Verticale - Milano","""Un albero per la solidarietà europea"": al Bosco Verticale l'impegno Ue per l'Ucraina",https://www.milanotoday.it/eventi/albero-solidarieta-ucraina.html,Non classificato,"Via Gaetano De Castillia, Isola, Municipio 9, Milano, Lombardia, 20100, Italia",45.4858553,9.1928992
Concerti,16-06-22,2022-05-31,"Via Rovello, 2, Milano, MI",Piccolo Teatro Grassi,Milano per Gaber,https://www.milanotoday.it/eventi/concerto-milano-per-gaber.html,Musica e vita notturna,"2, Via Rovello, Brera, Milano, Lombardia, 20121, Italia",45.4665188,9.1847651
Manifestazioni,12-06-22,2022-05-31,"Via Rovello, 2, Milano, MI",Piccolo Teatro Grassi,"Milano per Gaber, gli appuntamenti da non perdere",https://www.milanotoday.it/eventi/milano-per-gaber-2022.html,Altri eventi,"2, Via Rovello, Brera, Milano, Lombardia, 20121, Italia",45.4665188,9.1847651
,31-05-22,2022-05-31,"Piazza del Duomo, Milano, MI",Mondadori Megastore,"The source , scrivere sull'acqua - incontro per parlare di cambiamenti climatici tra cronaca e letteratura",https://www.milanotoday.it/eventi/the-source-scrivere-2022.html,Non classificato,"Piazza del Duomo, Duomo, Municipio 1, Milano, Lombardia, Italia",45.4639102,9.1906398
,28-06-22,2022-06-01,"Via Fabio Filzi, 22, Milano, MI",Palazzo Pirelli,Carlo Previtali - l'intelligenza della materia,https://www.milanotoday.it/eventi/carlo-previtali-l-2022.html,Non classificato,"22, Via Fabio Filzi, Cascina Lenzuoletta, Cernusco sul Naviglio, Milano, Lombardia, 20063, Italia",45.5183563,9.327814
Mostre,28-06-22,2022-06-01,"Via Fabio Filzi, 22, Milano, MI",Palazzo Pirelli,"Inaugurata a palazzo Pirelli la mostra ""Carlo Previtali. l'intelligenza della materia""",https://www.milanotoday.it/eventi/inaugurata-a-palazzo-pirelli-2022.html,Arte e cultura,"22, Via Fabio Filzi, Cascina Lenzuoletta, Cernusco sul Naviglio, Milano, Lombardia, 20063, Italia",45.5183563,9.327814
Teatri,02-06-22,2022-06-02,"Via Mac Mahon, 16, Milano, MI",Teatro Out Off,"Al teatro out off un festival con 4 giorni di jazz, improvvisazione e nuova musica",https://www.milanotoday.it/eventi/al-teatro-out-2022.html,Teatro e spettacolo,"Via Mac Mahon, Villapizzone, Municipio 8 di Milano, Milano, Lombardia, 20155, Italia",45.4970636,9.153938
Spettacoli,02-06-22,2022-06-02,"Corso Buenos Aires,33,20124, Milano, MI,Italia",Teatro Elfo Puccini - sala Fassbinder,Tre donne alte,https://www.teatro.it/spettacoli/milano/teatro-elfo-puccini-sala-fassbinder/2021-2022/tre-donne-alte,Teatro e spettacolo,"Teatro Elfo Puccini, 33, Corso Buenos Aires, Buenos Aires - Venezia, Municipio 3, Milano, Lombardia, 20124, Italia",45.4794317,9.2098387
,05-06-22,2022-06-03,"Parco della Pace, Milano, MI",Parco della Pace,"A Locate torna il festival hip hop ""Amazing day""",https://www.milanotoday.it/eventi/amazing-day-2022.html,Non classificato,"Parco della Pace, Municipio 7, Cesano Boscone, Milano, Lombardia, Italia",45.4519339,9.0870886
,04-06-22,2022-06-03,"Viale Enrico Fermi, 98, Milano, MI",Legend Club,Violet blend insieme a Starcrawler al legend club di Milano,https://www.milanotoday.it/eventi/violet-blend-insieme-a-starcrawler-2022.html,Non classificato,"Legend Club, 98, Viale Enrico Fermi, Parco Nord, Municipio 9, Milano, Lombardia, 20161, Italia",45.5161589,9.1794377
,04-06-22,2022-06-04,"Piazza di Santa Maria delle Grazie, Milano, MI",Cenacolo Vinciano,"Sabato 4 giugno – Le meraviglie di Milano: visita al cenacolo vinciano, a Santa Maria delle grazie e al castello sforzesco con aperitivo finale",https://www.milanotoday.it/eventi/sabato-4-giugno-le-meraviglie-di-milano-visita-al-cenacolo-vinciano-a-santa-maria-delle-grazie-e-al-castello-sforzesco-con-aperitivo-finale-8975520.html,Non classificato,"Piazza Santa Maria delle Grazie, Magenta - San Vittore, Municipio 1, Milano, Lombardia, 20123, Italia",45.4662916,9.1704104
Mostre,05-06-22,2022-06-04,"Piazzale Selinunte, Milano, MI",Vetrine Casa di Comunità Aler,"Cortili creativi a San Siro, l'evento per scoprire il quartiere attraverso l'arte",https://www.milanotoday.it/eventi/cortili-creativi-san-siro-quando.html,Arte e cultura,"Piazzale Selinunte, Selinunte, Municipio 7, Milano, Lombardia, Italia",45.4721399,9.1374424
Incontri,05-06-22,2022-06-04,"Viale Emilio Alemagna, 6, Milano, MI",La Triennale di Milano,In Triennale un laboratorio di giocattoli per bambini,https://www.milanotoday.it/eventi/laboratorio-bambini-triennale.html,Formazione e networking,"Triennale Design Museum, 6, Viale Emilio Alemagna, Parco Sempione, Municipio 1, Milano, Lombardia, 20121, Italia",45.4721477,9.1734894
,25-06-22,2022-06-05,"Piazza Enzo Tarantelli, 11, Milano, MI",Casa Delle Stagioni,Urban classic by slasky,https://www.milanotoday.it/eventi/urban-classic-by-slasky-slasky-2022.html,Non classificato,"Piazza Enzo Tarantelli, Molino dell'Oca, Pogliano Milanese, Milano, Lombardia, 20005, Italia",45.53671,8.9909304
Incontri,12-06-22,2022-06-05,"Via Marcello Dudovich, 10, Milano, MI",Cascina Campazzo,Niccolò Misrachi - Periferie della mente,https://www.milanotoday.it/eventi/niccolo-misrachi-periferie-della-mente-2022.html,Formazione e networking,"10, Via Marcello Dudovich, Stadera, Municipio 5, Milano, Lombardia, 20141, Italia",45.4268888,9.1824277
,05-06-22,2022-06-05,"Via Cascina Bellaria, 4, Milano, MI",Parco Aldo Aniasi,Top – Trenno oasisport park: il villaggio multisport ideato dal municipio 7 del comune di milano in occasione della giornata nazionale dello sport,https://www.milanotoday.it/eventi/top-trenno-oasisport-2022.html,Non classificato,"Via Cascina Bellaria, Parco Bosco In Città, Municipio 7, Milano, Lombardia, 20153, Italia",45.4784675,9.1075398
Spettacoli,05-06-22,2022-06-05,"via Pitteri 58,20134, Milano, MI,Italia",Martinitt,Amore sono un po' incinta,https://www.teatro.it/spettacoli/milano/martinitt/2021-2022/amore-sono-un-po-incinta,Teatro e spettacolo,"Via Riccardo Pitteri, Lambrate, Municipio 3, Milano, Lombardia, 20134, Italia",45.4798362,9.2457864
Manifestazioni,12-06-22,2022-06-06,"Via Bergognone, 34, Milano, MI",Base Milano,"Fuorisalone 2022, tutti gli eventi della Design Week da Base",https://www.milanotoday.it/eventi/salone-del-mobile/fuorisalone-2022-base.html,Altri eventi,"Wikimedia Italia, 34, Via Bergognone Da Fossano, Tortona, Municipio 6, Milano, Lombardia, 20144, Italia",45.4518657,9.1625146
Manifestazioni,13-06-22,2022-06-06,"Via Festa del Perdono, 7, Milano, MI",Università degli Studi di Milano,Una gondola al Fuorisalone22,https://www.milanotoday.it/eventi/salone-del-mobile/una-gondola-al-fuorisalone22.html,Altri eventi,"7, Via Festa del Perdono, Cerchia dei Navigli, Municipio 1, Milano, Lombardia, 20122, Italia",45.4603865,9.1939871
Manifestazioni,12-06-22,2022-06-06,"Via Brera, Milano, MI",Brera,"Milano Design Week, tutti gli eventi in Brera per il Fuorisalone",https://www.milanotoday.it/eventi/salone-del-mobile/eventi-brera-fuorisalone.html,Altri eventi,"Via Brera, Cerchia dei Navigli, Municipio 1, Milano, Lombardia, 20121, Italia",45.4695763,9.1880746
,18-06-22,2022-06-06,"Via Voghera, 11, Milano, MI",Vibram Connection Lab,“One with nature – Twenty years of vibram fivefingers”,https://www.milanotoday.it/eventi/salone-del-mobile/one-with-nature-twenty-years.html,Non classificato,"11, Via Voghera, Tortona, Municipio 6, Milano, Lombardia, 20144, Italia",45.4538385,9.1662176
Mostre,02-07-22,2022-06-06,"Via Gaudenzio Ferrari, 3, Milano, MI",Almach Art Gallery,Anna Pennati - the black series,https://www.milanotoday.it/eventi/anna-pennati-the-black-series-2022.html,Arte e cultura,"3, Via Gaudenzio Ferrari, Ticinese, Municipio 1, Milano, Lombardia, 20123, Italia",45.4558833,9.1754506
Manifestazioni,12-06-22,2022-06-06,"Porta Genova, Milano, MI",Ride Milano,"Fuorisalone 2022, da Ride Milano le specialità di Chef in Camicia",https://www.milanotoday.it/eventi/fuorisalone-2022-chef-in-camicia.html,Altri eventi,"Porta Genova, Municipio 6, Milano, Lombardia, 20144, Italia",45.4544536,9.17142
Manifestazioni,13-06-22,2022-06-06,"Via Festa del Perdono, Milano, MI",Università degli Studi di Milano,"Design Week, la nuova installazione in Statale da non perdere",https://www.milanotoday.it/eventi/design-week-installazione-universita-statale.html,Altri eventi,"Via Festa del Perdono, Duomo, Municipio 1, Milano, Lombardia, 20122, Italia",45.4618941,9.1949837
,06-06-22,2022-06-06,"Via Savona, 57, Milano, MI",Cinema Mexico,The jungle in sala a Milano: quando l’arte diventa strumento per abbattere i muri,https://www.milanotoday.it/eventi/the-jungle-in-sala-2022.html,Non classificato,"57, Via Savona, Tortona, Municipio 6, Milano, Lombardia, 20144, Italia",45.4529096,9.1602781
Mostre,08-07-22,2022-06-06,"Via Vincenzo Forcella, 7, Milano, MI",ESH Gallery,[C]-italian studio ceramics,https://www.milanotoday.it/eventi/c-italian-studio-ceramics-2022.html,Arte e cultura,"Via Vincenzo Forcella, Tortona, Municipio 6, Milano, Lombardia, 20144, Italia",45.452594,9.1673964
,12-06-22,2022-06-06,"Via Gian Giacomo Mora, 12, Milano, MI",Sartoria Bassani,Metropolitan jungle,https://www.milanotoday.it/eventi/metropolitan-jungle-angela-florio-2022.html,Non classificato,"12, Via Gian Giacomo Mora, Cerchia dei Navigli, Municipio 1, Milano, Lombardia, 20123, Italia",45.4590186,9.1804144
Mostre,12-06-22,2022-06-06,"Corso Garibaldi, 89, Milano, MI",Casa degli Artisti,Don't steal our sunlight,https://www.milanotoday.it/eventi/don-t-steal-our-sunlight-2022.html,Arte e cultura,"California Bakery, 89, Corso Giuseppe Garibaldi, Brera, Municipio 1, Milano, Lombardia, 20121, Italia",45.4766929,9.1840499
,12-06-22,2022-06-06,"Viale Monza, 106, Milano, MI",Viale Monza 106,Le parole per dirtelo,https://www.milanotoday.it/eventi/parole-per-dirtelo-2022.html,Non classificato,"Bar del 106, 106, Viale Monza, Padova, Municipio 2, Milano, Lombardia, 20127, Italia",45.4994863,9.2209167
Incontri,12-06-22,2022-06-07,"Via Bergognone, 26, Milano, MI",,"Vanity Fair Social Garden, una settimana di incontri tra musica e design",https://www.milanotoday.it/eventi/vanity-fair-social-garden.html,Formazione e networking,"BASE Milano, 26, Via Bergognone Da Fossano, Tortona, Municipio 6, Milano, Lombardia, 20144, Italia",45.4531125,9.1636486
,12-06-22,2022-06-07,"Via Bergognone, 34, Milano, MI",,"Ikea Festival, tutte le iniziative per il Fuorisalone",https://www.milanotoday.it/eventi/salone-del-mobile/ikea-festival-2022.html,Non classificato,"Wikimedia Italia, 34, Via Bergognone Da Fossano, Tortona, Municipio 6, Milano, Lombardia, 20144, Italia",45.4518657,9.1625146
Concerti,17-09-22,2022-06-07,"Piazzale dello Sport, Milano, MI",Ippodromo di San Siro,"Milano Summer Festival 2022, tutti i grandi concerti dell'estate",https://www.milanotoday.it/eventi/milano-summer-festival-2022.html,Musica e vita notturna,"Piazzale dello Sport, San Siro, Municipio 7, Milano, Lombardia, 20148, Italia",45.4789681,9.130166
Manifestazioni,11-06-22,2022-06-07,"Via Tortona, Milano, MI",Opificio 31,"Design Week, lo stand dedicato alle tecnologie per i designer",https://www.milanotoday.it/eventi/stand-wacom-design-week.html,Altri eventi,"Via Tortona, Tortona, Municipio 6, Milano, Lombardia, 20144, Italia",45.4508821,9.1588843
Manifestazioni,12-06-22,2022-06-07,"Via Barnaba Oriani, 27, Milano, MI",Certosa District,"Fuorisalone 2022, che cosa vedere in Certosa District",https://www.milanotoday.it/eventi/fuorisalone-2022-certosa-district.html,Altri eventi,"Via Barnaba Oriani, Villapizzone, Garegnano, Municipio 8 di Milano, Milano, Lombardia, 20156, Italia",45.5013809,9.1360747
Mostre,12-06-22,2022-06-07,"Viale Pasubio, 5, Milano, MI",Fondazione Giangiacomo Feltrinelli,Le cento opere create dai grandi designer italiani e dagli artigiani coreani,https://www.milanotoday.it/eventi/mostra-opere-designer-italiani-coreani.html,Arte e cultura,"Fondazione Giangiacomo Feltrinelli, 5, Viale Pasubio, Porta Tenaglia, Municipio 1, Milano, Lombardia, 20154, Italia",45.4814126,9.1843952
Manifestazioni,12-06-22,2022-06-07,"Viale Emilio Alemagna, 6, Milano, MI",La Triennale di Milano,"Fuorisalone 2022, tutti gli incontri in Triennale",https://www.milanotoday.it/eventi/incontri-triennale-fuorisalone.html,Altri eventi,"Triennale Design Museum, 6, Viale Emilio Alemagna, Parco Sempione, Municipio 1, Milano, Lombardia, 20121, Italia",45.4721477,9.1734894
Inaugurazioni,12-06-22,2022-06-07,"Via Privata Cascia, 6, Milano, MI",Jardino,"Mu, 無 tempio sensoriale. Un installazione immersiva durante il Fuorisalone",https://www.milanotoday.it/eventi/salone-del-mobile/mu-tempio-sensoriale.html,Inaugurazioni,"6, Via Privata Cascia, Adriano, Municipio 2, Milano, Lombardia, 20128, Italia",45.5119899,9.2439487
,12-06-22,2022-06-07,"Viale Elvezia, 6, Milano, MI",Spazio Elvezia,"Non solo design, la sostenibilità è protagonista del Fuorisalone 2022: Kdln pianterà un nuovo albero per ogni visitatore del suo nuovo flagship store",https://www.milanotoday.it/eventi/salone-del-mobile/non-solo-design-2022.html,Non classificato,"6, Viale Elvezia, Sarpi, Municipio 1, Milano, Lombardia, 20154, Italia",45.4774314,9.179052
,12-06-22,2022-06-07,"Via Giulio Cesare Procaccini, 4, Milano, MI",Fabbrica del Vapore,Andrea e le terre silvatiche dell’utopia,https://www.milanotoday.it/eventi/andrea-.html,Non classificato,"4, Via Giulio Cesare Procaccini, Bullona, Porta Volta, Municipio 8 di Milano, Milano, Lombardia, 20154, Italia",45.4839945,9.1753796
Manifestazioni,11-06-22,2022-06-07,"Via Mozart, 14, Milano, MI",Villa Necchi Campiglio,"Milano Design Week, l'installazione a Villa Necchi Campiglio",https://www.milanotoday.it/eventi/fuorisalone-installazione-villa-necchi-campiglio.html,Altri eventi,"14, Via Wolfgang Amadeus Mozart, Quartiere Boschetto, Trezzano sul Naviglio, Milano, Lombardia, 20090, Italia",45.4159579,9.0475197
,31-08-22,2022-06-08,"Via California, 7, Milano, MI",The Company Studios,When time dreams: la prima mostra di the company Studios,https://www.milanotoday.it/eventi/when-time-dreams-2022.html,Non classificato,"Via California, Washington, Municipio 7, Milano, Lombardia, 20144, Italia",45.4588009,9.1606023
Manifestazioni,10-06-22,2022-06-08,"Alzaia Naviglio Pavese, 16, Milano, MI",Ex Fornace Gola,Festivalmar:  celebriamo il mare in città,https://www.milanotoday.it/eventi/festivalmar-2022.html,Altri eventi,"16, Alzaia Naviglio Pavese, Navigli, Municipio 6, Milano, Lombardia, 20143, Italia",45.4500421,9.1774094
Spettacoli,08-06-22,2022-06-08,"Via Rovello 2,20121, Milano, MI,Italia",Piccolo Teatro - Teatro Grassi,Il Dio bambino,https://www.teatro.it/spettacoli/milano/piccolo-teatro-teatro-grassi/2021-2022/il-dio-bambino,Teatro e spettacolo,"2, Via Rovello, Brera, Milano, Lombardia, 20121, Italia",45.4665188,9.1847651
,08-06-22,2022-06-08,"Via del Turchino, 20, Milano, MI",Cortile di Via del Turchino 20,Milano Luster brass: nessun dorma,https://www.milanotoday.it/eventi/milano-luster-brass-2022.html,Non classificato,"20-22, Via del Turchino, Ortomercato, Municipio 4, Milano, Lombardia, 20130, Italia",45.4518933,9.2280527
Mostre,30-06-22,2022-06-08,"Via Privata Passo Pordoi, 7/3, Milano, MI",Hub Art,"Mostra d'arte ""ars tempus""",https://www.milanotoday.it/eventi/mostra-d-arte-ars-tempus-2022.html,Arte e cultura,"Via Passo Pordoi, Scalo Romana, Municipio 5, Milano, Lombardia, 20139, Italia",45.4364043,9.2092881
Mostre,08-06-22,2022-06-08,"Via Savona, 91, Milano, MI",Savona91,Spazio e tempo nel Feng Shui,https://www.milanotoday.it/eventi/spazio-e-tempo-nel-feng-shui-2022.html,Arte e cultura,"91, Via Savona, Lorenteggio, Municipio 6, Milano, Lombardia, 20144, Italia",45.4507807,9.1537142
Cinema,19-06-22,2022-06-08,"Via San Pietro All'Orto, 9, Milano, MI",Cineteca Arlecchino,I capolavori di John Cassavetes alla Cineteca di Milano,https://www.milanotoday.it/eventi/film-john-cassavetes-cineteca-milano.html,Arte e cultura,"9, Via San Pietro all'Orto, Duomo, Municipio 1, Milano, Lombardia, 20122, Italia",45.4664611,9.1953139
Manifestazioni,16-08-22,2022-06-09,Viale Milanofiori,Milano Latin Festival,"Milano Latin Festival 2022, il Sud America torna in città",https://www.milanotoday.it/eventi/milano-latin-festival-2022.html,Altri eventi,"Viale Milanofiori, Bazzana Inferiore, Assago, Milano, Lombardia, 20057, Italia",45.4059453,9.1508838
,12-06-22,2022-06-09,"Via Castoldi, Milano, MI",Centro Feste U.Tognazzi,Birreficenza 2022,https://www.milanotoday.it/eventi/birreficenza-2022.html,Non classificato,"Via Mario Castoldi, Cascina Marchesina, Trezzano sul Naviglio, Milano, Lombardia, 20090, Italia",45.4141387,9.0815662
,08-07-22,2022-06-09,"Via Enrico Caviglia, 3, Milano, MI",Istituto Italiano di Fotografia,Mostra “nascondino” di Michela Pastorello,https://www.milanotoday.it/eventi/mostra-nascondino-di-michela-pastorello-michela-pastorello-9018063.html,Non classificato,"CSDM, 3, Via Enrico Caviglia, Lodi - Corvetto, Municipio 4, Milano, Lombardia, 20139, Italia",45.4428538,9.2307904
Manifestazioni,14-09-22,2022-06-09,"Piazza Castello, Milano, MI",Castello Sforzesco,"Estate Sforzesca 2022, a Milano tornano i grandi spettacoli estivi",https://www.milanotoday.it/eventi/estate-sforzesca-2022.html,Altri eventi,"Piazza Castello, Cerchia dei Navigli, Municipio 1, Milano, Lombardia, Italia",45.4704699,9.1819129
Teatri,19-06-22,2022-06-09,"Via Gian Antonio Boltraffio, 21, Milano, MI",Teatro Fontana,"Teatro, va in scena ""Zio Vanja"" di Čechov",https://www.milanotoday.it/eventi/spettacolo-zio-vanja-teatro-fontana.html,Teatro e spettacolo,"21, Via Gian Antonio Boltraffio, Isola, Municipio 9, Milano, Lombardia, 20159, Italia",45.4921952,9.1878419
,11-06-22,2022-06-09,"Via Uberto Visconti di Modrone, 6, Milano, MI",Galleria San Babila,Back to the future alla galleria San Babila,https://www.milanotoday.it/eventi/back-to-the-future-alla-galleria-san-babila-2022.html,Non classificato,"8/6, Via Uberto Visconti di Modrone, Guastalla, Municipio 1, Milano, Lombardia, 20122, Italia",45.4637224,9.2003291
Spettacoli,09-06-22,2022-06-09,"Via San Giovanni sul muro 2,20121, Milano, MI,Italia",Dal Verme,PFM ON TOUR,https://www.teatro.it/spettacoli/milano/dal-verme/2021-2022/pfm-1972-2022,Teatro e spettacolo,"2, Via San Giovanni sul Muro, Cerchia dei Navigli, Municipio 1, Milano, Lombardia, 20121, Italia",45.4671162,9.1814924
,09-06-22,2022-06-09,"Via Simone Saint Bon, 1, Milano, MI",Alcova,"Fuorisalone 2022: stunc, un'esibizione live audiovisiva tra musica e oggetti di design",https://www.milanotoday.it/eventi/fuorisalone-2022-2022.html,Non classificato,"Via Simone Saint Bon, Forze Armate, Municipio 7, Milano, Lombardia, 20147, Italia",45.4600333,9.1210646
Concerti,15-06-22,2022-06-09,"Piazzale dello Sport, Milano, MI",Ippodromo Milano Trenno,"I-Days 2022, torna il più grande festival rock di Milano",https://www.milanotoday.it/eventi/i-days-2022-festival-rock.html,Musica e vita notturna,"Piazzale dello Sport, San Siro, Municipio 7, Milano, Lombardia, 20148, Italia",45.4789681,9.130166
,30-06-22,2022-06-09,"Via Achille Maiocchi, 15, Milano, MI",Maiocchi15,Timeless in Japan. La mostra di Susy Cagliero,https://www.milanotoday.it/eventi/mostra-timeless-japan-.html,Non classificato,"Via Achille Maiocchi, Buenos Aires - Venezia, Municipio 3, Milano, Lombardia, 20129, Italia",45.4762588,9.2159801
Incontri,09-06-22,2022-06-09,"Via Masaccio, 19, Milano, MI",Hotel Melià,Tutti i colori del bianco,https://www.milanotoday.it/eventi/tutti-i-colori-del-bianco.html,Formazione e networking,"Melià Milano, 19, Via Masaccio, De Angeli - Monte Rosa, Portello, Municipio 8 di Milano, Milano, Lombardia, 20149, Italia",45.4791849,9.1458654
,09-06-22,2022-06-09,"Via Pisanello, 1, Milano, MI",Centro Culturale Rosetum,Emiliano d'auria qrt ft. luca aquino-in equilibrio,https://www.milanotoday.it/eventi/emiliano-d-auria-qrt-ft-2022.html,Non classificato,"Via Pisanello, Bande Nere, Municipio 7, Milano, Lombardia, 20148, Italia",45.4672182,9.140416
Incontri,09-06-22,2022-06-09,"Via Tortona, 36, Milano, MI",Centro Ricerca Gianfranco Ferré,Fuorisalone 2022: visita al centro di ricerca Gianfranco Ferré,https://www.milanotoday.it/eventi/salone-del-mobile/fuorisalone-2022-ferre.html,Formazione e networking,"Verde Tortona, 36, Via Tortona, Tortona, Municipio 6, Milano, Lombardia, 20144, Italia",45.4526113,9.1649649
,11-06-22,2022-06-09,"Via Tortona, 10, Milano, MI",Experience Design bed&show,I dipinti di Luciano Bonetti in mostra,https://www.milanotoday.it/eventi/mostra-luciano-bonetti-2022.html,Non classificato,"Experience Design, 10, Via Tortona, Tortona, Municipio 6, Milano, Lombardia, 20144, Italia",45.4544732,9.168697
,10-06-22,2022-06-10,"Via Ettore Ponti, 40, Milano, MI",BIKO,"Veraníco festival, la piccola estate di Milano",https://www.milanotoday.it/eventi/veranico-festival-2022.html,Non classificato,"40, Via Ettore Ponti, San Cristoforo, Municipio 6, Milano, Lombardia, 20143, Italia",45.4420773,9.1539092
,17-06-22,2022-06-10,"Via Alessandro Manzoni, 56, Milano, MI",Dental Center Humanitas,Cerchi una soluzione fissa per i denti mancanti?  Al Dental Center di Humanitas il 10 e 17 giugno open days di implantologia e protesi,https://www.milanotoday.it/eventi/soluzione-fissa-per-denti-mancanti.html,Non classificato,"56, Via Alessandro Manzoni, Paullo, Milano, Lombardia, 20067, Italia",45.4180966,9.4000575
,12-06-22,2022-06-10,"Via Luigi Mengoni, 5, Milano, MI",Centro Sportivo M6 Sport,Milano darts festival,https://www.milanotoday.it/eventi/milano-darts-festival-2022.html,Non classificato,"Via Luigi Mengoni, Lorenteggio, Municipio 6, Milano, Lombardia, 20152, Italia",45.4526806,9.1046238
Spettacoli,10-06-22,2022-06-10,"Corso Buenos Aires,33,20124, Milano, MI,Italia",Teatro Elfo Puccini - sala Fassbinder,"Quel che accadde a Jack, Jack, Jack e Jack",https://www.teatro.it/spettacoli/milano/teatro-elfo-puccini-sala-fassbinder/2021-2022/quel-che-accadde-a-jack-jack-jack-e-jack,Teatro e spettacolo,"Teatro Elfo Puccini, 33, Corso Buenos Aires, Buenos Aires - Venezia, Municipio 3, Milano, Lombardia, 20124, Italia",45.4794317,9.2098387
Manifestazioni,12-06-22,2022-06-10,"Via Pier Paolo Pasolini, 3, Milano, MI",Cascina Merlata,Merlata street food,https://www.milanotoday.it/eventi/merlata-street-food.html,Altri eventi,"Cascina Merlata SPAZIO VIVO, 3, Via Pier Paolo Pasolini, Maggiore - Musocco, Cascina Merlata, Municipio 8 di Milano, Milano, Lombardia, 20151, Italia",45.5066453,9.1031746
,10-06-22,2022-06-10,"Piazzale Egeo, 8, Milano, MI",Ritrovo davanti alla stazione di Greco Pirelli,Ascoltando Bicocca: il progetto,https://www.milanotoday.it/eventi/ascoltando-bicocca-2022.html,Non classificato,"Associazione Nuova Acropoli, 8, Piazzale Egeo, Bicocca, Municipio 9, Milano, Lombardia, 20126, Italia",45.5137917,9.2149071
Incontri,11-06-22,2022-06-11,"Via Fratelli Zoia, 194, Milano, MI",Cascina Linterno,Alla scoperta del Parco Agricolo Sud tra cascine e laghi,https://www.milanotoday.it/eventi/visita-parco-delle-cave.html,Formazione e networking,"Via Fratelli Zoia, Quarto Cagnino, Municipio 7, Milano, Lombardia, 20153, Italia",45.4751914,9.108401
,12-06-22,2022-06-11,"Via Castoldi, Milano, MI",,A Milano il festival di graffiti più grande d'Italia,https://www.milanotoday.it/eventi/festival-graffiti-trezzano.html,Non classificato,"Via Mario Castoldi, Cascina Marchesina, Trezzano sul Naviglio, Milano, Lombardia, 20090, Italia",45.4141387,9.0815662
,12-06-22,2022-06-11,"Via Tortona, 20, Milano, MI",,"""Tra Spazio e Tempo”: a Milano ritorna il Fuorisalone con un evento imperdibile",https://www.milanotoday.it/eventi/salone-del-mobile/tra-spazio-e-tempo-milano-fuorisalone.html,Non classificato,"Slow sud, 20, Via Tortona, Tortona, Municipio 6, Milano, Lombardia, 20144, Italia",45.4532214,9.1672145
,12-06-22,2022-06-11,"Via Luigi Mengoni, 5, Milano, MI",Centro Sportivo M6 Sport,Milano darts cup / Coppa Lombardia,https://www.milanotoday.it/eventi/milano-darts-cup-coppa-lombardia.html,Non classificato,"Via Luigi Mengoni, Lorenteggio, Municipio 6, Milano, Lombardia, 20152, Italia",45.4526806,9.1046238
,11-06-22,2022-06-11,"Via Cascinette, 31, Milano, MI",Bosco delle Cascinette,Il Cairo live per ül caminett’ al bosco delle Cascinette,https://www.milanotoday.it/eventi/il-cairo-live-per-ul-caminett.html,Non classificato,"Via Cascinette, Cascinette, Canegrate, Milano, Lombardia, 20039, Italia",45.5749502,8.9408636
Mostre,12-06-22,2022-06-11,"Via Vincenzo Toffetti, 25, Milano, MI",Distretto Industriale 4,Bless this mess,https://www.milanotoday.it/eventi/salone-del-mobile/bless-this-mess-2022.html,Arte e cultura,"25, Via Vincenzo Toffetti, Lodi - Corvetto, Municipio 4, Milano, Lombardia, 20139, Italia",45.439683,9.2336358
,11-06-22,2022-06-11,"Via Guascona, 60, Milano, MI",Oasi Lago dei Cigni,Stripped,https://www.milanotoday.it/eventi/stripped-david-bes-imzo-zehn-tomahs-stasya.html,Non classificato,"Via Guascona, Parco Agricolo Sud, Municipio 7, Milano, Lombardia, 20090, Italia",45.4454292,9.0672441
Incontri,11-06-22,2022-06-11,"Via Giosuè Carducci, Milano, MI",PICCOLO CIRCO DEI SOGNI DI PARIDE ORFEI,43° premio giocaitalia,https://www.milanotoday.it/eventi/43-premio-giocaitalia-2022.html,Formazione e networking,"Via Giosuè Carducci, Cascine Olona, Vighignolo, Settimo Milanese, Milano, Lombardia, 20019, Italia",45.4871903,9.0584533
Concerti,11-06-22,2022-06-11,"Piazza San Marco, Milano, MI",Chiesa di San Marco,"L'imperdibile concerto nella Chiesa di San Marco per ""Milano Musica""",https://www.milanotoday.it/eventi/concerto-chiesa-san-marco.html,Musica e vita notturna,"Piazza San Marco, Brera, Municipio 1, Milano, Lombardia, 20121, Italia",45.4732252,9.1881538
Incontri,11-06-22,2022-06-11,"Via Enrico Besana, 12, Milano, MI",MUBA – Museo dei Bambini di Milano,Un laboratorio speciale dedicato alla mobilità sostenibile,https://www.milanotoday.it/eventi/laboratorio-muba-mobilita-sostenibile.html,Formazione e networking,"MUBA - Museo dei Bambini, 12, Via Enrico Besana, Guastalla, Municipio 1, Milano, Lombardia, 20122, Italia",45.4599507,9.2051279
Spettacoli,12-06-22,2022-06-12,"Largo Antonio Greppi,20121, Milano, MI,Italia",Piccolo Teatro - Teatro Strehler,Amore,https://www.teatro.it/spettacoli/milano/piccolo-teatro-teatro-strehler/2021-2022/amore-pippo-delbono,Teatro e spettacolo,"Largo Antonio Greppi, Cerchia dei Navigli, Municipio 1, Milano, Lombardia, 20121, Italia",45.4718502,9.1827114
,13-06-22,2022-06-13,"Piazza Vittoria, Milano, MI",Sala della Battaglia,Sindacato dei pensionati Cisl Milano metropoli: sulla sanità in Lombardia i problemi non sono risolti,https://www.milanotoday.it/eventi/sindacato-dei-pensionati-cisl-milano-metropoli-sulla-sanita-in-lombardia-i-problemi-non-sono-risolti-fnp-cisl-milano-metropoli-9060610.html,Non classificato,"Piazza Vittoria, Melegnano, Milano, Lombardia, 20077, Italia",45.357192,9.324294
Spettacoli,14-06-22,2022-06-14,"Via Carlo Botta,18,20135, Milano, MI,Italia",Franco Parenti - Bagni Misteriosi,L'amaca di domani,https://www.teatro.it/spettacoli/milano/franco-parenti-bagni-misteriosi/2021-2022/lamaca-di-domani,Teatro e spettacolo,"18, Via Carlo Botta, Porta Romana, Municipio 4, Milano, Lombardia, 20135, Italia",45.4537805,9.2050141
Mostre,01-09-22,2022-06-15,"Via Privata Decemviri, 8, Milano, MI",CU8E Milano,"""Il mondo sospeso di Claudio Onorato"": la nuova mostra dell'artista milanese presso cu8e milano",https://www.milanotoday.it/eventi/il-mondo-sospeso-di-claudio-onorato.html,Arte e cultura,"Via privata Decemviri, Corsica, Municipio 4, Milano, Lombardia, 20059, Italia",45.4591867,9.2370686
Disco&Feste,15-06-22,2022-06-15,"Viale Molise, 68, Milano, MI",Ex Macello,Street food e musica sotto le stelle all'Ex Macello,https://www.milanotoday.it/eventi/festa-musica-ex-macello.html,Musica e vita notturna,"Macao, 68, Viale Molise, Ortomercato, Municipio 4, Milano, Lombardia, 20130, Italia",45.4579623,9.2244339
Incontri,15-06-22,2022-06-15,"Via Palestro, Milano, MI",Giardini Indro Montanelli,La giornata dell'autostima,https://www.milanotoday.it/eventi/la-giornata-dell-autostima-2022.html,Formazione e networking,"Via Palestro, Giardini Porta Venezia, Municipio 1, Milano, Lombardia, 20219, Italia",45.4722109,9.2017814
,15-06-22,2022-06-15,"Via Tortona, 31, Milano, MI",Phyd Arena,A Milano l'incontro sul ruolo delle donne nel lavoro,https://www.milanotoday.it/eventi/women-on-wednesday.html,Non classificato,"31, Via Tortona, Tortona, Municipio 6, Milano, Lombardia, 20144, Italia",45.4514566,9.1619182
Teatri,15-06-22,2022-06-15,"Via Cevedale, 3, Milano, MI",Birrificio La Ribalta,"Teatrodabar a Milano con ""una bottega delle slot”",https://www.milanotoday.it/eventi/teatrodabar-a-milano-2022.html,Teatro e spettacolo,"3, Via Cevedale, Cascina Sirtori, Cernusco sul Naviglio, Milano, Lombardia, 20063, Italia",45.5361274,9.3308757
Spettacoli,16-06-22,2022-06-16,"Largo Antonio Greppi,20121, Milano, MI,Italia",Piccolo Teatro - Teatro Strehler,Stefano Massini - Quando sarò capace di amare,https://www.teatro.it/spettacoli/milano/piccolo-teatro-teatro-strehler/2021-2022/stefano-massini-quando-saro-capace-di-amare,Teatro e spettacolo,"Largo Antonio Greppi, Cerchia dei Navigli, Municipio 1, Milano, Lombardia, 20121, Italia",45.4718502,9.1827114
Mostre,24-09-22,2022-06-16,"Corso Plebisciti, 12, Milano, MI",Osart Gallery,Shanduko,https://www.milanotoday.it/eventi/shanduko-linnet-rubaya.html,Arte e cultura,"Corso Plebisciti, Buenos Aires - Venezia, Municipio 3, Milano, Lombardia, 20129, Italia",45.4681056,9.2179035
Mostre,09-09-22,2022-06-16,"Via Pietro Maroncelli, 11, Milano, MI",Alessia Paladini Gallery,Le stampe al platino di Gianni Berengo Gardin in mostra a Milano,https://www.milanotoday.it/eventi/mostra-gianni-berengo-gardin.html,Arte e cultura,"Arzigogolo, 11, Via Pietro Maroncelli, GARIBALDI REPUBBLICA, Municipio 9, Milano, Lombardia, 20154, Italia",45.4831708,9.1830543
Mostre,14-07-22,2022-06-16,"Piazza Pio XI, 2, Milano, MI",Pinacoteca Ambrosiana,Incontrarti la musica racconta i capolavori dell’ambrosiana,https://www.milanotoday.it/eventi/incontrarti-la-musica-.html,Arte e cultura,"Biblioteca Ambrosiana, 2, Piazza Pio Undicesimo, Cerchia dei Navigli, Municipio 1, Milano, Lombardia, 20123, Italia",45.4636207,9.1860483
Teatri,16-06-22,2022-06-16,"Via Modica, 3, Milano, MI",Birrificio Barona,Nicolò Sordo in scena con Teatrodabar a Milano,https://www.milanotoday.it/eventi/nicolo-sordo-2022.html,Teatro e spettacolo,"Via Modica, San Cristoforo, Municipio 6, Milano, Lombardia, 20142, Italia",45.4392581,9.153324
,19-06-22,2022-06-17,"Piazza Città di Lombardia, Milano, MI",Piazza Città di Lombardia - Milano,Un viaggio tra le aziende e le etichette che hanno fatto e fanno la storia del vino italiano,https://www.milanotoday.it/eventi/viniamo-wine-sound.html,Non classificato,"Piazza Città di Lombardia, GARIBALDI REPUBBLICA, Municipio 9, Milano, Lombardia, 20124, Italia",45.4867209,9.1960553
Concerti,26-06-22,2022-06-17,"Viale della Repubblica, Milano, MI",Campo sportivo Nino Rancilio,A Parabiago il festival di musica punk rock (e non solo),https://www.milanotoday.it/eventi/concerti-paravox-parabiago.html,Musica e vita notturna,"Via Repubblica, Cascina Sant'Anna, Cascina Longa, Ospiate, Bollate, Milano, Lombardia, 20021, Italia",45.5413291,9.1013441
Mostre,19-06-22,2022-06-17,"Corso Magenta, 15, Milano, MI",Chiesa di San Maurizio al Monastero Maggiore,Touring club italiano presenta aperti per voi sotto le stelle,https://www.milanotoday.it/eventi/touring-club-italiano-2022.html,Arte e cultura,"Civico museo archeologico di Milano, 15, Corso Magenta, Cerchia dei Navigli, Municipio 1, Milano, Lombardia, 20123, Italia",45.465621,9.1787191
,18-06-22,2022-06-18,"Via Vesio, 19, Milano, MI",Giardino privato,La natura e l'arte ci accompagnano nel mondo della creatività,https://www.milanotoday.it/eventi/la-natura-e-l-arte-c.html,Non classificato,"Via Vesio, Qt 8, QT8, Municipio 8 di Milano, Milano, Lombardia, 20148, Italia",45.4846435,9.1413605
,18-06-22,2022-06-18,"Via Giuseppe Eugenio Luraghi, 11, Milano, MI",Centro Commerciale Il Centro Arese,Soluzione trasparente per correggere la posizione dei denti? Scopri di più all’open day del 18 giugno in Humanitas Arese,https://www.milanotoday.it/eventi/Soluzione-trasparente-correggere-posizione-dei-denti.html,Non classificato,"Via Maestra, 11, Viale Giuseppe Eugenio Luraghi, Valera, Arese, Milano, Lombardia, 20044, Italia",45.5638918,9.0510987
Concerti,29-06-22,2022-06-18,"Via Giulio Natta, Milano, MI",Cascina Cotica,Un concerto speciale alla Cascina Cotica,https://www.milanotoday.it/eventi/concerto-cascina-cotica.html,Musica e vita notturna,"Via Giulio Natta, Gallaratese, Lampugnano, Municipio 8 di Milano, Milano, Lombardia, 20148, Italia",45.4875935,9.1296363
Spettacoli,18-06-22,2022-06-18,"via Filodrammatici,1,20121, Milano, MI,Italia",Filodrammatici,Fame mia - Quasi un'autobiografia,https://www.teatro.it/spettacoli/milano/filodrammatici/2021-2022/fame-mia-quasi-unautobiografia,Teatro e spettacolo,"Teatro dei Filodrammatici, 1, Via Filodrammatici, Brera, Municipio 1, Milano, Lombardia, 20121, Italia",45.467261,9.188435
Teatri,26-06-22,2022-06-18,"Viale dell'Innovazione, Milano, MI",Teatro degli Arcimboldi,"""Roberto Bolle and Friends"" a Milano per uno spettacolo imperdibile",https://www.milanotoday.it/eventi/spettacolo-danza-roberto-bolle.html,Teatro e spettacolo,"Viale dell'Innovazione, Bicocca, Municipio 9, Milano, Lombardia, 20126, Italia",45.51168,9.2112427
Spettacoli,18-06-22,2022-06-18,"Corso Buenos Aires 33,20124, Milano, MI,Italia",Elfo Puccini - Sala Bausch,Kassandra,https://www.teatro.it/spettacoli/milano/elfo-puccini-sala-bausch/2021-2022/kassandra,Teatro e spettacolo,"Teatro Elfo Puccini, 33, Corso Buenos Aires, Buenos Aires - Venezia, Municipio 3, Milano, Lombardia, 20124, Italia",45.4794317,9.2098387
Mostre,18-06-22,2022-06-18,"Via Adolfo Omodeo, 29, Milano, MI",Parco dei Triangoli,Triangoli delle bermuda - 18 giugno,https://www.milanotoday.it/eventi/triangoli-delle-bermuda-18-giugno.html,Arte e cultura,"29, Via Adolfo Omodeo, Gallaratese, Quartiere Gallaratese, Municipio 8 di Milano, Milano, Lombardia, 20151, Italia",45.490328,9.1156258
Incontri,19-06-22,2022-06-18,"Via Giuseppe Mazzini, Milano, MI",Parco Muzza,El dì de la festa - La sagra che non c'era,https://www.milanotoday.it/eventi/el-di-de-la-festa-la-sagra-2022.html,Formazione e networking,"Via Giuseppe Mazzini, Cerchia dei Navigli, Municipio 1, Milano, Lombardia, 20123, Italia",45.4634905,9.1885191
Cinema,18-06-22,2022-06-18,"Via Cascina Selva, 2, Milano, MI",Cascina Selva,Cinema in cascina 2022 - Le visionarie:  cena e cinema all'aperto,https://www.milanotoday.it/eventi/cinema-in-cascina-2022.html,Arte e cultura,"Via Claudio Monteverdi, Zona Industriale Cesate, Resegone-San Primo, Cesate, Milano, Lombardia, 20031, Italia",45.6010497,9.0747413
Spettacoli,19-06-22,2022-06-19,"Via Boltraffio 21,20159, Milano, MI,Italia",Fontana,Zio Vanja,https://www.teatro.it/spettacoli/milano/fontana/2021-2022/zio-vanja,Teatro e spettacolo,"21, Via Gian Antonio Boltraffio, Isola, Municipio 9, Milano, Lombardia, 20159, Italia",45.4921952,9.1878419
Teatri,19-06-22,2022-06-19,"Via Filodrammatici, Milano, MI",Teatro alla Scala di Milano,"Domenica 19 giugno – Musica, maestro: visita guidata del teatro alla scala di Milano",https://www.milanotoday.it/eventi/domenica19-giugno-musica-2022.html,Teatro e spettacolo,"Via Filodrammatici, Brera, Municipio 1, Milano, Lombardia, 20121, Italia",45.4673403,9.1886109
Mercatini,19-06-22,2022-06-19,"Via Mecenate, 88/A, Milano, MI",East Market,"East Market, al via l’edizione arcobaleno per festeggiare il mese del Pride",https://www.milanotoday.it/eventi/east-market-festeggia-mese-pride.html,Mercati e shopping,"Via Mecenate, Mecenate, Municipio 4, Milano, Lombardia, 20059, Italia",45.4529888,9.2481173
Teatri,19-06-22,2022-06-19,"Piazzale Donne Partigiane, Milano, MI",BAU @ Barrio's,Cazzimma&arraggia al festival risveglio di periferia: l’acquisto di Maradona e la realizzazione di un sogno collettivo,https://www.milanotoday.it/eventi/cazzimma-arraggia-2022.html,Teatro e spettacolo,"Piazzale Donne Partigiane, Boffalora, Municipio 6, Milano, Lombardia, 20142, Italia",45.4323049,9.1500229
,20-06-22,2022-06-20,"Viale Cassiodoro, 20, Milano, MI",Gelato for Run,L'aperitivo (gratis) a base di gelato al gusto cocktail,https://www.milanotoday.it/eventi/gelato-gratis-2022.html,Non classificato,"Viale Cassiodoro, Tre Torri, Municipio 8 di Milano, Milano, Lombardia, 20145, Italia",45.4755487,9.1596907
Cibo e Vino,27-06-22,2022-06-20,"Via dei Sormani, 14, Milano, MI",,"Orientale fuori, italiano dentro: la cucina creativa di El Ganassin",https://www.milanotoday.it/eventi/el-ganassin-milano.html,Enogastronomia,"Via dei Sormani, Washington, Municipio 7, Milano, Lombardia, 20144, Italia",45.4583252,9.1594319
Cinema,08-07-22,2022-06-20,"Viale Fulvio Testi, 121, Milano, MI",Cineteca Milano MIC,"Cinema, in arrivo i campus estivi per bambini",https://www.milanotoday.it/eventi/campus-estivi-cinema-bambini.html,Arte e cultura,"Fondazione Cineteca Italiana, 121, Viale Fulvio Testi, Niguarda - Cà Granda, Municipio 9, Milano, Lombardia, 20126, Italia",45.5133792,9.2039096
,20-06-22,2022-06-20,"Via Enrico Nöe, 24, Milano, MI",21WOL,"Il Cairo, concerto live il 5 luglio",https://www.milanotoday.it/eventi/concerto-il-cairo.html,Non classificato,"24, Via Enrico Noë, Buenos Aires - Venezia, Municipio 3, Milano, Lombardia, 20133, Italia",45.4783062,9.2203486
Concerti,21-06-22,2022-06-21,"Via Ippodromo, 100, Milano, MI",Ippodromo di San Siro,I The Killers in concerto a Milano. Orari e biglietti,https://www.milanotoday.it/eventi/concerto-the-killers-ippodromo.html,Musica e vita notturna,"Via Ippodromo, San Siro, Municipio 7, Municipio 8 di Milano, Milano, Lombardia, 20151, Italia",45.4853093,9.1206293
Concerti,21-06-22,2022-06-21,"Piazzale Angelo Moratti, Milano, MI",Stadio San Siro,"Rolling Stones a Milano: concerto il 21 giugno, quando comprare i biglietti",https://www.milanotoday.it/eventi/rolling-stones-concerto-quando-biglietti.html,Musica e vita notturna,"Piazzale Angelo Moratti, San Siro, Municipio 7, Milano, Lombardia, 20148, Italia",45.478178,9.1212742
Concerti,21-06-22,2022-06-21,"Piazzale Angelo Moratti, Milano, MI",Stadio San Siro,I Rolling Stones tornano in Italia per un mega concerto. Dove acquistare i biglietti,https://www.milanotoday.it/eventi/concerto-rolling-stones-2022-biglietti.html,Musica e vita notturna,"Piazzale Angelo Moratti, San Siro, Municipio 7, Milano, Lombardia, 20148, Italia",45.478178,9.1212742
Manifestazioni,21-09-22,2022-06-21,"Via Giulio Cesare Procaccini, 11, Milano, MI",Fabbrica del Vapore,"L'estate arriva alla Fabbrica del Vapore con ""Vapore d'Estate""",https://www.milanotoday.it/eventi/vapore-estate-2022.html,Altri eventi,"Qf QWork, 11, Via Giulio Cesare Procaccini, Sarpi, Porta Volta, Municipio 8 di Milano, Milano, Lombardia, 20154, Italia",45.4836611,9.1735769
Teatri,26-06-22,2022-06-21,"Via Giorgio Vasari, 15, Milano, MI",Teatro Franco Parenti,"Gioele Dix alla regia di ""La giovinezza è sopravvalutata""",https://www.milanotoday.it/eventi/gioele-dix-spettacolo-franco-parenti.html,Teatro e spettacolo,"Via Giorgio Vasari, Porta Romana, Municipio 4, Milano, Lombardia, 20135, Italia",45.4542475,9.2073471
Teatri,02-07-22,2022-06-21,"Via Giorgio Vasari, Milano, MI",Teatro Franco Parenti,Il debutto nazionale di R.A.M. Come cancellare la memoria,https://www.milanotoday.it/eventi/spettacolo-ram-franco-parenti.html,Teatro e spettacolo,"Via Giorgio Vasari, Porta Romana, Municipio 4, Milano, Lombardia, 20135, Italia",45.4542475,9.2073471
Mostra,25-09-22,2022-06-21,"Via Brera, 28, Milano, MI",Pinacoteca di Brera,CARAVAGGIO!,,Arte e cultura,"Istituto Nazionale di Astrofisica – Osservatorio astronomico di Brera, 28, Via Brera, Cerchia dei Navigli, Municipio 1, Milano, Lombardia, 20121, Italia",45.4715946,9.1889707
,22-06-22,2022-06-22,"Via Ettore Ponti, 21, Milano, MI",Mondadori Bookstore,"Ezio Guaitamacchi presenta ""La storia del rock""",https://www.milanotoday.it/eventi/ezio-guaitamacchi-rock.html,Non classificato,"La Stazione delle Biciclette, 21, Via Ettore Ponti, Barona, Municipio 6, Milano, Lombardia, 20143, Italia",45.4413328,9.1571262
,22-06-22,2022-06-22,"Via San Calocero, 29, Milano, MI",Libreria Linea d'Ombra,Respinti. Le sporche frontiere d'europa dai balcani al mediterraneo,https://www.milanotoday.it/eventi/respinti-le-sporche-frontiere-2022.html,Non classificato,"Linea d'Ombra, 29, Via San Calocero, Magenta - San Vittore, Municipio 1, Milano, Lombardia, 20123, Italia",45.4577046,9.1718881
Mostre,16-09-22,2022-06-22,"Piazza del Duomo, Milano, MI",Palazzo Reale,Spazio e tempo nelle opere di Grazia Varisco a Palazzo Reale,https://www.milanotoday.it/eventi/mostra-grazia-varisco-palazzo-reale.html,Arte e cultura,"Piazza del Duomo, Duomo, Municipio 1, Milano, Lombardia, Italia",45.4639102,9.1906398
Cinema,23-07-22,2022-06-22,"Via Neera, 24, Milano, MI",Campo Sportivo,"Il cinema all'aperto (e in cuffia) nella nuova edizione di ""Arena Chiesa Rossa""",https://www.milanotoday.it/eventi/cinema-aperto-chiesa-rossa.html,Arte e cultura,"Via Neera, Stadera, Municipio 5, Milano, Lombardia, 20136, Italia",45.4331025,9.1801233
,23-06-22,2022-06-23,"Via Pisanello, 1, Milano, MI",Centro Culturale Rosetum,Silence quartet in concerto al rosetum jazz festival #4,https://www.milanotoday.it/eventi/silence-quartet-in-concerto-2022.html,Non classificato,"Via Pisanello, Bande Nere, Municipio 7, Milano, Lombardia, 20148, Italia",45.4672182,9.140416
Mostre,23-06-22,2022-06-23,"Via Antonio Pollaiuolo, 3, Milano, MI",DiSopra - Frida Isola,Creatività consapevole: mostra fotografica in collaborazione con istituto italiano di fotografia e lomography,https://www.milanotoday.it/eventi/creativita-consapevole-mostra-fotografica-2022.html,Arte e cultura,"Frida, 3, Via Antonio Pollaiuolo, Isola, Municipio 9, Milano, Lombardia, 20159, Italia",45.4887512,9.187111
Mostre,08-07-22,2022-06-23,"Piazza Filippo Meda, 3, Milano, MI",Baker McKenzie,“Il mio blu” Pucci Scafidi in mostra a Milano da Baker Mckenzie,https://www.milanotoday.it/eventi/blu-pucci-scafidi-2022.html,Arte e cultura,"Piazza Filippo Meda, Duomo, Municipio 1, Milano, Lombardia, 20122, Italia",45.4668958,9.1933427
,23-06-22,2022-06-23,"Via Giovanni Bellezza, 16a, Milano, MI",ARCI BELLEZZA,"Rassegna del noir d'autore, ecco la cena da brivido",https://www.milanotoday.it/eventi/cene-in-giallo-2022.html,Non classificato,"16a, Via Giovanni Bellezza, Vigentina, Municipio 5, Milano, Lombardia, 20136, Italia",45.4486728,9.1948474
Cinema,17-07-22,2022-06-24,"Via San Pietro All'Orto, 9, Milano, MI",Cineteca Arlecchino,I film cult degli anni '50 alla Cineteca Arlecchino,https://www.milanotoday.it/eventi/film-cineteca-arlecchino.html,Arte e cultura,"9, Via San Pietro all'Orto, Duomo, Municipio 1, Milano, Lombardia, 20122, Italia",45.4664611,9.1953139
,24-06-22,2022-06-24,"Via Luigi Mercantini, 11, Milano, MI",bovisa,"L'aperitivo musicale diventa ""The french hour""",https://www.milanotoday.it/eventi/french-hour-inmodest.html,Non classificato,"Circolo Bovisa, 11, Via Luigi Mercantini, Bovisa, Municipio 9, Milano, Lombardia, 20158, Italia",45.5016951,9.1640677
Sport,26-06-22,2022-06-24,"Piazzale dello Sport, Milano, MI",Ippodromo di San Siro,A Milano tre giorni di gare di equitazione da non perdere,https://www.milanotoday.it/eventi/gare-cavallo-ippodrono-san-siro.html,Sport e attività fisica,"Piazzale dello Sport, San Siro, Municipio 7, Milano, Lombardia, 20148, Italia",45.4789681,9.130166
Mostre,21-09-22,2022-06-24,"Piazza del Duomo, Milano, MI",Palazzo Reale,Quasi mille foto di Oliviero Toscani in mostra a Milano,https://www.milanotoday.it/eventi/mostra-oliviero-toscani-palazzo-reale.html,Arte e cultura,"Piazza del Duomo, Duomo, Municipio 1, Milano, Lombardia, Italia",45.4639102,9.1906398
,24-06-22,2022-06-24,"Via Circonvallazione Idroscalo, 41, Milano, MI",Circolo Magnolia,"""Ho fatto il classico"", lo spettacolo di Pierluca Mariti",https://www.milanotoday.it/eventi/pierluca-mariti-2022.html,Non classificato,"Circolo Magnolia, 41, Via Circonvallazione Idroscalo, Novegro, Segrate, Milano, Lombardia, 20054, Italia",45.4637036,9.286076
,25-06-22,2022-06-25,"Via dell'Allodola, 5, Milano, MI","Teatro ""La Creta""","Brahms nel salotto romantico, il concerto",https://www.milanotoday.it/eventi/brahms-concerto-2022.html,Non classificato,"Via dell'Allodola, Lorenteggio, Municipio 6, Milano, Lombardia, 20147, Italia",45.454862,9.1195068
Spettacoli,25-06-22,2022-06-25,"Via Filodrammatici 2,20121, Milano, MI,Italia",Teatro Alla Scala,La Gioconda,https://www.teatro.it/spettacoli/milano/teatro-alla-scala/2021-2022/regia-davide-livermore-la-gioconda,Teatro e spettacolo,"2, Via Filodrammatici, Brera, Milano, Lombardia, 20121, Italia",45.4676198,9.1884287
Mostre,25-06-22,2022-06-25,"Viale Liguria, 47, Milano, MI",Doppio Malto,Tramonto noir 2022,https://www.milanotoday.it/eventi/tramonto-noir-2022-altamira-aps.html,Arte e cultura,"47, Viale Liguria, Navigli, Municipio 6, Milano, Lombardia, 20143, Italia",45.4439146,9.1749062
,25-06-22,2022-06-25,"Piazza dei Mercanti, Milano, MI",Piazza dei Mercanti,"Milano sotto le stelle: visita guidata estiva serale, dal centro alle colonne di San Lorenzo",https://www.milanotoday.it/eventi/milano-sotto-le-stelle-2022.html,Non classificato,"Piazza dei Mercanti, Duomo, Municipio 1, Milano, Lombardia, 20121, Italia",45.4646599,9.1876261
Mercatini,26-06-22,2022-06-26,"Via Luigi Nono, 9, Milano, MI",Giardino Aldrovandi,Remira vintage market,https://www.milanotoday.it/eventi/remira-vintage-market.html,Mercati e shopping,"9, Via Luigi Nono, Bullona, Porta Volta, Municipio 8 di Milano, Milano, Lombardia, 20154, Italia",45.4864027,9.1751051
Spettacoli,26-06-22,2022-06-26,"Viale dell'Innovazione 20,20126, Milano, MI,Italia",Arcimboldi,Roberto Bolle and Friends,https://www.teatro.it/spettacoli/milano/degli-arcimboldi/2021-2022/roberto-bolle-friends,Teatro e spettacolo,"20, Viale dell'Innovazione, Bicocca, Municipio 9, Milano, Lombardia, 20125, Italia",45.5148696,9.2135963
Spettacoli,26-06-22,2022-06-26,"Via Pier Lombardo 14,20135, Milano, MI,Italia",Franco Parenti - Sala Blu,Paolo Hendel - La giovinezza è sopravvalutata,https://www.teatro.it/spettacoli/milano/franco-parenti-sala-acomea/2021-2022/paolo-hendel-la-giovinezza-e-sopravvalutata,Teatro e spettacolo,"Via Pier Lombardo, Porta Romana, Municipio 4, Milano, Lombardia, 20135, Italia",45.4542958,9.2063109
Spettacoli,26-06-22,2022-06-26,"Corso Buenos Aires 33,20124, Milano, MI,Italia",Elfo Puccini - sala Shakespeare,Alda. Diario di una diversa,https://www.teatro.it/spettacoli/milano/elfo-puccini-sala-shakespeare/2021-2022/alda-diario-di-una-diversa,Teatro e spettacolo,"Teatro Elfo Puccini, 33, Corso Buenos Aires, Buenos Aires - Venezia, Municipio 3, Milano, Lombardia, 20124, Italia",45.4794317,9.2098387
,27-06-22,2022-06-27,"Piazza del Duomo, Milano, MI",Mondadori Megastore,Prigioniere. Saman e le altre L'islam ha un problema con le donne?,https://www.milanotoday.it/eventi/prigioniere-saman-e-le-altre-l-islam-2022.html,Non classificato,"Piazza del Duomo, Duomo, Municipio 1, Milano, Lombardia, Italia",45.4639102,9.1906398
Spettacoli,28-06-22,2022-06-28,"Viale dell'Innovazione 20,20126, Milano, MI,Italia",Arcimboldi,Peter Pan Rock'n'Roll Tour 2020 - Edoardo Bennato,https://www.teatro.it/spettacoli/milano/degli-arcimboldi/2021-2022/peter-pan-rocknroll-tour-2020-edoardo-bennato,Teatro e spettacolo,"20, Viale dell'Innovazione, Bicocca, Municipio 9, Milano, Lombardia, 20125, Italia",45.5148696,9.2135963
Spettacoli,28-06-22,2022-06-28,"Largo Antonio Greppi,20121, Milano, MI,Italia",Piccolo Teatro - Teatro Strehler,Falcone e Borsellino. L'eredità dei giusti,https://www.teatro.it/spettacoli/milano/piccolo-teatro-teatro-strehler/2021-2022/falcone-e-borsellino-leredita-dei-giusti,Teatro e spettacolo,"Largo Antonio Greppi, Cerchia dei Navigli, Municipio 1, Milano, Lombardia, 20121, Italia",45.4718502,9.1827114
Concerti,28-06-22,2022-06-28,"Piazza del Duomo, Milano, MI",piazza duomo,Il grande concerto di Fedez e J-Ax (ma non solo) in piazza Duomo,https://www.milanotoday.it/eventi/concerto-lovemi-fedez-jax-duomo.html,Musica e vita notturna,"Piazza del Duomo, Duomo, Municipio 1, Milano, Lombardia, Italia",45.4639102,9.1906398
Teatri,30-06-22,2022-06-28,"Via Luigi Granelli, Milano, MI",Carroponte,Andrea Pucci in uno spettacolo dal vivo al Carroponte,https://www.milanotoday.it/eventi/andrea-pucci-dal-vivo-al-carroponte.html,Teatro e spettacolo,"Via Luigi Granelli, Isola del Bosco, Torretta, Sesto San Giovanni, Zona Omogenea Milano Nord, Milano, Lombardia, 20099, Italia",45.5296158,9.2252397
Teatri,28-06-22,2022-06-28,"Largo Greppi, 1, Milano, MI",Piccolo Teatro Strehler,Un racconto di musica e parole per ricordare Falcone e Borsellino,https://www.milanotoday.it/eventi/spettacolo-falcone-borsellino-piccolo-teatro.html,Teatro e spettacolo,"Largo Antonio Greppi, Cerchia dei Navigli, Municipio 1, Milano, Lombardia, 20121, Italia",45.4718502,9.1827114
Auto e moto,05-07-22,2022-06-28,"Piazza Cinque Giornate, 1\A, Milano, MI",coin,Apre a Milano “la Maison Citroën”: il primo flagship store urbano in Italia,https://www.milanotoday.it/eventi/citroen-ami-cinque-giornate.html,Altri eventi,"Coin, 1a, Piazza Cinque Giornate, Guastalla, Municipio 1, Milano, Lombardia, 29135, Italia",45.4624784,9.2063858
Incontri,28-06-22,2022-06-28,"Via Marcona, 6, Milano, MI",Classico Trattoria Contemporanea,#Blackgrapesmatter; serata champagne da classico trattoria contemporanea,https://www.milanotoday.it/eventi/blackgrapesmatter-serata-champagne-2022.html,Formazione e networking,"6, Via Marcona, XXII Marzo, Municipio 4, Milano, Lombardia, 20129, Italia",45.4634092,9.2082509
Concerti,28-06-22,2022-06-28,"Via Circonvallazione Idroscalo, 41, Milano, MI",Circolo Magnolia,La Rappresentante di Lista in concerto a Milano,https://www.milanotoday.it/eventi/concerto-la-rappresentante-di-lista.html,Musica e vita notturna,"Circolo Magnolia, 41, Via Circonvallazione Idroscalo, Novegro, Segrate, Milano, Lombardia, 20054, Italia",45.4637036,9.286076
Incontri,29-06-22,2022-06-29,"Viale Emilio Alemagna, 6, Milano, MI",Triennale di Milano,Cosa vuol dire essere un artista in Italia oggi: l'incontro in Triennale,https://www.milanotoday.it/eventi/incontro-arte-29-giugno.html,Formazione e networking,"Triennale Design Museum, 6, Viale Emilio Alemagna, Parco Sempione, Municipio 1, Milano, Lombardia, 20121, Italia",45.4721477,9.1734894
Concerti,11-07-22,2022-06-29,"Piazza Napoli, Milano, MI",Cortile del Castello di Vigevano,A Vigevano tre concerti (gratis) di musica jazz,https://www.milanotoday.it/eventi/concerti-jazz-vigevano.html,Musica e vita notturna,"Piazza Napoli, Lorenteggio, Municipio 6, Milano, Lombardia, 20146, Italia",45.4532033,9.1536569
Spettacoli,29-06-22,2022-06-29,"Viale dell'Innovazione 20,20126, Milano, MI,Italia",Arcimboldi,John Cleese - Last Time to See Me Before I Die,https://www.teatro.it/spettacoli/milano/degli-arcimboldi/2021-2022/john-cleese-last-time-to-see-me-before-i-die,Teatro e spettacolo,"20, Viale dell'Innovazione, Bicocca, Municipio 9, Milano, Lombardia, 20125, Italia",45.5148696,9.2135963
,29-06-22,2022-06-29,"Via Pisanello, 1, Milano, MI",Teatro Rosetum,"Al teatro Rosetum le grandi imprese di Binda, Bartali e Coppi",https://www.milanotoday.it/eventi/teatro-rosetum-binda-bartali-coppi.html,Non classificato,"Via Pisanello, Bande Nere, Municipio 7, Milano, Lombardia, 20148, Italia",45.4672182,9.140416
,30-06-22,2022-06-30,"Via Giovanni Pierluigi da Palestrina, 7, Milano, MI",Cinema Palestrina,La santa piccola in sala a Milano,https://www.milanotoday.it/eventi/la-santa-piccola-in-sala-a-milano-2022.html,Non classificato,"Cinema Palestrina, 7, Via Giovanni Pierluigi da Palestrina, Buenos Aires - Venezia, Municipio 3, Milano, Lombardia, 20124, Italia",45.4850056,9.2138936
Spettacoli,30-06-22,2022-06-30,"via Granelli 1,20099, Sesto San Giovanni, MI,Italia",Carroponte,PUCCI - Il meglio di...,https://www.teatro.it/spettacoli/sesto-san-giovanni/carroponte/2021-2022/pucci-il-meglio-di,Teatro e spettacolo,"Carroponte, 1, Via Luigi Granelli, Rondò, Torretta, Sesto San Giovanni, Zona Omogenea Milano Nord, Milano, Lombardia, 20099, Italia",45.529574,9.2209217
Spettacoli,30-06-22,2022-06-30,"via Granelli 1,20099, Sesto San Giovanni, MI,Italia",Carroponte,PUCCI - Il meglio di...,https://www.teatro.it/spettacoli/sesto-san-giovanni/carroponte/2021-2022/pucci-il-meglio-di,Teatro e spettacolo,"Carroponte, 1, Via Luigi Granelli, Rondò, Torretta, Sesto San Giovanni, Zona Omogenea Milano Nord, Milano, Lombardia, 20099, Italia",45.529574,9.2209217
Mostre,30-07-22,2022-06-30,"Via San Vittore, Milano, MI",Museo della Scienza,La mostra dedicata a Leonardo da Vinci con le installazioni in realtà aumentata,https://www.milanotoday.it/eventi/mostra-leonardo-realta-aumentata.html,Arte e cultura,"Via San Vittore, Magenta - San Vittore, Municipio 1, Milano, Lombardia, 20144, Italia",45.4644719,9.1666084
,30-06-22,2022-06-30,"Via Eugenio Curiel, 25, Milano, MI",Fiordaliso,Alle porte di Milano verrà preparato lo sptritz più grande del mondo,https://www.milanotoday.it/eventi/spritz-guinness-primati-2022.html,Non classificato,"25, Via Eugenio Curiel, Villaggio Ambrosiano, Rovagnasco, Segrate, Milano, Lombardia, 20054, Italia",45.4954699,9.2959442
Manifestazioni,02-07-22,2022-06-30,"Piazza Città di Lombardia, Milano, MI",Piazza Città di Lombardia,Anche a Milano arriva la Notte rosa,https://www.milanotoday.it/eventi/notte-rosa-2022.html,Altri eventi,"Piazza Città di Lombardia, GARIBALDI REPUBBLICA, Municipio 9, Milano, Lombardia, 20124, Italia",45.4867209,9.1960553
Manifestazioni,30-06-22,2022-06-30,"Piazzale dello Sport, Milano, MI",Ippodromo Snai di San Siro,"Ippodromo, ultimo appuntamento estivo tra corse di cavalli e giochi per bambini",https://www.milanotoday.it/eventi/festa-chiusura-estiva-ippodromo.html,Altri eventi,"Piazzale dello Sport, San Siro, Municipio 7, Milano, Lombardia, 20148, Italia",45.4789681,9.130166
Manifestazioni,02-07-22,2022-06-30,"Piazza Città di Lombardia, Milano, MI",,Una discoteca a cielo aperto con la Notte Rosa 2022,https://www.milanotoday.it/eventi/notte-rosa-2022-piazza-citta-lombardia.html,Altri eventi,"Piazza Città di Lombardia, GARIBALDI REPUBBLICA, Municipio 9, Milano, Lombardia, 20124, Italia",45.4867209,9.1960553
Manifestazioni,31-10-22,2022-07-01,"Viale Emilio Alemagna, 6, Milano, MI",La Triennale di Milano,L'installazione in Triennale dedicata alle materie STEM,https://www.milanotoday.it/eventi/installazione-stem-triennale.html,Altri eventi,"Triennale Design Museum, 6, Viale Emilio Alemagna, Parco Sempione, Municipio 1, Milano, Lombardia, 20121, Italia",45.4721477,9.1734894
,31-10-22,2022-07-01,"Viale Emilio Alemagna, 6, Milano, MI","Triennale Milano, Giardino Giancarlo De Carlo",Alla Triennale l'installazion Mind the stem gap,https://www.milanotoday.it/eventi/alla-triennale-l-installazione-mind-the-stem-gap.html,Non classificato,"Triennale Design Museum, 6, Viale Emilio Alemagna, Parco Sempione, Municipio 1, Milano, Lombardia, 20121, Italia",45.4721477,9.1734894
Mostre,11-09-22,2022-07-01,"Piazza del Duomo, Milano, MI",Palazzo Reale,"Le opere di Somaini a Palazzo Reale, Museo del Novecento e Fondazione Somaini",https://www.milanotoday.it/eventi/mostra-opere-somaini-milano.html,Arte e cultura,"Piazza del Duomo, Duomo, Municipio 1, Milano, Lombardia, Italia",45.4639102,9.1906398
,17-07-22,2022-07-01,"Strada Statale dei Giovi, 35, Milano, MI",Centro Commerciale Brianza,Acquista e vinci: un centro commerciale alle porte di Milano sta per regalare Gift Card del valore fino a 100 euro,https://www.milanotoday.it/eventi/concorso-premi-centro-comerciale-brianza.html,Non classificato,"Via Strada Statale 35 dei Giovi, Battiloca, Dugnano, Paderno Dugnano, Zona Omogenea Milano Nord, Milano, Lombardia, 20037, Italia",45.5620334,9.1513296
Concerti,01-07-22,2022-07-01,"Piazzale dello Sport, 16, Milano, MI",Ippodromo di San Siro,La star della trap latina Ozuna in concerto a Milano. Orari e biglietti,https://www.milanotoday.it/eventi/concerto-ozuna-ippodromo.html,Musica e vita notturna,"Piazzale dello Sport, San Siro, Municipio 7, Milano, Lombardia, 20148, Italia",45.4789681,9.130166
,01-07-22,2022-07-01,"Via Enrico Caviglia, 3, Milano, MI",Istituto Italiano di Fotografia,Blank #1: la comunità lgbtqia+ attraverso la fotografia,https://www.milanotoday.it/eventi/blank-1-la-comunita-lgbtqia-2022.html,Non classificato,"CSDM, 3, Via Enrico Caviglia, Lodi - Corvetto, Municipio 4, Milano, Lombardia, 20139, Italia",45.4428538,9.2307904
,02-07-22,2022-07-02,"Via Felice Cavallotti, Milano, MI",CasaStudio - Fotografia e Archivio,"Fotografie inutili, archivio fotografico ciclo-diffuso. Progetto artistico in movimento",https://www.milanotoday.it/eventi/fotografie-inutili-archivio-fotografico-2022.html,Non classificato,"Via Felice Cavallotti, Duomo, Municipio 1, Milano, Lombardia, 20122, Italia",45.4637634,9.1967663
Mostre,10-07-22,2022-07-02,"Viale Andrea Doria, 20, Milano, MI",Erratum,Mostra personale di Andrea Centazzo presso lo spazio erratum di Milano,https://www.milanotoday.it/eventi/personale-di-andrea-centazzo-2022.html,Arte e cultura,"20, Viale Andrea Doria, Buenos Aires - Venezia, Municipio 3, Milano, Lombardia, 20124, Italia",45.4853749,9.2113969
Spettacoli,03-07-22,2022-07-03,"Via Rivoli 6,20121, Milano, MI,Italia",Piccolo Teatro - Studio Melato,Carbonio,https://www.teatro.it/spettacoli/milano/piccolo-teatro-studio-melato/2021-2022/carbonio,Teatro e spettacolo,"6, Via Rivoli, Brera, Municipio 1, Milano, Lombardia, 20121, Italia",45.4726093,9.182881
Mostre,03-07-22,2022-07-03,"Piazza della Scala, 6, Milano, MI",Gallerie d'Italia,"Musei gratis, domenica aprono le Gallerie d'Italia",https://www.milanotoday.it/eventi/gallerie-italia-mostra-gratis.html,Arte e cultura,"Gallerie d'Italia, 6, Piazza della Scala, Duomo, Municipio 1, Milano, Lombardia, 20121, Italia",45.467265,9.1905257
Manifestazioni,03-08-22,2022-07-04,"Corso di Porta Vittoria, 6, Milano, MI",Cortile d’Onore di Palazzo Sormani,"""Menotti d'estate"", musica e teatro nel cortile della Sormani",https://www.milanotoday.it/eventi/spettacoli-musica-sormani-2022.html,Altri eventi,"Biblioteca Comunale Centrale Sormani, 6, Corso di Porta Vittoria, Guastalla, Municipio 1, Milano, Lombardia, 20122, Italia",45.4621276,9.1981128
Concerti,07-07-22,2022-07-04,"Via Giuseppe di Vittorio, Milano, MI",Mediolanum Forum,I Pinguini Tattici Nucleari in concerto a Milano. Orari e biglietti,https://www.milanotoday.it/eventi/concerto-pinguini-tattici-nucleari.html,Musica e vita notturna,"Via Giuseppe Di Vittorio, Pontesesto, Rozzano, Milano, Lombardia, 20072, Italia",45.3848731,9.1854672
Concerti,05-07-22,2022-07-05,"Via Giovanni Lorenzini, 3a, Milano, MI",lorenzini district,Il concerto di Achille Lauro rimandato al 2022: date e biglietti,https://www.milanotoday.it/eventi/concerto-achille-lauro-rimandato-a-maggio-2022.html,Musica e vita notturna,"Via Giovanni Lorenzini, Scalo Romana, Municipio 5, Milano, Lombardia, 20135, Italia",45.4439579,9.2030737
Spettacoli,05-07-22,2022-07-05,"Via Carlo Botta,18,20135, Milano, MI,Italia",Franco Parenti - Bagni Misteriosi,Il sogno di una cosa,https://www.teatro.it/spettacoli/milano/franco-parenti-bagni-misteriosi/2021-2022/il-sogno-di-una-cosa,Teatro e spettacolo,"18, Via Carlo Botta, Porta Romana, Municipio 4, Milano, Lombardia, 20135, Italia",45.4537805,9.2050141
Teatri,05-07-22,2022-07-05,"Via Pier Lombardo, Milano, MI",Bagni Misteriosi,"""Il sogno di una cosa"", Elio Germano e Teho Teardo in un omaggio a Pasolini",https://www.milanotoday.it/eventi/spettacolo-sogno-di-una-cosa-elio-germano.html,Teatro e spettacolo,"Via Pier Lombardo, Porta Romana, Municipio 4, Milano, Lombardia, 20135, Italia",45.4542958,9.2063109
Cibo e Vino,06-07-22,2022-07-06,"Via Dionigi Bussola, Milano, MI",Crotto quartino,"A Milano apre ""Crotto quartino"", pizzoccheri bianchi gratis per tutti all'inaugurazione",https://www.milanotoday.it/eventi/apre-crotto-quartino-pizzoccheri-bianchi.html,Enogastronomia,"Via Dionigi Bussola, San Cristoforo, Municipio 6, Milano, Lombardia, 20143, Italia",45.4454505,9.1574206
,08-07-22,2022-07-06,"Via San Pietro All'Orto, 9, Milano, MI",Eliseo Multisala,"Ritorna agenda Brasil, festival internazionale di cinema brasiliano, a Milano",https://www.milanotoday.it/eventi/ritorna-agenda-brasil-festival-internazionale.html,Non classificato,"9, Via San Pietro all'Orto, Duomo, Municipio 1, Milano, Lombardia, 20122, Italia",45.4664611,9.1953139
Spettacoli,07-07-22,2022-07-07,"Via G. di Vittorio 6,20090, Assago, MI,Italia",Unipol Forum,Pinguini Tattici Nucleari - Dove eravamo rimasti Tour,https://www.teatro.it/spettacoli/assago/mediolanum-forum/2021-2022/pinguini-tattici-nucleari-dove-eravamo-rimasti-tour,Teatro e spettacolo,"20090, Italy",45.407,9.1083
Mostre,09-10-22,2022-07-07,"Piazza Castello, Milano, MI",Castello Sforzesco,La mostra delle carte da gioco al Castello Sforzesco,https://www.milanotoday.it/eventi/mostra-carte-gioco-castello-sforzesco.html,Arte e cultura,"Piazza Castello, Cerchia dei Navigli, Municipio 1, Milano, Lombardia, Italia",45.4704699,9.1819129
Spettacoli,07-07-22,2022-07-07,"Via Filodrammatici 2,20121, Milano, MI,Italia",Teatro Alla Scala,AfteRite + Lore,https://www.teatro.it/spettacoli/milano/teatro-alla-scala/2021-2022/afterite-lore,Teatro e spettacolo,"2, Via Filodrammatici, Brera, Milano, Lombardia, 20121, Italia",45.4676198,9.1884287
Concerti,07-07-22,2022-07-07,"Piazza del Duomo, Milano, MI",Duomo di Milano,Due concerti imperdibili nel Duomo di Milano,https://www.milanotoday.it/eventi/concerti-duomo-luglio-2022.html,Musica e vita notturna,"Piazza del Duomo, Duomo, Municipio 1, Milano, Lombardia, Italia",45.4639102,9.1906398
,07-07-22,2022-07-07,"Via Riccardo Pitteri, 58, Milano, MI",Arena Milano Est,"Festival Ahymé, il nuovo appuntamento con la Taranta salentina",https://www.milanotoday.it/eventi/festival-ahyme-serata-taranta.html,Non classificato,"Via Riccardo Pitteri, Lambrate, Municipio 3, Milano, Lombardia, 20134, Italia",45.4805358,9.2454637
Teatri,07-07-22,2022-07-07,"Via Pisanello, 1, Milano, MI",Centro Culturale Rosetum,Anna Lauvergnac-international quartet in concerto al Rosetum jazz festival,https://www.milanotoday.it/eventi/anna-lauvergnac-international-quartet-2022.html,Teatro e spettacolo,"Via Pisanello, Bande Nere, Municipio 7, Milano, Lombardia, 20148, Italia",45.4672182,9.140416
Incontri,08-07-22,2022-07-08,"Piazza Santa Francesca Romana, Milano, MI",,"""Let me come Home"": a Milano lo spettacolo di teatro-danza per i diritti LGBTQI+",https://www.milanotoday.it/eventi/let-me-come-home.html,Formazione e networking,"Piazza Santa Francesca Romana, Buenos Aires - Venezia, Municipio 3, Milano, Lombardia, 20219, Italia",45.4764394,9.2084196
,14-07-22,2022-07-08,"Via Vincenzo Bellini, Milano, MI",Casa Campanini,Il liberty milanese visto in bicicletta con l'esperto d'arte Andrea Speziali,https://www.milanotoday.it/eventi/il-liberty-milanese-2022.html,Non classificato,"Via Vincenzo Bellini, Guastalla, Municipio 1, Milano, Lombardia, 20219, Italia",45.4656555,9.2054168
Spettacoli,08-07-22,2022-07-08,"Corso Buenos Aires,33,20124, Milano, MI,Italia",Teatro Elfo Puccini - sala Fassbinder,Cabaret Ceronetti,https://www.teatro.it/spettacoli/milano/teatro-elfo-puccini-sala-fassbinder/2021-2022/cabaret-ceronetti,Teatro e spettacolo,"Teatro Elfo Puccini, 33, Corso Buenos Aires, Buenos Aires - Venezia, Municipio 3, Milano, Lombardia, 20124, Italia",45.4794317,9.2098387
Cinema,08-07-22,2022-07-08,"Via San Pietro All'Orto, 9, Milano, MI",Cineteca Milano Arlecchino,Musica e film al festival internazionale di cinema brasiliano,https://www.milanotoday.it/eventi/festival-cinema-brasiliano-2022.html,Arte e cultura,"9, Via San Pietro all'Orto, Duomo, Municipio 1, Milano, Lombardia, 20122, Italia",45.4664611,9.1953139
Cinema,08-07-22,2022-07-08,"Via San Pietro All'Orto, 9, Milano, MI",Cineteca Milano Arlecchino,Musica e film al festival internazionale di cinema brasiliano,https://www.milanotoday.it/eventi/festival-cinema-brasiliano-2022.html,Arte e cultura,"9, Via San Pietro all'Orto, Duomo, Municipio 1, Milano, Lombardia, 20122, Italia",45.4664611,9.1953139
Spettacoli,08-07-22,2022-07-08,"Corso Buenos Aires 33,20124, Milano, MI,Italia",Elfo Puccini - sala Shakespeare,Alessandro Bergonzoni - Trascendi e sali,https://www.teatro.it/spettacoli/milano/elfo-puccini-sala-shakespeare/2021-2022/alessandro-bergonzoni-trascendi-e-sali,Teatro e spettacolo,"Teatro Elfo Puccini, 33, Corso Buenos Aires, Buenos Aires - Venezia, Municipio 3, Milano, Lombardia, 20124, Italia",45.4794317,9.2098387
Cinema,08-07-22,2022-07-08,"Via San Pietro All'Orto, 9, Milano, MI",Cineteca Milano Arlecchino,Musica e film al festival internazionale di cinema brasiliano,https://www.milanotoday.it/eventi/festival-cinema-brasiliano-2022.html,Arte e cultura,"9, Via San Pietro all'Orto, Duomo, Municipio 1, Milano, Lombardia, 20122, Italia",45.4664611,9.1953139
Cinema,08-07-22,2022-07-08,"Via San Pietro All'Orto, 9, Milano, MI",Cineteca Milano Arlecchino,Musica e film al festival internazionale di cinema brasiliano,https://www.milanotoday.it/eventi/festival-cinema-brasiliano-2022.html,Arte e cultura,"9, Via San Pietro all'Orto, Duomo, Municipio 1, Milano, Lombardia, 20122, Italia",45.4664611,9.1953139
,09-07-22,2022-07-09,"Via Enrico Falck, 53, Milano, MI",ANFITEATRO MONTE AMIATA,Sankofa gospel ensemble,https://www.milanotoday.it/eventi/sankofa-gospel-ensemble-2022.html,Non classificato,"53, Via Enrico Falck, Gallaratese, Quartiere Gallaratese, Municipio 8 di Milano, Milano, Lombardia, 20151, Italia",45.4999874,9.1010998
Manifestazioni,29-07-22,2022-07-09,"Via Giuseppe Eugenio Luraghi, 11, Milano, MI",Il Centro,"Musica, sport e tanto divertimento nel nuovo Villaggio al Centro di Arese",https://www.milanotoday.it/eventi/villaggio-iliad-centro-arese.html,Altri eventi,"Via Maestra, 11, Viale Giuseppe Eugenio Luraghi, Valera, Arese, Milano, Lombardia, 20044, Italia",45.5638918,9.0510987
Teatri,09-07-22,2022-07-09,"Via Bergognone, Milano, MI",Base Milano,Lo spettacolo di marionette da Base che racconta l'inclusività,https://www.milanotoday.it/eventi/spettacolo-marionette-base.html,Teatro e spettacolo,"Via Bergognone da Fossano, Tortona, Municipio 6, Milano, Lombardia, 20144, Italia",45.4516158,9.1650997
Concerti,09-07-22,2022-07-09,"Via Fametta, 1, Milano, MI",Villa Arconati-FAR,Enrico Intra in concerto a Villa Arconati. Orari e biglietti,https://www.milanotoday.it/eventi/concerto-enrico-intra-villa-arconati.html,Musica e vita notturna,"1, Via Fametta, Via Trento, Castellazzo, Bollate, Milano, Lombardia, 20021, Italia",45.556757,9.0958021
Disco&Feste,09-07-22,2022-07-09,"Viale Molise, 12, Milano, MI",Ex Macello,La festa a cielo aperto nell'Ex Macello di Milano,https://www.milanotoday.it/eventi/festa-le-cannibale-ex-macello.html,Musica e vita notturna,"Viale Molise, Ortomercato, Municipio 4, Milano, Lombardia, 20130, Italia",45.452308,9.2241311
Concerti,10-07-22,2022-07-10,"Via Luigi Granelli, Milano, MI",Carroponte,Concerto dei Gogol Bordello: domenica 10 luglio al Carroponte,https://www.milanotoday.it/eventi/concerto-gogol-bordello-10-luglio.html,Musica e vita notturna,"Via Luigi Granelli, Isola del Bosco, Torretta, Sesto San Giovanni, Zona Omogenea Milano Nord, Milano, Lombardia, 20099, Italia",45.5296158,9.2252397
Cinema,10-07-22,2022-07-10,"Via Giuseppe Gabetti, 15, Milano, MI",Mare Culturale Urbano,Cinema in cuffia da Mare Culturale Urbano: l'appuntamento per le famiglie,https://www.milanotoday.it/eventi/cinema-cuffia-mare-culturale-urbano.html,Arte e cultura,"Cascina Torrette di Trenno, 15, Via Giuseppe Gabetti, Quartiere Vercellese, Forze Armate, Municipio 7, Milano, Lombardia, 20147, Italia",45.4687457,9.1240256
Concerti,10-07-22,2022-07-10,"Piazzale Angelo Moratti, Milano, MI",Stadio San Siro,Il concerto dei Guns n' Roses a Milano e come acquistare i biglietti,https://www.milanotoday.it/eventi/concerto-guns-roses-san-siro.html,Musica e vita notturna,"Piazzale Angelo Moratti, San Siro, Municipio 7, Milano, Lombardia, 20148, Italia",45.478178,9.1212742
Teatri,15-07-22,2022-07-11,"Corso Buenos Aires, 33, Milano, MI",Teatro Elfo Puccini,"All'Elfo Puccini va in scena ""Stupida Show"" con Beatrice Schiros",https://www.milanotoday.it/eventi/spettacolo-stupida-show-elfo-puccini.html,Teatro e spettacolo,"Teatro Elfo Puccini, 33, Corso Buenos Aires, Buenos Aires - Venezia, Municipio 3, Milano, Lombardia, 20124, Italia",45.4794317,9.2098387
,18-07-22,2022-07-11,"Via Alessandro Manzoni, 56, Milano, MI",Dental Center Humanitas,"Insoddisfatto del tuo sorriso? Scopri le possibili soluzioni agli open days del 11, 15 e 18 luglio al Dental Center di Rozzano",https://www.milanotoday.it/eventi/Scopri-possibili-soluzioni-agli-open-days.html,Non classificato,"56, Via Alessandro Manzoni, Paullo, Milano, Lombardia, 20067, Italia",45.4180966,9.4000575
Auto e moto,17-07-22,2022-07-11,"Piazza Piemonte, 2, Milano, MI",Il Destriero Centro Commerciale,Arriva il Kia Tour Nuova Niro: lo spettacolo sta per iniziare,https://www.milanotoday.it/eventi/11luglio-kia-tour-nuova-niro.html,Altri eventi,"La Feltrinelli, 2/4, Piazza Piemonte, Pagano, Municipio 7, Milano, Lombardia, 20145, Italia",45.466972,9.155852
Spettacoli,11-07-22,2022-07-11,"Via Filodrammatici 2,20121, Milano, MI,Italia",Teatro Alla Scala,Rigoletto,https://www.teatro.it/spettacoli/milano/teatro-alla-scala/2021-2022/rigoletto-regia-mario-martone,Teatro e spettacolo,"2, Via Filodrammatici, Brera, Milano, Lombardia, 20121, Italia",45.4676198,9.1884287
Teatri,11-07-22,2022-07-11,"Via Giorgio Vasari, 15, Milano, MI",Teatro Franco Parenti,Charlotte Rampling in un nuovo spettacolo al Teatro Franco Parenti,https://www.milanotoday.it/eventi/spettacolo-charlotte-rampling-franco-parenti.html,Teatro e spettacolo,"Via Giorgio Vasari, Porta Romana, Municipio 4, Milano, Lombardia, 20135, Italia",45.4542475,9.2073471
,18-07-22,2022-07-12,"Piazza Gae Aulenti, Milano, MI",Piazza Gae Aulenti,"Al via il Road Show di Fili, uno dei più grandi progetti di rigenerazione urbana ed extraurbana in Europa",https://www.milanotoday.it/eventi/progetto-fili-inaugurazione-ferrovie-nord-milano-fnm.html,Non classificato,"Piazza Gae Aulenti, GARIBALDI REPUBBLICA, Municipio 9, Milano, Lombardia, Italia",45.4834778,9.1902248
Cinema,12-07-22,2022-07-12,"Viale Fulvio Testi, 121, Milano, MI",Cineteca Milano MIC,Cartoline d'Italia alla Cineteca di Milano,https://www.milanotoday.it/eventi/mostra-cartoline-italia-cineteca-milano.html,Arte e cultura,"Fondazione Cineteca Italiana, 121, Viale Fulvio Testi, Niguarda - Cà Granda, Municipio 9, Milano, Lombardia, 20126, Italia",45.5133792,9.2039096
,12-07-22,2022-07-12,"Via Ulrico Hoepli, 3B, Milano, MI",Auditorium San Fedele,Roberto Re torna all’Auditorium San Fedele con il nuovissimo seminario “Leader di Te Stesso Nonostante Tutto”,https://www.milanotoday.it/eventi/roberto-re-leader-di-te-stesso-nonostante-tutto.html,Non classificato,"Via Ulrico Hoepli, Duomo, Municipio 1, Milano, Lombardia, 20122, Italia",45.4665215,9.1926359
Cinema,12-07-22,2022-07-12,"Viale Fulvio Testi, 121, Milano, MI",Cineteca Milano MIC,Cartoline d'Italia alla Cineteca di Milano,https://www.milanotoday.it/eventi/mostra-cartoline-italia-cineteca-milano.html,Arte e cultura,"Fondazione Cineteca Italiana, 121, Viale Fulvio Testi, Niguarda - Cà Granda, Municipio 9, Milano, Lombardia, 20126, Italia",45.5133792,9.2039096
Concerti,10-09-22,2022-07-12,"Piazza Castello, Milano, MI",Castello Sforzesco,"""Milano è viva"", grandi concerti e spettacoli al Castello Sforzesco",https://www.milanotoday.it/eventi/festival-milano-e-viva.html,Musica e vita notturna,"Piazza Castello, Cerchia dei Navigli, Municipio 1, Milano, Lombardia, Italia",45.4704699,9.1819129
Cinema,12-07-22,2022-07-12,"Viale Fulvio Testi, 121, Milano, MI",Cineteca Milano MIC,Cartoline d'Italia alla Cineteca di Milano,https://www.milanotoday.it/eventi/mostra-cartoline-italia-cineteca-milano.html,Arte e cultura,"Fondazione Cineteca Italiana, 121, Viale Fulvio Testi, Niguarda - Cà Granda, Municipio 9, Milano, Lombardia, 20126, Italia",45.5133792,9.2039096
Cinema,12-07-22,2022-07-12,"Viale Fulvio Testi, 121, Milano, MI",Cineteca Milano MIC,Cartoline d'Italia alla Cineteca di Milano,https://www.milanotoday.it/eventi/mostra-cartoline-italia-cineteca-milano.html,Arte e cultura,"Fondazione Cineteca Italiana, 121, Viale Fulvio Testi, Niguarda - Cà Granda, Municipio 9, Milano, Lombardia, 20126, Italia",45.5133792,9.2039096
,13-07-22,2022-07-13,"Via Seneca, 6, Milano, MI",Il Cinemino,Torna corti d'estate con i cortometraggi al Cinemino,https://www.milanotoday.it/eventi/cinemino-estate-2022.html,Non classificato,"Il Cinemino, 6, Via Seneca, Porta Romana, Municipio 4, Milano, Lombardia, 20135, Italia",45.4541227,9.2083301
Mostre,31-08-22,2022-07-13,"Via Alessandro Manzoni, 12, Milano, MI",Museo Poldi Pezzoli,"Estate in città, le visite gratis per i bambini al Museo Poldi Pezzoli",https://www.milanotoday.it/eventi/visite-guidate-bambini-museo-poldi-pezzoli.html,Arte e cultura,"Museo Poldi Pezzoli, 12, Via Alessandro Manzoni, Duomo, Municipio 1, Milano, Lombardia, 20121, Italia",45.4684748,9.1917804
Cibo e Vino,13-07-22,2022-07-13,"Viale Lomellina, 27a, Milano, MI",Spazio Parco Milano,Picnic a Spazio Parco Milano con il  Prosciutto di San Daniele,https://www.milanotoday.it/eventi/picnic-spazio-parco-milano.html,Enogastronomia,"Viale Corsica - Via Lomellina, Corsica, Municipio 4, Milano, Lombardia, 20059, Italia",45.4623225,9.2309403
Concerti,13-07-22,2022-07-13,"Piazzale Angelo Moratti, Milano, MI",Stadio San Siro,Alessandra Amoroso in un concerto imperdibile a San Siro. Orari e biglietti,https://www.milanotoday.it/eventi/concerto-alessandra-amoroso-san-siro.html,Musica e vita notturna,"Piazzale Angelo Moratti, San Siro, Municipio 7, Milano, Lombardia, 20148, Italia",45.478178,9.1212742
Convegno/conferenza,13-07-22,2022-07-13,"Via Edmondo De Amicis 11, Milano, MI","Sala Conferenze Soprintendenza Archeologia, Belle Arti e Paesaggio",TIP – Take It Personally. I fondi di persona al centro del dibattito interdisciplinare,,Formazione e networking,"11, Via Edmondo De Amicis, Ticinese, Municipio 1, Milano, Lombardia, 20123, Italia",45.4573641,9.1801898
Mostre,21-08-22,2022-07-14,"Via Palestro, 16, Milano, MI",Galleria d'Arte Moderna (Gam),Il modernismo croato in mostra a Milano,https://www.milanotoday.it/eventi/mostra-vidovic-galleria-arte-moderna.html,Arte e cultura,"Galleria d'Arte Moderna, 16, Via Palestro, Guastalla, Municipio 1, Milano, Lombardia, 20121, Italia",45.4725327,9.199676
,30-09-22,2022-07-14,"Via Spartaco, Milano, MI",accademia di arti visive the sign,"Il circolo degli scrittori lancia il concorso letterario ""la frustrazione di noè"" con in giuria Nicolai Lilin",https://www.milanotoday.it/eventi/circolo-degli-scrittori-lilin.html,Non classificato,"Via Spartaco, XXII Marzo, Municipio 4, Milano, Lombardia, 20135, Italia",45.4579345,9.2123187
Incontri,14-07-22,2022-07-14,"Via Borgogna, 5, Milano, MI",Centro Studi Borgogna,"""Nel cuore di Odessa"": presentazione del libro di Ugo Poletti a Milano",https://www.milanotoday.it/attualita/presentazione-cuore-odessa-libro-poletti.html,Formazione e networking,"Hector, 5, Via Borgogna, Duomo, Municipio 1, Milano, Lombardia, 20122, Italia",45.4659015,9.1994799
Cinema,14-07-22,2022-07-14,"Viale Campania, 12, Milano, MI",Wow Spazio Fumetto,"""Oles’ Honchar. La parola come arma"": il 14 luglio a Milano il film sullo scrittore e politico ucraino",https://www.milanotoday.it/eventi/oles-honchar-film-wow-spazio-fumetto.html,Arte e cultura,"12, Viale Campania, Corsica, Municipio 4, Milano, Lombardia, 20133, Italia",45.4634024,9.2242161
,17-07-22,2022-07-15,"Largo Vittorio Veneto, 12, Milano, MI",Villa Litta,"A Lainate arriva ""Short out"", il festival internazionale di cortometraggi",https://www.milanotoday.it/eventi/festival-cortometraggi-lainate-2022.html,Non classificato,"Villa Litta, 12, Largo Vittorio Veneto, Lainate, Milano, Lombardia, 20045, Italia",45.571432,9.0265841
Spettacoli,15-07-22,2022-07-15,"Corso Buenos Aires,33,20124, Milano, MI,Italia",Teatro Elfo Puccini - sala Fassbinder,Stupida Show!,https://www.teatro.it/spettacoli/milano/teatro-elfo-puccini-sala-fassbinder/2021-2022/stupida-show-capitolo-1-cattivi-pensieri,Teatro e spettacolo,"Teatro Elfo Puccini, 33, Corso Buenos Aires, Buenos Aires - Venezia, Municipio 3, Milano, Lombardia, 20124, Italia",45.4794317,9.2098387
Manifestazioni,17-07-22,2022-07-15,"Largo Vittorio Veneto, 12, Milano, MI",Villa Litta,A Villa Litta arriva un imperdibile festival di cortometraggi,https://www.milanotoday.it/eventi/festival-film-villa-litta.html,Altri eventi,"Villa Litta, 12, Largo Vittorio Veneto, Lainate, Milano, Lombardia, 20045, Italia",45.571432,9.0265841
Mostre,28-09-22,2022-07-15,"Viale Emilio Alemagna, 6, Milano, MI",La Triennale di Milano,23ª Esposizione Internazionale di Triennale Milano: Unknown Unknowns. An Introduction to Mysteries,https://www.milanotoday.it/eventi/triennale-esposizione-internazionale.html,Arte e cultura,"Triennale Design Museum, 6, Viale Emilio Alemagna, Parco Sempione, Municipio 1, Milano, Lombardia, 20121, Italia",45.4721477,9.1734894
Manifestazioni,31-07-22,2022-07-16,"Via Pio la Torre, 9, Milano, MI",Garden Steflor,Come un quadro di Van Gogh: il campo di girasoli visitabile,https://www.milanotoday.it/eventi/girasoli-campo-vimodrone.html,Altri eventi,"9, Via Pio La Torre, Pozzuolo Martesana, Milano, Lombardia, 20060, Italia",45.5139753,9.4468584
Concerti,16-07-22,2022-07-16,"Via Luigi Granelli, 1, Milano, MI",Carroponte,I Modena City Ramblers in concerto a Milano. Orari e biglietti,https://www.milanotoday.it/eventi/concerto-modena-city-ramblers-biglietti.html,Musica e vita notturna,"Carroponte, 1, Via Luigi Granelli, Rondò, Torretta, Sesto San Giovanni, Zona Omogenea Milano Nord, Milano, Lombardia, 20099, Italia",45.529574,9.2209217
Spettacoli,16-07-22,2022-07-16,"Via Filodrammatici 2,20121, Milano, MI,Italia",Teatro Alla Scala,Giselle,https://www.teatro.it/spettacoli/milano/teatro-alla-scala/2021-2022/giselle,Teatro e spettacolo,"2, Via Filodrammatici, Brera, Milano, Lombardia, 20121, Italia",45.4676198,9.1884287
Concerti,17-07-22,2022-07-17,"Via Luigi Ornato, Milano, MI",Parco Nord Milano,Il concerto all'alba sulle rive del laghetto del Parco Nord,https://www.milanotoday.it/eventi/concerto-alba-parco-nord.html,Musica e vita notturna,"Via Luigi Ornato, Niguarda - Cà Granda, Municipio 9, Milano, Lombardia, 20162, Italia",45.5167933,9.1909831
Spettacoli,17-07-22,2022-07-17,"Via della Chiesa Rossa,55,20142, Milano, MI,Italia",Cortile della Chiesa di Santa Maria alla Fonte,L'abisso,https://www.teatro.it/spettacoli/milano/cortile-della-chiesa-di-santa-maria-alla-fonte/2021-2022/labisso,Teatro e spettacolo,"55, Via della Chiesa Rossa, Stadera, Municipio 5, Milano, Lombardia, 20142, Italia",45.431315,9.1728389
Concerti,17-07-22,2022-07-17,"Piazzale dello Sport, Milano, MI",Ippodromo di San Siro,Gazzelle in concerto a Milano. Orari e biglietti,https://www.milanotoday.it/eventi/concerto-gazzelle-biglietti.html,Musica e vita notturna,"Piazzale dello Sport, San Siro, Municipio 7, Milano, Lombardia, 20148, Italia",45.4789681,9.130166
Concerti,17-07-22,2022-07-17,"Piazza Castello, Milano, MI",Castello Sforzesco,La magia dello Schiaccianoci in un concerto jazz al Castello Sforzesco,https://www.milanotoday.it/eventi/concerto-jazz-schiaccianoci-castello-sforzesco.html,Musica e vita notturna,"Piazza Castello, Cerchia dei Navigli, Municipio 1, Milano, Lombardia, Italia",45.4704699,9.1819129
Spettacoli,17-07-22,2022-07-17,"Piazza Castello,20121, Milano, MI,Italia",Castello Sforzesco,Schiaccianoci in Jazz,https://www.teatro.it/spettacoli/milano/castello-sforzesco/2021-2022/schiaccianoci-in-jazz,Teatro e spettacolo,"Piazza Castello, Cerchia dei Navigli, Municipio 1, Milano, Lombardia, 20121, Italia",45.4710309,9.1814326
Spettacoli,18-07-22,2022-07-18,"Piazza Castello,20121, Milano, MI,Italia",Castello Sforzesco,Gioele Dix - Ai nostri tempi (biblici),https://www.teatro.it/spettacoli/milano/castello-sforzesco/2021-2022/gioele-dix-ai-nostri-tempi-biblici,Teatro e spettacolo,"Piazza Castello, Cerchia dei Navigli, Municipio 1, Milano, Lombardia, 20121, Italia",45.4710309,9.1814326
Spettacoli,18-07-22,2022-07-18,"Via Fametta,1,2021 Bollate MI,Italia",Villa Arconati,Boomers,https://www.teatro.it/spettacoli/bollate/villa-arconati/2021-2022/marco-paolini-boomers,Teatro e spettacolo,"1, Via Fametta, Via Trento, Castellazzo, Bollate, Milano, Lombardia, 20021, Italia",45.556757,9.0958021
Manifestazioni,24-07-22,2022-07-18,"Via Riccardo Pitteri, 58, Milano, MI",Arena Milano Est,Cinema all'aperto e concerti dal vivo: il nuovo programma di Arena Milano Est,https://www.milanotoday.it/eventi/arena-milano-est-programma-luglio-2022.html,Altri eventi,"Via Riccardo Pitteri, Lambrate, Municipio 3, Milano, Lombardia, 20134, Italia",45.4805358,9.2454637
Spettacoli,19-07-22,2022-07-19,"Via Cambiasi,10,20131, Milano, MI,Italia",Campo Teatrale,La Sirenetta,https://www.teatro.it/spettacoli/milano/campo-teatrale/2021-2022/la-sirenetta,Teatro e spettacolo,"10, Via Pompeo Cambiasi, Loreto, Municipio 3, Milano, Lombardia, 20131, Italia",45.4899575,9.2313007
Spettacoli,19-07-22,2022-07-19,"Via Cesare Lombroso,4,20137, Milano, MI,Italia",Ex Macello,Stefano Massini - Quando sarò capace di amare,https://www.teatro.it/spettacoli/milano/ex-macello/2021-2022/stefano-massini-quando-saro-capace-di-amare,Teatro e spettacolo,"Via Cesare Lombroso, Ortomercato, Municipio 4, Milano, Lombardia, 20130, Italia",45.4561736,9.2240956
evento solo on-line,19-07-22,2022-07-19,"via Brera, 28, Milano, MI",Pinacoteca di Brera - Biblioteca Nazionale Braidense di Milano,ANNUAL REPORT 2021,,Eventi digitali,"Istituto Nazionale di Astrofisica – Osservatorio astronomico di Brera, 28, Via Brera, Cerchia dei Navigli, Municipio 1, Milano, Lombardia, 20121, Italia",45.4715946,9.1889707
Spettacoli,19-07-22,2022-07-19,"Via Carlo Botta,18,20135, Milano, MI,Italia",Franco Parenti - Bagni Misteriosi,Il mercante di luce,https://www.teatro.it/spettacoli/milano/franco-parenti-bagni-misteriosi/2021-2022/ettore-bassi-il-mercante-di-luce,Teatro e spettacolo,"18, Via Carlo Botta, Porta Romana, Municipio 4, Milano, Lombardia, 20135, Italia",45.4537805,9.2050141
Altro,19-07-22,2022-07-19,"via Brera, 28, Milano, MI",Pinacoteca di Brera - Biblioteca Nazionale Braidense di Milano,UN MUSEO DIFFUSO: N(U)OVE STRADE PER BRERA,,Altri eventi,"Istituto Nazionale di Astrofisica – Osservatorio astronomico di Brera, 28, Via Brera, Cerchia dei Navigli, Municipio 1, Milano, Lombardia, 20121, Italia",45.4715946,9.1889707
Concerti,20-07-22,2022-07-20,"Via Luigi Granelli, Milano, MI",Carroponte,I Dropkick Murphys in concerto a Milano. Orari e biglietti,https://www.milanotoday.it/eventi/concerto-dropkick-murphys-carroponte.html,Musica e vita notturna,"Via Luigi Granelli, Isola del Bosco, Torretta, Sesto San Giovanni, Zona Omogenea Milano Nord, Milano, Lombardia, 20099, Italia",45.5296158,9.2252397
,31-07-22,2022-07-20,"Via Caviaga, 4, Milano, MI",Centro Sportivo Enrico Mattei,"Sando Park Festival 2022, a San Donato la musica è protagonista del weekend",https://www.milanotoday.it/eventi/san-donato-festival-2022.html,Non classificato,"4, Via Caviaga, Triulzo Superiore, Triulzo Inferiore, Triulzo, San Donato Milanese, Milano, Lombardia, 20097, Italia",45.4270634,9.2595126
Concerti,20-07-22,2022-07-20,"Piazzale dello Sport, Milano, MI",Ippodromo di San Siro,Stromae in concerto a Milano. Orari e biglietti,https://www.milanotoday.it/eventi/concerto-stromae-ippodromo-san-siro.html,Musica e vita notturna,"Piazzale dello Sport, San Siro, Municipio 7, Milano, Lombardia, 20148, Italia",45.4789681,9.130166
Concerti,21-07-22,2022-07-21,"Piazza Gae Aulenti, 1, Milano, MI",RED Bistrot Libreria,Tonino Carotone in concerto a Milano,https://www.milanotoday.it/eventi/tonino-carotone-2022-milano.html,Musica e vita notturna,"1, Piazza Gae Aulenti, GARIBALDI REPUBBLICA, Municipio 9, Milano, Lombardia, 20154, Italia",45.4838519,9.189151
Teatri,21-07-22,2022-07-21,"Viale dell'Innovazione, Milano, MI",Teatro degli Arcimboldi,A Milano è in arrivo uno spettacolo con le leggendarie musiche dei Queen,https://www.milanotoday.it/eventi/spettacolo-queen-arcimboldi.html,Teatro e spettacolo,"Viale dell'Innovazione, Bicocca, Municipio 9, Milano, Lombardia, 20126, Italia",45.51168,9.2112427
Spettacoli,21-07-22,2022-07-21,"Viale dell'Innovazione 20,20126, Milano, MI,Italia",Arcimboldi,Queen at the Opera,https://www.teatro.it/spettacoli/milano/degli-arcimboldi/2021-2022/queen-at-the-opera-the-show,Teatro e spettacolo,"20, Viale dell'Innovazione, Bicocca, Municipio 9, Milano, Lombardia, 20125, Italia",45.5148696,9.2135963
Concerti,21-07-22,2022-07-21,"Piazza Castello, Milano, MI",Castello Sforzesco,Let the music play • Ceghedaccio symphony orchestra fvg | giovedì 21 luglio • Milano,https://www.milanotoday.it/eventi/let-the-music-play-2022.html,Musica e vita notturna,"Piazza Castello, Cerchia dei Navigli, Municipio 1, Milano, Lombardia, Italia",45.4704699,9.1819129
,05-08-22,2022-07-22,"Via Fametta, 1, Milano, MI",Villa Arconati-FAR,Il Festival della Birra nella magica cornice di Villa Arconati,https://www.milanotoday.it/eventi/festival-birra-villa-arconati-2022.html,Non classificato,"1, Via Fametta, Via Trento, Castellazzo, Bollate, Milano, Lombardia, 20021, Italia",45.556757,9.0958021
,23-07-22,2022-07-23,"Alzaia Naviglio, Milano, MI",Alzaia Naviglio Grande,La folle regata sul Naviglio con le barche di cartone,https://www.milanotoday.it/eventi/regata-barche-2022.html,Non classificato,"Alzaia Naviglio Grande, San Cristoforo, Municipio 6, Milano, Lombardia, 20143, Italia",45.4472636,9.1529628
,23-07-22,2022-07-23,"Via Leonardo da Vinci, 5, Milano, MI",Santuario di Concesa,Visita guidata horror animata da attori -  Il racconto di un omicidio sul fiume adda al buio,https://www.milanotoday.it/eventi/visita-guidata-horror-animata-da-attori.html,Non classificato,"Green Bar, 5, Via Leonardo da Vinci, Legnarello, Oltresempione, Legnano, Milano, Lombardia, 20025, Italia",45.5993829,8.9223934
Concerti,24-07-22,2022-07-23,"Piazzale Angelo Moratti, Milano, MI",Stadio San Siro,Il concerto di Ultimo a Milano (ed è gia sold out),https://www.milanotoday.it/eventi/concerto-ultimo-san-siro.html,Musica e vita notturna,"Piazzale Angelo Moratti, San Siro, Municipio 7, Milano, Lombardia, 20148, Italia",45.478178,9.1212742
Cibo e Vino,23-07-22,2022-07-23,"Via Luigi Granelli, 1, Milano, MI",Carroponte,L'aperitivo spagnolo al Carroponte tra sangria e paella,https://www.milanotoday.it/eventi/aperitivo-spagnolo-carroponte.html,Enogastronomia,"Carroponte, 1, Via Luigi Granelli, Rondò, Torretta, Sesto San Giovanni, Zona Omogenea Milano Nord, Milano, Lombardia, 20099, Italia",45.529574,9.2209217
Disco&Feste,23-07-22,2022-07-23,"Via Palestro, 14, Milano, MI",PAC - Padiglione d’arte contemporanea,La festa al Pac con musica elettronica e arte moderna,https://www.milanotoday.it/eventi/festa-le-cannibale-pac.html,Musica e vita notturna,"14, Via Palestro, Guastalla, Municipio 1, Milano, Lombardia, 20121, Italia",45.4729115,9.1995282
Concerti,24-07-22,2022-07-24,"Piazza Castello, Milano, MI",Castello Sforzesco,Gli allievi del Cpm Music Institute in concerto al Castello Sforzesco,https://www.milanotoday.it/eventi/concerto-castello-sforzesco-allievi-cpm-istituto.html,Musica e vita notturna,"Piazza Castello, Cerchia dei Navigli, Municipio 1, Milano, Lombardia, Italia",45.4704699,9.1819129
Concerti,25-07-22,2022-07-25,"Via Luigi Granelli, 1, Milano, MI",Carroponte,Il concerto di Manuel Agnelli al Carroponte. Orari e biglietti,https://www.milanotoday.it/eventi/concerto-manuel-agnelli-carroponte-biglietti.html,Musica e vita notturna,"Carroponte, 1, Via Luigi Granelli, Rondò, Torretta, Sesto San Giovanni, Zona Omogenea Milano Nord, Milano, Lombardia, 20099, Italia",45.529574,9.2209217
Teatri,26-07-22,2022-07-26,"Via Pier Lombardo, 14, Milano, MI",Bagni Misteriosi,Lo spettacolo di Toni e Beppe Servillo ai Bagni Misteriosi,https://www.milanotoday.it/eventi/spettacolo-toni-beppe-servillo-bagni-misteriosi.html,Teatro e spettacolo,"Via Pier Lombardo, Porta Romana, Municipio 4, Milano, Lombardia, 20135, Italia",45.4542958,9.2063109
Spettacoli,26-07-22,2022-07-26,"Via Carlo Botta,18,20135, Milano, MI,Italia",Franco Parenti - Bagni Misteriosi,La parola canta,https://www.teatro.it/spettacoli/milano/franco-parenti-bagni-misteriosi/2021-2022/la-parola-canta,Teatro e spettacolo,"18, Via Carlo Botta, Porta Romana, Municipio 4, Milano, Lombardia, 20135, Italia",45.4537805,9.2050141
Spettacoli,26-07-22,2022-07-26,"Piazza Castello,20121, Milano, MI,Italia",Castello Sforzesco,Una piccola Odissea,https://www.teatro.it/spettacoli/milano/castello-sforzesco/2021-2022/una-piccola-odissea,Teatro e spettacolo,"Piazza Castello, Cerchia dei Navigli, Municipio 1, Milano, Lombardia, 20121, Italia",45.4710309,9.1814326
,05-08-22,2022-07-27,"Piazza Castello, Milano, MI",Castello Sforzesco,Incontri letterari e libreria al Castello. Il 2 agosto c'è Manuel Agnelli,https://www.milanotoday.it/eventi/eventi-letterari-castello-sforzesco-estate-2022.html,Non classificato,"Piazza Castello, Cerchia dei Navigli, Municipio 1, Milano, Lombardia, Italia",45.4704699,9.1819129
Concerti,28-07-22,2022-07-28,"Via Valassina, 200, Milano, MI",Parco Lago Nord,Il concerto al Parco Lago Nord con il sassofonista jazz Germano Zenga,https://www.milanotoday.it/eventi/concerto-parco-lago-nord-germano-zenga.html,Musica e vita notturna,"Via Valassina, Dergano, Municipio 9, Milano, Lombardia, 20159, Italia",45.501184,9.1881201
Teatri,28-07-22,2022-07-28,"Via Olgia, 11, Milano, MI",Cascina Ovi,Quando il caffè è scorretto: lo spettacolo con i comici di Zelig,https://www.milanotoday.it/eventi/spettacolo-comici-zelig-cascina-ovi.html,Teatro e spettacolo,"11, Via Olgia, Cascina Ovi, Lavanderie, Segrate, Milano, Lombardia, 20054, Italia",45.4919827,9.2684081
Teatri,29-07-22,2022-07-29,"Corso di Porta Vittoria, 6, Milano, MI",Palazzo Sormani,Aut un viaggio con peppino impastato il 29/7 al palazzo sormani,https://www.milanotoday.it/eventi/aut-un-viaggio-con-peppino-impastato-2022.html,Teatro e spettacolo,"Biblioteca Comunale Centrale Sormani, 6, Corso di Porta Vittoria, Guastalla, Municipio 1, Milano, Lombardia, 20122, Italia",45.4621276,9.1981128
Teatri,29-07-22,2022-07-29,"Corso di Porta Vittoria, 6, Milano, MI",Biblioteca Sormani,Un viaggio speciale con Peppino Impastato alla Biblioteca Sormani,https://www.milanotoday.it/eventi/spettacolo-peppino-impastato-sormani.html,Teatro e spettacolo,"Biblioteca Comunale Centrale Sormani, 6, Corso di Porta Vittoria, Guastalla, Municipio 1, Milano, Lombardia, 20122, Italia",45.4621276,9.1981128
Cibo e Vino,05-08-22,2022-07-29,"Via Fametta, 1, Milano, MI",Villa Arconati,Birre speciali nella 'Versailles di Milano',https://www.milanotoday.it/eventi/birra-villa-arconati-agosto-2022.html,Enogastronomia,"1, Via Fametta, Via Trento, Castellazzo, Bollate, Milano, Lombardia, 20021, Italia",45.556757,9.0958021
Concerti,29-07-22,2022-07-29,"Via Luigi Granelli, Milano, MI",Carroponte,Il concerto tributo ai Rolling Stones per i sessant'anni di carriera,https://www.milanotoday.it/eventi/concerto-tributo-rolling-stones-carroponte.html,Musica e vita notturna,"Via Luigi Granelli, Isola del Bosco, Torretta, Sesto San Giovanni, Zona Omogenea Milano Nord, Milano, Lombardia, 20099, Italia",45.5296158,9.2252397
Disco&Feste,30-07-22,2022-07-30,"Piazza Castello, Milano, MI",Castello Sforzesco,Una serata speciale per ballare al Castello Sforzesco,https://www.milanotoday.it/eventi/serata-musica-castello-sforzesco.html,Musica e vita notturna,"Piazza Castello, Cerchia dei Navigli, Municipio 1, Milano, Lombardia, Italia",45.4704699,9.1819129
Concerti,31-07-22,2022-07-30,"Via Fabio Massimo, 19, Milano, MI",C.I.Q. Centro Internazionale di Quartiere,Cascina rock summer fest,https://www.milanotoday.it/eventi/cascina-rock-summer-fest-2022.html,Musica e vita notturna,"19, Via Fabio Massimo, Lodi - Corvetto, Municipio 4, Milano, Lombardia, 20139, Italia",45.4349742,9.2277681
,30-07-22,2022-07-30,"Corso di Porta Ticinese, Milano, MI",Centro storico di Milano,"Fantasmi, misteri e delitti di milano: tour serale-notturno",https://www.milanotoday.it/eventi/fantasmi-misteri-e-delitti-di-milano-2022.html,Non classificato,"Corso di Porta Ticinese, Cerchia dei Navigli, Municipio 1, Milano, Lombardia, 20123, Italia",45.4597208,9.1812604
Disco&Feste,31-07-22,2022-07-30,"Via Fabio Massimo, 19, Milano, MI",Cascina Casottello,"Il festival della Cascina Casottello con concerti, jam session e aperitivi",https://www.milanotoday.it/eventi/festival-cascina-casottello.html,Musica e vita notturna,"19, Via Fabio Massimo, Lodi - Corvetto, Municipio 4, Milano, Lombardia, 20139, Italia",45.4349742,9.2277681
Spettacoli,31-07-22,2022-07-31,"Piazza Castello,20121, Milano, MI,Italia",Castello Sforzesco,Visioni in danza 2022,https://www.teatro.it/spettacoli/milano/castello-sforzesco/2021-2022/visioni-in-danza-2022,Teatro e spettacolo,"Piazza Castello, Cerchia dei Navigli, Municipio 1, Milano, Lombardia, 20121, Italia",45.4710309,9.1814326
Spettacoli,01-08-22,2022-08-01,"Piazza Castello,20121, Milano, MI,Italia",Castello Sforzesco,Patti Smith Quartet,https://www.teatro.it/spettacoli/milano/castello-sforzesco/2021-2022/patti-smith,Teatro e spettacolo,"Piazza Castello, Cerchia dei Navigli, Municipio 1, Milano, Lombardia, 20121, Italia",45.4710309,9.1814326
Mostre,31-08-22,2022-08-01,"Via Palestro, 14, Milano, MI",PAC - Padiglione d’arte contemporanea,Il PAC non va in vacanza. L'apertura estiva e cosa vedere,https://www.milanotoday.it/eventi/apertura-estiva-pac-2022.html,Arte e cultura,"14, Via Palestro, Guastalla, Municipio 1, Milano, Lombardia, 20121, Italia",45.4729115,9.1995282
Mostre,31-08-22,2022-08-01,"Via Valenza, 2, Milano, MI",Ride Milano,"Art of the brick: la magia del Lego per tutt'agosto, giovedì fino alle 23",https://www.milanotoday.it/eventi/mostre/lego-agosto-2022-orari.html,Arte e cultura,"Via Valenza, Navigli, Municipio 6, Milano, Lombardia, 20144, Italia",45.4514071,9.1691656
Cinema,02-08-22,2022-08-01,"Via Toce, Milano, MI",Aperto,Quartiere isola: l'1 e 2 agosto arriva il cinema sotto le stelle,https://www.milanotoday.it/eventi/quartiere-isola-l-1-e-2-agosto.html,Arte e cultura,"Via Toce, Isola, Municipio 9, Milano, Lombardia, 20159, Italia",45.4926775,9.1856091
,01-08-22,2022-08-01,"Piazza Castello, Milano, MI",Castello Sforzesco,L'intramontabile Patti Smith in concerto a Milano (ed è già sold out),https://www.milanotoday.it/eventi/concerto-patti-smith-castello-sforzesco.html,Non classificato,"Piazza Castello, Cerchia dei Navigli, Municipio 1, Milano, Lombardia, Italia",45.4704699,9.1819129
Spettacoli,02-08-22,2022-08-02,"Piazza Castello,20121, Milano, MI,Italia",Castello Sforzesco,La caduta di Troia,https://www.teatro.it/spettacoli/milano/castello-sforzesco/2021-2022/la-caduta-di-troia,Teatro e spettacolo,"Piazza Castello, Cerchia dei Navigli, Municipio 1, Milano, Lombardia, 20121, Italia",45.4710309,9.1814326
Teatri,02-08-22,2022-08-02,"Piazza Castello, Milano, MI",Castello Sforzesco,"""La caduta di Troia"" al Castello Sforzesco con Massimo Popolizio",https://www.milanotoday.it/eventi/spettacolo-caduta-troia-castello.html,Teatro e spettacolo,"Piazza Castello, Cerchia dei Navigli, Municipio 1, Milano, Lombardia, Italia",45.4704699,9.1819129
Spettacoli,03-08-22,2022-08-03,"Piazza Castello,20121, Milano, MI,Italia",Castello Sforzesco,Storie - Stefano Massini,https://www.teatro.it/spettacoli/milano/castello-sforzesco/2021-2022/storie-stefano-massini,Teatro e spettacolo,"Piazza Castello, Cerchia dei Navigli, Municipio 1, Milano, Lombardia, 20121, Italia",45.4710309,9.1814326
Cibo e Vino,05-08-22,2022-08-05,"Via Fametta, 1, Milano, MI",Villa Arconati,Birra nella 'Versailles milanese': l'ultimo appuntamento,https://www.milanotoday.it/eventi/birra-villa-5-agosto.html,Enogastronomia,"1, Via Fametta, Via Trento, Castellazzo, Bollate, Milano, Lombardia, 20021, Italia",45.556757,9.0958021
,07-08-22,2022-08-07,"Via del Cardellino, 15, Milano, MI",Centro Sportivo Arca,Festa nazionale di mi lindo Ecuador a Milano,https://www.milanotoday.it/eventi/festa-nazionale-di-mi-lindo-ecuador-2022.html,Non classificato,"Via del Cardellino, Lorenteggio, Municipio 6, Milano, Lombardia, 20147, Italia",45.4502293,9.1228505
Concerti,07-08-22,2022-08-07,"Piazza Castello, Milano, MI",Castello Sforzesco,"Il Balletto di Milano con ""Carmen Suite & Tangos"" al Castello Sforzesco",https://www.milanotoday.it/eventi/spettacolo-carmen-suite-tangos.html,Musica e vita notturna,"Piazza Castello, Cerchia dei Navigli, Municipio 1, Milano, Lombardia, Italia",45.4704699,9.1819129
Disco&Feste,13-08-22,2022-08-10,Viale Milanofiori,Parcheggio Atm,A Milano tre giorni di festa per l'indipendenza dell'Ecuador,https://www.milanotoday.it/eventi/mi-lindo-ecuador-festa.html,Musica e vita notturna,"Viale Milanofiori, Bazzana Inferiore, Assago, Milano, Lombardia, 20057, Italia",45.4059453,9.1508838
Mostre,15-08-22,2022-08-15,"Piazza della Scala, 6, Milano, MI",Gallerie d'Italia,L'apertura straordinaria delle Gallerie d'Italia per Ferragosto,https://www.milanotoday.it/eventi/ingresso-gratis-gallerie-italia-ferragosto.html,Arte e cultura,"Gallerie d'Italia, 6, Piazza della Scala, Duomo, Municipio 1, Milano, Lombardia, 20121, Italia",45.467265,9.1905257
Incontri,15-08-22,2022-08-15,"Via Fametta, 1, Milano, MI",Villa Arconati-FAR,Un Ferragosto speciale a Villa Arconati tra arte e cultura,https://www.milanotoday.it/eventi/ferragosto-villa-arconati-2022.html,Formazione e networking,"1, Via Fametta, Via Trento, Castellazzo, Bollate, Milano, Lombardia, 20021, Italia",45.556757,9.0958021
Spettacoli,18-08-22,2022-08-18,"Piazza Castello,20121, Milano, MI,Italia",Castello Sforzesco,In stato di Grazia,https://www.teatro.it/spettacoli/milano/castello-sforzesco/2021-2022/in-stato-di-grazia,Teatro e spettacolo,"Piazza Castello, Cerchia dei Navigli, Municipio 1, Milano, Lombardia, 20121, Italia",45.4710309,9.1814326
Concerti,22-08-22,2022-08-22,"Piazza Castello, Milano, MI",Castello Sforzesco,La magia dello swing rivive con la Monday Orchestra,https://www.milanotoday.it/eventi/concerto-monday-orchestra-castello-sfozesco.html,Musica e vita notturna,"Piazza Castello, Cerchia dei Navigli, Municipio 1, Milano, Lombardia, Italia",45.4704699,9.1819129
Manifestazioni,24-08-22,2022-08-23,"Via Circonvallazione Idroscalo, 41, Milano, MI",Circolo Magnolia,Violet blend insieme ai palaye royale al circolo magnolia di Milano,https://www.milanotoday.it/eventi/violet-blend-insieme-ai-palaye-royale-2022.html,Altri eventi,"Circolo Magnolia, 41, Via Circonvallazione Idroscalo, Novegro, Segrate, Milano, Lombardia, 20054, Italia",45.4637036,9.286076
Spettacoli,24-08-22,2022-08-24,"Piazza Castello,20121, Milano, MI,Italia",Castello Sforzesco,Magical Mistery Story,https://www.teatro.it/spettacoli/milano/castello-sforzesco/2021-2022/the-beatbox-magical-mistery-story,Teatro e spettacolo,"Piazza Castello, Cerchia dei Navigli, Municipio 1, Milano, Lombardia, 20121, Italia",45.4710309,9.1814326
,04-09-22,2022-08-24,"Via Valenza, 2, Milano, MI",Ride Milano,The Art Of The Brick fino al 4 settembre: ultimi giorni e orari straordinari per la mostra dell’anno,https://www.milanotoday.it/eventi/mostra-lego-ride.html,Non classificato,"Via Valenza, Navigli, Municipio 6, Milano, Lombardia, 20144, Italia",45.4514071,9.1691656
Cibo e Vino,28-08-22,2022-08-26,"Via Fametta, Milano, MI",Villa Arconati,Arrosticini e birra artigianale nella 'piccola Versailles milanese',https://www.milanotoday.it/eventi/arrosticini-birra-villa-arconati.html,Enogastronomia,"Via Fametta, Via Trento, Castellazzo, Bollate, Milano, Lombardia, 20021, Italia",45.5583474,9.0954064
Incontri,10-09-22,2022-08-26,"Via Marchesi, 4, Milano, MI",Ikea,"Ikea Festival 2022, i consigli (gratis) su come arredare gli spazi",https://www.milanotoday.it/eventi/ikea-festival-2022.html,Formazione e networking,"IKEA, 4, Via Marchesi, Guardia di Sopra, Corsico, Milano, Lombardia, 20094, Italia",45.4267395,9.0796155
Cibo e Vino,28-08-22,2022-08-26,"Via Fametta, 1, Milano, MI",Villa Arconati,Il festival della birra nella 'piccola Versailles' di Milano,https://www.milanotoday.it/eventi/festival-birra_villa-arconati.html,Enogastronomia,"1, Via Fametta, Via Trento, Castellazzo, Bollate, Milano, Lombardia, 20021, Italia",45.556757,9.0958021
Spettacoli,27-08-22,2022-08-27,"Piazza Castello,20121, Milano, MI,Italia",Castello Sforzesco,Nada Duo,https://www.teatro.it/spettacoli/milano/castello-sforzesco/2021-2022/nada-duo,Teatro e spettacolo,"Piazza Castello, Cerchia dei Navigli, Municipio 1, Milano, Lombardia, 20121, Italia",45.4710309,9.1814326
Incontri,28-08-22,2022-08-28,"Via Santa Maria, 145, Milano, MI",Gentleman’s Garage,La Mostra Mercato del vinile a due passi da Milano,https://www.milanotoday.it/eventi/mostra-mercato-vinile-parabiago-2022.html,Formazione e networking,"Via Santa Maria, San Giuliano Monzese, San Maurizio al Lambro, Cologno Monzese, Milano, Lombardia, 20090, Italia",45.5381775,9.2693122
Manifestazioni,30-09-22,2022-09-01,"Piazza Duca d'Aosta, Milano, MI",Mercato Centrale,Il Mercato Centrale compie un anno e festeggia con un mese di eventi,https://www.milanotoday.it/eventi/festa-mercato-centrale.html,Altri eventi,"Piazza Duca d'Aosta, Centrale, Municipio 2, Milano, Lombardia, 20124, Italia",45.4848412,9.2032441
Mostre,31-12-22,2022-09-01,"Piazza del Duomo, Milano, MI",Galleria Vittorio Emanuele II,Il meraviglioso mondo di Leonardo da Vinci in mostra a Milano: come avere i biglietti scontati,https://www.milanotoday.it/eventi/offerta-biglietti-sconto-mostra-leonardo.html,Arte e cultura,"Piazza del Duomo, Duomo, Municipio 1, Milano, Lombardia, Italia",45.4639102,9.1906398
Cibo e Vino,04-09-22,2022-09-01,"Via Caviaga, 4, Milano, MI",Parco Enrico Mattei,A Lambrate arriva il primo festival della birra,https://www.milanotoday.it/eventi/festival-birra-lambrate.html,Enogastronomia,"4, Via Caviaga, Triulzo Superiore, Triulzo Inferiore, Triulzo, San Donato Milanese, Milano, Lombardia, 20097, Italia",45.4270634,9.2595126
Spettacoli,01-09-22,2022-09-01,"Piazza Castello,20121, Milano, MI,Italia",Castello Sforzesco,The Pozzolis Family: La grande fuga,https://www.teatro.it/spettacoli/milano/castello-sforzesco/2022-2023/the-pozzolis-family-la-grande-fuga,Teatro e spettacolo,"Piazza Castello, Cerchia dei Navigli, Municipio 1, Milano, Lombardia, 20121, Italia",45.4710309,9.1814326
,04-09-22,2022-09-02,"Via Cusago, 2, Milano, MI",Libera Masseria,Cislianerfest 2022 - 9^ edizione,https://www.milanotoday.it/eventi/cislianerfest-2022.html,Non classificato,"2, Via per Cusago di Sotto, Cascina Santa Maria Fenino, Cascina Palazzetta, Monzoro, Cusago, Milano, Lombardia, 20090, Italia",45.4469883,9.0332309
,18-09-22,2022-09-02,"Strada Statale dei Giovi, 35, Milano, MI",Centro Commerciale Brianza,Acquista e vinci: un centro commerciale alle porte di Milano sta per regalare Gift Card del valore fino a 100 euro,https://www.milanotoday.it/eventi/concorso-gift-card-100-euro-centro-commerciale-brianza.html,Non classificato,"Via Strada Statale 35 dei Giovi, Battiloca, Dugnano, Paderno Dugnano, Zona Omogenea Milano Nord, Milano, Lombardia, 20037, Italia",45.5620334,9.1513296
Mercatini,04-09-22,2022-09-02,"ingresso Porta Maggiore, Milano, MI",ingresso Porta Maggiore,Idroscalo International street food,https://www.milanotoday.it/eventi/milano-idroscalo-street-food.html,Mercati e shopping,"Ingresso Porta Maggiore, MTB Park, Redecesio, Novegro, Segrate, Milano, Lombardia, 20054, Italia",45.471631,9.2868031
Mercatini,04-09-22,2022-09-03,"Viale Carlo Espinasse, 99, Milano, MI",Di mano in mano,"""All you can wear"": a Milano l'evento in cui si possono comprare tutti i vestiti che si riescono a prendere",https://www.milanotoday.it/eventi/all-you-can-wear-comprare-vestiti.html,Mercati e shopping,"99, Viale Carlo Espinasse, Villapizzone, Garegnano, Municipio 8 di Milano, Milano, Lombardia, 20156, Italia",45.4995257,9.1405371
Concerti,04-09-22,2022-09-04,"Via Fametta, 1, Milano, MI",Villa Arconati-FAR,A Villa Arconati un concerto speciale di violini,https://www.milanotoday.it/eventi/concerto-violino-villa-arconati.html,Musica e vita notturna,"1, Via Fametta, Via Trento, Castellazzo, Bollate, Milano, Lombardia, 20021, Italia",45.556757,9.0958021
Concerti,04-09-22,2022-09-04,"Piazza della Scala, Milano, MI",Palazzo Marino,A Palazzo Marino tornano i concerti gratuiti. Come prenotarsi,https://www.milanotoday.it/eventi/concerto-gratis-palazzo-marino.html,Musica e vita notturna,"Piazza della Scala, Duomo, Municipio 1, Milano, Lombardia, 20121, Italia",45.4672839,9.1901494
Spettacoli,04-09-22,2022-09-04,"Via Filodrammatici 2,20121, Milano, MI,Italia",Teatro Alla Scala,Asmik Grigorian,https://www.teatro.it/spettacoli/milano/teatro-alla-scala/2022-2023/recital-di-canto-asmik-grigorian,Teatro e spettacolo,"2, Via Filodrammatici, Brera, Milano, Lombardia, 20121, Italia",45.4676198,9.1884287
Spettacoli,05-09-22,2022-09-05,"Via Giuseppe Gabetti,15,20147, Milano, MI,Italia",Mare Culturale Urbano - Cascina Torrette,L'abisso,https://www.teatro.it/spettacoli/milano/mare-culturale-urbano-cascina-torrette/2022-2023/labisso,Teatro e spettacolo,"Cascina Torrette di Trenno, 15, Via Giuseppe Gabetti, Quartiere Vercellese, Forze Armate, Municipio 7, Milano, Lombardia, 20147, Italia",45.4687457,9.1240256
Mostre,18-09-22,2022-09-06,"Via Tortona, 56, Milano, MI",Mudec - Museo delle Culture,Al Mudec la mostra spettacolo alla scoperta del freno,https://www.milanotoday.it/eventi/mostra-freno-mudec.html,Arte e cultura,"Mudec, 56, Via Tortona, Tortona, Municipio 6, Milano, Lombardia, 20144, Italia",45.4520455,9.1613185
Mostre,16-09-22,2022-09-06,"Via Privata Filippo Tommaso Marinetti, 2, Milano, MI",Lo spazio Bianco,Fantasie radicali,https://www.milanotoday.it/eventi/fantasie-radicali-valentina-diena-francesco.html,Arte e cultura,"2, Via privata Filippo Tommaso Marinetti, Padova, Municipio 2, Milano, Lombardia, 20127, Italia",45.4971406,9.2291684
Mostre,16-09-22,2022-09-06,"Via Privata Filippo Tommaso Marinetti, 2, Milano, MI",LO SPAZIO BIANCO,Fantasie radicali,https://www.milanotoday.it/eventi/fantasie-radicali-valentina-diena-francesco-2022.html,Arte e cultura,"2, Via privata Filippo Tommaso Marinetti, Padova, Municipio 2, Milano, Lombardia, 20127, Italia",45.4971406,9.2291684
Mostre,28-09-22,2022-09-07,"Viale Vittorio Veneto, Milano, MI",Meet digital culture center,A Milano la prima mostra (immersiva) sugli Nft,https://www.milanotoday.it/eventi/mostra-nft.html,Arte e cultura,"Viale Vittorio Veneto, Buenos Aires - Venezia, Municipio 3, Milano, Lombardia, 20124, Italia",45.4763572,9.2015414
Mostre,30-09-22,2022-09-07,"Via Fabio Filzi, 22, Milano, MI",Palazzo Pirelli,"Lombardia, le radici della nostra identità",https://www.milanotoday.it/eventi/lombardia-le-radici-2022.html,Arte e cultura,"22, Via Fabio Filzi, Cascina Lenzuoletta, Cernusco sul Naviglio, Milano, Lombardia, 20063, Italia",45.5183563,9.327814
Concerti,07-09-22,2022-09-07,"Via Pietrasanta, 16, Milano, MI",Magazzini Generali,"Soen: in arrivo a Milano il supergruppo prog metal, mercoledì 7 settembre, Magazzini Generali",https://www.milanotoday.it/eventi/soen-in-arrivo-2022.html,Musica e vita notturna,"16, Via Pietrasanta, Ex Om - Morivione, Municipio 5, Milano, Lombardia, 20141, Italia",45.4440954,9.1951652
,08-01-23,2022-09-08,"Via Giuseppe Sirtori, 34, Milano, MI",Cera,Milano ospita mascoli - Icons-,https://www.milanotoday.it/eventi/milano-ospita-mascoli-icons-2022.html,Non classificato,"Cascina Romana, 34, Via Giuseppe Sirtori, Buenos Aires - Venezia, Municipio 3, Milano, Lombardia, 20129, Italia",45.4749772,9.2068314
Spettacoli,08-09-22,2022-09-08,"Via Filodrammatici 2,20121, Milano, MI,Italia",Teatro Alla Scala,Concerto Sächsische Staatskapelle Dresden,https://www.teatro.it/spettacoli/milano/teatro-alla-scala/2022-2023/concerto-sachsische-staatskapelle-dresden,Teatro e spettacolo,"2, Via Filodrammatici, Brera, Milano, Lombardia, 20121, Italia",45.4676198,9.1884287
Mostre,15-10-22,2022-09-08,"Via Monte di Pietà, 23, Milano, MI",Building Gallery,"""Roberto Ciaccio, soglie del tempo"". La nuova mostra a Milano",https://www.milanotoday.it/eventi/mostra-roberto-ciaccio-building.html,Arte e cultura,"23, Via Monte di Pietà, Cerchia dei Navigli, Municipio 1, Milano, Lombardia, 20121, Italia",45.4702737,9.1917959
,08-01-23,2022-09-08,"Via Giuseppe Sirtori, 34, Milano, MI",Cera,Milano ospita mascoli - Icons-,https://www.milanotoday.it/eventi/milano-ospita-mascoli-icons-2022.html,Non classificato,"Cascina Romana, 34, Via Giuseppe Sirtori, Buenos Aires - Venezia, Municipio 3, Milano, Lombardia, 20129, Italia",45.4749772,9.2068314
Sport,08-09-22,2022-09-08,"Piazza Tre Torri, Milano, MI",CityLife,La corsa notturna a Milano sotto i grattacieli (e passando dentro il mall),https://www.milanotoday.it/eventi/noght-run-citylife-iscrizioni.html,Sport e attività fisica,"Piazza Tre Torri, Tre Torri, Municipio 8 di Milano, Milano, Lombardia, 20149, Italia",45.4783108,9.1570584
Manifestazioni,11-09-22,2022-09-09,"Via Giuseppe Gabetti, 15, Milano, MI",Mare Culturale Urbano,"""Elementi"", l'evento dedicato a tutti gli amanti della pizza",https://www.milanotoday.it/eventi/evento-pizza-mare-urbano.html,Altri eventi,"Cascina Torrette di Trenno, 15, Via Giuseppe Gabetti, Quartiere Vercellese, Forze Armate, Municipio 7, Milano, Lombardia, 20147, Italia",45.4687457,9.1240256
,11-09-22,2022-09-09,"Via Feltre, Milano, MI",Parco Lambro,"Contest di skate, sport e musica: torna il Festival del Lambro",https://www.milanotoday.it/eventi/festival-lambro-2022.html,Non classificato,"Via Feltre, Parco Lambro - Cimiano, Municipio 3, Milano, Lombardia, 20134, Italia",45.4914775,9.2472438
Spettacoli,09-09-22,2022-09-09,"Largo Antonio Greppi,20121, Milano, MI,Italia",Piccolo Teatro - Teatro Strehler,Gardenia - 10 years later,https://www.teatro.it/spettacoli/milano/piccolo-teatro-teatro-strehler/2022-2023/gardenia-10-years-later,Teatro e spettacolo,"Largo Antonio Greppi, Cerchia dei Navigli, Municipio 1, Milano, Lombardia, 20121, Italia",45.4718502,9.1827114
Disco&Feste,11-09-22,2022-09-09,"Via Riccardo Pitteri, 58, Milano, MI",Arena Milano Est,Le Notti della Taranta tornano a Milano per due serate imperdibili,https://www.milanotoday.it/eventi/notte-taranta-settembre-2022.html,Musica e vita notturna,"Via Riccardo Pitteri, Lambrate, Municipio 3, Milano, Lombardia, 20134, Italia",45.4805358,9.2454637
Manifestazioni,11-09-22,2022-09-09,"Piazzale Lugano, 10, Milano, MI",Campus Bovisa,Festival dell’ingegneria – Seconda edizione,https://www.milanotoday.it/eventi/festival-dell-ingegneria-seconda-edizione.html,Altri eventi,"Hotel Sunflower, 10, Piazzale Lugano, Bovisa, Municipio 9, Milano, Lombardia, 20158, Italia",45.4987906,9.1661657
Teatri,09-09-22,2022-09-09,"Corso di Porta Romana, 63, Milano, MI",Teatr Carcano,Enrico Bertolino in un nuovo spettacolo a teatro. Orari e biglietti,https://www.milanotoday.it/eventi/spettacolo-enrico-bertolino-carcano.html,Teatro e spettacolo,"Teatro Carcano, 63, Corso di Porta Romana, Crocetta, Municipio 1, Milano, Lombardia, 20121, Italia",45.4566842,9.1955297
Disco&Feste,09-09-22,2022-09-09,"Piazza Castello, Milano, MI",Castello Sforzesco,Una serata unica al Castello con Lele Sacchi e Dixon,https://www.milanotoday.it/eventi/serata-castello-lele-sacchi-dixon.html,Musica e vita notturna,"Piazza Castello, Cerchia dei Navigli, Municipio 1, Milano, Lombardia, Italia",45.4704699,9.1819129
Spettacoli,09-09-22,2022-09-09,"Corso di Porta Romana 63,20122, Milano, MI,Italia",Carcano,L'Instant Theatre,https://www.teatro.it/spettacoli/milano/carcano/2022-2023/enrico-bertolino-linstant-theatre,Teatro e spettacolo,"Teatro Carcano, 63, Corso di Porta Romana, Crocetta, Municipio 1, Milano, Lombardia, 20121, Italia",45.4566842,9.1955297
Disco&Feste,09-09-22,2022-09-09,"Piazza Castello, Milano, MI",Castello Sforzesco,Lele Sacchi e Dixon insieme al Castello Sforzesco,https://www.milanotoday.it/eventi/festa-lele-sacchi-castello-sforzesco.html,Musica e vita notturna,"Piazza Castello, Cerchia dei Navigli, Municipio 1, Milano, Lombardia, Italia",45.4704699,9.1819129
Mercatini,18-09-22,2022-09-10,"Via Villa Mirabello, 6, Milano, MI",Villa Mirabello,Arché bazar,https://www.milanotoday.it/eventi/arche-bazar-2022.html,Mercati e shopping,"6, Via Villa Mirabello, Maciachini - Maggiolina, Municipio 2, Milano, Lombardia, 20125, Italia",45.4970136,9.1979913
Incontri,10-09-22,2022-09-10,"Piazza Castello, Milano, MI",Tram storico itinerante,"'Racconti straordinari di città per sognatori e sognatrici '. evento itinerante su  tram storico alla scoperta di arte, cultura e design di Milano",https://www.milanotoday.it/eventi/racconti-straordinari-di-citta-2022.html,Formazione e networking,"Piazza Castello, Cerchia dei Navigli, Municipio 1, Milano, Lombardia, Italia",45.4704699,9.1819129
Mostre,20-09-22,2022-09-10,"Corso di Porta Ticinese, 69, Milano, MI",Spazio Raw,Essere madre - Foto di Sabrina Losso,https://www.milanotoday.it/eventi/essere-madre-foto-di-sabrina-losso-2022.html,Arte e cultura,"69, Corso di Porta Ticinese, Ticinese, Municipio 1, Milano, Lombardia, 20123, Italia",45.4566187,9.1808704
,11-09-22,2022-09-10,"Via Sant'Arialdo, 102, Milano, MI",Abbazia di Chiaravalle (Milano),Che viaggi mister g!,https://www.milanotoday.it/eventi/che-viaggi-mister-g-2022.html,Non classificato,"102, Via Sant'Arialdo, Chiaravalle, Municipio 5, Milano, Lombardia, 20139, Italia",45.4166412,9.2357316
Concerti,10-09-22,2022-09-10,"Viale Antonio Gramsci, Milano, MI",Aeroporto “Giampiero Clerici”,Il Jova Beach Party arriva a Milano. Dove acquistare i biglietti e come arrivare,https://www.milanotoday.it/eventi/jova-beach-party-2022-biglietti.html,Musica e vita notturna,"Viale Antonio Gramsci, Baraggia, Sesto San Giovanni, Zona Omogenea Milano Nord, Milano, Lombardia, 20099, Italia",45.5416547,9.2382422
Teatri,10-09-22,2022-09-10,"Via Sant'Arialdo, 102, Milano, MI",Abbazia di Chiaravalle,Un pianeta ci vuole...c'è nessuno?,https://www.milanotoday.it/eventi/teatro/un-pianeta-ci-vuole-c-e-2022.html,Teatro e spettacolo,"102, Via Sant'Arialdo, Chiaravalle, Municipio 5, Milano, Lombardia, 20139, Italia",45.4166412,9.2357316
Mostre,17-09-22,2022-09-10,"Foro Buonaparte, 67, Milano, MI",Fondazione Luciana Matalon,Unfolding stories collettiva internazionale dal 10 al 17 settembre 2022 presso la fondazione Luciana Matalon,https://www.milanotoday.it/eventi/unfolding-stories-2022.html,Arte e cultura,"Gran Caffè al Foro, 67, Foro Buonaparte, Duomo, Municipio 1, Milano, Lombardia, 20121, Italia",45.467893,9.1809797
Sagre,11-09-22,2022-09-10,"Piazza Italia, Milano, MI",,"Torna la Sagra del Gorgonzola, edizione 22",https://www.milanotoday.it/eventi/sagre/gorgonzola-10-11-settembre-2022.html,Enogastronomia,"Piazza Italia, San Vittore Olona, Milano, Lombardia, 20028, Italia",45.5861426,8.94271
,11-09-22,2022-09-11,"Via Sant'Arialdo, 102, Milano, MI",Abbazia di Chiaravalle,Favole di Esopo al Chiar di viola,https://www.milanotoday.it/eventi/favole-di-esopo-al-chiar-2022.html,Non classificato,"102, Via Sant'Arialdo, Chiaravalle, Municipio 5, Milano, Lombardia, 20139, Italia",45.4166412,9.2357316
Teatri,11-09-22,2022-09-11,"Via Luigi Granelli, 1, Milano, MI",Carroponte,Edoardo Ferrario al Carroponte di Sesto,https://www.milanotoday.it/eventi/edoardo-ferrario-al-carroponte-2022.html,Teatro e spettacolo,"Carroponte, 1, Via Luigi Granelli, Rondò, Torretta, Sesto San Giovanni, Zona Omogenea Milano Nord, Milano, Lombardia, 20099, Italia",45.529574,9.2209217
Teatri,11-09-22,2022-09-11,"Viale dell'Innovazione, Milano, MI",Teatro degli Arcimboldi,"Le Pussy Riot, il collettivo artistico russo contro Putin, arrivano a Milano",https://www.milanotoday.it/eventi/spettacolo-pussy-riot-arcimboldi.html,Teatro e spettacolo,"Viale dell'Innovazione, Bicocca, Municipio 9, Milano, Lombardia, 20126, Italia",45.51168,9.2112427
Cibo e Vino,12-09-22,2022-09-11,"Via Tortona, 27, Milano, MI",Superstudio,"Milano, arriva il Gin Day, due giorni di degustazioni e appuntamenti",https://www.milanotoday.it/eventi/gin-day-superstudio.html,Enogastronomia,"Mandarina duck, 27, Via Tortona, Tortona, Municipio 6, Milano, Lombardia, 20144, Italia",45.4506784,9.1634775
Mercatini,11-09-22,2022-09-11,"Via Luigi Nono, 9, Milano, MI",Remira Market,Remira market,https://www.milanotoday.it/eventi/remira-market-2022.html,Mercati e shopping,"9, Via Luigi Nono, Bullona, Porta Volta, Municipio 8 di Milano, Milano, Lombardia, 20154, Italia",45.4864027,9.1751051
Manifestazioni,12-09-22,2022-09-11,"Via Tortona, 27, Milano, MI",Superstudiopiù,"Decima edizione del ""The Gin Day"" a Milano",https://www.milanotoday.it/eventi/the-gin-day-2022.html,Altri eventi,"Mandarina duck, 27, Via Tortona, Tortona, Municipio 6, Milano, Lombardia, 20144, Italia",45.4506784,9.1634775
Spettacoli,11-09-22,2022-09-11,"Via G. di Vittorio 6,20090, Assago, MI,Italia",Unipol Forum,"David Garrett
Unlimited – Live",https://www.teatro.it/spettacoli/assago/mediolanum-forum/2022-2023/david-garrettunlimited-live,Teatro e spettacolo,"20090, Italy",45.407,9.1083
Inaugurazioni,12-09-22,2022-09-12,"Piazza Duca d'Aosta, Milano, MI",Stazione Centrale,A Milano apre un altro Antico Vinaio,https://www.milanotoday.it/cucina/centrale-antico-vinaio.html,Inaugurazioni,"Piazza Duca d'Aosta, Centrale, Municipio 2, Milano, Lombardia, 20124, Italia",45.4848412,9.2032441
,25-09-22,2022-09-12,"Piazza Emilio Alfieri, Milano, MI",Stazione Bovisa,"Al via la seconda tappa del Road Show di Fili, uno dei più grandi progetti di rigenerazione urbana ed extraurbana in Europa",https://www.milanotoday.it/eventi/progetto-fili-inaugurazione-ferrovie-nord-milano-fnm-bovisa.html,Non classificato,"Piazza Emilio Alfieri, Bovisa, Municipio 9, Milano, Lombardia, 20158, Italia",45.5032775,9.160702
Manifestazioni,18-09-22,2022-09-12,"SkatePark Parco Lambro, Milano, MI",SkatePark Parco Lambro,Parchi sommersi. Capitolo uno: parco Lambro,https://www.milanotoday.it/eventi/parchi-sommersi.html,Altri eventi,"Parco Lambro Skatepark, no, Parco Lambro - Cimiano, Municipio 3, Milano, Lombardia, 20132, Italia",45.4932018,9.2461301
Teatri,13-09-22,2022-09-13,"Piazza Castello, Milano, MI",Castello Sforzesco,Enrico Brignano in uno show imperdibile a Milano. Orari e biglietti,https://www.milanotoday.it/eventi/spettacolo-enrico-brignano-castello-sforzesco.html,Teatro e spettacolo,"Piazza Castello, Cerchia dei Navigli, Municipio 1, Milano, Lombardia, Italia",45.4704699,9.1819129
Spettacoli,13-09-22,2022-09-13,"Piazza Castello,20121, Milano, MI,Italia",Castello Sforzesco,Ma... diamoci del tu!,https://www.teatro.it/spettacoli/milano/castello-sforzesco/2022-2023/enrico-brignano-ma-diamoci-del-tu,Teatro e spettacolo,"Piazza Castello, Cerchia dei Navigli, Municipio 1, Milano, Lombardia, 20121, Italia",45.4710309,9.1814326
Mostre,27-09-22,2022-09-13,"Via Ciovasso, 17, Milano, MI",Made4Art,Mostra di fotografie su supporto di legno di Massimo Baldini,https://www.milanotoday.it/eventi/mostra-di-fotografie-baldini.html,Arte e cultura,"17, Via Ciovasso, Cerchia dei Navigli, Municipio 1, Milano, Lombardia, 20121, Italia",45.4701036,9.1865377
Manifestazioni,16-10-22,2022-09-14,"Via Federico Confalonieri, 14, Milano, MI",Casa della Memoria,Quando suonavano le sirene. Diario di una Milano ferita,https://www.milanotoday.it/eventi/quando-suonavano-le-sirene-2022.html,Altri eventi,"14, Via Federico Confalonieri, Isola, Municipio 9, Milano, Lombardia, 20124, Italia",45.4865703,9.1912614
Teatri,25-09-22,2022-09-14,"Viale dell'Innovazione, 20, Milano, MI",Teatro degli Arcimboldi,Notre Dame de Paris torna a Milano in uno spettacolo imperdibile,https://www.milanotoday.it/eventi/spettacolo-notre-dame-de-paris.html,Teatro e spettacolo,"20, Viale dell'Innovazione, Bicocca, Municipio 9, Milano, Lombardia, 20125, Italia",45.5148696,9.2135963
Concerti,14-09-22,2022-09-14,"Piazza Leonardo da Vinci, Milano, MI",,A Milano un concerto gratis di Irene Grandi,https://www.milanotoday.it/eventi/irene-grandi-concerto-gratis.html,Musica e vita notturna,"Piazza Leonardo da Vinci, Città Studi, Municipio 3, Milano, Lombardia, Italia",45.4781421,9.2248047
Mostre,15-10-22,2022-09-14,"Via Nerino, 2, Milano, MI",Wunderkammern Gallery,"Pure evil - Not my circus, not my monkeys",https://www.milanotoday.it/eventi/pure-evil-not-my-circus-2022.html,Arte e cultura,"2, Via Nerino, Cerchia dei Navigli, Municipio 1, Milano, Lombardia, 20123, Italia",45.4618629,9.1839774
Mostre,21-09-22,2022-09-14,"Via Nicola Antonio Porpora, 16a, Milano, MI",iKonica Art Gallery,Bi-personale fotografica Serravalli/Turco,https://www.milanotoday.it/eventi/bi-personale-fotografica-g-serravalli-l-turco.html,Arte e cultura,"Via Nicola Antonio Porpora, Città Studi, Municipio 3, Milano, Lombardia, 20131, Italia",45.4861128,9.2333325
Spettacoli,14-09-22,2022-09-14,"Piazza Castello,20121, Milano, MI,Italia",Castello Sforzesco,Elisa - Back to the Future Live Tour,https://www.teatro.it/spettacoli/milano/castello-sforzesco/2022-2023/elisa-back-to-the-future-live-tour,Teatro e spettacolo,"Piazza Castello, Cerchia dei Navigli, Municipio 1, Milano, Lombardia, 20121, Italia",45.4710309,9.1814326
,16-09-22,2022-09-15,"Piazza Cesare Beccaria, 8, Milano, MI",Teatro Gerolamo,Milano in una mano,https://www.milanotoday.it/eventi/milano-in-una-mano.html,Non classificato,"Teatro Gerolamo, 8, Piazza Cesare Beccaria, Duomo, Municipio 1, Milano, Lombardia, 20122, Italia",45.464175,9.1945551
Incontri,15-09-22,2022-09-15,"Via San Faustino, 3, Milano, MI",Cortile della Vecchia Milano,"Incontro con Jonathan Bazzi, autore di ""Corpi minori"" e Claudia Zanella, giornalista",https://www.milanotoday.it/eventi/incontro-con-jonathan-bazzi.html,Formazione e networking,"3, Via San Faustino, Lambrate, Municipio 3, Milano, Lombardia, 20134, Italia",45.471451,9.2417388
,30-09-22,2022-09-15,"Via Privata Passo Pordoi, 7/3, Milano, MI",Hub/Art,Mostra d'arte dreamars III,https://www.milanotoday.it/eventi/mostra-d-arte-dreamars-iii.html,Non classificato,"Via Passo Pordoi, Scalo Romana, Municipio 5, Milano, Lombardia, 20139, Italia",45.4364043,9.2092881
,18-09-22,2022-09-15,"Piazza Santa Maria alla Fontana, 7, Milano, MI",Chiostro del Teatro Fontana,"Al chiostro del teatro Fontana arriva ""bar blues"", tratto dai racconti di testori",https://www.milanotoday.it/eventi/chiostro-del-teatro-fontana-2022.html,Non classificato,"Piazza Santa Maria alla Fontana, Isola, Municipio 9, Milano, Lombardia, 20159, Italia",45.4926712,9.1884914
Mostre,22-09-22,2022-09-15,"Alzaia Naviglio Grande, 66, Milano, MI",Centro dell’Incisione,Sergio Armaroli. The secret book,https://www.milanotoday.it/eventi/sergio-armaroli-the-secret-book-2022.html,Arte e cultura,"66, Alzaia Naviglio Grande, Navigli, Municipio 6, Milano, Lombardia, 20144, Italia",45.4508629,9.1697555
,15-09-22,2022-09-15,"Via del Vecchio Politecnico, 3, Milano, MI",Istituto Svizzero,Opening: fall,https://www.milanotoday.it/eventi/opening-fall-marie-matusz-2022.html,Non classificato,"3, Via del Vecchio Politecnico, Guastalla, Municipio 1, Milano, Lombardia, 20121, Italia",45.4724248,9.1964505
Concerti,18-09-22,2022-09-15,"Via Bovisasca, 59, Milano, MI",Spirit de Milan,A Milano il primo festival dedicato alle origini del jazz,https://www.milanotoday.it/eventi/festival-jazz-spirit-de-milan.html,Musica e vita notturna,"Spirit de Milan, 59, Via Bovisasca, Bovisa, Municipio 9, Milano, Lombardia, 20157, Italia",45.5067143,9.1584748
Disco&Feste,15-09-22,2022-09-15,"Viale Molise, 62, Milano, MI",Ex Macello,Una serata speciale all'Ex Macello tra lettura e tanta musica,https://www.milanotoday.it/eventi/serata-ex-macello-lettura-musica.html,Musica e vita notturna,"Viale Molise, Ortomercato, Municipio 4, Milano, Lombardia, 20130, Italia",45.452308,9.2241311
,15-09-22,2022-09-15,"Via Laghetto, 2, Milano, MI",ChiamaMilano,Downtonabbey: una storia inglese,https://www.milanotoday.it/eventi/downtonabbey-una-storia-inglese-2022.html,Non classificato,"Chiamamilano, 2, Via Laghetto, Duomo, Brera, Milano, Lombardia, 20122, Italia",45.4614842,9.195516
Mostre,18-09-22,2022-09-16,"Viale Vittorio Veneto, 2, Milano, MI",MEET - Meet Digital Culture Center,L’arte incontra l’intelligenza artificiale in una nuova mostra multimediale,https://www.milanotoday.it/eventi/mostra-arte-intelligenza-artificiale-meet.html,Arte e cultura,"Cineteca Milano Meet, 2, Viale Vittorio Veneto, Buenos Aires - Venezia, Municipio 3, Milano, Lombardia, 20124, Italia",45.4753723,9.2039666
Visita Guidata,16-09-22,2022-09-16,"Via Paolo Maspero, 8/10, Milano, MI",Cimitero Monumentale di Giubiano,"Comune di Varese, Musei Civici: ""Il cimitero monumentale di Giubiano: un percorso tra Liberty e personaggi illustri"" - Percorsi accompagnati dai Volontari del Servizio Civile dei Musei di Varese",,Arte e cultura,"Via Paolo Maspero, Ortomercato, Municipio 4, Milano, Lombardia, 20130, Italia",45.4509192,9.2269126
,30-11-22,2022-09-16,"Piazza Città di Lombardia, 37, Milano, MI",Il Santa Bistrò Moderno,Mèta - Personale di pittura e scultura di roberto scalingi,https://www.milanotoday.it/eventi/meta-personale-di-pittura-e-scultura-di-roberto-2022.html,Non classificato,"Piazza Città di Lombardia, GARIBALDI REPUBBLICA, Municipio 9, Milano, Lombardia, 20124, Italia",45.4867209,9.1960553
Mostre,26-09-22,2022-09-16,"Ripa di Porta Ticinese, 61, Milano, MI",Arcadia Art Gallery,Arte e moda - VIII edizione,https://www.milanotoday.it/eventi/arte-e-moda-viii-edizione.html,Arte e cultura,"61, Ripa di Porta Ticinese, Navigli, Municipio 6, Milano, Lombardia, 20143, Italia",45.4508348,9.1710412
Incontri,16-09-22,2022-09-16,"Via Cogne, 4, Milano, MI",strada,"Cinevan: i palazzi popolari di quarto oggiaro protagonisti di ""miracolo a Milano""",https://www.milanotoday.it/eventi/cinevan-i-palazzi-popolari.html,Formazione e networking,"Via Cogne, Vialba, Quarto Oggiaro, Municipio 8 di Milano, Milano, Lombardia, 20157, Italia",45.5159049,9.1259333
,30-11-22,2022-09-16,"Via Melchiorre Gioia, 37, Milano, MI",Il Santa,Mèta - | Personale di pittura e scultura di Roberto Scalingi,https://www.milanotoday.it/eventi/meta-personale-di-pittura-e-scultura-2022.html,Non classificato,"Centro Medico Lombardo, 37, Via Melchiorre Gioia, GARIBALDI REPUBBLICA, Municipio 9, Milano, Lombardia, 20124, Italia",45.4857036,9.1960529
,23-09-22,2022-09-16,"Via Alessandro Manzoni, 56, Milano, MI","Dental Center Humanitas, IRCCS Istituto Clinico Humanitas","Cerchi una soluzione fissa per i denti mancanti? A settembre, al Dental Center di Humanitas, 4 giorni dedicati all’implantologia e alla protesi dentale",https://www.milanotoday.it/eventi/implantologia-protesi-dentale.html,Non classificato,"56, Via Alessandro Manzoni, Paullo, Milano, Lombardia, 20067, Italia",45.4180966,9.4000575
Manifestazioni,21-09-22,2022-09-16,"Viale Emilio Alemagna, 14, Milano, MI",Cascina Nascosta - Parco Sempione,"Settimana della Mobilità Sostenibile, inaugura la Ciclofficina Nascosta",https://www.milanotoday.it/eventi/incontri-ciclofficina-parco-sempione.html,Altri eventi,"Ciclofficina Nascosta, 14, Viale Emilio Alemagna, Parco Sempione, Municipio 1, Milano, Lombardia, 20121, Italia",45.4737946,9.1722696
Mostre,16-09-22,2022-09-16,"Piazza del Duomo, 12, Milano, MI",Palazzo Reale,"Alik cavaliere, l'universo verde",https://www.milanotoday.it/eventi/alik-cavaliere-l-universo-verde-2022.html,Arte e cultura,"Giacomo, 12, Piazza del Duomo, Duomo, Municipio 1, Milano, Lombardia, 20100, Italia",45.4632066,9.1914879
Incontri,18-09-22,2022-09-16,"Via Circonvallazione, 29, Milano, MI",Idroscalo,L'amatissimo orso Paddington arriva all'Idroscalo di Milano,https://www.milanotoday.it/eventi/orso-paddington-idroscalo.html,Formazione e networking,"29, Via Circonvallazione, Quartiere Marchesina, Isola Rosa, Trezzano sul Naviglio, Milano, Lombardia, 20090, Italia",45.4178211,9.0726162
Concerti,17-09-22,2022-09-17,"Via Lampugnano, 95, Milano, MI",Ippodromo di San Siro,"Blanco, le nuove date del tour e il concerto di Milano",https://www.milanotoday.it/eventi/concerto-blanco-ippodromo-milano.html,Musica e vita notturna,"Via Lampugnano, Gallaratese, Lampugnano, Municipio 8 di Milano, Milano, Lombardia, 20151, Italia",45.4916933,9.1102099
Incontri,29-09-22,2022-09-17,"Via Giuseppe Dall'Occo, 1, Milano, MI",Centro Culturale Artistico Click Art,Colore e materia,https://www.milanotoday.it/eventi/colore-e-materia.html,Formazione e networking,"Via Giuseppe Dall'Occo, Cormano, Zona Omogenea Milano Nord, Milano, Lombardia, 20032, Italia",45.5444599,9.1691639
Mostre,30-09-22,2022-09-17,"Via Panfilo Castaldi, Milano, MI",Spazio Kriptos,L'atleta paralimpica Giusy Versace madrina di nuova mostra contro la violenza sulle donne,https://www.milanotoday.it/eventi/mostra-contro-violenza-donne.html,Arte e cultura,"Via Panfilo Castaldi, Centrale, Municipio 2, Milano, Lombardia, 20124, Italia",45.4784384,9.1992505
Mostre,17-09-22,2022-09-17,"Via Sant'Andrea, Milano, MI",Palazzo Morando,La nuova mostra che racconta l'emancipazione femminile nella moda,https://www.milanotoday.it/eventi/mostra-palazzo-morando-moda.html,Arte e cultura,"Via Sant'Andrea, Duomo, Municipio 1, Milano, Lombardia, 20122, Italia",45.4689568,9.1967507
,25-09-22,2022-09-17,"Piazza Gae Aulenti, 1, Milano, MI",Piazza Gae Aulenti,L'incredibile installazione in Gae Aulenti: quando vederla,https://www.milanotoday.it/eventi/scultura-gae-aulenti-skyglass.html,Non classificato,"1, Piazza Gae Aulenti, GARIBALDI REPUBBLICA, Municipio 9, Milano, Lombardia, 20154, Italia",45.4838519,9.189151
Manifestazioni,06-11-22,2022-09-17,"Piazza Piemonte, Milano, MI","Località La Lanca, San Martino Siccomario (PV)",Il più grande campo di zucche del Nord Italia apre le sue porte,https://www.milanotoday.it/eventi/villaggio-zucche-pura-vida-farm.html,Altri eventi,"Piazza Piemonte, De Angeli - Monte Rosa, Municipio 7, Milano, Lombardia, 20149, Italia",45.4669255,9.154725
Mostre,18-09-22,2022-09-17,"Via Fabio Massimo, 19, Milano, MI",C.I.Q. – Centro Internazionale di Quartiere,Al via africa day: a Milano due giorni di arte e cultura dal continente,https://www.milanotoday.it/eventi/al-via-africa-day-2022.html,Arte e cultura,"19, Via Fabio Massimo, Lodi - Corvetto, Municipio 4, Milano, Lombardia, 20139, Italia",45.4349742,9.2277681
,17-09-22,2022-09-17,"Via Conte Rosso, Milano, MI",Lambrate,La festa di fine estate con il ritorno del Sabato di Lambrate,https://www.milanotoday.it/eventi/sabato-di-lambrate-settembre-2022.html,Non classificato,"Via Conte Rosso, Lambrate, Municipio 3, Milano, Lombardia, 20134, Italia",45.4819574,9.2426159
Manifestazioni,17-09-22,2022-09-17,"Piazza Enrico Berlinguer, Milano, MI",Piazza Berlinguer,Notte bianca a Rozzano 2022,https://www.milanotoday.it/eventi/notte-bianca-rozzano-2022.html,Altri eventi,"Piazza Enrico Berlinguer, Lorenteggio, Municipio 6, Milano, Lombardia, 20146, Italia",45.4496856,9.1512984
,18-09-22,2022-09-18,"Via Fametta, 1, Milano, MI",Villa Arconati,Consumo e produzione responsabili,https://www.milanotoday.it/eventi/consumo-e-produzione-responsabili.html,Non classificato,"1, Via Fametta, Via Trento, Castellazzo, Bollate, Milano, Lombardia, 20021, Italia",45.556757,9.0958021
,19-09-22,2022-09-18,"Via della Guastalla, 19, Milano, MI",Sinagoga centrale,23 giornata europea della cultura ebraica – 18 settembre 2022: “Rinnovamento”,https://www.milanotoday.it/eventi/xxiii-giornata-europea-della-cultura-ebraica-2022.html,Non classificato,"Via della Guastalla, Guastalla, Municipio 1, Milano, Lombardia, 20122, Italia",45.460335,9.1986007
,19-09-22,2022-09-18,"Via della Guastalla, 19, Milano, MI",Sinagoga centrale,Giornata europea della cultura ebraica 18 e 19 settembre,https://www.milanotoday.it/eventi/errata-corrige-giornata-europea-della-cultura-ebraica.html,Non classificato,"Via della Guastalla, Guastalla, Municipio 1, Milano, Lombardia, 20122, Italia",45.460335,9.1986007
,18-09-22,2022-09-18,"Corso Buenos Aires, 33, Milano, MI",Teatro Elfo Puccini,Nicolò Sordo e i camminatori all'hystrio festival,https://www.milanotoday.it/eventi/nicolo-sordo-camminatori-all-hystrio.html,Non classificato,"Teatro Elfo Puccini, 33, Corso Buenos Aires, Buenos Aires - Venezia, Municipio 3, Milano, Lombardia, 20124, Italia",45.4794317,9.2098387
Mercatini,25-09-22,2022-09-18,"Via Mecenate, 88/A, Milano, MI",East Market,East Market festeggia la sua centesima edizione con due appuntamenti speciali,https://www.milanotoday.it/eventi/east-market-mercatino-settembre-2022.html,Mercati e shopping,"Via Mecenate, Mecenate, Municipio 4, Milano, Lombardia, 20059, Italia",45.4529888,9.2481173
Concerti,18-09-22,2022-09-18,"Via Gaetano de Castillia, Milano, MI",Biblioteca degli Alberi,Alla Biblioteca degli Alberi il concerto dei giovani dell'Accademia Teatro alla Scala,https://www.milanotoday.it/eventi/concerto-bam-biblioteca-alberi.html,Musica e vita notturna,"Via Gaetano De Castillia, Isola, Municipio 9, Milano, Lombardia, 20100, Italia",45.4858553,9.1928992
,19-09-22,2022-09-19,"Viale Affori, 21, Milano, MI",Villa Litta Modigliani,Serate musicali,https://www.milanotoday.it/eventi/serate-musicali-dominika-zamara-2022.html,Non classificato,"Biblioteca Comunale Affori, 21, Viale Affori, Affori, Municipio 9, Milano, Lombardia, 20161, Italia",45.5166084,9.1673769
Spettacoli,19-09-22,2022-09-19,"Via Filodrammatici 2,20121, Milano, MI,Italia",Teatro Alla Scala,Il matrimonio segreto,https://www.teatro.it/spettacoli/milano/teatro-alla-scala/2022-2023/il-matrimonio-segreto,Teatro e spettacolo,"2, Via Filodrammatici, Brera, Milano, Lombardia, 20121, Italia",45.4676198,9.1884287
Mostre,02-10-22,2022-09-20,"Via Pescantina, 8, Milano, MI",Fabbrica Di Lampadine,"""Punti"" di Lucrezia di Canio",https://www.milanotoday.it/eventi/punti-di-lucrezia-di-canio-2022.html,Arte e cultura,"8, Via Pescantina, Niguarda - Cà Granda, Municipio 9, Milano, Lombardia, 20162, Italia",45.5231811,9.2029173
Concerti,20-09-22,2022-09-20,"Via Pisanello, 1, Milano, MI",Centro Culturale Rosetum,Rudy linka trio-quinta stagione,https://www.milanotoday.it/eventi/rudy-linka-trio-quinta-stagione-2022.html,Musica e vita notturna,"Via Pisanello, Bande Nere, Municipio 7, Milano, Lombardia, 20148, Italia",45.4672182,9.140416
Spettacoli,20-09-22,2022-09-20,"Via Cesare Lombroso,4,20137, Milano, MI,Italia",Ex Macello,Talk Show,https://www.teatro.it/spettacoli/milano/ex-macello/2022-2023/talk-show,Teatro e spettacolo,"Via Cesare Lombroso, Ortomercato, Municipio 4, Milano, Lombardia, 20130, Italia",45.4561736,9.2240956
Spettacoli,21-09-22,2022-09-21,"Viale dell'Innovazione 20,20126, Milano, MI,Italia",Arcimboldi,Anastacia - I'm Outta Lockdown Tour 2022,https://www.teatro.it/spettacoli/milano/degli-arcimboldi/2022-2023/anastacia-im-outta-lockdown-tour-2022,Teatro e spettacolo,"20, Viale dell'Innovazione, Bicocca, Municipio 9, Milano, Lombardia, 20125, Italia",45.5148696,9.2135963
Manifestazioni,01-11-22,2022-09-21,"Via Tonale, Milano, MI",Il Campo di Federica,"Pumpkin Patch, riapre il Campo di Federica con tantissime zucche",https://www.milanotoday.it/eventi/campo-zucche-nerviano.html,Altri eventi,"Via Tonale, Centrale, Municipio 2, Milano, Lombardia, 20124, Italia",45.4892842,9.201747
Concerti,21-09-22,2022-09-21,"Viale dell'Innovazione, 20, Milano, MI",Teatro degli Arcimboldi,Anastacia in concerto a Milano. Orari e biglietti,https://www.milanotoday.it/eventi/concerto-anastacia-arcimboldi.html,Musica e vita notturna,"20, Viale dell'Innovazione, Bicocca, Municipio 9, Milano, Lombardia, 20125, Italia",45.5148696,9.2135963
Spettacoli,21-09-22,2022-09-21,"via Pier Lombardo,14,20135, Milano, MI,Italia",Franco Parenti - Sala Grande,La vita davanti a sé,https://www.teatro.it/spettacoli/milano/franco-parenti-sala-grande/2022-2023/la-vita-davanti-a-se,Teatro e spettacolo,"Via Pier Lombardo, Porta Romana, Municipio 4, Milano, Lombardia, 20135, Italia",45.4542958,9.2063109
Mostre,03-10-22,2022-09-21,"Via Enrico Caviglia, 3, Milano, MI",Istituto Italiano di Fotografia,Mostra “exodus” di Manfredi Prestigiacomo,https://www.milanotoday.it/eventi/mostra-exodus-2022.html,Arte e cultura,"CSDM, 3, Via Enrico Caviglia, Lodi - Corvetto, Municipio 4, Milano, Lombardia, 20139, Italia",45.4428538,9.2307904
Mostre,06-10-22,2022-09-21,"Galleria Strasburgo, 3, Milano, MI",Studio Bolzani,Shunga - immagini della primavera - per riflettere su eros e thanatos,https://www.milanotoday.it/eventi/shunga-immagini-della-primavera-2022.html,Arte e cultura,"3, Galleria privata Strasburgo, Duomo, Municipio 1, Milano, Lombardia, 20122, Italia",45.4649141,9.197794
Mostre,29-01-23,2022-09-22,"Piazza del Duomo, Milano, MI",Palazzo Reale,Le fotografie di Richard Avedon che raccontano i suoi sessant’anni di carriera,https://www.milanotoday.it/eventi/mostra-fotografia-richard-avedon-palazzo-reale.html,Arte e cultura,"Piazza del Duomo, Duomo, Municipio 1, Milano, Lombardia, Italia",45.4639102,9.1906398
Mostre,28-09-22,2022-09-22,"Via Giovanni Keplero, 12, Milano, MI",Unahotels Expo Fiera Milano,L’opera “Universal peace” in mostra all'Unahotels,https://www.milanotoday.it/eventi/l-opera-universal-peace.html,Arte e cultura,"Atahotel Expo Fiera, 12, Via Giovanni Keplero, Pero, Milano, Lombardia, 20016, Italia",45.5020231,9.0868452
Mostre,19-11-22,2022-09-22,"Corso Buenos Aires, 2, Milano, MI",L.U.P.O. Lorenzelli Projects,Les filles terribles - Giuditta Branconi solo show,https://www.milanotoday.it/eventi/les-filles-terribles-giuditta-branconi.html,Arte e cultura,"au nom de la rose, 2, Corso Buenos Aires, Buenos Aires - Venezia, Municipio 3, Milano, Lombardia, 20124, Italia",45.4749936,9.2060025
Mostre,22-10-22,2022-09-22,"Via Benedetto Marcello, 46, Milano, MI",Galleria Manifiesto Blanco,Mostra ane leid is nivver eneuch - Anna Giuntini @ Manifiesto blanco,https://www.milanotoday.it/eventi/mostra-ane-leid-is-nivver-eneuch.html,Arte e cultura,"Manifiesto Blanco, 46, Via Benedetto Marcello, Buenos Aires - Venezia, Municipio 3, Milano, Lombardia, 20124, Italia",45.4830737,9.2106807
Manifestazioni,22-09-22,2022-09-22,"Via Ettore Ponti, 15, Milano, MI",Villaggio Barona,"Ritmo, balli e musica al Villaggio Barona",https://www.milanotoday.it/eventi/spettacolo-danza-villaggio-barona.html,Altri eventi,"15, Via Ettore Ponti, Barona, Municipio 6, Milano, Lombardia, 20143, Italia",45.4426738,9.1577353
Mostre,29-01-23,2022-09-22,"Piazza del Duomo, Milano, MI",Palazzo Reale,Le fotografie di Richard Avedon che raccontano i suoi sessant’anni di carriera,https://www.milanotoday.it/eventi/mostra-fotografia-richard-avedon-palazzo-reale.html,Arte e cultura,"Piazza del Duomo, Duomo, Municipio 1, Milano, Lombardia, Italia",45.4639102,9.1906398
,25-09-22,2022-09-23,"Viale Emilio Alemagna, 6, Milano, MI",La Triennale di Milano,"FeST 2022, il Festival delle serie tv in Triennale con attori, registi e tanti altri ospiti",https://www.milanotoday.it/eventi/festival-serie-tv-2022-triennale.html,Non classificato,"Triennale Design Museum, 6, Viale Emilio Alemagna, Parco Sempione, Municipio 1, Milano, Lombardia, 20121, Italia",45.4721477,9.1734894
Concerti,25-09-22,2022-09-23,"Via Cascinette, 31, Milano, MI",Bosco delle cascinette,"""Ul Caminett' Festival"", tre giorni di musica (e cibo) nel bosco",https://www.milanotoday.it/eventi/ul-caminett-festival-canegrate.html,Musica e vita notturna,"Via Cascinette, Cascinette, Canegrate, Milano, Lombardia, 20039, Italia",45.5749502,8.9408636
Concerti,23-09-22,2022-09-23,"Via Luigi Granelli, 1, Milano, MI",Carroponte,Fabri Fibra in concerto al Carroponte. Orari e biglietti,https://www.milanotoday.it/eventi/concerto-fabri-fibra-carroponte.html,Musica e vita notturna,"Carroponte, 1, Via Luigi Granelli, Rondò, Torretta, Sesto San Giovanni, Zona Omogenea Milano Nord, Milano, Lombardia, 20099, Italia",45.529574,9.2209217
Incontri,23-09-22,2022-09-23,"Viale Emilio Alemagna, 14, Milano, MI",Cascina Nascosta,Illustrami 5,https://www.milanotoday.it/eventi/illustrami-5-2022.html,Formazione e networking,"Ciclofficina Nascosta, 14, Viale Emilio Alemagna, Parco Sempione, Municipio 1, Milano, Lombardia, 20121, Italia",45.4737946,9.1722696
Convegno/conferenza,23-09-22,2022-09-23,"via Brera, 28, Milano, MI",Pinacoteca di Brera,Giornata di Studio IX Dialogo - CARAVAGGIO,,Formazione e networking,"Istituto Nazionale di Astrofisica – Osservatorio astronomico di Brera, 28, Via Brera, Cerchia dei Navigli, Municipio 1, Milano, Lombardia, 20121, Italia",45.4715946,9.1889707
Visita Guidata,25-09-22,2022-09-23,"Via Festa del Perdono, 7, Milano, MI",Ca’ Granda – Sede dell’Università degli Studi di Milano,Università degli Studi di Milano - Visite guidate alla Ca’ Granda,,Arte e cultura,"7, Via Festa del Perdono, Cerchia dei Navigli, Municipio 1, Milano, Lombardia, 20122, Italia",45.4603865,9.1939871
Mostre,01-10-22,2022-09-23,"Corso Buenos Aires, 66, Milano, MI",Fondazione Paolina Brugnatelli,Mostra di livia scholz - Breznay “ars poetica”,https://www.milanotoday.it/eventi/mostra-di-livia-scholz-breznay-ars-poetica.html,Arte e cultura,"66, Corso Buenos Aires, Buenos Aires - Venezia, Municipio 3, Milano, Lombardia, 20124, Italia",45.4829449,9.2137209
Mostre,25-09-22,2022-09-23,"Via Anco Marzio, Milano, MI",Centro Esposizioni Lugano,"Marco Abrate, a wopart con ma-ec gallery milano",https://www.milanotoday.it/eventi/marco-abrate-a-wopart-2022.html,Arte e cultura,"Via Anco Marzio, Magenta - San Vittore, Municipio 1, Milano, Lombardia, 20144, Italia",45.4601139,9.1704307
Itinerario culturale,24-09-22,2022-09-24,"Via Teatro, 2, Milano, MI",Comune di Sabbioneta,"Comune di Sabbioneta, Associazione Pro Loco di Sabbioneta , Parrocchia di Sabbioneta: ""La Magnificenza e il Potere""",,Arte e cultura,"Via San Vittore al Teatro, Cerchia dei Navigli, Municipio 1, Milano, Lombardia, 20123, Italia",45.4651259,9.1825755
Visita Guidata,24-09-22,2022-09-24,"Via Francesco Mussi, 38, Milano, MI",Museo Pisani Dossi,"Casa Museo Pisani Dossi: ""La Casa che divenne Museo. Passeggiata guidata nelle sale di Villa Pisani Dossi"" - Visita guidata",,Arte e cultura,"Museo Archeologico Villa Pisani Dossi, 38, Via Francesco Mussi, Corbetta, Milano, Lombardia, 20011, Italia",45.465932,8.9193794
Visita Guidata,24-09-22,2022-09-24,"Piazza Missori, Milano, MI",Cripta di San Giovanni in Conca,"Civico Museo Archeologico di Milano: ""Storie di 'riusi' e trasformazioni: la Cripta di San Giovanni in Conca"" - Visita guidata per adulti",,Arte e cultura,"Piazza Giuseppe Missori, Cerchia dei Navigli, Municipio 1, Milano, Lombardia, 20122, Italia",45.4606141,9.1883189
Attività Didattica,25-09-22,2022-09-24,"Corso Garibaldi, 88, Milano, MI",Biblioteca Mediateca “Gino Baratta”,"Biblioteca Baratta: ""La Biblioteca di pubblica lettura, bene collettivo"" - Attività didattiche",,Formazione e networking,"Corso Giuseppe Garibaldi, Brera, Municipio 1, Milano, Lombardia, 20121, Italia",45.4754564,9.1836669
Visita Guidata,24-09-22,2022-09-24,"Via Senato, 10, Milano, MI",Archivio di Stato di Milano,"Dal deposito Sforzesco al cantiere del nuovo spazio per la custodia dei Tesori d’Archivio: visite guidate tra passato, presente e futuro della conservazione",,Arte e cultura,"Archivio di Stato di Milano, 10, Via Senato, Guastalla, Municipio 1, Milano, Lombardia, 20121, Italia",45.4703017,9.1988675
Itinerario culturale,24-09-22,2022-09-24,"Via San Marco, Milano, MI",Comune di Albaredo per San Marco,"Albaredo per San Marco: ""Via Priula, una via per l’Europa – Sui passi dei mercanti veneziani tra le sublimi Valli del Bitto"" - Itinerario culturale con evento serale",,Arte e cultura,"Via San Marco, Brera, Municipio 1, Milano, Lombardia, 20100, Italia",45.4776566,9.1887582
Visita Guidata,24-09-22,2022-09-24,"Corso Magenta, 57, Milano, MI",Museo Martinitt e Stelline,Tour virtuale al Borgo delle Grazie con Nadia Gobbi - Museo Martinitt e Stelline,,Arte e cultura,"Museo Martinitt e Stelline, 57, Corso Magenta, Magenta - San Vittore, Municipio 1, Milano, Lombardia, 20123, Italia",45.4656464,9.1734734
Spettacoli,24-09-22,2022-09-24,"via Giacosa,46,20131, Milano, MI,Italia",Parco Trotter,Talk Show,https://www.teatro.it/spettacoli/milano/parco-trotter/2022-2023/talk-show,Teatro e spettacolo,"46, Via Giuseppe Giacosa, Nolo, Municipio 2, Milano, Lombardia, 20127, Italia",45.4947983,9.2217645
Itinerario culturale,24-09-22,2022-09-24,"Via San Marco, Milano, MI",Comune di Albaredo per San Marco,"Albaredo per San Marco: ""Via Priula, una via per l’Europa – Sui passi dei mercanti veneziani tra le sublimi Valli del Bitto"" - Itinerario culturale",,Arte e cultura,"Via San Marco, Brera, Municipio 1, Milano, Lombardia, 20100, Italia",45.4776566,9.1887582
Incontri,25-09-22,2022-09-24,"Via Camillo Golgi, 18, Milano, MI",Orto Botanico di Città Studi,Gli eventi gratis per bambini agli Orti Botanici di Milano,https://www.milanotoday.it/eventi/giochi-bambini-orti-botanici.html,Formazione e networking,"Via Camillo Golgi, Città Studi, Municipio 3, Milano, Lombardia, 20133, Italia",45.4756291,9.2343757
Incontri,24-09-22,2022-09-24,"Via Pistoia, 10, Milano, MI",Padiglione,Il padiglione di Baggio apre le porte alla città,https://www.milanotoday.it/eventi/padiglione-di-baggio.html,Formazione e networking,"Biblioteca Comunale Baggio, 10, Via Pistoia, Baggio, Municipio 7, Milano, Lombardia, 20153, Italia",45.4633673,9.0903283
Visita Guidata,24-09-22,2022-09-24,"piazza Castello, 34, Milano, MI",Castello scaligero di Sirmione,"Castello Scaligero di Sirmione: ""Il Castello, ieri oggi e domani. La trasmissione del patrimonio culturale alle nuove generazioni"" - Visite guidate",,Arte e cultura,"34, Piazza Castello, Cascina Pariana, Pessano con Bornago, Milano, Lombardia, 20042, Italia",45.5510075,9.3824054
Visita Guidata,25-09-22,2022-09-24,"Corso Venezia, 55, Milano, MI",Museo civico di storia naturale di Milano,"Museo di Storia Naturale di Milano: ""Patrimoni perduti – Patrimoni ritrovati"" - Visita guidata (apertura straordinaria)",,Arte e cultura,"Museo di Storia Naturale, 55, Corso Venezia, Guastalla, Municipio 1, Milano, Lombardia, 20121, Italia",45.472734,9.2024419
Convegno/conferenza,24-09-22,2022-09-24,"Viale Gadio, Milano, MI",Acquario e Civica Stazione Idrobiologica Milano,"Acquario e Civica Stazione Idrobiologica di Milano: ""Le collezioni scientifiche dell’Acquario: un patrimonio da valorizzare "" - Conferenza/incontro",,Formazione e networking,"Viale Gerolamo Gadio, Parco Sempione, Municipio 1, Milano, Lombardia, 20123, Italia",45.4712247,9.1775064
Visita Guidata,24-09-22,2022-09-24,"Strada Nuova, 65, Milano, MI",Palazzo Centrale Universitario e Museo per la Storia dell’Università,"Antichi palazzi e storia universitaria. Visita guidata al Museo per la Storia dell’Università di Pavia, al Museo Camillo Golgi e ai palazzi che li ospitano",,Arte e cultura,"Via Michele Novaro, Affori, Municipio 9, Milano, Lombardia, 20161, Italia",45.5187524,9.1679111
Incontri,24-09-22,2022-09-24,"Via Fratelli Zoia, 194, Milano, MI",Cascina Linterno,Alla Cascina Linterno una giornata per scoprire la natura e pulire l'ambiente,https://www.milanotoday.it/eventi/giornata-cascina-linterno-bambini.html,Formazione e networking,"Via Fratelli Zoia, Quarto Cagnino, Municipio 7, Milano, Lombardia, 20153, Italia",45.4720145,9.1089432
Visita Guidata,25-09-22,2022-09-24,"via Brera, 28, Milano, MI",Pinacoteca di Brera,GEP 22 a BRERA,,Arte e cultura,"Pinacoteca di Brera, 28, Via Brera, Cerchia dei Navigli, Municipio 1, Milano, Lombardia, 20121, Italia",45.4722421,9.1884071
Convegno/conferenza,25-09-22,2022-09-24,"Via Senato, 10, Milano, MI",Archivio di Stato di Milano,Giornate Europee del Patrimonio 2022. Tre archivi lombardi si presentano al pubblico,,Formazione e networking,"Archivio di Stato di Milano, 10, Via Senato, Guastalla, Municipio 1, Milano, Lombardia, 20121, Italia",45.4703017,9.1988675
Convegno/conferenza,24-09-22,2022-09-24,"Piazza Castello, Milano, MI",Museo archeologico lomellino,"MUSEO ARCHEOLOGICO LOMELLINO: ""TUTANKHAMON ED OLTRE 1922-2022: CENTO ANNI DALL’APERTURA DELLA TOMBA PIU’ FAMOSA D’EGITTO"" - Conferenza",,Formazione e networking,"Piazza Castello, Cerchia dei Navigli, Municipio 1, Milano, Lombardia, Italia",45.4704699,9.1819129
Attività Didattica,24-09-22,2022-09-24,"Via Alessandro Manzoni, Milano, MI",Museo civico A. Parazzi Presso Mu.Vi.,"Museo Civico A. Parazzi: ""Il museo che piantava alberi"" - Evento per bambini e famiglie con attività laboratoriale",,Formazione e networking,"Via Alessandro Manzoni, Duomo, Municipio 1, Milano, Lombardia, 20121, Italia",45.4703288,9.1930503
,24-09-22,2022-09-24,"Via Francesco Sforza, 12, Milano, MI",Chiesa Valdese,"Mostra sabato 24 settembre ""L'arte perduta""...",https://www.milanotoday.it/eventi/mostra-sabato-24-settembre-2022.html,Non classificato,"Libreria Claudiana, 12a, Via Francesco Sforza, Duomo, Municipio 1, Milano, Lombardia, 20122, Italia",45.461392,9.1968387
Visita Guidata,25-09-22,2022-09-24,"via Collodi, Milano, MI",Parco dell'Anfiteatro romano di Milano,Giornate Europee del Patrimonio 2022 PAN Parco Amphitheatrum naturae. Alla scoperta dei ritrovamenti dell’Anfiteatro romano di Milano,,Arte e cultura,"Via Collodi, Cascina Croce, Cornaredo, Milano, Lombardia, 20008, Italia",45.4972467,9.006339
Visita Guidata,24-09-22,2022-09-24,"Via Giacomo Matteotti, 3, Milano, MI",Biblioteca comunale 'Mario Miglioli',"Biblioteca 'Mario Miglioli': ""VAI IN BIBLIOTECA E SCOPRI IL MONDO Conoscere la Biblioteca Comunale e contemporaneamente il territorio attraverso i libri della Biblioteca"" - Visita guidata",,Arte e cultura,"3, Via Giacomo Matteotti, Ravello, Parabiago, Milano, Lombardia, 20015, Italia",45.5563548,8.9461381
Visita Guidata,24-09-22,2022-09-24,"Via Teodolinda 4, Milano, MI",Musei Civici di Monza – Casa degli Umiliati,"Musei Civici di Monza – Casa degli Umiliati: ""L’arte riciclata"" - Visita guidata al museo",,Arte e cultura,"Via Regina Teodolinda, Padova, Municipio 2, Milano, Lombardia, 20132, Italia",45.5023905,9.2433622
Visita Guidata,24-09-22,2022-09-24,"PIAZZA IV NOVEMBRE, Milano, MI",BORGO DI PRIMALUNA,"Il Borgo Medievale e la Torre di Primaluna – Apertura straordinaria e visita guidata, La Fucina Associazione Culturale",,Arte e cultura,"Piazza Quattro Novembre, Case Bettola, Lacchiarella, Milano, Lombardia, Italia",45.3194673,9.1384677
Cibo e Vino,25-09-22,2022-09-24,"Via Circonvallazione Idroscalo, 41, Milano, MI",Circolo Magnolia,Il festival con le migliori pizzerie di Milano: arriva Sound of Pizza,https://www.milanotoday.it/eventi/pizza-festival-magnolia.html,Enogastronomia,"Circolo Magnolia, 41, Via Circonvallazione Idroscalo, Novegro, Segrate, Milano, Lombardia, 20054, Italia",45.4637036,9.286076
Visita Guidata,25-09-22,2022-09-24,"Via San Vittore, 2, Milano, MI",Santuario di S. Vittore e Chiesa parrocchiale di Brembate,Visita guidata al Santuario e chiesa rupestre di S. Vittore M. e alla chiesa parrocchiale dei SS. Faustino e Giovita di Brembate,,Arte e cultura,"2, Via San Vittore, Cerchia dei Navigli, Municipio 1, Milano, Lombardia, 20123, Italia",45.4623401,9.173947
Attività Didattica,24-09-22,2022-09-24,"Via Teodolinda 4, Milano, MI",Musei Civici di Monza – Casa degli Umiliati,"Musei Civici di Monza – Casa degli Umiliati: ""Natura ad arte"" - Laboratorio creativo per bambini 6-11 anni",,Formazione e networking,"Via Regina Teodolinda, Padova, Municipio 2, Milano, Lombardia, 20132, Italia",45.5023905,9.2433622
Convegno/conferenza,24-09-22,2022-09-24,"via Crocefisso, 22, Milano, MI",Villa Romana e Antiquarium,"“Il culto di Ercole.” – Conferenza alla Villa romana di Desenzano del Garda, Apertura straordinaria",,Formazione e networking,"Via Crocefisso, Cerchia dei Navigli, Municipio 1, Milano, Lombardia, 20123, Italia",45.4570148,9.1862025
Visita Guidata,24-09-22,2022-09-24,"VIA XXV APRILE, 16/18, Milano, MI",BANCA DELLA VALSASSINA,"La Fucina associazione culturale: ""La collezione d’arte di Banca della Valsassina"" - apertura straordinaria e visita guidata",,Arte e cultura,"Via Venticinque Aprile, Triulzo Inferiore, Triulzo, San Donato Milanese, Milano, Lombardia, 20138, Italia",45.4293534,9.2707589
Attività Didattica,24-09-22,2022-09-24,"Piazza Vittorio Veneto, 14, Milano, MI",Museo civico archeologico di Pegognaga,"Civico Museo Archeologico di Pegognaga: ""Terra e fiumi inaridirono. Il mito di Fetonte"" - attività per famiglie con laboratorio",,Formazione e networking,"Piazza Vittorio Veneto, Santi Martiri, Oltrestazione, Legnano, Milano, Lombardia, 20025, Italia",45.5921127,8.9054157
Incontro/presentazione,25-09-22,2022-09-25,"Piazza Castello, Milano, MI",Museo archeologico lomellino,Museo Archeologico Lomellino - Presentazione del romanzo il Tesoro degli Squali di Gabriella Francia,,Formazione e networking,"Piazza Castello, Cerchia dei Navigli, Municipio 1, Milano, Lombardia, Italia",45.4704699,9.1819129
,25-09-22,2022-09-25,"Viale Affori, 21, Milano, MI",Villa Litta Modignani,Musica per la pace,https://www.milanotoday.it/eventi/musica-per-la-pace-orchestra-2022.html,Non classificato,"Biblioteca Comunale Affori, 21, Viale Affori, Affori, Municipio 9, Milano, Lombardia, 20161, Italia",45.5166084,9.1673769
Convegno/conferenza,25-09-22,2022-09-25,"Via Teatro, 2, Milano, MI",Comune di Sabbioneta,"Comune di Sabbioneta, Associazione Pro Loco di Sabbioneta , Parrocchia di Sabbioneta: ""Dai nostri inviati all’ Unesco""",,Formazione e networking,"Via San Vittore al Teatro, Cerchia dei Navigli, Municipio 1, Milano, Lombardia, 20123, Italia",45.4651259,9.1825755
Spettacoli,25-09-22,2022-09-25,"via Procaccini,4,20100, Milano, MI,Italia",La Fabbrica del Vapore,Fire Charmers,https://www.teatro.it/spettacoli/milano/la-fabbrica-del-vapore/2022-2023/fire-charmers,Teatro e spettacolo,"4, Via Giulio Cesare Procaccini, Bullona, Porta Volta, Municipio 8 di Milano, Milano, Lombardia, 20154, Italia",45.4839945,9.1753796
Mostre,25-09-22,2022-09-25,"Via Marcello Dudovich, 10, Milano, MI",Parco Ticinello,Unspoken - live painting&music,https://www.milanotoday.it/eventi/unspoken-live-painting-music-2022.html,Arte e cultura,"10, Via Marcello Dudovich, Stadera, Municipio 5, Milano, Lombardia, 20141, Italia",45.4268888,9.1824277
Attività Didattica,25-09-22,2022-09-25,"Corso Magenta, 15, Milano, MI",Civico Museo archeologico di Milano,"Civico Museo Archeologico di Milano: ""I Romani e l’ecosostenibilità"" - Visita guidata con laboratorio, per bambini 7-11 anni",,Formazione e networking,"Civico museo archeologico di Milano, 15, Corso Magenta, Cerchia dei Navigli, Municipio 1, Milano, Lombardia, 20123, Italia",45.465621,9.1787191
Spettacoli,25-09-22,2022-09-25,"Viale dell'Innovazione 20,20126, Milano, MI,Italia",Arcimboldi,Notre Dame de Paris,https://www.teatro.it/spettacoli/milano/degli-arcimboldi/2022-2023/notre-dame-de-paris,Teatro e spettacolo,"20, Viale dell'Innovazione, Bicocca, Municipio 9, Milano, Lombardia, 20125, Italia",45.5148696,9.2135963
Altro,25-09-22,2022-09-25,"Via Mazzini, 92, Milano, MI",Planetario di Lumezzane (Brescia),"Planetario di Lumezzane: ""Alla scoperta del “Museo delle Costellazioni” - Proiezione del cielo stellato",,Altri eventi,"92, Via Giuseppe Mazzini, Paullo, Milano, Lombardia, 20067, Italia",45.4165994,9.3915677
Attività Didattica,25-09-22,2022-09-25,"Piazza Vittorio Emanuele II, 3, Milano, MI",Civiche raccolte d'arte di Palazzo Cicogna,"""Giocomerenda: Intrecci d’arte"" Laboratorio didattico a tema, dedicato alle famiglie con bambini 4 – 11  anni  (Palazzo Marliani Cicogna di Busto Arsizio)",,Formazione e networking,"3, Piazza Vittorio Emanuele II, Melzo, Milano, Lombardia, 20066, Italia",45.4983667,9.4239677
Convegno/conferenza,25-09-22,2022-09-25,"Via Giuseppe Garibaldi, Milano, MI",Museo civico Goffredo Bellini,"Museo civico 'G. Bellini': ""Profezia e salvazione tra mondo pagano e cristiano nelle tele asolane di Alessandro Bonvicino, detto il Moretto"" - Conferenza di Renata Casarin",,Formazione e networking,"Via Giuseppe Garibaldi, Robarello, Buccinasco, Milano, Lombardia, 20090, Italia",45.4290749,9.1204006
Mostra,25-09-22,2022-09-25,"Via Regina, Milano, MI",Villa Carlotta - Museo e giardino botanico,"Villa Carlotta: ""Canova, novello Fidia"" - mostra",,Arte e cultura,"Via Riva Regina Bambina, Mirabello, Carugate, Milano, Lombardia, 20061, Italia",45.5444377,9.3454546
Incontri,30-09-22,2022-09-26,"Via Bergognone, 34, Milano, MI",Cariplo Factory,"Privacy Week: 5 giorni per parlare di privacy, cybersecurity e nuovi diritti di cittadinanza digitale",https://www.milanotoday.it/eventi/privacy-week-2022.html,Formazione e networking,"Wikimedia Italia, 34, Via Bergognone Da Fossano, Tortona, Municipio 6, Milano, Lombardia, 20144, Italia",45.4518657,9.1625146
Teatri,27-09-22,2022-09-27,"Via Rovello, 2, Milano, MI",Piccolo Teatro Grassi,"""Reporters de guerre"" di Sébastien Foucault a teatro in prima nazionale. Orari e biglietti",https://www.milanotoday.it/eventi/spettacolo-foucault-teatro-grassi.html,Teatro e spettacolo,"2, Via Rovello, Brera, Milano, Lombardia, 20121, Italia",45.4665188,9.1847651
Teatri,01-10-22,2022-09-27,"Piazza della Scala, Milano, MI",Teatro alla Scala,Gli spettacoli gratuiti della Scala in giro per Milano,https://www.milanotoday.it/eventi/scala-in-citta-eventi.html,Teatro e spettacolo,"Piazza della Scala, Duomo, Municipio 1, Milano, Lombardia, 20121, Italia",45.466898,9.1896608
Teatri,02-10-22,2022-09-27,"Via Giorgio Vasari, 15, Milano, MI",Teatro Franco Parenti,"""Apocalisse tascabile"" a teatro annuncia la fine del mondo",https://www.milanotoday.it/eventi/spettacolo-apocalisse-teatro-franco-parenti.html,Teatro e spettacolo,"Via Giorgio Vasari, Porta Romana, Municipio 4, Milano, Lombardia, 20135, Italia",45.4542475,9.2073471
Mostre,30-09-22,2022-09-27,"Via Privata Filippo Tommaso Marinetti, 2, Milano, MI",Lo spazio Bianco,Paesaggio abbandonato,https://www.milanotoday.it/eventi/paesaggio-abbandonato-tao-han-2022.html,Arte e cultura,"2, Via privata Filippo Tommaso Marinetti, Padova, Municipio 2, Milano, Lombardia, 20127, Italia",45.4971406,9.2291684
Concerti,12-10-22,2022-09-28,"Piazza Pio XI, 2, Milano, MI",Pinacoteca Ambrosiana,Alla Pinacoteca Ambrosiana le visite guidate insieme ai concerti di giovani musicisti,https://www.milanotoday.it/eventi/concerti-pinacoteca-ambrosiana.html,Musica e vita notturna,"Biblioteca Ambrosiana, 2, Piazza Pio Undicesimo, Cerchia dei Navigli, Municipio 1, Milano, Lombardia, 20123, Italia",45.4636207,9.1860483
Incontri,12-10-22,2022-09-28,"Via Achille Maiocchi, 15, Milano, MI",Maiocchi15,H24. Esposizione personale delle opere di Andrea Sangalli,https://www.milanotoday.it/eventi/h24-esposizione-personale-delle-opere-di-andrea-sangalli-andrea-sangalli.html,Formazione e networking,"Via Achille Maiocchi, Buenos Aires - Venezia, Municipio 3, Milano, Lombardia, 20129, Italia",45.4754571,9.2138647
Teatri,16-10-22,2022-09-28,"Via Rovello, 2, Milano, MI",Piccolo Teatro Strehler,"""M il figlio del secolo"" a teatro racconta l'ascesa di Mussolini",https://www.milanotoday.it/eventi/m-figlio-del-secolo-piccolo-teatro.html,Teatro e spettacolo,"2, Via Rovello, Brera, Milano, Lombardia, 20121, Italia",45.4665188,9.1847651
Teatri,07-10-22,2022-09-28,"Via Eugenio Villoresi, 26, Milano, MI",Milano,Bobby & amy,https://www.milanotoday.it/eventi/bobby-amy-2022.html,Teatro e spettacolo,"26, Via Eugenio Villoresi, Isola del Bosco, Torretta, Sesto San Giovanni, Zona Omogenea Milano Nord, Milano, Lombardia, 20099, Italia",45.5258217,9.225938
Mostre,12-11-22,2022-09-28,"Via Lodovico Settala, 59, Milano, MI",Andrea Ingenito Contemporary Art,"Praise of color, la mostra di Kazumi Yoshida",https://www.milanotoday.it/eventi/praise-of-color-la-mostra-di-kazumi-yoshida.html,Arte e cultura,"59, Via Lodovico Settala, Buenos Aires - Venezia, Municipio 3, Milano, Lombardia, 20124, Italia",45.4828923,9.2083118
Teatri,04-10-22,2022-09-28,"Via Eugenio Villoresi, 26, Milano, MI",Milano,Alison Cotton,https://www.milanotoday.it/eventi/alison-cotton-alison-cotton-2022.html,Teatro e spettacolo,"26, Via Eugenio Villoresi, Isola del Bosco, Torretta, Sesto San Giovanni, Zona Omogenea Milano Nord, Milano, Lombardia, 20099, Italia",45.5258217,9.225938
Mostre,02-10-22,2022-09-29,"Via Jacopo dal Verme, 16, Milano, MI",Isolacasadelteatro,Idontwannaforget al Milano fringe festival,https://www.milanotoday.it/eventi/idontwannaforget-2022.html,Arte e cultura,"Panificio Angela, 16, Via Jacopo Dal Verme, Isola, Municipio 9, Milano, Lombardia, 20159, Italia",45.4872494,9.188647
Mostre,22-10-22,2022-09-29,"Via Brera, 2, Milano, MI",Galleria Ponte Rosso,Attilio Melo padova 1917 - milano 2012,https://www.milanotoday.it/eventi/attilio-melo-padova-1917-milano-2012.html,Arte e cultura,"Valstar, 2, Via Brera, Brera, Milano, Lombardia, 20121, Italia",45.4693543,9.1882354
Mostre,29-09-22,2022-09-29,"Viale Argonne, 56, Milano, MI",Basilica dei Santi Nereo e Achilleo,Bici amica: la pedalata per le vie di Milano per bambini e famiglie,https://www.milanotoday.it/eventi/bici-amica-la-pedalata-per-le-vie-di-milano-2022.html,Arte e cultura,"56, Viale Argonne, Corsica, Municipio 4, Milano, Lombardia, 20133, Italia",45.4679206,9.2335003
Incontri,29-09-22,2022-09-29,"Viale Argonne, 56, Milano, MI",Basilica dei Santi Nereo e Achilleo,"Bici amica, la pedalata per milano per bambini e famiglie",https://www.milanotoday.it/eventi/bici-amica-la-pedalata.html,Formazione e networking,"56, Viale Argonne, Corsica, Municipio 4, Milano, Lombardia, 20133, Italia",45.4679206,9.2335003
Incontri,29-09-22,2022-09-29,"Piazza Adriano Olivetti 1, Milano, MI",STEP FuturAbility District,“House of connection” workshop a cura di Giovanni Locatelli e Samuela Cesati,https://www.milanotoday.it/eventi/house-of-connection-2022.html,Formazione e networking,"Piazza Adriano Olivetti, Scalo Romana, Municipio 5, Milano, Lombardia, 20135, Italia",45.4431207,9.2043096
Incontri,29-09-22,2022-09-29,"Via Rimini, 38, Milano, MI",Sede Gruppo Cap,Stile libero: Valerio Aprea e Pierluigi Pardo parlano di acqua e sostenibilità,https://www.milanotoday.it/eventi/stile-libero-valerio-aprea-2022.html,Formazione e networking,"38, Via Rimini, San Cristoforo, Municipio 6, Milano, Lombardia, 20142, Italia",45.440858,9.1692032
Concerti,29-09-22,2022-09-29,"Viale dell'Innovazione, Milano, MI",Teatro degli Arcimboldi,Mika in concerto a Milano in un nuovo tour. Orari e biglietti,https://www.milanotoday.it/eventi/concerto-mika-milano-biglietti.html,Musica e vita notturna,"Viale dell'Innovazione, Bicocca, Municipio 9, Milano, Lombardia, 20126, Italia",45.5163468,9.2131669
Incontri,30-09-22,2022-09-30,"Piazza del Duomo, 12, Milano, MI",Palazzo Reale - Sala Conferenze,Schermi. Editori e biblioteche per bambini e ragazzi,https://www.milanotoday.it/eventi/schermi-editori-e-biblioteche-2022.html,Formazione e networking,"Giacomo, 12, Piazza del Duomo, Duomo, Municipio 1, Milano, Lombardia, 20100, Italia",45.4632066,9.1914879
Incontri,30-09-22,2022-09-30,"Via Fabio Massimo, 19, Milano, MI",Centro Internazionale di Quartiere,Il Kenya a Milano,https://www.milanotoday.it/eventi/il-kenya-a-milano-2022.html,Formazione e networking,"19, Via Fabio Massimo, Lodi - Corvetto, Municipio 4, Milano, Lombardia, 20139, Italia",45.4349742,9.2277681
Manifestazioni,30-10-22,2022-09-30,"Via Giuseppe Eugenio Luraghi, 11, Milano, MI",Il Centro di Arese,"Back To The Nature, a Il Centro di Arese la sostenibilità è protagonista",https://www.milanotoday.it/eventi/back-to-the-nature-centro-arese.html,Altri eventi,"Via Maestra, 11, Viale Giuseppe Eugenio Luraghi, Valera, Arese, Milano, Lombardia, 20044, Italia",45.5638918,9.0510987
Concerti,01-10-22,2022-09-30,"Via Angelo Mosso, 3, Milano, MI",Mosso Milano,Jazzmi: zoe pia in concerto con “shardana” venerdì 30 settembre e sabato 1 ottobre a mosso Milano,https://www.milanotoday.it/eventi/jazzmi-zoe-pia-2022.html,Musica e vita notturna,"Mosso, 3, Via Angelo Mosso, Nolo, Municipio 2, Milano, Lombardia, 20127, Italia",45.4940174,9.2262206
,31-12-22,2022-09-30,"Via Meravigli, 7, Milano, MI",Palazzo Francesco Turati,Wildlife photographer of the year 57,https://www.milanotoday.it/eventi/wildlife-photographer-of-the-year-57.html,Non classificato,"7, Via Meravigli, Duomo, Municipio 1, Milano, Lombardia, 20123, Italia",45.4658147,9.1838204
Manifestazioni,09-10-22,2022-10-01,"Via Bergognone, 34, Milano, MI",Base Milano,"Farout Festival 2022, la nuova edizione è dedicata al tempo che si ferma",https://www.milanotoday.it/eventi/farout-festival-2022-base.html,Altri eventi,"Wikimedia Italia, 34, Via Bergognone Da Fossano, Tortona, Municipio 6, Milano, Lombardia, 20144, Italia",45.4518657,9.1625146
Manifestazioni,02-10-22,2022-10-01,"Via Grosotto, 7, Milano, MI",PIAZZA PORTELLO,Un weekend ecosostenibile per sperimentare uno stile di vita green,https://www.milanotoday.it/eventi/milano-green-week-piazza-portello.html,Altri eventi,"Parafarmacia Portello, 7, Via Grosotto, Villapizzone, Cagnola, Municipio 8 di Milano, Milano, Lombardia, 20149, Italia",45.490853,9.1465887
Incontri,02-10-22,2022-10-01,"Via Fratelli Zoia, 194, Milano, MI",Cascina Linterno,La festa d'autunno alla Cascina Linterno e le passeggiate per i bambini,https://www.milanotoday.it/eventi/festa-autunno-cascina-linterno.html,Formazione e networking,"Via Fratelli Zoia, Quarto Cagnino, Municipio 7, Milano, Lombardia, 20153, Italia",45.4720145,9.1089432
,02-10-22,2022-10-01,"Via Val Bregaglia, 4, Milano, MI",Galleria d’arte contemporanea Caratteri Mobili,"""Turbinas"" (turbine), un'installazione di ceramica e fotografia dell'artista marina óáz.",https://www.milanotoday.it/eventi/turbinas-turbine-un-installazione-di-ceramica-e-2022.html,Non classificato,"Via Val Bregaglia, Bande Nere, Municipio 7, Milano, Lombardia, 20147, Italia",45.4669058,9.1279716
Incontri,01-10-22,2022-10-01,"Via Francesco de Lemene, 50, Milano, MI",Cascina Boldinasco,Coopi Cascina aperta sabato 1° ottobre,https://www.milanotoday.it/eventi/coopi-cascina-aperta-sabato-1-ottobre-2022.html,Formazione e networking,"50, Via Francesco De Lemene, Villapizzone, Garegnano, Municipio 8 di Milano, Milano, Lombardia, 20156, Italia",45.4938377,9.1358746
Incontri,01-10-22,2022-10-01,"Via Villa Mirabello, Milano, MI",Villa Mirabello,A Milano il primo evento dedicato alla micro-imprenditoria femminile,https://www.milanotoday.it/eventi/incontro-villa-mirabello-imprenditoria-femminile.html,Formazione e networking,"Via Villa Mirabello, Maciachini - Maggiolina, Municipio 2, Milano, Lombardia, 20125, Italia",45.4973661,9.1980659
Spettacoli,01-10-22,2022-10-01,"Corso Buenos Aires 33,20124, Milano, MI,Italia",Elfo Puccini - sala Shakespeare,Un poyo rojo,https://www.teatro.it/spettacoli/milano/elfo-puccini-sala-shakespeare/2022-2023/un-poyo-rojo,Teatro e spettacolo,"Teatro Elfo Puccini, 33, Corso Buenos Aires, Buenos Aires - Venezia, Municipio 3, Milano, Lombardia, 20124, Italia",45.4794317,9.2098387
,02-10-22,2022-10-01,"Piazza Sempione, Milano, MI",Dazi doganali Sempione,"Mypersonaltrainer Days: due giorni dedicati alla salute, fitness e benessere",https://www.milanotoday.it/eventi/sport-parco-sempione.html,Non classificato,"Piazza Sempione, Parco Sempione, Municipio 1, Milano, Lombardia, Italia",45.4755976,9.1725451
,01-10-22,2022-10-01,"Via Lorenteggio, 50, Milano, MI","Via Lorenteggio, 50 Milano","Minions, Spiderman e Capitain America: a Milano apre un nuovo negozio di giocattoli per bambini",https://www.milanotoday.it/eventi/negozio-giocattoli-milano-festa-evento-bambini.html,Non classificato,"Via Lorenteggio, Giambellino, Municipio 6, Milano, Lombardia, 20147, Italia",45.4465925,9.1263542
Incontri,01-10-22,2022-10-01,"Via Giovanni Bellezza, 16a, Milano, MI",Arci Bellezza,"Cult live present: frisari, bivio, milanosport",https://www.milanotoday.it/eventi/cult-live-present-frisari-2022.html,Formazione e networking,"16a, Via Giovanni Bellezza, Vigentina, Municipio 5, Milano, Lombardia, 20136, Italia",45.4486728,9.1948474
,01-10-22,2022-10-01,"Via Rita Levi Montalcini, 4, Milano, MI",Campus Humanitas Univeristy,Euridice  - O i burattini di Caronte,https://www.milanotoday.it/eventi/euridice-o-i-burattini-di-caronte-2022.html,Non classificato,"Humanitas University, 4, Via Rita Levi Montalcini, Fizzonasco, Pieve Emanuele, Milano, Lombardia, 20089, Italia",45.3703426,9.171865
,01-10-22,2022-10-01,"Via Alessandro Manzoni, 56, Milano, MI",Dental Center Humanitas,Denti disallineati? Scopri la soluzione trasparente per correggerli. Il 1° ottobre presso il Dental Center di Humanitas Rozzano una giornata di Open Day dedicata all’ortodonzia trasparente,https://www.milanotoday.it/eventi/Open-Day-ortodonzia-trasparente.html,Non classificato,"56, Via Alessandro Manzoni, Paullo, Milano, Lombardia, 20067, Italia",45.4180966,9.4000575
Manifestazioni,02-10-22,2022-10-01,"Via Novegro, Milano, MI",Parco Esposizioni Novegro,Quattrozampeinfiera a Milano spegne le sue prime 10 candeline!,https://www.milanotoday.it/eventi/quattro-zampe-in-fiera-2022.html,Altri eventi,"Via Novegro, Novegro, Segrate, Milano, Lombardia, 20054, Italia",45.4688231,9.2825667
Incontri,02-10-22,2022-10-02,"Via Fametta, 1, Milano, MI",VILLA ARCONATI - FAR,Ridurre l'ineguaglianza  all'interno di e fra le nazioni,https://www.milanotoday.it/eventi/ridurre-l-ineguaglianza-2022.html,Formazione e networking,"1, Via Fametta, Via Trento, Castellazzo, Bollate, Milano, Lombardia, 20021, Italia",45.556757,9.0958021
Spettacoli,02-10-22,2022-10-02,"Via Alessandro Manzoni 42,20121, Milano, MI,Italia",Manzoni,Il Gruffalò,https://www.teatro.it/spettacoli/milano/manzoni/2022-2023/il-gruffalo,Teatro e spettacolo,"Teatro Manzoni, 42, Via Alessandro Manzoni, Cerchia dei Navigli, Municipio 1, Milano, Lombardia, 20121, Italia",45.4710286,9.1944762
Spettacoli,03-10-22,2022-10-03,"Viale dell'Innovazione 20,20126, Milano, MI,Italia",Arcimboldi,Negramaro - Unplugged European Tour 2022,https://www.teatro.it/spettacoli/milano/degli-arcimboldi/2022-2023/negramaro-unplugged-european-tour-2022,Teatro e spettacolo,"20, Viale dell'Innovazione, Bicocca, Municipio 9, Milano, Lombardia, 20125, Italia",45.5148696,9.2135963
Teatri,03-10-22,2022-10-03,"Corso di Porta Romana, 63, Milano, MI",Teatro Carcano,Roberto Saviano a teatro racconta la solitudine del coraggio,https://www.milanotoday.it/eventi/incontro-roberto-saviano-teatro-carcano.html,Teatro e spettacolo,"Teatro Carcano, 63, Corso di Porta Romana, Crocetta, Municipio 1, Milano, Lombardia, 20121, Italia",45.4566842,9.1955297
Spettacoli,04-10-22,2022-10-04,"Via Boltraffio 21,20159, Milano, MI,Italia",Fontana,L'operazione,https://www.teatro.it/spettacoli/milano/fontana/2022-2023/loperazione,Teatro e spettacolo,"21, Via Gian Antonio Boltraffio, Isola, Municipio 9, Milano, Lombardia, 20159, Italia",45.4921952,9.1878419
Mostre,12-10-22,2022-10-04,"Via Enrico Caviglia, 3, Milano, MI",Istituto Italiano di Fotografia,Mostra “Angolazione. la realtà che non conosci” di Elisabetta Bello,https://www.milanotoday.it/eventi/mostra-angolazione-elisabetta-bello.html,Arte e cultura,"3, Via Enrico Caviglia, Lodi - Corvetto, Municipio 4, Milano, Lombardia, 20139, Italia",45.4436084,9.2298198
Mostre,23-02-23,2022-10-04,"Piazza del Duomo, Milano, MI",Palazzo Reale,La prima mostra in Italia dedicata a Max Ernst,https://www.milanotoday.it/eventi/mostra-opere-max-ernst-palazzo-reale.html,Arte e cultura,"Piazza del Duomo, Duomo, Municipio 1, Milano, Lombardia, Italia",45.4639102,9.1906398
Mostre,23-02-23,2022-10-04,"Piazza del Duomo, Milano, MI",Palazzo Reale,La prima mostra in Italia dedicata a Max Ernst,https://www.milanotoday.it/eventi/mostra-opere-max-ernst-palazzo-reale.html,Arte e cultura,"Piazza del Duomo, Duomo, Municipio 1, Milano, Lombardia, Italia",45.4639102,9.1906398
Incontri,31-01-23,2022-10-04,"Via Gerolamo Tiraboschi, 2, Milano, MI",c|e contemporary,Brief encounter - keef charles,https://www.milanotoday.it/eventi/brief-encounter-keef-charles-keef-charles.html,Formazione e networking,"2, Via Gerolamo Tiraboschi, Porta Romana, Municipio 4, Milano, Lombardia, 20135, Italia",45.4520144,9.2086223
Incontri,31-01-23,2022-10-04,"Via Gerolamo Tiraboschi, 2, Milano, MI",c|e contemporary,Brief encounter - keef charles,https://www.milanotoday.it/eventi/brief-encounter-keef-charles-keef-charles.html,Formazione e networking,"2, Via Gerolamo Tiraboschi, Porta Romana, Municipio 4, Milano, Lombardia, 20135, Italia",45.4520144,9.2086223
Mostra,26-02-23,2022-10-04,"piazza Duomo, Milano, MI",Palazzo Reale,Max Ernst,,Arte e cultura,"Piazza del Duomo, Duomo, Municipio 1, Milano, Lombardia, Italia",45.4639102,9.1906398
Sport,31-12-25,2022-10-05,"Via Luigi Galvani, 23, Milano, MI",Palazzo Lombardia,"Palestra FitMi di Milano, come avere abbonamenti ed ingressi scontati",https://www.milanotoday.it/eventi/offerta-palestra-fitmi.html,Sport e attività fisica,"23, Via Luigi Galvani, Zona Industriale Via Alessandro Volta, Bonirola, Gaggiano, Unione dei Comuni I Fontanili, Milano, Lombardia, 20083, Italia",45.4097401,9.0481444
Mostre,26-10-22,2022-10-05,"Via Lovanio, 6, Milano, MI",Amy-d Arte Spazio,"""in_disciplinata"", mostra di Mariella Ghirardani",https://www.milanotoday.it/eventi/in_disciplinata-mostra-di-mariella-ghirardani-2022.html,Arte e cultura,"6, Via Lovanio, Brera, Municipio 1, Milano, Lombardia, 20121, Italia",45.4766942,9.1861782
Sport,31-12-25,2022-10-05,"Via Luigi Galvani, 23, Milano, MI",Palazzo Lombardia,"Palestra FitMi di Milano, come avere abbonamenti ed ingressi scontati",https://www.milanotoday.it/eventi/offerta-palestra-fitmi.html,Sport e attività fisica,"23, Via Luigi Galvani, Zona Industriale Via Alessandro Volta, Bonirola, Gaggiano, Unione dei Comuni I Fontanili, Milano, Lombardia, 20083, Italia",45.4097401,9.0481444
Concerti,07-10-22,2022-10-05,"Via Giuseppe di Vittorio, Milano, MI",Mediolanum Forum,"Marco Mengoni ""raddoppia"" al Forum di Assago con una nuova data del concerto",https://www.milanotoday.it/eventi/concerto-marco-mengoni-forum-assago.html,Musica e vita notturna,"Via Giuseppe Di Vittorio, Cascine Olona, Vighignolo, Settimo Milanese, Milano, Lombardia, 20019, Italia",45.4876868,9.0566303
Sport,31-12-25,2022-10-05,"Via Luigi Galvani, 23, Milano, MI",Palazzo Lombardia,"Palestra FitMi di Milano, come avere abbonamenti ed ingressi scontati",https://www.milanotoday.it/eventi/offerta-palestra-fitmi.html,Sport e attività fisica,"23, Via Luigi Galvani, Zona Industriale Via Alessandro Volta, Bonirola, Gaggiano, Unione dei Comuni I Fontanili, Milano, Lombardia, 20083, Italia",45.4097401,9.0481444
,12-11-22,2022-10-05,"Via Enrico Nöe, 23, Milano, MI",Ribot,Oren Pinhassi - Should we stay or should we go,https://www.milanotoday.it/eventi/oren-pinhassi-should-we-stay-or-should-2022.html,Non classificato,"23, Via Enrico Noë, Buenos Aires - Venezia, Municipio 3, Milano, Lombardia, 20131, Italia",45.4783842,9.2200317
Concerti,10-10-22,2022-10-05,"Via Giuseppe di Vittorio, Milano, MI",Mediolanum Forum,Il concerto di Marco Mengoni a Milano è (quasi) sold out: ecco l'unica data ancora libera,https://www.milanotoday.it/eventi/concerto-marco-mengoni-forum-assago-2022.html,Musica e vita notturna,"Via Giuseppe Di Vittorio, Cascine Olona, Vighignolo, Settimo Milanese, Milano, Lombardia, 20019, Italia",45.4876868,9.0566303
Manifestazioni,09-10-22,2022-10-06,"Viale Vittorio Veneto, 2, Milano, MI",Meet digital culture center,Vre Festival 2022,https://www.milanotoday.it/eventi/vre-festival-2022.html,Altri eventi,"Meet Digital Culture Center, 2, Viale Vittorio Veneto, Buenos Aires - Venezia, Municipio 3, Milano, Lombardia, 20124, Italia",45.4753303,9.2040729
Incontri,31-01-23,2022-10-06,"Via Niccolò Machiavelli, 30, Milano, MI",Archivio Agnetti,"Vincenzo Agnetti ""le stanze delle predizioni""",https://www.milanotoday.it/eventi/vincenzo-agnetti-le-stanze-2022.html,Formazione e networking,"30, Via Niccolò Machiavelli, Pagano, Municipio 1, Milano, Lombardia, 20145, Italia",45.4748304,9.1672299
Mostra,10-12-22,2022-10-06,"via Brera, 28, Milano, MI",Pinacoteca di Brera - Biblioteca Nazionale Braidense di Milano,Saul Steinberg - Up Close,,Arte e cultura,"Pinacoteca di Brera, 28, Via Brera, Cerchia dei Navigli, Municipio 1, Milano, Lombardia, 20121, Italia",45.4722421,9.1884071
Incontri,31-01-23,2022-10-06,"Via Niccolò Machiavelli, 30, Milano, MI",Archivio Agnetti,"Vincenzo Agnetti ""le stanze delle predizioni""",https://www.milanotoday.it/eventi/vincenzo-agnetti-le-stanze-2022.html,Formazione e networking,"30, Via Niccolò Machiavelli, Pagano, Municipio 1, Milano, Lombardia, 20145, Italia",45.4748304,9.1672299
Spettacoli,06-10-22,2022-10-06,"Via Lattanzio 58/A,20137, Milano, MI,Italia",deSidera Teatro Oscar,Fare un'anima,https://www.teatro.it/spettacoli/milano/oscar/2022-2023/fare-unanima,Teatro e spettacolo,"Teatro Oscar DeSidera, 58/A, Via Lattanzio, Umbria - Molise, Municipio 4, Milano, Lombardia, 20137, Italia",45.4523298,9.2167181
,08-10-22,2022-10-06,"Piazza Città di Lombardia, Milano, MI",Palazzo Lombardia,"“La Lombardia è dei giovani”, manifestazione di tre giorni dedicata agli under 35",https://www.milanotoday.it/eventi/evento-palazzo-lombardia.html,Non classificato,"Piazza Città di Lombardia, GARIBALDI REPUBBLICA, Municipio 9, Milano, Lombardia, 20124, Italia",45.4867209,9.1960553
Mostre,14-10-22,2022-10-06,"Via Enrico Caviglia, 3, Milano, MI",Istituto Italiano di Fotografia,Mostra collettiva “con tutto il cuore” a cura di Roberto Mutti,https://www.milanotoday.it/eventi/mostra-collettiva-2022.html,Arte e cultura,"3, Via Enrico Caviglia, Lodi - Corvetto, Municipio 4, Milano, Lombardia, 20139, Italia",45.4436084,9.2298198
Incontri,06-10-22,2022-10-06,"Piazza Adriano Olivetti, 1, Milano, MI",STEP FuturAbility District,“Intelligenza & artificiale: riflettere sul rapporto tra intelligenze umane e artificiali”,https://www.milanotoday.it/eventi/intelligenza-artificiale-2022.html,Formazione e networking,"Piazza Adriano Olivetti, Scalo Romana, Municipio 5, Milano, Lombardia, 20135, Italia",45.4431207,9.2043096
Disco&Feste,31-10-22,2022-10-07,"Via Rimini, 38, Milano, MI",Arca,"A Milano apre Arca, il nuovo regno dell'elettronica",https://www.milanotoday.it/eventi/locale-arca-musica-elettronica.html,Musica e vita notturna,"38, Via Rimini, San Cristoforo, Municipio 6, Milano, Lombardia, 20142, Italia",45.440858,9.1692032
Manifestazioni,08-10-22,2022-10-07,"Via Giulio Cesare Procaccini, 11, Milano, MI",Fabbrica del Vapore,"Wired Next Fest 2022, il programma e tutti gli ospiti presenti",https://www.milanotoday.it/eventi/wired-nex-fest-2022-programma.html,Altri eventi,"11, Via Giulio Cesare Procaccini, Sarpi, Porta Volta, Municipio 8 di Milano, Milano, Lombardia, 20154, Italia",45.4836754,9.1735545
Mostre,07-10-22,2022-10-07,"Via Giulio Natta, 11, Milano, MI",Associazione Italia Russia,Storia della Crimea,https://www.milanotoday.it/eventi/storia-della-crimea-aldo-ferrari-2022.html,Arte e cultura,"Milano Lampugnano, 11, Via Giulio Natta, Gallaratese, Lampugnano, Municipio 8 di Milano, Milano, Lombardia, 20151, Italia",45.4897938,9.1275658
,11-12-22,2022-10-07,"Via Circonvallazione Idroscalo, Milano, MI",Idroscalo,Arriva a Milano il circo più pericoloso del mondo,https://www.milanotoday.it/eventi/circo-no-limits-idroscalo.html,Non classificato,"Via Circonvallazione Idroscalo, Redecesio, Novegro, Segrate, Milano, Lombardia, 20054, Italia",45.469716,9.2854959
Teatri,08-10-22,2022-10-07,"Via Lattanzio, 58, Milano, MI",Teatro Oscar,"Giacomo Poretti a teatro in ""Chiedimi se sono di turno""",https://www.milanotoday.it/eventi/spettacolo-teatro-giacomo-poretti.html,Teatro e spettacolo,"Teatro Oscar DeSidera, 58/A, Via Lattanzio, Umbria - Molise, Municipio 4, Milano, Lombardia, 20137, Italia",45.4523298,9.2167181
Mostre,08-10-22,2022-10-08,"Via Michele Lessona, 70, Milano, MI",CasArché,"Arché live ""cercavi giustizia ma trovasti la legge""",https://www.milanotoday.it/eventi/arche-live-cercavi-giustizia-ma-trovasti-la-legge-2022.html,Arte e cultura,"Via Michele Lessona, Vialba, Quarto Oggiaro, Municipio 8 di Milano, Milano, Lombardia, 20157, Italia",45.515496,9.1361201
Incontri,08-10-22,2022-10-08,"Via Michele Lessona, 70, Milano, MI",CasArché,"Arché live 2022 ""cercavi giustizia ma trovasti la legge""",https://www.milanotoday.it/eventi/arche-live-2022-cercavi-giustizia-2022.html,Formazione e networking,"Via Michele Lessona, Vialba, Quarto Oggiaro, Municipio 8 di Milano, Milano, Lombardia, 20157, Italia",45.515496,9.1361201
Manifestazioni,10-10-22,2022-10-08,"Via Orobia, 15, Milano, MI",Fabbrica Orobia,Milano Golosa compie 10 anni e festeggia con un evento imperdibile,https://www.milanotoday.it/eventi/milano-golosa-fabbrica-orobia.html,Altri eventi,"15, Via Orobia, Scalo Romana, Municipio 5, Milano, Lombardia, 20135, Italia",45.4422389,9.2057239
Mostre,19-02-23,2022-10-08,"Via Tortona, 56, Milano, MI",Mudec - Museo delle Culture,Il Macchu Picchu e gli imperi d’oro del Perù protagonisti al Mudec,https://www.milanotoday.it/eventi/mostra-peru-mudec.html,Arte e cultura,"Mudec, 56, Via Tortona, Tortona, Municipio 6, Milano, Lombardia, 20144, Italia",45.4520455,9.1613185
,08-10-22,2022-10-08,"Via Fezzan, 11, Milano, MI",EcoTeatro,"Io Maria, lei Callas",https://www.milanotoday.it/eventi/io-maria-lei-callas-compagnia-tocnadanza.html,Non classificato,"EcoTeatro, 11, Via Fezzan, Bande Nere, Municipio 6, Milano, Lombardia, 20146, Italia",45.4592109,9.1459527
Visita Guidata,09-10-22,2022-10-08,"Via Senato, 10, Milano, MI",Archivio di Stato di Milano,Domenica di carta 2022,,Arte e cultura,"Archivio di Stato di Milano, 10, Via Senato, Guastalla, Municipio 1, Milano, Lombardia, 20121, Italia",45.4703017,9.1988675
Fiere,09-10-22,2022-10-08,"Via Mecenate, Milano, MI",East End Studios,"""Sneakerness"", a Milano l'evento con le sneaker rare (da comprare)",https://www.milanotoday.it/eventi/fiera-sneaker-scarpe.html,Mercati e shopping,"Via Mecenate, Mecenate, Municipio 4, Milano, Lombardia, 20059, Italia",45.4529888,9.2481173
Spettacoli,08-10-22,2022-10-08,"Via Lattanzio 58/A,20137, Milano, MI,Italia",deSidera Teatro Oscar,Chiedimi se sono di turno,https://www.teatro.it/spettacoli/milano/oscar/2022-2023/giacomo-poretti-chiedimi-se-sono-di-turno,Teatro e spettacolo,"Teatro Oscar DeSidera, 58/A, Via Lattanzio, Umbria - Molise, Municipio 4, Milano, Lombardia, 20137, Italia",45.4523298,9.2167181
Teatri,08-10-22,2022-10-08,"Via dell'Allodola, 5, Milano, MI","Teatro ""La Creta""",Profumo di tango,https://www.milanotoday.it/eventi/profumo-di-tango-elda-olivieri-2022.html,Teatro e spettacolo,"Via dell'Allodola, Lorenteggio, Municipio 6, Milano, Lombardia, 20147, Italia",45.454862,9.1195068
Cibo e Vino,08-10-22,2022-10-08,"Via Tortona, 27, Milano, MI",Superstudio Più,"Oltre 1500 vini italiani alla presentazione della nuova edizione della guida ""Slow Wine""",https://www.milanotoday.it/eventi/presentazione-guida-slow-wine.html,Enogastronomia,"D-share, 27, Via Tortona, Tortona, Municipio 6, Milano, Lombardia, 20144, Italia",45.4506925,9.1634708
Manifestazioni,31-10-22,2022-10-08,"Via Pio la Torre, 9, Milano, MI",,Le zucche delle meraviglie e il nuovo Pumpkin Patch a Vimodrone,https://www.milanotoday.it/eventi/campo-zucche-pumpkin-patch-vimodrone.html,Altri eventi,"9, Via Pio La Torre, Pozzuolo Martesana, Milano, Lombardia, 20060, Italia",45.5139753,9.4468584
Mostre,19-02-23,2022-10-08,"Via Tortona, 56, Milano, MI",Mudec - Museo delle Culture,Il Macchu Picchu e gli imperi d’oro del Perù protagonisti al Mudec,https://www.milanotoday.it/eventi/mostra-peru-mudec.html,Arte e cultura,"Mudec, 56, Via Tortona, Tortona, Municipio 6, Milano, Lombardia, 20144, Italia",45.4520455,9.1613185
Spettacoli,08-10-22,2022-10-08,"Piazza S. Magno,20025, Legnano, MI,Italia",Galleria,Maurizio Battista - Tutti contro tutti,https://www.teatro.it/spettacoli/legnano/galleria/2022-2023/maurizio-battista-tutti-contro-tutti,Teatro e spettacolo,"Piazza San Magno, San Magno, Oltresempione, Legnano, Milano, Lombardia, 20025, Italia",45.5945288,8.9180098
,08-10-22,2022-10-08,"Via Giovanni Cimabue, 24, Milano, MI",Campo XXV Aprile - Montagnetta di San Siro,Sabato 8 ottobre a Milano: ASICS Nature Bathing™ Day,https://www.milanotoday.it/eventi/asics-nature-bathing-day.html,Non classificato,"24, Via Giovanni Cimabue, Qt 8, QT8, Municipio 8 di Milano, Milano, Lombardia, 20148, Italia",45.4886985,9.1384792
,09-10-22,2022-10-09,"Via XXV Aprile, 4P, Milano, MI",Milano,Walk for life,https://www.milanotoday.it/eventi/walk-for-life-2022.html,Non classificato,"Via Venticinque Aprile, Triulzo Inferiore, Triulzo, San Donato Milanese, Milano, Lombardia, 20138, Italia",45.4293534,9.2707589
Incontri,09-10-22,2022-10-09,"Via Giuseppe Gabetti, 15, Milano, MI",mare culturale urbano,Nido sonoro,https://www.milanotoday.it/eventi/nido-sonoro-anna-pedrazzini-2022.html,Formazione e networking,"Cascina Torrette di Trenno, 15, Via Giuseppe Gabetti, Quartiere Vercellese, Forze Armate, Municipio 7, Milano, Lombardia, 20147, Italia",45.4687457,9.1240256
Spettacoli,09-10-22,2022-10-09,"Via Filodrammatici 2,20121, Milano, MI,Italia",Teatro Alla Scala,Concerto - Tugan Sokhiev,https://www.teatro.it/spettacoli/milano/teatro-alla-scala/2022-2023/concerto-tugan-sokhiev,Teatro e spettacolo,"2, Via Filodrammatici, Brera, Milano, Lombardia, 20121, Italia",45.4673781,9.188701
Convegno/conferenza,09-10-22,2022-10-09,"Via Senato, 10, Milano, MI",Archivio di Stato di Milano,Giovanni Verga a Milano (1872-1892): lo sguardo attento di un gentiluomo nella “Città più Città d’Italia”,,Formazione e networking,"Archivio di Stato di Milano, 10, Via Senato, Guastalla, Municipio 1, Milano, Lombardia, 20121, Italia",45.4703017,9.1988675
Sport,09-10-22,2022-10-09,"Piazza del Duomo, Milano, MI",,"Deejay Ten 2022, a Milano torna la maratona di Radio Deejay",https://www.milanotoday.it/eventi/deejay-ten-maratona-radio-deejay.html,Sport e attività fisica,"Piazza del Duomo, Duomo, Municipio 1, Milano, Lombardia, Italia",45.4639102,9.1906398
,09-10-22,2022-10-09,"Via Filodrammatici, Milano, MI",Teatro dei Filodrammatici,Il violinista e compositore federico mecozzi presenta dal vivo il nuovo album,https://www.milanotoday.it/eventi/il-violinista-e-compositore-federico-mecozzi-2022.html,Non classificato,"Via Filodrammatici, Brera, Municipio 1, Milano, Lombardia, 20121, Italia",45.4673403,9.1886109
Attività Didattica,09-10-22,2022-10-09,"via Brera, 28, Milano, MI",Pinacoteca di Brera - Biblioteca Nazionale Braidense di Milano,F@MU 2022 a BRERA la nuova guida MUSEOPERTUTTI,,Formazione e networking,"Pinacoteca di Brera, 28, Via Brera, Cerchia dei Navigli, Municipio 1, Milano, Lombardia, 20121, Italia",45.4722421,9.1884071
Mostre,06-11-22,2022-10-09,"Via Palestro, 14, Milano, MI",PAC - Padiglione d’arte contemporanea,"""Riscatti"", la mostra fotografica che entra nelle carceri di Milano",https://www.milanotoday.it/eventi/mostra-fotografica-riscatti-pac.html,Arte e cultura,"14, Via Palestro, Guastalla, Municipio 1, Milano, Lombardia, 20121, Italia",45.4729115,9.1995282
Incontri,09-10-22,2022-10-09,"Via Fametta, 1, Milano, MI",Villa Arconati-FAR,A Villa Arconati una speciale passeggiata con i pony,https://www.milanotoday.it/eventi/passeggiata-pony-villa-arconati.html,Formazione e networking,"1, Via Fametta, Via Trento, Castellazzo, Bollate, Milano, Lombardia, 20021, Italia",45.556757,9.0958021
Concerti,11-10-22,2022-10-11,"Via Filodrammatici, 2, Milano, MI",Teatro alla Scala,"""I Virtuosi"" in concerto alla Scala per Casa Sollievo Bimbi di Vidas",https://www.milanotoday.it/eventi/concerto-teatro-scala-beneficenza-vidas.html,Musica e vita notturna,"2, Via Filodrammatici, Brera, Milano, Lombardia, 20121, Italia",45.4673781,9.188701
Incontri,01-11-22,2022-10-11,"Alzaia Naviglio Pavese, 16, Milano, MI",Ex Fornace,Guerrino tramonti artista e ceramista: una mostra nel trentennale della scomparsa,https://www.milanotoday.it/eventi/guerrino-tramonti-artista-e-ceramista-2022.html,Formazione e networking,"16, Alzaia Naviglio Pavese, Navigli, Municipio 6, Milano, Lombardia, 20143, Italia",45.4500421,9.1774094
Incontri,01-11-22,2022-10-11,"Alzaia Naviglio Pavese, 16, Milano, MI",Ex Fornace,"Luce, materia e colore. Guerrino Tramonti a Milano nel trentennale della scomparsa",https://www.milanotoday.it/eventi/luce-materia-e-colore-guerrino-2022.html,Formazione e networking,"16, Alzaia Naviglio Pavese, Navigli, Municipio 6, Milano, Lombardia, 20143, Italia",45.4500421,9.1774094
Incontri,16-10-22,2022-10-12,"Via Mac Mahon, 16, Milano, MI",Teatro Out Off,Solo più un andirivieni. Passaggio da un altro ad un altro,https://www.milanotoday.it/eventi/solo-piu-un-andirivieni-2022.html,Formazione e networking,"Via Mac Mahon, Villapizzone, Ghisolfa, Municipio 8 di Milano, Milano, Lombardia, 20155, Italia",45.4944281,9.1571046
Mostre,12-10-22,2022-10-12,"Via Giuseppe Candiani, 72, Milano, MI",Politecnico di Milano,Gabriele Basilico: la cultura di un architetto fotografo,https://www.milanotoday.it/eventi/gabriele-basilico-la-cultura-di-un-architetto-fotografo.html,Arte e cultura,"Biblioteca Bovisa Candiani, 72, Via Giuseppe Candiani, Bovisa, Municipio 9, Milano, Lombardia, 20158, Italia",45.5052319,9.166787
Mostre,12-10-22,2022-10-12,"Via Giovanni Durando, 10, Milano, MI","Politecnico di Milano, Campus Bovisa, Aula Carlo De Carli",Gabriele Basilico: la cultura di un architetto fotografo,https://www.milanotoday.it/eventi/gabriele-basilico-2022.html,Arte e cultura,"10, Via Giovanni Durando, Bovisa, Municipio 9, Milano, Lombardia, 20158, Italia",45.50414,9.1642821
Mostre,13-10-22,2022-10-13,"Via Privata Passo Pordoi, 7/3, Milano, MI",Hub/Art,"Mostra collettiva ""Immagine. tempo""",https://www.milanotoday.it/eventi/mostra-collettiva-immagine-tempo-2022.html,Arte e cultura,"Via Passo Pordoi, Scalo Romana, Municipio 5, Milano, Lombardia, 20139, Italia",45.4364043,9.2092881
Teatri,07-01-23,2022-10-13,"Piazza Piemonte, Milano, MI",Teatro Nazionale CheBanca!,L'energia di Sister Act al Teatro Nazionale,https://www.milanotoday.it/eventi/musical-sister-act-teatro-nazionale.html,Teatro e spettacolo,"Piazza Piemonte, Washington, Municipio 7, Milano, Lombardia, 20149, Italia",45.466001,9.1548403
Teatri,07-01-23,2022-10-13,"Piazza Piemonte, Milano, MI",Teatro Nazionale CheBanca!,L'energia di Sister Act al Teatro Nazionale,https://www.milanotoday.it/eventi/musical-sister-act-teatro-nazionale.html,Teatro e spettacolo,"Piazza Piemonte, Washington, Municipio 7, Milano, Lombardia, 20149, Italia",45.466001,9.1548403
Concerti,13-10-22,2022-10-13,"Viale Lucania, 18, Milano, MI",Politeatro,Due ottave oltre il rosa,https://www.milanotoday.it/eventi/due-ottave-oltre-il-rosa-2022.html,Musica e vita notturna,"Viale Lucania, Lodi - Corvetto, Municipio 4, Milano, Lombardia, 20139, Italia",45.4430378,9.2239399
Incontri,12-11-22,2022-10-13,"Via Gaudenzio Ferrari, 3, Milano, MI",Almach Art Gallery,Astrazione a Milano - 1975 / 2021,https://www.milanotoday.it/eventi/astrazione-a-milano-1975-2021-2022.html,Formazione e networking,"Latterie 1952, 3, Via Gaudenzio Ferrari, Ticinese, Municipio 1, Milano, Lombardia, 20123, Italia",45.455937,9.1753978
Mostre,30-10-22,2022-10-14,"Via Giovanni Frova, 10, Milano, MI",Sale delle Quadrerie di Villa Ghirlanda Silva,Impronte in viaggio,https://www.milanotoday.it/eventi/impronte-in-viaggio-2022.html,Arte e cultura,"Museo di Fotografia Contemporanea, 10, Via Giovanni Frova, Borgo Primavera, Cinisello, Cinisello Balsamo, Zona Omogenea Milano Nord, Milano, Lombardia, 20092, Italia",45.557169,9.2156253
Manifestazioni,16-10-22,2022-10-14,"Piazza Anita Garibaldi, Milano, MI",Baggio,"La Sagra di Baggio con musica dal vivo, sport e divertimento",https://www.milanotoday.it/eventi/sagra-baggio-2022.html,Altri eventi,"Piazza Anita Garibaldi, Baggio, Municipio 7, Milano, Lombardia, 20153, Italia",45.4631692,9.0877003
Incontri,15-10-22,2022-10-14,"Via Rimini, 38, Milano, MI",Arca Milano,Fjaak - Milano3000,https://www.milanotoday.it/eventi/fjaak-milano3000-fjaak-2022.html,Formazione e networking,"38, Via Rimini, San Cristoforo, Municipio 6, Milano, Lombardia, 20142, Italia",45.440858,9.1692032
Teatri,24-10-22,2022-10-14,"Via Enrico Caviglia, 3, Milano, MI",Istituto Italiano di Fotografia,“Faroe. una finestra sul silenzio” di Sonia Santagostino,https://www.milanotoday.it/eventi/faroe-una-finestra-sul-silenzio.html,Teatro e spettacolo,"3, Via Enrico Caviglia, Lodi - Corvetto, Municipio 4, Milano, Lombardia, 20139, Italia",45.4436084,9.2298198
Concerti,14-10-22,2022-10-14,"Via Clerici, 10, Milano, MI",Circolo Filologico,Concerto della Concordia,https://www.milanotoday.it/eventi/concerto-della-concordia-2022.html,Musica e vita notturna,"10, Via Clerici, Brera, Municipio 1, Milano, Lombardia, 20121, Italia",45.4672554,9.1870791
Concerti,15-10-22,2022-10-15,"Via Valtellina, Milano, MI",Alcatraz Milano,Alan Walker in concerto all'Alcatraz. Orari e biglietti,https://www.milanotoday.it/eventi/concerto-alan-walker-alcatraz.html,Musica e vita notturna,"Via Valtellina, Farini, Municipio 9, Milano, Lombardia, 20159, Italia",45.4907327,9.1812435
Mercatini,15-10-22,2022-10-15,"Via Conte Rosso, Milano, MI",Lambrate,Il Sabato di Lambrate torna in città con la Festa d'Autunno,https://www.milanotoday.it/eventi/mercatino-sabato-lambrate-festa-autunno.html,Mercati e shopping,"Via Conte Rosso, Lambrate, Municipio 3, Milano, Lombardia, 20134, Italia",45.4819574,9.2426159
Concerti,16-10-22,2022-10-15,"Via Padova, 272, Milano, MI",Ex Cinema Club,Alzaya w/ young marco | ex cinema club district 272 Milano,https://www.milanotoday.it/eventi/alzaya-w-young-2022.html,Musica e vita notturna,"District 272, 272, Via Padova, Padova, Municipio 2, Milano, Lombardia, 20132, Italia",45.5075896,9.245293
Incontri,16-10-22,2022-10-15,"Via Moncucco, 35, Milano, MI",Superstudio Maxi,"Bimbinfiera 2022, a Milano torna l'appuntamento per famiglie e bambini",https://www.milanotoday.it/eventi/bimbi-in-fiera-superstudio.html,Formazione e networking,"35, Via Moncucco, San Cristoforo, Municipio 6, Milano, Lombardia, 20143, Italia",45.4388607,9.1668385
Mostre,17-10-22,2022-10-15,"Ripa di Porta Ticinese, 61, Milano, MI",Arcadia Art Gallery,Arte e calligrafia georgiana,https://www.milanotoday.it/eventi/arte-e-calligrafia-georgiana.html,Arte e cultura,"61, Ripa di Porta Ticinese, Navigli, Municipio 6, Milano, Lombardia, 20143, Italia",45.4508348,9.1710412
,15-10-22,2022-10-15,"Viale Lucania, 18, Milano, MI",Politeatro,"""Un'ultima notte ?"" al Politeatro di milano",https://www.milanotoday.it/eventi/teatro/un-ultima-notte-al-politeatro-di-milano.html,Non classificato,"Viale Lucania, Lodi - Corvetto, Municipio 4, Milano, Lombardia, 20139, Italia",45.4430378,9.2239399
Incontri,15-10-22,2022-10-15,"Via Giorgio Amendola, 3, Milano, MI",Teatri Arturo Toscanini Cascina Commenda,"“La musica del cuore”: evento musicale di Aido Segrate e di “radio free music web” con rea di “amici”, sergio sironi e nuovi talenti",https://www.milanotoday.it/eventi/la-musica-del-cuore-evento-2022.html,Formazione e networking,"3, Via Giorgio Amendola, Cascina Dugnana, Molino Ortolina, Pioltello, Milano, Lombardia, 20096, Italia",45.5038832,9.3275465
Teatri,23-10-22,2022-10-15,"Corso di Porta Romana, 63, Milano, MI",Teatro Carcano,"La magia del ""Sogno di una notte di mezza estate"" a teatro",https://www.milanotoday.it/eventi/sogno-notte-estate-teatro-carcano.html,Teatro e spettacolo,"Teatro Carcano, 63, Corso di Porta Romana, Crocetta, Municipio 1, Milano, Lombardia, 20121, Italia",45.4566842,9.1955297
Cibo e Vino,15-10-22,2022-10-15,"Via Bartolomeo Eustachi, 24, Milano, MI",BaoBar,Una serata tra Spritz e Bitter (gratis). Ecco dove,https://www.milanotoday.it/eventi/serata-degustazioni-baobar.html,Enogastronomia,"Via Bartolomeo Eustachi, Buenos Aires - Venezia, Municipio 3, Milano, Lombardia, 20129, Italia",45.475935,9.2148991
Spettacoli,16-10-22,2022-10-16,"Largo Antonio Greppi,20121, Milano, MI,Italia",Piccolo Teatro - Teatro Strehler,M il figlio del secolo,https://www.teatro.it/spettacoli/milano/piccolo-teatro-teatro-strehler/2022-2023/m-il-figlio-del-secolo,Teatro e spettacolo,"Largo Antonio Greppi, Cerchia dei Navigli, Municipio 1, Milano, Lombardia, 20121, Italia",45.471727,9.1826196
,16-10-22,2022-10-16,"Piazza del Duomo, Milano, MI",Duomo,A Milano sfilano i cani guida. Gli occhi di chi non può vedere,https://www.milanotoday.it/eventi/cani-guida-domenica-16-ottobre-2022.html,Non classificato,"Piazza del Duomo, Duomo, Municipio 1, Milano, Lombardia, Italia",45.4639102,9.1906398
Spettacoli,16-10-22,2022-10-16,"Via Andrea Maria Ampère 1,20131, Milano, MI,Italia",MTM - Leonardo,La cena dei cretini,https://www.teatro.it/spettacoli/milano/leonardo/2022-2023/la-cena-dei-cretini,Teatro e spettacolo,"Teatro Leonardo da Vinci, 1, Via Andrea Maria Ampère, Città Studi, Municipio 3, Milano, Lombardia, 20131, Italia",45.4795266,9.2263901
Spettacoli,16-10-22,2022-10-16,"Via Rovello 2,20121, Milano, MI,Italia",Piccolo Teatro - Teatro Grassi,Le memorie di Ivan Karamazov,https://www.teatro.it/spettacoli/milano/piccolo-teatro-teatro-grassi/2022-2023/le-memorie-di-ivan-karamazov,Teatro e spettacolo,"2, Via Rovello, Brera, Milano, Lombardia, 20121, Italia",45.4665188,9.1847651
Spettacoli,16-10-22,2022-10-16,"Via Larga 14,20122, Milano, MI,Italia",Lirico Giorgio Gaber,"MOMIX - alice, Alice, ALICE",https://www.teatro.it/spettacoli/milano/lirico-giorgio-gaber/2022-2023/momix-alice-alice-alice,Teatro e spettacolo,"Teatro Lirico Giorgio Gaber, 14, Via Larga, Cerchia dei Navigli, Municipio 1, Milano, Lombardia, 20122, Italia",45.4615135,9.1918702
Concerti,16-10-22,2022-10-16,"Via Giuseppe di Vittorio, 6, Milano, MI",Mediolanum Forum,Grignani torna in concerto a Milano al Mediolanum Forum,https://www.milanotoday.it/eventi/concerti/grignani-2022-milano.html,Musica e vita notturna,"6, Via Giuseppe Di Vittorio, Foramagno, Mezzate, Peschiera Borromeo, Milano, Lombardia, 20068, Italia",45.4355184,9.2889768
,16-10-22,2022-10-16,"Via Giulio Cesare Procaccini, 4, Milano, MI",Fabbrica del Vapore,A Milano ci sarà un villaggio dedicato ai bimbi dove giocheranno a fare i pompieri,https://www.milanotoday.it/eventi/villaggio-pompieri-informazioni-ottobre-2022.html,Non classificato,"4, Via Giulio Cesare Procaccini, Bullona, Porta Volta, Municipio 8 di Milano, Milano, Lombardia, 20154, Italia",45.4839945,9.1753796
Spettacoli,16-10-22,2022-10-16,"via Pitteri 58,20134, Milano, MI,Italia",Martinitt,Il prestito,https://www.teatro.it/spettacoli/milano/martinitt/2022-2023/il-prestito,Teatro e spettacolo,"Via Riccardo Pitteri, Lambrate, Municipio 3, Milano, Lombardia, 20134, Italia",45.4798362,9.2457864
Incontri,16-10-22,2022-10-16,"Via Mac Mahon, Milano, MI",Intera Via,Autunno in macmahon,https://www.milanotoday.it/eventi/autunno-in-macmahon-2022.html,Formazione e networking,"Via Mac Mahon, Ghisolfa, Municipio 8 di Milano, Milano, Lombardia, 20155, Italia",45.4889884,9.1645537
Spettacoli,16-10-22,2022-10-16,"Via Alessandro Manzoni 42,20121, Milano, MI,Italia",Manzoni,Santo Piacere,https://www.teatro.it/spettacoli/milano/manzoni/2022-2023/giovanni-scifoni-santo-piacere,Teatro e spettacolo,"Teatro Manzoni, 42, Via Alessandro Manzoni, Cerchia dei Navigli, Municipio 1, Milano, Lombardia, 20121, Italia",45.4710286,9.1944762
,16-10-22,2022-10-16,"Piazzale Cimitero Monumentale, 1, Milano, MI",Cimitero Monumentale di Milano,"Domenica 16 ottobre: ""Luci e ombre al Monumentale di Milano""",https://www.milanotoday.it/eventi/domenica-16-ottobre-monumentale.html,Non classificato,"Piazzale Cimitero Monumentale, Sarpi, Porta Volta, Municipio 8 di Milano, Milano, Lombardia, 20154, Italia",45.4845449,9.1765828
Spettacoli,16-10-22,2022-10-16,"Via Ciro Menotti 11,20129, Milano, MI,Italia",Menotti,Jackie,https://www.teatro.it/spettacoli/milano/menotti/2022-2023/jackie,Teatro e spettacolo,"Teatro Menotti, 11, Via Ciro Menotti, Buenos Aires - Venezia, Municipio 3, Milano, Lombardia, 20129, Italia",45.4699775,9.2131112
Incontri,16-10-22,2022-10-16,"Piazzale dello Sport, 16, Milano, MI",Ippodromo Snai San Siro,"Zucche, cavalli e trampoli: una giornata speciale all'Ippodromo",https://www.milanotoday.it/eventi/giornata-ippodromo-bambini.html,Formazione e networking,"Piazzale dello Sport, San Siro, Municipio 7, Milano, Lombardia, 20148, Italia",45.4804825,9.1291269
Concerti,17-10-22,2022-10-17,"Via Daniele Manin, 23, Milano, MI",Auditorium di Milano Fondazione Cariplo,Macy Gray in concerto a Milano. Orari e biglietti,https://www.milanotoday.it/eventi/concerto-macy-gray.html,Musica e vita notturna,"Fondazione Cariplo, 23, Via Daniele Manin, Brera, Municipio 1, Milano, Lombardia, 20121, Italia",45.4751524,9.1967459
Teatri,17-10-22,2022-10-17,"Corso di Porta Romana, 63, Milano, MI",Teatro Carcano,Daria Bignardi a teatro racconta i libri che le hanno rovinato la vita,https://www.milanotoday.it/eventi/incontro-daria-bignardi-carcano.html,Teatro e spettacolo,"Teatro Carcano, 63, Corso di Porta Romana, Crocetta, Municipio 1, Milano, Lombardia, 20121, Italia",45.4566842,9.1955297
Mostre,29-10-22,2022-10-17,"Viale Zara, 100, Milano, MI",Biblioteca zara,Mostra collettiva “iif per milano pride”,https://www.milanotoday.it/eventi/mostra-collettiva-iif-2022.html,Arte e cultura,"Biblioteca Comunale Zara, 100, Viale Zara, Maciachini - Maggiolina, Municipio 2, Milano, Lombardia, 20125, Italia",45.4972154,9.1960641
Teatri,30-10-22,2022-10-18,"Largo Greppi, 1, Milano, MI",Piccolo Teatro Strehler,"L'esilarante commedia ""Ditegli sempre di sì"" di Eduardo De Filippo a teatro",https://www.milanotoday.it/eventi/ditegli-sempre-di-si-spettacolo-piccolo-teatro.html,Teatro e spettacolo,"Largo Antonio Greppi, Cerchia dei Navigli, Municipio 1, Milano, Lombardia, 20121, Italia",45.471727,9.1826196
Teatri,23-10-22,2022-10-18,"Via Giorgio Vasari, 15, Milano, MI",Teatro Franco Parenti,"""Sid - Fin qui tutto bene"" a teatro racconta il tema dell'immigrazione",https://www.milanotoday.it/eventi/spettacolo-sid-franco-parenti.html,Teatro e spettacolo,"Via Giorgio Vasari, Porta Romana, Municipio 4, Milano, Lombardia, 20135, Italia",45.4542475,9.2073471
,24-10-22,2022-10-18,"Piazza Città di Lombardia, Milano, MI",,"Al via la quarta tappa del Road Show di Fili, uno dei più grandi progetti di rigenerazione urbana ed extraurbana in Europa",https://www.milanotoday.it/eventi/progetto-fili-quarta-tappa-ferrovie-nord-milano.html,Non classificato,"Piazza Città di Lombardia, GARIBALDI REPUBBLICA, Municipio 9, Milano, Lombardia, 20124, Italia",45.4867209,9.1960553
Concerti,19-10-22,2022-10-19,"Alzaia Naviglio Grande, 122, Milano, MI",Canottieri San Cristoforo,Il cantautore Fabrizio Consoli in concerto mercoledì 19 ottobre alla canottieri San Cristoforo,https://www.milanotoday.it/eventi/cantautore-fabrizio-consoli-2022.html,Musica e vita notturna,"122, Alzaia Naviglio Grande, Lorenteggio, Municipio 6, Milano, Lombardia, 20143, Italia",45.4479963,9.1561567
,29-10-22,2022-10-19,"Via Carlo Pisacane, 55, Milano, MI",ARS ANTIQUA SRL,Arte e cibo - L'evoluzione del gusto nell'arte antica,https://www.milanotoday.it/eventi/arte-e-cibo-l-evoluzione-del-gusto-2022.html,Non classificato,"Via Carlo Pisacane, Buenos Aires - Venezia, Municipio 3, Milano, Lombardia, 20129, Italia",45.468838,9.211228
Mostre,12-11-22,2022-10-19,"Via San Fermo, 19, Milano, MI",Spazio HUS,Plumcake,https://www.milanotoday.it/eventi/plumcake-plumcake-2022.html,Arte e cultura,"Via San Fermo, Baggio, Municipio 7, Villaggio Cavour, Settimo Milanese, Milano, Lombardia, 20019, Italia",45.4630575,9.0747604
Mostre,04-11-22,2022-10-20,"Viale Monza, 106, Milano, MI",Spazio Andrea Dall'Oglio,"Mostra fotografica ""le meraviglie del mondo sommerso""",https://www.milanotoday.it/eventi/mostra-fotografica-le-meraviglie-del-mondo.html,Arte e cultura,"Bar del 106, 106, Viale Monza, Padova, Municipio 2, Milano, Lombardia, 20127, Italia",45.4994863,9.2209167
Mostre,20-10-22,2022-10-20,"Via Costantino Baroni, 71, Milano, MI",Rsa Emmaus,Reminiscenza: proiezione fotografica di Andrea Cherchi presso rsa emmaus,https://www.milanotoday.it/eventi/reminiscenza-proiezione-fotografica.html,Arte e cultura,"71, Via Costantino Baroni, Gratosoglio, Municipio 5, Milano, Lombardia, 20142, Italia",45.4064571,9.1716959
Mostre,24-10-22,2022-10-20,"Via Privata Filippo Tommaso Marinetti, 2, Milano, MI",Lo Spazio,Vanità influente. Femminilità senza retoriche,https://www.milanotoday.it/eventi/vanita-influente-femminilita-senza-retoriche-2022.html,Arte e cultura,"2, Via privata Filippo Tommaso Marinetti, Padova, Municipio 2, Milano, Lombardia, 20127, Italia",45.4971406,9.2291684
Teatri,03-11-22,2022-10-20,"Piazza Venticinque Aprile, Milano, MI",Eataly Milano Smeraldo,Gli spettacoli di stand up comedy da Eataly Smeraldo,https://www.milanotoday.it/eventi/spettacoli-stand-up-comedy-eataly-smeraldo.html,Teatro e spettacolo,"Piazza Venticinque Aprile, Brera, Municipio 9, Milano, Lombardia, 20100, Italia",45.4807992,9.1874526
Spettacoli,20-10-22,2022-10-20,"Via Rovello 2,20121, Milano, MI,Italia",Piccolo Teatro - Teatro Grassi,Shakespearology,https://www.teatro.it/spettacoli/milano/piccolo-teatro-teatro-grassi/2022-2023/shakespearology,Teatro e spettacolo,"2, Via Rovello, Brera, Milano, Lombardia, 20121, Italia",45.4665188,9.1847651
Spettacoli,20-10-22,2022-10-20,"Via Rovello 2,20121, Milano, MI,Italia",Piccolo Teatro - Teatro Grassi,Overload,https://www.teatro.it/spettacoli/milano/piccolo-teatro-teatro-grassi/2022-2023/overload,Teatro e spettacolo,"2, Via Rovello, Brera, Milano, Lombardia, 20121, Italia",45.4665188,9.1847651
Teatri,30-10-22,2022-10-20,"Via Andrea Maria Ampère, 1, Milano, MI",Teatro Leonardo,Cirano di Bergerac - dal 20 al 30 ottobre 2022 - Teatro Leonardo di milano,https://www.milanotoday.it/eventi/cirano-di-bergerac-dal-20-al-30-ottobre-2022.html,Teatro e spettacolo,"Teatro Leonardo da Vinci, 1, Via Andrea Maria Ampère, Città Studi, Municipio 3, Milano, Lombardia, 20131, Italia",45.4795266,9.2263901
,20-10-22,2022-10-20,"Via Gaetano Pini, 9, Milano, MI",Presidio Ospedaliero Gaetano Pini | Aula Magna,"Covid e osteoporosi, cosa abbiamo imparato sulla prevenzione",https://www.milanotoday.it/eventi/covid-e-osteoporosi-2022.html,Non classificato,"Via Gaetano Pini, Vigentina, Municipio 1, Milano, Lombardia, 20122, Italia",45.4548291,9.1932673
,21-10-22,2022-10-21,"Via Achille Maiocchi, 15, Milano, MI",Maiocchi15,"Giant steps, mostra personale di Alessandro Curadi",https://www.milanotoday.it/eventi/giant-steps-mostra-personale-di-alessandro-curadi.html,Non classificato,"Via Achille Maiocchi, Buenos Aires - Venezia, Municipio 3, Milano, Lombardia, 20129, Italia",45.4754571,9.2138647
Incontri,21-10-22,2022-10-21,"Viale Brianza, 14, Milano, MI",Scuola Ciresola,Inquinamento dell’aria e salute dei bambini. Che fare?,https://www.milanotoday.it/eventi/inquinamento-aria-2022.html,Formazione e networking,"14, Viale Brianza, Loreto, Municipio 2, Milano, Lombardia, 20131, Italia",45.4876103,9.2135955
Disco&Feste,25-11-22,2022-10-21,"Via Privata Sartirana, 1, Milano, MI",Deus Cafè,Al Deus Cafè è l'ora del djset. La prima serata con Yokokono,https://www.milanotoday.it/eventi/serate-musica-deus-navigli.html,Musica e vita notturna,"1, Via privata Sartirana, Navigli, Municipio 6, Milano, Lombardia, 20144, Italia",45.452921,9.1709822
Manifestazioni,23-10-22,2022-10-21,"Viale Lodovico Scarampo, Milano, MI",Fieramilanocity,"Più di 500 artisti del tatuaggio, torna la Tattoo Convention",https://www.milanotoday.it/eventi/tattoo-convention-fiera.html,Altri eventi,"Viale Lodovico Scarampo, Portello, Municipio 8 di Milano, Milano, Lombardia, 20149, Italia",45.4814899,9.1504724
Mostre,26-03-23,2022-10-22,"Via Giulio Cesare Procaccini, 4, Milano, MI",Fabbrica del Vapore,"Andy Warhol torna a Milano con ""La pubblicità della forma""",https://www.milanotoday.it/eventi/mostre/andy-warhol-fabbrica-vapore.html,Arte e cultura,"4, Via Giulio Cesare Procaccini, Bullona, Porta Volta, Municipio 8 di Milano, Milano, Lombardia, 20154, Italia",45.4839945,9.1753796
Mostre,26-03-23,2022-10-22,"Via Giulio Cesare Procaccini, 4, Milano, MI",Fabbrica del Vapore,"Andy Warhol torna a Milano con ""La pubblicità della forma""",https://www.milanotoday.it/eventi/mostre/andy-warhol-fabbrica-vapore.html,Arte e cultura,"4, Via Giulio Cesare Procaccini, Bullona, Porta Volta, Municipio 8 di Milano, Milano, Lombardia, 20154, Italia",45.4839945,9.1753796
Incontri,22-10-22,2022-10-22,"Corso Venezia, 2/A, Milano, MI",Teatro San Babila,Ciak... si balla!,https://www.milanotoday.it/eventi/ciak-si-balla-fred-astaire-dance-studios-2022.html,Formazione e networking,"2a, Corso Venezia, Duomo, Municipio 1, Milano, Lombardia, 20121, Italia",45.4670204,9.1981104
,26-03-23,2022-10-22,"Via Giulio Cesare Procaccini, 4, Milano, MI",Fabbrica del Vapore,Andy Warhol,https://www.milanotoday.it/eventi/2022-alla-fabbrica-del-vapore-arriva-la-grande-mostra-andy-warhol-la-pubblicita-della-forma-andy-warhol.html,Non classificato,"4, Via Giulio Cesare Procaccini, Bullona, Porta Volta, Municipio 8 di Milano, Milano, Lombardia, 20154, Italia",45.4839945,9.1753796
Mostre,05-11-22,2022-10-22,"Via Aosta, 17, Milano, MI",Spazio espositivo,Sfarzi nascosti,https://www.milanotoday.it/eventi/sfarzi-nascosti-2022.html,Arte e cultura,"17, Via Aosta, Bullona, Ghisolfa, Municipio 8 di Milano, Milano, Lombardia, 20155, Italia",45.4920873,9.1657754
Mostre,26-11-22,2022-10-22,"Via Roma, 45, Milano, MI",Magenta,Alberi,https://www.milanotoday.it/eventi/alberi-ernesto-angelo-ubertiello-arcangelo-ciaurro.html,Arte e cultura,"45, Via Roma, Molino Ortolina, Pioltello, Milano, Lombardia, 20096, Italia",45.500319,9.3277849
,22-10-22,2022-10-22,"Via dell'Allodola, 5, Milano, MI","Teatro ""La Creta""",Passioni di donna,https://www.milanotoday.it/eventi/passioni-di-donna-alessandra-angela-2022.html,Non classificato,"Via dell'Allodola, Lorenteggio, Municipio 6, Milano, Lombardia, 20147, Italia",45.454862,9.1195068
Mostre,05-11-22,2022-10-22,"Via Aosta, 17, Milano, MI",Spazio espositivo,Sfarzi nascosti - Mostra fotografica,https://www.milanotoday.it/eventi/sfarzi-nascosti-mostra-fotografica-2022.html,Arte e cultura,"17, Via Aosta, Bullona, Ghisolfa, Municipio 8 di Milano, Milano, Lombardia, 20155, Italia",45.4920873,9.1657754
,26-03-23,2022-10-22,"Via Giulio Cesare Procaccini, 4, Milano, MI",Fabbrica del Vapore,Andy Warhol,https://www.milanotoday.it/eventi/2022-alla-fabbrica-del-vapore-arriva-la-grande-mostra-andy-warhol-la-pubblicita-della-forma-andy-warhol.html,Non classificato,"4, Via Giulio Cesare Procaccini, Bullona, Porta Volta, Municipio 8 di Milano, Milano, Lombardia, 20154, Italia",45.4839945,9.1753796
Teatri,23-10-22,2022-10-22,"Via Privata Antonio Meucci, 3, Milano, MI",Villa Pallavicini,Teatro in fasce,https://www.milanotoday.it/eventi/teatro/teatro-in-fasce-teatro-in-fasce.html,Teatro e spettacolo,"3, Via privata Antonio Meucci, Adriano, Municipio 2, Milano, Lombardia, 20132, Italia",45.509472,9.2468495
Spettacoli,22-10-22,2022-10-22,"Piazza S. Magno,20025, Legnano, MI,Italia",Galleria,PFM ON TOUR,https://www.teatro.it/spettacoli/legnano/galleria/2022-2023/pfm-1972-2022,Teatro e spettacolo,"Piazza San Magno, San Magno, Oltresempione, Legnano, Milano, Lombardia, 20025, Italia",45.5945288,8.9180098
Mostra,08-01-23,2022-10-22,"piazza Duomo, Milano, MI",Palazzo Reale,Le tre Pietà di Michelangelo - Tre calchi storici per la Sala delle Cariatidi,,Arte e cultura,"Piazza del Duomo, Duomo, Municipio 1, Milano, Lombardia, Italia",45.4639102,9.1906398
Mostra,26-03-23,2022-10-22,"via Giulio Procaccini, 4, Milano, MI",Fabbrica del Vapore - Spazio Messina -,Andy Warhol. La pubblicità della forma,,Arte e cultura,"4, Via Giulio Cesare Procaccini, Bullona, Porta Volta, Municipio 8 di Milano, Milano, Lombardia, 20154, Italia",45.4839945,9.1753796
Spettacoli,22-10-22,2022-10-22,"Via Hermada,8,20162, Milano, MI,Italia",della Cooperativa,Gorla fermata Gorla,https://www.teatro.it/spettacoli/milano/della-cooperativa/2022-2023/gorla-fermata-gorla,Teatro e spettacolo,"8, Via privata Hermada, Niguarda - Cà Granda, Municipio 9, Milano, Lombardia, 20162, Italia",45.5147872,9.1901457
Spettacoli,23-10-22,2022-10-23,"Corso Buenos Aires,33,20124, Milano, MI,Italia",Teatro Elfo Puccini - sala Fassbinder,La notte di Antigone,https://www.teatro.it/spettacoli/milano/teatro-elfo-puccini-sala-fassbinder/2022-2023/la-notte-di-antigone,Teatro e spettacolo,"Teatro Elfo Puccini, 33, Corso Buenos Aires, Buenos Aires - Venezia, Municipio 3, Milano, Lombardia, 20124, Italia",45.4794317,9.2098387
Spettacoli,23-10-22,2022-10-23,"Via Pier Lombardo 14,20135, Milano, MI,Italia",Franco Parenti - Sala Blu,Sid - Fin qui tutto bene,https://www.teatro.it/spettacoli/milano/franco-parenti-sala-acomea/2022-2023/sid-fin-qui-tutto-bene,Teatro e spettacolo,"Via Pier Lombardo, Porta Romana, Municipio 4, Milano, Lombardia, 20135, Italia",45.4542958,9.2063109
Spettacoli,23-10-22,2022-10-23,"Via Ciro Menotti 11,20129, Milano, MI,Italia",Menotti,Einstein & Me,https://www.teatro.it/spettacoli/milano/menotti/2022-2023/einstein-me,Teatro e spettacolo,"Teatro Menotti, 11, Via Ciro Menotti, Buenos Aires - Venezia, Municipio 3, Milano, Lombardia, 20129, Italia",45.4699775,9.2131112
Manifestazioni,23-10-22,2022-10-23,"Via per San Giorgio su Legnano, 51, Milano, MI",Parco Castello,Smielegnano: festa della smielatura,https://www.milanotoday.it/eventi/smielegnano-festa-della-smielatura.html,Altri eventi,"51, Via per San Giorgio su Legnano, Costa di San Giorgio, Legnano, Milano, Lombardia, 20025, Italia",45.5820658,8.9201099
Spettacoli,23-10-22,2022-10-23,"Via Lattanzio 58/A,20137, Milano, MI,Italia",deSidera Teatro Oscar,Mistero buffo,https://www.teatro.it/spettacoli/milano/oscar/2022-2023/mistero-buffo,Teatro e spettacolo,"Teatro Oscar DeSidera, 58/A, Via Lattanzio, Umbria - Molise, Municipio 4, Milano, Lombardia, 20137, Italia",45.4523298,9.2167181
Concerti,23-10-22,2022-10-23,"Via Filodrammatici, 2, Milano, MI",Teatro La Scala,Le prove aperte della Filarmonica della Scala a favore di LILT,https://www.milanotoday.it/eventi/prove-aperte-teatro-la-scala.html,Musica e vita notturna,"2, Via Filodrammatici, Brera, Milano, Lombardia, 20121, Italia",45.4673781,9.188701
Spettacoli,23-10-22,2022-10-23,"via Pier Lombardo,14,20135, Milano, MI,Italia",Franco Parenti - Sala Grande,Il malato immaginario,https://www.teatro.it/spettacoli/milano/franco-parenti-sala-grande/2022-2023/il-malato-immaginario,Teatro e spettacolo,"Via Pier Lombardo, Porta Romana, Municipio 4, Milano, Lombardia, 20135, Italia",45.4542958,9.2063109
Manifestazioni,23-10-22,2022-10-23,"Via Privata della Braida, 5, Milano, MI",GreenParlor,A Milano il primo Repair Day Contest Europeo,https://www.milanotoday.it/eventi/giornata-riparazione.html,Altri eventi,"5, Via privata della Braida, Guastalla, Municipio 1, Milano, Lombardia, 20122, Italia",45.4543754,9.2020833
Sport,23-10-22,2022-10-23,"Piazza Sempione, Milano, MI",Arco della Pace,"Walking Day 2022, torna la camminata aperta a tutti",https://www.milanotoday.it/eventi/walking-day-2022.html,Sport e attività fisica,"Piazza Sempione, Parco Sempione, Municipio 1, Milano, Lombardia, Italia",45.4755976,9.1725451
Spettacoli,23-10-22,2022-10-23,"Corso di Porta Romana 63,20122, Milano, MI,Italia",Carcano,Sogno di una notte di mezza estate,https://www.teatro.it/spettacoli/milano/carcano/2022-2023/sogno-di-una-notte-di-mezza-estate,Teatro e spettacolo,"Teatro Carcano, 63, Corso di Porta Romana, Crocetta, Municipio 1, Milano, Lombardia, 20121, Italia",45.4566842,9.1955297
Spettacoli,23-10-22,2022-10-23,"Via Rovello 2,20121, Milano, MI,Italia",Piccolo Teatro - Teatro Grassi,L'Angelo della storia,https://www.teatro.it/spettacoli/milano/piccolo-teatro-teatro-grassi/2022-2023/langelo-della-storia,Teatro e spettacolo,"2, Via Rovello, Brera, Milano, Lombardia, 20121, Italia",45.4665188,9.1847651
Incontri,23-10-22,2022-10-23,"Piazza Venticinque Aprile, 8, Milano, MI",Anteo Palazzo del Cinema,Gli antichi teatri di Milano al palazzo del cinema,https://www.milanotoday.it/eventi/gli-antichi-teatri-2022.html,Formazione e networking,"Anteo Spazio Cinema, 8, Piazza Venticinque Aprile, Brera, Municipio 1, Milano, Lombardia, 20121, Italia",45.4800568,9.1877898
,23-10-22,2022-10-23,"Via Giulio Cesare Procaccini, 4, Milano, MI",Fabbrica del Vapore,"Con Museofarfalla la fisica e l'astrofisica sono un gioco da bambini... con ""hack, che fisica!""",https://www.milanotoday.it/eventi/museofarfalla-fisica-2022.html,Non classificato,"4, Via Giulio Cesare Procaccini, Bullona, Porta Volta, Municipio 8 di Milano, Milano, Lombardia, 20154, Italia",45.4839945,9.1753796
Spettacoli,23-10-22,2022-10-23,"Via Pier Lombardo 14,20135, Milano, MI,Italia",Franco Parenti - Sala Blu,D.E.O. ex macchina,https://www.teatro.it/spettacoli/milano/franco-parenti-sala-acomea/2022-2023/deo-ex-machina,Teatro e spettacolo,"Via Pier Lombardo, Porta Romana, Municipio 4, Milano, Lombardia, 20135, Italia",45.4542958,9.2063109
Spettacoli,23-10-22,2022-10-23,"Viale dell'Innovazione 20,20126, Milano, MI,Italia",Arcimboldi,Rocky Horror Show,https://www.teatro.it/spettacoli/milano/degli-arcimboldi/2022-2023/rocky-horror-show,Teatro e spettacolo,"20, Viale dell'Innovazione, Bicocca, Municipio 9, Milano, Lombardia, 20125, Italia",45.5148696,9.2135963
Incontri,15-05-23,2022-10-24,"Corso Magenta, 24, Milano, MI",Teatro Litta,Apollo e Dioniso,https://www.milanotoday.it/eventi/apollo-e-dioniso-emanuele-ferrari-2022.html,Formazione e networking,"Soprintendenza Archeologia, Belle Arti e Paesaggio per la Città Metropolitana  di Milano, 24, Corso Magenta, Cerchia dei Navigli, Municipio 1, Milano, Lombardia, 20123, Italia",45.4661897,9.1783767
Inaugurazione,24-10-22,2022-10-24,"via Brera, 28, Milano, MI",Pinacoteca di Brera,Parliamo di LICINI: incontro inaugurale del X Dialogo dedicato agli Angeli Ribelli di Osvaldo Licini,,Inaugurazioni,"Pinacoteca di Brera, 28, Via Brera, Cerchia dei Navigli, Municipio 1, Milano, Lombardia, 20121, Italia",45.4722421,9.1884071
Incontri,15-05-23,2022-10-24,"Corso Magenta, 24, Milano, MI",Teatro Litta,Apollo e Dioniso,https://www.milanotoday.it/eventi/apollo-e-dioniso-emanuele-ferrari-2022.html,Formazione e networking,"Soprintendenza Archeologia, Belle Arti e Paesaggio per la Città Metropolitana  di Milano, 24, Corso Magenta, Cerchia dei Navigli, Municipio 1, Milano, Lombardia, 20123, Italia",45.4661897,9.1783767
Spettacoli,25-10-22,2022-10-25,"Via Rivoli 6,20121, Milano, MI,Italia",Piccolo Teatro - Studio Melato,Hamlet,https://www.teatro.it/spettacoli/milano/piccolo-teatro-studio-melato/2022-2023/hamlet,Teatro e spettacolo,"6, Via Rivoli, Brera, Municipio 1, Milano, Lombardia, 20121, Italia",45.4726093,9.182881
Concerti,29-11-22,2022-10-25,"Via Giuseppe Gabetti, 15, Milano, MI",Mare Culturale Urbano,Ogni settimana a mare culturale urbano c’è “il jazz a mare”: martedì 25 ottobre elettronica e sperimentazione con il sax di riccardo sala,https://www.milanotoday.it/eventi/ogni-settimana-a-mare-culturale-urbano-2022.html,Musica e vita notturna,"Cascina Torrette di Trenno, 15, Via Giuseppe Gabetti, Quartiere Vercellese, Forze Armate, Municipio 7, Milano, Lombardia, 20147, Italia",45.4687457,9.1240256
Teatri,30-10-22,2022-10-25,"Via Giorgio Vasari, 15, Milano, MI",Teatro Franco Parenti,"""D.E.O. ex machina"" con Antonio Cornacchione a teatro",https://www.milanotoday.it/eventi/spettacolo-deo-ex-machina-franco-parenti.html,Teatro e spettacolo,"Via Giorgio Vasari, Porta Romana, Municipio 4, Milano, Lombardia, 20135, Italia",45.4542475,9.2073471
Spettacoli,25-10-22,2022-10-25,"vicolo Fiume 4,20092, Cinisello Balsamo, MI,Italia",Pax,Chiedimi se sono di turno,https://www.teatro.it/spettacoli/cinisello-balsamo/pax/2022-2023/giacomo-poretti-chiedimi-se-sono-di-turno,Teatro e spettacolo,"CineTeatro Pax, 4, Vicolo Fiume, Cinisello, Cinisello Balsamo, Zona Omogenea Milano Nord, Milano, Lombardia, 20092, Italia",45.5564874,9.2169118
Mostra,25-10-22,2022-10-25,"via Brera, 28, Milano, MI",Pinacoteca di Brera,Gli Angeli ribelli di Osvaldo Licini e i dipinti nascosti,,Arte e cultura,"Pinacoteca di Brera, 28, Via Brera, Cerchia dei Navigli, Municipio 1, Milano, Lombardia, 20121, Italia",45.4722421,9.1884071
Teatri,30-10-22,2022-10-25,"Corso di Porta Romana, 63, Milano, MI",Teatro Carcano,Un Otello interamente al femminile a teatro,https://www.milanotoday.it/eventi/spettacolo-otello-carcano.html,Teatro e spettacolo,"Teatro Carcano, 63, Corso di Porta Romana, Crocetta, Municipio 1, Milano, Lombardia, 20121, Italia",45.4566842,9.1955297
Teatri,13-11-22,2022-10-25,"Corso di Porta Romana, Milano, MI",Teatro Carcano,"Medea, Antigone ed Elena. Una trilogia al femminile nei teatri di Milano",https://www.milanotoday.it/eventi/una-trilogia-tutta-al-femminile-a-teatro.html,Teatro e spettacolo,"Corso di Porta Romana, Cerchia dei Navigli, Municipio 1, Milano, Lombardia, 20122, Italia",45.4601964,9.1889416
Incontri,01-12-22,2022-10-27,"Via Ambrogio Spinola, 8a, Milano, MI",Dellupi Arte,Karel appel - Enrico Baj,https://www.milanotoday.it/eventi/karel-appel-enrico-baj-karel-2022.html,Formazione e networking,"Via Ambrogio Spinola, Tre Torri, Municipio 8 di Milano, Milano, Lombardia, 20149, Italia",45.4754112,9.1533068
Incontri,28-10-22,2022-10-27,"Via Conte Rosso, Milano, MI",REDROOM,"Halloween 2022, il pop up store a tema horror",https://www.milanotoday.it/eventi/negozio-halloween-sabato-lambrate.html,Formazione e networking,"Via Conte Rosso, Lambrate, Municipio 3, Milano, Lombardia, 20134, Italia",45.4819574,9.2426159
,27-10-22,2022-10-27,"Piazza Adriano Olivetti, 1, Milano, MI",STEP FuturAbility District,"""Ai per lo sviluppo sostenibile""  workshop a cura di Emanuela Girardi",https://www.milanotoday.it/eventi/ai-per-lo-sviluppo-sostenibile-2022.html,Non classificato,"Piazza Adriano Olivetti, Scalo Romana, Municipio 5, Milano, Lombardia, 20135, Italia",45.4431207,9.2043096
,27-10-22,2022-10-27,"Via Pasquale Sottocorno, 27, Milano, MI",Art Luxury,Mostra nazione Artechnology,https://www.milanotoday.it/eventi/mostra-nazione-artechnology-ivan-cattaneo-2022.html,Non classificato,"Ricci Osteria, 27, Via Pasquale Sottocorno, XXII Marzo, Municipio 4, Milano, Lombardia, 20129, Italia",45.4662072,9.2119112
Mostre,26-11-22,2022-10-27,"Via Brera, 2, Milano, MI",Galleria Ponte Rosso,Paolo Paradiso paradise is here,https://www.milanotoday.it/eventi/paolo-paradiso-2022.html,Arte e cultura,"Valstar, 2, Via Brera, Brera, Milano, Lombardia, 20121, Italia",45.4693543,9.1882354
Concerti,27-10-22,2022-10-27,"Via Don Bosco, 10, Milano, MI",Chiesa di San Luigi Gonzaga,Bach e il novecento - Concerto ensemble archetipi -13 novembre 20.30,https://www.milanotoday.it/eventi/concerti/bach-e-il-novecento-2022.html,Musica e vita notturna,"10, Via Don Giovanni Bosco, Liscate, Milano, Lombardia, 20050, Italia",45.4765247,9.4106122
Mostre,19-11-22,2022-10-27,"Via Pietro Borsieri, 12, Milano, MI",Key Gallery,“Io” - questione di dettagli  - personale di Emiliano Salvetti,https://www.milanotoday.it/eventi/io-questione-di-dettagli-2022.html,Arte e cultura,"Bar Guadagni, 12, Via Pietro Borsieri, Isola, Municipio 9, Milano, Lombardia, 20159, Italia",45.4867002,9.1887446
Disco&Feste,31-10-22,2022-10-28,"Piazza Città di Lombardia, Milano, MI",Piazza Città di Lombardia,Una speciale festa di Halloween con lo Zoo di 105,https://www.milanotoday.it/eventi/festa-halloween-zoo-radio-105.html,Musica e vita notturna,"Piazza Città di Lombardia, GARIBALDI REPUBBLICA, Municipio 9, Milano, Lombardia, 20124, Italia",45.4867209,9.1960553
Teatri,20-11-22,2022-10-28,"Viale Corsica, 68, Milano, MI",Teatro Kolbe,"Al teatro Kolbe di Milano la commedia  ""l'enigma della donna scomparsa""",https://www.milanotoday.it/eventi/al-teatro-kolbe-di-2022.html,Teatro e spettacolo,"Viale Corsica, Corsica, Municipio 4, Milano, Lombardia, 20135, Italia",45.4618209,9.2353936
Sport,30-10-22,2022-10-29,"Piazza Sempione, Milano, MI",Arco della Pace,"Al via ""Run For Inclusion"", la prima corsa che celebra i valori di inclusività e diversity",https://www.milanotoday.it/eventi/run-for-inclusion-2022.html,Sport e attività fisica,"Piazza Sempione, Parco Sempione, Municipio 1, Milano, Lombardia, Italia",45.4755976,9.1725451
,30-10-22,2022-10-29,"Via Giuseppe Gabetti, 15, Milano, MI",Mare Culturale Urbano,Halloween a misura di famiglia da mare culturale urbano,https://www.milanotoday.it/eventi/halloween-mare-culturale-urbano.html,Non classificato,"Cascina Torrette di Trenno, 15, Via Giuseppe Gabetti, Quartiere Vercellese, Forze Armate, Municipio 7, Milano, Lombardia, 20147, Italia",45.4687457,9.1240256
Mostre,20-11-22,2022-10-29,"Via Sant'Uguzzone, 26, Milano, MI",Un villaggio differente,Enea Toldo – I'd be more dirty if i could,https://www.milanotoday.it/eventi/enea-toldo-2022.html,Arte e cultura,"Via Sant'Uguzzone, Viale Monza, Municipio 2, Milano, Lombardia, 20126, Italia",45.5205162,9.2262933
Incontri,31-10-22,2022-10-29,"Via Pio la Torre, 9, Milano, MI",Garden Steflor,Un Halloween americano nel campo di zucche di Agricola delle Meraviglie,https://www.milanotoday.it/eventi/halloween-campo-zucche-vimodrone.html,Formazione e networking,"9, Via Pio La Torre, Pozzuolo Martesana, Milano, Lombardia, 20060, Italia",45.5139753,9.4468584
Fitness,30-10-22,2022-10-29,"Piazza Sempione, Milano, MI","Arco della Pace, Piazza Sempione, 20154 Milano (MI)",Run For Inclusion,https://www.milanotoday.it/eventi/Run-For-Inclusion.html,Sport e attività fisica,"Piazza Sempione, Parco Sempione, Municipio 1, Milano, Lombardia, Italia",45.4755976,9.1725451
Spettacoli,29-10-22,2022-10-29,"Viale dell'Innovazione 20,20126, Milano, MI,Italia",Arcimboldi,Luca Ravenna,https://www.teatro.it/spettacoli/milano/degli-arcimboldi/2022-2023/luca-ravenna,Teatro e spettacolo,"20, Viale dell'Innovazione, Bicocca, Municipio 9, Milano, Lombardia, 20125, Italia",45.5148696,9.2135963
Spettacoli,30-10-22,2022-10-30,"Largo Antonio Greppi,20121, Milano, MI,Italia",Piccolo Teatro - Teatro Strehler,Ditegli sempre di sì,https://www.teatro.it/spettacoli/milano/piccolo-teatro-teatro-strehler/2022-2023/ditegli-sempre-di-si,Teatro e spettacolo,"Largo Antonio Greppi, Cerchia dei Navigli, Municipio 1, Milano, Lombardia, 20121, Italia",45.471727,9.1826196
Incontri,30-10-22,2022-10-30,"Largo Antonio Ghiringhelli, Milano, MI",Teatro alla Scala di Milano,Visita guidata alla Scala,https://www.milanotoday.it/eventi/domenica-30-ottobre-musica-maestro-visita-2022.html,Formazione e networking,"Largo Antonio Ghiringhelli, Brera, Municipio 1, Milano, Lombardia, 20121, Italia",45.4671369,9.1893471
Spettacoli,30-10-22,2022-10-30,"Via Eugenio Villoresi,26,20146, Milano, MI,Italia",Linguaggi creativi,Zelda,https://www.teatro.it/spettacoli/milano/linguaggi-creativi/2022-2023/zelda,Teatro e spettacolo,"26, Via Eugenio Villoresi, Navigli, Municipio 6, Milano, Lombardia, 20143, Italia",45.4464507,9.1637223
Spettacoli,30-10-22,2022-10-30,"Via Alessandro Manzoni 42,20121, Milano, MI,Italia",Manzoni,Il marito invisibile,https://www.teatro.it/spettacoli/milano/manzoni/2022-2023/il-marito-invisibile,Teatro e spettacolo,"Teatro Manzoni, 42, Via Alessandro Manzoni, Cerchia dei Navigli, Municipio 1, Milano, Lombardia, 20121, Italia",45.4710286,9.1944762
Disco&Feste,30-10-22,2022-10-30,"Via Bergognone, 34, Milano, MI",Base Milano,La festa di Jägermeister da Base,https://www.milanotoday.it/eventi/festa-jagermeister-base.html,Musica e vita notturna,"Wikimedia Italia, 34, Via Bergognone Da Fossano, Tortona, Municipio 6, Milano, Lombardia, 20144, Italia",45.4518657,9.1625146
Spettacoli,30-10-22,2022-10-30,"via Pier Lombardo,14,20135, Milano, MI,Italia",Franco Parenti - Sala Grande,A spasso con Daisy,https://www.teatro.it/spettacoli/milano/franco-parenti-sala-grande/2022-2023/a-spasso-con-daisy,Teatro e spettacolo,"Via Pier Lombardo, Porta Romana, Municipio 4, Milano, Lombardia, 20135, Italia",45.4542958,9.2063109
Spettacoli,30-10-22,2022-10-30,"Via Lattanzio 58/A,20137, Milano, MI,Italia",deSidera Teatro Oscar,Slot machine,https://www.teatro.it/spettacoli/milano/oscar/2022-2023/slot-machine,Teatro e spettacolo,"Teatro Oscar DeSidera, 58/A, Via Lattanzio, Umbria - Molise, Municipio 4, Milano, Lombardia, 20137, Italia",45.4523298,9.2167181
Spettacoli,30-10-22,2022-10-30,"via Filodrammatici,1,20121, Milano, MI,Italia",Filodrammatici,N.E.R.D.s. - Sintomi,https://www.teatro.it/spettacoli/milano/filodrammatici/2022-2023/nerds-sintomi,Teatro e spettacolo,"Teatro dei Filodrammatici, 1, Via Filodrammatici, Brera, Municipio 1, Milano, Lombardia, 20121, Italia",45.467261,9.188435
Spettacoli,30-10-22,2022-10-30,"Corso Venezia 2/A,20121, Milano, MI,Italia",San Babila,Non ti scordar di me,https://www.teatro.it/spettacoli/milano/san-babila/2022-2023/non-ti-scordar-di-me,Teatro e spettacolo,"2a, Corso Venezia, Duomo, Municipio 1, Milano, Lombardia, 20121, Italia",45.4670204,9.1981104
Spettacoli,30-10-22,2022-10-30,"Via Hermada,8,20162, Milano, MI,Italia",della Cooperativa,Ottobre 22,https://www.teatro.it/spettacoli/milano/della-cooperativa/2022-2023/ottobre-22,Teatro e spettacolo,"8, Via privata Hermada, Niguarda - Cà Granda, Municipio 9, Milano, Lombardia, 20162, Italia",45.5147872,9.1901457
Incontri,30-10-22,2022-10-30,"Ripa di Porta Ticinese, 83, Milano, MI",Combo,"Mubi x combo - Proiezione di lamb, valdimar jóhannsson",https://www.milanotoday.it/eventi/mubi-x-combo-proiezione-2022.html,Formazione e networking,"83, Ripa di Porta Ticinese, Navigli, Municipio 6, Milano, Lombardia, 20143, Italia",45.4497471,9.1668745
Spettacoli,31-10-22,2022-10-31,"Piazza S. Magno,20025, Legnano, MI,Italia",Galleria,PINTUS - Bau,https://www.teatro.it/spettacoli/legnano/galleria/2022-2023/angelo-pintus-bau,Teatro e spettacolo,"Piazza San Magno, San Magno, Oltresempione, Legnano, Milano, Lombardia, 20025, Italia",45.5945288,8.9180098
Incontri,31-10-22,2022-10-31,"Via Enrico Besana, 12, Milano, MI",MUBA – Museo dei Bambini di Milano,Al Muba una serata speciale di Halloween per giocare con il pongo,https://www.milanotoday.it/eventi/serata-pongo-besana.html,Formazione e networking,"MUBA - Museo dei Bambini, 12, Via Enrico Besana, Guastalla, Municipio 1, Milano, Lombardia, 20122, Italia",45.4599507,9.2051279
Teatri,31-10-22,2022-10-31,"Viale dell'Innovazione, 20, Milano, MI",Teatro degli Arcimboldi,La tribute band dei Pink Floyd in uno spettacolo unico a teatro,https://www.milanotoday.it/eventi/spettacolo-tribute-band-pink-floyd.html,Teatro e spettacolo,"20, Viale dell'Innovazione, Bicocca, Municipio 9, Milano, Lombardia, 20125, Italia",45.5148696,9.2135963
Disco&Feste,31-10-22,2022-10-31,"Via Bernina, Milano, MI",Edit Milano,"Halloween 2022, una festa per ballare tutta la notte",https://www.milanotoday.it/eventi/festa-halloween-lele-sacchi.html,Musica e vita notturna,"Via Bernina, Farini, Municipio 9, Milano, Lombardia, 20158, Italia",45.4950727,9.1810081
Disco&Feste,31-10-22,2022-10-31,"Via Merano, 18, Milano, MI",,"Halloween 2022, il Funeral Party di Club Haus 80's",https://www.milanotoday.it/eventi/festa-halloween-club-haus-2022.html,Musica e vita notturna,"DRK Milano, 18, Via Merano, Loreto, Municipio 2, Milano, Lombardia, 20127, Italia",45.4973537,9.2221363
Incontri,01-11-22,2022-11-01,"Via Giovanni Antonio Amadeo, 78, Milano, MI",Balera dell'Ortica,La “cena con tombola di beneficenza” dell’associazione Gmdp design for life,https://www.milanotoday.it/eventi/la-cena-con-tombola-di-beneficenza-2022.html,Formazione e networking,"La Balera dell'Ortica, 78, Via Giovanni Antonio Amadeo, Lambrate, Municipio 3, Milano, Lombardia, 20059, Italia",45.4700413,9.2403004
Concerti,01-11-22,2022-11-01,"Via Valtellina, Milano, MI",Alcatraz Milano,Il concerto dei Franz Ferdinand a Milano si terrà in una nuova location,https://www.milanotoday.it/eventi/concerto-franz-ferdinand-alcatraz.html,Musica e vita notturna,"Via Valtellina, Farini, Municipio 9, Milano, Lombardia, 20159, Italia",45.4907327,9.1812435
Mostre,05-11-22,2022-11-02,"Via Giacomo Puccini, Milano, MI",Teatro Dal Verme,Al Teatro Dal Verme la mostra dedicata al soprano Solomia Krushelnytska,https://www.milanotoday.it/eventi/mostra-solomia-krushelnytska.html,Arte e cultura,"Via Giacomo Puccini, Cerchia dei Navigli, Municipio 1, Milano, Lombardia, 20123, Italia",45.4670979,9.1804196
,06-11-22,2022-11-02,"Via Gaetano de Castillia, 26, Milano, MI",Stecca3,Lana: dal bianco al nero,https://www.milanotoday.it/eventi/lana-dal-bianco-al-nero-2022.html,Non classificato,"Ciclofficina Stecca - Associazione +bc, 26, Via Gaetano De Castillia, Isola, Municipio 9, Milano, Lombardia, 20124, Italia",45.4851127,9.1925868
Mostre,19-11-22,2022-11-02,"Via Pietro Borsieri, 12, Milano, MI",Key Gallery,“Io” - questione di dettagli personale di Emiliano Salvetti,https://www.milanotoday.it/eventi/io-questione-di-dettagli-personale.html,Arte e cultura,"Bar Guadagni, 12, Via Pietro Borsieri, Isola, Municipio 9, Milano, Lombardia, 20159, Italia",45.4867002,9.1887446
Teatri,06-11-22,2022-11-02,"Via Giorgio Vasari, Milano, MI",Teatro Franco Parenti,"""Tick, tick… Boom!"", il nuovo musical in arrivo a Milano",https://www.milanotoday.it/eventi/tick-tick-boom-spettacolo-franco-parenti.html,Teatro e spettacolo,"Via Giorgio Vasari, Porta Romana, Municipio 4, Milano, Lombardia, 20135, Italia",45.4542475,9.2073471
,28-02-23,2022-11-03,"Via Gerolamo Tiraboschi, 2, Milano, MI",c|e contemporary,Forme per contemplare l'inenarrabile,https://www.milanotoday.it/eventi/forme-per-contemplare-2022.html,Non classificato,"2, Via Gerolamo Tiraboschi, Porta Romana, Municipio 4, Milano, Lombardia, 20135, Italia",45.4520144,9.2086223
Spettacoli,03-11-22,2022-11-03,"Via Filodrammatici 2,20121, Milano, MI,Italia",Teatro Alla Scala,Fedora,https://www.teatro.it/spettacoli/milano/teatro-alla-scala/2022-2023/fedora,Teatro e spettacolo,"2, Via Filodrammatici, Brera, Milano, Lombardia, 20121, Italia",45.4673781,9.188701
,28-02-23,2022-11-03,"Via Gerolamo Tiraboschi, 2, Milano, MI",c|e contemporary,Forme per contemplare l'inenarrabile,https://www.milanotoday.it/eventi/forme-per-contemplare-2022.html,Non classificato,"2, Via Gerolamo Tiraboschi, Porta Romana, Municipio 4, Milano, Lombardia, 20135, Italia",45.4520144,9.2086223
Incontri,03-11-22,2022-11-03,"Via Rimini, 38, Milano, MI",Spazio Arca,Acqua e arte: incontro con Jacopo Veneziani,https://www.milanotoday.it/eventi/acqua-e-arte-incontro-2022.html,Formazione e networking,"38, Via Rimini, San Cristoforo, Municipio 6, Milano, Lombardia, 20142, Italia",45.440858,9.1692032
Incontri,08-12-22,2022-11-03,"Via Maloia, 1, Milano, MI",spazioSERRA,Connecting Stations of past and present,https://www.milanotoday.it/eventi/connecting-stations-2022.html,Formazione e networking,"Via Maloia, Farini, Municipio 9, Milano, Lombardia, 20158, Italia",45.4946286,9.1768212
Cinema,09-11-22,2022-11-03,"Via Torino, 30, Milano, MI",Cinema Centrale,Il festival dei film horror e thriller arriva a Milano,https://www.milanotoday.it/eventi/festival-cinema-film-horror.html,Arte e cultura,"30, Via Torino, Cerchia dei Navigli, Municipio 1, Milano, Lombardia, 20123, Italia",45.4621613,9.1858435
Teatri,27-11-22,2022-11-04,"Via Mac Mahon, 16, Milano, MI",Teatro Out Off,"Tutta casa, letto e chiesa",https://www.milanotoday.it/eventi/teatro/tutta-casa-letto-e-chiesa-2022.html,Teatro e spettacolo,"Via Mac Mahon, Villapizzone, Ghisolfa, Municipio 8 di Milano, Milano, Lombardia, 20155, Italia",45.4944281,9.1571046
Concerti,04-11-22,2022-11-04,"Via Conservatorio, 12, Milano, MI",Conservatorio Verdi di Milano,Blind date - Concerto al buio 2022: il pianoforte di cesare picco e cbm italia di nuovo insieme,https://www.milanotoday.it/eventi/blind-date-concerto-al-buio-2022.html,Musica e vita notturna,"Via Conservatorio, Guastalla, Municipio 1, Milano, Lombardia, 20122, Italia",45.4658084,9.2027724
Mostre,26-02-23,2022-11-04,"Piazza Duca d'Aosta, Milano, MI",Galleria dei Mosaici,"A Milano ""Body worlds"", la mostra con i corpi (veri)",https://www.milanotoday.it/eventi/mostra-cadaveri-body-worlds-quando.html,Arte e cultura,"Piazza Duca d'Aosta, Centrale, Municipio 2, Milano, Lombardia, 20124, Italia",45.4848412,9.2032441
Spettacoli,04-11-22,2022-11-04,"v. Mons. Pogliani 7/a,ang. via Grandi,20090, Cesano Boscone, MI,Italia",Cristallo,PINTUS - Bau,https://www.teatro.it/spettacoli/cesano-boscone/cristallo/2022-2023/angelo-pintus-bau,Teatro e spettacolo,"20090, Italy",45.407,9.1083
Mostra,29-01-23,2022-11-04,"piazza Sant’Eustorgio, 3, Milano, MI",Museo Diocesano Carlo Maria Martini,"Raffaello. Annunciazione, adorazione dei magi, presentazione al tempio. La predella della Pala di Oddi",,Arte e cultura,"Museo Diocesano di Milano, 3, Piazza Sant'Eustorgio, Ticinese, Municipio 1, Milano, Lombardia, 20123, Italia",45.4546749,9.1810291
Mostre,26-02-23,2022-11-04,"Piazza Duca d'Aosta, Milano, MI",Galleria dei Mosaici,"A Milano ""Body worlds"", la mostra con i corpi (veri)",https://www.milanotoday.it/eventi/mostra-cadaveri-body-worlds-quando.html,Arte e cultura,"Piazza Duca d'Aosta, Centrale, Municipio 2, Milano, Lombardia, 20124, Italia",45.4848412,9.2032441
Spettacoli,04-11-22,2022-11-04,"p.zza IV Novembre 3,20025, Legnano, MI,Italia",Talisio Tirinnanzi,Doctor Faust e la ricerca dell'eterna giovinezza,https://www.teatro.it/spettacoli/legnano/talisio-tirinnanzi/2022-2023/doctor-faust-e-la-ricerca-delleterna-giovinezza,Teatro e spettacolo,"Scuola Secondaria di Primo Grado Giovanni Ungaretti, 3, Piazza Quattro Novembre, San Giorgio su Legnano, Milano, Lombardia, 20034, Italia",45.5765251,8.9157963
Spettacoli,04-11-22,2022-11-04,"via Filodrammatici,1,20121, Milano, MI,Italia",Filodrammatici,PeerGynTrip,https://www.teatro.it/spettacoli/milano/filodrammatici/2022-2023/peergyntrip,Teatro e spettacolo,"Teatro dei Filodrammatici, 1, Via Filodrammatici, Brera, Municipio 1, Milano, Lombardia, 20121, Italia",45.467261,9.188435
Mostre,28-05-23,2022-11-04,"Piazza Duca d'Aosta, Milano, MI",Galleria dei Mosaici della Stazione Centrale,"Body Worlds, a Milano la mostra dei corpi umani",https://www.milanotoday.it/eventi/body-worlds-mostra-corpi-umani.html,Arte e cultura,"Piazza Duca d'Aosta, Centrale, Municipio 2, Milano, Lombardia, 20124, Italia",45.4848412,9.2032441
,20-11-22,2022-11-04,"Strada Statale dei Giovi, 35, Milano, MI",Centro Commerciale Brianza,A Paderno Dugnano un centro commerciale mette in palio gift card del valore fino a 100 euro,https://www.milanotoday.it/eventi/centro-commerciale-brianza-concorso-premi-paderno-dugnano.html,Non classificato,"Via Strada Statale 35 dei Giovi, Ospitaletto, Cormano, Zona Omogenea Milano Nord, Milano, Lombardia, 20032, Italia",45.5522517,9.1546929
Mostre,28-05-23,2022-11-04,"Piazza Duca d'Aosta, Milano, MI",Galleria dei Mosaici,"Body Worlds, a Milano torna la mostra con i corpi umani veri",https://www.milanotoday.it/eventi/biglietti-body-worlds-mostra-cadaveri.html,Arte e cultura,"Piazza Duca d'Aosta, Centrale, Municipio 2, Milano, Lombardia, 20124, Italia",45.4848412,9.2032441
Sagre,06-11-22,2022-11-04,"Via Mercato, Milano, MI",Cologno al Serio,Polenta taragna e medioevo a Cologno al serio 4-6 novembre,https://www.milanotoday.it/eventi/polenta-taragna-cologno.html,Enogastronomia,"Via Mercato, Cerchia dei Navigli, Municipio 1, Milano, Lombardia, 20121, Italia",45.4715215,9.1840827
Mostre,28-05-23,2022-11-04,"Piazza Duca d'Aosta, Milano, MI",Galleria dei Mosaici,"Body Worlds, a Milano torna la mostra con i corpi umani veri",https://www.milanotoday.it/eventi/biglietti-body-worlds-mostra-cadaveri.html,Arte e cultura,"Piazza Duca d'Aosta, Centrale, Municipio 2, Milano, Lombardia, 20124, Italia",45.4848412,9.2032441
Mostre,28-05-23,2022-11-04,"Piazza Duca d'Aosta, Milano, MI",Galleria dei Mosaici della Stazione Centrale,"Body Worlds, a Milano la mostra dei corpi umani",https://www.milanotoday.it/eventi/body-worlds-mostra-corpi-umani.html,Arte e cultura,"Piazza Duca d'Aosta, Centrale, Municipio 2, Milano, Lombardia, 20124, Italia",45.4848412,9.2032441
,05-11-22,2022-11-05,"Viale Vittorio Veneto, 22, Milano, MI",Libraccio,Ritratti tra le righe: la tua storia in libreria,https://www.milanotoday.it/eventi/ritratti-libreria-libraccio-via-veneto.html,Non classificato,"Libraccio, 22, Viale Vittorio Veneto, Centrale, Municipio 2, Milano, Lombardia, 20124, Italia",45.4772419,9.2003861
,05-11-22,2022-11-05,"Via Alessandro Manzoni, 56, Milano, MI","Dental Center Humanitas, IRCCS Istituto Clinico Humanitas",Denti disallineati? Scopri la soluzione trasparente per correggerli,https://www.milanotoday.it/eventi/denti-soluzione-trasparente.html,Non classificato,"56, Via Alessandro Manzoni, Paullo, Milano, Lombardia, 20067, Italia",45.4180966,9.4000575
,06-11-22,2022-11-05,"Via Mozart, Milano, MI",Villa Necchi Campiglio,"La mostra ""Colori d'autunno"" del FAI torna a Villa Necchi",https://www.milanotoday.it/eventi/mostra-fiori-fai-villa-necchi.html,Non classificato,"Via Wolfang Amedeus Mozart, Serviane, Calderara, Paderno Dugnano, Zona Omogenea Milano Nord, Milano, Lombardia, 20037, Italia",45.5694836,9.1831039
Concerti,05-11-22,2022-11-05,"Via Cicco Simonetta, 14a, Milano, MI",Germi Luogo di contaminazione,Nidi d'arac al Germi,https://www.milanotoday.it/eventi/nidi-d-arac-concerti-2022.html,Musica e vita notturna,"14a, Via Cicco Simonetta, Ticinese, Municipio 1, Milano, Lombardia, 20123, Italia",45.4563299,9.1755968
Teatri,11-12-22,2022-11-05,"Via Giorgio Vasari, 15, Milano, MI",Teatro Franco Parenti,"Al Franco Parenti ""Costellazioni"" racconta l'amore con la fisica quantistica",https://www.milanotoday.it/eventi/spettacolo-costellazioni-franco-parenti-2022.html,Teatro e spettacolo,"Via Giorgio Vasari, Porta Romana, Municipio 4, Milano, Lombardia, 20135, Italia",45.4542475,9.2073471
Spettacoli,05-11-22,2022-11-05,"Piazza Risorgimento 19,20066, Melzo, MI,Italia",Trivulzio,Ce la farò anche stravolta - Emanuela Aureli,https://www.teatro.it/spettacoli/melzo/trivulzio/2022-2023/ce-la-faro-anche-stravolta-emanuela-aureli,Teatro e spettacolo,"Piazza Risorgimento, Melzo, Milano, Lombardia, 20066, Italia",45.5003449,9.4229132
Spettacoli,06-11-22,2022-11-06,"Via Rovello 2,20121, Milano, MI,Italia",Piccolo Teatro - Teatro Grassi,Darwin inconsolabile (Un pezzo per anime in pena),https://www.teatro.it/spettacoli/milano/piccolo-teatro-teatro-grassi/2022-2023/darwin-inconsolabile-un-pezzo-per-anime-in-pena,Teatro e spettacolo,"2, Via Rovello, Brera, Milano, Lombardia, 20121, Italia",45.4665188,9.1847651
Spettacoli,06-11-22,2022-11-06,"Via Larga 14,20122, Milano, MI,Italia",Lirico Giorgio Gaber,Stomp,https://www.teatro.it/spettacoli/milano/lirico-giorgio-gaber/2022-2023/stomp,Teatro e spettacolo,"Teatro Lirico Giorgio Gaber, 14, Via Larga, Cerchia dei Navigli, Municipio 1, Milano, Lombardia, 20122, Italia",45.4615135,9.1918702
Spettacoli,06-11-22,2022-11-06,"Corso di Porta Romana 63,20122, Milano, MI,Italia",Carcano,I due gemelli veneziani,https://www.teatro.it/spettacoli/milano/carcano/2022-2023/i-due-gemelli-veneziani,Teatro e spettacolo,"Teatro Carcano, 63, Corso di Porta Romana, Crocetta, Municipio 1, Milano, Lombardia, 20121, Italia",45.4566842,9.1955297
Spettacoli,06-11-22,2022-11-06,"via Pier Lombardo,14,20135, Milano, MI,Italia",Franco Parenti - Sala Grande,"tick, tick... BOOM!",https://www.teatro.it/spettacoli/milano/franco-parenti-sala-grande/2022-2023/tick-tick-boom,Teatro e spettacolo,"Via Pier Lombardo, Porta Romana, Municipio 4, Milano, Lombardia, 20135, Italia",45.4542958,9.2063109
Spettacoli,06-11-22,2022-11-06,"via Pitteri 58,20134, Milano, MI,Italia",Martinitt,Dove ci sei tu,https://www.teatro.it/spettacoli/milano/martinitt/2022-2023/dove-ci-sei-tu,Teatro e spettacolo,"Via Riccardo Pitteri, Lambrate, Municipio 3, Milano, Lombardia, 20134, Italia",45.4798362,9.2457864
Spettacoli,06-11-22,2022-11-06,"Corso Buenos Aires,33,20124, Milano, MI,Italia",Teatro Elfo Puccini - sala Fassbinder,La lingua langue,https://www.teatro.it/spettacoli/milano/teatro-elfo-puccini-sala-fassbinder/2022-2023/la-lingua-langue,Teatro e spettacolo,"Teatro Elfo Puccini, 33, Corso Buenos Aires, Buenos Aires - Venezia, Municipio 3, Milano, Lombardia, 20124, Italia",45.4794317,9.2098387
Incontri,06-11-22,2022-11-06,"Viale Campania, 12, Milano, MI",Wow Spazio Fumetto,"Il laboratorio di disegno per bambini, tra dinosauri e manga",https://www.milanotoday.it/eventi/laboratorio-disegno-bambini-spazio-fumetto.html,Formazione e networking,"12, Viale Campania, Corsica, Municipio 4, Milano, Lombardia, 20133, Italia",45.4634024,9.2242161
Spettacoli,06-11-22,2022-11-06,"Via Rivoli 6,20121, Milano, MI,Italia",Piccolo Teatro - Studio Melato,Cirano deve morire,https://www.teatro.it/spettacoli/milano/piccolo-teatro-studio-melato/2022-2023/cirano-deve-morire,Teatro e spettacolo,"6, Via Rivoli, Brera, Municipio 1, Milano, Lombardia, 20121, Italia",45.4726093,9.182881
Spettacoli,06-11-22,2022-11-06,"via Filodrammatici,1,20121, Milano, MI,Italia",Filodrammatici,L'Asino,https://www.teatro.it/spettacoli/milano/filodrammatici/2022-2023/lasino,Teatro e spettacolo,"Teatro dei Filodrammatici, 1, Via Filodrammatici, Brera, Municipio 1, Milano, Lombardia, 20121, Italia",45.467261,9.188435
Manifestazioni,27-11-22,2022-11-07,"Piazza Gae Aulenti, Milano, MI",Piazza Gae Aulenti,La pista da sci a Milano (e le lezioni gratuite),https://www.milanotoday.it/eventi/pista-sci-gae-aulenti.html,Altri eventi,"Piazza Gae Aulenti, GARIBALDI REPUBBLICA, Municipio 9, Milano, Lombardia, Italia",45.4834778,9.1902248
Convegno/conferenza,07-11-22,2022-11-07,"Piazza Città di Lombardia, 1, Milano, MI",Palazzo Lombardia,Regione Lombardia presenta i suoi archivi,,Formazione e networking,"1, Piazza Città di Lombardia, GARIBALDI REPUBBLICA, Municipio 9, Milano, Lombardia, 20124, Italia",45.4869021,9.1957701
Mostra,31-07-23,2022-11-08,"Largo Ghiringhelli, 1, Milano, MI",Museo teatrale alla Scala,"Zeffirelli, gli anni alla Scala",,Arte e cultura,"Museo Teatrale alla Scala, 1, Largo Antonio Ghiringhelli, Brera, Municipio 1, Milano, Lombardia, 20121, Italia",45.4673111,9.1892579
Incontri,08-11-22,2022-11-08,"Piazza del Duomo, Milano, MI",Piazza Duomo,Gli abbracci gratis di Spider-Man a Milano,https://www.milanotoday.it/eventi/abbracci-spiderman-duomo.html,Formazione e networking,"Piazza del Duomo, Duomo, Municipio 1, Milano, Lombardia, Italia",45.4639102,9.1906398
Incontri,08-11-22,2022-11-08,"Via delle Ore, 3, Milano, MI",Ambrosianeum,"Il mondo che verrà: guerra, energia, inflazione, cina, clima....",https://www.milanotoday.it/eventi/il-mondo-che-verra-guerra.html,Formazione e networking,"Ambrosianeum, 3, Via delle Ore, Duomo, Municipio 1, Milano, Lombardia, 20122, Italia",45.4628936,9.1925597
Spettacoli,08-11-22,2022-11-08,"Via Larga 14,20122, Milano, MI,Italia",Lirico Giorgio Gaber,Gigi D'Alessio - Noi due Tour 2021,https://www.teatro.it/spettacoli/milano/lirico/2022-2023/gigi-dalessio-noi-due-tour-2021,Teatro e spettacolo,"Teatro Lirico Giorgio Gaber, 14, Via Larga, Cerchia dei Navigli, Municipio 1, Milano, Lombardia, 20122, Italia",45.4615135,9.1918702
Mostra,12-03-23,2022-11-09,"piazza Duomo, Milano, MI",Palazzo Reale,Bosch e un altro Rinascimento,,Arte e cultura,"Piazza del Duomo, Duomo, Municipio 1, Milano, Lombardia, Italia",45.4639102,9.1906398
Incontri,09-11-22,2022-11-09,"Piazza Adriano Olivetti, 1, Milano, MI",STEP FuturAbility District,Il futuro del lavoro workshop a cura di Marco Bentivogli,https://www.milanotoday.it/eventi/il-futuro-del-lavoro.html,Formazione e networking,"Piazza Adriano Olivetti, Scalo Romana, Municipio 5, Milano, Lombardia, 20135, Italia",45.4431207,9.2043096
,25-11-22,2022-11-09,"Viale Emilio Alemagna, 6, Milano, MI",Triennale Milano,23ª Esposizione Internazionale di Triennale Milano: Unknown Unknowns. An Introduction to Mysteries,https://www.milanotoday.it/eventi/23-exhibition-triennale.html,Non classificato,"Triennale Design Museum, 6, Viale Emilio Alemagna, Parco Sempione, Municipio 1, Milano, Lombardia, 20121, Italia",45.4721477,9.1734894
Spettacoli,09-11-22,2022-11-09,"piazza Carlo Alberto dalla Chiesa 4,20020, Arese, MI,Italia",Cinema Teatro Arese,Lettere d'amore,https://www.teatro.it/spettacoli/arese/cinema-teatro-arese/2022-2023/lettere-damore,Teatro e spettacolo,"Cinema Teatro Arese, 4, Piazza Generale Carlo Alberto Dalla Chiesa, Sant'Anna, Arese, Milano, Lombardia, 20044, Italia",45.549694,9.0777685
Mostre,11-12-22,2022-11-09,"Viale Emilio Alemagna, 6, Milano, MI",Triennale Milano,23ª Esposizione Internazionale di Triennale Milano: ultimi giorni per visitarla,https://www.milanotoday.it/eventi/esposizione-internazionale-triennale.html,Arte e cultura,"Triennale Design Museum, 6, Viale Emilio Alemagna, Parco Sempione, Municipio 1, Milano, Lombardia, 20121, Italia",45.4721477,9.1734894
Spettacoli,09-11-22,2022-11-09,"Via Larga 14,20122, Milano, MI,Italia",Lirico Giorgio Gaber,Dodi Battaglia - Nelle mie corde,https://www.teatro.it/spettacoli/milano/lirico-giorgio-gaber/2022-2023/dodi-battaglia-nelle-mie-corde-canzoni-sorrisi,Teatro e spettacolo,"Teatro Lirico Giorgio Gaber, 14, Via Larga, Cerchia dei Navigli, Municipio 1, Milano, Lombardia, 20122, Italia",45.4615135,9.1918702
Mostre,23-12-22,2022-11-09,"Via Aurelio Saffi, 7, Milano, MI",Fondazione Officine Saffi,Turi heisselberg pedersen - Fragments from a garden,https://www.milanotoday.it/eventi/turi-heisselberg-pedersen-2022.html,Arte e cultura,"7, Via Aurelio Saffi, Magenta - San Vittore, Municipio 1, Milano, Lombardia, 20123, Italia",45.4688024,9.1713931
Mostre,08-01-23,2022-11-10,"Corso Magenta, 61, Milano, MI",Fondazione Stelline,"Prorogata la mostra ""Federico guida. Arbor""",https://www.milanotoday.it/eventi/prorogata-la-mostra-federico-guida-2022.html,Arte e cultura,"61, Corso Magenta, Magenta - San Vittore, Municipio 1, Milano, Lombardia, 20123, Italia",45.4656392,9.1722471
Mostre,19-11-22,2022-11-10,"Via Santa Maria Valle, 2, Milano, MI",Palazzo Durini MA-EC Gallery,"“I have a dream”, mostra d’arte internazionale contro le discriminazioni",https://www.milanotoday.it/eventi/mostra-i-have-a-dream.html,Arte e cultura,"Fondazione Alessandro Durini, 2, Via Santa Maria Valle, Cerchia dei Navigli, Municipio 1, Milano, Lombardia, 20123, Italia",45.4600544,9.1838916
Spettacoli,10-11-22,2022-11-10,"Largo Antonio Greppi,20121, Milano, MI,Italia",Piccolo Teatro - Teatro Strehler,Il crogiuolo,https://www.teatro.it/spettacoli/milano/piccolo-teatro-teatro-strehler/2022-2023/il-crogiuolo,Teatro e spettacolo,"Largo Antonio Greppi, Cerchia dei Navigli, Municipio 1, Milano, Lombardia, 20121, Italia",45.471727,9.1826196
Mostre,08-01-23,2022-11-10,"Corso Magenta, 61, Milano, MI",Fondazione Stelline,Federico Guida. Arbor,https://www.milanotoday.it/eventi/federico-guida-arbor-federico-guida.html,Arte e cultura,"61, Corso Magenta, Magenta - San Vittore, Municipio 1, Milano, Lombardia, 20123, Italia",45.4656392,9.1722471
Mostre,08-01-23,2022-11-10,"Corso Magenta, 61, Milano, MI",Fondazione Stelline,Federico Guida. Arbor,https://www.milanotoday.it/eventi/federico-guida-arbor-federico-guida.html,Arte e cultura,"61, Corso Magenta, Magenta - San Vittore, Municipio 1, Milano, Lombardia, 20123, Italia",45.4656392,9.1722471
Concerti,10-11-22,2022-11-10,"Via Giuseppe di Vittorio, Milano, MI",Mediolanum Forum,Gli Evanescence in concerto a Milano. Orari e biglietti,https://www.milanotoday.it/eventi/concerto-evanescence-forum-assago.html,Musica e vita notturna,"Via Giuseppe Di Vittorio, Cascine Olona, Vighignolo, Settimo Milanese, Milano, Lombardia, 20019, Italia",45.4876868,9.0566303
Mostre,25-11-22,2022-11-10,"Via Flavio Baracchini, 10, Milano, MI",Composit,"Roberta Zambon, personale di pittura",https://www.milanotoday.it/eventi/roberta-zambon-personale-di-pittura-2022.html,Arte e cultura,"10, Via Flavio Baracchini, Cerchia dei Navigli, Municipio 1, Milano, Lombardia, 20123, Italia",45.4613052,9.1909795
Concerti,11-11-22,2022-11-10,"Via Giovanni Battista Sammartini, 30, Milano, MI",Tunnel Club,Nicola cruz & paula tape,https://www.milanotoday.it/eventi/nicola-cruz-paula-tape-nicola-cruz.html,Musica e vita notturna,"30, Via Giovanni Battista Sammartini, Centrale, Municipio 2, Milano, Lombardia, 20125, Italia",45.492213,9.209024
Mostre,08-01-23,2022-11-10,"Corso Magenta, 61, Milano, MI",Fondazione Stelline,"Prorogata la mostra ""Federico guida. Arbor""",https://www.milanotoday.it/eventi/prorogata-la-mostra-federico-guida-2022.html,Arte e cultura,"61, Corso Magenta, Magenta - San Vittore, Municipio 1, Milano, Lombardia, 20123, Italia",45.4656392,9.1722471
Teatri,11-11-22,2022-11-10,"Via Ulisse Dini, 7, Milano, MI",PACTA dei Teatri,Gamelan,https://www.milanotoday.it/eventi/teatro/gamelan-chiara-verzola-compagnia-2022.html,Teatro e spettacolo,"PACTA Salone, 7, Via Ulisse Dini, Stadera, Municipio 5, Milano, Lombardia, 20136, Italia",45.4290193,9.1798393
Spettacoli,10-11-22,2022-11-10,"Via Filodrammatici 2,20121, Milano, MI,Italia",Teatro Alla Scala,Onegin,https://www.teatro.it/spettacoli/milano/teatro-alla-scala/2022-2023/onegin,Teatro e spettacolo,"2, Via Filodrammatici, Brera, Milano, Lombardia, 20121, Italia",45.4673781,9.188701
Mostre,31-01-23,2022-11-10,"Via Senato, 24, Milano, MI",Studio Guastalla Arte Moderna e Contemporanea,Adolfo Wildt. ladro d'anime,https://www.milanotoday.it/eventi/adolfo-wildt-ladro-d-anime-adolfo-wildt.html,Arte e cultura,"24, Via Senato, Guastalla, Municipio 1, Milano, Lombardia, 20121, Italia",45.4714741,9.1963022
Mostre,31-01-23,2022-11-10,"Via Senato, 24, Milano, MI",Studio Guastalla Arte Moderna e Contemporanea,Adolfo Wildt. ladro d'anime,https://www.milanotoday.it/eventi/adolfo-wildt-ladro-d-anime-adolfo-wildt.html,Arte e cultura,"24, Via Senato, Guastalla, Municipio 1, Milano, Lombardia, 20121, Italia",45.4714741,9.1963022
Teatri,27-11-22,2022-11-10,"Via Lodovico Montegani, 35, Milano, MI",Atelier Carlo Colla e Figli,La magia di Cenerentola a teatro,https://www.milanotoday.it/eventi/spettacolo-cenerentola-teatro-carlo-colla.html,Teatro e spettacolo,"Via Lodovico Montegani, Stadera, Municipio 5, Milano, Lombardia, 20136, Italia",45.4311496,9.177589
Mostre,11-11-22,2022-11-11,"Via San Vittore, Milano, MI",Museo Nazionale della Scienza e della Tecnologia,"A Milano il ""ballo del ceppo"", l'evento per entrare nel mondo di Harry Potter",https://www.milanotoday.it/eventi/ballo-ceppo-harry-potter-biglietti.html,Arte e cultura,"Via San Vittore, Magenta - San Vittore, Municipio 1, Milano, Lombardia, 20144, Italia",45.4640293,9.1681174
Mercatini,14-11-22,2022-11-11,"Piazza San Materno, 5, Milano, MI",Chiostro di Santa Maria Bianca della Misericordia,Mercatino al chiostro d'autunno,https://www.milanotoday.it/eventi/mercatino-al-chiostro-d-autunno-2022.html,Mercati e shopping,"5, Piazza San Materno, Loreto, Municipio 3, Milano, Lombardia, 20131, Italia",45.4889323,9.2266742
Manifestazioni,11-11-22,2022-11-11,"Via San Vittore, 21, Milano, MI",Museo Nazionale della Scienza e della Tecnologia Leonardo da Vinci,"Maghi, streghe e un ballo speciale: a Milano arriva la festa di Harry Potter",https://www.milanotoday.it/eventi/festa-harry-potter-milano.html,Altri eventi,"21, Via San Vittore, Magenta - San Vittore, Municipio 1, Milano, Lombardia, 20123, Italia",45.4628946,9.1706462
Mostre,11-11-22,2022-11-11,"Via San Vittore, Milano, MI",Museo Nazionale della Scienza e della Tecnologia,"A Milano il ""ballo del ceppo"", l'evento per entrare nel mondo di Harry Potter",https://www.milanotoday.it/eventi/ballo-ceppo-harry-potter-biglietti.html,Arte e cultura,"Via San Vittore, Magenta - San Vittore, Municipio 1, Milano, Lombardia, 20144, Italia",45.4640293,9.1681174
Concerti,11-11-22,2022-11-11,"Piazza San Martino, 2, Milano, MI",Chiesa San Martino,Concerto di San Martino 2022,https://www.milanotoday.it/eventi/concerto-di-san-martino-2022.html,Musica e vita notturna,"Chiesa parrocchiale di San Martino, 2, Piazza San Martino, Cantun Sciatin, Ospiate, Bollate, Milano, Lombardia, 20021, Italia",45.542424,9.1129638
Manifestazioni,11-11-22,2022-11-11,"Via San Vittore, 21, Milano, MI",Museo Nazionale della Scienza e della Tecnologia Leonardo da Vinci,"Maghi, streghe e un ballo speciale: a Milano arriva la festa di Harry Potter",https://www.milanotoday.it/eventi/festa-harry-potter-milano.html,Altri eventi,"21, Via San Vittore, Magenta - San Vittore, Municipio 1, Milano, Lombardia, 20123, Italia",45.4628946,9.1706462
Mostre,11-11-22,2022-11-11,"Via San Vittore, Milano, MI",Museo Nazionale della Scienza e della Tecnologia,"A Milano il ""ballo del ceppo"", l'evento per entrare nel mondo di Harry Potter",https://www.milanotoday.it/eventi/ballo-ceppo-harry-potter-biglietti.html,Arte e cultura,"Via San Vittore, Magenta - San Vittore, Municipio 1, Milano, Lombardia, 20144, Italia",45.4640293,9.1681174
Mostre,11-11-22,2022-11-11,"Via San Vittore, Milano, MI",Museo Nazionale della Scienza e della Tecnologia,"A Milano il ""ballo del ceppo"", l'evento per entrare nel mondo di Harry Potter",https://www.milanotoday.it/eventi/ballo-ceppo-harry-potter-biglietti.html,Arte e cultura,"Via San Vittore, Magenta - San Vittore, Municipio 1, Milano, Lombardia, 20144, Italia",45.4640293,9.1681174
Manifestazioni,11-11-22,2022-11-11,"Via San Vittore, 21, Milano, MI",Museo Nazionale della Scienza e della Tecnologia Leonardo da Vinci,"Maghi, streghe e un ballo speciale: a Milano arriva la festa di Harry Potter",https://www.milanotoday.it/eventi/festa-harry-potter-milano.html,Altri eventi,"21, Via San Vittore, Magenta - San Vittore, Municipio 1, Milano, Lombardia, 20123, Italia",45.4628946,9.1706462
Incontro/presentazione,15-11-22,2022-11-11,"via Brera, 28, Milano, MI",Pinacoteca di Brera - Biblioteca Nazionale Braidense di Milano,Aspettando BookCity,,Formazione e networking,"Pinacoteca di Brera, 28, Via Brera, Cerchia dei Navigli, Municipio 1, Milano, Lombardia, 20121, Italia",45.4722421,9.1884071
Teatri,12-11-22,2022-11-11,"Via Giorgio Vasari, 15, Milano, MI",Teatro Franco Parenti,"""Ho fatto il classico"" racconta il presente con le parole del passato",https://www.milanotoday.it/eventi/spettacolo-ho-fatto-il-classico.html,Teatro e spettacolo,"Via Giorgio Vasari, Porta Romana, Municipio 4, Milano, Lombardia, 20135, Italia",45.4542475,9.2073471
Mostre,11-11-22,2022-11-11,"Via San Vittore, Milano, MI",Museo Nazionale della Scienza e della Tecnologia,"Balli, cibi a tema e il ""Valzer dei campioni"": a Milano il ""ballo del ceppo"" di Harry Potter",https://www.milanotoday.it/eventi/ballo-ceppo-biglietti-date.html,Arte e cultura,"Via San Vittore, Magenta - San Vittore, Municipio 1, Milano, Lombardia, 20144, Italia",45.4640293,9.1681174
Mostre,19-03-23,2022-11-11,"Via Tortona, 56, Milano, MI",Mudec - Museo delle Culture,Le fotografie di Robert Capa in mostra a Milano. Orari e biglietti,https://www.milanotoday.it/eventi/robert-capa-mostra-mudec-biglietti.html,Arte e cultura,"Mudec, 56, Via Tortona, Tortona, Municipio 6, Milano, Lombardia, 20144, Italia",45.4520455,9.1613185
Cibo e Vino,13-11-22,2022-11-11,"Piazza Città di Lombardia, Milano, MI",Milano,"In arrivo un weekend di degustazioni, assaggi e musica: ""Milano in vino"" e Wine & Sound",https://www.milanotoday.it/eventi/milano-in-vino-novembre.html,Enogastronomia,"Piazza Città di Lombardia, GARIBALDI REPUBBLICA, Municipio 9, Milano, Lombardia, 20124, Italia",45.4867209,9.1960553
Mostre,19-03-23,2022-11-11,"Via Tortona, 56, Milano, MI",Mudec - Museo delle Culture,Le fotografie di Robert Capa in mostra a Milano. Orari e biglietti,https://www.milanotoday.it/eventi/robert-capa-mostra-mudec-biglietti.html,Arte e cultura,"Mudec, 56, Via Tortona, Tortona, Municipio 6, Milano, Lombardia, 20144, Italia",45.4520455,9.1613185
Mostre,11-11-22,2022-11-11,"Via San Vittore, Milano, MI",Museo Nazionale della Scienza e della Tecnologia,"Balli, cibi a tema e il ""Valzer dei campioni"": a Milano il ""ballo del ceppo"" di Harry Potter",https://www.milanotoday.it/eventi/ballo-ceppo-biglietti-date.html,Arte e cultura,"Via San Vittore, Magenta - San Vittore, Municipio 1, Milano, Lombardia, 20144, Italia",45.4640293,9.1681174
Concerti,11-11-22,2022-11-11,"Via San Bernardino, 12, Milano, MI",Circolone di Legnano,Finaz [ bandabardò] live al circolone di legnano + open act andrea brunini,https://www.milanotoday.it/eventi/finaz-bandabardo-2022.html,Musica e vita notturna,"12, Via San Bernardino, Santi Martiri, Oltrestazione, Legnano, Milano, Lombardia, 20025, Italia",45.5885945,8.9120203
Manifestazioni,11-11-22,2022-11-11,"Via San Vittore, 21, Milano, MI",Museo Nazionale della Scienza e della Tecnologia Leonardo da Vinci,"Maghi, streghe e un ballo speciale: a Milano arriva la festa di Harry Potter",https://www.milanotoday.it/eventi/festa-harry-potter-milano.html,Altri eventi,"21, Via San Vittore, Magenta - San Vittore, Municipio 1, Milano, Lombardia, 20123, Italia",45.4628946,9.1706462
Mostre,11-11-22,2022-11-11,"Via San Vittore, Milano, MI",Museo Nazionale della Scienza e della Tecnologia,"Balli, cibi a tema e il ""Valzer dei campioni"": a Milano il ""ballo del ceppo"" di Harry Potter",https://www.milanotoday.it/eventi/ballo-ceppo-biglietti-date.html,Arte e cultura,"Via San Vittore, Magenta - San Vittore, Municipio 1, Milano, Lombardia, 20144, Italia",45.4640293,9.1681174
Spettacoli,11-11-22,2022-11-11,"Piazza S. Magno,20025, Legnano, MI,Italia",Galleria,Gigi D'Alessio - Noi due Tour 2021,https://www.teatro.it/spettacoli/legnano/galleria/2022-2023/gigi-dalessio-noi-due-tour-2021,Teatro e spettacolo,"Piazza San Magno, San Magno, Oltresempione, Legnano, Milano, Lombardia, 20025, Italia",45.5945288,8.9180098
Mostre,11-11-22,2022-11-11,"Via San Vittore, Milano, MI",Museo Nazionale della Scienza e della Tecnologia,"Balli, cibi a tema e il ""Valzer dei campioni"": a Milano il ""ballo del ceppo"" di Harry Potter",https://www.milanotoday.it/eventi/ballo-ceppo-biglietti-date.html,Arte e cultura,"Via San Vittore, Magenta - San Vittore, Municipio 1, Milano, Lombardia, 20144, Italia",45.4640293,9.1681174
Concerti,12-11-22,2022-11-12,"Via Giuseppe di Vittorio, Milano, MI",Mediolanum Forum,Gli Alt-j in concerto a Milano. Orari e biglietti,https://www.milanotoday.it/eventi/concerto-alt-j-forum-assago-2022.html,Musica e vita notturna,"Via Giuseppe Di Vittorio, Cascine Olona, Vighignolo, Settimo Milanese, Milano, Lombardia, 20019, Italia",45.4876868,9.0566303
Incontri,13-11-22,2022-11-12,"Piazza Compasso d'Oro 1, Milano, MI",ADI Design Museum,Futuropoli. La città del domani progettata dai bambini,https://www.milanotoday.it/eventi/futuropoli-la-citta-del-domani.html,Formazione e networking,"ADI Design Museum, 1, Piazza Compasso d’Oro, Sarpi, Porta Volta, Municipio 8 di Milano, Milano, Lombardia, 20154, Italia",45.4831707,9.1792778
,01-12-22,2022-11-12,"Via Nicola Antonio Porpora, 16a, Milano, MI",iKonica Art Gallery,"ArkiZoic Project, la mostra di Duilio Forte",https://www.milanotoday.it/eventi/arkizoic-project-2022.html,Non classificato,"Via Nicola Antonio Porpora, Loreto, Municipio 3, Milano, Lombardia, 20131, Italia",45.4860705,9.2275933
Mostre,24-11-22,2022-11-12,"Via Giuseppe Dall'Occo, 1, Milano, MI",Galleria Click Art,Orizzonti,https://www.milanotoday.it/eventi/orizzonti-2022.html,Arte e cultura,"Via Giuseppe Dall'Occo, Cormano, Zona Omogenea Milano Nord, Milano, Lombardia, 20032, Italia",45.5444599,9.1691639
,12-11-22,2022-11-12,"Piazza Compasso d'Oro 1, Milano, MI",ADI Design Museum,Tavola rotonda: per una didattica a prova di futuro,https://www.milanotoday.it/eventi/tavola-rotonda-per-una-didattica-a-prova-di-futuro.html,Non classificato,"ADI Design Museum, 1, Piazza Compasso d’Oro, Sarpi, Porta Volta, Municipio 8 di Milano, Milano, Lombardia, 20154, Italia",45.4831707,9.1792778
Spettacoli,12-11-22,2022-11-12,"Via Filodrammatici 2,20121, Milano, MI,Italia",Teatro Alla Scala,Concerto - Daniele Gatti,https://www.teatro.it/spettacoli/milano/teatro-alla-scala/2022-2023/concerto-daniele-gatti,Teatro e spettacolo,"2, Via Filodrammatici, Brera, Milano, Lombardia, 20121, Italia",45.4673781,9.188701
Incontri,12-11-22,2022-11-12,"Via San Marco, 2, Milano, MI",Milano,"La Milano di Dino Buzzati, passeggiata al confine tra il vero e il fantastico",https://www.milanotoday.it/eventi/la-milano-di-dino-buzzati-2022.html,Formazione e networking,"Liceo Serale Gandhi, 2, Via San Marco, Brera, Milano, Lombardia, 20121, Italia",45.4736807,9.1880716
Spettacoli,12-11-22,2022-11-12,"via Pier Lombardo 14,20135, Milano, MI,Italia",Franco Parenti - Sala 3,Per strada,https://www.teatro.it/spettacoli/milano/franco-parenti-sala-3/2022-2023/per-strada,Teatro e spettacolo,"Via Pier Lombardo, Porta Romana, Municipio 4, Milano, Lombardia, 20135, Italia",45.4542958,9.2063109
Manifestazioni,13-11-22,2022-11-12,"Via Masaccio, 19, Milano, MI",Centro Congressi Melià Hotel,"Milano Hi-Fidelity, torna la rassegna più importante dei prodotti audio",https://www.milanotoday.it/eventi/milano-hi-fidelity-2022.html,Altri eventi,"Melià Milano, 19, Via Masaccio, De Angeli - Monte Rosa, Portello, Municipio 8 di Milano, Milano, Lombardia, 20149, Italia",45.4791849,9.1458654
Mercatini,12-11-22,2022-11-12,"Via Conte Rosso, Milano, MI",Lambrate,"Artisti, balli e laboratori nel mercatino ""Il Sabato di Lambrate""",https://www.milanotoday.it/eventi/mercatino-sabato-di-lambrate-novembre-2022.html,Mercati e shopping,"Via Conte Rosso, Lambrate, Municipio 3, Milano, Lombardia, 20134, Italia",45.4819574,9.2426159
Teatri,04-12-22,2022-11-12,"Via Daniele Crespi, 9, Milano, MI",Ariberto,"""Chiamami, se vuoi, Fantasia"".  In scena la compagnia dei bambini diretta da Mitzi  Amoroso",https://www.milanotoday.it/eventi/teatro/chiamami-se-vuoi-fantasia.html,Teatro e spettacolo,"9, Via Daniele Crespi, Magenta - San Vittore, Municipio 1, Milano, Lombardia, 20123, Italia",45.4571749,9.1740807
Spettacoli,13-11-22,2022-11-13,"Via Ciro Menotti 11,20129, Milano, MI,Italia",Menotti,Il compleanno (The Birthday Party),https://www.teatro.it/spettacoli/milano/menotti/2022-2023/il-compleanno-the-birthday-party,Teatro e spettacolo,"Teatro Menotti, 11, Via Ciro Menotti, Buenos Aires - Venezia, Municipio 3, Milano, Lombardia, 20129, Italia",45.4699775,9.2131112
Spettacoli,13-11-22,2022-11-13,"Via Lattanzio 58/A,20137, Milano, MI,Italia",deSidera Teatro Oscar,Letizia va alla guerra,https://www.teatro.it/spettacoli/milano/oscar/2022-2023/letizia-va-alla-guerra,Teatro e spettacolo,"Teatro Oscar DeSidera, 58/A, Via Lattanzio, Umbria - Molise, Municipio 4, Milano, Lombardia, 20137, Italia",45.4523298,9.2167181
Concerti,16-11-22,2022-11-13,"Via Giuseppe di Vittorio, Milano, MI",Mediolanum Forum,Cesare Cremonini in concerto a Milano. Orari e biglietti,https://www.milanotoday.it/eventi/concerto-cesare-cremonini-mediolanum-forum.html,Musica e vita notturna,"Via Giuseppe Di Vittorio, Cascine Olona, Vighignolo, Settimo Milanese, Milano, Lombardia, 20019, Italia",45.4876868,9.0566303
Spettacoli,13-11-22,2022-11-13,"Corso di Porta Romana 63,20122, Milano, MI,Italia",Carcano,L'attesa,https://www.teatro.it/spettacoli/milano/carcano/2022-2023/lattesa,Teatro e spettacolo,"Teatro Carcano, 63, Corso di Porta Romana, Crocetta, Municipio 1, Milano, Lombardia, 20121, Italia",45.4566842,9.1955297
,13-11-22,2022-11-13,"Via Ippodromo, Milano, MI",Ippodromo Snai San Siro,Domenica festa all'Ippodromo: giochi per famiglie e Premio Federico Tesio,https://www.milanotoday.it/eventi/ippodromo-festa-13-novembre-2022.html,Non classificato,"Via Ippodromo, San Siro, Municipio 7, Municipio 8 di Milano, Milano, Lombardia, 20151, Italia",45.4853093,9.1206293
Concerti,13-11-22,2022-11-13,"Via Gaudenzio Fantoli, 9, Milano, MI",FABRIQUE,I Kodaline in concerto a Milano. Orari e biglietti,https://www.milanotoday.it/eventi/concerto-kodaline-fabrique.html,Musica e vita notturna,"Fabrique, 9, Via Gaudenzio Fantoli, Mecenate, Municipio 4, Milano, Lombardia, 20138, Italia",45.4521243,9.2522773
Spettacoli,13-11-22,2022-11-13,"Corso Buenos Aires 33,20124, Milano, MI,Italia",Elfo Puccini - Sala Bausch,Kaddish,https://www.teatro.it/spettacoli/milano/elfo-puccini-sala-bausch/2022-2023/kaddish,Teatro e spettacolo,"Teatro Elfo Puccini, 33, Corso Buenos Aires, Buenos Aires - Venezia, Municipio 3, Milano, Lombardia, 20124, Italia",45.4794317,9.2098387
Spettacoli,13-11-22,2022-11-13,"Corso Buenos Aires 33,20124, Milano, MI,Italia",Elfo Puccini - sala Shakespeare,Alla greca,https://www.teatro.it/spettacoli/milano/elfo-puccini-sala-shakespeare/2022-2023/alla-greca,Teatro e spettacolo,"Teatro Elfo Puccini, 33, Corso Buenos Aires, Buenos Aires - Venezia, Municipio 3, Milano, Lombardia, 20124, Italia",45.4794317,9.2098387
Spettacoli,13-11-22,2022-11-13,"via Fezzan,11,20146, Milano, MI,Italia",Ecoteatro,La finta ammalata,https://www.teatro.it/spettacoli/milano/ecoteatro/2022-2023/la-finta-ammalata,Teatro e spettacolo,"EcoTeatro, 11, Via Fezzan, Bande Nere, Municipio 6, Milano, Lombardia, 20146, Italia",45.4592109,9.1459527
Spettacoli,13-11-22,2022-11-13,"via Filodrammatici,1,20121, Milano, MI,Italia",Filodrammatici,Lucido,https://www.teatro.it/spettacoli/milano/filodrammatici/2022-2023/lucido,Teatro e spettacolo,"Teatro dei Filodrammatici, 1, Via Filodrammatici, Brera, Municipio 1, Milano, Lombardia, 20121, Italia",45.467261,9.188435
,13-11-22,2022-11-13,"Via Tortona, 27, Milano, MI",superstudio,Campionato di macinatura,https://www.milanotoday.it/eventi/il-13-novembre-2022.html,Non classificato,"D-share, 27, Via Tortona, Tortona, Municipio 6, Milano, Lombardia, 20144, Italia",45.4506925,9.1634708
Incontri,20-11-22,2022-11-14,"Viale Pasubio, 5, Milano, MI",Fondazione Giangiacomo Feltrinelli,Bookcity Milano 2022: la storia dell'energia in Italia,https://www.milanotoday.it/eventi/eni-bookcity-milano-2022.html,Formazione e networking,"Fondazione Giangiacomo Feltrinelli, 5, Viale Pasubio, Porta Tenaglia, Municipio 1, Milano, Lombardia, 20154, Italia",45.4814126,9.1843952
Spettacoli,14-11-22,2022-11-14,"Viale dell'Innovazione 20,20126, Milano, MI,Italia",Arcimboldi,Daniele Silvestri Teatri 2022,https://www.teatro.it/spettacoli/milano/degli-arcimboldi/2022-2023/daniele-silvestri-teatri-2022,Teatro e spettacolo,"20, Viale dell'Innovazione, Bicocca, Municipio 9, Milano, Lombardia, 20125, Italia",45.5148696,9.2135963
Incontri,14-11-22,2022-11-14,"Via Palestro, 2, Milano, MI",Centro Svizzero di Milano,Luigi Pericle. Il maestro ritrovato,https://www.milanotoday.it/eventi/luigi-pericle-il-maestro-ritrovato.html,Formazione e networking,"2, Via Palestro, Guastalla, Municipio 1, Milano, Lombardia, 20100, Italia",45.4727804,9.1963545
Mostre,15-12-22,2022-11-15,"Via San Maurilio, 14, Milano, MI",Gilda Contemporary Art,γίγνομαι | divenire,https://www.milanotoday.it/eventi/divenire-federica-rossi-2022.html,Arte e cultura,"14, Via San Maurilio, Cerchia dei Navigli, Municipio 1, Milano, Lombardia, 20123, Italia",45.4622752,9.1839049
Mostre,15-11-22,2022-11-15,"Via Giuseppe Gabetti, 15, Milano, MI",Mare Culturale Urbano,“Il jazz a mare” a milano: i four jam in concerto martedì 15 novembre a mare culturale urbano,https://www.milanotoday.it/eventi/il-jazz-a-mare-a-milano-2022.html,Arte e cultura,"Cascina Torrette di Trenno, 15, Via Giuseppe Gabetti, Quartiere Vercellese, Forze Armate, Municipio 7, Milano, Lombardia, 20147, Italia",45.4687457,9.1240256
Spettacoli,16-11-22,2022-11-16,"Via Larga 14,20122, Milano, MI,Italia",Lirico Giorgio Gaber,Genesis Rivisited with Classic Hackett Tour,https://www.teatro.it/spettacoli/milano/lirico-giorgio-gaber/2022-2023/genesis-rivisited-with-classic-hackett-tour,Teatro e spettacolo,"Teatro Lirico Giorgio Gaber, 14, Via Larga, Cerchia dei Navigli, Municipio 1, Milano, Lombardia, 20122, Italia",45.4615135,9.1918702
Incontri,12-12-22,2022-11-16,"Via San Fermo, 19, Milano, MI",Spazio HUS,L'America nelle opere di Giordano Redaelli,https://www.milanotoday.it/eventi/america-nelle-opere-di-giordano-redaelli.html,Formazione e networking,"Via San Fermo, Baggio, Municipio 7, Villaggio Cavour, Settimo Milanese, Milano, Lombardia, 20019, Italia",45.4630575,9.0747604
Cinema,16-11-22,2022-11-16,"Corso Venezia, 47, Milano, MI",Palazzo Castiglioni,Il film sulla violenza economica di genere,https://www.milanotoday.it/eventi/film-documentario-palazzo-castiglioni.html,Arte e cultura,"47, Corso Venezia, Guastalla, Municipio 1, Milano, Lombardia, 20121, Italia",45.4710655,9.2013574
Mostre,04-12-22,2022-11-17,"Via Federico Confalonieri, 14, Milano, MI",Casa della Memoria,Meneghinissima. Antologia milanese,https://www.milanotoday.it/eventi/meneghinissima-antologia-milanese.html,Arte e cultura,"14, Via Federico Confalonieri, Isola, Municipio 9, Milano, Lombardia, 20124, Italia",45.4865703,9.1912614
Teatri,27-11-22,2022-11-17,"Corso di Porta Romana, 63, Milano, MI",Teatro Carcano,"""Le nostre anime di notte"" con Lella Costa ed Elia Schilton. Come avere i biglietti scontati",https://www.milanotoday.it/eventi/spettacolo-nostre-anime-di-notte-biglietti-scontati.html,Teatro e spettacolo,"Teatro Carcano, 63, Corso di Porta Romana, Crocetta, Municipio 1, Milano, Lombardia, 20121, Italia",45.4566842,9.1955297
Mostre,17-11-22,2022-11-17,"Via Mario Fusetti, 14, Milano, MI",Progetto Arte-elm,Ley lines - live art performance,https://www.milanotoday.it/eventi/ley-lines-live-art-performance-2022.html,Arte e cultura,"14, Via Mario Fusetti, Navigli, Municipio 6, Milano, Lombardia, 20143, Italia",45.4503021,9.1750584
Mostre,17-11-22,2022-11-17,"Via Mario Fusetti, 14, Milano, MI",Progetto Arte-elm,Ley lines di performance live art di Laura Palestrini,https://www.milanotoday.it/eventi/ley-lines-di-performance-2022.html,Arte e cultura,"14, Via Mario Fusetti, Navigli, Municipio 6, Milano, Lombardia, 20143, Italia",45.4503021,9.1750584
Mostre,27-01-23,2022-11-17,"Via Nerino, 3, Milano, MI",MAAB Gallery,Memorabilia,https://www.milanotoday.it/eventi/memorabilia-alain-urrutia-2022.html,Arte e cultura,"3, Via Nerino, Cerchia dei Navigli, Municipio 1, Milano, Lombardia, 20123, Italia",45.4617617,9.1841465
Mostre,20-11-22,2022-11-17,"Via Bergognone, 34, Milano, MI",BASE Milano,Photovogue festival,https://www.milanotoday.it/eventi/photovogue-festival.html,Arte e cultura,"Wikimedia Italia, 34, Via Bergognone Da Fossano, Tortona, Municipio 6, Milano, Lombardia, 20144, Italia",45.4518657,9.1625146
Incontri,17-11-22,2022-11-17,"Via Fabio Filzi, 22, Milano, MI",Palazzo Pirelli,L’artista Cesare Catania chiede a tutti di abbracciarsi,https://www.milanotoday.it/eventi/artista-cesare-catania-2022.html,Formazione e networking,"22, Via Fabio Filzi, Cascina Lenzuoletta, Cernusco sul Naviglio, Milano, Lombardia, 20063, Italia",45.5183563,9.327814
Mostre,27-01-23,2022-11-17,"Via Nerino, 3, Milano, MI",MAAB Gallery,Memorabilia,https://www.milanotoday.it/eventi/memorabilia-alain-urrutia-2022.html,Arte e cultura,"3, Via Nerino, Cerchia dei Navigli, Municipio 1, Milano, Lombardia, 20123, Italia",45.4617617,9.1841465
Incontri,20-11-22,2022-11-17,"Via Enrico Besana, 12, Milano, MI",MUBA – Museo dei Bambini di Milano,BookCity arriva al Muba con tanti appuntamenti per i bambini,https://www.milanotoday.it/eventi/bookcity-muba-bambini.html,Formazione e networking,"MUBA - Museo dei Bambini, 12, Via Enrico Besana, Guastalla, Municipio 1, Milano, Lombardia, 20122, Italia",45.4599507,9.2051279
Teatri,04-12-22,2022-11-17,"Via Giorgio Vasari, Milano, MI",Teatro Franco Parenti,"""Il delitto di via dell'Orsina"" con Massimo Dapporto, tra equivoci e atmosfere noir",https://www.milanotoday.it/eventi/delitto-via--orsina-franco-parenti.html,Teatro e spettacolo,"Via Giorgio Vasari, Porta Romana, Municipio 4, Milano, Lombardia, 20135, Italia",45.4542475,9.2073471
Concerti,18-11-22,2022-11-18,"Via Pisanello, 1, Milano, MI",Centro Culturale Rosetum,Meeting point: andy sheppard-marco tindiglia in concerto - Rosetum jazz festival,https://www.milanotoday.it/eventi/meeting-point-andy-sheppard-2022.html,Musica e vita notturna,"Via Pisanello, Bande Nere, Municipio 7, Milano, Lombardia, 20148, Italia",45.4672182,9.140416
Mostre,26-03-23,2022-11-18,"Piazza della Scala, 6, Milano, MI",Gallerie d'Italia,La mostra di Milano che racconta il rapporto tra artisti e banchieri,https://www.milanotoday.it/eventi/artisti-e-banchieri-la-loro-rela-in-mostra-a-milano.html,Arte e cultura,"Gallerie d'Italia, 6, Piazza della Scala, Duomo, Municipio 1, Milano, Lombardia, 20121, Italia",45.467265,9.1905257
Teatri,20-11-22,2022-11-18,"Via Eugenio Villoresi, 26, Milano, MI",Teatro Linguaggicreativi,Hotel Blanco,https://www.milanotoday.it/eventi/hotel-blanco-2022.html,Teatro e spettacolo,"26, Via Eugenio Villoresi, Isola del Bosco, Torretta, Sesto San Giovanni, Zona Omogenea Milano Nord, Milano, Lombardia, 20099, Italia",45.5258217,9.225938
Incontri,18-11-22,2022-11-18,"Via Walter Tobagi, 13, Milano, MI",Art Marginem concept room,Milano bookcity: who are you con Eleonora Bagarotti e antonio pellegrini,https://www.milanotoday.it/eventi/milano-bookcity-who-are-you.html,Formazione e networking,"13, Via Walter Tobagi, Foramagno, Mezzate, Peschiera Borromeo, Milano, Lombardia, 20068, Italia",45.4303283,9.2864245
Mostre,30-11-22,2022-11-18,"Via Enrico Caviglia, 3, Milano, MI",Istituto Italiano di Fotografia,Mostra “Sons of guns” di Lorenzo Lanzo,https://www.milanotoday.it/eventi/mostra-sons-of-guns-2022.html,Arte e cultura,"CSDM, 3, Via Enrico Caviglia, Lodi - Corvetto, Municipio 4, Milano, Lombardia, 20139, Italia",45.4428538,9.2307904
Mostre,26-03-23,2022-11-18,"Piazza della Scala, 6, Milano, MI",Gallerie d'Italia,La mostra di Milano che racconta il rapporto tra artisti e banchieri,https://www.milanotoday.it/eventi/artisti-e-banchieri-la-loro-rela-in-mostra-a-milano.html,Arte e cultura,"Gallerie d'Italia, 6, Piazza della Scala, Duomo, Municipio 1, Milano, Lombardia, 20121, Italia",45.467265,9.1905257
Spettacoli,18-11-22,2022-11-18,"Via Filodrammatici 2,20121, Milano, MI,Italia",Teatro Alla Scala,The Tempest,https://www.teatro.it/spettacoli/milano/teatro-alla-scala/2022-2023/the-tempest,Teatro e spettacolo,"2, Via Filodrammatici, Brera, Milano, Lombardia, 20121, Italia",45.4676198,9.1884287
Teatri,04-12-22,2022-11-18,"Via Giorgio Vasari, Milano, MI",Teatro Franco Parenti,"""Giobbe, storia di un uomo semplice"" racconta la grande storia del Novecento",https://www.milanotoday.it/eventi/spettacolo-giobbe-teatro-franco-parenti.html,Teatro e spettacolo,"Via Giorgio Vasari, Porta Romana, Municipio 4, Milano, Lombardia, 20135, Italia",45.4542475,9.2073471
Incontro/presentazione,18-11-22,2022-11-18,"via Brera, 28, Milano, MI",Pinacoteca di Brera - Biblioteca Nazionale Braidense di Milano,IL PALAZZO DI BRERA E LE SUE ISTITUZIONI,,Formazione e networking,"Istituto Nazionale di Astrofisica – Osservatorio astronomico di Brera, 28, Via Brera, Cerchia dei Navigli, Municipio 1, Milano, Lombardia, 20121, Italia",45.4715946,9.1889707
,20-11-22,2022-11-19,"Via Enrico Caviglia, 3, Milano, MI",Istituto Italiano di Fotografia,3° edizione di (photography) books reviews,https://www.milanotoday.it/eventi/3-edizione-di-photography-books-reviews.html,Non classificato,"CSDM, 3, Via Enrico Caviglia, Lodi - Corvetto, Municipio 4, Milano, Lombardia, 20139, Italia",45.4428538,9.2307904
Spettacoli,19-11-22,2022-11-19,"v. Matteotti 30,20064, Gorgonzola, MI,Italia",Sala Argentia,Comincium,https://www.teatro.it/spettacoli/gorgonzola/sala-argentia/2022-2023/comincium-ale-franz,Teatro e spettacolo,"Sala Argentia, 30, Via Giacomo Matteotti, Gorgonzola, Milano, Lombardia, 20064, Italia",45.5327792,9.4032916
Mostre,08-01-23,2022-11-19,"Piazza del Duomo, Milano, MI",Palazzo Reale,Le incredibili fotografie di Maria Mulas in mostra a Palazzo Reale,https://www.milanotoday.it/eventi/mostra-fotografica-maria-mulas-palazzo-reale.html,Arte e cultura,"Piazza del Duomo, Duomo, Municipio 1, Milano, Lombardia, Italia",45.4639102,9.1906398
Spettacoli,19-11-22,2022-11-19,"Piazza S. Magno,20025, Legnano, MI,Italia",Galleria,Genesis Rivisited with Classic Hackett Tour,https://www.teatro.it/spettacoli/legnano/galleria/2022-2023/genesis-rivisited-with-classic-hackett-tour,Teatro e spettacolo,"Piazza San Magno, San Magno, Oltresempione, Legnano, Milano, Lombardia, 20025, Italia",45.5948853,8.9184024
Mostre,08-01-23,2022-11-19,"Piazza del Duomo, Milano, MI",Palazzo Reale,Le incredibili fotografie di Maria Mulas in mostra a Palazzo Reale,https://www.milanotoday.it/eventi/mostra-fotografica-maria-mulas-palazzo-reale.html,Arte e cultura,"Piazza del Duomo, Duomo, Municipio 1, Milano, Lombardia, Italia",45.4639102,9.1906398
Spettacoli,20-11-22,2022-11-20,"Via Andrea Maria Ampère 1,20131, Milano, MI,Italia",MTM - Leonardo,Art,https://www.teatro.it/spettacoli/milano/leonardo/2022-2023/art,Teatro e spettacolo,"Teatro Leonardo da Vinci, 1, Via Andrea Maria Ampère, Città Studi, Municipio 3, Milano, Lombardia, 20131, Italia",45.4795266,9.2263901
Mostre,20-11-22,2022-11-20,"Via Pier Lombardo, 14, Milano, MI",Teatro Franco Parenti,Il distacco e la meraviglia. L’arte della sprezzatura tra rinascimento e modernità. Baldesar Castiglione e Jovan Dučić,https://www.milanotoday.it/eventi/mostre/distacco-e-la-meraviglia.html,Arte e cultura,"Via Pier Lombardo, Porta Romana, Municipio 4, Milano, Lombardia, 20135, Italia",45.4542958,9.2063109
Spettacoli,20-11-22,2022-11-20,"Piazza Cesare Beccaria 8,20122, Milano, MI,Italia",Gerolamo,La Gilda - Laura Marinoni,https://www.teatro.it/spettacoli/milano/gerolamo/2022-2023/la-gilda-laura-marinoni,Teatro e spettacolo,"Teatro Gerolamo, 8, Piazza Cesare Beccaria, Duomo, Municipio 1, Milano, Lombardia, 20122, Italia",45.464175,9.1945551
Concerti,20-11-22,2022-11-20,"Largo Gustav Mahler, Milano, MI",Auditorium di Milano Fondazione Cariplo,Le musiche di Star Wars protagoniste di un concerto imperdibile,https://www.milanotoday.it/eventi/concerto-star-wars-auditorium-cariplo.html,Musica e vita notturna,"Largo Gustav Mahler, Ticinese, Municipio 5, Milano, Lombardia, 20136, Italia",45.4463151,9.1792547
Spettacoli,20-11-22,2022-11-20,"via Filodrammatici,1,20121, Milano, MI,Italia",Filodrammatici,Due gocce d’acqua,https://www.teatro.it/spettacoli/milano/filodrammatici/2022-2023/due-gocce-dacqua,Teatro e spettacolo,"Teatro dei Filodrammatici, 1, Via Filodrammatici, Brera, Municipio 1, Milano, Lombardia, 20121, Italia",45.467261,9.188435
Mostre,20-11-22,2022-11-20,"Via Oglio, 21, Milano, MI",Arci Corvetto,"""Donne ingannate - Il velo come religione, identità e libertà"" di Giuliana Sgrena",https://www.milanotoday.it/eventi/donne-ingannate-2022.html,Arte e cultura,"Scuola TodoCambia, 21, Via Oglio, Lodi - Corvetto, Municipio 4, Milano, Lombardia, 20139, Italia",45.4399188,9.2187545
Spettacoli,20-11-22,2022-11-20,"Via Alessandro Manzoni 42,20121, Milano, MI,Italia",Manzoni,Il malato immaginario,https://www.teatro.it/spettacoli/milano/manzoni/2022-2023/il-malato-immaginario,Teatro e spettacolo,"Teatro Manzoni, 42, Via Alessandro Manzoni, Cerchia dei Navigli, Municipio 1, Milano, Lombardia, 20121, Italia",45.4710286,9.1944762
Spettacoli,20-11-22,2022-11-20,"Via Rovello 2,20121, Milano, MI,Italia",Piccolo Teatro - Teatro Grassi,Italia - Brasile 3 a 2. Il ritorno,https://www.teatro.it/spettacoli/milano/piccolo-teatro-teatro-grassi/2022-2023/italia-brasile-3-a-2-il-ritorno,Teatro e spettacolo,"2, Via Rovello, Brera, Milano, Lombardia, 20121, Italia",45.4665188,9.1847651
Concerti,21-11-22,2022-11-21,"Piazza del Duomo, Milano, MI",Mondadori Duomo,Il 'concerto' di Andrea Bocelli (coi figli) gratis in piazza Duomo a Milano,https://www.milanotoday.it/eventi/concerto-bocelli-gratis-duomo.html,Musica e vita notturna,"Piazza del Duomo, Duomo, Municipio 1, Milano, Lombardia, Italia",45.4639102,9.1906398
Mostre,12-02-23,2022-11-22,"Via Palestro, 14, Milano, MI",PAC - Padiglione d’arte contemporanea,La mostra al PAC sul Giappone tra tessuti e ricami,https://www.milanotoday.it/eventi/mostra-giappone-pac.html,Arte e cultura,"14, Via Palestro, Guastalla, Municipio 1, Milano, Lombardia, 20121, Italia",45.4729115,9.1995282
Mostre,12-02-23,2022-11-22,"Via Palestro, 14, Milano, MI",PAC - Padiglione d’arte contemporanea,La mostra al PAC sul Giappone tra tessuti e ricami,https://www.milanotoday.it/eventi/mostra-giappone-pac.html,Arte e cultura,"14, Via Palestro, Guastalla, Municipio 1, Milano, Lombardia, 20121, Italia",45.4729115,9.1995282
,22-11-22,2022-11-22,"Piazza Adriano Olivetti, 1, Milano, MI",STEP FuturAbility District,La competenza digitale degli studenti prima e dopo la pandemia workshop a cura di Marco Gui e Giulia Assirelli,https://www.milanotoday.it/eventi/la-competenza-digitale-degli-studenti-2022.html,Non classificato,"Piazza Adriano Olivetti, Scalo Romana, Municipio 5, Milano, Lombardia, 20135, Italia",45.4431207,9.2043096
Manifestazioni,25-11-22,2022-11-22,"Via San Carpoforo, Milano, MI",Rimessa dei Fiori,La Black Friday Gallery di Amazon apre a Milano,https://www.milanotoday.it/eventi/galleria-amazon-black-friday.html,Altri eventi,"Via San Carpoforo, Cerchia dei Navigli, Municipio 1, Milano, Lombardia, 20121, Italia",45.4715093,9.1846979
Spettacoli,23-11-22,2022-11-23,"Via Larga 14,20122, Milano, MI,Italia",Lirico Giorgio Gaber,PFM ON TOUR,https://www.teatro.it/spettacoli/milano/lirico-giorgio-gaber/2022-2023/pfm-1972-2022,Teatro e spettacolo,"Teatro Lirico Giorgio Gaber, 14, Via Larga, Cerchia dei Navigli, Municipio 1, Milano, Lombardia, 20122, Italia",45.4615135,9.1918702
,07-12-22,2022-11-23,"Via Bramante, 13, Milano, MI",The YAH Factory,"Young art hunters, la mostra d'arte emergente",https://www.milanotoday.it/eventi/arte-emergente-2022.html,Non classificato,"13, Via Bramante, Sarpi, Municipio 1, Municipio 8 di Milano, Milano, Lombardia, 20154, Italia",45.4797813,9.1797182
Spettacoli,24-11-22,2022-11-24,"Corso Buenos Aires,33,20124, Milano, MI,Italia",Teatro Elfo Puccini - sala Fassbinder,Come tu mi vuoi,https://www.teatro.it/spettacoli/milano/teatro-elfo-puccini-sala-fassbinder/2022-2023/come-tu-mi-vuoi,Teatro e spettacolo,"Teatro Elfo Puccini, 33, Corso Buenos Aires, Buenos Aires - Venezia, Municipio 3, Milano, Lombardia, 20124, Italia",45.4794317,9.2098387
Mostre,03-12-22,2022-11-24,"Via Gaudenzio Ferrari, 3, Milano, MI",Almach Art Gallery,Corrado Ferrante - Fuori dall'onda,https://www.milanotoday.it/eventi/corrado-ferrante-2022.html,Arte e cultura,"3, Via Gaudenzio Ferrari, Ticinese, Municipio 1, Milano, Lombardia, 20123, Italia",45.4558833,9.1754506
Mostre,14-01-23,2022-11-24,"Via Santa Maria Valle, 2, Milano, MI",MA-EC Gallery,La rivoluzione gentile. Mostra di qiu yi a cura di elisabetta roncati,https://www.milanotoday.it/eventi/la-rivoluzione-gentile-mostra-di-qiu-yi-2022.html,Arte e cultura,"Fondazione Alessandro Durini, 2, Via Santa Maria Valle, Cerchia dei Navigli, Municipio 1, Milano, Lombardia, 20123, Italia",45.4600544,9.1838916
,09-12-22,2022-11-24,"Viale Monza, 55, Milano, MI",Pisacane Arte,"Oltrepop, la mostra alla galleria Pisacane",https://www.milanotoday.it/eventi/oltrepop-fe-2022.html,Non classificato,"55, Viale Monza, Loreto, Municipio 2, Milano, Lombardia, 20131, Italia",45.4922055,9.2183232
,03-12-22,2022-11-24,"Via Santa Marta, 10, Milano, MI",Spazio BIG Santa Marta,"Liberi dalle barriere, la mostra d'arte a favore di persone con disabilità",https://www.milanotoday.it/eventi/liberi-barriere-2022.html,Non classificato,"Galleria Rubin, 10, Via Santa Marta, Cerchia dei Navigli, Municipio 1, Milano, Lombardia, 20123, Italia",45.4624446,9.1834733
Mostre,14-01-23,2022-11-24,"Via Santa Maria Valle, 2, Milano, MI",MA-EC Gallery,La rivoluzione gentile. Mostra di qiu yi a cura di elisabetta roncati,https://www.milanotoday.it/eventi/la-rivoluzione-gentile-mostra-di-qiu-yi-2022.html,Arte e cultura,"Fondazione Alessandro Durini, 2, Via Santa Maria Valle, Cerchia dei Navigli, Municipio 1, Milano, Lombardia, 20123, Italia",45.4600544,9.1838916
Spettacoli,24-11-22,2022-11-24,"Via Varese,29,20024, Garbagnate Milanese, MI,Italia",Italia,Comincium,https://www.teatro.it/spettacoli/garbagnate-milanese/italia/2022-2023/comincium-ale-franz,Teatro e spettacolo,"Via Varese, Quadrifoglio, Santa Maria Rossa, Garbagnate Milanese, Milano, Lombardia, 20024, Italia",45.5758278,9.0778952
Spettacoli,24-11-22,2022-11-24,"Via Alessandro Manzoni 42,20121, Milano, MI,Italia",Manzoni,Ti racconto una storia,https://www.teatro.it/spettacoli/milano/manzoni/2022-2023/edoardo-leo-ti-racconto-una-storia,Teatro e spettacolo,"Teatro Manzoni, 42, Via Alessandro Manzoni, Cerchia dei Navigli, Municipio 1, Milano, Lombardia, 20121, Italia",45.4710286,9.1944762
Incontri,25-11-22,2022-11-25,"Via San Faustino, 5, Milano, MI",Circolo dell’Ortica di Milano,Ecce donna. Ballate in memoria delle donne vittime di femminicidio,https://www.milanotoday.it/eventi/ecce-donna-ballate-in-memoria-2022.html,Formazione e networking,"5, Via San Faustino, Lambrate, Municipio 3, Milano, Lombardia, 20134, Italia",45.4717873,9.2416377
Spettacoli,25-11-22,2022-11-25,"Via Alessandro Manzoni 42,20121, Milano, MI,Italia",Manzoni,Bis!,https://www.teatro.it/spettacoli/milano/manzoni/2022-2023/francesco-cicchella-bis,Teatro e spettacolo,"Teatro Manzoni, 42, Via Alessandro Manzoni, Cerchia dei Navigli, Municipio 1, Milano, Lombardia, 20121, Italia",45.4710286,9.1944762
Manifestazioni,25-12-22,2022-11-25,"Via Erba, 2, Milano, MI",Garden Steflor,La magia del Natale arriva da Garden Steflor,https://www.milanotoday.it/eventi/laboratori-incontri-natale-garden-steflor.html,Altri eventi,"2, Via Erba, Cusano, Cusano Milanino, Zona Omogenea Milano Nord, Milano, Lombardia, 20095, Italia",45.5520532,9.1840748
,03-12-22,2022-11-25,"Via Fratelli Bozzi, Milano, MI",Sedi CAM,Acra e il Comune insieme contro la violenza di genere,https://www.milanotoday.it/eventi/acra-comune-violenza-2022.html,Non classificato,"Via Fratelli Bozzi, Quarto Cagnino, Municipio 7, Milano, Lombardia, 20147, Italia",45.4749007,9.11369
Manifestazioni,25-12-22,2022-11-25,"Via Fametta, Milano, MI",Villa Arconati-FAR,"Alberi di Natale, canti e musica: tutti gli eventi di dicembre a Villa Arconati",https://www.milanotoday.it/eventi/eventi-dicembre-villa-arconati.html,Altri eventi,"Via Fametta, Via Trento, Castellazzo, Bollate, Milano, Lombardia, 20021, Italia",45.5583474,9.0954064
,03-12-22,2022-11-25,"Via Alessandro Manzoni, 56, Milano, MI","Dental Center Humanitas, IRCCS Istituto Clinico Humanitas",Denti disallineati? Scopri la soluzione trasparente per correggerli agli Open Days di Humanitas Dental Center,https://www.milanotoday.it/eventi/soluzione-trasparente-correggerli-denti.html,Non classificato,"56, Via Alessandro Manzoni, Paullo, Milano, Lombardia, 20067, Italia",45.4180966,9.4000575
Teatri,27-11-22,2022-11-25,"Via Eugenio Villoresi, 26, Milano, MI",Teatro Linguaggicreativi,Questo è il mio corpo,https://www.milanotoday.it/eventi/questo-e-il-mio-corpo-2022.html,Teatro e spettacolo,"26, Via Eugenio Villoresi, Isola del Bosco, Torretta, Sesto San Giovanni, Zona Omogenea Milano Nord, Milano, Lombardia, 20099, Italia",45.5258217,9.225938
Incontri,26-11-22,2022-11-26,"Via Carroccio, 13, Milano, MI",Elite Krav Maga Milano,Difesa personale milano: giornata contro la violenza sulla donna,https://www.milanotoday.it/eventi/difesa-personale-milano-2022.html,Formazione e networking,"13, Via Carroccio, Magenta - San Vittore, Municipio 1, Milano, Lombardia, 20123, Italia",45.4596114,9.1726573
,26-11-22,2022-11-26,"Piazza Castello, 1, Milano, MI",Castello Visconteo,"""Fashion & wine kermesse"" brinda al successo riportato in ""Abbiategusto""",https://www.milanotoday.it/eventi/fashion-wine-kermesse-2022.html,Non classificato,"1, Piazza Castello, Peschiera, Peschiera Borromeo, Milano, Lombardia, 20068, Italia",45.4374929,9.3309323
Teatri,26-11-22,2022-11-26,"Viale dell'Innovazione, 20, Milano, MI",Teatro degli Arcimboldi,Il magico mondo di eroi e principesse in un nuovo spettacolo per bambini,https://www.milanotoday.it/eventi/spettacolo-principesse-arcimboldi.html,Teatro e spettacolo,"20, Viale dell'Innovazione, Bicocca, Municipio 9, Milano, Lombardia, 20125, Italia",45.5148696,9.2135963
,08-01-23,2022-11-26,"Piazzale Vincenzo Cuoco, Milano, MI",,"Fantastico ritorno al passato, per vivere la preistoria con “Jurassic Expo in Tour”",https://www.milanotoday.it/eventi/ritorno-al-passato-jurassic-expo-in-tour.html,Non classificato,"Piazzale Vincenzo Cuoco, Umbria - Molise, Municipio 4, Milano, Lombardia, 20130, Italia",45.4506042,9.2237473
Manifestazioni,27-11-22,2022-11-26,"Via Larga, 14, Milano, MI","Teatro Lirico ""Giorgio Gaber""","Vanity Fair Stories, la nuova edizione è sulle storie che cambiano il mondo",https://www.milanotoday.it/eventi/vanity-fair-stories-2022.html,Altri eventi,"Teatro Lirico Giorgio Gaber, 14, Via Larga, Cerchia dei Navigli, Municipio 1, Milano, Lombardia, 20122, Italia",45.4615135,9.1918702
Manifestazioni,26-11-22,2022-11-26,"Piazza Carlo Stuparich, 1, Milano, MI",Allianz Cloud,"Golden Skate Awards, Carolina Kostner e gli altri protagonisti del pattinaggio sul ghiaccio",https://www.milanotoday.it/eventi/golden-skate-awards-allianz-cloud.html,Altri eventi,"Piazza Carlo Stuparich, De Angeli - Monte Rosa, QT8, Municipio 8 di Milano, Milano, Lombardia, 20148, Italia",45.4830796,9.1428469
Spettacoli,26-11-22,2022-11-26,"Piazza Risorgimento 19,20066, Melzo, MI,Italia",Trivulzio,Revolutionary Road,https://www.teatro.it/spettacoli/melzo/trivulzio/2022-2023/revolutionary-road,Teatro e spettacolo,"Piazza Risorgimento, Melzo, Milano, Lombardia, 20066, Italia",45.5003449,9.4229132
Concerti,26-11-22,2022-11-26,"Via dell'Allodola, 5, Milano, MI","Teatro ""La Creta""",La nostra Cenerentola,https://www.milanotoday.it/eventi/la-nostra-cenerentola-2022.html,Musica e vita notturna,"Via dell'Allodola, Lorenteggio, Municipio 6, Milano, Lombardia, 20147, Italia",45.454862,9.1195068
Spettacoli,26-11-22,2022-11-26,"p.zza IV Novembre 3,20025, Legnano, MI,Italia",Talisio Tirinnanzi,Amore sono un po' incinta,https://www.teatro.it/spettacoli/legnano/talisio-tirinnanzi/2022-2023/amore-sono-un-po-incinta,Teatro e spettacolo,"Scuola Secondaria di Primo Grado Giovanni Ungaretti, 3, Piazza Quattro Novembre, San Giorgio su Legnano, Milano, Lombardia, 20034, Italia",45.5765251,8.9157963
Spettacoli,26-11-22,2022-11-26,"Piazza S. Magno,20025, Legnano, MI,Italia",Galleria,Antonio Ornano - L'Ornano Furioso,https://www.teatro.it/spettacoli/legnano/galleria/2022-2023/antonio-ornano-lornano-furioso,Teatro e spettacolo,"Piazza San Magno, San Magno, Oltresempione, Legnano, Milano, Lombardia, 20025, Italia",45.5948853,8.9184024
Concerti,26-11-22,2022-11-26,"Via Valtellina, 21, Milano, MI",Alcatraz Milano,I Bastille in concerto a Milano per l'unica data italiana. Orari e biglietti,https://www.milanotoday.it/eventi/concerto-bastille-alcatraz.html,Musica e vita notturna,"Gate, 21, Via Valtellina, Isola, Municipio 9, Milano, Lombardia, 20159, Italia",45.4943778,9.1819083
Concerti,26-11-22,2022-11-26,"Viale Enrico Fermi, 98, Milano, MI",Legend Club,Finntroll  sabato 26 novembre a Milano legend club,https://www.milanotoday.it/eventi/finntroll-sabato-26-novembre-2022.html,Musica e vita notturna,"Legend Club, 98, Viale Enrico Fermi, Parco Nord, Municipio 9, Milano, Lombardia, 20161, Italia",45.5161589,9.1794377
Cibo e Vino,27-11-22,2022-11-26,"Via Giovanni Battista Piranesi, 14, Milano, MI",Palazzo del Ghiaccio,Oltre 30 maestri pasticceri nella nuova edizione di Re Panettone,https://www.milanotoday.it/eventi/re-panettone-2022.html,Enogastronomia,"Via Giovanni Battista Piranesi, Corsica, Municipio 4, Milano, Lombardia, 20135, Italia",45.4606845,9.2245794
Mercatini,04-12-22,2022-11-26,"Corso di Porta Nuova, 32, Milano, MI",Unione Femminile,Mercatino fondazione Archè,https://www.milanotoday.it/eventi/torna-l-archenatale-a-milano-2022.html,Mercati e shopping,"32, Corso di Porta Nuova, Brera, Municipio 1, Milano, Lombardia, 20121, Italia",45.476776,9.1920002
,08-01-23,2022-11-26,"Piazzale Vincenzo Cuoco, Milano, MI",,"Fantastico ritorno al passato, per vivere la preistoria con “Jurassic Expo in Tour”",https://www.milanotoday.it/eventi/ritorno-al-passato-jurassic-expo-in-tour.html,Non classificato,"Piazzale Vincenzo Cuoco, Umbria - Molise, Municipio 4, Milano, Lombardia, 20130, Italia",45.4506042,9.2237473
Spettacoli,27-11-22,2022-11-27,"Viale dell'Innovazione 20,20126, Milano, MI,Italia",Arcimboldi,Balance of power,https://www.teatro.it/spettacoli/milano/degli-arcimboldi/2022-2023/parsons-dance,Teatro e spettacolo,"20, Viale dell'Innovazione, Bicocca, Municipio 9, Milano, Lombardia, 20125, Italia",45.5148696,9.2135963
Spettacoli,27-11-22,2022-11-27,"via Filodrammatici,1,20121, Milano, MI,Italia",Filodrammatici,In fedeltà,https://www.teatro.it/spettacoli/milano/filodrammatici/2022-2023/in-fedelta,Teatro e spettacolo,"Teatro dei Filodrammatici, 1, Via Filodrammatici, Brera, Municipio 1, Milano, Lombardia, 20121, Italia",45.467261,9.188435
Spettacoli,27-11-22,2022-11-27,"Via Rovello 2,20121, Milano, MI,Italia",Piccolo Teatro - Teatro Grassi,La seconda sorpresa dell'amore,https://www.teatro.it/spettacoli/milano/piccolo-teatro-teatro-grassi/2022-2023/la-seconda-sorpresa-dellamore,Teatro e spettacolo,"2, Via Rovello, Brera, Milano, Lombardia, 20121, Italia",45.4665188,9.1847651
Spettacoli,27-11-22,2022-11-27,"Via Ciro Menotti 11,20129, Milano, MI,Italia",Menotti,Misery,https://www.teatro.it/spettacoli/milano/menotti/2022-2023/misery,Teatro e spettacolo,"11, Via Ciro Menotti, Buenos Aires - Venezia, Municipio 3, Milano, Lombardia, 20129, Italia",45.4699888,9.2132156
Spettacoli,27-11-22,2022-11-27,"Corso Buenos Aires 33,20124, Milano, MI,Italia",Elfo Puccini - Sala Bausch,Torquato Tasso. Una discesa nel verso,https://www.teatro.it/spettacoli/milano/elfo-puccini-sala-bausch/2022-2023/torquato-tasso-una-discesa-nel-verso,Teatro e spettacolo,"Teatro Elfo Puccini, 33, Corso Buenos Aires, Buenos Aires - Venezia, Municipio 3, Milano, Lombardia, 20124, Italia",45.4794317,9.2098387
Spettacoli,27-11-22,2022-11-27,"via Fezzan,11,20146, Milano, MI,Italia",Ecoteatro,Lettere d'amore,https://www.teatro.it/spettacoli/milano/ecoteatro/2022-2023/lettere-damore,Teatro e spettacolo,"EcoTeatro, 11, Via Fezzan, Bande Nere, Municipio 6, Milano, Lombardia, 20146, Italia",45.4592109,9.1459527
,18-12-22,2022-11-27,"Via Sant'Arialdo, 102, Milano, MI",abbazia di Chiaravalle,Tutti gli eventi di Natale a Chiaravalle,https://www.milanotoday.it/eventi/natale-2022-chiaravalle.html,Non classificato,"102, Via Sant'Arialdo, Chiaravalle, Municipio 5, Milano, Lombardia, 20139, Italia",45.4166412,9.2357316
Spettacoli,27-11-22,2022-11-27,"Corso Buenos Aires 33,20124, Milano, MI,Italia",Elfo Puccini - sala Shakespeare,Hỳbris,https://www.teatro.it/spettacoli/milano/elfo-puccini-sala-shakespeare/2022-2023/hybris,Teatro e spettacolo,"Teatro Elfo Puccini, 33, Corso Buenos Aires, Buenos Aires - Venezia, Municipio 3, Milano, Lombardia, 20124, Italia",45.4794317,9.2098387
Spettacoli,27-11-22,2022-11-27,"Largo Antonio Greppi,20121, Milano, MI,Italia",Piccolo Teatro - Teatro Strehler,La tempesta,https://www.teatro.it/spettacoli/milano/piccolo-teatro-teatro-strehler/2022-2023/la-tempesta,Teatro e spettacolo,"Largo Antonio Greppi, Cerchia dei Navigli, Municipio 1, Milano, Lombardia, 20121, Italia",45.4718502,9.1827114
Spettacoli,27-11-22,2022-11-27,"via Pitteri 58,20134, Milano, MI,Italia",Martinitt,La grande occasione - Chissà se va...!,https://www.teatro.it/spettacoli/milano/martinitt/2022-2023/la-grande-occasione,Teatro e spettacolo,"Via Riccardo Pitteri, Lambrate, Municipio 3, Milano, Lombardia, 20134, Italia",45.4798362,9.2457864
Incontri,27-11-22,2022-11-27,"Via Enrico Besana, 12, Milano, MI",MUBA – Museo dei Bambini di Milano,Al Muba uno speciale laboratorio del riuso creativo,https://www.milanotoday.it/eventi/gioco-muba-remida-bambini.html,Formazione e networking,"MUBA - Museo dei Bambini, 12, Via Enrico Besana, Guastalla, Municipio 1, Milano, Lombardia, 20122, Italia",45.4599507,9.2051279
Spettacoli,28-11-22,2022-11-28,"Via Giordano Rota 1,20145, Milano, MI,Italia",Nazionale Italiana Assicurazioni,Telepathy,https://www.teatro.it/spettacoli/milano/nazionale-chebanca/2022-2023/francesco-tesei-telepathy,Teatro e spettacolo,"20145, Italy",45.4643,9.1895
Incontri,28-11-22,2022-11-28,"Via Rimini, 38, Milano, MI",Arca,Al via il verde e il blu festival: incontro con Ettore Prandini,https://www.milanotoday.it/eventi/al-via-il-verde-e-il-blu-festival-2022.html,Formazione e networking,"38, Via Rimini, San Cristoforo, Municipio 6, Milano, Lombardia, 20142, Italia",45.440858,9.1692032
Incontri,28-11-22,2022-11-28,"Via del Vecchio Politecnico, 3, Milano, MI",Istituto Svizzero,Giuseppe Luigi Fossati. Poesie,https://www.milanotoday.it/eventi/giuseppe-luigi-fossati-poesie-2022.html,Formazione e networking,"3, Via del Vecchio Politecnico, Guastalla, Municipio 1, Milano, Lombardia, 20121, Italia",45.4724248,9.1964505
Spettacoli,29-11-22,2022-11-29,"Via Larga 14,20122, Milano, MI,Italia",Lirico Giorgio Gaber,Gli ultimi giorni di Van Gogh - Il diario ritrovato,https://www.teatro.it/spettacoli/milano/lirico-giorgio-gaber/2022-2023/gli-ultimi-giorni-di-van-gogh-il-diario-ritrovato,Teatro e spettacolo,"Teatro Lirico Giorgio Gaber, 14, Via Larga, Cerchia dei Navigli, Municipio 1, Milano, Lombardia, 20122, Italia",45.4615135,9.1918702
Teatri,02-12-22,2022-11-29,"Via Giorgio Vasari, Milano, MI",Teatro Franco Parenti,"""Surrealismo capitalista"" e il racconto amaro della nostra epoca",https://www.milanotoday.it/eventi/spettacolo-surrealismo-capitalista-franco-parenti.html,Teatro e spettacolo,"Via Giorgio Vasari, Porta Romana, Municipio 4, Milano, Lombardia, 20135, Italia",45.4542475,9.2073471
Teatri,04-12-22,2022-11-29,"Corso Buenos Aires, 33, Milano, MI",Teatro Elfo Puccini,Lo spettacolo a teatro con Luigi Lo Cascio,https://www.milanotoday.it/eventi/spettacolo-elfo-puccini-luigi-lo-cascio.html,Teatro e spettacolo,"Teatro Elfo Puccini, 33, Corso Buenos Aires, Buenos Aires - Venezia, Municipio 3, Milano, Lombardia, 20124, Italia",45.4794317,9.2098387
Concerti,29-11-22,2022-11-29,"Via Giuseppe di Vittorio, Milano, MI",Mediolanum Forum,Il nuovo concerto di Max Pezzali a Milano e come acquistare i biglietti,https://www.milanotoday.it/eventi/concerto-max-pezzali-forum-assago-2022.html,Musica e vita notturna,"Via Giuseppe Di Vittorio, Pontesesto, Rozzano, Milano, Lombardia, 20072, Italia",45.3848731,9.1854672
Manifestazioni,08-01-23,2022-11-29,"Via Giuseppe Eugenio Luraghi, 11, Milano, MI",Il Centro,Il Natale arriva al Centro di Arese,https://www.milanotoday.it/eventi/natale-il-centro-arese.html,Altri eventi,"Via Maestra, 11, Viale Giuseppe Eugenio Luraghi, Valera, Arese, Milano, Lombardia, 20044, Italia",45.5638918,9.0510987
Manifestazioni,08-01-23,2022-11-29,"Via Giuseppe Eugenio Luraghi, 11, Milano, MI",Il Centro,Il Natale arriva al Centro di Arese,https://www.milanotoday.it/eventi/natale-il-centro-arese.html,Altri eventi,"Via Maestra, 11, Viale Giuseppe Eugenio Luraghi, Valera, Arese, Milano, Lombardia, 20044, Italia",45.5638918,9.0510987
Spettacoli,29-11-22,2022-11-29,"Via Alessandro Manzoni 42,20121, Milano, MI,Italia",Manzoni,Amici fragili,https://www.teatro.it/spettacoli/milano/manzoni/2022-2023/federico-buffa-amici-fragili,Teatro e spettacolo,"Teatro Manzoni, 42, Via Alessandro Manzoni, Cerchia dei Navigli, Municipio 1, Milano, Lombardia, 20121, Italia",45.4710286,9.1944762
Spettacoli,29-11-22,2022-11-29,"via Pitteri 58,20134, Milano, MI,Italia",Martinitt,Ago: Capitano Silenzioso,https://www.teatro.it/spettacoli/milano/martinitt/2022-2023/ago-capitano-silenzioso,Teatro e spettacolo,"Via Riccardo Pitteri, Lambrate, Municipio 3, Milano, Lombardia, 20134, Italia",45.4798362,9.2457864
,30-11-22,2022-11-30,"Via Cicco Simonetta, 14a, Milano, MI",Germi,The Niro in concerto a Milano,https://www.milanotoday.it/eventi/the-niro-concerto-2022.html,Non classificato,"14a, Via Cicco Simonetta, Ticinese, Municipio 1, Milano, Lombardia, 20123, Italia",45.4563299,9.1755968
,03-12-22,2022-11-30,"Via Nerino, 2, Milano, MI",Galleria Wunderkammern,"Animated landscape, il pop up show",https://www.milanotoday.it/eventi/animated-landscape-2022.html,Non classificato,"2, Via Nerino, Cerchia dei Navigli, Municipio 1, Milano, Lombardia, 20123, Italia",45.4618629,9.1839774
Spettacoli,30-11-22,2022-11-30,"via Pitteri 58,20134, Milano, MI,Italia",Martinitt,Edith - Il passerotto di Francia,https://www.teatro.it/spettacoli/milano/martinitt/2022-2023/edith-il-passerotto-di-francia,Teatro e spettacolo,"Via Riccardo Pitteri, Lambrate, Municipio 3, Milano, Lombardia, 20134, Italia",45.4798362,9.2457864
Mostre,03-12-22,2022-11-30,"Via Nerino, 2, Milano, MI",Wunderkammern Gallery,2501 'animated landscape pop up show',https://www.milanotoday.it/eventi/2501-animated-landscape.html,Arte e cultura,"2, Via Nerino, Cerchia dei Navigli, Municipio 1, Milano, Lombardia, 20123, Italia",45.4618629,9.1839774
Incontri,24-12-22,2022-11-30,"Galleria Strasburgo, 3, Milano, MI",Studio Bolzani,L'ode al piatto,https://www.milanotoday.it/eventi/l-ode-al-piatto-l-ode-al-piatto-2022.html,Formazione e networking,"3, Galleria privata Strasburgo, Duomo, Municipio 1, Milano, Lombardia, 20122, Italia",45.4649141,9.197794
,15-01-23,2022-12-01,"Via Senato, 15, Milano, MI",Lattuada Gallery,"La mostra ""Big bang"" a Lattuada gallery",https://www.milanotoday.it/eventi/big-bang-lattuada-gallery-2022.html,Non classificato,"15, Via Senato, Duomo, Municipio 1, Milano, Lombardia, 20121, Italia",45.4700391,9.1977177
,04-02-23,2022-12-01,"Via Solferino, 44, Milano, MI",Antonio Colombo Arte Contemporanea,"Out of disorder, la mostra in via Solferino",https://www.milanotoday.it/eventi/out-of-disorder-2022.html,Non classificato,"44, Via Solferino, Brera, Municipio 1, Milano, Lombardia, 20121, Italia",45.4786644,9.1884688
evento solo on-line,01-12-22,2022-12-01,"Via Brera, 28, Milano, MI",Pinacoteca di Brera,Il Calendario dell'Avvento della Pinacoteca di Brera,,Eventi digitali,"Istituto Nazionale di Astrofisica – Osservatorio astronomico di Brera, 28, Via Brera, Cerchia dei Navigli, Municipio 1, Milano, Lombardia, 20121, Italia",45.4715946,9.1889707
,23-12-22,2022-12-01,"Via Vincenzo Forcella, 7, Milano, MI",ESH Gallery,La mostra dedicata al gioiello contemporaneo,https://www.milanotoday.it/eventi/mostra-gioiello-contemporaneo-2022.html,Non classificato,"Via Vincenzo Forcella, Tortona, Municipio 6, Milano, Lombardia, 20144, Italia",45.452594,9.1673964
,23-12-22,2022-12-01,"Via della Moscova, 50, Milano, MI",,Jameson Black Barrel Pop Up Shop: a Milano lo store dedicato al nuovo whiskey invecchiato in botti di legno carbonizzate,https://www.milanotoday.it/eventi/temporary-nuovo-whiskey-invecchiato.html,Non classificato,"Gambarotta, 50, Via della Moscova, Brera, Municipio 1, Milano, Lombardia, 20121, Italia",45.4776429,9.1854305
Disco&Feste,01-12-22,2022-12-01,"Via Gaudenzio Fantoli, 9, Milano, MI",Fabrique,La super festa di Natale di Radio Deejay,https://www.milanotoday.it/eventi/festa-natale-radio-deejay.html,Musica e vita notturna,"Fabrique, 9, Via Gaudenzio Fantoli, Mecenate, Municipio 4, Milano, Lombardia, 20138, Italia",45.4521243,9.2522773
Spettacoli,01-12-22,2022-12-01,"Piazza Enzo Jannacci 1,20017, Rho, MI,Italia",Civico - Roberto de Silva,La vita davanti a sé,https://www.teatro.it/spettacoli/rho/teatro-civico-roberto-de-silva/2022-2023/la-vita-davanti-a-se,Teatro e spettacolo,"Piazza Enzo Jannacci, San Pietro, Lucernate, Rho, Milano, Lombardia, 20017, Italia",45.5279748,9.0458872
,01-12-22,2022-12-01,"Via Enrico Caviglia, 3, Milano, MI",Istituto Italiano di Fotografia,IIf ospita la presentazione del volume “understanding the change”,https://www.milanotoday.it/eventi/iif-ospita-la-presentazione-2022.html,Non classificato,"CSDM, 3, Via Enrico Caviglia, Lodi - Corvetto, Municipio 4, Milano, Lombardia, 20139, Italia",45.4428538,9.2307904
,04-02-23,2022-12-01,"Via Solferino, 44, Milano, MI",Antonio Colombo Arte Contemporanea,"Out of disorder, la mostra in via Solferino",https://www.milanotoday.it/eventi/out-of-disorder-2022.html,Non classificato,"44, Via Solferino, Brera, Municipio 1, Milano, Lombardia, 20121, Italia",45.4786644,9.1884688
,15-01-23,2022-12-01,"Via Senato, 15, Milano, MI",Lattuada Gallery,"La mostra ""Big bang"" a Lattuada gallery",https://www.milanotoday.it/eventi/big-bang-lattuada-gallery-2022.html,Non classificato,"15, Via Senato, Duomo, Municipio 1, Milano, Lombardia, 20121, Italia",45.4700391,9.1977177
Spettacoli,01-12-22,2022-12-01,"via Settala,27,20124, Milano, MI,Italia",Gregorianum,Settanta volte sette,https://www.teatro.it/spettacoli/milano/gregorianum/2022-2023/settanta-volte-sette,Teatro e spettacolo,"Via Lodovico Settala, Buenos Aires - Venezia, Municipio 3, Milano, Lombardia, 20124, Italia",45.4813099,9.2068896
,23-12-22,2022-12-02,"Via Giuseppe Dall'Occo, 1, Milano, MI",Galleria Click Art,Natale d'artista,https://www.milanotoday.it/eventi/natale-d-artista-2022.html,Non classificato,"Via Giuseppe Dall'Occo, Cormano, Zona Omogenea Milano Nord, Milano, Lombardia, 20032, Italia",45.5444599,9.1691639
,02-12-22,2022-12-02,"Via Carlo Tenca, 11, Milano, MI",Galleria Cael,"""Gifts of art - 3rd edition"", la mostra d'arte contemporanea",https://www.milanotoday.it/eventi/mostra-arte-contemporanea-2022.html,Non classificato,"11, Via Carlo Tenca, Centrale, Municipio 2, Milano, Lombardia, 20124, Italia",45.4806693,9.2017813
Mercatini,08-01-23,2022-12-02,"Piazza del Duomo, Milano, MI",Piazza Duomo,"Natale 2022, tornano i meravigliosi mercatini in Duomo",https://www.milanotoday.it/eventi/mercatino-natale-duomo.html,Mercati e shopping,"Piazza del Duomo, Duomo, Municipio 1, Milano, Lombardia, Italia",45.4639102,9.1906398
Mercatini,08-01-23,2022-12-02,"Piazza del Duomo, Milano, MI",Piazza Duomo,"Natale 2022, tornano i meravigliosi mercatini in Duomo",https://www.milanotoday.it/eventi/mercatino-natale-duomo.html,Mercati e shopping,"Piazza del Duomo, Duomo, Municipio 1, Milano, Lombardia, Italia",45.4639102,9.1906398
,04-12-22,2022-12-02,"Piazza Vittoria, Milano, MI",Castello Mediceo,La sagra del Gorgonzola alle porte di Milano,https://www.milanotoday.it/eventi/sagra-gorgonzola-dicembre-2022.html,Non classificato,"Piazza Vittoria, Melegnano, Milano, Lombardia, 20077, Italia",45.357192,9.324294
Spettacoli,02-12-22,2022-12-02,"v. Mons. Pogliani 7/a,ang. via Grandi,20090, Cesano Boscone, MI,Italia",Cristallo,Tre x 2. Tra radio e Tv,https://www.teatro.it/spettacoli/cesano-boscone/cristallo/2022-2023/gemelli-di-guidonia-tre-x-2-tra-radio-e-tv,Teatro e spettacolo,"20090, Italy",45.407,9.1083
Disco&Feste,02-12-22,2022-12-02,"Via Bergognone, 34, Milano, MI",Base,Le Cannibale e Miss Kittin da Base,https://www.milanotoday.it/eventi/festa-miss-kittin-base.html,Musica e vita notturna,"Wikimedia Italia, 34, Via Bergognone Da Fossano, Tortona, Municipio 6, Milano, Lombardia, 20144, Italia",45.4518657,9.1625146
Mercatini,04-12-22,2022-12-02,"Via Giulio Cesare Procaccini, Milano, MI",Fabbrica del Vapore,Spazio della solidarietà alla Fabbrica del Vapore,https://www.milanotoday.it/eventi/spazio-exodus-fabbrica-vapore.html,Mercati e shopping,"Via Giulio Cesare Procaccini, Bullona, Porta Volta, Municipio 8 di Milano, Milano, Lombardia, 20154, Italia",45.4839792,9.1756444
,03-12-22,2022-12-03,"Via Clerici, 10, Milano, MI",Circolo Filologico Milanese,"A Milano il Run Happy Tour, la grande festa del running",https://www.milanotoday.it/eventi/festa-running-2022.html,Non classificato,"10, Via Clerici, Brera, Municipio 1, Milano, Lombardia, 20121, Italia",45.4672554,9.1870791
,03-12-22,2022-12-03,"Via Marco D'Oggiono, Milano, MI",Teatro LabArca,La ballata del vecchio marinaio,https://www.milanotoday.it/eventi/ballata-vecchio-marinaio-2022.html,Non classificato,"Via Marco d'Oggiono, Ticinese, Municipio 1, Milano, Lombardia, 20123, Italia",45.4569667,9.1758861
Teatri,05-12-22,2022-12-03,"Via Pompeo Cambiasi, 10, Milano, MI",Campo Teatrale,Lo spettacolo di Pinocchio interpretato da bambini con e senza disabilità,https://www.milanotoday.it/eventi/spettacolo-pinocchio-bambini-disabili.html,Teatro e spettacolo,"10, Via Pompeo Cambiasi, Loreto, Municipio 3, Milano, Lombardia, 20131, Italia",45.4899575,9.2313007
,04-12-22,2022-12-03,"Corso Europa, 291, Milano, MI",Villa Burba,Torna il festival (gratis) dedicato al panettone artigianale,https://www.milanotoday.it/eventi/panettone-festival-2022.html,Non classificato,"Villa Burba Cornaggia Medici, 291, Corso Europa, San Paolo-Capuana, Castellazzo, Rho, Milano, Lombardia, 20017, Italia",45.5334962,9.0281769
Concerto,03-12-22,2022-12-03,"via Brera, 28, Milano, MI",Pinacoteca di Brera - Biblioteca Nazionale Braidense di Milano,I COLORI delle EMOZIONI,,Musica e vita notturna,"Istituto Nazionale di Astrofisica – Osservatorio astronomico di Brera, 28, Via Brera, Cerchia dei Navigli, Municipio 1, Milano, Lombardia, 20121, Italia",45.4715946,9.1889707
,04-12-22,2022-12-03,"Via Giovanni Bellezza, 16a, Milano, MI",Arci Bellezza,A Milano arriva il mercatino natalizio nordico,https://www.milanotoday.it/attualita/mercatino-natalizio-nordico.html,Non classificato,"16a, Via Giovanni Bellezza, Vigentina, Municipio 5, Milano, Lombardia, 20136, Italia",45.4486728,9.1948474
Manifestazioni,04-12-22,2022-12-03,"Via San Marco, 40, Milano, MI",MUSEO DEI NAVIGLI,Fiera nazionale del panettone e del pandoro - XIV edizione,https://www.milanotoday.it/eventi/fiera-nazionale-del-panettone-e-del-pandoro-2022.html,Altri eventi,"Domò, 40, Via San Marco, Brera, Municipio 1, Milano, Lombardia, 20121, Italia",45.4784052,9.1891516
Concerti,18-12-22,2022-12-03,"Via San Giovanni sul Muro, 2, Milano, MI",Teatro dal Verme,Ludovico Einaudi torna a Milano con una serie di concerti imperdibili,https://www.milanotoday.it/eventi/concerto-einaudi-dal-verme-dicembre.html,Musica e vita notturna,"2, Via San Giovanni sul Muro, Cerchia dei Navigli, Municipio 1, Milano, Lombardia, 20121, Italia",45.4671162,9.1814924
Spettacoli,03-12-22,2022-12-03,"Via Larga 14,20122, Milano, MI,Italia",Lirico Giorgio Gaber,Il cammino dell'anima Tour 2020 - Angelo Branduardi,https://www.teatro.it/spettacoli/milano/lirico-giorgio-gaber/2022-2023/il-cammino-dellanima-tour-2020-angelo-branduardi,Teatro e spettacolo,"Teatro Lirico Giorgio Gaber, 14, Via Larga, Cerchia dei Navigli, Municipio 1, Milano, Lombardia, 20122, Italia",45.4615135,9.1918702
Spettacoli,03-12-22,2022-12-03,"Via Filodrammatici 2,20121, Milano, MI,Italia",Teatro Alla Scala,English Baroque Soloist,https://www.teatro.it/spettacoli/milano/teatro-alla-scala/2022-2023/english-baroque-soloist,Teatro e spettacolo,"2, Via Filodrammatici, Brera, Milano, Lombardia, 20121, Italia",45.4676198,9.1884287
,03-12-22,2022-12-03,"Via Enrico Caviglia, 3, Milano, MI",Istituto Italiano di Fotografia,Tête-à-tête: racconti fotografici del carcinoma della mammella,https://www.milanotoday.it/eventi/tete-a-tete-racconti-fotografici-2022.html,Non classificato,"CSDM, 3, Via Enrico Caviglia, Lodi - Corvetto, Municipio 4, Milano, Lombardia, 20139, Italia",45.4428538,9.2307904
,04-12-22,2022-12-03,"Via Desenzano, 22, Milano, MI",Caserma dei vigili del fuoco,Si possono visitare tutte le caserme dei vigili del fuoco,https://www.milanotoday.it/eventi/visita-caserma-pompieri-2022.html,Non classificato,"Via Desenzano, Bande Nere, Municipio 7, Milano, Lombardia, 20146, Italia",45.4625284,9.1407043
Mostre,03-12-22,2022-12-03,"Piazza del Duomo, Milano, MI",Palazzo Reale di Milano,Sabato 3 dicembre – Max Ernst al Palazzo Reale di Milano,https://www.milanotoday.it/eventi/sabato-3-dicembre-max-ernst-2022.html,Arte e cultura,"Piazza del Duomo, Duomo, Municipio 1, Milano, Lombardia, Italia",45.4639102,9.1906398
Spettacoli,04-12-22,2022-12-04,"Via Alessandro Manzoni 42,20121, Milano, MI,Italia",Manzoni,Miracolato,https://www.teatro.it/spettacoli/milano/manzoni/2022-2023/max-angioni-miracolato,Teatro e spettacolo,"Teatro Manzoni, 42, Via Alessandro Manzoni, Cerchia dei Navigli, Municipio 1, Milano, Lombardia, 20121, Italia",45.4710286,9.1944762
Spettacoli,04-12-22,2022-12-04,"Corso Buenos Aires 33,20124, Milano, MI,Italia",Elfo Puccini - Sala Bausch,La carne è debole,https://www.teatro.it/spettacoli/milano/elfo-puccini-sala-bausch/2022-2023/la-carne-e-debole,Teatro e spettacolo,"Teatro Elfo Puccini, 33, Corso Buenos Aires, Buenos Aires - Venezia, Municipio 3, Milano, Lombardia, 20124, Italia",45.4794317,9.2098387
Spettacoli,04-12-22,2022-12-04,"Largo Antonio Greppi,20121, Milano, MI,Italia",Piccolo Teatro - Teatro Strehler,Il sogno di un uomo ridicolo,https://www.teatro.it/spettacoli/milano/piccolo-teatro-teatro-strehler/2022-2023/il-sogno-di-un-uomo-ridicolo,Teatro e spettacolo,"Largo Antonio Greppi, Cerchia dei Navigli, Municipio 1, Milano, Lombardia, 20121, Italia",45.4718502,9.1827114
Spettacoli,04-12-22,2022-12-04,"Corso Buenos Aires 33,20124, Milano, MI,Italia",Elfo Puccini - sala Shakespeare,PA',https://www.teatro.it/spettacoli/milano/elfo-puccini-sala-shakespeare/2022-2023/luigi-lo-cascio-pa,Teatro e spettacolo,"Teatro Elfo Puccini, 33, Corso Buenos Aires, Buenos Aires - Venezia, Municipio 3, Milano, Lombardia, 20124, Italia",45.4794317,9.2098387
Spettacoli,04-12-22,2022-12-04,"Corso Buenos Aires,33,20124, Milano, MI,Italia",Teatro Elfo Puccini - sala Fassbinder,L'avversario,https://www.teatro.it/spettacoli/milano/teatro-elfo-puccini-sala-fassbinder/2022-2023/lavversario,Teatro e spettacolo,"Teatro Elfo Puccini, 33, Corso Buenos Aires, Buenos Aires - Venezia, Municipio 3, Milano, Lombardia, 20124, Italia",45.4794317,9.2098387
Concerti,04-12-22,2022-12-04,"Via Pietrasanta, 16, Milano, MI",Magazzini Generali,Emis Killa in concerto a Milano. Orari e biglietti,https://www.milanotoday.it/eventi/concerto-emis-killa-magazzini-generali.html,Musica e vita notturna,"16, Via Pietrasanta, Ex Om - Morivione, Municipio 5, Milano, Lombardia, 20141, Italia",45.4440954,9.1951652
Spettacoli,04-12-22,2022-12-04,"via Filodrammatici,1,20121, Milano, MI,Italia",Filodrammatici,Il grande giorno,https://www.teatro.it/spettacoli/milano/filodrammatici/2022-2023/il-grande-giorno,Teatro e spettacolo,"Teatro dei Filodrammatici, 1, Via Filodrammatici, Brera, Municipio 1, Milano, Lombardia, 20121, Italia",45.467261,9.188435
Spettacoli,04-12-22,2022-12-04,"Viale dell'Innovazione 20,20126, Milano, MI,Italia",Arcimboldi,Lo Schiaccianoci,https://www.teatro.it/spettacoli/milano/degli-arcimboldi/2022-2023/lo-schiaccianoci,Teatro e spettacolo,"20, Viale dell'Innovazione, Bicocca, Municipio 9, Milano, Lombardia, 20125, Italia",45.5148696,9.2135963
Spettacoli,04-12-22,2022-12-04,"Corso Venezia 2/A,20121, Milano, MI,Italia",San Babila,Una volta nella vita (Once),https://www.teatro.it/spettacoli/milano/san-babila/2022-2023/una-volta-nella-vita-once,Teatro e spettacolo,"2a, Corso Venezia, Duomo, Municipio 1, Milano, Lombardia, 20121, Italia",45.4670204,9.1981104
Manifestazioni,04-12-22,2022-12-04,"Via Fametta, Milano, MI",Villa Arconati-FAR,"Canti di Natale, cioccolata e presepi a Villa Arconati",https://www.milanotoday.it/eventi/canto-natale-villa-arconati.html,Altri eventi,"Via Fametta, Via Trento, Castellazzo, Bollate, Milano, Lombardia, 20021, Italia",45.5583474,9.0954064
Spettacoli,04-12-22,2022-12-04,"via Pier Lombardo,14,20135, Milano, MI,Italia",Franco Parenti - Sala Grande,Il delitto di via dell'Orsina,https://www.teatro.it/spettacoli/milano/franco-parenti-sala-grande/2022-2023/il-delitto-di-via-dellorsina,Teatro e spettacolo,"Via Pier Lombardo, Porta Romana, Municipio 4, Milano, Lombardia, 20135, Italia",45.4542958,9.2063109
Spettacoli,05-12-22,2022-12-05,"Via Alessandro Manzoni 42,20121, Milano, MI,Italia",Manzoni,Omaggio a Morricone - Musiche da Oscar,https://www.teatro.it/spettacoli/milano/manzoni/2022-2023/omaggio-a-morricone-musiche-da-oscar,Teatro e spettacolo,"Teatro Manzoni, 42, Via Alessandro Manzoni, Cerchia dei Navigli, Municipio 1, Milano, Lombardia, 20121, Italia",45.4710286,9.1944762
Spettacoli,06-12-22,2022-12-06,"Viale dell'Innovazione 20,20126, Milano, MI,Italia",Arcimboldi,Gloria Forever Tour,https://www.teatro.it/spettacoli/milano/degli-arcimboldi/2022-2023/umberto-tozzi-gloria-forever-tour,Teatro e spettacolo,"20, Viale dell'Innovazione, Bicocca, Municipio 9, Milano, Lombardia, 20125, Italia",45.5148696,9.2135963
Incontri,08-01-23,2022-12-06,"Via Federico Confalonieri, 14, Milano, MI",Casa della Memoria,"Cantierememoria 2022-2023 e mostra ""Twice:  a  30 anni dall’assedio di Sarajevo""",https://www.milanotoday.it/eventi/cantierememoria-2022-2023.html,Formazione e networking,"14, Via Federico Confalonieri, Isola, Municipio 9, Milano, Lombardia, 20124, Italia",45.4865703,9.1912614
Spettacoli,06-12-22,2022-12-06,"Via Cambiasi,10,20131, Milano, MI,Italia",Campo Teatrale,Leviatano,https://www.teatro.it/spettacoli/milano/campo-teatrale/2022-2023/leviatano,Teatro e spettacolo,"10, Via Pompeo Cambiasi, Loreto, Municipio 3, Milano, Lombardia, 20131, Italia",45.4899575,9.2313007
Incontri,08-01-23,2022-12-06,"Via Federico Confalonieri, 14, Milano, MI",Casa della Memoria,"Cantierememoria 2022-2023 e mostra ""Twice:  a  30 anni dall’assedio di Sarajevo""",https://www.milanotoday.it/eventi/cantierememoria-2022-2023.html,Formazione e networking,"14, Via Federico Confalonieri, Isola, Municipio 9, Milano, Lombardia, 20124, Italia",45.4865703,9.1912614
Manifestazioni,08-01-23,2022-12-07,"Piazza Duca d'Aosta, Milano, MI",Stazione Centrale,"Natale 2022, il più grande percorso ghiacciato allestito a Milano",https://www.milanotoday.it/eventi/villaggio-natale-stazione-centrale.html,Altri eventi,"Piazza Duca d'Aosta, Centrale, Municipio 2, Milano, Lombardia, 20124, Italia",45.4848412,9.2032441
Spettacoli,07-12-22,2022-12-07,"Via Larga 14,20122, Milano, MI,Italia",Lirico Giorgio Gaber,Tutti i sogni ancora in volo,https://www.teatro.it/spettacoli/milano/lirico-giorgio-gaber/2022-2023/massimo-ranieri-tutti-i-sogni-ancora-in-volo,Teatro e spettacolo,"Teatro Lirico Giorgio Gaber, 14, Via Larga, Cerchia dei Navigli, Municipio 1, Milano, Lombardia, 20122, Italia",45.4615135,9.1918702
Mercatini,10-12-22,2022-12-07,"Piazza Castello, Milano, MI",Castello Sforzesco,Luci e mercatini in piazza: torna la fiera degli Oh Bej! Oh Bej!,https://www.milanotoday.it/eventi/fiera-oh-bej-oh-bej-2022.html,Mercati e shopping,"Piazza Castello, Cerchia dei Navigli, Municipio 1, Milano, Lombardia, Italia",45.4704699,9.1819129
Mostre,08-01-23,2022-12-07,"Piazza Tre Torri, Milano, MI",Citylife Shopping District,A Milano c'è il villaggio di Natale della Disney (gratis),https://www.milanotoday.it/eventi/villaggio-natale-disney-prenotare.html,Arte e cultura,"Piazza Tre Torri, Tre Torri, Municipio 8 di Milano, Milano, Lombardia, 20149, Italia",45.4783108,9.1570584
Manifestazioni,08-01-23,2022-12-07,"Piazza Duca d'Aosta, Milano, MI",Stazione Centrale,"Natale 2022, il più grande percorso ghiacciato allestito a Milano",https://www.milanotoday.it/eventi/villaggio-natale-stazione-centrale.html,Altri eventi,"Piazza Duca d'Aosta, Centrale, Municipio 2, Milano, Lombardia, 20124, Italia",45.4848412,9.2032441
Mercatini,10-12-22,2022-12-07,"Piazza Castello, Milano, MI",Castello Sforzesco,A Milano tornano gli Oh Bej! Oh Bej!: aprono oggi i mercatini di Sant'Ambrogio,https://www.milanotoday.it/eventi/oh-bej-oh-bej-2022-natale-oggi.html,Mercati e shopping,"Piazza Castello, Cerchia dei Navigli, Municipio 1, Milano, Lombardia, Italia",45.4704699,9.1819129
Manifestazioni,08-01-23,2022-12-07,"Piazza Tre Torri, Milano, MI",,Il Villaggio di Natale della Disney tra luci e supereroi,https://www.milanotoday.it/eventi/villaggio-natale-disney-citylife.html,Altri eventi,"Piazza Tre Torri, Tre Torri, Municipio 8 di Milano, Milano, Lombardia, 20149, Italia",45.4783108,9.1570584
Manifestazioni,08-01-23,2022-12-07,"Piazza Tre Torri, Milano, MI",,Il Villaggio di Natale della Disney tra luci e supereroi,https://www.milanotoday.it/eventi/villaggio-natale-disney-citylife.html,Altri eventi,"Piazza Tre Torri, Tre Torri, Municipio 8 di Milano, Milano, Lombardia, 20149, Italia",45.4783108,9.1570584
Manifestazioni,10-12-22,2022-12-07,"Cavalcavia Eugenio Bussa, Milano, MI",Intera Via,Fiera degli alter bej,https://www.milanotoday.it/eventi/fiera-degli-alter-bej-2022.html,Altri eventi,"Cavalcavia Eugenio Bussa, Isola, Municipio 9, Milano, Lombardia, 20100, Italia",45.4856469,9.1879164
Mostre,08-01-23,2022-12-07,"Piazza Tre Torri, Milano, MI",Citylife Shopping District,A Milano c'è il villaggio di Natale della Disney (gratis),https://www.milanotoday.it/eventi/villaggio-natale-disney-prenotare.html,Arte e cultura,"Piazza Tre Torri, Tre Torri, Municipio 8 di Milano, Milano, Lombardia, 20149, Italia",45.4783108,9.1570584
Mostre,11-12-22,2022-12-07,"Via San Vittore, 21, Milano, MI",Museo Nazionale della Scienza e della Tecnologia,Le attività al Museo della Scienza per Sant'Ambrogio,https://www.milanotoday.it/eventi/attivita-museo-scienza-sant-amborgio.html,Arte e cultura,"21, Via San Vittore, Magenta - San Vittore, Municipio 1, Milano, Lombardia, 20123, Italia",45.4628946,9.1706462
Mercatini,10-12-22,2022-12-07,"Piazza Castello, Milano, MI",Castello Sforzesco,"Tornano gli Oh Bej! Oh Bej!, i mitici mercatini di Natale di Milano",https://www.milanotoday.it/eventi/oh-bej-oh-bej-date-quest-anno.html,Mercati e shopping,"Piazza Castello, Cerchia dei Navigli, Municipio 1, Milano, Lombardia, Italia",45.4704699,9.1819129
Teatri,11-12-22,2022-12-08,"Via Lodovico Montegani, 35, Milano, MI",Atelier Carlo Colla e Figli,"La Bella Addormentata nel bosco, spettacolo per bambini",https://www.milanotoday.it/eventi/spettacolo-bella-addormentata-nel-bosco-carlo-colla.html,Teatro e spettacolo,"Via Lodovico Montegani, Stadera, Municipio 5, Milano, Lombardia, 20136, Italia",45.4355551,9.1780459
Spettacoli,09-12-22,2022-12-09,"Viale dell'Innovazione 20,20126, Milano, MI,Italia",Arcimboldi,ELISA - An intimate Night (with Dardust),https://www.teatro.it/spettacoli/milano/degli-arcimboldi/2022-2023/elisa-dardust,Teatro e spettacolo,"20, Viale dell'Innovazione, Bicocca, Municipio 9, Milano, Lombardia, 20125, Italia",45.5148696,9.2135963
Concerti,09-12-22,2022-12-09,"Piazza Cesare Beccaria, 8, Milano, MI",Teatro Gerolamo,Il concerto jazz di Natale con il Paolo Fresu Trio,https://www.milanotoday.it/eventi/concerto-jazz-natale-paolo-fresu.html,Musica e vita notturna,"Teatro Gerolamo, 8, Piazza Cesare Beccaria, Duomo, Municipio 1, Milano, Lombardia, 20122, Italia",45.464175,9.1945551
,31-12-22,2022-12-09,"Via Martiri di Cefalonia, Milano, MI",Rifugio Lega del cane,Il mercatino di Natale nello 'chalet dei cani',https://www.milanotoday.it/eventi/mercatino-natale-cani.html,Non classificato,"Via Martiri di Cefalonia, Liscate, Milano, Lombardia, 20050, Italia",45.486792,9.4095585
Incontri,11-12-22,2022-12-10,"Via Fametta, 1, Milano, MI",Villa Arconati,Giri in carrozza e vin brulé: ecco il Natale della piccola Versailles di Milano,https://www.milanotoday.it/eventi/natale-villa-arconati.html,Formazione e networking,"1, Via Fametta, Via Trento, Castellazzo, Bollate, Milano, Lombardia, 20021, Italia",45.556757,9.0958021
Manifestazioni,08-01-23,2022-12-10,"Via dei Platani, 31, Milano, MI",Casa di Babbo Natale,Quasi mezzo milione di luci illumina la Casa di Babbo Natale,https://www.milanotoday.it/eventi/luci-casa-babbo-natale-2022.html,Altri eventi,"31, Via dei Platani, Melegnano, Milano, Lombardia, 20077, Italia",45.3510448,9.324728
Mostre,18-12-22,2022-12-10,"Piazza del Duomo, Milano, MI",Palazzo Reale,A Milano una mostra (gratis) per i 150 anni degli Alpini,https://www.milanotoday.it/eventi/mostra-alpini_palazzo-reale.html,Arte e cultura,"Piazza del Duomo, Duomo, Municipio 1, Milano, Lombardia, Italia",45.4639102,9.1906398
,10-12-22,2022-12-10,"Via Clerici, 10, Milano, MI",Circolo Filologico milanese,Concerto di Natale con le voci liriche,https://www.milanotoday.it/eventi/concerto-di-natale-con-le-voci-liriche-2022.html,Non classificato,"10, Via Clerici, Brera, Municipio 1, Milano, Lombardia, 20121, Italia",45.4672554,9.1870791
,14-12-22,2022-12-10,"Corso di Porta Nuova, 32, Milano, MI",Unione Femminila Nazionale,La fiera enogastronomica dei prodotti di qualità,https://www.milanotoday.it/eventi/fiera-prodotti-qualita-2022.html,Non classificato,"32, Corso di Porta Nuova, Brera, Municipio 1, Milano, Lombardia, 20121, Italia",45.476776,9.1920002
Mostre,08-01-23,2022-12-10,"Via dei Platani, 31, Milano, MI",Casa di Babbo Natale,Torna la mitica casa di Babbo Natale (gratis),https://www.milanotoday.it/eventi/casa-babbo-natale-melegnano-2022.html,Arte e cultura,"31, Via dei Platani, Melegnano, Milano, Lombardia, 20077, Italia",45.3510448,9.324728
Manifestazioni,08-01-23,2022-12-10,"Via dei Platani, 31, Milano, MI",Casa di Babbo Natale,Quasi mezzo milione di luci illumina la Casa di Babbo Natale,https://www.milanotoday.it/eventi/luci-casa-babbo-natale-2022.html,Altri eventi,"31, Via dei Platani, Melegnano, Milano, Lombardia, 20077, Italia",45.3510448,9.324728
Mostre,08-01-23,2022-12-10,"Via dei Platani, 31, Milano, MI",Casa di Babbo Natale,Torna la mitica casa di Babbo Natale (gratis),https://www.milanotoday.it/eventi/casa-babbo-natale-melegnano-2022.html,Arte e cultura,"31, Via dei Platani, Melegnano, Milano, Lombardia, 20077, Italia",45.3510448,9.324728
,11-12-22,2022-12-10,"Via Monsignor Eugenio Gilardelli, 10, Milano, MI",Palazzo Leone da Perego,Torna il festival (gratis) dedicato al panettone artigianale,https://www.milanotoday.it/eventi/festival-panettone-legnano-2022.html,Non classificato,"Via Monsignor Eugenio Gilardelli, San Magno, Oltresempione, Legnano, Milano, Lombardia, 20025, Italia",45.5942837,8.9198596
Spettacoli,11-12-22,2022-12-11,"Via Larga 14,20122, Milano, MI,Italia",Lirico Giorgio Gaber,Lo Schiaccianoci,https://www.teatro.it/spettacoli/milano/lirico-giorgio-gaber/2022-2023/lo-schiaccianoci,Teatro e spettacolo,"Teatro Lirico Giorgio Gaber, 14, Via Larga, Cerchia dei Navigli, Municipio 1, Milano, Lombardia, 20122, Italia",45.4615135,9.1918702
Spettacoli,11-12-22,2022-12-11,"via Selvanesco 75,20142, Milano, MI,Italia",Pim Off,Ouverture des Saponettes,https://www.teatro.it/spettacoli/milano/pim-off/2022-2023/ouverture-des-saponettes,Teatro e spettacolo,"75, Via Selvanesco, Gratosoglio - Ticinello, Municipio 5, Milano, Lombardia, 20142, Italia",45.4149579,9.1773287
Spettacoli,11-12-22,2022-12-11,"Corso Venezia 2/A,20121, Milano, MI,Italia",San Babila,Nota stonata,https://www.teatro.it/spettacoli/milano/san-babila/2022-2023/nota-stonata,Teatro e spettacolo,"2a, Corso Venezia, Duomo, Municipio 1, Milano, Lombardia, 20121, Italia",45.4670204,9.1981104
Spettacoli,11-12-22,2022-12-11,"Via Filodrammatici 2,20121, Milano, MI,Italia",Teatro Alla Scala,Recital di pianoforte - Khatia Buniatishvili,https://www.teatro.it/spettacoli/milano/teatro-alla-scala/2022-2023/recital-di-pianoforte-khatia-buniatishvili,Teatro e spettacolo,"2, Via Filodrammatici, Brera, Milano, Lombardia, 20121, Italia",45.4676198,9.1884287
Concerti,11-12-22,2022-12-11,"Viale dell'Innovazione, Milano, MI",Teatro Arcimbodi,Nek festeggia i 30 anni di carriera in un concerto speciale a Milano,https://www.milanotoday.it/eventi/concerto-nek-arcimboldi-2022.html,Musica e vita notturna,"Viale dell'Innovazione, Bicocca, Municipio 9, Milano, Lombardia, 20126, Italia",45.51168,9.2112427
Concerti,11-12-22,2022-12-11,"Via Conservatorio, Milano, MI",Conservatorio Giuseppe Verdi,Il concerto di Natale di Roberto Vecchioni per l'Opera San Francesco,https://www.milanotoday.it/eventi/concerto-roberto-vecchioni-natale-2022.html,Musica e vita notturna,"Via Conservatorio, Guastalla, Municipio 1, Milano, Lombardia, 20122, Italia",45.4658084,9.2027724
Spettacoli,11-12-22,2022-12-11,"Via Alessandro Manzoni 42,20121, Milano, MI,Italia",Manzoni,Mine vaganti,https://www.teatro.it/spettacoli/milano/manzoni/2022-2023/mine-vaganti,Teatro e spettacolo,"Teatro Manzoni, 42, Via Alessandro Manzoni, Cerchia dei Navigli, Municipio 1, Milano, Lombardia, 20121, Italia",45.4710286,9.1944762
,11-12-22,2022-12-11,"Via Tortona 27, Milano, MI",Superstudio Più,La fiera dedicata alle sneakers,https://www.milanotoday.it/eventi/kickit-n5-milano-various-artists-9522830.html,Non classificato,"Mandarina duck, 27, Via Tortona, Tortona, Municipio 6, Milano, Lombardia, 20144, Italia",45.4506784,9.1634775
,11-12-22,2022-12-11,"Piazza del Carmine, 2, Milano, MI",Chiesa del Carmine,"Cuore caldi, un Natale solidale",https://www.milanotoday.it/eventi/cuore-caldi-un-natale-solidale.html,Non classificato,"2, Piazza del Carmine, Brera, Milano, Lombardia, 20121, Italia",45.4705766,9.1854554
Spettacoli,11-12-22,2022-12-11,"Viale dell'Innovazione 20,20126, Milano, MI,Italia",Arcimboldi,NEK HITS,https://www.teatro.it/spettacoli/milano/degli-arcimboldi/2022-2023/nek-5030-live,Teatro e spettacolo,"20, Viale dell'Innovazione, Bicocca, Municipio 9, Milano, Lombardia, 20125, Italia",45.5148696,9.2135963
,12-12-22,2022-12-12,"Via Ulisse Dini, 7, Milano, MI",PACTA Salone,"Fabrizio de André e Nick Cave, due profondità a confronto",https://www.milanotoday.it/eventi/de-andre-nick-cave.html,Non classificato,"PACTA Salone, 7, Via Ulisse Dini, Stadera, Municipio 5, Milano, Lombardia, 20136, Italia",45.4290193,9.1798393
,12-12-22,2022-12-12,"Corso Vittorio Emanuele II, 12, Milano, MI",Libreria Bocca,Rinascimento poetico in libreria Bocca,https://www.milanotoday.it/eventi/rinascimento-poetico-in-libreria-bocca-2022.html,Non classificato,"Corso Vittorio Emanuele Secondo, Duomo, Municipio 1, Milano, Lombardia, 20122, Italia",45.464759,9.1930823
Teatri,08-01-23,2022-12-13,"Via Alessandro Manzoni, 40, Milano, MI",Teatro Manzoni,Vincenzo Salemme a teatro (anche a Capodanno),https://www.milanotoday.it/eventi/spettacolo-vincenzo-salemme-teatro-manzoni.html,Teatro e spettacolo,"40, Via Alessandro Manzoni, Cerchia dei Navigli, Municipio 1, Milano, Lombardia, 20121, Italia",45.4712799,9.1941811
Teatri,18-12-22,2022-12-13,"Via Giorgio Vasari, Milano, MI",Teatro Franco Parenti,"""Agnello di Dio"" al Franco Parenti racconta le crepe della società moderna",https://www.milanotoday.it/eventi/agnello-di-dio-teatro-franco-parenti.html,Teatro e spettacolo,"Via Giorgio Vasari, Porta Romana, Municipio 4, Milano, Lombardia, 20135, Italia",45.4542475,9.2073471
Teatri,22-12-22,2022-12-13,"Largo Greppi, 1, Milano, MI",Piccolo Teatro Strehler,"Dopo quattro anni torna al Piccolo Teatro di Milano la magia di ""Cenerentola""",https://www.milanotoday.it/eventi/spettacolo-cenerentola-accademia-teatro-scala.html,Teatro e spettacolo,"Largo Antonio Greppi, Cerchia dei Navigli, Municipio 1, Milano, Lombardia, 20121, Italia",45.4718502,9.1827114
,25-02-23,2022-12-13,"Via Gaudenzio Ferrari, 3, Milano, MI",Almach Art Gallery,Seven artists on focus,https://www.milanotoday.it/eventi/seven-artists-on-focus-mostra-collettiva.html,Non classificato,"3, Via Gaudenzio Ferrari, Ticinese, Municipio 1, Milano, Lombardia, 20123, Italia",45.4558833,9.1754506
Spettacoli,13-12-22,2022-12-13,"Viale dell'Innovazione 20,20126, Milano, MI,Italia",Arcimboldi,Ornella Vanoni - Le donne e la musica Tour,https://www.teatro.it/spettacoli/milano/degli-arcimboldi/2022-2023/ornella-vanoni-le-donne-e-la-musica-tour-2022,Teatro e spettacolo,"20, Viale dell'Innovazione, Bicocca, Municipio 9, Milano, Lombardia, 20125, Italia",45.5148696,9.2135963
Incontri,16-12-22,2022-12-13,"Via Orefici, 15, Milano, MI",Fao Schwarz,Da Fao Schwarz arriva Babbo Natale,https://www.milanotoday.it/eventi/babbo-natale-fao-schwarz.html,Formazione e networking,"FAO Schwarz, 15, Via Orefici, Cerchia dei Navigli, Municipio 1, Milano, Lombardia, 20123, Italia",45.464913,9.1864242
Spettacoli,13-12-22,2022-12-13,"Via Varese,29,20024, Garbagnate Milanese, MI,Italia",Italia,Caveman,https://www.teatro.it/spettacoli/garbagnate-milanese/italia/2022-2023/maurizio-colombi-caveman,Teatro e spettacolo,"Via Varese, Quadrifoglio, Santa Maria Rossa, Garbagnate Milanese, Milano, Lombardia, 20024, Italia",45.5758278,9.0778952
,25-02-23,2022-12-13,"Via Gaudenzio Ferrari, 3, Milano, MI",Almach Art Gallery,Seven artists on focus,https://www.milanotoday.it/eventi/seven-artists-on-focus-mostra-collettiva.html,Non classificato,"3, Via Gaudenzio Ferrari, Ticinese, Municipio 1, Milano, Lombardia, 20123, Italia",45.4558833,9.1754506
Teatri,08-01-23,2022-12-13,"Via Alessandro Manzoni, 40, Milano, MI",Teatro Manzoni,Vincenzo Salemme a teatro (anche a Capodanno),https://www.milanotoday.it/eventi/spettacolo-vincenzo-salemme-teatro-manzoni.html,Teatro e spettacolo,"40, Via Alessandro Manzoni, Cerchia dei Navigli, Municipio 1, Milano, Lombardia, 20121, Italia",45.4712799,9.1941811
,14-12-22,2022-12-14,"Via Conservatorio, 12, Milano, MI",Sala Puccini del Conservatorio “G. Verdi”,Concerto straordinario per la speranza della pace - conservatorio verdi di Milano - 14 dicembre ore 20,https://www.milanotoday.it/eventi/concerto-straordinario-2022.html,Non classificato,"Via Conservatorio, Guastalla, Municipio 1, Milano, Lombardia, 20122, Italia",45.4658084,9.2027724
Mostre,21-01-23,2022-12-14,"Corso di Porta Vittoria, 6, Milano, MI",Biblioteca Sormani,"Senza posa. Musicisti, poeti e artisti nella Milano degli anni ‘80",https://www.milanotoday.it/eventi/mostra-fotografica-carla-de-bernardi.html,Arte e cultura,"Biblioteca Comunale Centrale Sormani, 6, Corso di Porta Vittoria, Guastalla, Municipio 1, Milano, Lombardia, 20122, Italia",45.4621276,9.1981128
Spettacoli,14-12-22,2022-12-14,"Piazza Risorgimento 19,20066, Melzo, MI,Italia",Trivulzio,A Christmas Carol - Il Canto di Natale,https://www.teatro.it/spettacoli/melzo/trivulzio/2022-2023/a-christmas-carol-il-musical,Teatro e spettacolo,"Piazza Risorgimento, Melzo, Milano, Lombardia, 20066, Italia",45.5003449,9.4229132
Mostre,21-01-23,2022-12-14,"Corso di Porta Vittoria, 6, Milano, MI",Biblioteca Sormani,"Senza posa. Musicisti, poeti e artisti nella Milano degli anni ‘80",https://www.milanotoday.it/eventi/mostra-fotografica-carla-de-bernardi.html,Arte e cultura,"Biblioteca Comunale Centrale Sormani, 6, Corso di Porta Vittoria, Guastalla, Municipio 1, Milano, Lombardia, 20122, Italia",45.4621276,9.1981128
Mostre,15-01-23,2022-12-15,"Via Ascanio Sforza, 69, Milano, MI",Art Studio Finestreria,Mostra d'arte contemporanea: Clematis Vitalba,https://www.milanotoday.it/eventi/mostra-d-arte-contemporanea-clematis-vitalba-2022.html,Arte e cultura,"69, Via Ascanio Sforza, Ticinese, Municipio 5, Milano, Lombardia, 20141, Italia",45.4431758,9.1764198
Spettacoli,15-12-22,2022-12-15,"Corso Magenta,61,20123, Milano, MI,Italia",Palazzo delle Stelline,La Musica del Cuore,https://www.teatro.it/spettacoli/milano/palazzo-delle-stelline/2022-2023/la-musica-del-cuore,Teatro e spettacolo,"61, Corso Magenta, Magenta - San Vittore, Municipio 1, Milano, Lombardia, 20123, Italia",45.4656392,9.1722471
Spettacoli,15-12-22,2022-12-15,"vicolo Fiume 4,20092, Cinisello Balsamo, MI,Italia",Pax,Le preziose ridicole,https://www.teatro.it/spettacoli/cinisello-balsamo/pax/2022-2023/preziose-ridicole,Teatro e spettacolo,"CineTeatro Pax, 4, Vicolo Fiume, Cinisello, Cinisello Balsamo, Zona Omogenea Milano Nord, Milano, Lombardia, 20092, Italia",45.5564874,9.2169118
Spettacoli,15-12-22,2022-12-15,"piazza Carlo Alberto dalla Chiesa 4,20020, Arese, MI,Italia",Cinema Teatro Arese,A spasso con Daisy,https://www.teatro.it/spettacoli/arese/cinema-teatro-arese/2022-2023/a-spasso-con-daisy,Teatro e spettacolo,"Cinema Teatro Arese, 4, Piazza Generale Carlo Alberto Dalla Chiesa, Sant'Anna, Arese, Milano, Lombardia, 20044, Italia",45.549694,9.0777685
,15-12-22,2022-12-15,"Corso Magenta, 61, Milano, MI",Palazzo delle Stelline,La musica del cuore: il pianoforte di Emiliano Toso per cuore dei bimbi,https://www.milanotoday.it/eventi/musica-pianoforte-cuore.html,Non classificato,"61, Corso Magenta, Magenta - San Vittore, Municipio 1, Milano, Lombardia, 20123, Italia",45.4656392,9.1722471
Mostre,15-01-23,2022-12-15,"Via Ascanio Sforza, 69, Milano, MI",Art Studio Finestreria,Mostra d'arte contemporanea: Clematis Vitalba,https://www.milanotoday.it/eventi/mostra-d-arte-contemporanea-clematis-vitalba-2022.html,Arte e cultura,"69, Via Ascanio Sforza, Ticinese, Municipio 5, Milano, Lombardia, 20141, Italia",45.4431758,9.1764198
Concerti,16-12-22,2022-12-16,"Via Giuseppe di Vittorio, 6, Milano, MI",Mediolanum Forum,"Simply Red, la nuova data a Milano nel 2022: orari e biglietti",https://www.milanotoday.it/eventi/concerto-simply-red-forum-2022.html,Musica e vita notturna,"6, Via Giuseppe Di Vittorio, Foramagno, Mezzate, Peschiera Borromeo, Milano, Lombardia, 20068, Italia",45.4355184,9.2889768
Mostre,16-12-22,2022-12-16,"Via Rosolino Pilo, 3, Milano, MI",Studio Caiulo,Festa di Natale dei laboratori di via rosolino pilo,https://www.milanotoday.it/eventi/festa-di-natale-dei-laboratori-di-via-rosolino-pilo.html,Arte e cultura,"3, Via Rosolino Pilo, Magenta, Milano, Lombardia, 20013, Italia",45.4567594,8.8842846
,16-12-22,2022-12-16,"Via Pisanello, 1, Milano, MI",Centro Culturale Rosetum,Shardana in concerto,https://www.milanotoday.it/eventi/shardana-concerto-2022.html,Non classificato,"Via Pisanello, Bande Nere, Municipio 7, Milano, Lombardia, 20148, Italia",45.4672182,9.140416
Visita Guidata,16-12-22,2022-12-16,"Via Senato, 10, Milano, MI",Archivio di Stato di Milano,Una notte in Archivio. Visite guidate al Palazzo del Senato e ai suoi Tesori con interpreti della Lingua dei Segni Italiana,,Arte e cultura,"10, Via Senato, Guastalla, Municipio 1, Milano, Lombardia, 20121, Italia",45.4700976,9.1981223
,16-12-22,2022-12-16,"Corso Buenos Aires, 2, Milano, MI",L.U.P.O.,Colorzenith - luca napoli solo show,https://www.milanotoday.it/eventi/colorzenith-luca-napoli-solo-show-2022.html,Non classificato,"au nom de la rose, 2, Corso Buenos Aires, Buenos Aires - Venezia, Municipio 3, Milano, Lombardia, 20124, Italia",45.4749936,9.2060025
Auto e moto,18-12-22,2022-12-16,"Via dei Missaglia, 89, Milano, MI",Mocauto Center,"Auto usate, ecco un nuovo modo per scegliere la macchina adatta alle proprie esigenze",https://www.milanotoday.it/eventi/occasioni-auto-usate-milano-mocauto.html,Altri eventi,"BMW Motorrad Milano, 89, Via dei Missaglia, Gratosoglio - Ticinello, Municipio 5, Milano, Lombardia, 20142, Italia",45.4143015,9.1759519
Convegno/conferenza,16-12-22,2022-12-16,"Via Senato, 10, Milano, MI",Archivio di Stato di Milano,Dante in Archivio. Quindici passi nell'Inferno,,Formazione e networking,"10, Via Senato, Guastalla, Municipio 1, Milano, Lombardia, 20121, Italia",45.4700976,9.1981223
Concerti,18-12-22,2022-12-16,"Viale dell'Innovazione, 20, Milano, MI",Teatro degli Arcimboldi,Coez in concerto a Milano. Orari e biglietti,https://www.milanotoday.it/eventi/concerto-coez-biglietti.html,Musica e vita notturna,"20, Viale dell'Innovazione, Bicocca, Municipio 9, Milano, Lombardia, 20125, Italia",45.5148696,9.2135963
Spettacoli,16-12-22,2022-12-16,"Via Lattanzio 58/A,20137, Milano, MI,Italia",deSidera Teatro Oscar,Anima Mundi,https://www.teatro.it/spettacoli/milano/oscar/2022-2023/anima-mundi-lucilla-giagnoni,Teatro e spettacolo,"Teatro Oscar DeSidera, 58/A, Via Lattanzio, Umbria - Molise, Municipio 4, Milano, Lombardia, 20137, Italia",45.4523298,9.2167181
Mostre,23-04-23,2022-12-17,"Via Giulio Cesare Procaccini, 11, Milano, MI",Fabbrica del Vapore,Alla Fabbrica del Vapore arriva la mostra di Zerocalcare,https://www.milanotoday.it/eventi/mostra-zerocalcare-fabbrica-vapore.html,Arte e cultura,"Qf QWork, 11, Via Giulio Cesare Procaccini, Sarpi, Porta Volta, Municipio 8 di Milano, Milano, Lombardia, 20154, Italia",45.4836611,9.1735769
Mostre,23-04-23,2022-12-17,"Via Giulio Cesare Procaccini, 11, Milano, MI",Fabbrica del Vapore,Alla Fabbrica del Vapore arriva la mostra di Zerocalcare,https://www.milanotoday.it/eventi/mostra-zerocalcare-fabbrica-vapore.html,Arte e cultura,"Qf QWork, 11, Via Giulio Cesare Procaccini, Sarpi, Porta Volta, Municipio 8 di Milano, Milano, Lombardia, 20154, Italia",45.4836611,9.1735769
,17-12-22,2022-12-17,"Viale Lucania, 18, Milano, MI",Il Politeatro,Delitti e psicofarmaci,https://www.milanotoday.it/eventi/delitti-e-psicofarmaci-2022.html,Non classificato,"Viale Lucania, Lodi - Corvetto, Municipio 4, Milano, Lombardia, 20139, Italia",45.4430378,9.2239399
Disco&Feste,17-12-22,2022-12-17,"Via Vetere, 14, Milano, MI",Artefact,Musica elettronica e una performance artistica: l'evento,https://www.milanotoday.it/eventi/flux-music-17-dicembre.html,Musica e vita notturna,"Artefact, 14, Via Vetere, Ticinese, Municipio 1, Milano, Lombardia, 20123, Italia",45.4560238,9.1816428
Manifestazioni,18-12-22,2022-12-17,"Piazza San Francesco, Milano, MI",,Il Villaggio di Natale con gli elfi alle porte di Milano,https://www.milanotoday.it/eventi/villaggio-natale-segrate.html,Altri eventi,"Piazza San Francesco, Cantun Sciatin, Ospiate, Bollate, Milano, Lombardia, 20021, Italia",45.5435119,9.1152413
Mostre,23-01-23,2022-12-17,"Via San Maurilio, 14, Milano, MI",Gilda Contemporary Art,Miriade - Silvia Trappa,https://www.milanotoday.it/eventi/miriade-silvia-trappa-silvia-trappa-2022.html,Arte e cultura,"14, Via San Maurilio, Cerchia dei Navigli, Municipio 1, Milano, Lombardia, 20123, Italia",45.4622752,9.1839049
Mostre,23-01-23,2022-12-17,"Via San Maurilio, 14, Milano, MI",Gilda Contemporary Art,Miriade - Silvia Trappa,https://www.milanotoday.it/eventi/miriade-silvia-trappa-silvia-trappa-2022.html,Arte e cultura,"14, Via San Maurilio, Cerchia dei Navigli, Municipio 1, Milano, Lombardia, 20123, Italia",45.4622752,9.1839049
,18-12-22,2022-12-17,"Via Genova Thaon di Revel, 21, Milano, MI",Fonderia Napoleonica Eugenia,Green christmas in fonderia napoleonica eugenia 17 e 18 dicembre 2022,https://www.milanotoday.it/eventi/green-christmas-in-fonderia-napoleonica-eugenia-17.html,Non classificato,"Fonderia Napoleonica Eugenia, 21, Via Genova Thaon Di Revel, Isola, Municipio 9, Milano, Lombardia, 20159, Italia",45.4929581,9.1875413
Incontri,17-12-22,2022-12-17,"Via Ferdinando Giorgi, 15, Milano, MI",Associazione Mitades,Colazione e letture sotto l'albero: l'appuntamento di Natale da Mitades,https://www.milanotoday.it/eventi/incontro-natale-mitades-bambini.html,Formazione e networking,"15, Via Ferdinando Giorgi, Trenno, Municipio 8 di Milano, Milano, Lombardia, 20151, Italia",45.4903942,9.1027183
Spettacoli,17-12-22,2022-12-17,"Via G. di Vittorio 6,20090, Assago, MI,Italia",Unipol Forum,IL VOLO - 10th Anniversary Tour,https://www.teatro.it/spettacoli/assago/mediolanum-forum/2022-2023/il-volo-10th-anniversary-tour,Teatro e spettacolo,"20090, Italy",45.407,9.1083
,17-12-22,2022-12-17,"Via Conservatorio, 12, Milano, MI",Sala Verdi del Conservatorio di Milano,Inno alla gioia – Concerto per i 10 anni di Aima,https://www.milanotoday.it/eventi/inno-alla-gioia-2022.html,Non classificato,"Via Conservatorio, Guastalla, Municipio 1, Milano, Lombardia, 20122, Italia",45.4658084,9.2027724
Incontri,18-12-22,2022-12-18,"Via Gaetano de Castillia, 28, Milano, MI",BAM Biblioteca degli Alberi,"Yoga, passeggiate e uno speciale concerto di Natale alla Biblioteca degli Alberi",https://www.milanotoday.it/eventi/concerto-natale-biblioteca-alberi.html,Formazione e networking,"28, Via Gaetano De Castillia, Isola, Municipio 9, Milano, Lombardia, 20124, Italia",45.4857844,9.192789
Spettacoli,18-12-22,2022-12-18,"via Filodrammatici,1,20121, Milano, MI,Italia",Filodrammatici,La lettera,https://www.teatro.it/spettacoli/milano/filodrammatici/2022-2023/paolo-nani-la-lettera,Teatro e spettacolo,"Teatro dei Filodrammatici, 1, Via Filodrammatici, Brera, Municipio 1, Milano, Lombardia, 20121, Italia",45.467261,9.188435
Spettacoli,18-12-22,2022-12-18,"Corso Buenos Aires 33,20124, Milano, MI,Italia",Elfo Puccini - Sala Bausch,Paolo Borsellino. Essendo Stato,https://www.teatro.it/spettacoli/milano/elfo-puccini-sala-bausch/2022-2023/paolo-borsellino-essendo-stato,Teatro e spettacolo,"Teatro Elfo Puccini, 33, Corso Buenos Aires, Buenos Aires - Venezia, Municipio 3, Milano, Lombardia, 20124, Italia",45.4794317,9.2098387
Spettacoli,18-12-22,2022-12-18,"via Pier Lombardo,14,20135, Milano, MI,Italia",Franco Parenti - Sala Grande,Agnello di Dio,https://www.teatro.it/spettacoli/milano/franco-parenti-sala-grande/2022-2023/agnello-di-dio,Teatro e spettacolo,"Via Pier Lombardo, Porta Romana, Municipio 4, Milano, Lombardia, 20135, Italia",45.4542958,9.2063109
Spettacoli,18-12-22,2022-12-18,"Via Pier Lombardo 14,20135, Milano, MI,Italia",Franco Parenti - Sala Blu,Settimo senso - Moana Pozzi,https://www.teatro.it/spettacoli/milano/franco-parenti-sala-acomea/2022-2023/settimo-senso,Teatro e spettacolo,"Via Pier Lombardo, Porta Romana, Municipio 4, Milano, Lombardia, 20135, Italia",45.4542958,9.2063109
Spettacoli,18-12-22,2022-12-18,"Via Hermada,8,20162, Milano, MI,Italia",della Cooperativa,Il rumore del silenzio,https://www.teatro.it/spettacoli/milano/della-cooperativa/2022-2023/il-rumore-del-silenzio,Teatro e spettacolo,"8, Via privata Hermada, Niguarda - Cà Granda, Municipio 9, Milano, Lombardia, 20162, Italia",45.5147872,9.1901457
Spettacoli,18-12-22,2022-12-18,"Via Larga 14,20122, Milano, MI,Italia",Lirico Giorgio Gaber,Casanova Operapop,https://www.teatro.it/spettacoli/milano/lirico-giorgio-gaber/2022-2023/casanova-opera-pop,Teatro e spettacolo,"Teatro Lirico Giorgio Gaber, 14, Via Larga, Cerchia dei Navigli, Municipio 1, Milano, Lombardia, 20122, Italia",45.4615135,9.1918702
,18-12-22,2022-12-18,"Via Fratelli Rosselli, 6, Milano, MI",Chiesa Medaglia Miracolosa,La lirica in periferia,https://www.milanotoday.it/eventi/la-lirica-in-periferia-eketaterina-adamova.html,Non classificato,"6, Via Fratelli Rosselli, Lodi - Corvetto, Municipio 4, Milano, Lombardia, 20139, Italia",45.4423782,9.2253198
Spettacoli,18-12-22,2022-12-18,"Via Filodrammatici 2,20121, Milano, MI,Italia",Teatro Alla Scala,Recital di canto - Michael Volle,https://www.teatro.it/spettacoli/milano/teatro-alla-scala/2022-2023/recital-di-canto-michael-volle,Teatro e spettacolo,"2, Via Filodrammatici, Brera, Milano, Lombardia, 20121, Italia",45.4676198,9.1884287
Spettacoli,18-12-22,2022-12-18,"Corso di Porta Romana 63,20122, Milano, MI,Italia",Carcano,A Christmas Carol - Musical,https://www.teatro.it/spettacoli/milano/carcano/2022-2023/a-christmas-carol-musical,Teatro e spettacolo,"Teatro Carcano, 63, Corso di Porta Romana, Crocetta, Municipio 1, Milano, Lombardia, 20121, Italia",45.4566842,9.1955297
Mercatini,18-12-22,2022-12-18,"Via Giuseppe Giacosa, Milano, MI",Parco Trotter,Il Villaggio di Natale al Parco Trotter,https://www.milanotoday.it/eventi/villaggio-natale-parco-trotter.html,Mercati e shopping,"Via Giuseppe Giacosa, Nolo, Municipio 2, Milano, Lombardia, 20127, Italia",45.4967839,9.2201975
Spettacoli,19-12-22,2022-12-19,"Viale dell'Innovazione 20,20126, Milano, MI,Italia",Arcimboldi,Marco Masini - T'innamorerai di noi - Oltre 30 anni insieme,https://www.teatro.it/spettacoli/milano/degli-arcimboldi/2022-2023/marco-masini-tinnamorerai-di-noi-oltre-30-anni-insieme,Teatro e spettacolo,"20, Viale dell'Innovazione, Bicocca, Municipio 9, Milano, Lombardia, 20125, Italia",45.5148696,9.2135963
Concerti,19-12-22,2022-12-19,"Piazza del Duomo, Milano, MI",Duomo,Il concerto (gratis) di Natale in Duomo,https://www.milanotoday.it/eventi/concerto-natale-2022-duomo.html,Musica e vita notturna,"Piazza del Duomo, Duomo, Municipio 1, Milano, Lombardia, Italia",45.4639102,9.1906398
Spettacoli,19-12-22,2022-12-19,"Piazza S. Magno,20025, Legnano, MI,Italia",Galleria,Daniele Silvestri Teatri 2022,https://www.teatro.it/spettacoli/legnano/galleria/2022-2023/daniele-silvestri-teatri-2022,Teatro e spettacolo,"Piazza San Magno, San Magno, Oltresempione, Legnano, Milano, Lombardia, 20025, Italia",45.5948853,8.9184024
Mercatini,08-01-23,2022-12-20,"piazza città di lombardia, Milano, MI",,La magia del Natale arriva a Milano,https://www.milanotoday.it/eventi/villaggio-natale-piazza-citta-lombardia.html,Mercati e shopping,"Piazza Città di Lombardia, GARIBALDI REPUBBLICA, Municipio 9, Milano, Lombardia, 20124, Italia",45.4867209,9.1960553
Mercatini,08-01-23,2022-12-20,"piazza città di lombardia, Milano, MI",,La magia del Natale arriva a Milano,https://www.milanotoday.it/eventi/villaggio-natale-piazza-citta-lombardia.html,Mercati e shopping,"Piazza Città di Lombardia, GARIBALDI REPUBBLICA, Municipio 9, Milano, Lombardia, 20124, Italia",45.4867209,9.1960553
Altro,21-12-22,2022-12-21,"Via Brera, 28, Milano, MI",Pinacoteca di Brera,"Premio ""La Rosa di Brera 2022""",,Altri eventi,"Istituto Nazionale di Astrofisica – Osservatorio astronomico di Brera, 28, Via Brera, Cerchia dei Navigli, Municipio 1, Milano, Lombardia, 20121, Italia",45.4715946,9.1889707
Teatri,21-12-22,2022-12-21,"Viale dell'Innovazione, Milano, MI",Teatro degli Arcimboldi,"Natale 2022, in arrivo una speciale ""Gospel Night""",https://www.milanotoday.it/eventi/concerto-gospel-arcimboldi.html,Teatro e spettacolo,"Viale dell'Innovazione, Bicocca, Municipio 9, Milano, Lombardia, 20126, Italia",45.51168,9.2112427
Teatri,14-01-23,2022-12-21,"Via Eugenio Villoresi, 26, Milano, MI",Teatro Linguaggicreativi,Yalda + la furnasetta,https://www.milanotoday.it/eventi/yalda-la-furnasetta-yalda-2022.html,Teatro e spettacolo,"26, Via Eugenio Villoresi, Isola del Bosco, Torretta, Sesto San Giovanni, Zona Omogenea Milano Nord, Milano, Lombardia, 20099, Italia",45.5258217,9.225938
Teatri,14-01-23,2022-12-21,"Via Eugenio Villoresi, 26, Milano, MI",Teatro Linguaggicreativi,Yalda + la furnasetta,https://www.milanotoday.it/eventi/yalda-la-furnasetta-yalda-2022.html,Teatro e spettacolo,"26, Via Eugenio Villoresi, Isola del Bosco, Torretta, Sesto San Giovanni, Zona Omogenea Milano Nord, Milano, Lombardia, 20099, Italia",45.5258217,9.225938
Spettacoli,21-12-22,2022-12-21,"Piazza Enzo Jannacci 1,20017, Rho, MI,Italia",Civico - Roberto de Silva,Lo Schiaccianoci,https://www.teatro.it/spettacoli/rho/teatro-civico-roberto-de-silva/2022-2023/lo-schiaccianoci,Teatro e spettacolo,"Piazza Enzo Jannacci, San Pietro, Lucernate, Rho, Milano, Lombardia, 20017, Italia",45.5279748,9.0458872
,21-12-22,2022-12-21,"Corso Europa, Milano, MI",Teatro Teca,Perle ai porci - uno spettacolo generoso -,https://www.milanotoday.it/eventi/perle-ai-porci-uno-spettacolo-generoso-2022.html,Non classificato,"Corso Europa, Duomo, Municipio 1, Milano, Lombardia, 20122, Italia",45.4642847,9.1963545
Mostre,31-12-22,2022-12-21,"Ripa di Porta Ticinese, 61, Milano, MI",Arcadia Art Gallery,"Mostra personale ""tra colore e materia"" di Nicola Pica",https://www.milanotoday.it/eventi/mostra-personale-tra-colore-e-materia-2022.html,Arte e cultura,"61, Ripa di Porta Ticinese, Navigli, Municipio 6, Milano, Lombardia, 20143, Italia",45.4508348,9.1710412
Spettacoli,22-12-22,2022-12-22,"Via G. di Vittorio 6,20090, Assago, MI,Italia",Unipol Forum,Litfiba - L'ultimo girone: 1980-2022,https://www.teatro.it/spettacoli/assago/mediolanum-forum/2022-2023/litfiba-lultimo-girone-1980-2022,Teatro e spettacolo,"20090, Italy",45.407,9.1083
Spettacoli,22-12-22,2022-12-22,"Via Filodrammatici 2,20121, Milano, MI,Italia",Teatro Alla Scala,Concerto di Natale,https://www.teatro.it/spettacoli/milano/teatro-alla-scala/2022-2023/concerto-di-natale-orchestra-scala,Teatro e spettacolo,"2, Via Filodrammatici, Brera, Milano, Lombardia, 20121, Italia",45.4676198,9.1884287
Spettacoli,22-12-22,2022-12-22,"Via Rivoli 6,20121, Milano, MI,Italia",Piccolo Teatro - Studio Melato,Hedda. Gabler. come una pistola carica,https://www.teatro.it/spettacoli/milano/piccolo-teatro-studio-melato/2022-2023/hedda-gabler-come-una-pistola-carica,Teatro e spettacolo,"6, Via Rivoli, Brera, Municipio 1, Milano, Lombardia, 20121, Italia",45.4726093,9.182881
Spettacoli,22-12-22,2022-12-22,"Corso Buenos Aires,33,20124, Milano, MI,Italia",Teatro Elfo Puccini - sala Fassbinder,Nel guscio,https://www.teatro.it/spettacoli/milano/teatro-elfo-puccini-sala-fassbinder/2022-2023/nel-guscio,Teatro e spettacolo,"Teatro Elfo Puccini, 33, Corso Buenos Aires, Buenos Aires - Venezia, Municipio 3, Milano, Lombardia, 20124, Italia",45.4794317,9.2098387
Concerti,22-12-22,2022-12-22,"Via Giuseppe di Vittorio, Milano, MI",Mediolanum Forum,Il mega concerto dei Litfiba a Milano e dove acquistare i biglietti,https://www.milanotoday.it/eventi/concerto-litfiba-dicembre-2022.html,Musica e vita notturna,"Via Giuseppe Di Vittorio, Pontesesto, Rozzano, Milano, Lombardia, 20072, Italia",45.3848731,9.1854672
Spettacoli,22-12-22,2022-12-22,"Largo Antonio Greppi,20121, Milano, MI,Italia",Piccolo Teatro - Teatro Strehler,Cenerentola,https://www.teatro.it/spettacoli/milano/piccolo-teatro-teatro-strehler/2022-2023/cenerentola,Teatro e spettacolo,"Largo Antonio Greppi, Cerchia dei Navigli, Municipio 1, Milano, Lombardia, 20121, Italia",45.4718502,9.1827114
Concerti,22-12-22,2022-12-22,"Via Giuseppe di Vittorio, Milano, MI",Mediolanum Forum,I Litfiba in concerto a Milano. Orari e biglietti,https://www.milanotoday.it/eventi/concerto-litfiba-forum-assago-biglietti.html,Musica e vita notturna,"Via Giuseppe Di Vittorio, Pontesesto, Rozzano, Milano, Lombardia, 20072, Italia",45.3848731,9.1854672
Spettacoli,22-12-22,2022-12-22,"Via Rovello 2,20121, Milano, MI,Italia",Piccolo Teatro - Teatro Grassi,Arlecchino servitore di due padroni,https://www.teatro.it/spettacoli/milano/piccolo-teatro-teatro-grassi/2022-2023/arlecchino-servitore-di-due-padroni,Teatro e spettacolo,"2, Via Rovello, Brera, Milano, Lombardia, 20121, Italia",45.4665188,9.1847651
Mostre,12-02-23,2022-12-23,"Via Tortona, 27, Milano, MI",Superstudio Più,"Torna Balloon Museum, con le maxi piscine di palloncini",https://www.milanotoday.it/eventi/balloon-museum-2023-milano.html,Arte e cultura,"Mandarina duck, 27, Via Tortona, Tortona, Municipio 6, Milano, Lombardia, 20144, Italia",45.4506784,9.1634775
,27-03-23,2022-12-23,"Piazza del Duomo, Milano, MI",Piazza Cesare Beccaria,La magia continua con Museum of Dreamers,https://www.milanotoday.it/eventi/Museum-of-Dreamers.HTML,Non classificato,"Piazza del Duomo, Duomo, Municipio 1, Milano, Lombardia, Italia",45.4639102,9.1906398
,27-03-23,2022-12-23,"Piazza del Duomo, Milano, MI",Piazza Cesare Beccaria,La magia continua con Museum of Dreamers,https://www.milanotoday.it/eventi/Museum-of-Dreamers.HTML,Non classificato,"Piazza del Duomo, Duomo, Municipio 1, Milano, Lombardia, Italia",45.4639102,9.1906398
Mostre,12-02-23,2022-12-23,"Via Tortona, 27, Milano, MI",Superstudio Più,"Torna Balloon Museum, con le maxi piscine di palloncini",https://www.milanotoday.it/eventi/balloon-museum-2023-milano.html,Arte e cultura,"Mandarina duck, 27, Via Tortona, Tortona, Municipio 6, Milano, Lombardia, 20144, Italia",45.4506784,9.1634775
Spettacoli,23-12-22,2022-12-23,"Via San Giovanni sul muro 2,20121, Milano, MI,Italia",Dal Verme,Un Natale favoloso...a teatro,https://www.teatro.it/spettacoli/milano/dal-verme/2022-2023/carolina-un-natale-favolosoa-teatro,Teatro e spettacolo,"2, Via San Giovanni sul Muro, Cerchia dei Navigli, Municipio 1, Milano, Lombardia, 20121, Italia",45.4671162,9.1814924
Mostre,12-02-23,2022-12-23,"Via Tortona, Milano, MI",Superstudio Più,"A Milano arriva il primo museo ""gonfiabile"" (e c'è la maxi piscina di palloncini)",https://www.milanotoday.it/eventi/ballon-museum-quando-biglietti.html,Arte e cultura,"Via Tortona, Tortona, Municipio 6, Milano, Lombardia, 20144, Italia",45.4508821,9.1588843
Teatri,26-12-22,2022-12-23,"Via Giuseppe di Vittorio, 6, Milano, MI",Teatro Repower,"Le Cirque Top Performers, il nuovo spettacolo di Natale per tutta la famiglia",https://www.milanotoday.it/eventi/le-cirque-top-performers-spettacolo-natale.html,Teatro e spettacolo,"6, Via Giuseppe Di Vittorio, Foramagno, Mezzate, Peschiera Borromeo, Milano, Lombardia, 20068, Italia",45.4355184,9.2889768
Mostre,12-02-23,2022-12-23,"Via Tortona, Milano, MI",Superstudio Più,"A Milano arriva il primo museo ""gonfiabile"" (e c'è la maxi piscina di palloncini)",https://www.milanotoday.it/eventi/ballon-museum-quando-biglietti.html,Arte e cultura,"Via Tortona, Tortona, Municipio 6, Milano, Lombardia, 20144, Italia",45.4508821,9.1588843
Incontri,08-01-23,2022-12-26,"Via Enrico Besana, 12, Milano, MI",MUBA – Museo dei Bambini di Milano,Le attività del Muba durante le feste natalizie,https://www.milanotoday.it/eventi/attivita-bambini-muba-natale-2022.html,Formazione e networking,"MUBA - Museo dei Bambini, 12, Via Enrico Besana, Guastalla, Municipio 1, Milano, Lombardia, 20122, Italia",45.4599507,9.2051279
Spettacoli,26-12-22,2022-12-26,"Via G. di Vittorio 6,20090, Assago, MI,Italia",Repower,TILT,https://www.teatro.it/spettacoli/assago/repower/2022-2023/le-cirque-tilt,Teatro e spettacolo,"20090, Italy",45.407,9.1083
Incontri,08-01-23,2022-12-26,"Via Enrico Besana, 12, Milano, MI",MUBA – Museo dei Bambini di Milano,Le attività del Muba durante le feste natalizie,https://www.milanotoday.it/eventi/attivita-bambini-muba-natale-2022.html,Formazione e networking,"MUBA - Museo dei Bambini, 12, Via Enrico Besana, Guastalla, Municipio 1, Milano, Lombardia, 20122, Italia",45.4599507,9.2051279
evento solo on site,26-12-22,2022-12-26,"piazza Santa Maria delle Grazie, 2, Milano, MI",Cenacolo Vinciano,Apertura straordinaria del Museo del Cenacolo Vinciano,,Altri eventi,"Museo del Cenacolo Vinciano, 2, Piazza Santa Maria delle Grazie, Magenta - San Vittore, Municipio 1, Milano, Lombardia, 20123, Italia",45.4662047,9.170655
Proiezione,28-12-22,2022-12-26,"Via Brera, 28, Milano, MI",Pinacoteca di Brera,PEREGRIN and the GIANT FISH,,Arte e cultura,"Istituto Nazionale di Astrofisica – Osservatorio astronomico di Brera, 28, Via Brera, Cerchia dei Navigli, Municipio 1, Milano, Lombardia, 20121, Italia",45.4715946,9.1889707
Teatri,06-01-23,2022-12-28,"Via Rovello, 2, Milano, MI",Piccolo Teatro Grassi,La magia dello Schiaccianoci in uno spettacolo di marionette,https://www.milanotoday.it/eventi/spettacolo-schiaccianoci-piccolo-teatro-grassi.html,Teatro e spettacolo,"2, Via Rovello, Brera, Milano, Lombardia, 20121, Italia",45.4665188,9.1847651
,28-12-22,2022-12-28,"Viale Monza, 140, Milano, MI",Circolo Familiare Unità Proletaria,Dance with me,https://www.milanotoday.it/eventi/dance-with-me-francesca-copertino-2022.html,Non classificato,"Circolo familiare di unità proletaria, 140, Viale Monza, Municipio 2, Milano, Lombardia, 20127, Italia",45.5040914,9.222479
Teatri,08-01-23,2022-12-28,"Largo Greppi, 1, Milano, MI",Piccolo Teatro Strehler,"Claudio Bisio a teatro racconta ""male"" la sua vita",https://www.milanotoday.it/eventi/spettacolo-claudio-bisio-piccolo-teatro.html,Teatro e spettacolo,"Largo Antonio Greppi, Cerchia dei Navigli, Municipio 1, Milano, Lombardia, 20121, Italia",45.4718502,9.1827114
Teatri,08-01-23,2022-12-28,"Largo Greppi, 1, Milano, MI",Piccolo Teatro Strehler,"Claudio Bisio a teatro racconta ""male"" la sua vita",https://www.milanotoday.it/eventi/spettacolo-claudio-bisio-piccolo-teatro.html,Teatro e spettacolo,"Largo Antonio Greppi, Cerchia dei Navigli, Municipio 1, Milano, Lombardia, 20121, Italia",45.4718502,9.1827114
Teatri,06-01-23,2022-12-28,"Via Rovello, 2, Milano, MI",Piccolo Teatro Grassi,La magia dello Schiaccianoci in uno spettacolo di marionette,https://www.milanotoday.it/eventi/spettacolo-schiaccianoci-piccolo-teatro-grassi.html,Teatro e spettacolo,"2, Via Rovello, Brera, Milano, Lombardia, 20121, Italia",45.4665188,9.1847651
Spettacoli,29-12-22,2022-12-29,"Via Filodrammatici 2,20121, Milano, MI,Italia",Teatro Alla Scala,Boris Godunov,https://www.teatro.it/spettacoli/milano/teatro-alla-scala/2022-2023/boris-godunov,Teatro e spettacolo,"2, Via Filodrammatici, Brera, Milano, Lombardia, 20121, Italia",45.4676198,9.1884287
Teatri,01-01-23,2022-12-30,"Corso di Porta Romana, 63, Milano, MI",Teatro Carcano,"Un Capodanno magico al Carcano con la Compañía de Circo ""eia"" di Barcellona",https://www.milanotoday.it/eventi/capodanno-teatro-carcano.html,Teatro e spettacolo,"Teatro Carcano, 63, Corso di Porta Romana, Crocetta, Municipio 1, Milano, Lombardia, 20121, Italia",45.4566842,9.1955297
Teatri,01-01-23,2022-12-30,"Corso di Porta Romana, 63, Milano, MI",Teatro Carcano,"Un Capodanno magico al Carcano con la Compañía de Circo ""eia"" di Barcellona",https://www.milanotoday.it/eventi/capodanno-teatro-carcano.html,Teatro e spettacolo,"Teatro Carcano, 63, Corso di Porta Romana, Crocetta, Municipio 1, Milano, Lombardia, 20121, Italia",45.4566842,9.1955297
Spettacoli,30-12-22,2022-12-30,"Via Ciro Menotti 11,20129, Milano, MI,Italia",Menotti,Far finta di essere sani,https://www.teatro.it/spettacoli/milano/menotti/2022-2023/far-finta-di-essere-sani,Teatro e spettacolo,"Teatro Menotti, 11, Via Ciro Menotti, Buenos Aires - Venezia, Municipio 3, Milano, Lombardia, 20129, Italia",45.4699775,9.2131112
Spettacoli,31-12-22,2022-12-31,"Piazza S. Magno,20025, Legnano, MI,Italia",Galleria,Paolo Cevoli - Spettacolo di Capodanno,https://www.teatro.it/spettacoli/legnano/galleria/2022-2023/paolo-cevoli-spettacolo-di-capodanno,Teatro e spettacolo,"Piazza San Magno, San Magno, Oltresempione, Legnano, Milano, Lombardia, 20025, Italia",45.5945288,8.9180098
Spettacoli,31-12-22,2022-12-31,"Viale dell'Innovazione 20,20126, Milano, MI,Italia",Arcimboldi,3... 2... 1... Bennato!,https://www.teatro.it/spettacoli/milano/degli-arcimboldi/2022-2023/3-2-1-bennato,Teatro e spettacolo,"20, Viale dell'Innovazione, Bicocca, Municipio 9, Milano, Lombardia, 20125, Italia",45.5148696,9.2135963
Spettacoli,31-12-22,2022-12-31,"Via Boltraffio 21,20159, Milano, MI,Italia",Fontana,Supermarket - A Modern Musical Tragedy,https://www.teatro.it/spettacoli/milano/fontana/2022-2023/supermarket-a-modern-musical-tragedy,Teatro e spettacolo,"21, Via Gian Antonio Boltraffio, Isola, Municipio 9, Milano, Lombardia, 20159, Italia",45.4921952,9.1878419
Disco&Feste,31-12-22,2022-12-31,"Via Gaudenzio Fantoli, 9, Milano, MI",FABRIQUE,La festa di Capodanno al Fabrique con Radio 105,https://www.milanotoday.it/eventi/festa-capodanno-fabrique.html,Musica e vita notturna,"Fabrique, 9, Via Gaudenzio Fantoli, Mecenate, Municipio 4, Milano, Lombardia, 20138, Italia",45.4521243,9.2522773
Teatri,31-12-22,2022-12-31,"Viale dell'Innovazione, 20, Milano, MI",Teatro degli Arcimboldi,Una speciale notte di Capodanno con Edoardo Bennato,https://www.milanotoday.it/eventi/concerto-edoardo-bennato-capodanno-arcimboldi.html,Teatro e spettacolo,"20, Viale dell'Innovazione, Bicocca, Municipio 9, Milano, Lombardia, 20125, Italia",45.5148696,9.2135963
,23-01-22,2022-01-23,"Via Gian Carlo Clerici, 150, Milano, MI, Italia",Bignami,Milano sotterranea: visita ai bunker Breda,https://www.milanotoday.it/eventi/milano-sotterranea-visita-ai-bunker-breda-2022.html,Non classificato,"Via Gian Carlo Clerici, 150, 20099 Sesto San Giovanni MI, Italy",45.5342137,9.2134208
evento solo on-line,26-02-22,2022-02-12,"Corso Magenta, 24 (Palazzo Arese Litta), Milano, MI, Italia",Direzione regionale Musei nazionali Lombardia,Musei del Garda: Abbonarsi conviene! – Febbraio 2022,,Eventi digitali,"Corso Magenta, 24, 20121 Milano MI, Italy",45.4658994,9.178299
,12-03-22,2022-02-19,"Via Privata Ulderico Ollearo, 3, Milano, MI, Italia",Associazione Culturale Bianca Pilat,"Memorie Future, la mostra di Paola Bartolacci",https://www.milanotoday.it/eventi/mostra-paola-bartolacci.html,Non classificato,"Via Privata Ulderico Ollearo, 3, 20155 Milano MI, Italy",45.493295,9.1598109
Disco&Feste,26-02-22,2022-02-26,"via Gatto angolo Viale Forlanini, Milano, MI, Italia",Amnesia Milano,Amnesia Milano presenta: Back To Be Human. In console The Blessed Madonna,https://www.milanotoday.it/eventi/serata-amnesia-milano.html,Musica e vita notturna,"Viale Enrico Forlanini & Via Alfonso Gatto, 20138 Milano MI, Italy",45.4619285,9.2385731
evento solo on-line,26-03-22,2022-03-12,"Corso Magenta, 24 (Palazzo Arese Litta), Milano, MI, Italia",Direzione regionale Musei nazionali Lombardia,Musei del Garda: Abbonarsi conviene! – Marzo 2022,,Eventi digitali,"Corso Magenta, 24, 20121 Milano MI, Italy",45.4658994,9.178299
Manifestazioni,26-03-22,2022-03-26,"Via Privata Leopoldo Gasparotto, 8, Milano, MI, Italia",Best Western Hotel Madison,"Sabato 26 marzo, runners amici dell’ambiente. in stazione centrale si fa urban plogging",https://www.milanotoday.it/eventi/sabato-26-marzo-runners-2022.html,Altri eventi,"Via Privata Leopoldo Gasparotto, 8, 20124 Milano MI, Italy",45.488125,9.2017741
Mostra,30-03-22,2022-03-30,"Corso Magenta, 24 (Palazzo Arese Litta), Milano, MI, Italia",Direzione regionale Musei nazionali Lombardia,Patrimonio culturale nei conflitti armati – storie tra due secoli,,Arte e cultura,"Corso Magenta, 24, 20121 Milano MI, Italy",45.4658994,9.178299
Mostre,07-04-22,2022-04-07,"via orti angolo via commenda 0, Milano, MI, Italia",Ciasmo,Mostra lieti fini + Santi subito,https://www.milanotoday.it/eventi/mostra-lieti-fini-santi-subito-2022.html,Arte e cultura,"Via della Commenda, 0, 20122 Milano MI, Italy",45.4595619,9.1985991
evento integrato (on-line e on site),30-04-22,2022-04-09,"Corso Magenta, 24 (Palazzo Arese Litta), Milano, MI, Italia",Direzione regionale Musei nazionali Lombardia,Musei del Garda: Abbonarsi conviene! – Aprile 2022,,Eventi digitali,"Corso Magenta, 24, 20121 Milano MI, Italy",45.4658994,9.178299
evento solo on site,10-04-22,2022-04-09,"Corso Magenta, 24 (Palazzo Arese Litta), Milano, MI, Italia",Direzione regionale Musei nazionali Lombardia,“Disegniamo l’arte” – 9 e 10 aprile 2022,,Altri eventi,"Corso Magenta, 24, 20121 Milano MI, Italy",45.4658994,9.178299
,10-04-22,2022-04-10,"Via Gian Carlo Clerici, 150, Milano, MI, Italia",Milano,Milano sotterranea: visita ai bunker Breda,https://www.milanotoday.it/eventi/visita-bunker-breda.html,Non classificato,"Via Gian Carlo Clerici, 150, 20099 Sesto San Giovanni MI, Italy",45.5342137,9.2134208
,15-05-22,2022-04-13,"Vetrine underground del Passante ferroviario di Porta Venezia, Milano, MI, Italia",Artepassante,La mostra fotografica contro la guerra,https://www.milanotoday.it/eventi/mostra-fotografica-guerra.html,Non classificato,"Porta Venezia, Milan, Metropolitan City of Milan, Italy",45.472171,9.2051853
,18-04-22,2022-04-18,"Castello di Scipione dei Marchesi Pallavicino, Milano, MI, Italia",Castello di Scipione,Pasquetta al Castello di Scipione dei Marchesi Pallavicino - lunedì 18 aprile 2022-,https://www.milanotoday.it/eventi/pasquetta-al-castello-di-scipione.html,Non classificato,"Milan, Metropolitan City of Milan, Italy",45.468503,9.1824027
Teatri,30-04-22,2022-04-22,"Via Giordano Rota, Milano, MI, Italia",Teatro Nazionale,La piccola bottega degli orrori al Teatro Nazionale dal 22 al 30 aprile 2022,https://www.milanotoday.it/eventi/piccola-bottega-orrori-nazionale.html,Teatro e spettacolo,"Via Giordano Rota, 20149 Milano MI, Italy",45.4665504,9.1542783
Teatri,08-05-22,2022-05-07,"Via Giordano Rota, 1, Milano, MI, Italia",Teatro Nazionale Che Banca,L'illusionista Luca Bono al Teatro Nazionale,https://www.milanotoday.it/eventi/illusionista-luca-bono-2022.html,Teatro e spettacolo,"Via Giordano Rota, 1, 20149 Milano MI, Italy",45.4667708,9.1540258
Mostre,12-05-22,2022-05-12,"via orti, angolo via commenda 0, Milano, MI, Italia",Ciasmo,Ogni giorno flâneur. Con Cristiana Depedrini,https://www.milanotoday.it/eventi/ogni-giorno-flaneur-2022.html,Arte e cultura,"Via della Commenda, 0, 20122 Milano MI, Italy",45.4595619,9.1985991
Manifestazioni,15-05-22,2022-05-14,"Via Gian Carlo Clerici, 150, Milano, MI, Italia",Parco Nord Milano,Il festival del cammino in arrivo a Milano,https://www.milanotoday.it/eventi/walking-festival-parco-nord.html,Altri eventi,"Via Gian Carlo Clerici, 150, 20099 Sesto San Giovanni MI, Italy",45.5342137,9.2134208
,15-05-22,2022-05-15,"Via Privata Cuccagna, 2, Milano, MI, Italia",Cascina Cuccagna,Lecarrousel handmade & good vibes  // Domenica 15 maggio 2022,https://www.milanotoday.it/eventi/lecarrousel-handmade-good-vibes-2022.html,Non classificato,"Via Privata Cuccagna, 2, 20135 Milano MI, Italy",45.4512106,9.2116309
Teatri,22-05-22,2022-05-21,"Via Barona, angolo via Boffalora, Milano, MI, Italia",Teatro Edi Barrio's,Decadenze di berkoff - Compagnia scimmie nude,https://www.milanotoday.it/eventi/decadenze-di-berkoff-2022.html,Teatro e spettacolo,"Via Barona & Via Boffalora, 20142 Milano MI, Italy",45.4332709,9.1496246
Teatri,08-06-22,2022-06-08,"Via C. Battisti, 14, Milano, MI, Italia",Auditorium Don Bosco,"A.a.a. amori, amicizie e altre nefandezze",https://www.milanotoday.it/eventi/a-a-a-amori-amicizie-2022.html,Teatro e spettacolo,"Via Cesare Battisti, 14, 20097 San Donato Milanese MI, Italy",45.4184053,9.2634165
Manifestazioni,19-06-22,2022-06-16,"Via Privata Cuccagna, 2, Milano, MI, Italia",Cascina Cuccagna,La festa in Cascina Cuccagna per i primi dieci anni di attività,https://www.milanotoday.it/eventi/festa-cascina-cuccagna.html,Altri eventi,"Via Privata Cuccagna, 2, 20135 Milano MI, Italy",45.4512106,9.2116309
evento solo on site,19-06-22,2022-06-17,"Corso Magenta, 24 (Palazzo Arese Litta), Milano, MI, Italia",Direzione regionale Musei nazionali Lombardia,Giornate Europee dell’Archeologia 2022 - Direzione regionale Musei Lombardia,,Altri eventi,"Corso Magenta, 24, 20121 Milano MI, Italy",45.4658994,9.178299
Teatri,18-06-22,2022-06-18,"Via C. Battisti, 14, Milano, MI, Italia",Auditorium Don Bosco,Il giadino delle rose,https://www.milanotoday.it/eventi/il-giadino-delle-rose-teatrogost-2022.html,Teatro e spettacolo,"Via Cesare Battisti, 14, 20097 San Donato Milanese MI, Italy",45.4184053,9.2634165
Manifestazioni,18-06-22,2022-06-18,"Strada Consortile Mirasole, 7, Milano, MI, Italia",Abbazia di Mirasole,#Cuoreinfesta2022 cuore visconteo: la comunità del Sud Milano in festa,https://www.milanotoday.it/eventi/cuoreinfesta2022-cuore-visconteo-.html,Altri eventi,"Str. Consortile Mirasole, 7, 20073 Opera MI, Italy",45.3870557,9.2021026
,29-07-22,2022-07-01,"Via Portico 71, Milano, MI, Italia",Oriocenter Selected Stores,Oriocenter Unexpected Sound. Music contest e Dj Set,https://www.milanotoday.it/eventi/oriocenter-unexpected-sound-music-contest.html,Non classificato,"Viale Carlo Troya, 20144 Milano MI, Italy",45.4514368,9.1550999
Spettacolo Teatrale,07-09-22,2022-08-24,"Corso Magenta, 24 (Palazzo Arese Litta), Milano, MI, Italia",Direzione regionale Musei nazionali Lombardia,Voci umane. Musei e teatro di narrazione,,Teatro e spettacolo,"Corso Magenta, 24, 20121 Milano MI, Italy",45.4658994,9.178299
Cinema,15-09-22,2022-09-06,"Bovisa, Comasina, Bicocca, Milano, MI, Italia",piazze,Vicini di cinema: anche a settembre film sotto le stelle con Cinevan,https://www.milanotoday.it/eventi/vicini-di-cinema-2022.html,Arte e cultura,"Bicocca, Milan, Metropolitan City of Milan, Italy",45.51851,9.2075123
Sport,11-09-22,2022-09-11,"Via Gian Carlo Clerici, 150, Milano, MI, Italia",Parco Nord,"La festa dello sport al Parco Nord tra yoga, corsa e tanto altro",https://www.milanotoday.it/eventi/la-festa-dello-sport-al-parco-nord.html,Sport e attività fisica,"Via Gian Carlo Clerici, 150, 20099 Sesto San Giovanni MI, Italy",45.5342137,9.2134208
Visita Guidata,24-09-22,2022-09-24,"via Matteo da Campione, 7/a, Milano, MI, Italia",Cappella Espiatoria,Cappella Espiatoria di Monza - Visite guidate nell’ambito del programma culturale “Ville Aperte in Brianza” - Apertura serale,,Arte e cultura,"Via Matteo da Campione, 7, 20900 Monza MB, Italy",45.5913224,9.2684372
Visita Guidata,25-09-22,2022-09-24,"Via Gardesana n. 3 (lungo il lago, tra il bivio per Tignale dalla Gardesana e Campione), Milano, MI, Italia",Limonaia Pra dela Fam - Tignale,"Ecomuseo delle Limonaie del Garda Pra dela Fam: ""la Limonaia, patrimonio culturale sostenibile: un’eredità per il futuro""",,Arte e cultura,"Milan, Metropolitan City of Milan, Italy",45.468503,9.1824027
Itinerario culturale,24-09-22,2022-09-24,"Via Valgobbia, 19, Milano, MI, Italia",Museo I magli di Sarezzo,"Museo I Magli di Sarezzo: ""Non solo ferro, i nuclei storici Valgobbia e Crocevia"" - Itinerario culturale",,Arte e cultura,"Via Legnone, 20158 Milano MI, Italy",45.4983223,9.1815418
Mostra,25-09-22,2022-09-24,"Piazza Castello, Cortile della Rocchetta, Milano, MI, Italia","Castello Sforzesco, Cortile della Rocchetta","Castello Sforzesco: ""Milano di Vetro: dall'antichità al contemporaneo"" - Mostra",,Arte e cultura,"Sforzesco Castle, Piazza Castello, 20121 Milano MI, Italy",45.4702956,9.1786252
Visita Guidata,25-09-22,2022-09-24,"Viale Giovanni Polvani, 4, Milano, MI, Italia",VILLA MONASTERO DI VARENNA,"Villa Monastero di Varenna: ""Mostra sulle tracce del Monastero"" - visita guidata",,Arte e cultura,"Via Giovanni Polvani, 4, 20126 Milano MI, Italy",45.5126654,9.2113705
Mostra,25-09-22,2022-09-24,"Piazza Teofilo Folengo, 22, Milano, MI, Italia",Museo civico Polironiano,Giornate Europee del Patrimonio al Museo Polironiano: mostra “Architetture d’acqua” con Politecnico di Milano e Unesco chair,,Arte e cultura,"Milan, Metropolitan City of Milan, Italy",45.468503,9.1824027
Mostra,24-09-22,2022-09-24,"piazzale Giacomini, 2, Milano, MI, Italia",Museo archeologico nazionale della Valle Camonica,"Museo Archeologico Nazionale della Valle Camonica: ""Vetro: una finestra sulla storia"" - Visita guidata",,Arte e cultura,"C.so Lodi, 9, 20135 Milano MI, Italy",45.4510084,9.2046308
Visita Guidata,24-09-22,2022-09-24,"Via Musei, 81/B, Milano, MI, Italia",Museo di Santa Giulia,"Fondazione Brescia Musei: ""Isgrò cancella Brixia"" - visita guidata alla mostra",,Arte e cultura,"Milan, Metropolitan City of Milan, Italy",45.468503,9.1824027
Visita Guidata,24-09-22,2022-09-24,"Corso Magenta, 24 (Palazzo Arese Litta), Milano, MI, Italia",Direzione regionale Musei nazionali Lombardia,"Fondazione Brescia Musei: ""La natura dipinta tra simbolo e realtà"" - visita guidata per adulti",,Arte e cultura,"Corso Magenta, 24, 20121 Milano MI, Italy",45.4658994,9.178299
Attività Didattica,24-09-22,2022-09-24,"piazza XX settembre, 22, Milano, MI, Italia",Palazzo delle Paure. Museo di arte contemporanea,"Palazzo delle Paure: ""Mystery Box d’Arte. Lo scultore sei Tu!"" - Visita guidata e laboratorio didattico",,Formazione e networking,"Via Venti Settembre, 22, 20123 Milano MI, Italy",45.4682,9.167
Visita Guidata,25-09-22,2022-09-24,"via Matteo da Campione, 7/a, Milano, MI, Italia",Cappella Espiatoria,Cappella Espiatoria di Monza - Visite guidate nell’ambito del programma culturale “Ville Aperte in Brianza”,,Arte e cultura,"Via Matteo da Campione, 7, 20900 Monza MB, Italy",45.5913224,9.2684372
Visita Guidata,24-09-22,2022-09-24,"via Becagli, 33, Milano, MI, Italia",Parrocchia San Colombano Abate,"Centro Studi di Riva: ""Vie di Terra e di Acqua di Soldati, Monaci e Pellegrini nel Parco di San Colombano"" - Visita guidata",,Arte e cultura,"Via Legnone, 20158 Milano MI, Italy",45.4983223,9.1815418
Attività Didattica,24-09-22,2022-09-24,"Via Valle delle Cartiere 57/59, Milano, MI, Italia",Museo della carta di Toscolano Maderno,"Museo della Carta: ""Il mondo della carta tra passato e presente"" - Laboratorio di fabbricazione della carta e visita guidata",,Formazione e networking,"Via Santa Maria Valle, 20123 Milano MI, Italy",45.4602041,9.1839902
Visita Guidata,25-09-22,2022-09-24,"Via Valle delle Cartiere 57/59, Milano, MI, Italia",Museo della carta di Toscolano Maderno,"Museo della Carta: ""Il mondo della carta tra passato e presente"" - Visita guidata",,Arte e cultura,"Via Santa Maria Valle, 20123 Milano MI, Italy",45.4602041,9.1839902
Incontro/presentazione,24-09-22,2022-09-24,"via Naquane, Milano, MI, Italia",Parco nazionale delle Incisioni rupestri,"Il Parco di Naquane al festival ArcheoCiak 2022 - Presentazione del video dell’istituto “Meroni” (Lissone) vincitore nella sezione: ""Quando la modernità si ispira alla storia antica""",,Formazione e networking,"Via Legnone, 20158 Milano MI, Italy",45.4983223,9.1815418
Visita Guidata,24-09-22,2022-09-24,"via F. Besta, 8, Milano, MI, Italia",Palazzo Besta,"Palazzo Besta: ""Stele nel territorio di Teglio: il paesaggio rituale nella preistoria valtellinese"" - Visita itinerante",,Arte e cultura,"Via Privata Giacomo Filippo Besta, 8, 20161 Milano MI, Italy",45.5185372,9.1638249
Attività Didattica,25-09-22,2022-09-24,"Via Bernardino Varisco, 9, Milano, MI, Italia",Pinacoteca Repossi,"Fondazione Morcelli Repossi: ""Come ti trasformo un’opera"" - Attività laboratoriale per famiglie e gruppi di adulti",,Formazione e networking,"Via Bernardino Luini, 20123 Milano MI, Italy",45.4648187,9.179181
Altro,25-09-22,2022-09-25,"Via Forcello, 3, Milano, MI, Italia",Parco Archeologico del Forcello,"Parco Archeologico del Forcello: ""Dal passato una memoria per il futuro: la città etrusca del Forcello"" - Rievocatori storici",,Altri eventi,"Via Vincenzo Forcella, 3, 20144 Milano MI, Italy",45.4531483,9.1676548
Attività Didattica,25-09-22,2022-09-25,"Via Forcello, 3, Milano, MI, Italia",Parco Archeologico del Forcello,"Parco Archeologico del Forcello: ""Dal passato una memoria per il futuro: la città etrusca del Forcello"" - Attività didattiche per grandi e piccoli",,Formazione e networking,"Via Vincenzo Forcella, 3, 20144 Milano MI, Italy",45.4531483,9.1676548
Visita Guidata,25-09-22,2022-09-25,"via Matteo da Campione, 7/a, Milano, MI, Italia",Cappella Espiatoria,Cappella Espiatoria di Monza - Visita ai mosaici veneziani nell’ambito del “Fabriano Festival”,,Arte e cultura,"Via Matteo da Campione, 7, 20900 Monza MB, Italy",45.5913224,9.2684372
Visita Guidata,25-09-22,2022-09-25,"Via Castelnuovo, 9, Milano, MI, Italia",Museo didattico della Seta,"Museo della Seta di Como: ""Il filo segreto: alla scoperta della Seta nel territorio comasco"" - Visita Guidata",,Arte e cultura,"Via dei Tulipani, 18, 20146 Milano MI, Italy",45.4498563,9.137729
Visita Guidata,25-09-22,2022-09-25,"Via G. Agusta, Milano, MI, Italia",Fondazione Museo Agusta,GEP 2022 al Museo Agusta. Visite guidate sulla storia e le tecnologie di un’impresa,,Arte e cultura,"Via G, Via Privata Gerolamo Chizzolini, 2, 20154 Milano MI, Italy",45.4831063,9.1657547
Inaugurazione,25-09-22,2022-09-25,"Via Circonvallazione Cantù, Milano, MI, Italia",Civico museo archeologico di Casteggio e dell'Oltrepò pavese,"MAC Civico Museo Archeologico di Casteggio e dell’Oltrepò Pavese: ""Inaugurazione Sala dedicata all’esploratore Giuseppe Maria Giulietti""",,Inaugurazioni,"Via Cesare Cantù, 20123 Milano MI, Italy",45.4642068,9.1867882
Visita Guidata,25-09-22,2022-09-25,"via F. Besta, 8, Milano, MI, Italia",Palazzo Besta,Giornate europee del Patrimonio 2022 a Palazzo Besta: attività per famiglie,,Arte e cultura,"Via Privata Giacomo Filippo Besta, 8, 20161 Milano MI, Italy",45.5185372,9.1638249
Mercatini,25-09-22,2022-09-25,"via emanuele d'adda 13, Milano, MI, Italia",Nuovo Circolo di Mariano Comense,La nuova mostra mercato del vinile con migliaia di cd e dvd,https://www.milanotoday.it/eventi/mostra-mercato-vinile-mariano-comense.html,Mercati e shopping,"Via Emanuele Filiberto, 20149 Milano MI, Italy",45.485312,9.1576796
Attività Didattica,25-09-22,2022-09-25,"Via Valle delle Cartiere 57/59, Milano, MI, Italia",Museo della carta di Toscolano Maderno,"Museo della Carta: ""Il mondo della carta tra passato e presente"" - Attività didattica per famiglie con bambini di riciclo creativo della carta “RICICLARTE”",,Formazione e networking,"Via Santa Maria Valle, 20123 Milano MI, Italy",45.4602041,9.1839902
Cibo e Vino,02-10-22,2022-10-02,"Via Gian Carlo Clerici, 150, Milano, MI, Italia",Parco Nord Milano,Una risottata speciale al Parco Nord di Milano,https://www.milanotoday.it/eventi/risottata-parco-nord-milano.html,Enogastronomia,"Via Gian Carlo Clerici, 150, 20099 Sesto San Giovanni MI, Italy",45.5342137,9.2134208
Concerti,04-10-22,2022-10-04,"Viale Sarca, angolo via Chiese, Milano, MI, Italia",Bicocca Village,Jazzmi arriva al Bicocca Village con uno speciale viaggio musicale,https://www.milanotoday.it/eventi/concerti-jazzmi-bicocca-village.html,Musica e vita notturna,"Viale Sarca & Via Chiese, 20126 Milano MI, Italy",45.5217641,9.2122465
Mostra,01-11-22,2022-10-07,"via Allegreni, 37, Milano, MI, Italia",Filandone di Martinengo,"Memorabilia, il mito di Andy Warhol",,Arte e cultura,"Milan, Metropolitan City of Milan, Italy",45.468503,9.1824027
Incontri,08-10-22,2022-10-08,"Via Privata Cuccagna, 2, Milano, MI, Italia",Cascina Cuccagna,Edita ‘22 accoglie Chiara Maggi,https://www.milanotoday.it/eventi/edita-22-accoglie-chiara-maggi-2022.html,Formazione e networking,"Via Privata Cuccagna, 2, 20135 Milano MI, Italy",45.4512106,9.2116309
,09-10-22,2022-10-08,"Via Privata Cuccagna, 2, Milano, MI, Italia",CASCINA CUCCAGNA,"Fiera nazionale dell'editoria italiana a Milano 8 e 9 ottobre, edita fiera",https://www.milanotoday.it/eventi/fiera-nazionale-dell-editoria-2022.html,Non classificato,"Via Privata Cuccagna, 2, 20135 Milano MI, Italy",45.4512106,9.2116309
evento solo on site,09-10-22,2022-10-09,"Corso Magenta, 24 (Palazzo Arese Litta), Milano, MI, Italia",Direzione regionale Musei nazionali Lombardia,F@MU alla Direzione regionale Musei Lombardia,,Altri eventi,"Corso Magenta, 24, 20121 Milano MI, Italy",45.4658994,9.178299
Mostra,03-12-22,2022-10-14,"via A. Manzoni, 45, Milano, MI, Italia",Galleria Bottegantica,Eterno Boldini,,Arte e cultura,"Via Alessandro Manzoni, 45, 20121 Milano MI, Italy",45.4719597,9.1945994
Incontri,23-10-22,2022-10-14,"Centro visitatori Parco Lago Segrino, Milano, MI, Italia",Como,24h drawing lab al parco lago del segrino,https://www.milanotoday.it/eventi/24h-drawing-lab-al-parco-lago-del-segrino.html,Formazione e networking,"Milan, Metropolitan City of Milan, Italy",45.468503,9.1824027
,10-11-22,2022-11-10,"Piazza Donne Partigiane, Milano, MI, Italia",Teatro EDI Barrio's,Collage: concerto di lorna Windsor e Altrio,https://www.milanotoday.it/eventi/collage-concerto-di-lorna-windsor-2022.html,Non classificato,"Piazzale Donne Partigiane, 20142 Milano MI, Italy",45.43231189999999,9.1495665
Teatri,12-11-22,2022-11-11,"Via Valentino Mazzola, Passante di Porta Vittoria, Milano, MI, Italia",QuartaParete,Yoga - spettacolo teatrale,https://www.milanotoday.it/eventi/yoga-spettacolo-teatrale-2022.html,Teatro e spettacolo,"Milano Porta Vittoria, 20137 Milano MI, Italy",45.4598929,9.2235503
,30-11-22,2022-11-30,"Via Giordano Rota, 1, Milano, MI, Italia",Teatro Nazionale CheBanca!,Il musical di Sister Act,https://www.milanotoday.it/eventi/sister-act-2022.html,Non classificato,"Via Giordano Rota, 1, 20149 Milano MI, Italy",45.4667708,9.1540258
,11-12-22,2022-12-03,"Rho, Fieramilano, Milano, MI, Italia",Fieramilano Rho,Dal 3 dicembre torna a Milano l'Artigiano in Fiera,https://www.milanotoday.it/eventi/artigiano-in-fiera-milano-2022.html,Non classificato,"Rho Fiera, 20017 Rho MI, Italy",45.5211262,9.0885097
,15-12-22,2022-12-15,"Evento Online, Milano, MI, Italia",Virtual Job Meeting STEM GIRLS,Il 15 dicembre trova il lavoro dei tuoi sogni al Virtual Job Meeting STEM GIRLS,https://www.milanotoday.it/eventi/evento-laureandi-virtual-job-meeting-stem-girls-dicembre.html,Non classificato,"Via Giorgio Washington, 105, 20144 Milano MI, Italy",45.45556699999999,9.1551788
Manifestazioni,17-12-22,2022-12-17,"Via Privata Cuccagna, 2, Milano, MI, Italia",Cascina Cuccagna,Gli asinelli arrivano in città in vista del Natale,https://www.milanotoday.it/eventi/asinelli-cascina-cuccagna.html,Altri eventi,"Via Privata Cuccagna, 2, 20135 Milano MI, Italy",45.4512106,9.2116309
