categoria,data_fine,data_inizio,indirizzo,luogo,titolo,url,macro_categoria,geocoded_address,lat,long
Disco&Feste,01-01-24,2024-01-01,"Via Alfonso Gatto, Milano, MI",Amnesia Milano,Il Capodanno all'Amnesia e la maratona di musica elettronica,https://www.milanotoday.it/eventi/festa-capodanno-2024-amnesia.html,Musica e vita notturna,"Via Alfonso Gatto, Parco Forlanini - Ortica, Municipio 4, Milano, Lombardia, 20059, Italia",45.4641873,9.2389918
Spettacoli,01-01-24,2024-01-01,"Via Alessandro Manzoni 42,20121, Milano, MI,Italia",Manzoni,Dove eravamo rimasti,https://www.teatro.it/spettacoli/milano/manzoni/2023-2024/massimo-lopez-tullio-solenghi-dove-eravamo-rimasti,Teatro e spettacolo,"Teatro Manzoni, 42, Via Alessandro Manzoni, Cerchia dei Navigli, Municipio 1, Milano, Lombardia, 20121, Italia",45.4710286,9.1944762
Spettacoli,01-01-24,2024-01-01,"Viale dell'Innovazione 20,20126, Milano, MI,Italia",Arcimboldi,Personaggi,https://www.teatro.it/spettacoli/milano/arcimboldi/2023-2024/antonio-albanese-personaggi,Teatro e spettacolo,"20, Viale dell'Innovazione, Bicocca, Municipio 9, Milano, Lombardia, 20125, Italia",45.5148696,9.2135963
Spettacoli,02-01-24,2024-01-02,"Via Filodrammatici 2,20121, Milano, MI,Italia",Teatro Alla Scala,Don Carlo,https://www.teatro.it/spettacoli/milano/teatro-alla-scala/2023-2024/don-carlo-teatro-alla-scala,Teatro e spettacolo,"2, Via Filodrammatici, Brera, Milano, Lombardia, 20121, Italia",45.4673781,9.188701
Spettacoli,04-01-24,2024-01-04,"p.zza IV Novembre 3,20025, Legnano, MI,Italia",Talisio Tirinnanzi,Gran Galà del Balletto,https://www.teatro.it/spettacoli/legnano/talisio-tirinnanzi/2023-2024/gran-gala-della-danza-balletto-di-milano,Teatro e spettacolo,"Scuola Secondaria di Primo Grado Giovanni Ungaretti, 3, Piazza Quattro Novembre, San Giorgio su Legnano, Milano, Lombardia, 20034, Italia",45.5765251,8.9157963
Promozioni,04-03-24,2024-01-05,"Strada Statale dei Giovi, 35, Milano, MI",Centro Commerciale Brianza,Saldi invernali 2024: gli sconti esclusivi e le imperdibili promozioni a Milano,https://www.milanotoday.it/eventi/saldi-invernali-brianza.html,Mercati e shopping,"Via Strada Statale 35 dei Giovi, Villaggio Ambrosiano, Paderno Dugnano, Zona Omogenea Milano Nord, Milano, Lombardia, 20037, Italia",45.553365,9.1543228
Spettacoli,05-01-24,2024-01-05,"Via Mosé Bianchi,94,20149, Milano, MI,Italia",Pime,Schiaccianoci Suite,https://www.teatro.it/spettacoli/milano/pime/2023-2024/balletto-di-milano-schiaccianoci-suite,Teatro e spettacolo,"Auditorium PIME, 94, Via Mosè Bianchi, De Angeli - Monte Rosa, Municipio 7, Milano, Lombardia, 20149, Italia",45.4758537,9.1454989
Spettacoli,07-01-24,2024-01-07,"Via Valtellina,7,20159, Milano, MI,Italia",Il Sistina Chapiteau - Milano,CATS - Il Musical,https://www.teatro.it/spettacoli/milano/il-sistina-chapiteau/2023-2024/cats-il-musical,Teatro e spettacolo,"Via Valtellina, Farini, Municipio 9, Milano, Lombardia, 20159, Italia",45.4887938,9.1820604
Spettacoli,07-01-24,2024-01-07,"Via Larga 14,20122, Milano, MI,Italia",Lirico Giorgio Gaber,NatAle & Franz Show,https://www.teatro.it/spettacoli/milano/lirico-giorgio-gaber/2023-2024/natale-franz-show-ale-e-franz,Teatro e spettacolo,"Teatro Lirico Giorgio Gaber, 14, Via Larga, Cerchia dei Navigli, Municipio 1, Milano, Lombardia, 20122, Italia",45.4615135,9.1918702
Spettacoli,07-01-24,2024-01-07,"Via Rivoli 6,20121, Milano, MI,Italia",Piccolo Teatro - Studio Melato,Il canto di Natale,https://www.teatro.it/spettacoli/milano/piccolo-teatro-studio-melato/2023-2024/il-canto-di-natale,Teatro e spettacolo,"6, Via Rivoli, Brera, Municipio 1, Milano, Lombardia, 20121, Italia",45.4726093,9.182881
Spettacoli,07-01-24,2024-01-07,"via Pier Lombardo,14,20135, Milano, MI,Italia",Franco Parenti - Sala Grande,Da questa sera si recita a soggetto,https://www.teatro.it/spettacoli/milano/franco-parenti-sala-grande/2023-2024/paolo-rossi-da-questa-sera-si-recita-a-soggetto,Teatro e spettacolo,"Via Pier Lombardo, Porta Romana, Municipio 4, Milano, Lombardia, 20135, Italia",45.4542958,9.2063109
Spettacoli,07-01-24,2024-01-07,"Corso di Porta Romana 63,20122, Milano, MI,Italia",Carcano,Pippi Calzelunghe - Il Musical,https://www.teatro.it/spettacoli/milano/carcano/2023-2024/pippi-calzelunghe-il-musical,Teatro e spettacolo,"Teatro Carcano, 63, Corso di Porta Romana, Crocetta, Municipio 1, Milano, Lombardia, 20121, Italia",45.4566842,9.1955297
Spettacoli,07-01-24,2024-01-07,"via Granelli 1,20099, Sesto San Giovanni, MI,Italia",Carroponte,La Magia del Natale,https://www.teatro.it/spettacoli/sesto-san-giovanni/carroponte/2023-2024/la-magia-del-natale,Teatro e spettacolo,"Carroponte, 1, Via Luigi Granelli, Rondò, Torretta, Sesto San Giovanni, Zona Omogenea Milano Nord, Milano, Lombardia, 20099, Italia",45.529574,9.2209217
Spettacoli,07-01-24,2024-01-07,"Piazzale Carlo Magno,1/Gate 16,20149, Milano, MI,Italia",ALLIANZ MiCo,A Christmas Magic,https://www.teatro.it/spettacoli/milano/allianz-mico/2023-2024/a-christmas-magic,Teatro e spettacolo,"20149, Italy",45.4643,9.1895
Spettacoli,07-01-24,2024-01-07,"Via Alessandro Manzoni 42,20121, Milano, MI,Italia",Manzoni,Festival della Magia,https://www.teatro.it/spettacoli/milano/manzoni/2023-2024/festival-della-magia,Teatro e spettacolo,"Teatro Manzoni, 42, Via Alessandro Manzoni, Cerchia dei Navigli, Municipio 1, Milano, Lombardia, 20121, Italia",45.4710286,9.1944762
Spettacoli,08-01-24,2024-01-08,"Via Larga 14,20122, Milano, MI,Italia",Lirico Giorgio Gaber,Shakespeare in Rock - Il Musical,https://www.teatro.it/spettacoli/milano/lirico-giorgio-gaber/2023-2024/shakespeare-in-rock-il-musical,Teatro e spettacolo,"Teatro Lirico Giorgio Gaber, 14, Via Larga, Cerchia dei Navigli, Municipio 1, Milano, Lombardia, 20122, Italia",45.4615135,9.1918702
Spettacoli,09-01-24,2024-01-09,"Via Alessandro Manzoni 42,20121, Milano, MI,Italia",Manzoni,Homo modernus,https://www.teatro.it/spettacoli/milano/manzoni/2023-2024/homo-modernus,Teatro e spettacolo,"Teatro Manzoni, 42, Via Alessandro Manzoni, Cerchia dei Navigli, Municipio 1, Milano, Lombardia, 20121, Italia",45.4710286,9.1944762
Spettacoli,09-01-24,2024-01-09,"Via G. di Vittorio 6,20090, Assago, MI,Italia",Repower,Non è un concerto,https://www.teatro.it/spettacoli/assago/repower/2023-2024/pietro-morello-non-e-un-concerto,Teatro e spettacolo,"20090, Italy",45.407,9.1083
Teatri,09-01-24,2024-01-09,"Via Alessandro Manzoni, 42, Milano, MI",Teatro Manzoni,Leonardo Manera a teatro a Milano. Orari e biglietti,https://www.milanotoday.it/eventi/spettacolo-leonardo-manera-teatro-manzoni.html,Teatro e spettacolo,"Teatro Manzoni, 42, Via Alessandro Manzoni, Cerchia dei Navigli, Municipio 1, Milano, Lombardia, 20121, Italia",45.4710286,9.1944762
,10-01-24,2024-01-10,"Galleria Vittorio Emanuele II, 12, Milano, MI",Libreria Bocca,Alla libreria Bocca il libro su Milano di Argirò,https://www.milanotoday.it/eventi/alla-libreria-bocca-il-libro-su-milano-di-argiro-con-la-prefazione-di-monina-e-la-copertina-di-cherchi-mico-argiro.html,Non classificato,"Libreria Bocca, 12, Galleria Vittorio Emanuele Secondo, Duomo, Municipio 1, Milano, Lombardia, 20121, Italia",45.4651429,9.1901652
Spettacoli,10-01-24,2024-01-10,"piazza Carlo Alberto dalla Chiesa 4,20020, Arese, MI,Italia",Cinema Teatro Arese,Smanie per la villeggiatura,https://www.teatro.it/spettacoli/arese/cinema-teatro-arese/2023-2024/smanie-per-la-villeggiatura,Teatro e spettacolo,"Cinema Teatro Arese, 4, Piazza Generale Carlo Alberto Dalla Chiesa, Sant'Anna, Arese, Milano, Lombardia, 20044, Italia",45.549694,9.0777685
,11-01-24,2024-01-10,"Via Orcagna, 2, Milano, MI",Spazio Teatro No'hma,"XV edizione premio internazionale stagione 2023/2024 ""Il teatro nudo""",https://www.milanotoday.it/eventi/mercoledi-10-e-giovedi-11-gennaio-2024-ore-21-xv-edizione-premio-internazionale-stagione-2023-2024-in-viaggio-secondo-paese-partecipante-danimarca-spettacolo-skattegraveren-il-cercatore-di-tesori-un-opera-documentario-di-mauro-patricelli.html,Non classificato,"2, Via Andrea Orcagna, Città Studi, Municipio 3, Milano, Lombardia, 20131, Italia",45.4812196,9.2281055
Spettacoli,11-01-24,2024-01-11,"Via Alessandro Manzoni 42,20121, Milano, MI,Italia",Manzoni,PANPERS - Bodyscemi,https://www.teatro.it/spettacoli/milano/manzoni/2023-2024/panpers-bodyscemi,Teatro e spettacolo,"Teatro Manzoni, 42, Via Alessandro Manzoni, Cerchia dei Navigli, Municipio 1, Milano, Lombardia, 20121, Italia",45.4710286,9.1944762
Spettacoli,11-01-24,2024-01-11,"v. Mons. Pogliani 7/a,ang. via Grandi,20090, Cesano Boscone, MI,Italia",Cristallo,Uomo e galantuomo,https://www.teatro.it/spettacoli/cesano-boscone/cristallo/2023-2024/uomo-e-galantuomo,Teatro e spettacolo,"20090, Italy",45.407,9.1083
Incontro/presentazione,11-01-24,2024-01-11,"via Brera, 28, Milano, MI",Pinacoteca di Brera - Biblioteca Nazionale Braidense di Milano,Printing and Misprinting,,Formazione e networking,"Pinacoteca di Brera, 28, Via Brera, Cerchia dei Navigli, Municipio 1, Milano, Lombardia, 20121, Italia",45.4722421,9.1884071
Spettacoli,11-01-24,2024-01-11,"p.zza IV Novembre 3,20025, Legnano, MI,Italia",Talisio Tirinnanzi,Paradiso XXXIII,https://www.teatro.it/spettacoli/legnano/talisio-tirinnanzi/2023-2024/elio-germano-paradiso-xxxiii,Teatro e spettacolo,"Scuola Secondaria di Primo Grado Giovanni Ungaretti, 3, Piazza Quattro Novembre, San Giorgio su Legnano, Milano, Lombardia, 20034, Italia",45.5765251,8.9157963
Spettacoli,11-01-24,2024-01-11,"Corso di Porta Romana 63,20122, Milano, MI,Italia",Carcano,De Andrè - La Storia,https://www.teatro.it/spettacoli/milano/carcano/2023-2024/de-andre-la-storia,Teatro e spettacolo,"Teatro Carcano, 63, Corso di Porta Romana, Crocetta, Municipio 1, Milano, Lombardia, 20121, Italia",45.4566842,9.1955297
,31-01-24,2024-01-11,"Via Cesare Balbo, 36, Milano, MI",Zinc Bar,Cristiano Grim at Zinc Bar Milano,https://www.milanotoday.it/eventi/cristiano-grim-zinc-bar-milano-cristiano-grim.html,Non classificato,"Via Cesare Balbo, Vigentina, Municipio 5, Milano, Lombardia, 20136, Italia",45.4467076,9.1960763
Spettacoli,11-01-24,2024-01-11,"Via Larga 14,20122, Milano, MI,Italia",Lirico Giorgio Gaber,Tour 2025,https://www.teatro.it/spettacoli/milano/lirico-giorgio-gaber/2023-2024/drupi,Teatro e spettacolo,"Teatro Lirico Giorgio Gaber, 14, Via Larga, Cerchia dei Navigli, Municipio 1, Milano, Lombardia, 20122, Italia",45.4615135,9.1918702
,13-01-24,2024-01-12,"De Amicis, 17, Milano, MI","Spazio ""EL SALVADANEE""",Omaggio a Fabrizio De Andrè,https://www.milanotoday.it/eventi/omaggio-a-fabrizio-de-andre-12-gennaio-2023-henry-s-blues-duo-marinella-e-angelo-roda-alessio-lega-e-guido-baldoni.html,Non classificato,"Antiquarium Alda Levi, 17, Via Edmondo De Amicis, Ticinese, Municipio 1, Milano, Lombardia, 20123, Italia",45.4577507,9.1796498
Spettacoli,12-01-24,2024-01-12,"Corso Buenos Aires 33,20124, Milano, MI,Italia",Elfo Puccini - sala Shakespeare,L'importanza di chiamarsi Ernesto,https://www.teatro.it/spettacoli/milano/elfo-puccini-sala-shakespeare/2023-2024/limportanza-di-chiamarsi-ernesto,Teatro e spettacolo,"Teatro Elfo Puccini, 33, Corso Buenos Aires, Buenos Aires - Venezia, Municipio 3, Milano, Lombardia, 20124, Italia",45.4794317,9.2098387
Spettacoli,12-01-24,2024-01-12,"v. Matteotti 30,20064, Gorgonzola, MI,Italia",Sala Argentia,Canto Libero - Omaggio alle canzoni di Battisti e Mogol,https://www.teatro.it/spettacoli/gorgonzola/sala-argentia/2023-2024/canto-libero-omaggio-alle-canzoni-di-battisti-e-mogol,Teatro e spettacolo,"Sala Argentia, 30, Via Giacomo Matteotti, Gorgonzola, Milano, Lombardia, 20064, Italia",45.5327792,9.4032916
Inaugurazioni,31-12-24,2024-01-12,"Piazza Napoli, 22, Milano, MI",The Prism,A Milano apre uno spazio dedicato alla meditazione,https://www.milanotoday.it/eventi/spazio-the-prism-meditazione.html,Inaugurazioni,"22, Piazza Napoli, Lorenteggio, Municipio 6, Milano, Lombardia, 20146, Italia",45.4537969,9.1523093
Spettacoli,12-01-24,2024-01-12,"Piazza S. Magno,20025, Legnano, MI,Italia",Galleria,Red Sox,https://www.teatro.it/spettacoli/legnano/galleria/2023-2024/luca-ravenna-red-sox,Teatro e spettacolo,"Piazza San Magno, San Magno, Oltresempione, Legnano, Milano, Lombardia, 20025, Italia",45.5945411,8.9179889
Spettacoli,12-01-24,2024-01-12,"p.zza IV Novembre 3,20025, Legnano, MI,Italia",Talisio Tirinnanzi,Shakespeare in Rock - Il Musical,https://www.teatro.it/spettacoli/legnano/talisio-tirinnanzi/2023-2024/shakespeare-in-rock-il-musical,Teatro e spettacolo,"Scuola Secondaria di Primo Grado Giovanni Ungaretti, 3, Piazza Quattro Novembre, San Giorgio su Legnano, Milano, Lombardia, 20034, Italia",45.5765251,8.9157963
Teatri,13-01-24,2024-01-13,"Via San Giovanni sul Muro, 2, Milano, MI",Teatro Dal Verme,"Lo spettacolo di Carolina Benvenga ""Un Natale Favoloso a Teatro""",https://www.milanotoday.it/eventi/spettacolo-carolina-benvenga-teatro-dal-verme.html,Teatro e spettacolo,"2, Via San Giovanni sul Muro, Cerchia dei Navigli, Municipio 1, Milano, Lombardia, 20121, Italia",45.4671162,9.1814924
Spettacoli,13-01-24,2024-01-13,"Via Alessandro Manzoni 42,20121, Milano, MI,Italia",Manzoni,Vincenzo Schettini - La fisica che ci piace,https://www.teatro.it/spettacoli/milano/manzoni/2023-2024/vincenzo-schettini-la-fisica-che-ci-piace,Teatro e spettacolo,"Teatro Manzoni, 42, Via Alessandro Manzoni, Cerchia dei Navigli, Municipio 1, Milano, Lombardia, 20121, Italia",45.4710286,9.1944762
,14-01-24,2024-01-13,"Piazza Tre Torri, Milano, MI",City Life,"ll Tour ""Citroën Drive all Electric"" rivela i Vantaggi di una Mobilità per tutti a Zero Emissioni",https://www.milanotoday.it/eventi/tour-citroen-drive-all-electric.html,Non classificato,"Piazza Tre Torri, Tre Torri, Municipio 8 di Milano, Milano, Lombardia, 20149, Italia",45.4783108,9.1570584
Spettacoli,13-01-24,2024-01-13,"Via Alessandro Manzoni 42,20121, Milano, MI,Italia",Manzoni,Il Gatto con gli Stivali,https://www.teatro.it/spettacoli/milano/manzoni/2023-2024/il-gatto-con-gli-stivali-la-casa-delle-storia,Teatro e spettacolo,"Teatro Manzoni, 42, Via Alessandro Manzoni, Cerchia dei Navigli, Municipio 1, Milano, Lombardia, 20121, Italia",45.4710286,9.1944762
,23-01-24,2024-01-13,"Foro Buonaparte, 67, Milano, MI",Fondazione Matalon,Yicca 23/24 international contest of contemporary art,https://www.milanotoday.it/eventi/yicca-23-24-international-contest-of-contemporary-art-mostra-finale.html,Non classificato,"Fondazione Matalon, 67, Foro Buonaparte, Cerchia dei Navigli, Municipio 1, Milano, Lombardia, 20121, Italia",45.4678515,9.1808028
,13-01-24,2024-01-13,"Piazza Sant'Ambrogio, Milano, MI",milano,Un gioiello di arte e storia Sant'Ambrogio,https://www.milanotoday.it/eventi/un-gioiello-di-arte-e-storia-s-ambrogio-prolocomilano.html,Non classificato,"Piazza Sant'Ambrogio, Cerchia dei Navigli, Municipio 1, Milano, Lombardia, 20123, Italia",45.4620403,9.1746594
Disco&Feste,13-01-24,2024-01-13,"Via Gaudenzio Fantoli, Milano, MI",Fabrique,"""Febbre a 90"", la grande festa torna al Fabrique",https://www.milanotoday.it/eventi/festa-anni-novanta-fabrique.html,Musica e vita notturna,"Via Gaudenzio Fantoli, Parco Monluè - Ponte Lambro, Municipio 4, Milano, Lombardia, 21771, Italia",45.4543227,9.2574834
Teatri,13-01-24,2024-01-13,"Corso di Porta Romana, 63, Milano, MI",Teatro Carcano,"""I tre porcellini"" insegna ai bambini l'amicizia e l'attenzione all'ambiente",https://www.milanotoday.it/eventi/spettacolo-i-tre-porcellini-teatro-carcano.html,Teatro e spettacolo,"Teatro Carcano, 63, Corso di Porta Romana, Crocetta, Municipio 1, Milano, Lombardia, 20121, Italia",45.4566842,9.1955297
,13-01-24,2024-01-13,"Via Pistoia, 10, Milano, MI",Padiglione,"Marco Drago presenta ""Innamorato""",https://www.milanotoday.it/eventi/marco-drago-presenta-innamorato-edizioni-bollati-boringhieri-al-padiglione-di-baggio-marco-drago.html,Non classificato,"Biblioteca Comunale Baggio, 10, Via Pistoia, Baggio, Municipio 7, Milano, Lombardia, 20153, Italia",45.4633673,9.0903283
Spettacoli,13-01-24,2024-01-13,"Via San Giovanni sul muro 2,20121, Milano, MI,Italia",Dal Verme,Un Natale favoloso...a teatro,https://www.teatro.it/spettacoli/milano/dal-verme/2023-2024/carolina-un-natale-favolosoa-teatro,Teatro e spettacolo,"2, Via San Giovanni sul Muro, Cerchia dei Navigli, Municipio 1, Milano, Lombardia, 20121, Italia",45.4671162,9.1814924
,13-01-24,2024-01-13,"Via Marco D'Oggiono, Milano, MI",Teatro LabArca,"Teatro, lingua e vita. Il mondo poetico di Franco Loi",https://www.milanotoday.it/eventi/teatro-lingua-e-vita-il-mondo-poetico-di-franco-loi-davide-ferrari-giancarlo-consonni-umberto-fiori-egidio-bertazzoni-maurizio-cucchi.html,Non classificato,"Via Marco d'Oggiono, Ticinese, Municipio 1, Milano, Lombardia, 20123, Italia",45.4569667,9.1758861
Spettacoli,13-01-24,2024-01-13,"Via Larga 14,20122, Milano, MI,Italia",Lirico Giorgio Gaber,Esperienze D.M.,https://www.teatro.it/spettacoli/milano/lirico-giorgio-gaber/2023-2024/esperienze-dm,Teatro e spettacolo,"Teatro Lirico Giorgio Gaber, 14, Via Larga, Cerchia dei Navigli, Municipio 1, Milano, Lombardia, 20122, Italia",45.4615135,9.1918702
Spettacoli,13-01-24,2024-01-13,"Piazza Enzo Jannacci 1,20017, Rho, MI,Italia",Civico - Roberto de Silva,Tutu,https://www.teatro.it/spettacoli/rho/teatro-civico-roberto-de-silva/2023-2024/chicos-mambo-tutu,Teatro e spettacolo,"Piazza Enzo Jannacci, San Pietro, Lucernate, Rho, Milano, Lombardia, 20017, Italia",45.5279748,9.0458872
Spettacoli,13-01-24,2024-01-13,"Via Filodrammatici 2,20121, Milano, MI,Italia",Teatro Alla Scala,Coppélia,https://www.teatro.it/spettacoli/milano/teatro-alla-scala/2023-2024/coreografia-alexei-ratmansky-coppelia,Teatro e spettacolo,"2, Via Filodrammatici, Brera, Milano, Lombardia, 20121, Italia",45.4673781,9.188701
Incontro/presentazione,13-01-24,2024-01-13,"via Brera, 28, Milano, MI",Pinacoteca di Brera - Biblioteca Nazionale Braidense di Milano,Le CONCHE,,Formazione e networking,"Pinacoteca di Brera, 28, Via Brera, Cerchia dei Navigli, Municipio 1, Milano, Lombardia, 20121, Italia",45.4722421,9.1884071
Spettacoli,13-01-24,2024-01-13,"Via Filodrammatici 2,20121, Milano, MI,Italia",Teatro Alla Scala,Coppélia,https://www.teatro.it/spettacoli/milano/teatro-alla-scala/2023-2024/teatro-alla-scala-coppelia,Teatro e spettacolo,"2, Via Filodrammatici, Brera, Milano, Lombardia, 20121, Italia",45.4673781,9.188701
,14-01-24,2024-01-13,"Viale Achille Papa, 30, Milano, MI",Ginarteria - World Join Center,Milano fashion week tra i grattacieli al WJC,https://www.milanotoday.it/eventi/milano-fashion-week-tra-i-grattacieli-al-wjc-ingresso-omaggio-donna.html,Non classificato,"30, Viale Achille Papa, Villapizzone, QT8, Municipio 8 di Milano, Milano, Lombardia, 20149, Italia",45.4895624,9.1412193
,14-01-24,2024-01-14,"Piazza Castello, Milano, MI",Fermata M1,Per non dimenticare leone,https://www.milanotoday.it/eventi/per-non-dimenticare-leone-leone.html,Non classificato,"Piazza Castello, Cerchia dei Navigli, Municipio 1, Milano, Lombardia, Italia",45.4704699,9.1819129
Spettacoli,14-01-24,2024-01-14,"via Selvanesco 75,20142, Milano, MI,Italia",Pim Off,La sorella di Gesùcristo,https://www.teatro.it/spettacoli/milano/pim-off/2023-2024/la-sorella-di-gesucristo,Teatro e spettacolo,"75, Via Selvanesco, Gratosoglio - Ticinello, Municipio 5, Milano, Lombardia, 20142, Italia",45.4149579,9.1773287
Spettacoli,14-01-24,2024-01-14,"Corso Buenos Aires,33,20124, Milano, MI,Italia",Teatro Elfo Puccini - sala Fassbinder,L'istruttoria,https://www.teatro.it/spettacoli/milano/teatro-elfo-puccini-sala-fassbinder/2023-2024/listruttoria,Teatro e spettacolo,"Teatro Elfo Puccini, 33, Corso Buenos Aires, Buenos Aires - Venezia, Municipio 3, Milano, Lombardia, 20124, Italia",45.4794317,9.2098387
Spettacoli,14-01-24,2024-01-14,"via Filodrammatici,1,20121, Milano, MI,Italia",Filodrammatici,The Handmaid's Tale - Il racconto dell'Ancella,https://www.teatro.it/spettacoli/milano/filodrammatici/2023-2024/the-handmaids-tale-il-racconto-dellancella,Teatro e spettacolo,"Teatro dei Filodrammatici, 1, Via Filodrammatici, Brera, Municipio 1, Milano, Lombardia, 20121, Italia",45.467261,9.188435
Spettacoli,14-01-24,2024-01-14,"Viale dell'Innovazione 20,20126, Milano, MI,Italia",Arcimboldi,Peter Pan - Il Musical,https://www.teatro.it/spettacoli/milano/arcimboldi/2023-2024/peter-pan-il-musical,Teatro e spettacolo,"20, Viale dell'Innovazione, Bicocca, Municipio 9, Milano, Lombardia, 20125, Italia",45.5148696,9.2135963
Spettacoli,14-01-24,2024-01-14,"Corso di Porta Romana 63,20122, Milano, MI,Italia",Carcano,Paradiso XXXIII,https://www.teatro.it/spettacoli/milano/carcano/2023-2024/elio-germano-paradiso-xxxiii,Teatro e spettacolo,"Teatro Carcano, 63, Corso di Porta Romana, Crocetta, Municipio 1, Milano, Lombardia, 20121, Italia",45.4566842,9.1955297
,14-01-24,2024-01-14,"Via Marco D'Oggiono, Milano, MI",Teatro LabArca,"Luminoso, incidente",https://www.milanotoday.it/eventi/luminoso-incidente-il-collettivo-della-solitudine.html,Non classificato,"Via Marco d'Oggiono, Ticinese, Municipio 1, Milano, Lombardia, 20123, Italia",45.4569667,9.1758861
Spettacoli,14-01-24,2024-01-14,"Largo Antonio Greppi,20121, Milano, MI,Italia",Piccolo Teatro - Teatro Strehler,Slava's SnowShow,https://www.teatro.it/spettacoli/milano/piccolo-teatro-teatro-strehler/2023-2024/slavas-snowshow,Teatro e spettacolo,"Largo Antonio Greppi, Cerchia dei Navigli, Municipio 1, Milano, Lombardia, 20121, Italia",45.471727,9.1826196
Spettacoli,14-01-24,2024-01-14,"Via Alessandro Manzoni 42,20121, Milano, MI,Italia",Manzoni,Andavo ai 100 all'ora,https://www.teatro.it/spettacoli/milano/manzoni/2023-2024/paolo-cevoli-andavo-ai-100-allora,Teatro e spettacolo,"Teatro Manzoni, 42, Via Alessandro Manzoni, Cerchia dei Navigli, Municipio 1, Milano, Lombardia, 20121, Italia",45.4710286,9.1944762
Spettacoli,15-01-24,2024-01-15,"Viale dell'Innovazione 20,20126, Milano, MI,Italia",Arcimboldi,L'arte di non vedere,https://www.teatro.it/spettacoli/milano/arcimboldi/2023-2024/vincenzo-mollica-larte-di-non-vedere,Teatro e spettacolo,"20, Viale dell'Innovazione, Bicocca, Municipio 9, Milano, Lombardia, 20125, Italia",45.5148696,9.2135963
Spettacoli,15-01-24,2024-01-15,"Via Larga 14,20122, Milano, MI,Italia",Lirico Giorgio Gaber,La bella addormentata,https://www.teatro.it/spettacoli/milano/lirico-giorgio-gaber/2023-2024/la-bella-addormentata,Teatro e spettacolo,"Teatro Lirico Giorgio Gaber, 14, Via Larga, Cerchia dei Navigli, Municipio 1, Milano, Lombardia, 20122, Italia",45.4615135,9.1918702
,04-02-24,2024-01-16,"Via Mac Mahon, 16, Milano, MI",Teatro Out Off,Elena di ghiannis ritsos e monologhi dell’ atomica,https://www.milanotoday.it/eventi/elena-di-ghiannis-ritsos-e-monologhi-dell-atomica.html,Non classificato,"Via Mac Mahon, Villapizzone, Ghisolfa, Municipio 8 di Milano, Milano, Lombardia, 20155, Italia",45.4944281,9.1571046
,16-01-24,2024-01-16,"Via Gerolamo Morone, Milano, MI",Casa Manzoni,"L'educazione sentimentale: ""Cime tempestose"" di Emily Bronte",https://www.milanotoday.it/eventi/l-educazione-sentimentale-cime-tempestose-di-emily-bronte.html,Non classificato,"Via Gerolamo Morone, Duomo, Municipio 1, Milano, Lombardia, 20121, Italia",45.4681863,9.1916738
,17-01-24,2024-01-17,"Via Antonio Stoppani, 11, Milano, MI",Long Song Café,La presentazione di Tom Petty,https://www.milanotoday.it/eventi/la-presentazione-di-tom-petty-tom-petty.html,Non classificato,"11, Via Antonio Stoppani, Buenos Aires - Venezia, Municipio 3, Milano, Lombardia, 20129, Italia",45.4754527,9.2130782
,05-02-24,2024-01-17,"Via San Fermo, 19, Milano, MI",Spazio HUS,Premiohus per le arti visive,https://www.milanotoday.it/eventi/premiohus-per-le-arti-visive.html,Non classificato,"Via San Fermo, Baggio, Municipio 7, Villaggio Cavour, Settimo Milanese, Milano, Lombardia, 20019, Italia",45.4630575,9.0747604
Spettacoli,17-01-24,2024-01-17,"Piazza Cesare Beccaria 8,20122, Milano, MI,Italia",Gerolamo,Dopodiché stasera mi butto,https://www.teatro.it/spettacoli/milano/gerolamo/2023-2024/dopodiche-stasera-mi-butto,Teatro e spettacolo,"Teatro Gerolamo, 8, Piazza Cesare Beccaria, Duomo, Municipio 1, Milano, Lombardia, 20122, Italia",45.464175,9.1945551
Incontro/presentazione,18-01-24,2024-01-18,"via Brera, 28, Milano, MI",Pinacoteca di Brera - Biblioteca Nazionale Braidense di Milano,Collezione PAGLIANI,,Formazione e networking,"Pinacoteca di Brera, 28, Via Brera, Cerchia dei Navigli, Municipio 1, Milano, Lombardia, 20121, Italia",45.4722421,9.1884071
,18-01-24,2024-01-18,"Via Gustavo Fara, 2, Milano, MI",Chiesa san Gioachimo,Una storia spettacolare,https://www.milanotoday.it/eventi/una-storia-spettacolare.html,Non classificato,"2, Via Gustavo Fara, Centrale, Municipio 2, Milano, Lombardia, 20124, Italia",45.481939,9.1977471
,25-08-24,2024-01-19,"Via Arona, 19, Milano, MI",VIGORELLI,Football americano con i Seamen,https://www.milanotoday.it/eventi/football-americano-con-i-seamen-al-vigorelli-per-il-campionato-elf-2024-milano-seamen.html,Non classificato,"19, Via Arona, Portello, Tre Torri, Municipio 8 di Milano, Milano, Lombardia, 20149, Italia",45.4821434,9.1582793
Convegno/conferenza,19-01-24,2024-01-19,"Via Senato, Milano, MI",Soprintendenza Archivistica e Bibliografica della Lombardia,Ricomincio da 100. Gli archivi dell’Unità a Milano (1924-2024) | Conferenza stampa,,Formazione e networking,"Via Senato, Cerchia dei Navigli, Municipio 1, Milano, Lombardia, 20121, Italia",45.4691492,9.1989063
,03-02-24,2024-01-19,"Via Bergognone, 41, Milano, MI",Spazio ArTheoria,Dario Ninetti: ombre alchemiche,https://www.milanotoday.it/eventi/dario-binetti-ombre-alchemiche-dario-ninetti.html,Non classificato,"Via Bergognone da Fossano, Tortona, Municipio 6, Milano, Lombardia, 20144, Italia",45.4516585,9.1652314
,19-01-24,2024-01-19,"Via Pisanello, Milano, MI",Centro Culturale Rosetum,Eugenia Canale quartet: Rosetum jazz festival,https://www.milanotoday.it/eventi/eugenia-canale-quartet-rosetum-jazz-festival-6-eugenia-canale-quartet.html,Non classificato,"Via Pisanello, Bande Nere, Municipio 7, Milano, Lombardia, 20148, Italia",45.4672182,9.140416
Spettacoli,19-01-24,2024-01-19,"p.zza IV Novembre 3,20025, Legnano, MI,Italia",Talisio Tirinnanzi,Dizionario Balasso,https://www.teatro.it/spettacoli/legnano/talisio-tirinnanzi/2023-2024/natalino-balasso-dizionario-balasso,Teatro e spettacolo,"Scuola Secondaria di Primo Grado Giovanni Ungaretti, 3, Piazza Quattro Novembre, San Giorgio su Legnano, Milano, Lombardia, 20034, Italia",45.5765251,8.9157963
,03-02-24,2024-01-19,"Via Bergognone, 41, Milano, MI",Theoria,Dario Binetti - ombre alchemiche,https://www.milanotoday.it/eventi/dario-binetti-ombre-alchemiche-dario-binetti.html,Non classificato,"Via Bergognone da Fossano, Tortona, Municipio 6, Milano, Lombardia, 20144, Italia",45.4516585,9.1652314
Sport,21-01-24,2024-01-19,"Piazzale Carlo Magno, Milano, MI",Allianz MiCo,"A Milano torna Padel Trend Expo, l'evento dedicato interamente al padel",https://www.milanotoday.it/eventi/padel-trend-expo-2024.html,Sport e attività fisica,"Piazzale Carlo Magno, Portello, Tre Torri, Municipio 8 di Milano, Milano, Lombardia, 20149, Italia",45.4809798,9.1559779
,19-01-24,2024-01-19,"Piazza Duca d'Aosta, 9, Milano, MI",Excelsior Hotel Gallia,Centrale district con Avis Milano: il 19 gennaio si dona all’Excelsior Hotel Gallia,https://www.milanotoday.it/eventi/centrale-district-con-avis-milano-il-19-gennaio-si-dona-all-excelsior-hotel-gallia-una-risposta-al-mese-piu-critico-per-le-donazioni.html,Non classificato,"9, Piazza Duca d'Aosta, Centrale, Municipio 2, Milano, Lombardia, 20124, Italia",45.4857975,9.2019675
,26-01-24,2024-01-19,"Via Carlo Tenca, 11, Milano, MI",CAEL Galleria,Oniricamente | mostra d'arte,https://www.milanotoday.it/eventi/oniricamente-mostra-d-arte.html,Non classificato,"11, Via Carlo Tenca, Centrale, Municipio 2, Milano, Lombardia, 20124, Italia",45.4806693,9.2017813
Spettacoli,20-01-24,2024-01-20,"Piazza Risorgimento 19,20066, Melzo, MI,Italia",Trivulzio,L'idiota,https://www.teatro.it/spettacoli/melzo/trivulzio/2023-2024/lidiota,Teatro e spettacolo,"Piazza Risorgimento, Melzo, Milano, Lombardia, 20066, Italia",45.5003449,9.4229132
Spettacoli,20-01-24,2024-01-20,"p.zza IV Novembre 3,20025, Legnano, MI,Italia",Talisio Tirinnanzi,Confessioni di un malandrino,https://www.teatro.it/spettacoli/legnano/talisio-tirinnanzi/2023-2024/angelo-branduardi-confessioni-di-un-malandrino,Teatro e spettacolo,"Scuola Secondaria di Primo Grado Giovanni Ungaretti, 3, Piazza Quattro Novembre, San Giorgio su Legnano, Milano, Lombardia, 20034, Italia",45.5765251,8.9157963
Spettacoli,20-01-24,2024-01-20,"Piazza S. Magno,20025, Legnano, MI,Italia",Galleria,Edoardo Bennato,https://www.teatro.it/spettacoli/legnano/galleria/2023-2024/edoardo-bennato,Teatro e spettacolo,"Piazza San Magno, San Magno, Oltresempione, Legnano, Milano, Lombardia, 20025, Italia",45.5945288,8.9180098
,21-01-24,2024-01-20,"Paolo Sarpi, Milano, MI",Chinatown,Le vie di Milano che saranno ripulite dai volontari,https://www.milanotoday.it/eventi/pulizia-strade-21-gennaio-2024.html,Non classificato,"Via Paolo Sarpi, Sarpi, Municipio 1, Municipio 8 di Milano, Milano, Lombardia, 20154, Italia",45.4811942,9.1735324
Spettacoli,20-01-24,2024-01-20,"Via Alessandro Manzoni 42,20121, Milano, MI,Italia",Manzoni,Toys Stories,https://www.teatro.it/spettacoli/milano/manzoni/2023-2024/toys-stories,Teatro e spettacolo,"Teatro Manzoni, 42, Via Alessandro Manzoni, Cerchia dei Navigli, Municipio 1, Milano, Lombardia, 20121, Italia",45.4710286,9.1944762
Concerti,22-01-24,2024-01-20,"Via Giuseppe di Vittorio, 6, Milano, MI",Mediolanum Forum di Assago,Claudio Baglioni in concerto a Milano. Orari e biglietti,https://www.milanotoday.it/eventi/concerto-claudio-baglioni-mediolanum-forum-2024.html,Musica e vita notturna,"6, Via Giuseppe Di Vittorio, Foramagno, Mezzate, Peschiera Borromeo, Milano, Lombardia, 20068, Italia",45.4355184,9.2889768
Spettacoli,20-01-24,2024-01-20,"Via Andrea Maria Ampère 1,20131, Milano, MI,Italia",MTM - Leonardo,Scateniamo l’inferno,https://www.teatro.it/spettacoli/milano/leonardo/2023-2024/scateniamo-linferno,Teatro e spettacolo,"Teatro Leonardo da Vinci, 1, Via Andrea Maria Ampère, Città Studi, Municipio 3, Milano, Lombardia, 20131, Italia",45.4795266,9.2263901
,31-01-24,2024-01-20,"Via Giuseppe Dall'Occo, 1, Milano, MI",Galleria Click Art,Post 2023,https://www.milanotoday.it/eventi/post-2023.html,Non classificato,"Via Giuseppe Dall'Occo, Cormano, Zona Omogenea Milano Nord, Milano, Lombardia, 20032, Italia",45.5444599,9.1691639
Disco&Feste,20-01-24,2024-01-20,"Via Tortona, 27, Milano, MI",Super Club,La prima serata di Le Cannibale del nuovo anno,https://www.milanotoday.it/eventi/serata-le-cannibale-super-club-2024.html,Musica e vita notturna,"D-share, 27, Via Tortona, Tortona, Municipio 6, Milano, Lombardia, 20144, Italia",45.4506925,9.1634708
,27-01-24,2024-01-20,"Via Nicola Antonio Porpora, 16a, Milano, MI",ikonica art gallery,Versus: arte tra figurazione e astrazione,https://www.milanotoday.it/eventi/versus-arte-tra-figurazione-e-astrazione.html,Non classificato,"Via Nicola Antonio Porpora, Loreto, Municipio 3, Milano, Lombardia, 20131, Italia",45.4860705,9.2275933
,20-01-24,2024-01-20,"Via Maloia, Milano, MI",spazioSERRA,Sumisura season launch at Spazioserra,https://www.milanotoday.it/eventi/sumisura-season-launch-spazioserra-nicola-rossini.html,Non classificato,"Via Maloia, Farini, Municipio 9, Milano, Lombardia, 20158, Italia",45.4946286,9.1768212
Incontri,20-01-24,2024-01-20,"Via Filodrammatici, 2, Milano, MI",Teatro alla Scala,La visita guidata al Teatro alla Scala e al suo Museo,https://www.milanotoday.it/eventi/visita-guidata-teatro-scala.html,Formazione e networking,"2, Via Filodrammatici, Brera, Milano, Lombardia, 20121, Italia",45.4673781,9.188701
,20-01-24,2024-01-20,"Piazza Indro Montanelli, 2, Milano, MI",Ristorante GLASS,La festa dei single alle porte di Milano (e come iscriversi),https://www.milanotoday.it/eventi/festa-single-sesto-san-giovanni.html,Non classificato,"Glass, 2, Piazza Indro Montanelli, Rione Vittoria, Sesto San Giovanni, Zona Omogenea Milano Nord, Milano, Lombardia, 20099, Italia",45.5220473,9.2329214
Incontri,20-01-24,2024-01-20,"Piazza Giovanni Bausan, Milano, MI",Bovisa,Alla scoperta della Bovisa post industriale,https://www.milanotoday.it/eventi/visita-gratis-quartiere-bovisa.html,Formazione e networking,"Piazza Giovanni Bausan, Bovisa, Municipio 9, Milano, Lombardia, 20158, Italia",45.5025049,9.1653854
,21-01-24,2024-01-20,"Via Marco D'Oggiono, Milano, MI",Teatro LabArca,Schiava di Picasso,https://www.milanotoday.it/eventi/schiava-di-picasso-monica-rogledi.html,Non classificato,"Via Marco d'Oggiono, Ticinese, Municipio 1, Milano, Lombardia, 20123, Italia",45.4569667,9.1758861
,27-01-24,2024-01-20,"Via Nicola Antonio Porpora, 16a, Milano, MI",IKONICA ART GALLERY,"a milano la mostra ""versus - tra figurazione e astrazione""",https://www.milanotoday.it/eventi/a-milano-la-mostra-versus-tra-figurazione-e-astrazione.html,Non classificato,"Via Nicola Antonio Porpora, Loreto, Municipio 3, Milano, Lombardia, 20131, Italia",45.4860705,9.2275933
Spettacoli,21-01-24,2024-01-21,"via Fezzan,11,20146, Milano, MI,Italia",Ecoteatro,Il diario di Adamo ed Eva,https://www.teatro.it/spettacoli/milano/ecoteatro/2023-2024/il-diario-di-adamo-ed-eva,Teatro e spettacolo,"EcoTeatro, 11, Via Fezzan, Bande Nere, Municipio 6, Milano, Lombardia, 20146, Italia",45.4592109,9.1459527
,21-01-24,2024-01-21,"Via Mecenate, 88/A, Milano, MI",East Market,"Un nuovo anno all’insegna del vintage, East Market riparte in grande stile",https://www.milanotoday.it/eventi/mercatino-vintage-east-market-2024.html,Non classificato,"Via Mecenate, Mecenate, Municipio 4, Milano, Lombardia, 20059, Italia",45.4529888,9.2481173
Spettacoli,21-01-24,2024-01-21,"Via Giordano Rota 1,20145, Milano, MI,Italia",Nazionale Italiana Assicurazioni,Cinderella - Il musical,https://www.teatro.it/spettacoli/milano/nazionale-chebanca/2023-2024/cinderella-il-musical,Teatro e spettacolo,"20145, Italy",45.4643,9.1895
Spettacoli,21-01-24,2024-01-21,"Largo Antonio Greppi,20121, Milano, MI,Italia",Piccolo Teatro - Teatro Strehler,I ragazzi irresistibili,https://www.teatro.it/spettacoli/milano/piccolo-teatro-teatro-strehler/2023-2024/i-ragazzi-irresistibili,Teatro e spettacolo,"Largo Antonio Greppi, Cerchia dei Navigli, Municipio 1, Milano, Lombardia, 20121, Italia",45.471727,9.1826196
Spettacoli,21-01-24,2024-01-21,"Corso di Porta Romana 63,20122, Milano, MI,Italia",Carcano,"FRA' - San Francesco, la star del Medioevo",https://www.teatro.it/spettacoli/milano/carcano/2023-2024/fra-san-francesco-la-star-del-medioevo,Teatro e spettacolo,"Teatro Carcano, 63, Corso di Porta Romana, Crocetta, Municipio 1, Milano, Lombardia, 20121, Italia",45.4566842,9.1955297
Spettacoli,21-01-24,2024-01-21,"via Pier Lombardo,14,20135, Milano, MI,Italia",Franco Parenti - Sala Grande,Agosto a Osage County,https://www.teatro.it/spettacoli/milano/franco-parenti-sala-grande/2023-2024/agosto-a-osage-county,Teatro e spettacolo,"Via Pier Lombardo, Porta Romana, Municipio 4, Milano, Lombardia, 20135, Italia",45.4542958,9.2063109
Concerti,21-01-24,2024-01-21,"Via Mac Mahon, 16, Milano, MI",Teatro Out Off,Concerto beuys welt di maurizio de caro,https://www.milanotoday.it/eventi/concerto-beuys-welt-2023.html,Musica e vita notturna,"Via Mac Mahon, Villapizzone, Ghisolfa, Municipio 8 di Milano, Milano, Lombardia, 20155, Italia",45.4944281,9.1571046
Spettacoli,21-01-24,2024-01-21,"Viale dell'Innovazione 20,20126, Milano, MI,Italia",Arcimboldi,SHEN YUN,https://www.teatro.it/spettacoli/milano/arcimboldi/2023-2024/shen-yun,Teatro e spettacolo,"20, Viale dell'Innovazione, Bicocca, Municipio 9, Milano, Lombardia, 20125, Italia",45.5148696,9.2135963
Spettacoli,22-01-24,2024-01-22,"Via Alessandro Manzoni 42,20121, Milano, MI,Italia",Manzoni,Cabaret,https://www.teatro.it/spettacoli/milano/manzoni/2023-2024/filippo-giardina-cabaret,Teatro e spettacolo,"Teatro Manzoni, 42, Via Alessandro Manzoni, Cerchia dei Navigli, Municipio 1, Milano, Lombardia, 20121, Italia",45.4710286,9.1944762
Spettacoli,22-01-24,2024-01-22,"Viale dell'Innovazione 20,20126, Milano, MI,Italia",Arcimboldi,Lights in the dark,https://www.teatro.it/spettacoli/milano/arcimboldi/2023-2024/el-squad-lights-in-the-dark,Teatro e spettacolo,"20, Viale dell'Innovazione, Bicocca, Municipio 9, Milano, Lombardia, 20125, Italia",45.5148696,9.2135963
,22-01-24,2024-01-22,"Via Sant'Antonio, 5, Milano, MI",Casa Cardinale Ildefonso Schuster,Andrea Aziani: Febbre di vita,https://www.milanotoday.it/eventi/andrea-aziani-febbre-di-vita.html,Non classificato,"5, Via Sant'Antonio, Duomo, Municipio 1, Milano, Lombardia, 20122, Italia",45.4614519,9.1934697
Spettacoli,22-01-24,2024-01-22,"Corso Buenos Aires 33,20124, Milano, MI,Italia",Elfo Puccini - sala Shakespeare,Rosada!,https://www.teatro.it/spettacoli/milano/elfo-puccini-sala-shakespeare/2023-2024/rosada,Teatro e spettacolo,"Teatro Elfo Puccini, 33, Corso Buenos Aires, Buenos Aires - Venezia, Municipio 3, Milano, Lombardia, 20124, Italia",45.4794317,9.2098387
,03-02-24,2024-01-23,"Via Andrea Maria Ampère, 27, Milano, MI",Spazio Arte Tolomeo,Metamorfosi: un viaggio interiore attraverso l’arte,https://www.milanotoday.it/eventi/metamorfosi-2023.html,Non classificato,"27, Via Andrea Maria Ampère, Città Studi, Municipio 3, Milano, Lombardia, 20131, Italia",45.4816019,9.2263908
,24-03-24,2024-01-24,"Corso Venezia, 55, Milano, MI",Museo di Storia Naturale,"""Mimesis, ritratti animali"" in mostra a Milano",https://www.milanotoday.it/eventi/mostra-mimesis-ritratti-animali-museo-storia-naturale.html,Non classificato,"Museo di Storia Naturale, 55, Corso Venezia, Guastalla, Municipio 1, Milano, Lombardia, 20121, Italia",45.472734,9.2024419
,25-01-24,2024-01-24,"Via Tommaso da Cazzaniga, 89a, Milano, MI",Casa degli Artisti,Var digital art: sogni e dialoghi con l’intelligenza artificiale,https://www.milanotoday.it/eventi/var-digital-art-sogni-e-dialoghi-con-l-intelligenza-artificiale.html,Non classificato,"Degustazione, 89a, Via Tommaso da Cazzaniga, Brera, Municipio 1, Milano, Lombardia, 20121, Italia",45.4767876,9.1831668
Spettacoli,24-01-24,2024-01-24,"vicolo Fiume 4,20092, Cinisello Balsamo, MI,Italia",Pax,"FRA' - San Francesco, la star del Medioevo",https://www.teatro.it/spettacoli/cinisello-balsamo/pax/2023-2024/giovanni-scifoni-fra-san-francesco-la-star-del-medioevo,Teatro e spettacolo,"CineTeatro Pax, 4, Vicolo Fiume, Cinisello, Cinisello Balsamo, Zona Omogenea Milano Nord, Milano, Lombardia, 20092, Italia",45.5564874,9.2169118
Spettacoli,24-01-24,2024-01-24,"Via G. di Vittorio 6,20090, Assago, MI,Italia",Unipol Forum,World Tour 2024,https://www.teatro.it/spettacoli/assago/mediolanum-forum/2023-2024/laura-pausini-world-tour-2023,Teatro e spettacolo,"20090, Italy",45.407,9.1083
,27-01-24,2024-01-25,"Via Benedetto Marcello, 46, Milano, MI",Galleria Manifiesto Blanco,Mostra collettiva Manifiesto in dono,https://www.milanotoday.it/eventi/mostra-collettiva-manifiesto-in-dono-15-artisti-per-la-forza-e-il-sorriso-onlus-artisti-vari.html,Non classificato,"Manifiesto Blanco, 46, Via Benedetto Marcello, Buenos Aires - Venezia, Municipio 3, Milano, Lombardia, 20124, Italia",45.4830737,9.2106807
Spettacoli,25-01-24,2024-01-25,"p.zza IV Novembre 3,20025, Legnano, MI,Italia",Talisio Tirinnanzi,La strana coppia,https://www.teatro.it/spettacoli/legnano/talisio-tirinnanzi/2023-2024/la-strana-coppia,Teatro e spettacolo,"Scuola Secondaria di Primo Grado Giovanni Ungaretti, 3, Piazza Quattro Novembre, San Giorgio su Legnano, Milano, Lombardia, 20034, Italia",45.5765251,8.9157963
,25-01-24,2024-01-25,"Via Andrea Maria Ampère, 2, Milano, MI",Politecnico di Milano,Presentazione libro “Utopia. Le forme dell’aria da Leonardo Da Vinci a Pagani Utopia”,https://www.milanotoday.it/eventi/presentazione-libro-utopia-le-forme-dell-aria-da-leonardo-da-vinci-a-pagani-utopia-pietro-marani.html,Non classificato,"Via Andrea Maria Ampère, Città Studi, Municipio 3, Milano, Lombardia, 20131, Italia",45.4815526,9.2266627
,25-01-24,2024-01-25,"Via Fratelli Zoia, 89, Milano, MI",Spazio Teatro 89,"""In panchina"" con Barbara Giordano e Ivna Lamart",https://www.milanotoday.it/eventi/in-panchina-con-barbara-giordano-e-ivna-lamart-allo-spazio-teatro-89-barbara-giordano-ivna-lamart.html,Non classificato,"Via Fratelli Zoia, Quarto Cagnino, Municipio 7, Milano, Lombardia, 20153, Italia",45.4751914,9.108401
,25-01-24,2024-01-25,"Via Gerolamo Morone, Milano, MI",Casa Manzoni,Il lato oscuro dell'amore: cime tempestose,https://www.milanotoday.it/eventi/il-lato-oscuro-dell-amore-cime-tempestose.html,Non classificato,"Via Gerolamo Morone, Duomo, Municipio 1, Milano, Lombardia, 20121, Italia",45.4681863,9.1916738
Convegno/conferenza,25-01-24,2024-01-25,"via Brera, 28, Milano, MI",Pinacoteca di Brera,PERCORSI DELLA MANIERA: tra Prospero Fontana e Giorgio Vasari,,Formazione e networking,"Istituto Nazionale di Astrofisica – Osservatorio astronomico di Brera, 28, Via Brera, Cerchia dei Navigli, Municipio 1, Milano, Lombardia, 20121, Italia",45.4715946,9.1889707
Spettacoli,25-01-24,2024-01-25,"v. Matteotti 30,20064, Gorgonzola, MI,Italia",Sala Argentia,"FRA' - San Francesco, la star del Medioevo",https://www.teatro.it/spettacoli/gorgonzola/sala-argentia/2023-2024/giovanni-scifoni-fra-san-francesco-la-star-del-medioevo,Teatro e spettacolo,"Sala Argentia, 30, Via Giacomo Matteotti, Gorgonzola, Milano, Lombardia, 20064, Italia",45.5327792,9.4032916
Manifestazioni,28-01-24,2024-01-26,"Via Moncucco, 35, Milano, MI",Superstudio Maxi,Più di 500 tatuatori e performance live: torna la Milano Tattoo Convention,https://www.milanotoday.it/eventi/milano-tattoo-convention-2024.html,Altri eventi,"35, Via Moncucco, San Cristoforo, Municipio 6, Milano, Lombardia, 20143, Italia",45.4388607,9.1668385
Teatri,26-01-24,2024-01-26,"Via Giacomo Zanella, 43/1, Milano, MI",La Tana degli Artisti,Uno spettacolo a teatro per non dimenticare,https://www.milanotoday.it/eventi/spettacolo-farfalle-non-vivono-ghetto-nazismo-tana-artisti.html,Teatro e spettacolo,"Via Giacomo Zanella, Corsica, Municipio 4, Milano, Lombardia, 20059, Italia",45.4642246,9.2313596
,26-01-24,2024-01-26,"Via Giovanni Verga, 5, Milano, MI",Teatro Del Borgo,"Io vergine, tu pesci?",https://www.milanotoday.it/eventi/io-vergine-tu-pesci-giuseppe-sorgi-2024.html,Non classificato,"5, Via Giovanni Verga, Quartiere Campetto, Trezzano sul Naviglio, Milano, Lombardia, 20090, Italia",45.4290556,9.061464
,29-01-24,2024-01-26,"Via Eugenio Villoresi, 26, Milano, MI",Teatro Linguaggicreativi,Una bellezza piccola piccola,https://www.milanotoday.it/eventi/una-bellezza-piccola-piccola.html,Non classificato,"26, Via Eugenio Villoresi, Isola del Bosco, Torretta, Sesto San Giovanni, Zona Omogenea Milano Nord, Milano, Lombardia, 20099, Italia",45.5258217,9.225938
,14-02-24,2024-01-26,"Corso Buenos Aires, 45, Milano, MI",Lusvardi Art,My little demon for 2024,https://www.milanotoday.it/eventi/my-little-demon-for-2024-agostino-artese-dominik-flavio-degen-elisa-ewert-jake-kent-natalia-korotyaeva-david-kroell-laura-lusvardi-alessandro-rauschmann-e-rebecca-picci.html,Non classificato,"Goldenpoint, 45, Corso Buenos Aires, Buenos Aires - Venezia, Municipio 3, Milano, Lombardia, 20124, Italia",45.4808037,9.2111831
Mercatini,27-01-24,2024-01-27,"Viale Emilio Alemagna, 14, Milano, MI",Cascina Nascosta,Il mercatino del vinile in Cascina Nascosta,https://www.milanotoday.it/eventi/mercatino-vinile-cascina-nascosta.html,Mercati e shopping,"Ciclofficina Nascosta, 14, Viale Emilio Alemagna, Parco Sempione, Municipio 1, Milano, Lombardia, 20121, Italia",45.4737946,9.1722696
Disco&Feste,27-01-24,2024-01-27,"Via Gaudenzio Fantoli, 9, Milano, MI",Fabrique,Gli anni '80 protagonisti di una nuova festa al Fabrique,https://www.milanotoday.it/eventi/festa-anni-80-fabrique.html,Musica e vita notturna,"Fabrique, 9, Via Gaudenzio Fantoli, Mecenate, Municipio 4, Milano, Lombardia, 20138, Italia",45.4521243,9.2522773
Manifestazioni,28-01-24,2024-01-27,"via Novegro s/n, Milano, MI",Parco Esposizioni Novegro,"Giochi di ruolo, manga e videogame: torna il festival del fumetto",https://www.milanotoday.it/eventi/festival-fumetto-2024-parco-novegro.html,Altri eventi,"Via Novegro, Novegro, Segrate, Milano, Lombardia, 20054, Italia",45.4688231,9.2825667
Spettacoli,27-01-24,2024-01-27,"Via G. di Vittorio 6,20090, Assago, MI,Italia",Unipol Forum,Gabry Ponte,https://www.teatro.it/spettacoli/assago/mediolanum-forum/2023-2024/gabry-ponte,Teatro e spettacolo,"20090, Italy",45.407,9.1083
,07-02-24,2024-01-27,"Largo Corsia dei Servi, 4, Milano, MI",CMC,Mostra finale del concorso “Malamegi lab”,https://www.milanotoday.it/eventi/mostra-finale-del-concorso-malamegi-lab.html,Non classificato,"Largo Corsia dei Servi, Duomo, Municipio 1, Milano, Lombardia, 20122, Italia",45.4647722,9.1958825
Spettacoli,27-01-24,2024-01-27,"Piazza Cesare Beccaria 8,20122, Milano, MI,Italia",Gerolamo,Metafisica dell'amore,https://www.teatro.it/spettacoli/milano/gerolamo/2023-2024/metafisica-dellamore,Teatro e spettacolo,"Teatro Gerolamo, 8, Piazza Cesare Beccaria, Duomo, Municipio 1, Milano, Lombardia, 20122, Italia",45.464175,9.1945551
Incontro/presentazione,27-01-24,2024-01-27,"via Brera, 28, Milano, MI",Pinacoteca di Brera - Biblioteca Nazionale Braidense di Milano,"Noi, afghane",,Formazione e networking,"Istituto Nazionale di Astrofisica – Osservatorio astronomico di Brera, 28, Via Brera, Cerchia dei Navigli, Municipio 1, Milano, Lombardia, 20121, Italia",45.4715946,9.1889707
,17-03-24,2024-01-27,"Via Pace, 15, Milano, MI",Casa Museo Boschi Di Stefano,Workshop sentirsi a casa,https://www.milanotoday.it/eventi/workshop-sentirsi-a-casa-loredana-2024.html,Non classificato,"15, Via della Pace, Cusano, Cusano Milanino, Zona Omogenea Milano Nord, Milano, Lombardia, 20095, Italia",45.5557484,9.1712606
Spettacoli,27-01-24,2024-01-27,"Piazza S. Magno,20025, Legnano, MI,Italia",Galleria,Amore Bestiale Tour,https://www.teatro.it/spettacoli/legnano/galleria/2023-2024/barbascura-x-amore-bestiale-tour,Teatro e spettacolo,"Piazza San Magno, San Magno, Oltresempione, Legnano, Milano, Lombardia, 20025, Italia",45.5948853,8.9184024
Spettacoli,28-01-24,2024-01-28,"Piazza Cesare Beccaria 8,20122, Milano, MI,Italia",Gerolamo,Fame mia - Quasi un'autobiografia,https://www.teatro.it/spettacoli/milano/gerolamo/2023-2024/fame-mia-quasi-unautobiografia,Teatro e spettacolo,"Teatro Gerolamo, 8, Piazza Cesare Beccaria, Duomo, Municipio 1, Milano, Lombardia, 20122, Italia",45.464175,9.1945551
,28-01-24,2024-01-28,"Via Telemaco Signorini, 9, Milano, MI",BENDY DANCE STUDIO,"Laboratorio esperienziale di danza terapia, costellazioni familiari-quantiche e meditazione",https://www.milanotoday.it/eventi/laboratorio-esperienziale-di-danza-terapia-costellazioni-familiari-quantiche-e-meditazione-carmen-prisco-e-carlos-roldan.html,Non classificato,"Via Telemaco Signorini, Cagnola, Portello, Municipio 8 di Milano, Milano, Lombardia, 20154, Italia",45.4870429,9.155849
Spettacoli,28-01-24,2024-01-28,"Via Andrea Maria Ampère 1,20131, Milano, MI,Italia",MTM - Leonardo,La locandiera,https://www.teatro.it/spettacoli/milano/leonardo/2023-2024/corrado-delia-la-locandiera,Teatro e spettacolo,"Teatro Leonardo da Vinci, 1, Via Andrea Maria Ampère, Città Studi, Municipio 3, Milano, Lombardia, 20131, Italia",45.4795266,9.2263901
Spettacoli,28-01-24,2024-01-28,"p.zza IV Novembre 3,20025, Legnano, MI,Italia",Talisio Tirinnanzi,Recital per violino e pianoforte,https://www.teatro.it/spettacoli/legnano/talisio-tirinnanzi/2023-2024/uto-ughi-recital-per-violino-e-pianoforte,Teatro e spettacolo,"Scuola Secondaria di Primo Grado Giovanni Ungaretti, 3, Piazza Quattro Novembre, San Giorgio su Legnano, Milano, Lombardia, 20034, Italia",45.5765251,8.9157963
Spettacoli,28-01-24,2024-01-28,"Corso Magenta 24,20123, Milano, MI,Italia",MTM - Litta,Zio Vanja - Scene di vita,https://www.teatro.it/spettacoli/milano/mtm-litta/2023-2024/zio-vanja-scene-di-vita,Teatro e spettacolo,"24, Corso Magenta, Cerchia dei Navigli, Municipio 1, Milano, Lombardia, 20123, Italia",45.4658664,9.1782835
Spettacoli,28-01-24,2024-01-28,"Corso Venezia 2/A,20121, Milano, MI,Italia",San Babila,Il diario di Anne Frank,https://www.teatro.it/spettacoli/milano/san-babila/2023-2024/il-diario-di-anne-frank,Teatro e spettacolo,"2a, Corso Venezia, Duomo, Municipio 1, Milano, Lombardia, 20121, Italia",45.4670204,9.1981104
Spettacoli,28-01-24,2024-01-28,"Viale dell'Innovazione 20,20126, Milano, MI,Italia",Arcimboldi,Lo Schiaccianoci On Ice,https://www.teatro.it/spettacoli/milano/arcimboldi/2023-2024/the-imperial-ice-stars-lo-schiaccianoci-on-ice,Teatro e spettacolo,"20, Viale dell'Innovazione, Bicocca, Municipio 9, Milano, Lombardia, 20125, Italia",45.5148696,9.2135963
Spettacoli,28-01-24,2024-01-28,"Corso di Porta Romana 63,20122, Milano, MI,Italia",Carcano,Rumba - L'asino e il bue,https://www.teatro.it/spettacoli/milano/carcano/2023-2024/lasino-e-il-bue,Teatro e spettacolo,"Teatro Carcano, 63, Corso di Porta Romana, Crocetta, Municipio 1, Milano, Lombardia, 20121, Italia",45.4566842,9.1955297
Spettacoli,28-01-24,2024-01-28,"via Pier Lombardo,14,20135, Milano, MI,Italia",Franco Parenti - Sala Grande,Il cacciatore di nazisti,https://www.teatro.it/spettacoli/milano/franco-parenti-sala-grande/2023-2024/remo-girone-il-cacciatore-di-nazisti,Teatro e spettacolo,"Via Pier Lombardo, Porta Romana, Municipio 4, Milano, Lombardia, 20135, Italia",45.4542958,9.2063109
Spettacoli,28-01-24,2024-01-28,"Via Valtellina,7,20159, Milano, MI,Italia",Il Sistina Chapiteau - Milano,Il Marchese del grillo,https://www.teatro.it/spettacoli/milano/il-sistina-chapiteau/2023-2024/il-marchese-del-grillo,Teatro e spettacolo,"Via Valtellina, Isola, Municipio 9, Milano, Lombardia, 20159, Italia",45.4966447,9.183847
Spettacoli,28-01-24,2024-01-28,"Via Giordano Rota 1,20145, Milano, MI,Italia",Nazionale Italiana Assicurazioni,Chicago Il Musical,https://www.teatro.it/spettacoli/milano/nazionale-chebanca/2023-2024/chicago-il-musical,Teatro e spettacolo,"20145, Italy",45.4643,9.1895
Spettacoli,28-01-24,2024-01-28,"Via Pier Lombardo 14,20135, Milano, MI,Italia",Franco Parenti - Sala Blu,Farà giorno,https://www.teatro.it/spettacoli/milano/franco-parenti-sala-acomea/2023-2024/antonello-fassari-fara-giorno,Teatro e spettacolo,"Via Pier Lombardo, Porta Romana, Municipio 4, Milano, Lombardia, 20135, Italia",45.4542958,9.2063109
Spettacoli,28-01-24,2024-01-28,"Via Alessandro Manzoni 42,20121, Milano, MI,Italia",Manzoni,Quasi Amici,https://www.teatro.it/spettacoli/milano/manzoni/2023-2024/quasi-amici,Teatro e spettacolo,"Teatro Manzoni, 42, Via Alessandro Manzoni, Cerchia dei Navigli, Municipio 1, Milano, Lombardia, 20121, Italia",45.4710286,9.1944762
Teatri,28-01-24,2024-01-28,"Via Ciro Menotti, 11, Milano, MI",Teatro Menotti,Bambini e musica: uno spettacolo alla scoperta dei suoni,https://www.milanotoday.it/eventi/spettacolo-musica-bambini-teatro-menotti.html,Teatro e spettacolo,"11, Via Ciro Menotti, Buenos Aires - Venezia, Municipio 3, Milano, Lombardia, 20129, Italia",45.4699888,9.2132156
,28-01-24,2024-01-28,"Via Guido Mazzali, 5, Milano, MI",Sede Amnesty International Milano,Open day Amnesty International,https://www.milanotoday.it/eventi/open-day-amnesty-international-milano.html,Non classificato,"Vigo, 5, Via Guido Mazzali, Parco Lambro - Cimiano, Municipio 3, Milano, Lombardia, 20132, Italia",45.4910662,9.2337594
Spettacoli,28-01-24,2024-01-28,"Via Filodrammatici 2,20121, Milano, MI,Italia",Teatro Alla Scala,Médée,https://www.teatro.it/spettacoli/milano/teatro-alla-scala/2023-2024/medee-teatro-alla-scala,Teatro e spettacolo,"2, Via Filodrammatici, Brera, Milano, Lombardia, 20121, Italia",45.4676198,9.1884287
Spettacoli,28-01-24,2024-01-28,"Via Giordano Rota 1,20145, Milano, MI,Italia",Nazionale Italiana Assicurazioni,Chicago Il Musical,https://www.teatro.it/spettacoli/milano/nazionale-chebanca/2023-2024/chicago-il-musical,Teatro e spettacolo,"20145, Italy",45.4643,9.1895
Spettacoli,28-01-24,2024-01-28,"Corso Buenos Aires 33,20124, Milano, MI,Italia",Elfo Puccini - Sala Bausch,Io mi fermo qui,https://www.teatro.it/spettacoli/milano/elfo-puccini-sala-bausch/2023-2024/io-mi-fermo-qui,Teatro e spettacolo,"Teatro Elfo Puccini, 33, Corso Buenos Aires, Buenos Aires - Venezia, Municipio 3, Milano, Lombardia, 20124, Italia",45.4794317,9.2098387
Spettacoli,28-01-24,2024-01-28,"Via Hermada,8,20162, Milano, MI,Italia",della Cooperativa,I me ciamava per nome: 44787,https://www.teatro.it/spettacoli/milano/della-cooperativa/2023-2024/i-me-ciamava-per-nome-44787,Teatro e spettacolo,"8, Via privata Hermada, Niguarda - Cà Granda, Municipio 9, Milano, Lombardia, 20162, Italia",45.5147872,9.1901457
,26-04-24,2024-01-29,"Viale della Liberazione, 16, Milano, MI",Spazio Leonardo,"Andrea Bocca, wall painting per Spazio Leonardo",https://www.milanotoday.it/eventi/andrea-bocca-wall-painting-per-spazio-leonardo-andrea-bocca.html,Non classificato,"16, Viale della Liberazione, GARIBALDI REPUBBLICA, Municipio 9, Milano, Lombardia, 20100, Italia",45.4824226,9.1951953
,06-02-24,2024-01-29,"Via Nicola Antonio Porpora, 16a, Milano, MI",iKonica Art Gallery,Piero Scandura e Francesca Menconi: Bipersonale,https://www.milanotoday.it/eventi/piero-scandura-francesca-menconi-bipersonale-piero-scandura-francesca-menconi.html,Non classificato,"Via Nicola Antonio Porpora, Città Studi, Municipio 3, Milano, Lombardia, 20131, Italia",45.4861128,9.2333325
Concerti,29-01-24,2024-01-29,"Via Giuseppe di Vittorio, Milano, MI",Mediolanum Forum di Assago,Coez in concerto a Milano. Orari e biglietti,https://www.milanotoday.it/eventi/concerto-coez-mediolanum-forum-assago-2024.html,Musica e vita notturna,"Via Giuseppe Di Vittorio, Pontesesto, Rozzano, Milano, Lombardia, 20072, Italia",45.3848731,9.1854672
,29-01-24,2024-01-29,"Via Marco D'Oggiono, Milano, MI",Teatro LabArca,"Oltre la memoria: ""Diario di un figlio""",https://www.milanotoday.it/eventi/oltre-la-memoria-diario-di-un-figlio-arianna-scommegna.html,Non classificato,"Via Marco d'Oggiono, Ticinese, Municipio 1, Milano, Lombardia, 20123, Italia",45.4569667,9.1758861
Spettacoli,29-01-24,2024-01-29,"Via G. di Vittorio 6,20090, Assago, MI,Italia",Unipol Forum,Lovebars Estate 2024,https://www.teatro.it/spettacoli/assago/mediolanum-forum/2023-2024/lovebars,Teatro e spettacolo,"20090, Italy",45.407,9.1083
Spettacoli,29-01-24,2024-01-29,"Corso Buenos Aires 33,20124, Milano, MI,Italia",Elfo Puccini - sala Shakespeare,MaschiE… Quello che gli uomini non dicono,https://www.teatro.it/spettacoli/milano/elfo-puccini-sala-shakespeare/2023-2024/karma-b-maschie-quello-che-gli-uomini-non-dicono,Teatro e spettacolo,"Teatro Elfo Puccini, 33, Corso Buenos Aires, Buenos Aires - Venezia, Municipio 3, Milano, Lombardia, 20124, Italia",45.4794317,9.2098387
Spettacoli,29-01-24,2024-01-29,"Via Alessandro Manzoni 42,20121, Milano, MI,Italia",Manzoni,Prendetevi la luna,https://www.teatro.it/spettacoli/milano/manzoni/2023-2024/paolo-crepet-prendetevi-la-luna,Teatro e spettacolo,"Teatro Manzoni, 42, Via Alessandro Manzoni, Cerchia dei Navigli, Municipio 1, Milano, Lombardia, 20121, Italia",45.4710286,9.1944762
Spettacoli,29-01-24,2024-01-29,"Corso di Porta Romana 63,20122, Milano, MI,Italia",Carcano,Lettura clandestina,https://www.teatro.it/spettacoli/milano/carcano/2023-2024/fabrizio-bentivoglio-lettura-clandestina,Teatro e spettacolo,"Teatro Carcano, 63, Corso di Porta Romana, Crocetta, Municipio 1, Milano, Lombardia, 20121, Italia",45.4566842,9.1955297
Spettacoli,30-01-24,2024-01-30,"v. Mons. Pogliani 7/a,ang. via Grandi,20090, Cesano Boscone, MI,Italia",Cristallo,Una vita che sto qui,https://www.teatro.it/spettacoli/cesano-boscone/cristallo/2023-2024/una-vita-che-sto-qui,Teatro e spettacolo,"20090, Italy",45.407,9.1083
,15-02-24,2024-01-30,"Via Arcivescovo Romilli, 5, Milano, MI",MXM ARTE,Dalla terra,https://www.milanotoday.it/eventi/dalla-terra-alik-cavaliere-alberto-ghinzani-liliana-nocera-maximo-pellegrinetti-nada-pivetta-claudio-tomei.html,Non classificato,"Via Arcivescovo Romilli, Scalo Romana, Municipio 4, Milano, Lombardia, 20139, Italia",45.4378139,9.2161069
Spettacoli,30-01-24,2024-01-30,"Via Alessandro Manzoni 42,20121, Milano, MI,Italia",Manzoni,40 e sto,https://www.teatro.it/spettacoli/milano/manzoni/2023-2024/andrea-delogu-40-e-sto,Teatro e spettacolo,"Teatro Manzoni, 42, Via Alessandro Manzoni, Cerchia dei Navigli, Municipio 1, Milano, Lombardia, 20121, Italia",45.4710286,9.1944762
,01-02-24,2024-01-31,"Via Orcagna, 2, Milano, MI",Spazio Teatro No'hma,"O snegu in ljubezni, quarto paese partecipante: Slovenia",https://www.milanotoday.it/eventi/o-snegu-in-ljubezni-di-neve-e-d-amore-quarto-paese-partecipante-slovenia-xv-premio-internazionale-il-teatro-nudo-di-teresa-pomodoro-tadej-pisek-regista.html,Non classificato,"2, Via Andrea Orcagna, Città Studi, Municipio 3, Milano, Lombardia, 20131, Italia",45.4812196,9.2281055
,25-03-24,2024-01-31,"Via Andrea Maria Ampère, 2, Milano, MI",Politecnico di Milano - Spazio Mostre,Mostra arrigo arrighetti architetto,https://www.milanotoday.it/eventi/mostra-arrigo-arrighetti-architetto.html,Non classificato,"Via Andrea Maria Ampère, Città Studi, Municipio 3, Milano, Lombardia, 20131, Italia",45.4815526,9.2266627
,31-01-24,2024-01-31,"Via Panfilo Castaldi, 28, Milano, MI",Mitù Restaurant,Vinifico Winery incontra Mitù per una cena evento,https://www.milanotoday.it/eventi/vinifico-winery-incontra-mitu-per-una-cena-evento-con-wine-pairing-nessuno.html,Non classificato,"Via Panfilo Castaldi, Centrale, Municipio 2, Milano, Lombardia, 20124, Italia",45.4784384,9.1992505
,30-06-24,2024-01-31,"Via Simone Saint Bon, 20, Milano, MI",Centro Diagnostico Italiano,Colpo di scena: mostra fotografica oltre gli stereotipi di genere,https://www.milanotoday.it/eventi/colpo-di-scena-mostra-fotografica-oltre-gli-stereotipi-di-genere.html,Non classificato,"20, Via Simone Saint Bon, Forze Armate, Municipio 7, Milano, Lombardia, 20147, Italia",45.4588116,9.1214345
Spettacoli,01-02-24,2024-02-01,"via Fezzan,11,20146, Milano, MI,Italia",Ecoteatro,Musico ambulante tour,https://www.teatro.it/spettacoli/milano/ecoteatro/2023-2024/fabio-concato-musico-ambulante-tour,Teatro e spettacolo,"EcoTeatro, 11, Via Fezzan, Bande Nere, Municipio 6, Milano, Lombardia, 20146, Italia",45.4592109,9.1459527
Convegno/conferenza,02-02-24,2024-02-02,"Via Senato, Milano, MI",Soprintendenza Archivistica e Bibliografica della Lombardia,Una «meravigliosa» storia di tutela | Ricordo di Arturo Schwarz a cento anni dalla nascita,,Formazione e networking,"Via Senato, Cerchia dei Navigli, Municipio 1, Milano, Lombardia, 20121, Italia",45.4714266,9.1962309
Spettacoli,02-02-24,2024-02-02,"Piazza S. Magno,20025, Legnano, MI,Italia",Galleria,Boomers,https://www.teatro.it/spettacoli/legnano/galleria/2023-2024/marco-paolini-boomers,Teatro e spettacolo,"Piazza San Magno, San Magno, Oltresempione, Legnano, Milano, Lombardia, 20025, Italia",45.5948853,8.9184024
Spettacoli,02-02-24,2024-02-02,"Piazza Enzo Jannacci 1,20017, Rho, MI,Italia",Civico - Roberto de Silva,La Maria Brasca,https://www.teatro.it/spettacoli/rho/teatro-civico-roberto-de-silva/2023-2024/la-maria-brasca,Teatro e spettacolo,"Piazza Enzo Jannacci, San Pietro, Lucernate, Rho, Milano, Lombardia, 20017, Italia",45.5279748,9.0458872
Spettacoli,02-02-24,2024-02-02,"v. Matteotti 30,20064, Gorgonzola, MI,Italia",Sala Argentia,Una vita che sto qui,https://www.teatro.it/spettacoli/gorgonzola/sala-argentia/2023-2024/una-vita-che-sto-qui,Teatro e spettacolo,"Sala Argentia, 30, Via Giacomo Matteotti, Gorgonzola, Milano, Lombardia, 20064, Italia",45.5327792,9.4032916
Disco&Feste,03-02-24,2024-02-03,"Via Giuseppe di Vittorio, Milano, MI",Mediolanum Forum di Assago,Deejay Time a Milano: la data al Mediolanum Forum,https://www.milanotoday.it/eventi/deejay-time-mediolanum-forum-2024.html,Musica e vita notturna,"Via Giuseppe Di Vittorio, Pontesesto, Rozzano, Milano, Lombardia, 20072, Italia",45.3848731,9.1854672
,04-02-24,2024-02-03,"Viale Achille Papa, 30, Milano, MI",Ginarteria c\o World Join Center,Aperitivo cantato tra i grattacieli al Wjc,https://www.milanotoday.it/eventi/aperitivo-cantato-tra-i-grattacieli-al-wjc-dj-set-ingresso-omaggio.html,Non classificato,"30, Viale Achille Papa, Villapizzone, QT8, Municipio 8 di Milano, Milano, Lombardia, 20149, Italia",45.4895624,9.1412193
,03-02-24,2024-02-03,"Largo Angelo Testori, 13, Milano, MI",Casa Testori,Calvino e il piccolo pin,https://www.milanotoday.it/eventi/calvino-e-il-piccolo-pin-stefano-annoni.html,Non classificato,"13, Largo Angelo Testori, Novate Milanese, Milano, Lombardia, 20026, Italia",45.5292587,9.1367315
,30-06-24,2024-02-03,"Viale Giorgio Byron 2, Milano, MI",Arco della Pace e Parco Sempione,"Inside Monet, vr experience",https://www.milanotoday.it/eventi/inside-monet-vr-experience.html,Non classificato,"2, Viale Giorgio Byron, Parco Sempione, Municipio 1, Milano, Lombardia, 20154, Italia",45.4753371,9.1783413
Spettacoli,03-02-24,2024-02-03,"Via G. di Vittorio 6,20090, Assago, MI,Italia",Unipol Forum,Again,https://www.teatro.it/spettacoli/assago/mediolanum-forum/2023-2024/deejay-time-celebration,Teatro e spettacolo,"20090, Italy",45.407,9.1083
Spettacoli,03-02-24,2024-02-03,"p.zza IV Novembre 3,20025, Legnano, MI,Italia",Talisio Tirinnanzi,Otello,https://www.teatro.it/spettacoli/legnano/talisio-tirinnanzi/2023-2024/otello,Teatro e spettacolo,"Scuola Secondaria di Primo Grado Giovanni Ungaretti, 3, Piazza Quattro Novembre, San Giorgio su Legnano, Milano, Lombardia, 20034, Italia",45.5765251,8.9157963
Spettacoli,04-02-24,2024-02-04,"Corso di Porta Romana 63,20122, Milano, MI,Italia",Carcano,Top Girls,https://www.teatro.it/spettacoli/milano/carcano/2023-2024/top-girls,Teatro e spettacolo,"Teatro Carcano, 63, Corso di Porta Romana, Crocetta, Municipio 1, Milano, Lombardia, 20121, Italia",45.4566842,9.1955297
Mercatini,04-02-24,2024-02-04,"Via Bovisasca, 59, Milano, MI",Spirit de Milan,"Design, vinili e artigianato: il primo mercato dell'anno di Wunder Mrk",https://www.milanotoday.it/eventi/wunder-mrkt-mercatino-bovisa.html,Mercati e shopping,"Spirit de Milan, 59, Via Bovisasca, Bovisa, Municipio 9, Milano, Lombardia, 20157, Italia",45.5067143,9.1584748
Spettacoli,04-02-24,2024-02-04,"via Filodrammatici,1,20121, Milano, MI,Italia",Filodrammatici,Una mano mozzata a Spokane,https://www.teatro.it/spettacoli/milano/filodrammatici/2023-2024/una-mano-mozzata-a-spokane,Teatro e spettacolo,"Teatro dei Filodrammatici, 1, Via Filodrammatici, Brera, Municipio 1, Milano, Lombardia, 20121, Italia",45.467261,9.188435
Spettacoli,04-02-24,2024-02-04,"via Pier Lombardo,14,20135, Milano, MI,Italia",Franco Parenti - Sala Grande,Boston Marriage,https://www.teatro.it/spettacoli/milano/franco-parenti-sala-grande/2023-2024/boston-marriage,Teatro e spettacolo,"Via Pier Lombardo, Porta Romana, Municipio 4, Milano, Lombardia, 20135, Italia",45.4542958,9.2063109
Mercatini,04-02-24,2024-02-04,"Via Luigi Nono, 9, Milano, MI",Tempio del Futuro Perduto,A Milano arriva il mercato dove tutto è gratis,https://www.milanotoday.it/eventi/mercato-del-baratto-gratis.html,Mercati e shopping,"9, Via Luigi Nono, Bullona, Porta Volta, Municipio 8 di Milano, Milano, Lombardia, 20154, Italia",45.4864027,9.1751051
Spettacoli,04-02-24,2024-02-04,"Corso Buenos Aires 33,20124, Milano, MI,Italia",Elfo Puccini - sala Shakespeare,Atti osceni. I tre processi di Oscar Wilde,https://www.teatro.it/spettacoli/milano/elfo-puccini-sala-shakespeare/2023-2024/atti-osceni-i-tre-processi-di-oscar-wilde,Teatro e spettacolo,"Teatro Elfo Puccini, 33, Corso Buenos Aires, Buenos Aires - Venezia, Municipio 3, Milano, Lombardia, 20124, Italia",45.4794317,9.2098387
Spettacoli,04-02-24,2024-02-04,"Corso Buenos Aires 33,20124, Milano, MI,Italia",Elfo Puccini - Sala Bausch,La fabbrica degli stronzi,https://www.teatro.it/spettacoli/milano/elfo-puccini-sala-bausch/2023-2024/la-fabbrica-degli-stronzi,Teatro e spettacolo,"Teatro Elfo Puccini, 33, Corso Buenos Aires, Buenos Aires - Venezia, Municipio 3, Milano, Lombardia, 20124, Italia",45.4794317,9.2098387
Spettacoli,04-02-24,2024-02-04,"Corso Buenos Aires 33,20124, Milano, MI,Italia",Elfo Puccini - Sala Bausch,Il nostro amore schifo,https://www.teatro.it/spettacoli/milano/elfo-puccini-sala-bausch/2023-2024/il-nostro-amore-schifo,Teatro e spettacolo,"Teatro Elfo Puccini, 33, Corso Buenos Aires, Buenos Aires - Venezia, Municipio 3, Milano, Lombardia, 20124, Italia",45.4794317,9.2098387
Spettacoli,04-02-24,2024-02-04,"Largo Antonio Greppi,20121, Milano, MI,Italia",Piccolo Teatro - Teatro Strehler,La concessione del telefono,https://www.teatro.it/spettacoli/milano/piccolo-teatro-teatro-strehler/2023-2024/la-concessione-del-telefono,Teatro e spettacolo,"Largo Antonio Greppi, Cerchia dei Navigli, Municipio 1, Milano, Lombardia, 20121, Italia",45.4718502,9.1827114
Spettacoli,04-02-24,2024-02-04,"Via Alessandro Manzoni 42,20121, Milano, MI,Italia",Manzoni,Forte e Chiara,https://www.teatro.it/spettacoli/milano/manzoni/2023-2024/chiara-francini-forte-e-chiara,Teatro e spettacolo,"Teatro Manzoni, 42, Via Alessandro Manzoni, Cerchia dei Navigli, Municipio 1, Milano, Lombardia, 20121, Italia",45.4710286,9.1944762
Spettacoli,04-02-24,2024-02-04,"via Pitteri 58,20134, Milano, MI,Italia",Martinitt,La signorina Papillon,https://www.teatro.it/spettacoli/milano/martinitt/2023-2024/la-signorina-papillon,Teatro e spettacolo,"Via Riccardo Pitteri, Lambrate, Municipio 3, Milano, Lombardia, 20134, Italia",45.4798362,9.2457864
,06-02-24,2024-02-04,"Viale Lodovico Scarampo, Milano, MI",Fiera di Milano,La Croazia in esposizione alla Borsa internazionale del turismo,https://www.milanotoday.it/eventi/croazia-borsa-internazionale-del-turismo.html,Non classificato,"Viale Lodovico Scarampo, Portello, Municipio 8 di Milano, Milano, Lombardia, 20149, Italia",45.4809598,9.1510333
Spettacoli,04-02-24,2024-02-04,"Via Larga 14,20122, Milano, MI,Italia",Lirico Giorgio Gaber,Natale in casa Cupiello,https://www.teatro.it/spettacoli/milano/lirico-giorgio-gaber/2023-2024/natale-in-casa-cupiello,Teatro e spettacolo,"Teatro Lirico Giorgio Gaber, 14, Via Larga, Cerchia dei Navigli, Municipio 1, Milano, Lombardia, 20122, Italia",45.4615135,9.1918702
Spettacoli,04-02-24,2024-02-04,"Viale dell'Innovazione 20,20126, Milano, MI,Italia",Arcimboldi,La Divina Commedia,https://www.teatro.it/spettacoli/milano/arcimboldi/2023-2024/la-divina-commedia-opera-musical,Teatro e spettacolo,"20, Viale dell'Innovazione, Bicocca, Municipio 9, Milano, Lombardia, 20125, Italia",45.5148696,9.2135963
Spettacoli,04-02-24,2024-02-04,"Via Boltraffio 21,20159, Milano, MI,Italia",Fontana,Come gli uccelli,https://www.teatro.it/spettacoli/milano/fontana/2023-2024/come-gli-uccelli,Teatro e spettacolo,"21, Via Gian Antonio Boltraffio, Isola, Municipio 9, Milano, Lombardia, 20159, Italia",45.4921952,9.1878419
Spettacoli,05-02-24,2024-02-05,"Via Alessandro Manzoni 42,20121, Milano, MI,Italia",Manzoni,Ma per fortuna che c'era il Gaber,https://www.teatro.it/spettacoli/milano/manzoni/2023-2024/ma-per-fortuna-che-cera-il-gaber,Teatro e spettacolo,"Teatro Manzoni, 42, Via Alessandro Manzoni, Cerchia dei Navigli, Municipio 1, Milano, Lombardia, 20121, Italia",45.4710286,9.1944762
Spettacoli,05-02-24,2024-02-05,"Viale dell'Innovazione 20,20126, Milano, MI,Italia",Arcimboldi,Amori Tossici,https://www.teatro.it/spettacoli/milano/arcimboldi/2023-2024/demoni-urbani-amori-tossici,Teatro e spettacolo,"20, Viale dell'Innovazione, Bicocca, Municipio 9, Milano, Lombardia, 20125, Italia",45.5148696,9.2135963
Spettacoli,05-02-24,2024-02-05,"via Pier Lombardo,14,20135, Milano, MI,Italia",Franco Parenti - Sala Grande,Esodo,https://www.teatro.it/spettacoli/milano/franco-parenti-sala-grande/2023-2024/simone-cristicchi-esodo,Teatro e spettacolo,"Via Pier Lombardo, Porta Romana, Municipio 4, Milano, Lombardia, 20135, Italia",45.4542958,9.2063109
Spettacoli,06-02-24,2024-02-06,"Via Pastrengo 16,20159, Milano, MI,Italia",Verdi,Il Minotauro,https://www.teatro.it/spettacoli/milano/verdi/2023-2024/di-roberto-anglisani-il-minotauro,Teatro e spettacolo,"Posto Unico, 16, Via Pastrengo, Isola, Municipio 9, Milano, Lombardia, 20159, Italia",45.4868098,9.1857326
Spettacoli,06-02-24,2024-02-06,"Via G. di Vittorio 6,20090, Assago, MI,Italia",Unipol Forum,aTUTTOCUORE,https://www.teatro.it/spettacoli/assago/mediolanum-forum/2023-2024/claudio-baglioni-atuttocuore,Teatro e spettacolo,"20090, Italy",45.407,9.1083
Spettacoli,06-02-24,2024-02-06,"Viale dell'Innovazione 20,20126, Milano, MI,Italia",Arcimboldi,Human Nature Live Show,https://www.teatro.it/spettacoli/milano/arcimboldi/2023-2024/human-nature-live-show-the-greatest-michael-jackson-tribute-show,Teatro e spettacolo,"20, Viale dell'Innovazione, Bicocca, Municipio 9, Milano, Lombardia, 20125, Italia",45.5148696,9.2135963
,28-03-24,2024-02-06,"Piazza Castello, 16, Milano, MI",Galleria Gracis,"Franca Maranò, mostra personale",https://www.milanotoday.it/eventi/franca-marano-mostra-personale-franca-marano.html,Non classificato,"Galleria Gracis, 16, Piazza Castello, Cerchia dei Navigli, Municipio 1, Milano, Lombardia, 20121, Italia",45.4707551,9.1820293
,07-02-24,2024-02-07,"Via Privata della Braida, 5, Milano, MI",La Scatola Lilla,"Dentro il doomscrolling: Come Picasso, il nuovo libro di Martina Gerelli",https://www.milanotoday.it/eventi/dentro-il-doomscrolling-per-la-presentazione-a-milano-di-come-picasso-il-nuovo-libro-di-martina-gerelli-martina-gerelli.html,Non classificato,"5, Via privata della Braida, Guastalla, Municipio 1, Milano, Lombardia, 20122, Italia",45.4543754,9.2020833
Spettacoli,07-02-24,2024-02-07,"Corso di Porta Romana 63,20122, Milano, MI,Italia",Carcano,La Repubblica,https://www.teatro.it/spettacoli/milano/carcano/2023-2024/la-repubblica,Teatro e spettacolo,"Teatro Carcano, 63, Corso di Porta Romana, Crocetta, Municipio 1, Milano, Lombardia, 20121, Italia",45.4566842,9.1955297
,08-02-24,2024-02-07,"Via Orcagna, 2, Milano, MI",Spazio Teatro No'hma,Söndörgő in concerto,https://www.milanotoday.it/eventi/sondorg-in-concerto-sondorg.html,Non classificato,"2, Via Andrea Orcagna, Città Studi, Municipio 3, Milano, Lombardia, 20131, Italia",45.4812196,9.2281055
Spettacoli,07-02-24,2024-02-07,"p.zza IV Novembre 3,20025, Legnano, MI,Italia",Talisio Tirinnanzi,Saranno famosi - Fame Il Musical,https://www.teatro.it/spettacoli/legnano/talisio-tirinnanzi/2023-2024/saranno-famosi-fame-il-musical,Teatro e spettacolo,"Scuola Secondaria di Primo Grado Giovanni Ungaretti, 3, Piazza Quattro Novembre, San Giorgio su Legnano, Milano, Lombardia, 20034, Italia",45.5765251,8.9157963
Mostre,22-02-24,2024-02-08,"Via Festa del Perdono, 7, Milano, MI",Università degli Studi,La mostra (gratuita) che svela come si creano complotti e fake news,https://www.milanotoday.it/eventi/mostra-complotti-fake-news.html,Arte e cultura,"7, Via Festa del Perdono, Cerchia dei Navigli, Municipio 1, Milano, Lombardia, 20122, Italia",45.4603865,9.1939871
Incontri,17-02-24,2024-02-08,"Corso Venezia, 55, Milano, MI",Museo di Storia Naturale,Un Carnevale speciale al Museo di Storia Naturale,https://www.milanotoday.it/eventi/laboratorio-carnevale-museo-storia-naturale.html,Formazione e networking,"Museo di Storia Naturale, 55, Corso Venezia, Guastalla, Municipio 1, Milano, Lombardia, 20121, Italia",45.472734,9.2024419
,17-02-24,2024-02-08,"Via Nicola Antonio Porpora, 16a, Milano, MI",iKonica Art Gallery,"Shuhei matsuyama ""dipinti performance installazioni""",https://www.milanotoday.it/eventi/shuhei-matsuyama-dipinti-performance-installazioni-.html,Non classificato,"Via Nicola Antonio Porpora, Città Studi, Municipio 3, Milano, Lombardia, 20131, Italia",45.4861128,9.2333325
Spettacoli,08-02-24,2024-02-08,"Piazza Enzo Jannacci 1,20017, Rho, MI,Italia",Civico - Roberto de Silva,Cyrano de Bergerac,https://www.teatro.it/spettacoli/rho/teatro-civico-roberto-de-silva/2023-2024/cyrano-de-bergerac,Teatro e spettacolo,"Piazza Enzo Jannacci, San Pietro, Lucernate, Rho, Milano, Lombardia, 20017, Italia",45.5279748,9.0458872
Spettacoli,08-02-24,2024-02-08,"piazza Carlo Alberto dalla Chiesa 4,20020, Arese, MI,Italia",Cinema Teatro Arese,Il Figlio,https://www.teatro.it/spettacoli/arese/cinema-teatro-arese/2023-2024/il-figlio,Teatro e spettacolo,"Cinema Teatro Arese, 4, Piazza Generale Carlo Alberto Dalla Chiesa, Sant'Anna, Arese, Milano, Lombardia, 20044, Italia",45.549694,9.0777685
,06-04-24,2024-02-08,"Via Santa Croce, 21, Milano, MI",ABC ARTE ONE OF,mario schifano - correre rapinoso attraverso le cose del mondo,https://www.milanotoday.it/eventi/mario-schifano-correre-rapinoso-2023.html,Non classificato,"Clori Home and Flowers, 21, Via Santa Croce, Ticinese, Municipio 1, Milano, Lombardia, 20122, Italia",45.4534918,9.1813499
,09-02-24,2024-02-09,"Via Modena, 15, Milano, MI",Bonaventura Music Club,Kicking pricks: a Nick Cave tribute,https://www.milanotoday.it/eventi/kicking-pricks-a-nick-cave-tribute-kicking-pricks.html,Non classificato,"15, Via Modena, Rondò, Cassina de' Gatti, Sesto San Giovanni, Zona Omogenea Milano Nord, Milano, Lombardia, 20099, Italia",45.5328135,9.2338023
Cibo e Vino,11-02-24,2024-02-09,"Via Giovanni Battista Sammartini, 2, Milano, MI",Mercato Centrale Milano,"Capodanno Cinese, un weekend di eventi gratis al Mercato Centrale",https://www.milanotoday.it/eventi/festa-gratis-mercato-centrale-capodanno-cinese.html,Enogastronomia,"2, Via Giovanni Battista Sammartini, Centrale, Municipio 2, Milano, Lombardia, 20125, Italia",45.4906477,9.2074972
Teatri,10-02-24,2024-02-09,"Viale dell'Innovazione, 20, Milano, MI",Teatro Arcimboldi,"Il Lago dei Cigni, doppio imperdibile appuntamento al Teatro Arcimboldi di Milano",https://www.milanotoday.it/eventi/teatro/lago-dei-cigni-teatro-arcimboldi-9-10-febbraio-2024.html,Teatro e spettacolo,"20, Viale dell'Innovazione, Bicocca, Municipio 9, Milano, Lombardia, 20125, Italia",45.5148696,9.2135963
Mostre,01-04-24,2024-02-09,"Via Sant'Andrea, 6, Milano, MI",Palazzo Morando,"""Style is Life"", oltre 90 fotografie di Daniele Tamagni in mostra a Milano",https://www.milanotoday.it/eventi/mostra-fotografica-daniele-tamagni-palazzo-morando.html,Arte e cultura,"Palazzo Morando - Costume Moda Immagine, 6, Via Sant'Andrea, Duomo, Municipio 1, Milano, Lombardia, 20121, Italia",45.4685907,9.1962586
,14-02-24,2024-02-09,"Corso Venezia, 51, Milano, MI",Palazzo Bovara,"Chocolove, la manifestazione del cioccolato arriva a Milano (con oltre 40 maestri cioccolatieri)",https://www.milanotoday.it/eventi/chocolove-mostra-cioccolato-palazzo-bovara.html,Non classificato,"51, Corso Venezia, Guastalla, Municipio 1, Milano, Lombardia, 20121, Italia",45.4714453,9.2017768
,23-02-24,2024-02-09,"Via Carlo Tenca, 11, Milano, MI",Galleria Cael,Art walkway 4,https://www.milanotoday.it/eventi/art-walkway-4-mostra-collettiva.html,Non classificato,"11, Via Carlo Tenca, Centrale, Municipio 2, Milano, Lombardia, 20124, Italia",45.4806693,9.2017813
Incontro/presentazione,10-02-24,2024-02-10,"via Brera, 28, Milano, MI",Pinacoteca di Brera - Biblioteca Nazionale Braidense di Milano,La civil conversazione,,Formazione e networking,"Istituto Nazionale di Astrofisica – Osservatorio astronomico di Brera, 28, Via Brera, Cerchia dei Navigli, Municipio 1, Milano, Lombardia, 20121, Italia",45.4715946,9.1889707
Spettacoli,10-02-24,2024-02-10,"Via Alessandro Manzoni 42,20121, Milano, MI,Italia",Manzoni,I Tre Porcellini,https://www.teatro.it/spettacoli/milano/manzoni/2023-2024/i-tre-porcellini-la-casa-delle-storie,Teatro e spettacolo,"Teatro Manzoni, 42, Via Alessandro Manzoni, Cerchia dei Navigli, Municipio 1, Milano, Lombardia, 20121, Italia",45.4710286,9.1944762
Manifestazioni,10-03-24,2024-02-10,"Piazza Sempione, Milano, MI",Parco Sempione,Al Parco Sempione torna il Luna Park Meneghino (con oltre 60 attrazioni),https://www.milanotoday.it/eventi/luna-park-meneghino-parco-sempione.html,Altri eventi,"Piazza Sempione, Parco Sempione, Municipio 1, Milano, Lombardia, Italia",45.4755976,9.1725451
Sport,10-02-24,2024-02-10,"Piazza Sempione, Milano, MI",Arco della Pace,"Fitness Walk 2024, al Parco Sempione una camminata a ritmo di musica",https://www.milanotoday.it/eventi/fitness-walk-2024-camminata-parco-sempione.html,Sport e attività fisica,"Piazza Sempione, Parco Sempione, Municipio 1, Milano, Lombardia, Italia",45.4755976,9.1725451
Spettacoli,10-02-24,2024-02-10,"Piazza S. Magno,20025, Legnano, MI,Italia",Galleria,Il Pedone,https://www.teatro.it/spettacoli/legnano/galleria/2023-2024/giacobazzi-il-pedone,Teatro e spettacolo,"Piazza San Magno, San Magno, Oltresempione, Legnano, Milano, Lombardia, 20025, Italia",45.5948853,8.9184024
,22-02-24,2024-02-10,"Via Giuseppe Dall'Occo, 1, Milano, MI",Galleria Click Art,Lo spazio e il colore,https://www.milanotoday.it/eventi/lo-spazio-e-il-colore.html,Non classificato,"Via Giuseppe Dall'Occo, Cormano, Zona Omogenea Milano Nord, Milano, Lombardia, 20032, Italia",45.5444599,9.1691639
,10-02-24,2024-02-10,"Viale Campania, 12, Milano, MI",WOW Museo del Fumetto,"Presentazione di una fiaba senza tempo: ""Cuntami na romanza, la fiaba di pompagranita""",https://www.milanotoday.it/eventi/presentazione-di-una-fiaba-senza-tempo-cuntami-na-romanza-la-fiaba-di-pompagranita-lucia-spezzano-e-piero-tonin.html,Non classificato,"12, Viale Campania, Corsica, Municipio 4, Milano, Lombardia, 20133, Italia",45.4634024,9.2242161
,10-02-24,2024-02-10,"Viale Campania, 12, Milano, MI",WOW Museo del Fumetto,"Presentazione ""Cuntami 'na romanza. La fiaba di pompagranita""",https://www.milanotoday.it/eventi/presentazione-libro-illustrato-cuntami-na-romanza-la-fiaba-di-pompagranita-lucia-spezzano-e-piero-tonin.html,Non classificato,"12, Viale Campania, Corsica, Municipio 4, Milano, Lombardia, 20133, Italia",45.4634024,9.2242161
Manifestazioni,11-02-24,2024-02-10,"Via Mozart, 14, Milano, MI",Villa Necchi Campiglio,"Agrumi 2024, la mostra mercato FAI dei sapori del Mediterraneo",https://www.milanotoday.it/eventi/agrumi-mostra-mercato-fai-2024.html,Altri eventi,"14, Via Wolfgang Amadeus Mozart, Quartiere Boschetto, Trezzano sul Naviglio, Milano, Lombardia, 20090, Italia",45.4159579,9.0475197
Spettacoli,11-02-24,2024-02-11,"Via Larga 14,20122, Milano, MI,Italia",Lirico Giorgio Gaber,Meglio stasera,https://www.teatro.it/spettacoli/milano/lirico-giorgio-gaber/2023-2024/stefano-de-martino-meglio-stasera,Teatro e spettacolo,"Teatro Lirico Giorgio Gaber, 14, Via Larga, Cerchia dei Navigli, Municipio 1, Milano, Lombardia, 20122, Italia",45.4615135,9.1918702
Spettacoli,11-02-24,2024-02-11,"Corso Buenos Aires 33,20124, Milano, MI,Italia",Elfo Puccini - Sala Bausch,Muhammad Alì,https://www.teatro.it/spettacoli/milano/elfo-puccini-sala-bausch/2023-2024/muhammad-ali,Teatro e spettacolo,"Teatro Elfo Puccini, 33, Corso Buenos Aires, Buenos Aires - Venezia, Municipio 3, Milano, Lombardia, 20124, Italia",45.4794317,9.2098387
Spettacoli,11-02-24,2024-02-11,"Viale dell'Innovazione 20,20126, Milano, MI,Italia",Arcimboldi,Il lago dei cigni,https://www.teatro.it/spettacoli/milano/arcimboldi/2023-2024/il-lago-dei-cigni-accademia-ucraina-di-balletto,Teatro e spettacolo,"20, Viale dell'Innovazione, Bicocca, Municipio 9, Milano, Lombardia, 20125, Italia",45.5148696,9.2135963
Spettacoli,11-02-24,2024-02-11,"Viale dell'Innovazione 20,20126, Milano, MI,Italia",Arcimboldi,Biancaneve e i sette nani,https://www.teatro.it/spettacoli/milano/arcimboldi/2023-2024/accademia-ucraina-di-balletto-biancaneve-e-i-7-nani,Teatro e spettacolo,"20, Viale dell'Innovazione, Bicocca, Municipio 9, Milano, Lombardia, 20125, Italia",45.5148696,9.2135963
Spettacoli,11-02-24,2024-02-11,"Via Ciro Menotti 11,20129, Milano, MI,Italia",Menotti,Uccelli di Aristofane,https://www.teatro.it/spettacoli/milano/menotti/2023-2024/regia-di-emilio-russo-uccelli-di-aristofane,Teatro e spettacolo,"11, Via Ciro Menotti, Buenos Aires - Venezia, Municipio 3, Milano, Lombardia, 20129, Italia",45.4699888,9.2132156
Spettacoli,11-02-24,2024-02-11,"Via Alessandro Manzoni 42,20121, Milano, MI,Italia",Manzoni,Amanti,https://www.teatro.it/spettacoli/milano/manzoni/2023-2024/amanti,Teatro e spettacolo,"Teatro Manzoni, 42, Via Alessandro Manzoni, Cerchia dei Navigli, Municipio 1, Milano, Lombardia, 20121, Italia",45.4710286,9.1944762
Spettacoli,11-02-24,2024-02-11,"Corso Magenta 24,20123, Milano, MI,Italia",MTM - Litta,RICINO,https://www.teatro.it/spettacoli/milano/mtm-litta/2023-2024/ricino,Teatro e spettacolo,"24, Corso Magenta, Cerchia dei Navigli, Municipio 1, Milano, Lombardia, 20123, Italia",45.4658664,9.1782835
Spettacoli,11-02-24,2024-02-11,"Largo Antonio Greppi,20121, Milano, MI,Italia",Piccolo Teatro - Teatro Strehler,Clitennestra,https://www.teatro.it/spettacoli/milano/piccolo-teatro-teatro-strehler/2023-2024/isabella-ragonese-clitennestra,Teatro e spettacolo,"Largo Antonio Greppi, Cerchia dei Navigli, Municipio 1, Milano, Lombardia, 20121, Italia",45.4718502,9.1827114
Spettacoli,11-02-24,2024-02-11,"Via Giordano Rota 1,20145, Milano, MI,Italia",Nazionale Italiana Assicurazioni,We Will Rock You,https://www.teatro.it/spettacoli/milano/nazionale-chebanca/2023-2024/we-will-rock-you,Teatro e spettacolo,"20145, Italy",45.4643,9.1895
Spettacoli,11-02-24,2024-02-11,"Corso Buenos Aires,33,20124, Milano, MI,Italia",Teatro Elfo Puccini - sala Fassbinder,I corpi di Elizabeth,https://www.teatro.it/spettacoli/milano/teatro-elfo-puccini-sala-fassbinder/2023-2024/i-corpi-di-elizabeth,Teatro e spettacolo,"Teatro Elfo Puccini, 33, Corso Buenos Aires, Buenos Aires - Venezia, Municipio 3, Milano, Lombardia, 20124, Italia",45.4794317,9.2098387
Spettacoli,11-02-24,2024-02-11,"Via Rovello 2,20121, Milano, MI,Italia",Piccolo Teatro - Teatro Grassi,Ho paura torero,https://www.teatro.it/spettacoli/milano/piccolo-teatro-teatro-grassi/2023-2024/ho-paura-torero,Teatro e spettacolo,"2, Via Rovello, Brera, Milano, Lombardia, 20121, Italia",45.4665188,9.1847651
Concerti,11-02-24,2024-02-11,"Via Maria Drago, 3, Milano, MI",Ucraina Più,"Concerto della Kobzar Armada, musica tradizionale ucraina con strumenti antichi",https://www.milanotoday.it/eventi/concerto-kobzar-armada-ucraina.html,Musica e vita notturna,"Via Maria Drago, Musocco, Quarto Oggiaro, Municipio 8 di Milano, Milano, Lombardia, 20157, Italia",45.5130226,9.1278469
Teatri,11-02-24,2024-02-11,"Via San Giovanni sul Muro, 2, Milano, MI",Teatro Dal Verme,La magia di Luli Pampín arriva per la prima volta in Italia: la data milanese dello spettacolo,https://www.milanotoday.it/eventi/spettacolo-luli-pampin-teatro-dal-verme.html,Teatro e spettacolo,"2, Via San Giovanni sul Muro, Cerchia dei Navigli, Municipio 1, Milano, Lombardia, 20121, Italia",45.4671162,9.1814924
Manifestazioni,11-02-24,2024-02-11,"Piazza Sempione, Milano, MI",Arco della Pace,Capodanno Cinese 2024: quando e dove sarà la sfilata del dragone,https://www.milanotoday.it/eventi/capodanno-cinese-2024-sfilata-drago.html,Altri eventi,"Piazza Sempione, Parco Sempione, Municipio 1, Milano, Lombardia, Italia",45.4755976,9.1725451
,13-02-24,2024-02-11,"Via Marco D'Oggiono, Milano, MI",Teatro LabArca,Una stanza piccola,https://www.milanotoday.it/eventi/una-stanza-piccola-gianna-coletti.html,Non classificato,"Via Marco d'Oggiono, Ticinese, Municipio 1, Milano, Lombardia, 20123, Italia",45.4569667,9.1758861
Spettacoli,11-02-24,2024-02-11,"Corso di Porta Romana 63,20122, Milano, MI,Italia",Carcano,Svelarsi (Women Only),https://www.teatro.it/spettacoli/milano/carcano/2023-2024/svelarsi,Teatro e spettacolo,"Teatro Carcano, 63, Corso di Porta Romana, Crocetta, Municipio 1, Milano, Lombardia, 20121, Italia",45.4566842,9.1955297
Spettacoli,12-02-24,2024-02-12,"Corso di Porta Romana 63,20122, Milano, MI,Italia",Carcano,La Merda,https://www.teatro.it/spettacoli/milano/carcano/2023-2024/la-merda,Teatro e spettacolo,"Teatro Carcano, 63, Corso di Porta Romana, Crocetta, Municipio 1, Milano, Lombardia, 20121, Italia",45.4566842,9.1955297
,24-02-24,2024-02-13,"Via Gaudenzio Ferrari, 3, Milano, MI",Almach Art Gallery,Augusta Bariona: Blooming,https://www.milanotoday.it/eventi/augusta-bariona-blooming-augusta-bariona.html,Non classificato,"3, Via Gaudenzio Ferrari, Ticinese, Municipio 1, Milano, Lombardia, 20123, Italia",45.4558833,9.1754506
Teatri,18-02-24,2024-02-13,"Viale dell'Innovazione, 20, Milano, MI",Teatro Arcimboldi Milano,"Dalla televisione al teatro: ""Mare Fuori"" arriva agli Arcimboldi",https://www.milanotoday.it/eventi/spettacolo-musical-mare-fuori-teatro-arcimboldi.html,Teatro e spettacolo,"20, Viale dell'Innovazione, Bicocca, Municipio 9, Milano, Lombardia, 20125, Italia",45.5148696,9.2135963
Manifestazioni,13-02-24,2024-02-13,"Via Arcivescovo Calabiana, 6, Milano, MI",Talent,A Milano la Giornata Mondiale della Radio (insieme ai suoi protagonisti),https://www.milanotoday.it/eventi/giornata-mondiale-radio-2024-talent-garden.html,Altri eventi,"6, Via Arcivescovo Calabiana, Scalo Romana, Municipio 5, Milano, Lombardia, 20139, Italia",45.4441351,9.208477
,05-04-24,2024-02-14,"Via Evangelista Torricelli, 21, Milano, MI",Corals,The magic of love,https://www.milanotoday.it/eventi/inaugurazione-mostra-the-magic-of-love-katya-afonina-marina-pcheliakova-svetlana-kononova-dmitrii-filimonov.html,Non classificato,"21, Via Evangelista Torricelli, Ravello, Parabiago, Milano, Lombardia, 20015, Italia",45.5574246,8.9394696
,12-04-24,2024-02-14,"Via San Maurilio, 14, Milano, MI",Gilda Contemporary Art,Stranger Things,https://www.milanotoday.it/eventi/stranger-thinngs-elena-monzo-elena-monzo.html,Non classificato,"14, Via San Maurilio, Cerchia dei Navigli, Municipio 1, Milano, Lombardia, 20123, Italia",45.4622752,9.1839049
,14-02-24,2024-02-14,"Via Fabio Filzi, Milano, MI",Belvedere Silvio Berlusconi,San Valentino gratis al belvedere: come prenotare,https://www.milanotoday.it/eventi/belvedere-san-valentino.html,Non classificato,"Via Fabio Filzi, Centrale, Municipio 2, Milano, Lombardia, 20124, Italia",45.4878885,9.2031537
,14-02-24,2024-02-14,"Via Giovanni Battista Sammartini, 2, Milano, MI",Ristorante del Mercato Centrale Milano,"Al Mercato Centrale Milano un San Valentino speciale celebra l'amore tra gusto, musica e divertimento",https://www.milanotoday.it/eventi/san-valentino-mercato-centrale.html,Non classificato,"2, Via Giovanni Battista Sammartini, Centrale, Municipio 2, Milano, Lombardia, 20125, Italia",45.4906477,9.2074972
Mostre,17-03-24,2024-02-14,"Via Giulio Cesare Procaccini, 4, Milano, MI",Fabbrica del Vapore,"""Straordinarie"",  più di cento ritratti e voci di donne italiane che cambiano il mondo",https://www.milanotoday.it/eventi/mostra-fotografica-straordinarie-fabbrica-vapore.html,Arte e cultura,"4, Via Giulio Cesare Procaccini, Bullona, Porta Volta, Municipio 8 di Milano, Milano, Lombardia, 20154, Italia",45.4839945,9.1753796
,14-02-24,2024-02-14,"Piazza Città di Lombardia, Milano, MI",Palazzo Lombardia,"Belvedere di palazzo Lombardia aperto gratis per San Valentino: ""Bacio ad altissima quota""",https://www.milanotoday.it/eventi/belvedere-palazzo-lombardia-san-valentino.html,Non classificato,"Piazza Città di Lombardia, GARIBALDI REPUBBLICA, Municipio 9, Milano, Lombardia, 20124, Italia",45.4867209,9.1960553
Teatri,29-02-24,2024-02-15,"Via Valtellina, Milano, MI",Il Sistina Chapiteau,Il musical Matilda al Sistina Chapiteau di Milano dal 15 febbraio,https://www.milanotoday.it/eventi/musical-matilda-sistina-chapiteau.html,Teatro e spettacolo,"Via Valtellina, Farini, Municipio 9, Milano, Lombardia, 20159, Italia",45.4907327,9.1812435
,15-02-24,2024-02-15,"Via Fratelli Zoia, 89, Milano, MI",Spazio Teatro 89,"Komorebi, spettacolo queer di Giorgia Mazzucato",https://www.milanotoday.it/eventi/komorebi-spettacolo-queer-di-giorgia-mazzucato-a-nessun-confine-giorgia-mazzucato.html,Non classificato,"Via Fratelli Zoia, Quarto Cagnino, Municipio 7, Milano, Lombardia, 20153, Italia",45.4751914,9.108401
Spettacoli,15-02-24,2024-02-15,"v. Matteotti 30,20064, Gorgonzola, MI,Italia",Sala Argentia,Il Figlio,https://www.teatro.it/spettacoli/gorgonzola/sala-argentia/2023-2024/il-figlio,Teatro e spettacolo,"Sala Argentia, 30, Via Giacomo Matteotti, Gorgonzola, Milano, Lombardia, 20064, Italia",45.5327792,9.4032916
Spettacoli,15-02-24,2024-02-15,"Via Varese,29,20024, Garbagnate Milanese, MI,Italia",Italia,"O TELLO, O... IO - Francesco Paolantoni",https://www.teatro.it/spettacoli/garbagnate-milanese/italia/2023-2024/o-tello-o-io-francesco-paolantoni,Teatro e spettacolo,"Via Varese, Quadrifoglio, Santa Maria Rossa, Garbagnate Milanese, Milano, Lombardia, 20024, Italia",45.5758278,9.0778952
Spettacoli,15-02-24,2024-02-15,"v. Mons. Pogliani 7/a,ang. via Grandi,20090, Cesano Boscone, MI,Italia",Cristallo,L'Anatra all'arancia,https://www.teatro.it/spettacoli/cesano-boscone/cristallo/2023-2024/lanatra-allarancia,Teatro e spettacolo,"20090, Italy",45.407,9.1083
,15-02-24,2024-02-15,"Corso Sempione, 8, Milano, MI",Jazz Cafè,Jazz club: la rassegna di jazz café,https://www.milanotoday.it/eventi/jazz-club-al-via-la-rassegna-di-jazz-cafe-che-porta-jazz-blues-e-world-music-nel-cuore-di-milano-gigi-cifarelli.html,Non classificato,"Jazz Cafè, 8, Corso Sempione, Pagano, Municipio 1, Milano, Lombardia, 20154, Italia",45.4772869,9.1707285
,22-03-24,2024-02-15,"Via Maloia, 1, Milano, MI",spazioSERRA,Mostra di Zeroscena e Silvia Francis Berry a Spazioserra,https://www.milanotoday.it/eventi/mostra-di-zeroscena-e-silvia-francis-berry-a-spazioserra-zeroscena-e-silvia-francis-berry.html,Non classificato,"Via Maloia, Farini, Municipio 9, Milano, Lombardia, 20158, Italia",45.4946286,9.1768212
Incontri,16-02-24,2024-02-15,"Via Elba, 14/2, Milano, MI",Leo & Coco,"Campus, laboratori e una speciale festa di Carnevale per bambini",https://www.milanotoday.it/eventi/festa-carnevale-2024-bambini-ludoteca-leo-coco.html,Formazione e networking,"Via Elba, Washington, Municipio 7, Milano, Lombardia, 20144, Italia",45.4631819,9.1583368
,16-02-24,2024-02-16,"Piazza Natale Confalonieri, 3, Milano, MI",Auditorium Giovanni Falcone & Paolo Borsellino,Rassegna compagnie filodrammatiche: La scala Shepard,https://www.milanotoday.it/eventi/rassegna-compagnie-filodrammatiche-la-scala-shepard-la-silloge.html,Non classificato,"Il Pertini, 3, Piazza Natale Confalonieri, Borgo Primavera, Cinisello, Cinisello Balsamo, Zona Omogenea Milano Nord, Milano, Lombardia, 20092, Italia",45.5586088,9.2139592
Disco&Feste,26-04-24,2024-02-16,"Via Orefici, 15, Milano, MI",Fao Schwarz,"Giochi e feste gratis a Fao Schwarz: e si può provare la pianola di ""Big""",https://www.milanotoday.it/eventi/animazione-feste-gratis-venerdi-fao-schwarz.html,Musica e vita notturna,"FAO Schwarz, 15, Via Orefici, Cerchia dei Navigli, Municipio 1, Milano, Lombardia, 20123, Italia",45.464913,9.1864242
,06-03-24,2024-02-16,"Largo Corsia dei Servi, 4, Milano, MI",Centro Culturale di Milano,Flannery reading room. Leggiamo “Stella maris” di McCarthy,https://www.milanotoday.it/eventi/flannery-reading-room-leggiamo-stella-maris-di-mccarthy.html,Non classificato,"Largo Corsia dei Servi, Duomo, Municipio 1, Milano, Lombardia, 20122, Italia",45.4647722,9.1958825
Inaugurazioni,25-02-24,2024-02-16,"Corso Magenta, Milano, MI",Edicola nss,"A Milano apre una nuova ""edicola"" (speciale): festa con free drink per tutti",https://www.milanotoday.it/eventi/edicola-nss-festa.html,Inaugurazioni,"Corso Magenta, Magenta - San Vittore, Municipio 1, Milano, Lombardia, 20123, Italia",45.4657212,9.17112
Spettacoli,16-02-24,2024-02-16,"Piazza S. Magno,20025, Legnano, MI,Italia",Galleria,Meglio stasera,https://www.teatro.it/spettacoli/legnano/galleria/2023-2024/stefano-de-martino-meglio-stasera,Teatro e spettacolo,"Piazza San Magno, San Magno, Oltresempione, Legnano, Milano, Lombardia, 20025, Italia",45.5948853,8.9184024
Spettacoli,16-02-24,2024-02-16,"p.zza IV Novembre 3,20025, Legnano, MI,Italia",Talisio Tirinnanzi,Manoglia,https://www.teatro.it/spettacoli/legnano/talisio-tirinnanzi/2023-2024/davide-van-de-sfroos-manoglia,Teatro e spettacolo,"Scuola Secondaria di Primo Grado Giovanni Ungaretti, 3, Piazza Quattro Novembre, San Giorgio su Legnano, Milano, Lombardia, 20034, Italia",45.5765251,8.9157963
Mostre,15-06-24,2024-02-17,"Via Giovanni Battista Niccolini, Milano, MI",Auxologico,Le tante anime di Milano nella mostra fotografica all'Auxologico,https://www.milanotoday.it/eventi/mostra-milano-auxologico-febbraio-giugno-2024.html,Arte e cultura,"Via Giovanni Battista Niccolini, Sarpi, Municipio 1, Milano, Lombardia, 20154, Italia",45.481152,9.1772825
Manifestazioni,17-02-24,2024-02-17,"Piazza Castello, Milano, MI",Castello Sforzesco,Il Carnevale arriva al Castello Sforzesco (con un laboratorio da brividi),https://www.milanotoday.it/eventi/festa-carnevale-2024-castello-sforzesco.html,Altri eventi,"Piazza Castello, Cerchia dei Navigli, Municipio 1, Milano, Lombardia, Italia",45.4704699,9.1819129
Mostre,18-02-24,2024-02-17,"Via San Vittore, 21, Milano, MI",Museo della Scienza,Carnevale al Museo della Scienza: tutte le attività per le famiglie,https://www.milanotoday.it/eventi/festa-carnevale-bambini-museo-scienza.html,Arte e cultura,"21, Via San Vittore, Magenta - San Vittore, Municipio 1, Milano, Lombardia, 20123, Italia",45.4628946,9.1706462
,10-03-24,2024-02-17,"Via Luigi Galvani, 27, Milano, MI",Spazio Isola SET,"Essere italiani, mostra d'arte contemporanea",https://www.milanotoday.it/eventi/essere-italiani-mostra-d-arte-contemporanea-pittura-scultura-fotografia-garte-milano-gruppo-artistico-culturale.html,Non classificato,"Burton Store, 27, Via Luigi Galvani, GARIBALDI REPUBBLICA, Municipio 9, Milano, Lombardia, 20124, Italia",45.4878658,9.1960582
Manifestazioni,17-02-24,2024-02-17,"Corso Magenta, 15, Milano, MI",Civico Museo Archeologico,Carnevale 2024: un misterioso furto al Museo Archeologico,https://www.milanotoday.it/eventi/attivita-bambini-museo-archeologico-carnevale-2024.html,Altri eventi,"Civico museo archeologico di Milano, 15, Corso Magenta, Cerchia dei Navigli, Municipio 1, Milano, Lombardia, 20123, Italia",45.465621,9.1787191
,15-06-24,2024-02-17,"Via Giovanni Battista Niccolini, 39, Milano, MI",Milano,Milan l’è on gran milan. Scatti dei fotografi di Milano Photolab,https://www.milanotoday.it/eventi/milan-l-e-on-gran-milan-scatti-dei-fotografi-di-milano-photolab-fotografi-dell-associazione-milano-photolab-aps-ets.html,Non classificato,"Auxologico, 39, Via Giovanni Battista Niccolini, Sarpi, Porta Volta, Municipio 8 di Milano, Milano, Lombardia, 20154, Italia",45.4837824,9.176717
Incontro/presentazione,17-02-24,2024-02-17,"via Brera, 28, Milano, MI",Pinacoteca di Brera - Biblioteca Nazionale Braidense di Milano,Antonio Ghislanzoni,,Formazione e networking,"Istituto Nazionale di Astrofisica – Osservatorio astronomico di Brera, 28, Via Brera, Cerchia dei Navigli, Municipio 1, Milano, Lombardia, 20121, Italia",45.4715946,9.1889707
,17-02-24,2024-02-17,"Via Redipuglia, 13, Milano, MI",Teatro dell’Oratorio San Giovanni Bosco,Una serata con Vivaldi,https://www.milanotoday.it/eventi/una-serata-con-vivaldi.html,Non classificato,"13, Via Redipuglia, Melzo, Milano, Lombardia, 20066, Italia",45.5018219,9.4264163
,17-02-24,2024-02-17,"Alzaia Naviglio Grande, Milano, MI",Naviglio Grande,La sfilata di carnevale sul Naviglio Grande,https://www.milanotoday.it/eventi/sfilata-naviglio-carnevale-2024.html,Non classificato,"Alzaia Naviglio Grande, Navigli, Municipio 6, Milano, Lombardia, 20136, Italia",45.4520419,9.1756524
Incontri,17-02-24,2024-02-17,"Via Friuli, Milano, MI",Plus1 Gym Concept,Workshop gratuito di autodifesa e protezione personale,https://www.milanotoday.it/eventi/workshop-gratuito-autodifesa-protezione-personale.html,Formazione e networking,"Via Friuli, Porta Romana, Municipio 4, Milano, Lombardia, 20135, Italia",45.4529967,9.2122305
Spettacoli,17-02-24,2024-02-17,"Piazza S. Magno,20025, Legnano, MI,Italia",Galleria,Doppia traccia,https://www.teatro.it/spettacoli/legnano/galleria/2023-2024/pfm-canta-de-andre-anniversary,Teatro e spettacolo,"Piazza San Magno, San Magno, Oltresempione, Legnano, Milano, Lombardia, 20025, Italia",45.5948853,8.9184024
,17-02-24,2024-02-17,"Viale Achille Papa, 30, Milano, MI",Ginarteria - World Join Center,Il Carnevale Ambrosiano tra i grattacieli,https://www.milanotoday.it/eventi/festa-carnevale-ambrosiano-grattacieli.html,Non classificato,"30, Viale Achille Papa, Villapizzone, QT8, Municipio 8 di Milano, Milano, Lombardia, 20149, Italia",45.4895624,9.1412193
,17-02-24,2024-02-17,"Via Pier Paolo Pasolini, 3, Milano, MI",Cascina Merlata,Il Carnevale a Cascina Merlata: una festa di colori e musica,https://www.milanotoday.it/eventi/festa-carnevale-cascina-merlata.html,Non classificato,"Cascina Merlata SPAZIO VIVO, 3, Via Pier Paolo Pasolini, Maggiore - Musocco, Cascina Merlata, Municipio 8 di Milano, Milano, Lombardia, 20151, Italia",45.5066453,9.1031746
Spettacoli,17-02-24,2024-02-17,"Via Alessandro Manzoni 42,20121, Milano, MI,Italia",Manzoni,Star Words,https://www.teatro.it/spettacoli/milano/manzoni/2023-2024/star-words,Teatro e spettacolo,"Teatro Manzoni, 42, Via Alessandro Manzoni, Cerchia dei Navigli, Municipio 1, Milano, Lombardia, 20121, Italia",45.4710286,9.1944762
Spettacoli,18-02-24,2024-02-18,"via Pitteri 58,20134, Milano, MI,Italia",Martinitt,4 5 6,https://www.teatro.it/spettacoli/milano/martinitt/2023-2024/456,Teatro e spettacolo,"Via Riccardo Pitteri, Lambrate, Municipio 3, Milano, Lombardia, 20134, Italia",45.4798362,9.2457864
Spettacoli,18-02-24,2024-02-18,"via Pier Lombardo,14,20135, Milano, MI,Italia",Franco Parenti - Sala Grande,La signora del martedì,https://www.teatro.it/spettacoli/milano/franco-parenti-sala-grande/2023-2024/la-signora-del-martedi,Teatro e spettacolo,"Via Pier Lombardo, Porta Romana, Municipio 4, Milano, Lombardia, 20135, Italia",45.4542958,9.2063109
Spettacoli,18-02-24,2024-02-18,"Via San Giovanni sul muro 2,20121, Milano, MI,Italia",Dal Verme,E' questa la vita che sognavo da bambino?,https://www.teatro.it/spettacoli/milano/dal-verme/2023-2024/luca-argentero-e-questa-la-vita-che-sognavo-da-bambino,Teatro e spettacolo,"2, Via San Giovanni sul Muro, Cerchia dei Navigli, Municipio 1, Milano, Lombardia, 20121, Italia",45.4671162,9.1814924
Spettacoli,18-02-24,2024-02-18,"Corso di Porta Romana 63,20122, Milano, MI,Italia",Carcano,Falstaff a Windsor,https://www.teatro.it/spettacoli/milano/carcano/2023-2024/falstaff-a-windsor-alessandro-benvenuti,Teatro e spettacolo,"Teatro Carcano, 63, Corso di Porta Romana, Crocetta, Municipio 1, Milano, Lombardia, 20121, Italia",45.4566842,9.1955297
Spettacoli,18-02-24,2024-02-18,"Via Ciro Menotti 11,20129, Milano, MI,Italia",Menotti,Storia di una capinera,https://www.teatro.it/spettacoli/milano/menotti/2023-2024/enrico-guarnieri-nadia-de-luca-storia-di-una-capinera,Teatro e spettacolo,"11, Via Ciro Menotti, Buenos Aires - Venezia, Municipio 3, Milano, Lombardia, 20129, Italia",45.4699888,9.2132156
Spettacoli,18-02-24,2024-02-18,"Via Filodrammatici 2,20121, Milano, MI,Italia",Teatro Alla Scala,Smith / León e Lightfoot / Valastro,https://www.teatro.it/spettacoli/milano/teatro-alla-scala/2023-2024/teatro-alla-scala-smith-leon-e-lightfoot-valastro,Teatro e spettacolo,"2, Via Filodrammatici, Brera, Milano, Lombardia, 20121, Italia",45.4676198,9.1884287
Cinema,18-02-24,2024-02-18,"Via Chiese, Milano, MI",UCI Bicocca,"All'Uci Cinema Bicocca l’anteprima del cartone ""Peppa’s Cinemas Party""",https://www.milanotoday.it/eventi/anteprima-film-peppa-pig-bicocca.html,Arte e cultura,"Via Chiese, Bicocca, Municipio 9, Milano, Lombardia, 20126, Italia",45.5199672,9.218792
Spettacoli,18-02-24,2024-02-18,"Largo Antonio Greppi,20121, Milano, MI,Italia",Piccolo Teatro - Teatro Strehler,Naturae,https://www.teatro.it/spettacoli/milano/piccolo-teatro-teatro-strehler/2023-2024/naturae-armando-punzo,Teatro e spettacolo,"Largo Antonio Greppi, Cerchia dei Navigli, Municipio 1, Milano, Lombardia, 20121, Italia",45.4718502,9.1827114
Concerti,18-02-24,2024-02-18,"Piazza della Scala, 2, Milano, MI","Palazzo Marino, sala Alessi","""Palazzo Marino in Musica"", concerti gratis nel cuore di Milano",https://www.milanotoday.it/eventi/concerto-gratis-palazzo-marino-2024.html,Musica e vita notturna,"2, Piazza della Scala, Duomo, Brera, Milano, Lombardia, 20121, Italia",45.4666807,9.1902798
Spettacoli,18-02-24,2024-02-18,"Viale dell'Innovazione 20,20126, Milano, MI,Italia",Arcimboldi,MARE FUORI - IL MUSICAL,https://www.teatro.it/spettacoli/milano/arcimboldi/2023-2024/mare-fuori-il-musical,Teatro e spettacolo,"20, Viale dell'Innovazione, Bicocca, Municipio 9, Milano, Lombardia, 20125, Italia",45.5148696,9.2135963
Spettacoli,18-02-24,2024-02-18,"Via G. di Vittorio 6,20090, Assago, MI,Italia",Repower,7°... non  rubare,https://www.teatro.it/spettacoli/assago/repower/2023-2024/i-legnanesi-7non-rubare,Teatro e spettacolo,"20090, Italy",45.407,9.1083
Spettacoli,18-02-24,2024-02-18,"Corso Venezia 2/A,20121, Milano, MI,Italia",San Babila,La finta ammalata,https://www.teatro.it/spettacoli/milano/san-babila/2023-2024/la-finta-ammalata,Teatro e spettacolo,"2a, Corso Venezia, Duomo, Municipio 1, Milano, Lombardia, 20121, Italia",45.4670204,9.1981104
Spettacoli,18-02-24,2024-02-18,"Via Rovello 2,20121, Milano, MI,Italia",Piccolo Teatro - Teatro Grassi,"Dentro: una storia vera, se volete",https://www.teatro.it/spettacoli/milano/piccolo-teatro-teatro-grassi/2023-2024/dentro-una-storia-vera-se-volete,Teatro e spettacolo,"2, Via Rovello, Brera, Milano, Lombardia, 20121, Italia",45.4665188,9.1847651
Spettacoli,18-02-24,2024-02-18,"Corso Buenos Aires 33,20124, Milano, MI,Italia",Elfo Puccini - Sala Bausch,Nell'occhio del labirinto - Apologia di Enzo Tortora,https://www.teatro.it/spettacoli/milano/elfo-puccini-sala-bausch/2023-2024/nellocchio-del-labirinto-apologia-di-enzo-tortora,Teatro e spettacolo,"Teatro Elfo Puccini, 33, Corso Buenos Aires, Buenos Aires - Venezia, Municipio 3, Milano, Lombardia, 20124, Italia",45.4794317,9.2098387
,18-02-24,2024-02-18,"Via Umberto I, 24, Milano, MI",Cooperativa A.Sandro Pertini,La sanità in Lombardia: incontro a Vanzago,https://www.milanotoday.it/eventi/sanita-lombardia-vanzago.html,Non classificato,"24, Via Umberto Primo, Vanzago, Milano, Lombardia, 20010, Italia",45.5263423,8.994281
Teatri,25-02-24,2024-02-19,"Via Romualdo Bonfadini, 148, Milano, MI",La Centrale,A MiIano uno spettacolo straordinario di teatro immersivo: in scena il racconto a perdifiato dell'ascesa al potere di 'Riccardo III',https://www.milanotoday.it/eventi/riccardo-iii-la-centrale.html,Teatro e spettacolo,"148, Via Romualdo Bonfadini, Mecenate, Municipio 4, Milano, Lombardia, 20138, Italia",45.4440449,9.2534239
,19-02-24,2024-02-19,"Viale Enrico Fermi, 98, Milano, MI",LEGEND CLUB,Mike Dawes at Legend Club,https://www.milanotoday.it/eventi/mike-dawes-legend-club-mike-dawes.html,Non classificato,"Legend Club, 98, Viale Enrico Fermi, Parco Nord, Municipio 9, Milano, Lombardia, 20161, Italia",45.5161589,9.1794377
Spettacoli,19-02-24,2024-02-19,"Via Giordano Rota 1,20145, Milano, MI,Italia",Nazionale Italiana Assicurazioni,So' Pep,https://www.teatro.it/spettacoli/milano/nazionale-chebanca/2023-2024/peppe-iodice-so-pep,Teatro e spettacolo,"20145, Italy",45.4643,9.1895
,19-02-24,2024-02-19,"Via Pisanello, 1, Milano, MI",Centro Culturale Rosetum,Baltic jazz trio-rosetum jazz festival,https://www.milanotoday.it/eventi/baltic-jazz-trio-rosetum-jazz-festival-baltic-jazz-trio.html,Non classificato,"Via Pisanello, Bande Nere, Municipio 7, Milano, Lombardia, 20148, Italia",45.4672182,9.140416
Spettacoli,19-02-24,2024-02-19,"Via Alessandro Manzoni 42,20121, Milano, MI,Italia",Manzoni,Non mi trovo,https://www.teatro.it/spettacoli/milano/manzoni/2023-2024/pinuccio-non-mi-trovo,Teatro e spettacolo,"Teatro Manzoni, 42, Via Alessandro Manzoni, Cerchia dei Navigli, Municipio 1, Milano, Lombardia, 20121, Italia",45.4710286,9.1944762
Spettacoli,20-02-24,2024-02-20,"Via Pietrasanta 14,20124, Milano, MI,Italia",Magazzini Generali,Diversamente Tour,https://www.teatro.it/spettacoli/milano/magazzini-generali/2023-2024/shade-diversamente-tour,Teatro e spettacolo,"14, Via Pietrasanta, Ex Om - Morivione, Municipio 5, Milano, Lombardia, 20141, Italia",45.4438506,9.1964489
Spettacoli,20-02-24,2024-02-20,"Piazza Enzo Jannacci 1,20017, Rho, MI,Italia",Civico - Roberto de Silva,L'ispettore generale,https://www.teatro.it/spettacoli/rho/teatro-civico-roberto-de-silva/2023-2024/rocco-papaleo-lispettore-generale,Teatro e spettacolo,"Piazza Enzo Jannacci, San Pietro, Lucernate, Rho, Milano, Lombardia, 20017, Italia",45.5279748,9.0458872
Spettacoli,21-02-24,2024-02-21,"Viale dell'Innovazione 20,20126, Milano, MI,Italia",Arcimboldi,"True Tales of Sex, Success and Sex and The City",https://www.teatro.it/spettacoli/milano/arcimboldi/2023-2024/candace-bushnell-true-tales-of-sex-success-and-sex-and-the-city,Teatro e spettacolo,"20, Viale dell'Innovazione, Bicocca, Municipio 9, Milano, Lombardia, 20125, Italia",45.5148696,9.2135963
Teatri,21-02-24,2024-02-21,"Viale dell'Innovazione, 20, Milano, MI",Teatro Arcimboldi,"In scena all'Arcimboldi: True Tales of Sex, Success and Sex and The City",https://www.milanotoday.it/eventi/teatro/arcimbolldi-true-tales-of-sex-success-and-sex-and-the-city.html,Teatro e spettacolo,"20, Viale dell'Innovazione, Bicocca, Municipio 9, Milano, Lombardia, 20125, Italia",45.5148696,9.2135963
Spettacoli,21-02-24,2024-02-21,"Piazza Risorgimento 19,20066, Melzo, MI,Italia",Trivulzio,La cena dei cretini,https://www.teatro.it/spettacoli/melzo/trivulzio/2023-2024/la-cena-dei-cretini,Teatro e spettacolo,"Piazza Risorgimento, Melzo, Milano, Lombardia, 20066, Italia",45.5003449,9.4229132
Mercatini,22-05-24,2024-02-21,"Via Festa del Perdono, Milano, MI",,"Laghetto Street Market, il mercatino del riciclo nel cuore di Milano",https://www.milanotoday.it/eventi/mercatino-riciclo-via-festa-del-perdono.html,Mercati e shopping,"Via Festa del Perdono, Duomo, Municipio 1, Milano, Lombardia, 20122, Italia",45.4618941,9.1949837
Spettacoli,21-02-24,2024-02-21,"v. Mons. Pogliani 7/a,ang. via Grandi,20090, Cesano Boscone, MI,Italia",Cristallo,Ci vuole orecchio,https://www.teatro.it/spettacoli/cesano-boscone/cristallo/2023-2024/elio-ci-vuole-orecchio,Teatro e spettacolo,"20090, Italy",45.407,9.1083
,21-02-24,2024-02-21,"Via Sant'Antonio, 5, Milano, MI",Centro Pastorale Ambrosiano,"Gerusalemme, Milano: una Chiesa, due realtà in dialogo",https://www.milanotoday.it/eventi/gerusalemme-milano-una-chiesa-due-realta-in-dialogo-monsignor-pierbattista-pizzaballa-e-monsignor-mario-delpini.html,Non classificato,"5, Via Sant'Antonio, Duomo, Municipio 1, Milano, Lombardia, 20122, Italia",45.4614519,9.1934697
Mostre,20-06-24,2024-02-22,"Via Tortona, 56, Milano, MI",Mudec - Museo delle Culture,La grande mostra su Picasso nel cuore di Milano,https://www.milanotoday.it/eventi/mostra-picasso-mudec.html,Arte e cultura,"Mudec, 56, Via Tortona, Tortona, Municipio 6, Milano, Lombardia, 20144, Italia",45.4520455,9.1613185
Manifestazioni,25-02-24,2024-02-22,"Via Tortona, 58, Milano, MI",White Village / Padiglione Visconti,"Milano Fashion Week, il vintage di East Market debutta in Tortona",https://www.milanotoday.it/eventi/fashion-week-2024-east-market-tortona.html,Altri eventi,"58, Via Tortona, Tortona, Municipio 6, Milano, Lombardia, 20144, Italia",45.451368,9.1610367
Mostre,02-06-24,2024-02-22,"Piazza del Duomo, Milano, MI",Palazzo Reale,Più di 200 foto di Brassaï in mostra a Palazzo Reale,https://www.milanotoday.it/eventi/mostra-fotografica-brassai-palazzo-reale.html,Arte e cultura,"Piazza del Duomo, Duomo, Municipio 1, Milano, Lombardia, Italia",45.4639102,9.1906398
,22-02-24,2024-02-22,"Piazza Venticinque Aprile, 8, Milano, MI",Cinema Anteo,Basilico – L'infinito è là in fondo,https://www.milanotoday.it/eventi/basilico-l-infinito-e-la-in-fondo-proiezione-all-anteo-con-regista-e-cast-in-sala-documentario-sul-fotografo-d-architettura-gabriele-basilico.html,Non classificato,"Anteo Spazio Cinema, 8, Piazza Venticinque Aprile, Brera, Municipio 1, Milano, Lombardia, 20121, Italia",45.4800568,9.1877898
,14-03-24,2024-02-22,"Corso Buenos Aires, 45, Milano, MI",Lusvardi Art,Etere - Uroboros,https://www.milanotoday.it/eventi/etere-uroboros-katya-ohii-lorenzo-conforti-giuseppe-salis-gregorio-vignola.html,Non classificato,"Goldenpoint, 45, Corso Buenos Aires, Buenos Aires - Venezia, Municipio 3, Milano, Lombardia, 20124, Italia",45.4808037,9.2111831
Spettacoli,23-02-24,2024-02-23,"Piazza S. Magno,20025, Legnano, MI,Italia",Galleria,Maschio caucasico irrisolto,https://www.teatro.it/spettacoli/legnano/galleria/2023-2024/antonio-ornano-maschio-caucasico-irrisolto,Teatro e spettacolo,"Piazza San Magno, San Magno, Oltresempione, Legnano, Milano, Lombardia, 20025, Italia",45.5948853,8.9184024
,23-02-24,2024-02-23,"Piazza della Scala, Milano, MI",Palazzo Marino,"Equal, l’evento di adci che celebra il superamento degli stereotipi nella comunicazione",https://www.milanotoday.it/eventi/equal-l-evento-di-adci-che-celebra.html,Non classificato,"Piazza della Scala, Duomo, Municipio 1, Milano, Lombardia, 20121, Italia",45.4672839,9.1901494
Spettacoli,23-02-24,2024-02-23,"v. Matteotti 30,20064, Gorgonzola, MI,Italia",Sala Argentia,Ci vuole orecchio,https://www.teatro.it/spettacoli/gorgonzola/sala-argentia/2023-2024/elio-ci-vuole-orecchio,Teatro e spettacolo,"Sala Argentia, 30, Via Giacomo Matteotti, Gorgonzola, Milano, Lombardia, 20064, Italia",45.5327792,9.4032916
,23-02-24,2024-02-23,"Via Federico Confalonieri, 15, Milano, MI",Ristorante Bosco Verticale,Cena elegante tra le dolci note del pianoforte da “Ristorante bosco verticale”,https://www.milanotoday.it/eventi/venerdi-23-febbraio-2024-cena-elegante-tra-le-dolci-note-del-pianoforte-da-ristorante-bosco-verticale-mi.html,Non classificato,"Bosco Verticale, 15, Via Federico Confalonieri, Isola, Municipio 9, Milano, Lombardia, 20124, Italia",45.4867373,9.1912629
,23-02-24,2024-02-23,"Via Tortona, 27, Milano, MI",Super  Club,Sensitive contents,https://www.milanotoday.it/eventi/sensitive-contents-super-club-milano-super-studio-events.html,Non classificato,"Mandarina duck, 27, Via Tortona, Tortona, Municipio 6, Milano, Lombardia, 20144, Italia",45.4506784,9.1634775
Spettacoli,24-02-24,2024-02-24,"Via G. di Vittorio 6,20090, Assago, MI,Italia",Unipol Forum,Tour 2025,https://www.teatro.it/spettacoli/assago/mediolanum-forum/2023-2024/alfa-non-so-chi-ha-creato-il-mondo,Teatro e spettacolo,"20090, Italy",45.407,9.1083
,24-02-24,2024-02-24,"Via Emanuele Kant, 8, Milano, MI",Cineteatro Maria Regina Pacis,La trilogia della confessione,https://www.milanotoday.it/eventi/la-trilogia-della-confessione-omt-officina-manutenzione-teatrale.html,Non classificato,"Club Alpino Italiano - Sottosezione G.E.S.A., 8, Via Immanuel Kant, Gallaratese, Quartiere Gallaratese, Municipio 8 di Milano, Milano, Lombardia, 20151, Italia",45.4960782,9.1175137
Spettacoli,24-02-24,2024-02-24,"Piazza S. Magno,20025, Legnano, MI,Italia",Galleria,Ci vuole orecchio,https://www.teatro.it/spettacoli/legnano/galleria/2023-2024/elio-ci-vuole-orecchio,Teatro e spettacolo,"Piazza San Magno, San Magno, Oltresempione, Legnano, Milano, Lombardia, 20025, Italia",45.5948853,8.9184024
Disco&Feste,24-02-24,2024-02-24,"Via Gaudenzio Fantoli, 9, Milano, MI",Fabrique,La serata delle sigle tv e dei cartoni animati,https://www.milanotoday.it/eventi/festa-serie-tv-fabrique.html,Musica e vita notturna,"Fabrique, 9, Via Gaudenzio Fantoli, Mecenate, Municipio 4, Milano, Lombardia, 20138, Italia",45.4521243,9.2522773
,24-02-24,2024-02-24,"Via Giuseppe Gabetti, 15, Milano, MI",MARE CULTURALE URBANO,Conflitto e violenza nei rapporti amorosi: la sonata a Kreutzer,https://www.milanotoday.it/eventi/conflitto-e-violenza-nei-rapporti-amorosi-la-sonata-a-kreutzer-davide-tortorella.html,Non classificato,"Cascina Torrette di Trenno, 15, Via Giuseppe Gabetti, Quartiere Vercellese, Forze Armate, Municipio 7, Milano, Lombardia, 20147, Italia",45.4687457,9.1240256
Spettacoli,24-02-24,2024-02-24,"p.zza IV Novembre 3,20025, Legnano, MI,Italia",Talisio Tirinnanzi,Lo Chiamavano Scintilla,https://www.teatro.it/spettacoli/legnano/talisio-tirinnanzi/2023-2024/lo-chiamavano-scintilla,Teatro e spettacolo,"Scuola Secondaria di Primo Grado Giovanni Ungaretti, 3, Piazza Quattro Novembre, San Giorgio su Legnano, Milano, Lombardia, 20034, Italia",45.5765251,8.9157963
Spettacoli,24-02-24,2024-02-24,"Via Filodrammatici 2,20121, Milano, MI,Italia",Teatro Alla Scala,Simon Boccanegra,https://www.teatro.it/spettacoli/milano/teatro-alla-scala/2023-2024/simon-boccanegra-teatro-alla-scala,Teatro e spettacolo,"2, Via Filodrammatici, Brera, Milano, Lombardia, 20121, Italia",45.4676198,9.1884287
,25-02-24,2024-02-24,"Viale Achille Papa, 30, Milano, MI",GinArteria c\o World Join Center,Private night per la Milano fashion week,https://www.milanotoday.it/eventi/private-night-per-la-milano-fashion-week-aperitivo-dj-set.html,Non classificato,"30, Viale Achille Papa, Villapizzone, QT8, Municipio 8 di Milano, Milano, Lombardia, 20149, Italia",45.4895624,9.1412193
Spettacoli,24-02-24,2024-02-24,"Corso Venezia 2/A,20121, Milano, MI,Italia",San Babila,Sconfort Zone,https://www.teatro.it/spettacoli/milano/san-babila/2023-2024/paolo-camilli-paolo-camilli-live,Teatro e spettacolo,"2a, Corso Venezia, Duomo, Municipio 1, Milano, Lombardia, 20121, Italia",45.4670204,9.1981104
Spettacoli,25-02-24,2024-02-25,"Corso di Porta Romana 63,20122, Milano, MI,Italia",Carcano,De Gasperi: L'Europa brucia,https://www.teatro.it/spettacoli/milano/carcano/2023-2024/de-gasperi-leuropa-brucia,Teatro e spettacolo,"Teatro Carcano, 63, Corso di Porta Romana, Crocetta, Municipio 1, Milano, Lombardia, 20121, Italia",45.4566842,9.1955297
Spettacoli,25-02-24,2024-02-25,"Via Giordano Rota 1,20145, Milano, MI,Italia",Nazionale Italiana Assicurazioni,Saranno famosi - Fame Il Musical,https://www.teatro.it/spettacoli/milano/nazionale-chebanca/2023-2024/saranno-famosi-fame-il-musical,Teatro e spettacolo,"20145, Italy",45.4643,9.1895
Spettacoli,25-02-24,2024-02-25,"Via Valtellina,7,20159, Milano, MI,Italia",Il Sistina Chapiteau - Milano,MATILDA Il Musical,https://www.teatro.it/spettacoli/milano/il-sistina-chapiteau/2023-2024/matilda-il-musical,Teatro e spettacolo,"Via Valtellina, Isola, Municipio 9, Milano, Lombardia, 20159, Italia",45.4966447,9.183847
Spettacoli,25-02-24,2024-02-25,"Corso Buenos Aires 33,20124, Milano, MI,Italia",Elfo Puccini - Sala Bausch,Caligula's Party,https://www.teatro.it/spettacoli/milano/elfo-puccini-sala-bausch/2023-2024/caligulas-party-chiara-ameglio,Teatro e spettacolo,"Teatro Elfo Puccini, 33, Corso Buenos Aires, Buenos Aires - Venezia, Municipio 3, Milano, Lombardia, 20124, Italia",45.4794317,9.2098387
Spettacoli,25-02-24,2024-02-25,"Via Lattanzio 58/A,20137, Milano, MI,Italia",deSidera Teatro Oscar,I Mezzalira. Panni sporchi fritti in casa,https://www.teatro.it/spettacoli/milano/oscar/2023-2024/i-mezzalira-panni-sporchi-fritti-in-casa,Teatro e spettacolo,"Teatro Oscar DeSidera, 58/A, Via Lattanzio, Umbria - Molise, Municipio 4, Milano, Lombardia, 20137, Italia",45.4523298,9.2167181
Spettacoli,25-02-24,2024-02-25,"Viale dell'Innovazione 20,20126, Milano, MI,Italia",Arcimboldi,Open,https://www.teatro.it/spettacoli/milano/arcimboldi/2023-2024/open-daniel-ezralow,Teatro e spettacolo,"20, Viale dell'Innovazione, Bicocca, Municipio 9, Milano, Lombardia, 20125, Italia",45.5148696,9.2135963
Spettacoli,25-02-24,2024-02-25,"Via Larga 14,20122, Milano, MI,Italia",Lirico Giorgio Gaber,TILT - Esaurimento globale,https://www.teatro.it/spettacoli/milano/lirico-giorgio-gaber/2023-2024/debora-villa-esaurimento-globale,Teatro e spettacolo,"Teatro Lirico Giorgio Gaber, 14, Via Larga, Cerchia dei Navigli, Municipio 1, Milano, Lombardia, 20122, Italia",45.4615135,9.1918702
Spettacoli,25-02-24,2024-02-25,"Via Alessandro Manzoni 42,20121, Milano, MI,Italia",Manzoni,Il calamaro gigante,https://www.teatro.it/spettacoli/milano/manzoni/2023-2024/il-calamaro-gigante,Teatro e spettacolo,"Teatro Manzoni, 42, Via Alessandro Manzoni, Cerchia dei Navigli, Municipio 1, Milano, Lombardia, 20121, Italia",45.4710286,9.1944762
Spettacoli,25-02-24,2024-02-25,"Viale dell'Innovazione 20,20126, Milano, MI,Italia",Arcimboldi,LA REGINA DEI GHIACCI,https://www.teatro.it/spettacoli/milano/arcimboldi/2023-2024/all-crazy-art-show-la-regina-dei-ghiacci,Teatro e spettacolo,"20, Viale dell'Innovazione, Bicocca, Municipio 9, Milano, Lombardia, 20125, Italia",45.5148696,9.2135963
Spettacoli,25-02-24,2024-02-25,"Via Ciro Menotti 11,20129, Milano, MI,Italia",Menotti,I due Papi,https://www.teatro.it/spettacoli/milano/menotti/2023-2024/giorgio-colangeli-mariano-rigillo-i-due-papi,Teatro e spettacolo,"11, Via Ciro Menotti, Buenos Aires - Venezia, Municipio 3, Milano, Lombardia, 20129, Italia",45.4699888,9.2132156
Spettacoli,25-02-24,2024-02-25,"via Filodrammatici,1,20121, Milano, MI,Italia",Filodrammatici,Bed Boy Jack,https://www.teatro.it/spettacoli/milano/filodrammatici/2023-2024/bed-boy-jack,Teatro e spettacolo,"Teatro dei Filodrammatici, 1, Via Filodrammatici, Brera, Municipio 1, Milano, Lombardia, 20121, Italia",45.467261,9.188435
,25-02-24,2024-02-25,"Via Marco D'Oggiono, Milano, MI",Teatro LabArca,"Né brutta, né bella. Nel salotto di Maria Gaetana Agnesi",https://www.milanotoday.it/eventi/ne-brutta-ne-bella-nel-salotto-di-maria-gaetana-agnesi-maria-eugenia-d-aquino.html,Non classificato,"Via Marco d'Oggiono, Ticinese, Municipio 1, Milano, Lombardia, 20123, Italia",45.4569667,9.1758861
Spettacoli,25-02-24,2024-02-25,"Via Andrea Maria Ampère 1,20131, Milano, MI,Italia",MTM - Leonardo,Forbici & Follia,https://www.teatro.it/spettacoli/milano/leonardo/2023-2024/forbici-follia,Teatro e spettacolo,"Teatro Leonardo da Vinci, 1, Via Andrea Maria Ampère, Città Studi, Municipio 3, Milano, Lombardia, 20131, Italia",45.4795266,9.2263901
Spettacoli,25-02-24,2024-02-25,"Via Rivoli 6,20121, Milano, MI,Italia",Piccolo Teatro - Studio Melato,Come tremano le cose riflesse nell'acqua,https://www.teatro.it/spettacoli/milano/piccolo-teatro-studio-melato/2023-2024/come-tremano-le-cose-riflesse-nellacqua,Teatro e spettacolo,"6, Via Rivoli, Brera, Municipio 1, Milano, Lombardia, 20121, Italia",45.4726093,9.182881
Sport,25-02-24,2024-02-25,"Via Luigi Canonica, 23, Milano, MI",Chinatown,"""Chinatown Dragon Edition Run"", torna la maratona nel cuore di Milano",https://www.milanotoday.it/eventi/chinatown-run-maratona-paolo-sarpi.html,Sport e attività fisica,"Ali Baba Pizzeria, 23, Via Luigi Canonica, Sarpi, Municipio 1, Milano, Lombardia, 20154, Italia",45.4782042,9.1755751
Mercatini,25-02-24,2024-02-25,"Via Luigi Nono, 9, Milano, MI",Tempio del Futuro Perduto,A Milano il primo festival di street food asiatico,https://www.milanotoday.it/eventi/mercato-baratto-festival-street-food-asiatico.html,Mercati e shopping,"9, Via Luigi Nono, Bullona, Porta Volta, Municipio 8 di Milano, Milano, Lombardia, 20154, Italia",45.4864027,9.1751051
,25-02-24,2024-02-25,"Via Cesare Cesariano, 7, Milano, MI",LibrOsteria,Manifesta. Un monologo di e con Valentina Lattuada,https://www.milanotoday.it/eventi/manifesta-un-monologo-di-e-con-valentina-lattuada-valentina-lattuada.html,Non classificato,"7, Via Cesare Cesariano, Sarpi, Municipio 1, Milano, Lombardia, 20154, Italia",45.4781978,9.176918
Mercatini,25-02-24,2024-02-25,"Via Dante, Milano, MI",Corsico,"A Corsico tornano gli Ambulanti di Forte dei Marmi, con il meglio del Made in Italy",https://www.milanotoday.it/eventi/mercato-forte-dei-marmi-corsico-2024.html,Mercati e shopping,"Via Dante, Duomo, Municipio 1, Milano, Lombardia, 20121, Italia",45.4656708,9.1855443
Spettacoli,26-02-24,2024-02-26,"Via Alessandro Manzoni 42,20121, Milano, MI,Italia",Manzoni,Impara a essere felice,https://www.teatro.it/spettacoli/milano/manzoni/2023-2024/paolo-crepet-impara-a-essere-felice,Teatro e spettacolo,"Teatro Manzoni, 42, Via Alessandro Manzoni, Cerchia dei Navigli, Municipio 1, Milano, Lombardia, 20121, Italia",45.4710286,9.1944762
,26-02-24,2024-02-26,"Via Marco D'Oggiono, Milano, MI",Teatro LabArca,"Vinicio Capossela e Fan Fath: ""Come li pacci"" e ""Appunti di vista e di viaggio""",https://www.milanotoday.it/eventi/faciti-rota-vinicio-capossela-e-fan-fath-al.html,Non classificato,"Via Marco d'Oggiono, Ticinese, Municipio 1, Milano, Lombardia, 20123, Italia",45.4569667,9.1758861
,26-02-24,2024-02-26,"Via Bolzano, 29a, Milano, MI",Spazio Bolzano29,Shakespeare racconta Dante,https://www.milanotoday.it/eventi/shakespeare-racconta-dante-rassegna-teatrale-per-i-460-dalla-nascita-di-shakespeare-mariano-rigillo-e-anna-teresa-rossini.html,Non classificato,"29a, Via Bolzano, Nolo, Municipio 2, Milano, Lombardia, 20127, Italia",45.4963588,9.222765
Teatri,28-02-24,2024-02-27,"Viale dell'Innovazione, 20, Milano, MI",Teatro degli Arcimboldi,Pio e Amedeo in un nuovo spettacolo a Milano. Orari e biglietti,https://www.milanotoday.it/eventi/spettacolo-pio-amedeo-teatro-arcimboldi-biglietti.html,Teatro e spettacolo,"20, Viale dell'Innovazione, Bicocca, Municipio 9, Milano, Lombardia, 20125, Italia",45.5148696,9.2135963
Spettacoli,27-02-24,2024-02-27,"p.zza IV Novembre 3,20025, Legnano, MI,Italia",Talisio Tirinnanzi,L'Avaro,https://www.teatro.it/spettacoli/legnano/talisio-tirinnanzi/2023-2024/lavaro,Teatro e spettacolo,"Scuola Secondaria di Primo Grado Giovanni Ungaretti, 3, Piazza Quattro Novembre, San Giorgio su Legnano, Milano, Lombardia, 20034, Italia",45.5765251,8.9157963
,27-02-24,2024-02-27,"Largo Corsia dei Servi, 4, Milano, MI",Centro Culturale di Milano,Daniele Mencarelli. Degli amanti non degli eroi,https://www.milanotoday.it/eventi/daniele-mencarelli-degli-amanti-non-degli-eroi-daniele-mencarelli-e-luca-mastrantonio.html,Non classificato,"Largo Corsia dei Servi, Duomo, Municipio 1, Milano, Lombardia, 20122, Italia",45.4647722,9.1958825
Mostre,28-04-24,2024-02-28,"Via Sant'Agnese, 18, Milano, MI",L'appartamento,"La mostra ""Be-Polar"" di Mirko Leuzzi per la prima volta a Milano",https://www.milanotoday.it/eventi/mostra-mirko-leuzzi.html,Arte e cultura,"18, Via Sant'Agnese, Cerchia dei Navigli, Municipio 1, Milano, Lombardia, 20123, Italia",45.4644885,9.176065
Spettacoli,28-02-24,2024-02-28,"Piazza Risorgimento 19,20066, Melzo, MI,Italia",Trivulzio,Dio è morto e neanch'io mi sento tanto bene,https://www.teatro.it/spettacoli/melzo/trivulzio/2023-2024/dio-e-morto-e-neanchio-mi-sento-tanto-bene,Teatro e spettacolo,"Piazza Risorgimento, Melzo, Milano, Lombardia, 20066, Italia",45.5003449,9.4229132
Spettacoli,28-02-24,2024-02-28,"Via Alessandro Manzoni 42,20121, Milano, MI,Italia",Manzoni,Canova,https://www.teatro.it/spettacoli/milano/manzoni/2023-2024/vittorio-sgarbi-canova,Teatro e spettacolo,"Teatro Manzoni, 42, Via Alessandro Manzoni, Cerchia dei Navigli, Municipio 1, Milano, Lombardia, 20121, Italia",45.4710286,9.1944762
Spettacoli,29-02-24,2024-02-29,"Viale dell'Innovazione 20,20126, Milano, MI,Italia",Arcimboldi,Manoglia,https://www.teatro.it/spettacoli/milano/arcimboldi/2023-2024/davide-van-de-sfroos-manoglia,Teatro e spettacolo,"20, Viale dell'Innovazione, Bicocca, Municipio 9, Milano, Lombardia, 20125, Italia",45.5148696,9.2135963
Spettacoli,29-02-24,2024-02-29,"Via Lattanzio 58/A,20137, Milano, MI,Italia",deSidera Teatro Oscar,Il fu Mattia Pascal,https://www.teatro.it/spettacoli/milano/oscar/2023-2024/giorgio-marchesi-il-fu-mattia-pascal,Teatro e spettacolo,"Teatro Oscar DeSidera, 58/A, Via Lattanzio, Umbria - Molise, Municipio 4, Milano, Lombardia, 20137, Italia",45.4523298,9.2167181
,30-03-24,2024-02-29,"Via Benedetto Marcello, 46, Milano, MI",Galleria Manifiesto Blanco,Mostra luoghi nascosti tra cielo e terra di Marta Tessaroli,https://www.milanotoday.it/eventi/mostra-luoghi-nascosti-tra-cielo-e-terra-marta-tessaroli-manifiesto-blanco-marta-tessaroli.html,Non classificato,"46, Via Benedetto Marcello, Buenos Aires - Venezia, Municipio 3, Milano, Lombardia, 20124, Italia",45.4829617,9.2105962
,29-02-24,2024-02-29,"Corso di Porta Vittoria, 43, Milano, MI",Camera del Lavoro di Milano,"Per terra, per mare. la criminalità ambientale tra la lombardia e il mediterraneo",https://www.milanotoday.it/eventi/per-terra-per-mare-la-criminalita-.html,Non classificato,"43, Corso di Porta Vittoria, Guastalla, Municipio 1, Milano, Lombardia, 20122, Italia",45.4624935,9.2038876
,02-03-24,2024-02-29,"Via Giulio Cesare Procaccini, 4, Milano, MI",Fabbrica del Vapore,Contenitori di olio musicale,https://www.milanotoday.it/eventi/arte-da-mangiare-mangiare-arte-presenta-contenitori-di-olio-musicale-per-olio-officina-festival-2024-arte-da-mangiare-mangiare-arte.html,Non classificato,"4, Via Giulio Cesare Procaccini, Bullona, Porta Volta, Municipio 8 di Milano, Milano, Lombardia, 20154, Italia",45.4839945,9.1753796
,03-03-24,2024-02-29,"Via Giuseppe Candiani, 72, Milano, MI",Politecnico di Milano - Campus Bovisa,Spazio allo spazio,https://www.milanotoday.it/eventi/spazio-allo-spazio-.html,Non classificato,"Biblioteca Bovisa Candiani, 72, Via Giuseppe Candiani, Bovisa, Municipio 9, Milano, Lombardia, 20158, Italia",45.5052319,9.166787
Incontro/presentazione,29-02-24,2024-02-29,"via Brera, 28, Milano, MI",Pinacoteca di Brera - Biblioteca Nazionale Braidense di Milano,Le Ondine perdute,,Formazione e networking,"Pinacoteca di Brera, 28, Via Brera, Cerchia dei Navigli, Municipio 1, Milano, Lombardia, 20121, Italia",45.4722421,9.1884071
,10-03-24,2024-02-29,"Viale Luigi Majno, 38, Milano, MI",ETHICANDO GALLERY,"Mostra personale ""Metropolitan flowers"" dell'artista Paola Giordano",https://www.milanotoday.it/eventi/mostra-personale-metropolitan-flowers-dell-artista-paola-giordano-a-cura-di-marco-eugenio-di-giandomenico-paola-giordano.html,Non classificato,"Viale Luigi Majno, Guastalla, Municipio 1, Milano, Lombardia, 20219, Italia",45.4733179,9.2053378
Manifestazioni,03-03-24,2024-02-29,"Via Giulio Cesare Procaccini, 4, Milano, MI",Fabbrica del Vapore,"Olio Officina Festival, incontri e degustazioni dei migliori oli extra vergine d'oliva",https://www.milanotoday.it/eventi/olio-officina-festival-2024.html,Altri eventi,"4, Via Giulio Cesare Procaccini, Bullona, Porta Volta, Municipio 8 di Milano, Milano, Lombardia, 20154, Italia",45.4839945,9.1753796
,29-02-24,2024-02-29,"Via Fratelli Zoia, 89, Milano, MI",Spazio Teatro 89,"Esta Sombra, spettacolo di teatro-danza in prima nazionale",https://www.milanotoday.it/eventi/esta-sombra-spettacolo-di-teatro-danza-in-prima-nazionale-lisa-capaccioli-daisy-phillips.html,Non classificato,"Via Fratelli Zoia, Quarto Cagnino, Municipio 7, Milano, Lombardia, 20153, Italia",45.4720145,9.1089432
Incontri,29-02-24,2024-02-29,"Viale Enrico Fermi, 98, Milano, MI",Legend Club,Gli Statuto in concerto per celebrare i loro 40 anni di successi,https://www.milanotoday.it/eventi/concerto-statuto-legend-club.html,Formazione e networking,"Legend Club, 98, Viale Enrico Fermi, Parco Nord, Municipio 9, Milano, Lombardia, 20161, Italia",45.5161589,9.1794377
Spettacoli,01-03-24,2024-03-01,"v. Matteotti 30,20064, Gorgonzola, MI,Italia",Sala Argentia,Manoglia,https://www.teatro.it/spettacoli/gorgonzola/sala-argentia/2023-2024/davide-van-de-sfroos-manoglia,Teatro e spettacolo,"Sala Argentia, 30, Via Giacomo Matteotti, Gorgonzola, Milano, Lombardia, 20064, Italia",45.5327792,9.4032916
,01-03-24,2024-03-01,"Via Ferrante Aporti, 32, Milano, MI",UStudio Milano,Experience media story,https://www.milanotoday.it/eventi/experience-media-story-stefania-carleo-e-guido-giannone.html,Non classificato,"32, Via Ferrante Aporti, Loreto, Municipio 2, Milano, Lombardia, 20125, Italia",45.4909401,9.2113173
,03-03-24,2024-03-01,"Via Moncucco, 35, Milano, MI",Super Studio Maxi,Giocare è un'arte: draft? Il ludopub di cranio creations sarà ad (un)fair,https://www.milanotoday.it/eventi/giocare-e-un-arte-draft-il-ludopub-di-cranio-creations-sara-ad-un-fair-cranio-creations.html,Non classificato,"35, Via Moncucco, San Cristoforo, Municipio 6, Milano, Lombardia, 20143, Italia",45.4388607,9.1668385
Manifestazioni,03-03-24,2024-03-01,"Via Pier Lombardo, 14, Milano, MI",Teatro Franco Parenti e Cinemino,"Il Nord Europa arriva a Milano con ""I Boreali Nordic Festival""",https://www.milanotoday.it/eventi/boreali-festival-nord-europa-2024-teatro-franco-parenti.html,Altri eventi,"Via Pier Lombardo, Porta Romana, Municipio 4, Milano, Lombardia, 20135, Italia",45.4542958,9.2063109
,10-03-24,2024-03-01,"Via Santa Maria Valle, 2, Milano, MI",MA-EC,Milart,https://www.milanotoday.it/eventi/milart.html,Non classificato,"Fondazione Alessandro Durini, 2, Via Santa Maria Valle, Cerchia dei Navigli, Municipio 1, Milano, Lombardia, 20123, Italia",45.4600544,9.1838916
,01-03-24,2024-03-01,"Via Ferrante Aporti, 32, Milano, MI",UStudio Milano,Experience media story,https://www.milanotoday.it/eventi/experience-media-story-experience-media-story.html,Non classificato,"32, Via Ferrante Aporti, Loreto, Municipio 2, Milano, Lombardia, 20125, Italia",45.4909401,9.2113173
,29-03-24,2024-03-01,"Via San Damiano, 2, Milano, MI",Galleria Salamon Fine Art,Federica Galli,https://www.milanotoday.it/eventi/federica-galli-museo-city-2024-federica-galli.html,Non classificato,"2, Via San Damiano, Magenta, Milano, Lombardia, 20013, Italia",45.4612307,8.8878582
Spettacoli,01-03-24,2024-03-01,"Viale dell'Innovazione 20,20126, Milano, MI,Italia",Arcimboldi,Vita bassa,https://www.teatro.it/spettacoli/milano/arcimboldi/2023-2024/giorgia-fumo-vita-bassa,Teatro e spettacolo,"20, Viale dell'Innovazione, Bicocca, Municipio 9, Milano, Lombardia, 20125, Italia",45.5148696,9.2135963
,10-03-24,2024-03-01,"Via Santa Maria Valle, 2, Milano, MI",Galleria MA-EC,"""corpi in-tensione"" di vincenzo pipitone a milano, alla galleria ma-ec, dal 1 al 10 marzo",https://www.milanotoday.it/eventi/corpi-in-tensione-di-vincenzo-pipitone-2024.html,Non classificato,"Fondazione Alessandro Durini, 2, Via Santa Maria Valle, Cerchia dei Navigli, Municipio 1, Milano, Lombardia, 20123, Italia",45.4600544,9.1838916
Mostre,04-03-24,2024-03-01,"Via Giulio Cesare Procaccini, Milano, MI",Fabbrica del Vapore,"""Supereroi"", la mostra sui poliziotti che combattono contro la pedopornografia",https://www.milanotoday.it/eventi/mostra-supereroi-polizia.html,Arte e cultura,"Via Giulio Cesare Procaccini, Bullona, Porta Volta, Municipio 8 di Milano, Milano, Lombardia, 20154, Italia",45.4838783,9.1755509
Attività Didattica,03-03-24,2024-03-01,"via Brera, 28, Milano, MI",Pinacoteca di Brera,MuseoCity 2024 Pinacoteca di Brera,,Formazione e networking,"Pinacoteca di Brera, 28, Via Brera, Cerchia dei Navigli, Municipio 1, Milano, Lombardia, 20121, Italia",45.4722421,9.1884071
,01-03-24,2024-03-01,"Via Pontaccio, 21, Milano, MI",PALAZZO KITON,Cucinoperamore,https://www.milanotoday.it/eventi/finalmente-a-milano-fiorella-breglia-cucinoperamore-fiorella-breglia.html,Non classificato,"21, Via Pontaccio, Cerchia dei Navigli, Municipio 1, Milano, Lombardia, 20121, Italia",45.4722571,9.1847434
,01-04-24,2024-03-01,"Via Alfredo Campanini, 12, Milano, MI",TORRE GALFA,Attraverso,https://www.milanotoday.it/eventi/attraverso-marco-tamburro.html,Non classificato,"Via Alfredo Campanini, GARIBALDI REPUBBLICA, Municipio 9, Milano, Lombardia, 20124, Italia",45.4861448,9.1980334
Mostra,05-03-24,2024-03-01,"Via Senato 10, Milano, MI",Archivio di Stato di Milano,"Milano Museocity 2024: le iniziative dell’Archivio di Stato di Milano, in collaborazione con la Soprintendenza archivistica e bibliografica della Lombardia",,Arte e cultura,"Archivio di Stato di Milano, 10, Via Senato, Guastalla, Municipio 1, Milano, Lombardia, 20121, Italia",45.4703017,9.1988675
Mostra,31-12-24,2024-03-01,"Via De Amicis 17, Milano, MI","Antiquarium ""Alda Levi""","EXTRA MOENIA  EGITTO, ETRURIA, MAGNA GRECIA  Reperti archeologici  da raccolte private milanesi",,Arte e cultura,"Antiquarium Alda Levi, 17, Via Edmondo De Amicis, Ticinese, Municipio 1, Milano, Lombardia, 20123, Italia",45.4577507,9.1796498
Spettacoli,02-03-24,2024-03-02,"piazza Piero Carnelli,20138, Milano, MI,Italia",Delfino,Recital,https://www.teatro.it/spettacoli/milano/delfino/2023-2024/enzo-iacchetti-recital,Teatro e spettacolo,"Piazza Don Piero Carnelli, Mecenate, Municipio 4, Milano, Lombardia, 20059, Italia",45.4584915,9.2436908
,02-03-24,2024-03-02,"Via Marco D'Oggiono, Milano, MI",Teatro LabArca,La donna pesce,https://www.milanotoday.it/eventi/la-donna-pesce-sofia-quintavalli.html,Non classificato,"Via Marco d'Oggiono, Ticinese, Municipio 1, Milano, Lombardia, 20123, Italia",45.4569667,9.1758861
,24-03-24,2024-03-02,"Viale Molise, 69, Milano, MI",ArTé Galleria,Voci di donna di Roberto Todaro,https://www.milanotoday.it/eventi/voci-di-donna-di-roberto-todaro-roberto-todaro.html,Non classificato,"69, Viale Molise, Ortomercato, Municipio 4, Milano, Lombardia, 20130, Italia",45.4567161,9.2243043
,13-03-24,2024-03-02,"Via Giuseppe Dall'Occo, 1, Milano, MI",Galleria Click Art,Confronti. Da spettatore ad artista,https://www.milanotoday.it/eventi/confronti-da-spettatore-ad-artista.html,Non classificato,"Via Giuseppe Dall'Occo, Cormano, Zona Omogenea Milano Nord, Milano, Lombardia, 20032, Italia",45.5444599,9.1691639
,02-03-24,2024-03-02,"Piazza Piero Carnelli, Milano, MI",Teatro Delfino,Enzo Iacchetti in recital,https://www.milanotoday.it/eventi/enzo-iacchetti-in-recital-enzo-iacchetti.html,Non classificato,"Piazza Don Piero Carnelli, Mecenate, Municipio 4, Milano, Lombardia, 20059, Italia",45.4584915,9.2436908
Spettacoli,02-03-24,2024-03-02,"Via Andrea Maria Ampère 1,20131, Milano, MI,Italia",MTM - Leonardo,"Che ci faccio qui, in scena",https://www.teatro.it/spettacoli/milano/leonardo/2023-2024/domenico-iannacone-che-ci-faccio-qui-in-scena,Teatro e spettacolo,"Teatro Leonardo da Vinci, 1, Via Andrea Maria Ampère, Città Studi, Municipio 3, Milano, Lombardia, 20131, Italia",45.4795266,9.2263901
Disco&Feste,02-03-24,2024-03-02,"Via Bergognone da Fossano, 34, Milano, MI",Base Milano,La serata di Le Cannibale con la dj Avalon Emerson,https://www.milanotoday.it/eventi/festa-le-cannibale-base-milano.html,Musica e vita notturna,"Wikimedia Italia, 34, Via Bergognone Da Fossano, Tortona, Municipio 6, Milano, Lombardia, 20144, Italia",45.4518657,9.1625146
,02-03-24,2024-03-02,"Piazza Castello, Milano, MI",Castello Sforzesco,I carli di Lombardia nella biblioteca di Testori,https://www.milanotoday.it/eventi/visita-guidata-alla-mostra-i-carli-di-lombardia-nella-biblioteca-di-testori-da-carlo-borromeo-a-carlo-emilio-gadda.html,Non classificato,"Piazza Castello, Cerchia dei Navigli, Municipio 1, Milano, Lombardia, Italia",45.4704699,9.1819129
,02-03-24,2024-03-02,"Via Giovanni Battista Piranesi, 10, Milano, MI",Frigoriferi Milanesi (ex Palazzo del Ghiaccio),Imprese. Storie di hockey e di amicizia,https://www.milanotoday.it/eventi/presentazione-del-libro-imprese-storie-di-hockey-e-di-amicizia-leonardo-gobbi.html,Non classificato,"10, Via Giovanni Battista Piranesi, Corsica, Municipio 4, Milano, Lombardia, 20135, Italia",45.4605777,9.2259716
Spettacoli,02-03-24,2024-03-02,"Via Alessandro Manzoni 42,20121, Milano, MI,Italia",Manzoni,In viaggio per Coco,https://www.teatro.it/spettacoli/milano/manzoni/2023-2024/in-viaggio-per-coco,Teatro e spettacolo,"Teatro Manzoni, 42, Via Alessandro Manzoni, Cerchia dei Navigli, Municipio 1, Milano, Lombardia, 20121, Italia",45.4710286,9.1944762
,02-03-24,2024-03-02,"Piazza Sempione, Milano, MI",Parco Sempione,Le piante stanno zitte?: talk dedicato ai nuovi linguaggi per la biodiversità,https://www.milanotoday.it/eventi/cs_le-piante-stanno-zitte-talk-dedicato-ai-nuovi-linguaggi-per-la-biodiversita-milano-parco-sempione-sabato-2-marzo-2024-ore-11-00.html,Non classificato,"Piazza Sempione, Parco Sempione, Municipio 1, Milano, Lombardia, Italia",45.4755976,9.1725451
Spettacoli,02-03-24,2024-03-02,"Via G. di Vittorio 6,20090, Assago, MI,Italia",Unipol Forum,Who We Used To Be Tour,https://www.teatro.it/spettacoli/assago/mediolanum-forum/2023-2024/james-blunt-who-we-used-to-be-tour,Teatro e spettacolo,"20090, Italy",45.407,9.1083
,02-03-24,2024-03-02,"Via Arcivescovo Calabiana, 6, Milano, MI",Talent Garden,Volunteer days di Rise against hunger Italia,https://www.milanotoday.it/eventi/volunteer-days-di-rise-against-hunger-italia-partono-da-milano-gli-eventi-di-confezionamento-pasti-per-i-bambini-delle-scuole-in-africa-rise-against-hunger-italia.html,Non classificato,"Chainblock ATM, 6, Via Arcivescovo Calabiana, Scalo Romana, Municipio 5, Milano, Lombardia, 20139, Italia",45.443859,9.208082
Spettacoli,03-03-24,2024-03-03,"via Pier Lombardo,14,20135, Milano, MI,Italia",Franco Parenti - Sala Grande,Il Figlio,https://www.teatro.it/spettacoli/milano/franco-parenti-sala-grande/2023-2024/il-figlio,Teatro e spettacolo,"Via Pier Lombardo, Porta Romana, Municipio 4, Milano, Lombardia, 20135, Italia",45.4542958,9.2063109
,03-03-24,2024-03-03,"Via Marsala, 10, Milano, MI",Casa delle Associazioni del Municipio 1,"Antonella Tamiano presenta a Milano ""Rose rosse e versi d'amore""",https://www.milanotoday.it/eventi/antonella-tamiano-presenta-a-milano-rose-rosse-e-versi-d-amore-anronella-tamiano.html,Non classificato,"10, Via Marsala, Brera, Municipio 1, Milano, Lombardia, 20121, Italia",45.479211,9.1865718
Spettacoli,03-03-24,2024-03-03,"Corso di Porta Romana 63,20122, Milano, MI,Italia",Carcano,Le verdi colline dell'Africa,https://www.teatro.it/spettacoli/milano/carcano/2023-2024/sabina-guzzanti-le-verdi-colline-dellafrica,Teatro e spettacolo,"Teatro Carcano, 63, Corso di Porta Romana, Crocetta, Municipio 1, Milano, Lombardia, 20121, Italia",45.4566842,9.1955297
Spettacoli,03-03-24,2024-03-03,"Via G. di Vittorio 6,20090, Assago, MI,Italia",Repower,Grease,https://www.teatro.it/spettacoli/assago/repower/2023-2024/grease,Teatro e spettacolo,"20090, Italy",45.407,9.1083
Spettacoli,03-03-24,2024-03-03,"Via Rivoli 6,20121, Milano, MI,Italia",Piccolo Teatro - Studio Melato,Se dicessimo la verità,https://www.teatro.it/spettacoli/milano/piccolo-teatro-studio-melato/2023-2024/se-dicessimo-la-verita,Teatro e spettacolo,"6, Via Rivoli, Brera, Municipio 1, Milano, Lombardia, 20121, Italia",45.4726093,9.182881
Spettacoli,03-03-24,2024-03-03,"Via Ciro Menotti 11,20129, Milano, MI,Italia",Menotti,Orazio,https://www.teatro.it/spettacoli/milano/menotti/2023-2024/paolo-mazzarelli-orazio,Teatro e spettacolo,"Teatro Menotti, 11, Via Ciro Menotti, Buenos Aires - Venezia, Municipio 3, Milano, Lombardia, 20129, Italia",45.4699775,9.2131112
Spettacoli,03-03-24,2024-03-03,"Via Rovello 2,20121, Milano, MI,Italia",Piccolo Teatro - Teatro Grassi,Bidibibodibiboo,https://www.teatro.it/spettacoli/milano/piccolo-teatro-teatro-grassi/2023-2024/bidibibodibiboo,Teatro e spettacolo,"2, Via Rovello, Brera, Milano, Lombardia, 20121, Italia",45.4665188,9.1847651
Spettacoli,03-03-24,2024-03-03,"Largo Antonio Greppi,20121, Milano, MI,Italia",Piccolo Teatro - Teatro Strehler,La locandiera,https://www.teatro.it/spettacoli/milano/piccolo-teatro-teatro-strehler/2023-2024/la-locandiera,Teatro e spettacolo,"Largo Antonio Greppi, Cerchia dei Navigli, Municipio 1, Milano, Lombardia, 20121, Italia",45.471727,9.1826196
Spettacoli,03-03-24,2024-03-03,"Corso Buenos Aires 33,20124, Milano, MI,Italia",Elfo Puccini - sala Shakespeare,Moby Dick alla prova,https://www.teatro.it/spettacoli/milano/elfo-puccini-sala-shakespeare/2023-2024/moby-dick-alla-prova,Teatro e spettacolo,"Teatro Elfo Puccini, 33, Corso Buenos Aires, Buenos Aires - Venezia, Municipio 3, Milano, Lombardia, 20124, Italia",45.4794317,9.2098387
Spettacoli,03-03-24,2024-03-03,"Via Giordano Rota 1,20145, Milano, MI,Italia",Nazionale Italiana Assicurazioni,Hairspray - The Brodway Musical,https://www.teatro.it/spettacoli/milano/nazionale-chebanca/2023-2024/hairspray-diverso-e-bello,Teatro e spettacolo,"20145, Italy",45.4643,9.1895
Spettacoli,03-03-24,2024-03-03,"Via Alessandro Manzoni 42,20121, Milano, MI,Italia",Manzoni,Bis!,https://www.teatro.it/spettacoli/milano/manzoni/2023-2024/francesco-cicchella-bis,Teatro e spettacolo,"Teatro Manzoni, 42, Via Alessandro Manzoni, Cerchia dei Navigli, Municipio 1, Milano, Lombardia, 20121, Italia",45.4710286,9.1944762
Spettacoli,03-03-24,2024-03-03,"p.zza IV Novembre 3,20025, Legnano, MI,Italia",Talisio Tirinnanzi,Cammela e il gruppo delle mamme,https://www.teatro.it/spettacoli/legnano/talisio-tirinnanzi/2023-2024/chiara-anicito-cammela-come-mammelata,Teatro e spettacolo,"Scuola Secondaria di Primo Grado Giovanni Ungaretti, 3, Piazza Quattro Novembre, San Giorgio su Legnano, Milano, Lombardia, 20034, Italia",45.5765251,8.9157963
Spettacoli,03-03-24,2024-03-03,"via Fezzan,11,20146, Milano, MI,Italia",Ecoteatro,Pur di far commedia,https://www.teatro.it/spettacoli/milano/ecoteatro/2023-2024/paolo-belli-pur-di-far-commedia,Teatro e spettacolo,"EcoTeatro, 11, Via Fezzan, Bande Nere, Municipio 6, Milano, Lombardia, 20146, Italia",45.4592109,9.1459527
Disco&Feste,03-03-24,2024-03-03,"Corso Como, 15, Milano, MI",Hollywood Rythmoteque Milano,A Milano torna l'imperdibile party che unisce il mondo olistico con quello della nightlife,https://www.milanotoday.it/eventi/life-circle-party.html,Musica e vita notturna,"LoolaPaloosa, 15, Corso Como, GARIBALDI REPUBBLICA, Municipio 9, Milano, Lombardia, 20154, Italia",45.4825218,9.1871885
,03-03-24,2024-03-03,"Via Marsala, 10, Milano, MI",Casa delle Associazioni del Municipio 1,"Antonella Tamiano presenta ""Rose rosse e versi d'amore""",https://www.milanotoday.it/eventi/antonella-tamiano-1-presenta-a-milano-rose-rosse-e-versi-d-amore-anronella-tamiano.html,Non classificato,"10, Via Marsala, Brera, Municipio 1, Milano, Lombardia, 20121, Italia",45.479211,9.1865718
Spettacoli,03-03-24,2024-03-03,"Via Larga 14,20122, Milano, MI,Italia",Lirico Giorgio Gaber,Carmen,https://www.teatro.it/spettacoli/milano/lirico-giorgio-gaber/2023-2024/carmen,Teatro e spettacolo,"Teatro Lirico Giorgio Gaber, 14, Via Larga, Cerchia dei Navigli, Municipio 1, Milano, Lombardia, 20122, Italia",45.4615135,9.1918702
Spettacoli,03-03-24,2024-03-03,"Viale dell'Innovazione 20,20126, Milano, MI,Italia",Arcimboldi,Extra libertà live tour,https://www.teatro.it/spettacoli/milano/arcimboldi/2023-2024/alessandro-siani-extra-liberta-live-tour,Teatro e spettacolo,"20, Viale dell'Innovazione, Bicocca, Municipio 9, Milano, Lombardia, 20125, Italia",45.5148696,9.2135963
Spettacoli,03-03-24,2024-03-03,"Via Boltraffio 21,20159, Milano, MI,Italia",Fontana,La ferocia,https://www.teatro.it/spettacoli/milano/fontana/2023-2024/vicoquartomazzini-la-ferocia,Teatro e spettacolo,"21, Via Gian Antonio Boltraffio, Isola, Municipio 9, Milano, Lombardia, 20159, Italia",45.4921952,9.1878419
,06-04-24,2024-03-04,"Piazza Diocleziano, 5, Milano, MI",Centrale dell'acqua di Milano,Le opere di Claudio Onorato alla Centrale dell’acqua di Milano,https://www.milanotoday.it/eventi/le-opere-di-claudio-onorato-alla-centrale-dell-acqua-di-milano-claudio-onorato.html,Non classificato,"5, Piazza Diocleziano, Sarpi, Bullona, Municipio 8 di Milano, Milano, Lombardia, 20154, Italia",45.487436,9.1654616
Incontro/presentazione,04-03-24,2024-03-04,"via Brera, 28, Milano, MI",Pinacoteca di Brera - Biblioteca Nazionale Braidense di Milano,HUMOURSEX,,Formazione e networking,"Pinacoteca di Brera, 28, Via Brera, Cerchia dei Navigli, Municipio 1, Milano, Lombardia, 20121, Italia",45.4722421,9.1884071
Spettacoli,04-03-24,2024-03-04,"p.zza IV Novembre 3,20025, Legnano, MI,Italia",Talisio Tirinnanzi,La corsa dietro il vento,https://www.teatro.it/spettacoli/legnano/talisio-tirinnanzi/2023-2024/gioele-dix-la-corsa-dietro-il-vento,Teatro e spettacolo,"Scuola Secondaria di Primo Grado Giovanni Ungaretti, 3, Piazza Quattro Novembre, San Giorgio su Legnano, Milano, Lombardia, 20034, Italia",45.5765251,8.9157963
Spettacoli,04-03-24,2024-03-04,"Via Alessandro Manzoni 42,20121, Milano, MI,Italia",Manzoni,Spettacolare (voce del verbo),https://www.teatro.it/spettacoli/milano/manzoni/2023-2024/francesca-reggiani-spettacolare-2024-voce-del-verbo,Teatro e spettacolo,"Teatro Manzoni, 42, Via Alessandro Manzoni, Cerchia dei Navigli, Municipio 1, Milano, Lombardia, 20121, Italia",45.4710286,9.1944762
Spettacoli,04-03-24,2024-03-04,"Corso di Porta Romana 63,20122, Milano, MI,Italia",Carcano,Le solite stronze,https://www.teatro.it/spettacoli/milano/carcano/2023-2024/carlotta-vagnoli-le-solite-stronze,Teatro e spettacolo,"Teatro Carcano, 63, Corso di Porta Romana, Crocetta, Municipio 1, Milano, Lombardia, 20121, Italia",45.4566842,9.1955297
,09-03-24,2024-03-04,"Via Nicola Antonio Porpora, 16a, Milano, MI",iKonica Art Gallery,Stando contemplando,https://www.milanotoday.it/eventi/stando-contemplando-letizia-omodeo.html,Non classificato,"Via Nicola Antonio Porpora, Loreto, Municipio 3, Milano, Lombardia, 20131, Italia",45.4860705,9.2275933
,06-04-24,2024-03-04,"Piazza Diocleziano, 5, Milano, MI",Centrale dell'acqua di Milano,Alla centrale dell'acqua di milano le opere di claudio onorato,https://www.milanotoday.it/eventi/alla-centrale-dell-acqua-di-milano-2023.html,Non classificato,"5, Piazza Diocleziano, Sarpi, Bullona, Municipio 8 di Milano, Milano, Lombardia, 20154, Italia",45.487436,9.1654616
,04-03-24,2024-03-04,"Corso Venezia, 2/A, Milano, MI",Teatro San Babila,adesso basta - non chiamarlo amore,https://www.milanotoday.it/eventi/adesso-basta-non-chiamarlo-amore-10893362.html,Non classificato,"2a, Corso Venezia, Duomo, Municipio 1, Milano, Lombardia, 20121, Italia",45.4670204,9.1981104
,04-03-24,2024-03-04,"Via Antonio Kramer, 20, Milano, MI",Libreria Antigone,Truly blessed di Chris Suspect,https://www.milanotoday.it/eventi/truly-blessed-di-chris-suspect-da-antigone-chris-suspect.html,Non classificato,"20, Via Antonio Kramer, Buenos Aires - Venezia, Municipio 3, Milano, Lombardia, 20219, Italia",45.4709443,9.2086572
,06-03-24,2024-03-05,"Piazza del Duomo, Milano, MI",Milano,"fabio gallozzi, in arte ""weiners"", brilla nella semifinale dell'international songwriter competition con ""contigo""",https://www.milanotoday.it/eventi/fabio-gallozzi-in-arte-weiners.html,Non classificato,"Piazza del Duomo, Duomo, Municipio 1, Milano, Lombardia, Italia",45.4639102,9.1906398
Spettacoli,05-03-24,2024-03-05,"Via Larga 14,20122, Milano, MI,Italia",Lirico Giorgio Gaber,Non Hanno Un Amico,https://www.teatro.it/spettacoli/milano/lirico-giorgio-gaber/2023-2024/luca-bizzarri-non-hanno-un-amico,Teatro e spettacolo,"Teatro Lirico Giorgio Gaber, 14, Via Larga, Cerchia dei Navigli, Municipio 1, Milano, Lombardia, 20122, Italia",45.4615135,9.1918702
Spettacoli,05-03-24,2024-03-05,"Via G. di Vittorio 6,20090, Assago, MI,Italia",Repower,Manifesto,https://www.teatro.it/spettacoli/assago/repower/2023-2024/loredana-berte-manifesto,Teatro e spettacolo,"20090, Italy",45.407,9.1083
,10-05-24,2024-03-05,"Via Passo Buole, 3, Milano, MI",GALLERIA AREAB,Any questions,https://www.milanotoday.it/eventi/any-questions.html,Non classificato,"3, Via Passo Buole, Porta Romana, Municipio 5, Milano, Lombardia, 20135, Italia",45.4476997,9.2080803
,06-03-24,2024-03-06,"Via Carlo Bo, 7, Milano, MI",Sala dei 146 - Università IULM,“False esg”: narrazioni aziendali (in)autentiche?,https://www.milanotoday.it/eventi/false-esg-narrazioni-aziendali-in-autentiche-il-6-marzo-il-dibattito-allo-iulm.html,Non classificato,"Via Carlo Bo, San Cristoforo, Municipio 6, Milano, Lombardia, 20143, Italia",45.4407324,9.1632494
Spettacoli,06-03-24,2024-03-06,"Piazza S. Magno,20025, Legnano, MI,Italia",Galleria,ONLY FUN - Comico Show,https://www.teatro.it/spettacoli/legnano/galleria/2023-2024/only-fun-comico-show,Teatro e spettacolo,"Piazza San Magno, San Magno, Oltresempione, Legnano, Milano, Lombardia, 20025, Italia",45.5945288,8.9180098
,22-03-24,2024-03-06,"Via Vincenzo Civerchio, 9, Milano, MI",laboratorio cagliani,WorldWideWoman,https://www.milanotoday.it/eventi/worldwidewoman-alessio-quirico.html,Non classificato,"Officina del riso, 9, Via Vincenzo Civerchio, Isola, Municipio 9, Milano, Lombardia, 20159, Italia",45.4912822,9.1877493
Spettacoli,06-03-24,2024-03-06,"Via Alessandro Manzoni 42,20121, Milano, MI,Italia",Manzoni,Sings Donna Summer,https://www.teatro.it/spettacoli/milano/manzoni/2023-2024/deborah-johnson-sings-donna-summer,Teatro e spettacolo,"Teatro Manzoni, 42, Via Alessandro Manzoni, Cerchia dei Navigli, Municipio 1, Milano, Lombardia, 20121, Italia",45.4710286,9.1944762
,26-03-24,2024-03-06,"Via Lovanio, 6, Milano, MI",Amy d Arte Spazio,augenmusik,https://www.milanotoday.it/eventi/augenmusik-manuela-bertoli.html,Non classificato,"6, Via Lovanio, Brera, Municipio 1, Milano, Lombardia, 20121, Italia",45.4766942,9.1861782
,04-04-24,2024-03-07,"Via San Fermo, 19, Milano, MI",Spazio HUS,Allo spazio Hus di Milano le fotografie di Lucia Covi,https://www.milanotoday.it/eventi/allo-spazio-hus-di-milano-le-fotografie-di-lucia-covi-lucia-covi.html,Non classificato,"Via San Fermo, Baggio, Municipio 7, Villaggio Cavour, Settimo Milanese, Milano, Lombardia, 20019, Italia",45.4630575,9.0747604
,07-03-24,2024-03-07,"Largo Corsia dei Servi, 4, Milano, MI",Centro Culturale di Milano,"Ucraina. La pace ricercata, la guerra e il martirio di un popolo",https://www.milanotoday.it/eventi/ucraina-la-pace-ricercata-la-guerra-e-il-martirio-di-un-popolo-konstantin-sigov-riccardo-bonacina-e-adriano-dell-asta.html,Non classificato,"Largo Corsia dei Servi, Duomo, Municipio 1, Milano, Lombardia, 20122, Italia",45.4645536,9.1965924
,07-03-24,2024-03-07,"Piazza Carlo Stuparich, Milano, MI",Allianz Cloud,I giovani per i giovani 41° edizione,https://www.milanotoday.it/eventi/i-giovani-per-i-giovani-41-edizione-vari.html,Non classificato,"Piazza Carlo Stuparich, De Angeli - Monte Rosa, QT8, Municipio 8 di Milano, Milano, Lombardia, 20148, Italia",45.4830796,9.1428469
,04-04-24,2024-03-07,"Piazza Tre Torri, Milano, MI",City Life,Moai a CityLife,https://www.milanotoday.it/eventi/l-installazione-moai-in-mostra-a-citylife-dal-7-marzo-al-4-aprile-urbansolid.html,Non classificato,"Piazza Tre Torri, Tre Torri, Municipio 8 di Milano, Milano, Lombardia, 20149, Italia",45.4783108,9.1570584
Spettacoli,07-03-24,2024-03-07,"Via Ciro Menotti 11,20129, Milano, MI,Italia",Menotti,"Shakespeare 2.0.
Lo stupro di Lucrezia",https://www.teatro.it/spettacoli/milano/menotti/2023-2024/claudio-santamaria-francesca-barra-shakespeare-20-lo-stupro-di-lucrezia,Teatro e spettacolo,"Teatro Menotti, 11, Via Ciro Menotti, Buenos Aires - Venezia, Municipio 3, Milano, Lombardia, 20129, Italia",45.4699775,9.2131112
Incontri,07-03-24,2024-03-07,"Corso di Porta Vittoria, 6, Milano, MI",Sala del Grechetto,"Chiara Emma Cerri, la scrittrice che aiuta le donne vittime di violenza, presenta il suo libro",https://www.milanotoday.it/eventi/presentazione-libro-toxicon-chiara-emma-cerri.html,Formazione e networking,"Biblioteca Comunale Centrale Sormani, 6, Corso di Porta Vittoria, Guastalla, Municipio 1, Milano, Lombardia, 20122, Italia",45.4621276,9.1981128
,07-03-24,2024-03-07,"Piazza Leonardo da Vinci, 32, Milano, MI",Politecnico di Milano - Campus Leonardo,1993. Il tentativo di reinventare lo stato. attualità e prospettive di una riforma,https://www.milanotoday.it/eventi/presentazione-del-libro-1993-il-tentativo-di-reinventare-lo-stato-attualita-e-prospettive-di-una-riforma-maurizio-sacconi.html,Non classificato,"32, Piazza Leonardo da Vinci, Città Studi, Municipio 3, Milano, Lombardia, 20133, Italia",45.4778083,9.2272468
,07-03-24,2024-03-07,"Via Brera, 28, Milano, MI",Pinacoteca di Brera - Sala della Passione,Creatività e distaccamento nell'arte sostenibile,https://www.milanotoday.it/eventi/conferenza-creativita-e-distaccamento-nell-arte-sostenibile-a-cura-di-marco-eugenio-di-giandomenico-tiziano-calcari.html,Non classificato,"Pinacoteca di Brera, 28, Via Brera, Cerchia dei Navigli, Municipio 1, Milano, Lombardia, 20121, Italia",45.4722421,9.1884071
Spettacoli,08-03-24,2024-03-08,"Piazza S. Magno,20025, Legnano, MI,Italia",Galleria,TILT - Esaurimento globale,https://www.teatro.it/spettacoli/legnano/galleria/2023-2024/debora-villa-esaurimento-globale,Teatro e spettacolo,"Piazza San Magno, San Magno, Oltresempione, Legnano, Milano, Lombardia, 20025, Italia",45.5945288,8.9180098
Cibo e Vino,10-03-24,2024-03-08,"Via Giuseppe Mazzini, 35, Milano, MI",Casa dell'acqua,"Street food, sfilate e animazione in uno speciale villaggio medioevale",https://www.milanotoday.it/eventi/street-food-villaggio-medioevale-busto-garolfo.html,Enogastronomia,"35, Via Giuseppe Mazzini, Melzo, Milano, Lombardia, 20066, Italia",45.498653,9.4266133
,31-03-24,2024-03-08,"Via Gaudenzio Fantoli, 9, Milano, MI",Fabrique,"I prossimi guest vision: Loco Dice, Steve Martinez, Carlita",https://www.milanotoday.it/eventi/i-prossimi-guest-vision-loco-dice-steve-martinez-carlita-loco-dice-silvie-loto-alex-rubia-steve-martinez-carlita.html,Non classificato,"Fabrique, 9, Via Gaudenzio Fantoli, Mecenate, Municipio 4, Milano, Lombardia, 20138, Italia",45.4521243,9.2522773
,10-03-24,2024-03-08,"Viale Sondrio, 5, Milano, MI",Presso “Spazio Pin” Sala Cosmo,Codice Ratzinger,https://www.milanotoday.it/eventi/milano-venerdi-8-marzo-2024-ore-15-00-domenica-10-marzo-2024-ore-15-00-livello-2-presso-spazio-pin-sala-cosmo-viale-sondrio-5-milano-fermata-metro-sondrio-linea-m3-andrea-cionci.html,Non classificato,"Viale Sondrio, Maciachini - Maggiolina, Municipio 2, Milano, Lombardia, 20124, Italia",45.4903222,9.2000265
,10-03-24,2024-03-08,"Via Moncucco, 35, Milano, MI",Superstudio Maxi,"Book Pride 2024, torna a Milano la Fiera Nazionale dell’editoria indipendente",https://www.milanotoday.it/eventi/bookpride-2024.html,Non classificato,"35, Via Moncucco, San Cristoforo, Municipio 6, Milano, Lombardia, 20143, Italia",45.4388607,9.1668385
,09-03-24,2024-03-08,"Alzaia Naviglio Grande, 190, Milano, MI",Altaluce Teatro,Secondo Luca,https://www.milanotoday.it/eventi/secondo-luca-alberto-corba.html,Non classificato,"Alzaia Naviglio Grande, Navigli, Municipio 6, Milano, Lombardia, 20136, Italia",45.4520419,9.1756524
,10-03-24,2024-03-08,"Piazza Gramsci, Milano, MI",Piazza Gramsci,"Festival della carbonara, cucine romane",https://www.milanotoday.it/eventi/festival-della-carbonara-cucine-romane.html,Non classificato,"Piazza Gramsci, Piazza Antonio Gramsci, Bullona, Municipio 8 di Milano, Milano, Lombardia, 20154, Italia",45.4820161,9.1680933
Disco&Feste,08-03-24,2024-03-08,"Via Camillo Finocchiaro Aprile, Milano, MI",Sequoia Milano,"Festa della donna 2024, cena e party nel cuore di Milano",https://www.milanotoday.it/eventi/festa-donna-2024-serata-sequoia.html,Musica e vita notturna,"Via Camillo Finocchiaro Aprile, Centrale, Municipio 2, Milano, Lombardia, 20124, Italia",45.4779164,9.2016065
,08-03-24,2024-03-08,"Via San Giovanni sul Muro, 2, Milano, MI",TEATRO DAL VERME,Premio internazionale di poesia in lingua sarda e concerto X edizione,https://www.milanotoday.it/eventi/premio-internazionale-di-poesia-in-lingua-sarda-e-concerto-xa-edizione-tazenda-fantafolk-duo-ensemble-classica-trio-maria-giovanna-cherchi.html,Non classificato,"2, Via San Giovanni sul Muro, Cerchia dei Navigli, Municipio 1, Milano, Lombardia, 20121, Italia",45.4671162,9.1814924
Spettacoli,08-03-24,2024-03-08,"p.zza IV Novembre 3,20025, Legnano, MI,Italia",Talisio Tirinnanzi,Piccole donne - Il Musical di Broadway,https://www.teatro.it/spettacoli/legnano/talisio-tirinnanzi/2023-2024/piccole-donne-il-musical-di-broadway,Teatro e spettacolo,"Scuola Secondaria di Primo Grado Giovanni Ungaretti, 3, Piazza Quattro Novembre, San Giorgio su Legnano, Milano, Lombardia, 20034, Italia",45.5765251,8.9157963
,09-03-24,2024-03-08,"Viale Luigi Camoens, 2, Milano, MI",JustMe,"Festa della donne a milano dall’alto della torre branca (gratuita), aperitivo e dj al justme",https://www.milanotoday.it/eventi/festa-della-donne-a-milano-dall-alto-della-torre-branca-gratuita.html,Non classificato,"Viale Luigi Camoens, Parco Sempione, Municipio 1, Milano, Lombardia, 20154, Italia",45.4729814,9.1728556
Disco&Feste,08-03-24,2024-03-08,"Porta Genova, Milano, MI",Bobino Milano,Una serata con dj set nel cuore di Milano,https://www.milanotoday.it/eventi/festa-donna-2024-serata-bobino.html,Musica e vita notturna,"Porta Genova, Municipio 6, Milano, Lombardia, 20144, Italia",45.4544536,9.17142
,12-03-24,2024-03-08,"Alzaia Naviglio Pavese, 16, Milano, MI",Ex Fornace,Women today. Liberi sguardi sull’universo femminile,https://www.milanotoday.it/eventi/women-today-liberi-sguardi-sull-universo-femminile.html,Non classificato,"16, Alzaia Naviglio Pavese, Navigli, Municipio 6, Milano, Lombardia, 20143, Italia",45.4500421,9.1774094
Altro,08-03-24,2024-03-08,"via Brera, 28, Milano, MI",Pinacoteca di Brera,8 MARZO a Brera: Ingresso GRATUITO per le DONNE,,Altri eventi,"Pinacoteca di Brera, 28, Via Brera, Cerchia dei Navigli, Municipio 1, Milano, Lombardia, 20121, Italia",45.4722421,9.1884071
Cibo e Vino,08-03-24,2024-03-08,"Via della Resistenza, 121, Milano, MI",Buccinasco,"Festa della donna, una serata all'insegna della pasta",https://www.milanotoday.it/eventi/festa-donna-2024-serata-pasta.html,Enogastronomia,"Via della Resistenza, Ponte Vecchio, Magenta, Milano, Lombardia, 20013, Italia",45.4570716,8.8782744
Disco&Feste,08-03-24,2024-03-08,"Viale Luigi Camoens, Milano, MI",Justme Milano - Restaurant & Club,"Festa della donna, la salita (gratuita) alla Torre Branca",https://www.milanotoday.it/eventi/salita-gratis-torre-branca.html,Musica e vita notturna,"Viale Luigi Camoens, Parco Sempione, Municipio 1, Milano, Lombardia, 20154, Italia",45.4729814,9.1728556
,09-03-24,2024-03-09,"Piazza Duca d'Aosta, 1, Milano, MI",Stazione Centrale di Milano,Sabato 09 marzo – vista guidata al padiglione reale della stazione centrale di milano,https://www.milanotoday.it/eventi/sabato-09-marzo-vista-guidata-al-padiglione-reale.html,Non classificato,"KFC, 1, Piazza Duca d'Aosta, Centrale, Municipio 2, Milano, Lombardia, 20124, Italia",45.4852065,9.2052893
Mercatini,09-03-24,2024-03-09,"Corso Europa, Milano, MI",Rho,"A Rho il mercatino del ""fuori tutto"" e delle svendite d'occasione",https://www.milanotoday.it/eventi/mercatino-svendita-rho.html,Mercati e shopping,"Corso Europa, Duomo, Municipio 1, Milano, Lombardia, 20122, Italia",45.4648635,9.1969852
,09-03-24,2024-03-09,"Piazza Piero Carnelli, Milano, MI",Teatro Delfino,Un mare di pirati,https://www.milanotoday.it/eventi/un-mare-di-pirati.html,Non classificato,"Piazza Don Piero Carnelli, Mecenate, Municipio 4, Milano, Lombardia, 20059, Italia",45.4584915,9.2436908
Cibo e Vino,11-03-24,2024-03-09,"Piazzale Carlo Magno, Milano, MI",Allianz MiCo,"Identità Golose 2024, l'eccellenza della gastronomia arriva a Milano",https://www.milanotoday.it/eventi/identita-golose-2024.html,Enogastronomia,"Piazzale Carlo Magno, Portello, Tre Torri, Municipio 8 di Milano, Milano, Lombardia, 20149, Italia",45.4809798,9.1559779
,09-03-24,2024-03-09,"Via Giuseppe Gabetti, 15, Milano, MI",MARE CULTURALE URBANO,Incontro letterario su : madame  bovary,https://www.milanotoday.it/eventi/incontro-letterario-su-madame-bovary-2024.html,Non classificato,"Cascina Torrette di Trenno, 15, Via Giuseppe Gabetti, Quartiere Vercellese, Forze Armate, Municipio 7, Milano, Lombardia, 20147, Italia",45.4687457,9.1240256
,09-03-24,2024-03-09,"Via Antonio Stoppani, 11, Milano, MI",Long Song Books & Café,Il Cile da ascoltare,https://www.milanotoday.it/eventi/il-cile-da-ascoltare.html,Non classificato,"11, Via Antonio Stoppani, Buenos Aires - Venezia, Municipio 3, Milano, Lombardia, 20129, Italia",45.4754527,9.2130782
Manifestazioni,10-03-24,2024-03-09,"Via Mozart, 14, Milano, MI",Villa Necchi Campiglio,"""Soffio di primavera"", i colori dei fiori protagonisti a Villa Necchi",https://www.milanotoday.it/eventi/soffio-di-primavera-mostra-mercato-fiori-villa-necchi.html,Altri eventi,"14, Via Wolfgang Amadeus Mozart, Quartiere Boschetto, Trezzano sul Naviglio, Milano, Lombardia, 20090, Italia",45.4159579,9.0475197
Spettacoli,09-03-24,2024-03-09,"p.zza IV Novembre 3,20025, Legnano, MI,Italia",Talisio Tirinnanzi,JAMES SENESE,https://www.teatro.it/spettacoli/legnano/talisio-tirinnanzi/2023-2024/james-senese,Teatro e spettacolo,"Scuola Secondaria di Primo Grado Giovanni Ungaretti, 3, Piazza Quattro Novembre, San Giorgio su Legnano, Milano, Lombardia, 20034, Italia",45.5765251,8.9157963
Spettacoli,09-03-24,2024-03-09,"Via Filodrammatici 2,20121, Milano, MI,Italia",Teatro Alla Scala,Madina,https://www.teatro.it/spettacoli/milano/teatro-alla-scala/2023-2024/roberto-bolle-madina,Teatro e spettacolo,"2, Via Filodrammatici, Brera, Milano, Lombardia, 20121, Italia",45.4673781,9.188701
,09-03-24,2024-03-09,"Viale Lombardia, 53, Milano, MI",CINEMA TEATRO FELLINI,Clonazione da Tiffany,https://www.milanotoday.it/eventi/clonazione-da-tiffany-marina-suma.html,Non classificato,"Viale Lombardia, Loreto, Municipio 3, Milano, Lombardia, 20131, Italia",45.4873978,9.223569
Spettacoli,09-03-24,2024-03-09,"Via Larga 14,20122, Milano, MI,Italia",Lirico Giorgio Gaber,Bocca mia taci,https://www.teatro.it/spettacoli/milano/lirico-giorgio-gaber/2023-2024/francesco-de-carlo-bocca-mia-taci,Teatro e spettacolo,"Teatro Lirico Giorgio Gaber, 14, Via Larga, Cerchia dei Navigli, Municipio 1, Milano, Lombardia, 20122, Italia",45.4615135,9.1918702
Spettacoli,09-03-24,2024-03-09,"Via Alessandro Manzoni 42,20121, Milano, MI,Italia",Manzoni,Cappuccetto Rosso,https://www.teatro.it/spettacoli/milano/manzoni/2023-2024/cappuccetto-rosso-la-casa-delle-storie,Teatro e spettacolo,"Teatro Manzoni, 42, Via Alessandro Manzoni, Cerchia dei Navigli, Municipio 1, Milano, Lombardia, 20121, Italia",45.4710286,9.1944762
,09-03-24,2024-03-09,"Via Guido Mazzali, 5, Milano, MI",Centro di Nonviolenza Attiva,Apre la prima biblioteca della Nonvioelnza per bambini/e ragazzi/e,https://www.milanotoday.it/eventi/apre-la-prima-biblioteca-della-nonvioelnza-per-bambini-e-ragazzi-e.html,Non classificato,"5, Via Guido Mazzali, Parco Lambro - Cimiano, Municipio 3, Milano, Lombardia, 20132, Italia",45.4911682,9.2338493
Spettacoli,09-03-24,2024-03-09,"Piazza S. Magno,20025, Legnano, MI,Italia",Galleria,Ai miei tempi non era così,https://www.teatro.it/spettacoli/legnano/galleria/2023-2024/maurizio-battista-ai-miei-tempi-non-era-cosi,Teatro e spettacolo,"Piazza San Magno, San Magno, Oltresempione, Legnano, Milano, Lombardia, 20025, Italia",45.5945288,8.9180098
Spettacoli,10-03-24,2024-03-10,"Corso Buenos Aires,33,20124, Milano, MI,Italia",Teatro Elfo Puccini - sala Fassbinder,Tre donne alte,https://www.teatro.it/spettacoli/milano/teatro-elfo-puccini-sala-fassbinder/2023-2024/tre-donne-alte,Teatro e spettacolo,"Teatro Elfo Puccini, 33, Corso Buenos Aires, Buenos Aires - Venezia, Municipio 3, Milano, Lombardia, 20124, Italia",45.4794317,9.2098387
Spettacoli,10-03-24,2024-03-10,"Via Ciro Menotti 11,20129, Milano, MI,Italia",Menotti,Supplici,https://www.teatro.it/spettacoli/milano/menotti/2023-2024/regia-serena-sinigallia-supplici,Teatro e spettacolo,"Teatro Menotti, 11, Via Ciro Menotti, Buenos Aires - Venezia, Municipio 3, Milano, Lombardia, 20129, Italia",45.4699775,9.2131112
,11-03-24,2024-03-10,"Via Marco D'Oggiono, Milano, MI",Teatro LabArca,L'uomo che amava le donne,https://www.milanotoday.it/eventi/l-uomo-che-amava-le-donne-corrado-tedeschi.html,Non classificato,"Via Marco d'Oggiono, Ticinese, Municipio 1, Milano, Lombardia, 20123, Italia",45.4569667,9.1758861
Spettacoli,10-03-24,2024-03-10,"via Pier Lombardo,14,20135, Milano, MI,Italia",Franco Parenti - Sala Grande,Come tu mi vuoi,https://www.teatro.it/spettacoli/milano/franco-parenti-sala-grande/2023-2024/come-tu-mi-vuoi,Teatro e spettacolo,"Via Pier Lombardo, Porta Romana, Municipio 4, Milano, Lombardia, 20135, Italia",45.4542958,9.2063109
Spettacoli,10-03-24,2024-03-10,"Via Rovello 2,20121, Milano, MI,Italia",Piccolo Teatro - Teatro Grassi,Aspettando Godot,https://www.teatro.it/spettacoli/milano/piccolo-teatro-teatro-grassi/2023-2024/aspettando-godot,Teatro e spettacolo,"2, Via Rovello, Brera, Milano, Lombardia, 20121, Italia",45.4665188,9.1847651
,10-03-24,2024-03-10,"Via Giuseppe Gabetti, 25, Milano, MI",MARE CULTURALE  URBANO,Tra le righe: conflitto e violenza nei rapporti amorosi. La sonata a Kreutzer di Lev Tolstoj,https://www.milanotoday.it/eventi/tra-le-righe-conflitto-e-violenza-nei-rapporti-amorosi-la-sonata-a-kreutzer-di-lev-tolstoj-davide-tortorella.html,Non classificato,"Via Giuseppe Gabetti, Quartiere Vercellese, Forze Armate, Municipio 7, Milano, Lombardia, 20147, Italia",45.4697048,9.1241074
Spettacoli,10-03-24,2024-03-10,"Corso di Porta Romana 63,20122, Milano, MI,Italia",Carcano,Stai zitta!,https://www.teatro.it/spettacoli/milano/carcano/2023-2024/stai-zitta,Teatro e spettacolo,"Teatro Carcano, 63, Corso di Porta Romana, Crocetta, Municipio 1, Milano, Lombardia, 20121, Italia",45.4566842,9.1955297
Spettacoli,10-03-24,2024-03-10,"Via Andrea Maria Ampère 1,20131, Milano, MI,Italia",MTM - Leonardo,Niente panico!,https://www.teatro.it/spettacoli/milano/leonardo/2023-2024/paolo-hendel-niente-panico,Teatro e spettacolo,"Teatro Leonardo da Vinci, 1, Via Andrea Maria Ampère, Città Studi, Municipio 3, Milano, Lombardia, 20131, Italia",45.4795266,9.2263901
Spettacoli,10-03-24,2024-03-10,"Via Filodrammatici 2,20121, Milano, MI,Italia",Teatro Alla Scala,Die Entführung aus dem Serail,https://www.teatro.it/spettacoli/milano/teatro-alla-scala/2023-2024/die-entfuhrung-aus-dem-serail-teatro-alla-scala,Teatro e spettacolo,"2, Via Filodrammatici, Brera, Milano, Lombardia, 20121, Italia",45.4673781,9.188701
,10-03-24,2024-03-10,"Viale Carlo Espinasse, Milano, MI",Circolo Masada,Rebus e Circolo Masada w// Christopher Ledger & Zenk,https://www.milanotoday.it/eventi/rebus-circolo-masada-w-christopher-ledger-zenk-christopher-ledger.html,Non classificato,"Viale Carlo Espinasse, Cagnola, Municipio 8 di Milano, Milano, Lombardia, 20156, Italia",45.493698,9.1446948
Spettacoli,10-03-24,2024-03-10,"Piazza Cesare Beccaria 8,20122, Milano, MI,Italia",Gerolamo,La lunga vita di Marianna Ucria,https://www.teatro.it/spettacoli/milano/gerolamo/2023-2024/la-lunga-vita-di-marianna-ucria,Teatro e spettacolo,"Teatro Gerolamo, 8, Piazza Cesare Beccaria, Duomo, Municipio 1, Milano, Lombardia, 20122, Italia",45.464175,9.1945551
Spettacoli,10-03-24,2024-03-10,"via Pitteri 58,20134, Milano, MI,Italia",Martinitt,Diamoci del tu,https://www.teatro.it/spettacoli/milano/martinitt/2023-2024/diamoci-del-tu,Teatro e spettacolo,"Via Riccardo Pitteri, Lambrate, Municipio 3, Milano, Lombardia, 20134, Italia",45.4798362,9.2457864
Spettacoli,10-03-24,2024-03-10,"Via Alessandro Manzoni 42,20121, Milano, MI,Italia",Manzoni,Una brutta persona,https://www.teatro.it/spettacoli/milano/manzoni/2023-2024/pintus-una-brutta-persona,Teatro e spettacolo,"Teatro Manzoni, 42, Via Alessandro Manzoni, Cerchia dei Navigli, Municipio 1, Milano, Lombardia, 20121, Italia",45.4710286,9.1944762
Mercatini,10-03-24,2024-03-10,"Via Mecenate, 88/A, Milano, MI",,"Il grande ritorno di East Market, tra vintage e modernariato",https://www.milanotoday.it/eventi/mercatino-east-market-2024.html,Mercati e shopping,"Via Mecenate, Mecenate, Municipio 4, Milano, Lombardia, 20059, Italia",45.4529888,9.2481173
Mercatini,10-03-24,2024-03-10,"Via Mecenate, Milano, MI",East Market,"A Milano torna ""East market"", il grande mercatino dell'usato",https://www.milanotoday.it/eventi/east-market-10-marzo.html,Mercati e shopping,"Via Mecenate, Mecenate, Municipio 4, Milano, Lombardia, 20059, Italia",45.4529888,9.2481173
,11-03-24,2024-03-11,"Piazza Francesco Carrara, 17, Milano, MI",Centro Asteria,Nessun miracolo a Milano,https://www.milanotoday.it/eventi/nessun-miracolo-a-milano-spettacolo-teatrale-massimiliano-speziani.html,Non classificato,"17, Piazza Francesco Carrara, Stadera, Municipio 5, Milano, Lombardia, 20136, Italia",45.4369245,9.1761088
,11-03-24,2024-03-11,"Piazza Castello, Milano, MI",Castello Visconteo,Corso di formazione per gli aspiranti volontari di Lule Onlus,https://www.milanotoday.it/eventi/a-partire-dal-18-marzo-ad-abbiategrasso-riapre-il-corso-di-formazione-per-gli-aspiranti-volontari-di-lule-onlus.html,Non classificato,"Piazza Castello, Cerchia dei Navigli, Municipio 1, Milano, Lombardia, Italia",45.4704699,9.1819129
Spettacoli,11-03-24,2024-03-11,"v. Mons. Pogliani 7/a,ang. via Grandi,20090, Cesano Boscone, MI,Italia",Cristallo,Stai zitta!,https://www.teatro.it/spettacoli/cesano-boscone/cristallo/2023-2024/stai-zitta,Teatro e spettacolo,"20090, Italy",45.407,9.1083
,16-03-24,2024-03-11,"Via Nicola Antonio Porpora, 16a, Milano, MI",iKonica Art Gallery,Equità di genere e novità tecnoliche,https://www.milanotoday.it/eventi/equita-di-genere-e-novita-tecnoliche-collettiva-artisti-latini.html,Non classificato,"Via Nicola Antonio Porpora, Loreto, Municipio 3, Milano, Lombardia, 20131, Italia",45.4860705,9.2275933
Spettacoli,12-03-24,2024-03-12,"Corso di Porta Romana 63,20122, Milano, MI,Italia",Carcano,The Watch Plays Genesis,https://www.teatro.it/spettacoli/milano/carcano/2023-2024/the-watch-plays-genesis,Teatro e spettacolo,"Teatro Carcano, 63, Corso di Porta Romana, Crocetta, Municipio 1, Milano, Lombardia, 20121, Italia",45.4566842,9.1955297
,23-03-24,2024-03-12,"Via Andrea Maria Ampère, 27, Milano, MI",Spazio Arte Tolomeo,"“Be the change”, mostra internazionale sull’ambiente patrocinata da Wwf",https://www.milanotoday.it/eventi/be-the-change-mostra-internazionale-sull-ambiente-patrocinata-da-wwf-martesana-sud-milano.html,Non classificato,"27, Via Andrea Maria Ampère, Città Studi, Municipio 3, Milano, Lombardia, 20131, Italia",45.4816019,9.2263908
Spettacoli,12-03-24,2024-03-12,"Via Larga 14,20122, Milano, MI,Italia",Lirico Giorgio Gaber,FILIPPO CACCAMO,https://www.teatro.it/spettacoli/milano/lirico-giorgio-gaber/2023-2024/filippo-caccamo-le-filippiche,Teatro e spettacolo,"Teatro Lirico Giorgio Gaber, 14, Via Larga, Cerchia dei Navigli, Municipio 1, Milano, Lombardia, 20122, Italia",45.4615135,9.1918702
Disco&Feste,26-03-24,2024-03-12,"Via Medici, 4, Milano, MI",Ostello Bello Milano,Una serata karaoke nel cuore di Milano,https://www.milanotoday.it/eventi/serata-karaoke-ostello-bello.html,Musica e vita notturna,"Ostello Bello, 4, Via Medici, Cerchia dei Navigli, Municipio 1, Milano, Lombardia, 20123, Italia",45.4608716,9.1810916
Spettacoli,12-03-24,2024-03-12,"Via Giordano Rota 1,20145, Milano, MI,Italia",Nazionale Italiana Assicurazioni,Binario 29 3/4,https://www.teatro.it/spettacoli/milano/nazionale-chebanca/2023-2024/valeria-angione-binario-29-34,Teatro e spettacolo,"20145, Italy",45.4643,9.1895
,12-03-24,2024-03-12,"Foro Buonaparte, 67, Milano, MI",Fondazione Luciana Matalon,Yog art incontra queen unseen,https://www.milanotoday.it/eventi/yog-art-incontra-queen-unseen.html,Non classificato,"Fondazione Matalon, 67, Foro Buonaparte, Cerchia dei Navigli, Municipio 1, Milano, Lombardia, 20121, Italia",45.4678515,9.1808028
Spettacoli,13-03-24,2024-03-13,"Via Giordano Rota 1,20145, Milano, MI,Italia",Nazionale Italiana Assicurazioni,Non so che fare prima,https://www.teatro.it/spettacoli/milano/nazionale-chebanca/2023-2024/uccio-de-santis-non-so-che-fare-prima,Teatro e spettacolo,"20145, Italy",45.4643,9.1895
Hobby,13-03-24,2024-03-13,"Piazza Natale Confalonieri, 3, Milano, MI",Centro Culturale Il Pertini,Una serata di giochi da tavolo a pochi passi da Milano,https://www.milanotoday.it/eventi/serata-giochi-da-tavola-centro-culturale-pertini.html,Altri eventi,"Il Pertini, 3, Piazza Natale Confalonieri, Borgo Primavera, Cinisello, Cinisello Balsamo, Zona Omogenea Milano Nord, Milano, Lombardia, 20092, Italia",45.5586088,9.2139592
Spettacoli,13-03-24,2024-03-13,"via Pitteri 58,20134, Milano, MI,Italia",Martinitt,LIVE,https://www.teatro.it/spettacoli/milano/martinitt/2023-2024/giorgia-fumo-live,Teatro e spettacolo,"Via Riccardo Pitteri, Lambrate, Municipio 3, Milano, Lombardia, 20134, Italia",45.4798362,9.2457864
,06-04-24,2024-03-13,"Via Brera, 2, Milano, MI",Galleria Ponte Rosso,Paolo Sciancalepore tra reale e immaginario,https://www.milanotoday.it/eventi/paolo-sciancalepore-tra-reale-e-immaginario-paolo-sciancalepore.html,Non classificato,"Valstar, 2, Via Brera, Brera, Milano, Lombardia, 20121, Italia",45.4693543,9.1882354
Spettacoli,13-03-24,2024-03-13,"Via G. di Vittorio 6,20090, Assago, MI,Italia",Unipol Forum,Dentro x sempre tour 2024,https://www.teatro.it/spettacoli/assago/mediolanum-forum/2023-2024/gazzelle-dentro-x-sempre-tour-2024,Teatro e spettacolo,"20090, Italy",45.407,9.1083
Spettacoli,13-03-24,2024-03-13,"via Valtellina 25,20157, Milano, MI,Italia",Alcatraz,Love Lines World Tour 2024,https://www.teatro.it/spettacoli/milano/alcatraz/2023-2024/lp-love-lines-world-tour-2024,Teatro e spettacolo,"Alcatraz, 25, Via Valtellina, Isola, Municipio 9, Milano, Lombardia, 20159, Italia",45.494744,9.1823768
Concerti,13-03-24,2024-03-13,"Via Giuseppe di Vittorio, 6, Milano, MI",Mediolanum Forum di Assago,Il concerto di Gazzelle a Milano e dove acquistare i biglietti,https://www.milanotoday.it/eventi/concerto-gazzelle-mediolanum-forum-assago-biglietti.html,Musica e vita notturna,"6, Via Giuseppe Di Vittorio, Foramagno, Mezzate, Peschiera Borromeo, Milano, Lombardia, 20068, Italia",45.4355184,9.2889768
,31-03-24,2024-03-13,"Via Lazzaro Spallanzani, 16, Milano, MI",Città del Sole,Crea la Pasqua dei tuoi sogni,https://www.milanotoday.it/eventi/crea-la-pasqua-dei-tuoi-sogni-citta-del-sole.html,Non classificato,"Radicetonda, 16, Via Lazzaro Spallanzani, Buenos Aires - Venezia, Municipio 3, Milano, Lombardia, 20154, Italia",45.4759192,9.2074484
Convegno/conferenza,13-03-24,2024-03-13,"via Brera, 28, Milano, MI",Pinacoteca di Brera - Biblioteca Nazionale Braidense di Milano,La storia nel pensiero e nell’opera di Luca Beltrami,,Formazione e networking,"Pinacoteca di Brera, 28, Via Brera, Cerchia dei Navigli, Municipio 1, Milano, Lombardia, 20121, Italia",45.4722421,9.1884071
Spettacoli,14-03-24,2024-03-14,"p.zza IV Novembre 3,20025, Legnano, MI,Italia",Talisio Tirinnanzi,Nun te regg più,https://www.teatro.it/spettacoli/legnano/talisio-tirinnanzi/2023-2024/gabriele-cirilli-nun-te-regg-piu,Teatro e spettacolo,"Scuola Secondaria di Primo Grado Giovanni Ungaretti, 3, Piazza Quattro Novembre, San Giorgio su Legnano, Milano, Lombardia, 20034, Italia",45.5765251,8.9157963
,24-03-24,2024-03-14,"Via Andrea Maria Ampère, Milano, MI",Teatro Leonardo,"Io, Vincent Van Gogh",https://www.milanotoday.it/eventi/io-vincent-van-gogh-dal-14-3-2024-al-24-3-2024-mtm-teatro-leonardo-milano-corrado-d-elia.html,Non classificato,"Via Andrea Maria Ampère, Città Studi, Municipio 3, Milano, Lombardia, 20131, Italia",45.4815526,9.2266627
,10-05-24,2024-03-14,"Via Nerino, 3, Milano, MI",MAAB Gallery,Empty promises,https://www.milanotoday.it/eventi/empty-promises-axel-lieber.html,Non classificato,"3, Via Nerino, Cerchia dei Navigli, Municipio 1, Milano, Lombardia, 20123, Italia",45.4617617,9.1841465
,21-03-24,2024-03-14,"Viale Bligny, 9, Milano, MI",miscusi Bocconi,Miscusi: a Milano musica e pasta suonano insieme,https://www.milanotoday.it/eventi/miscusi-a-milano-musica-e-pasta-suonano-insieme-paolo-pilo.html,Non classificato,"Viale Bligny, Vigentina, Municipio 5, Milano, Lombardia, 20136, Italia",45.4509944,9.1907876
Spettacoli,14-03-24,2024-03-14,"v. Mons. Pogliani 7/a,ang. via Grandi,20090, Cesano Boscone, MI,Italia",Cristallo,Così è (se vi pare),https://www.teatro.it/spettacoli/cesano-boscone/cristallo/2023-2024/cosi-e-se-vi-pare,Teatro e spettacolo,"20090, Italy",45.407,9.1083
,17-03-24,2024-03-14,"Alzaia Naviglio Pavese, 16, Milano, MI",Ex Fornace,Dove albero è foresta - mostra personale di Pietro Panza,https://www.milanotoday.it/eventi/dove-albero-e-foresta-mostra-personale-di-pietro-panza-pietro-panza.html,Non classificato,"16, Alzaia Naviglio Pavese, Navigli, Municipio 6, Milano, Lombardia, 20143, Italia",45.4500421,9.1774094
Concerto,14-03-24,2024-03-14,"Via Senato 10, Milano, MI",Archivio di Stato di Milano,Musica in Archivio presenta Toscanini compositore,,Musica e vita notturna,"Archivio di Stato di Milano, 10, Via Senato, Guastalla, Municipio 1, Milano, Lombardia, 20121, Italia",45.4703017,9.1988675
Incontro/presentazione,14-03-24,2024-03-14,"via Brera, 28, Milano, MI",Pinacoteca di Brera - Biblioteca Nazionale Braidense di Milano,All’origine del divenire: il labirinto dei Labirinti di Emilio Villa,,Formazione e networking,"Pinacoteca di Brera, 28, Via Brera, Cerchia dei Navigli, Municipio 1, Milano, Lombardia, 20121, Italia",45.4722421,9.1884071
,24-03-24,2024-03-14,"Via Pietro Borsieri, 12, Milano, MI",Key Gallery,Naturaleza: fotografie di Francesca Romano,https://www.milanotoday.it/eventi/naturaleza-fotografie-di-francesca-romano-a-cura-di-mariateresa-cerretelli-francesca-romano.html,Non classificato,"Bar Guadagni, 12, Via Pietro Borsieri, Isola, Municipio 9, Milano, Lombardia, 20159, Italia",45.4867002,9.1887446
,06-04-24,2024-03-14,"Via Gaudenzio Ferrari, 3, Milano, MI",Almach Art Gallery,Touch ID,https://www.milanotoday.it/eventi/touch-id-salvador-aulestia-anna-pennati-daniela-gullotta-carin-grudda-luciana-gallo-kyoji-nagatani-corrado-ferrante-bruno-fael-federico-lemoine-elia-panori.html,Non classificato,"Latterie 1952, 3, Via Gaudenzio Ferrari, Ticinese, Municipio 1, Milano, Lombardia, 20123, Italia",45.455937,9.1753978
,14-03-24,2024-03-14,"Piazza IV Novembre, Milano, MI",World Services Information,Eco-spiritualità,https://www.milanotoday.it/eventi/eco-spiritualita-conferenza-a-t-m-a-milano.html,Non classificato,"Piazza Quattro Novembre, Case Bettola, Lacchiarella, Milano, Lombardia, Italia",45.3194673,9.1384677
Cibo e Vino,17-03-24,2024-03-15,"Via XXIX Maggio, 207, Milano, MI",Contrada San Martino di Legnano,La sagra dei pici e del cinghiale a due passi da Milano,https://www.milanotoday.it/eventi/sagra-pici-cinghiale-legnano.html,Enogastronomia,"Via Ventinove Maggio, San Martino, Oltresempione, Legnano, Milano, Lombardia, 20025, Italia",45.6037993,8.9067839
,07-09-24,2024-03-15,"Via Arona, 19, Milano, MI",Velodromo Vigorelli,Football americano Milano Seamen,https://www.milanotoday.it/eventi/football-americano-milano-seamen-milano-seamen.html,Non classificato,"19, Via Arona, Portello, Tre Torri, Municipio 8 di Milano, Milano, Lombardia, 20149, Italia",45.4821434,9.1582793
Teatri,15-03-24,2024-03-15,"Piazza Francesco Carrara, 17, Milano, MI",Centro Asteria,tutto quello che volevo | spettacolo teatrale,https://www.milanotoday.it/eventi/teatro/tutto-quello-che-volevo-spettacolo-teatrale-cinzia-spano-10910888.html,Teatro e spettacolo,"17, Piazza Francesco Carrara, Stadera, Municipio 5, Milano, Lombardia, 20136, Italia",45.4369245,9.1761088
Spettacoli,15-03-24,2024-03-15,"p.zza IV Novembre 3,20025, Legnano, MI,Italia",Talisio Tirinnanzi,Così è (se vi pare),https://www.teatro.it/spettacoli/legnano/talisio-tirinnanzi/2023-2024/cosi-e-se-vi-pare,Teatro e spettacolo,"Scuola Secondaria di Primo Grado Giovanni Ungaretti, 3, Piazza Quattro Novembre, San Giorgio su Legnano, Milano, Lombardia, 20034, Italia",45.5765251,8.9157963
Inaugurazioni,15-03-24,2024-03-15,"Via XX Settembre, 20, Milano, MI",Sportler,Un angolo di montagna a due passi dalla città: apre a Milano un nuovo store di abbigliamento e articoli sportivi,https://www.milanotoday.it/eventi/apertura-sport-store.html,Inaugurazioni,"20, Via Venti Settembre, Isola del Bosco, Torretta, Sesto San Giovanni, Zona Omogenea Milano Nord, Milano, Lombardia, 20099, Italia",45.5329244,9.2269653
Manifestazioni,17-03-24,2024-03-15,"Via Moncucco, 35, Milano, MI",Superstudio Maxi,"Mixology Experience 2024, la fiera dei cocktail arriva a Milano",https://www.milanotoday.it/eventi/mixology-experience-2024-fiera-cocktail-superstudio-maxi.html,Altri eventi,"35, Via Moncucco, San Cristoforo, Municipio 6, Milano, Lombardia, 20143, Italia",45.4388607,9.1668385
Cibo e Vino,17-03-24,2024-03-15,"Piazza Oldrini, 100, Milano, MI",Sesto San Giovanni,"Il festival di street food ""Valtellina vs Brianza""",https://www.milanotoday.it/eventi/festival-street-food-sesto-san-giovanni.html,Enogastronomia,"100, Piazza Abramo Oldrini, Rondò, Sesto San Giovanni, Zona Omogenea Milano Nord, Milano, Lombardia, 20099, Italia",45.5374259,9.2312698
Teatri,17-03-24,2024-03-15,"Viale dell'Innovazione, 20, Milano, MI",Teatro degli Arcimboldi,"Fashion Freak Show, lo straordinario spettacolo di Jean Paul Gaultier all'Arcimboldi di Milano",https://www.milanotoday.it/eventi/teatro/fashion-freak-show-jean-paul-gaultier-teatro-arcimboldi.html,Teatro e spettacolo,"20, Viale dell'Innovazione, Bicocca, Municipio 9, Milano, Lombardia, 20125, Italia",45.5148696,9.2135963
Inaugurazione,17-03-24,2024-03-15,"Piazza Vecchia, Milano, MI",Casa Suardi,Inaugurazione di Casa Suardi,,Inaugurazioni,"Piazza Vecchia Filanda, Cernusco sul Naviglio, Milano, Lombardia, 20063, Italia",45.5254227,9.3292519
Cibo e Vino,15-03-24,2024-03-15,"Via Giovanni Battista Sammartini, 2, Milano, MI",Mercato Centrale Milano,"Un Mercato, cinque destinazioni: al Mercato Centrale Milano una serata con birre dal Mondo",https://www.milanotoday.it/eventi/birre-dal-mondo.html,Enogastronomia,"2, Via Giovanni Battista Sammartini, Centrale, Municipio 2, Milano, Lombardia, 20125, Italia",45.4906477,9.2074972
Spettacoli,16-03-24,2024-03-16,"Via Alessandro Manzoni 42,20121, Milano, MI,Italia",Manzoni,Non è colpa della cicogna,https://www.teatro.it/spettacoli/milano/manzoni/2023-2024/non-e-colpa-della-cicogna,Teatro e spettacolo,"Teatro Manzoni, 42, Via Alessandro Manzoni, Cerchia dei Navigli, Municipio 1, Milano, Lombardia, 20121, Italia",45.4710286,9.1944762
Spettacoli,16-03-24,2024-03-16,"Piazza S. Magno,20025, Legnano, MI,Italia",Galleria,SHINE – Pink Floyd Moon,https://www.teatro.it/spettacoli/legnano/galleria/2023-2024/shine-pink-floyd-moon,Teatro e spettacolo,"Piazza San Magno, San Magno, Oltresempione, Legnano, Milano, Lombardia, 20025, Italia",45.5948853,8.9184024
,16-03-24,2024-03-16,"Via Pasquale Sottocorno, 27, Milano, MI",Art Luxury,Aperi pop,https://www.milanotoday.it/eventi/aperi-pop-mostra-collettiva.html,Non classificato,"Ricci Osteria, 27, Via Pasquale Sottocorno, XXII Marzo, Municipio 4, Milano, Lombardia, 20129, Italia",45.4662072,9.2119112
,16-03-24,2024-03-16,"Via Unica Bolgiano, 2, Milano, MI",Agape Risorsapiù,"Dillo con i fiori 2024, un gesto di solidarietà",https://www.milanotoday.it/eventi/dillo-con-i-fiori-2024-un-gesto-di-solidarieta.html,Non classificato,"Via Unica Bolgiano, Bolgiano, Triulzo, San Donato Milanese, Milano, Lombardia, 20138, Italia",45.4205548,9.2766021
Spettacoli,16-03-24,2024-03-16,"Via Varese,29,20024, Garbagnate Milanese, MI,Italia",Italia,La Famiglia Addams,https://www.teatro.it/spettacoli/garbagnate-milanese/italia/2023-2024/la-famiglia-addams,Teatro e spettacolo,"Via Varese, Quadrifoglio, Santa Maria Rossa, Garbagnate Milanese, Milano, Lombardia, 20024, Italia",45.5758278,9.0778952
,17-03-24,2024-03-16,"Viale Achille Papa, 30, Milano, MI",GinArteria,Notte di San Patrizio a Milano,https://www.milanotoday.it/eventi/notte-di-san-patrizio-a-milano-aperitivo-live-show-dj-set-ingresso-omaggio-in-serata.html,Non classificato,"30, Viale Achille Papa, Villapizzone, QT8, Municipio 8 di Milano, Milano, Lombardia, 20149, Italia",45.4895624,9.1412193
Spettacoli,16-03-24,2024-03-16,"v. Matteotti 30,20064, Gorgonzola, MI,Italia",Sala Argentia,Così è (se vi pare),https://www.teatro.it/spettacoli/gorgonzola/sala-argentia/2023-2024/cosi-e-se-vi-pare,Teatro e spettacolo,"Sala Argentia, 30, Via Giacomo Matteotti, Gorgonzola, Milano, Lombardia, 20064, Italia",45.5327792,9.4032916
,16-03-24,2024-03-16,"Via Borgogna, 3, Milano, MI",Casa della Cultura,I mostri di oggi e il sonno della ragione. E gli artisti che fanno?,https://www.milanotoday.it/eventi/i-mostri-di-oggi-e-il-sonno-della-ragione-e-gli-artisti-che-fanno.html,Non classificato,"Marco, 3, Via Borgogna, Duomo, Municipio 1, Milano, Lombardia, 20122, Italia",45.4659702,9.1981985
,17-03-24,2024-03-16,"Via Tommaso Pini, 1, Milano, MI",Libera Scuola Rudolf Steiner,Festival del teatrino e della fiaba xix edizione,https://www.milanotoday.it/eventi/festival-del-teatrino-e-della-fiaba-xix-edizione.html,Non classificato,"Libera Scuola Rudolf Steiner, 1, Via Tommaso Pini, Lambrate, Municipio 3, Milano, Lombardia, 20134, Italia",45.4845429,9.2399429
,16-03-24,2024-03-16,"Via Crema, 22, Milano, MI",Teatro Sant'Andrea,"Romeo e Giulietta, la vera storia",https://www.milanotoday.it/eventi/romeo-e-giulietta-la-vera-storia-musical-in-due-atti-regia-di-chiara-pedretti-core-s-band-dance-company-core-s-band-dance-company.html,Non classificato,"22, Via Crema, Melzo, Milano, Lombardia, 20066, Italia",45.4974447,9.4269473
Mostre,17-03-24,2024-03-17,"Via Vigevano, 18, Milano, MI",Tenoha Milano,"Robotland, la mostra da Tenoha con i robot di tutto il mondo",https://www.milanotoday.it/eventi/robotland-mostra-robot-tenoha.html,Arte e cultura,"18, Via Vigevano, Navigli, Municipio 6, Milano, Lombardia, 20144, Italia",45.4531222,9.1729103
Spettacoli,17-03-24,2024-03-17,"p.zza IV Novembre 3,20025, Legnano, MI,Italia",Talisio Tirinnanzi,Canto Libero - Omaggio alle canzoni di Battisti e Mogol,https://www.teatro.it/spettacoli/legnano/talisio-tirinnanzi/2023-2024/canto-libero-omaggio-alle-canzoni-di-battisti-e-mogol,Teatro e spettacolo,"Scuola Secondaria di Primo Grado Giovanni Ungaretti, 3, Piazza Quattro Novembre, San Giorgio su Legnano, Milano, Lombardia, 20034, Italia",45.5765251,8.9157963
Spettacoli,17-03-24,2024-03-17,"Via Larga 14,20122, Milano, MI,Italia",Lirico Giorgio Gaber,Ci vuole orecchio,https://www.teatro.it/spettacoli/milano/lirico-giorgio-gaber/2023-2024/elio-ci-vuole-orecchio,Teatro e spettacolo,"Teatro Lirico Giorgio Gaber, 14, Via Larga, Cerchia dei Navigli, Municipio 1, Milano, Lombardia, 20122, Italia",45.4615135,9.1918702
,17-03-24,2024-03-17,"Via San Fermo, 5, Milano, MI",Temporary Store,Claudia De Rosa e i gioielli Calamita,https://www.milanotoday.it/eventi/temporary-store-claudia-de-rosa-e-i-gioielli-calamita-a-milano-claudia-de-rosa.html,Non classificato,"5, Via San Fermo, Sant'Agata Martesana, Villa Quiete, Sant'Agata Martesana, Cassina de' Pecchi, Milano, Lombardia, 20051, Italia",45.5201232,9.3906385
Spettacoli,17-03-24,2024-03-17,"piazza Piero Carnelli,20138, Milano, MI,Italia",Delfino,Nun te regg più,https://www.teatro.it/spettacoli/milano/delfino/2023-2024/gabriele-cirilli-nun-te-regg-piu,Teatro e spettacolo,"Piazza Don Piero Carnelli, Mecenate, Municipio 4, Milano, Lombardia, 20059, Italia",45.4584915,9.2436908
Spettacoli,17-03-24,2024-03-17,"Via Valtellina,7,20159, Milano, MI,Italia",Il Sistina Chapiteau - Milano,Jesus Christ Superstar - Celebration THIRTY&fifty,https://www.teatro.it/spettacoli/milano/il-sistina-chapiteau/2023-2024/anggun-jesus-christ-superstar-celebration-thirtyfifty,Teatro e spettacolo,"Via Valtellina, Farini, Municipio 9, Milano, Lombardia, 20159, Italia",45.4907327,9.1812435
Spettacoli,17-03-24,2024-03-17,"Via Rovello 2,20121, Milano, MI,Italia",Piccolo Teatro - Teatro Grassi,Giorni felici,https://www.teatro.it/spettacoli/milano/piccolo-teatro-teatro-grassi/2023-2024/giorni-felici,Teatro e spettacolo,"2, Via Rovello, Brera, Milano, Lombardia, 20121, Italia",45.4665188,9.1847651
Mostre,17-03-24,2024-03-17,"Via Vigevano, 18, Milano, MI",Tenoha Milano,"Robotland, la mostra da Tenoha con i robot di tutto il mondo",https://www.milanotoday.it/eventi/robotland-mostra-robot-tenoha.html,Arte e cultura,"18, Via Vigevano, Navigli, Municipio 6, Milano, Lombardia, 20144, Italia",45.4531222,9.1729103
Spettacoli,17-03-24,2024-03-17,"Corso Buenos Aires 33,20124, Milano, MI,Italia",Elfo Puccini - Sala Bausch,CHEF,https://www.teatro.it/spettacoli/milano/elfo-puccini-sala-bausch/2023-2024/chef-viola-marietti,Teatro e spettacolo,"Teatro Elfo Puccini, 33, Corso Buenos Aires, Buenos Aires - Venezia, Municipio 3, Milano, Lombardia, 20124, Italia",45.4794317,9.2098387
Mercatini,17-03-24,2024-03-17,"Via Mecenate, Milano, MI",East Market,"East Market Kids, il vintage spiegato ai più piccoli tra gioco e riciclo",https://www.milanotoday.it/eventi/east-market-mercatino-giochi-bambini-2024.html,Mercati e shopping,"Via Mecenate, Mecenate, Municipio 4, Milano, Lombardia, 20059, Italia",45.4529888,9.2481173
Cibo e Vino,17-03-24,2024-03-17,"Via Giuseppe Candiani, 131, Milano, MI",Scighera di Milano,Il laboratorio per produrre il pane (e portarselo a casa),https://www.milanotoday.it/eventi/laboratorio-produzione-pane-scighera.html,Enogastronomia,"131, Via Giuseppe Candiani, Bovisa, Municipio 9, Milano, Lombardia, 20158, Italia",45.5029257,9.1617077
Mostre,17-03-24,2024-03-17,"Via Vigevano, 18, Milano, MI",Tenoha Milano,"Robotland, la mostra da Tenoha con i robot di tutto il mondo",https://www.milanotoday.it/eventi/robotland-mostra-robot-tenoha.html,Arte e cultura,"18, Via Vigevano, Navigli, Municipio 6, Milano, Lombardia, 20144, Italia",45.4531222,9.1729103
Mostre,17-03-24,2024-03-17,"Via Vigevano, 18, Milano, MI",Tenoha Milano,"Robotland, la mostra da Tenoha con i robot di tutto il mondo",https://www.milanotoday.it/eventi/robotland-mostra-robot-tenoha.html,Arte e cultura,"18, Via Vigevano, Navigli, Municipio 6, Milano, Lombardia, 20144, Italia",45.4531222,9.1729103
Mostre,17-03-24,2024-03-17,"Via Vigevano, 18, Milano, MI",Tenoha Milano,"Robotland, la mostra da Tenoha con i robot di tutto il mondo",https://www.milanotoday.it/eventi/robotland-mostra-robot-tenoha.html,Arte e cultura,"18, Via Vigevano, Navigli, Municipio 6, Milano, Lombardia, 20144, Italia",45.4531222,9.1729103
Spettacoli,17-03-24,2024-03-17,"Corso di Porta Romana 63,20122, Milano, MI,Italia",Carcano,La dodicesima notte (o quello che volete),https://www.teatro.it/spettacoli/milano/carcano/2023-2024/la-dodicesima-notte-o-quello-che-volete,Teatro e spettacolo,"Teatro Carcano, 63, Corso di Porta Romana, Crocetta, Municipio 1, Milano, Lombardia, 20121, Italia",45.4566842,9.1955297
,14-04-24,2024-03-17,"Via Privata del Don, Milano, MI",Villa Pomini,Paesaggi di luoghi senza volto,https://www.milanotoday.it/eventi/paesaggi-di-luoghi-senza-volto.html,Non classificato,"Via privata del Don, Cerchia dei Navigli, Municipio 1, Milano, Lombardia, 20123, Italia",45.4581076,9.1854827
,17-03-24,2024-03-17,"Via Neera, 24, Milano, MI",Santa Maria Annunciata in Chiesa Rossa,Concerto per la pace,https://www.milanotoday.it/eventi/concerto-per-la-pace-vitaliy-kovalchuk.html,Non classificato,"Via Neera, Stadera, Municipio 5, Milano, Lombardia, 20136, Italia",45.4331025,9.1801233
Mostre,17-03-24,2024-03-17,"Via Vigevano, 18, Milano, MI",Tenoha Milano,"Robotland, la mostra da Tenoha con i robot di tutto il mondo",https://www.milanotoday.it/eventi/robotland-mostra-robot-tenoha.html,Arte e cultura,"18, Via Vigevano, Navigli, Municipio 6, Milano, Lombardia, 20144, Italia",45.4531222,9.1729103
Spettacoli,17-03-24,2024-03-17,"via Fezzan,11,20146, Milano, MI,Italia",Ecoteatro,Sinatra. The Man & his Music,https://www.teatro.it/spettacoli/milano/ecoteatro/2023-2024/sinatra-the-man-his-music,Teatro e spettacolo,"EcoTeatro, 11, Via Fezzan, Bande Nere, Municipio 6, Milano, Lombardia, 20146, Italia",45.4592109,9.1459527
Spettacoli,18-03-24,2024-03-18,"Via Giordano Rota 1,20145, Milano, MI,Italia",Nazionale Italiana Assicurazioni,Canto Libero - Omaggio alle canzoni di Battisti e Mogol,https://www.teatro.it/spettacoli/milano/nazionale-chebanca/2023-2024/canto-libero-omaggio-alle-canzoni-di-battisti-e-mogol,Teatro e spettacolo,"20145, Italy",45.4643,9.1895
Spettacoli,18-03-24,2024-03-18,"Via Alessandro Manzoni 42,20121, Milano, MI,Italia",Manzoni,E.G.O. - L'arte della felicità,https://www.teatro.it/spettacoli/milano/manzoni/2023-2024/ego-larte-della-felicita,Teatro e spettacolo,"Teatro Manzoni, 42, Via Alessandro Manzoni, Cerchia dei Navigli, Municipio 1, Milano, Lombardia, 20121, Italia",45.4710286,9.1944762
Spettacoli,18-03-24,2024-03-18,"Viale dell'Innovazione 20,20126, Milano, MI,Italia",Arcimboldi,Amore Bestiale Tour,https://www.teatro.it/spettacoli/milano/arcimboldi/2023-2024/barbascura-x-amore-bestiale-tour,Teatro e spettacolo,"20, Viale dell'Innovazione, Bicocca, Municipio 9, Milano, Lombardia, 20125, Italia",45.5148696,9.2135963
Mostre,30-06-24,2024-03-19,"Piazza del Duomo, Milano, MI",Palazzo Reale,"Apre la mostra di Cézanne e Renoir, i capolavori del Musée D’Orsay a Milano",https://www.milanotoday.it/eventi/mostra-cezanne-renoir-palazzo-reale-19-marzo.html,Arte e cultura,"Piazza del Duomo, Duomo, Municipio 1, Milano, Lombardia, Italia",45.4639102,9.1906398
,19-03-24,2024-03-19,"Via Nino Oxilia, 10, Milano, MI",Cinema Beltrade,"""In the rearview"":  il 19 marzo al cinema beltrade di milano il primo film della rassegna fdu - film sui diritti umani",https://www.milanotoday.it/eventi/in-the-rearview-il-19-marzo-al-cinema-beltrade.html,Non classificato,"Cinema Beltrade, 10, Via Nino Oxilia, Loreto, Municipio 2, Milano, Lombardia, 20127, Italia",45.4924673,9.214887
,19-03-24,2024-03-19,"Via Giuseppe Meda, 38, Milano, MI",Libreria Lapsus,Storie di padri. Storie di figli,https://www.milanotoday.it/eventi/presentazione-libro-storie-di-padri-storie-di-figli-andrea-polo.html,Non classificato,"Via Giuseppe Meda, Tibaldi, Municipio 5, Milano, Lombardia, 20136, Italia",45.4427111,9.1788768
,19-03-24,2024-03-19,"Via Pietro Calvi, 31, Milano, MI",EST ENOSTERIA SOCIALE,Dal mio punto di vista di Paolo Boccia,https://www.milanotoday.it/eventi/presentazione-libro-dal-mio-punto-di-vista-di-paolo-boccia-paolo-boccia.html,Non classificato,"Via Pietro Calvi, XXII Marzo, Municipio 4, Milano, Lombardia, 29135, Italia",45.4630693,9.2103498
Spettacoli,20-03-24,2024-03-20,"piazza Carlo Alberto dalla Chiesa 4,20020, Arese, MI,Italia",Cinema Teatro Arese,Camera con crimini,https://www.teatro.it/spettacoli/arese/cinema-teatro-arese/2023-2024/camera-con-crimini,Teatro e spettacolo,"Cinema Teatro Arese, 4, Piazza Generale Carlo Alberto Dalla Chiesa, Sant'Anna, Arese, Milano, Lombardia, 20044, Italia",45.549694,9.0777685
,20-03-24,2024-03-20,"Piazza dell'Ateneo Nuovo, Milano, MI",Università di Milano-Bicocca,"Giochi, laboratori e attività all'aperto: Milano-Bicocca si svela alla città",https://www.milanotoday.it/eventi/giochi-laboratori-e-attivita-all-aperto-milano-bicocca-si-svela-alla-citta.html,Non classificato,"Piazza dell'Ateneo Nuovo, Bicocca, Municipio 9, Milano, Lombardia, Italia",45.5181607,9.2143132
Convegno/conferenza,22-03-24,2024-03-20,"Piazza Città di Lombardia, 1, Milano, MI",Palazzo Lombardia,"Convegno delle Stelline 2024 | In Archivio. ""Leggere"" l'archivio e i suoi segni: strategie e strumenti per la conoscenza",,Formazione e networking,"1, Piazza Città di Lombardia, GARIBALDI REPUBBLICA, Municipio 9, Milano, Lombardia, 20124, Italia",45.4869021,9.1957701
,20-03-24,2024-03-20,"Largo Corsia dei Servi, 4, Milano, MI",Centro Culturale di Milano,Kafka. L’uomo non è una passione inutile,https://www.milanotoday.it/eventi/kafka-l-uomo-non-e-una-passione-inutile-luca-doninelli-e-sergio-givone.html,Non classificato,"Largo Corsia dei Servi, Duomo, Municipio 1, Milano, Lombardia, 20122, Italia",45.4645536,9.1965924
,14-04-24,2024-03-20,"Via Pio la Torre, 9, Milano, MI",Garden Steflor,"Pasqua 2024, una caccia alle uova a pochi passi da Milano",https://www.milanotoday.it/eventi/eventi-bambini-pasqua-2024-garden-steflor-vimodrone.html,Non classificato,"9, Via Pio La Torre, Pozzuolo Martesana, Milano, Lombardia, 20060, Italia",45.5139753,9.4468584
,24-03-24,2024-03-21,"Corso Garibaldi, 38, Milano, MI",MAUÁ Powerframe E-bikes,Craft&spring inaugura il pop up store dedicato alla primavera di Ta-Daan,https://www.milanotoday.it/eventi/craft-spring-inaugura-il-pop-up-store-dedicato-alla-primavera-di-ta-daan-presso-maua.html,Non classificato,"Le nom, 38, Corso Giuseppe Garibaldi, Brera, Municipio 1, Milano, Lombardia, 20121, Italia",45.4746508,9.1835712
Disco&Feste,23-03-24,2024-03-21,"Via Padova, Milano, MI",District 272,"San Nolo 2024, torna il festival della canzone di Milano",https://www.milanotoday.it/eventi/san-nolo-2024-festival-canzone-milano.html,Musica e vita notturna,"Via Padova, Padova, Municipio 2, Milano, Lombardia, 20127, Italia",45.4965829,9.2305385
,21-03-24,2024-03-21,"Via Andrea Maffei, Milano, MI",Bistruccio,Cena astro gourmet da Bistruccio,https://www.milanotoday.it/eventi/cena-astro-gourmet-a-milano-da-bistruccio-via-andrea-maffei-1-21-marzo-ore-20.html,Non classificato,"Via Andrea Maffei, XXII Marzo, Municipio 4, Milano, Lombardia, 29135, Italia",45.4585231,9.2086841
Spettacoli,21-03-24,2024-03-21,"Piazza Risorgimento 19,20066, Melzo, MI,Italia",Trivulzio,Funeral Home,https://www.teatro.it/spettacoli/melzo/trivulzio/2023-2024/funeral-home,Teatro e spettacolo,"Piazza Risorgimento, Melzo, Milano, Lombardia, 20066, Italia",45.5003449,9.4229132
Spettacoli,21-03-24,2024-03-21,"vicolo Fiume 4,20092, Cinisello Balsamo, MI,Italia",Pax,Camera con crimini,https://www.teatro.it/spettacoli/cinisello-balsamo/pax/2023-2024/camera-con-crimini,Teatro e spettacolo,"CineTeatro Pax, 4, Vicolo Fiume, Cinisello, Cinisello Balsamo, Zona Omogenea Milano Nord, Milano, Lombardia, 20092, Italia",45.5564874,9.2169118
,21-03-24,2024-03-21,"Via Fratelli Zoia, 89, Milano, MI",Spazio Teatro 89,"L'inganno"" di Alessandro Gallo",https://www.milanotoday.it/eventi/spettacolo-l-inganno-di-alessandro-gallo-in-occasione-della-giornata-della-memoria-e-dell-impegno-in-ricordo-delle-vittime-innocenti-delle-mafie-alessandro-gallo.html,Non classificato,"Via Fratelli Zoia, Quarto Cagnino, Municipio 7, Milano, Lombardia, 20153, Italia",45.4720145,9.1089432
,21-03-24,2024-03-21,"Via Luigi Granelli, 1, Milano, MI",Next Museum,Festa di primavera per Amani Education e Same Hands,https://www.milanotoday.it/eventi/festa-di-primavera-per-amani-education-e-same-hands.html,Non classificato,"Carroponte, 1, Via Luigi Granelli, Rondò, Torretta, Sesto San Giovanni, Zona Omogenea Milano Nord, Milano, Lombardia, 20099, Italia",45.529574,9.2209217
Teatri,24-03-24,2024-03-21,"Via Lattanzio, 58a, Milano, MI",Teatro Oscar,Omaggio a Giacomo Matteotti: a Milano in scena il documentario teatrale in ricordo del deputato socialista,https://www.milanotoday.it/eventi/matteotti-medley.html,Teatro e spettacolo,"Teatro Oscar DeSidera, 58/A, Via Lattanzio, Umbria - Molise, Municipio 4, Milano, Lombardia, 20137, Italia",45.4523298,9.2167181
,21-03-24,2024-03-21,"Piazza Generale Carlo Alberto dalla Chiesa, 30, Milano, MI",Biblioteca di Bollate,Sotto il segno dell'arcobaleno,https://www.milanotoday.it/eventi/sotto-il-segno-dell-arcobaleno-teatro-gost.html,Non classificato,"Biboll - Biblioteca Ada Negri, 30, Piazza Generale Carlo Alberto Dalla Chiesa, Cantun Sciatin, Ospiate, Bollate, Milano, Lombardia, 20021, Italia",45.5423733,9.1177464
,13-04-24,2024-03-21,"Via Carlo Ravizza, 18, Milano, MI",Winarts Arte,La leggerezza profonda,https://www.milanotoday.it/eventi/la-leggerezza-profonda-zhang-le.html,Non classificato,"18, Via Carlo Ravizza, De Angeli - Monte Rosa, Municipio 7, Milano, Lombardia, 20149, Italia",45.4689307,9.150804
Manifestazioni,24-03-24,2024-03-22,"Via Bartolomeo Colleoni, Milano, MI",Allianz Mico,"""Fa' la cosa giusta"", a Milano tre giorni di fiera sul riciclo e il consumo consapevole",https://www.milanotoday.it/eventi/fa-la-cosa-giusta-2024-allianz-mico.html,Altri eventi,"Via Bartolomeo Colleoni, Portello, Municipio 8 di Milano, Milano, Lombardia, 20149, Italia",45.4812438,9.1514669
Spettacoli,22-03-24,2024-03-22,"Piazza S. Magno,20025, Legnano, MI,Italia",Galleria,PANPERS - Bodyscemi,https://www.teatro.it/spettacoli/legnano/galleria/2023-2024/panpers-bodyscemi,Teatro e spettacolo,"Piazza San Magno, San Magno, Oltresempione, Legnano, Milano, Lombardia, 20025, Italia",45.5945288,8.9180098
Spettacoli,22-03-24,2024-03-22,"Piazza della Libertà,20010, Cornaredo, MI,Italia",Auditorium La Filanda,Come ammazzare la moglie o il marito senza tanti perché,https://www.teatro.it/spettacoli/cornaredo/auditorium-la-filanda/2023-2024/come-ammazzare-la-moglie-o-il-marito-senza-tanti-perche,Teatro e spettacolo,"Piazza della Libertà, Cornaredo, Milano, Lombardia, 20007, Italia",45.5012236,9.0252419
Spettacoli,22-03-24,2024-03-22,"p.zza IV Novembre 3,20025, Legnano, MI,Italia",Talisio Tirinnanzi,L'io e il noi,https://www.teatro.it/spettacoli/legnano/talisio-tirinnanzi/2023-2024/umberto-galimberti-lio-e-il-noi,Teatro e spettacolo,"Scuola Secondaria di Primo Grado Giovanni Ungaretti, 3, Piazza Quattro Novembre, San Giorgio su Legnano, Milano, Lombardia, 20034, Italia",45.5765251,8.9157963
Cibo e Vino,24-03-24,2024-03-22,"Piazza Sandro Pertini, Milano, MI",Arcore,"Torna la sagra ""Valtellina vs Brianza"": tutto quello che si può mangiare",https://www.milanotoday.it/eventi/sagra-valtellina-brianza-arcore.html,Enogastronomia,"Piazza Sandro Pertini, Triginto, Mediglia, Milano, Lombardia, Italia",45.4014622,9.3253067
,24-03-24,2024-03-22,"Via Cesare Correnti, 14, Milano, MI",L’Appartamento,Due nomadi gold,https://www.milanotoday.it/eventi/due-nomadi-gold-dal-gioiello-poetico-al-design-esperienziale-25-anni-di-creazioni-atelier-vm-in-mostra-dal-22-al-24-marzo-2024-c-o-via-cesare-correnti-14-milano-atelier-vm.html,Non classificato,"14, Via Cesare Correnti, Cerchia dei Navigli, Municipio 1, Milano, Lombardia, 20123, Italia",45.4597338,9.179666
,22-03-24,2024-03-22,"Via Brisa, 1, Milano, MI",auditorium biblioteca,Omaggio a De Andrè,https://www.milanotoday.it/eventi/omaggio-fabrizio-de-andre-figli-di-un-temporale.html,Non classificato,"Biblioteca Civica Popolare di Parabiago, 1, Via Brisa, Ravello, Parabiago, Milano, Lombardia, 20015, Italia",45.5575408,8.9464238
,22-03-24,2024-03-22,"Via Fratelli Zoia, 89, Milano, MI",Spazio Teatro 89,"Tra la terra e il cielo: pianoforte e quartetto musiche di Neri, Battiato e Morricone",https://www.milanotoday.it/eventi/tra-la-terra-e-il-cielo-pianoforte-e-quartetto-musiche-di-neri-battiato-e-morricone-corrado-neri.html,Non classificato,"Via Fratelli Zoia, Quarto Cagnino, Municipio 7, Milano, Lombardia, 20153, Italia",45.4720145,9.1089432
Manifestazioni,24-03-24,2024-03-23,"Piazza San Marco, Milano, MI",Piazza San Marco,Nel cuore di Milano torna Floralia: fiori e beneficenza a sostegno dei più fragili,https://www.milanotoday.it/eventi/floralia-2024-mercatino-fiori-san-marco.html,Altri eventi,"Piazza San Marco, Brera, Municipio 1, Milano, Lombardia, 20121, Italia",45.4731749,9.1878994
Manifestazioni,24-03-24,2024-03-23,"Piazzale dello Sport, 16, Milano, MI",Ippodromo di San Siro,L'Ippodromo di San Siro apre le porte per le Giornate Fai di Primavera,https://www.milanotoday.it/eventi/apertura-ippodromo-san-siro-giornate-fai-2024.html,Altri eventi,"Piazzale dello Sport, San Siro, Municipio 7, Milano, Lombardia, 20148, Italia",45.4804825,9.1291269
,24-03-24,2024-03-23,"Via Marco Formentini, 10, Milano, MI",Centro Brera,Realtà surreale,https://www.milanotoday.it/eventi/realta-surreale-paola-bartolacci.html,Non classificato,"Laboratorio Fondazione Mondadori, 10, Via Marco Formentini, Cerchia dei Navigli, Municipio 1, Milano, Lombardia, 20121, Italia",45.4716659,9.1863017
,23-03-24,2024-03-23,"Via Carroccio, 13, Milano, MI",T3 Milano,Sopravvivenza da un attacco con coltello,https://www.milanotoday.it/eventi/sopravvivenza-da-un-attacco-con-coltello.html,Non classificato,"13, Via Carroccio, Magenta - San Vittore, Municipio 1, Milano, Lombardia, 20123, Italia",45.4596114,9.1726573
,23-03-24,2024-03-23,"Via Arcivescovo Calabiana, 6, Milano, MI",Talent Garden,Festival del Made in Italy,https://www.milanotoday.it/eventi/festival-del-made-in-italy.html,Non classificato,"Chainblock ATM, 6, Via Arcivescovo Calabiana, Scalo Romana, Municipio 5, Milano, Lombardia, 20139, Italia",45.443859,9.208082
,24-03-24,2024-03-23,"Via Padova, 133, Milano, MI",LIGERA,A Milano in mostra giovani artisti con dj set,https://www.milanotoday.it/eventi/a-milano-in-mostra-giovani-artisti-con-dj-set.html,Non classificato,"133, Via Padova, Padova, Municipio 2, Milano, Lombardia, 20127, Italia",45.4981557,9.2324267
,24-03-24,2024-03-23,"Viale Campania, 12, Milano, MI",WOW Spazio Fumetto,Bricòla 2024,https://www.milanotoday.it/eventi/bricola-2024-festival-delle-autoproduzioni-a-fumetti.html,Non classificato,"12, Viale Campania, Corsica, Municipio 4, Milano, Lombardia, 20133, Italia",45.4634024,9.2242161
Disco&Feste,23-03-24,2024-03-23,"Via Alessio di Tocqueville, 9, Milano, MI",Classico,Una serata all'insegna della musica e del divertimento,https://www.milanotoday.it/eventi/serata-musica-ristorante-classico-milano.html,Musica e vita notturna,"Virigin Active Cafè, 9, Via Alessio di Tocqueville, GARIBALDI REPUBBLICA, Municipio 9, Milano, Lombardia, 20154, Italia",45.4826743,9.1864811
Spettacoli,23-03-24,2024-03-23,"Piazza S. Magno,20025, Legnano, MI,Italia",Galleria,Grande figlio di p*****a,https://www.teatro.it/spettacoli/legnano/galleria/2023-2024/eleazaro-rossi-grande-figlio-di-pa,Teatro e spettacolo,"Piazza San Magno, San Magno, Oltresempione, Legnano, Milano, Lombardia, 20025, Italia",45.5945288,8.9180098
Spettacoli,23-03-24,2024-03-23,"Via Amendola 3,20090, Segrate, MI,Italia",Toscanini - Cascina Commenda,Fuori Misura,https://www.teatro.it/spettacoli/segrate/toscanini-cascina-commenda/2023-2024/fuori-misura,Teatro e spettacolo,"Via Giorgio Amendola, Milano Due, Lavanderie, Rovagnasco, Segrate, Milano, Lombardia, 20054, Italia",45.4989371,9.2832848
,24-03-24,2024-03-24,"Viale Toscana, 31, Milano, MI",Santeria Toscana,Remira market in Santeria,https://www.milanotoday.it/eventi/remira-market-in-santeria-a-milano-remira-market.html,Non classificato,"31, Viale Toscana, Morivione, Municipio 5, Milano, Lombardia, 20136, Italia",45.4457106,9.1886185
Spettacoli,24-03-24,2024-03-24,"Via Alessandro Manzoni 42,20121, Milano, MI,Italia",Manzoni,Perfetti sconosciuti,https://www.teatro.it/spettacoli/milano/manzoni/2023-2024/perfetti-sconosciuti,Teatro e spettacolo,"Teatro Manzoni, 42, Via Alessandro Manzoni, Cerchia dei Navigli, Municipio 1, Milano, Lombardia, 20121, Italia",45.4710286,9.1944762
Spettacoli,24-03-24,2024-03-24,"via Pier Lombardo,14,20135, Milano, MI,Italia",Franco Parenti - Sala Grande,Scene da un matrimonio,https://www.teatro.it/spettacoli/milano/franco-parenti-sala-grande/2023-2024/scene-da-un-matrimonio,Teatro e spettacolo,"Via Pier Lombardo, Porta Romana, Municipio 4, Milano, Lombardia, 20135, Italia",45.4542958,9.2063109
Spettacoli,24-03-24,2024-03-24,"Via Andrea Maria Ampère 1,20131, Milano, MI,Italia",MTM - Leonardo,"Io, Vincent Van Gogh",https://www.teatro.it/spettacoli/milano/leonardo/2023-2024/io-vincent-van-gogh,Teatro e spettacolo,"Teatro Leonardo da Vinci, 1, Via Andrea Maria Ampère, Città Studi, Municipio 3, Milano, Lombardia, 20131, Italia",45.4795266,9.2263901
Incontri,24-03-24,2024-03-24,"Piazza del Duomo, Milano, MI",Duomo,Alla scoperta del Duomo e dei sui sotterranei,https://www.milanotoday.it/eventi/visita-duomo-pasqua-2024.html,Formazione e networking,"Piazza del Duomo, Duomo, Municipio 1, Milano, Lombardia, Italia",45.4639102,9.1906398
,24-03-24,2024-03-24,"Via Giovanni Antonio Plana, 45, Milano, MI",L'amaca,La musica spiegata ai bambini,https://www.milanotoday.it/eventi/la-musica-spiegata-ai-bambini-la-classica.html,Non classificato,"Via Giovanni Antonio Plana, Ghisolfa, Portello, Municipio 8 di Milano, Milano, Lombardia, 20155, Italia",45.4890331,9.154822
Spettacoli,24-03-24,2024-03-24,"Viale dell'Innovazione 20,20126, Milano, MI,Italia",Arcimboldi,Fashion Freak Show,https://www.teatro.it/spettacoli/milano/arcimboldi/2023-2024/fashion-freak-show,Teatro e spettacolo,"20, Viale dell'Innovazione, Bicocca, Municipio 9, Milano, Lombardia, 20125, Italia",45.5148696,9.2135963
Spettacoli,24-03-24,2024-03-24,"Via Hermada,8,20162, Milano, MI,Italia",della Cooperativa,Matilde e il tram per San Vittore,https://www.teatro.it/spettacoli/milano/della-cooperativa/2023-2024/matilde-e-il-tram-per-san-vittore,Teatro e spettacolo,"8, Via privata Hermada, Niguarda - Cà Granda, Municipio 9, Milano, Lombardia, 20162, Italia",45.5147872,9.1901457
,03-05-24,2024-03-24,"Largo Corsia dei Servi, 4, Milano, MI",Centro Culturale di Milano,Conversazioni eretiche Teatro studio al centro culturale di Milano,https://www.milanotoday.it/eventi/conversazioni-eretiche-teatro-studio-al-centro-culturale-di-milano-regia-di-paolo-bignamini.html,Non classificato,"Largo Corsia dei Servi, Duomo, Municipio 1, Milano, Lombardia, 20122, Italia",45.4645536,9.1965924
Spettacoli,24-03-24,2024-03-24,"Piazza S. Magno,20025, Legnano, MI,Italia",Galleria,Prendetevi la luna,https://www.teatro.it/spettacoli/legnano/galleria/2023-2024/paolo-crepet-prendetevi-la-luna,Teatro e spettacolo,"Piazza San Magno, San Magno, Oltresempione, Legnano, Milano, Lombardia, 20025, Italia",45.5945288,8.9180098
Spettacoli,24-03-24,2024-03-24,"Via Gaudenzio Fantoli,9,20138, Milano, MI,20138, Milano, MI,Italia",Fabrique,Tour 2023,https://www.teatro.it/spettacoli/milano/fabrique/2023-2024/fred-de-palma-tour-2023,Teatro e spettacolo,"20138, Italy",45.4643,9.1895
Itinerario culturale,24-06-24,2024-03-24,"via Brera, 28, Milano, MI",Pinacoteca di Brera,"Due musei, un’esperienza unica!",,Arte e cultura,"Pinacoteca di Brera, 28, Via Brera, Cerchia dei Navigli, Municipio 1, Milano, Lombardia, 20121, Italia",45.4722421,9.1884071
Spettacoli,24-03-24,2024-03-24,"via Filodrammatici,1,20121, Milano, MI,Italia",Filodrammatici,L'Altro mondo. Piccole storie di cambiamento,https://www.teatro.it/spettacoli/milano/filodrammatici/2023-2024/laltro-mondo-piccole-storie-di-cambiamento,Teatro e spettacolo,"Teatro dei Filodrammatici, 1, Via Filodrammatici, Brera, Municipio 1, Milano, Lombardia, 20121, Italia",45.467261,9.188435
Spettacoli,24-03-24,2024-03-24,"Via Larga 14,20122, Milano, MI,Italia",Lirico Giorgio Gaber,Tuttorial,https://www.teatro.it/spettacoli/milano/lirico-giorgio-gaber/2023-2024/oblivion-tuttorial,Teatro e spettacolo,"Teatro Lirico Giorgio Gaber, 14, Via Larga, Cerchia dei Navigli, Municipio 1, Milano, Lombardia, 20122, Italia",45.4615135,9.1918702
Sport,24-03-24,2024-03-24,"Piazza del Duomo, Milano, MI",Piazza Duomo,"Stramilano 2024: orari, percorsi e come partecipare",https://www.milanotoday.it/eventi/stramilano-2024-come-partecipare.html,Sport e attività fisica,"Piazza del Duomo, Duomo, Municipio 1, Milano, Lombardia, Italia",45.4639102,9.1906398
Spettacoli,24-03-24,2024-03-24,"Corso Buenos Aires 33,20124, Milano, MI,Italia",Elfo Puccini - Sala Bausch,Sempre fiori mai un fioraio. Omaggio a Paolo Poli,https://www.teatro.it/spettacoli/milano/elfo-puccini-sala-bausch/2023-2024/sempre-fiori-mai-un-fioraio-omaggio-a-paolo-poli,Teatro e spettacolo,"Teatro Elfo Puccini, 33, Corso Buenos Aires, Buenos Aires - Venezia, Municipio 3, Milano, Lombardia, 20124, Italia",45.4794317,9.2098387
Spettacoli,24-03-24,2024-03-24,"Corso di Porta Romana 63,20122, Milano, MI,Italia",Carcano,Delirio a due,https://www.teatro.it/spettacoli/milano/carcano/2023-2024/delirio-a-due,Teatro e spettacolo,"Teatro Carcano, 63, Corso di Porta Romana, Crocetta, Municipio 1, Milano, Lombardia, 20121, Italia",45.4566842,9.1955297
Spettacoli,24-03-24,2024-03-24,"Via G. di Vittorio 6,20090, Assago, MI,Italia",Repower,Il Piccolo Principe,https://www.teatro.it/spettacoli/assago/repower/2023-2024/il-piccolo-principe,Teatro e spettacolo,"20090, Italy",45.407,9.1083
Spettacoli,25-03-24,2024-03-25,"Viale dell'Innovazione 20,20126, Milano, MI,Italia",Arcimboldi,Danish Trio,https://www.teatro.it/spettacoli/milano/arcimboldi/2023-2024/stefano-bollani-danish-trio,Teatro e spettacolo,"20, Viale dell'Innovazione, Bicocca, Municipio 9, Milano, Lombardia, 20125, Italia",45.5148696,9.2135963
Spettacoli,25-03-24,2024-03-25,"Via Alessandro Manzoni 42,20121, Milano, MI,Italia",Manzoni,Lezioni di sogni,https://www.teatro.it/spettacoli/milano/manzoni/2023-2024/paolo-crepet-lezioni-di-sogni,Teatro e spettacolo,"Teatro Manzoni, 42, Via Alessandro Manzoni, Cerchia dei Navigli, Municipio 1, Milano, Lombardia, 20121, Italia",45.4710286,9.1944762
Incontri,30-03-24,2024-03-25,"Via San Vittore, 12, Milano, MI","Dental Center MultiMedica, Ospedale San Giuseppe - 5° piano",MultiMedica Ospedale San Giuseppe: in via San Vittore una settimana di visite dedicate alla prevenzione orale,https://www.milanotoday.it/eventi/visita-odontoiatrica-open-week-milano.html,Formazione e networking,"12, Via San Vittore, Magenta - San Vittore, Municipio 1, Milano, Lombardia, 20123, Italia",45.46302,9.1717095
Spettacoli,25-03-24,2024-03-25,"Via Larga 14,20122, Milano, MI,Italia",Lirico Giorgio Gaber,Un Sabato Italiano 40 Show,https://www.teatro.it/spettacoli/milano/lirico-giorgio-gaber/2023-2024/sergio-caputo-un-sabato-italiano-40-show,Teatro e spettacolo,"Teatro Lirico Giorgio Gaber, 14, Via Larga, Cerchia dei Navigli, Municipio 1, Milano, Lombardia, 20122, Italia",45.4615135,9.1918702
,07-04-24,2024-03-26,"Via Maloia, Milano, MI",spazioSERRA,Performing gender di Pietro Agostini,https://www.milanotoday.it/eventi/performing-gender-pietro-agostini-pietro-agostini.html,Non classificato,"Via Maloia, Farini, Municipio 9, Milano, Lombardia, 20158, Italia",45.4946286,9.1768212
,01-05-24,2024-03-26,"Via Ugo Guido Mondolfo, 7, Milano, MI",IC MADRE TERESA DI CALCUTTA,La scuola che indice una convocazione d'arte per chiedere la pace nel mondo,https://www.milanotoday.it/eventi/una-scuola-media-di-milano-indice-una-convocazione-mondiale-d-arte-postale-per-chiedere-la-pace-nel-mondo-studenti.html,Non classificato,"7, Via Ugo Guido Mondolfo, Mecenate, Municipio 4, Milano, Lombardia, 20138, Italia",45.4475971,9.2534076
Inaugurazione,26-03-24,2024-03-26,"Via Federico Confalonieri 14, Milano, MI",Casa della Memoria,Intitolazione Sala Studio a Giovanni Pirelli,,Inaugurazioni,"14, Via Federico Confalonieri, Isola, Municipio 9, Milano, Lombardia, 20124, Italia",45.4865703,9.1912614
,26-03-24,2024-03-26,"Corso Magenta, 59, Milano, MI",Ufficio di Collegamento Parlamento europeo in Italia,Malattie rare: convegno a Milano,https://www.milanotoday.it/eventi/malattie-rare-convegno-a-milano.html,Non classificato,"Crédit Agricole, 59, Corso Magenta, Magenta - San Vittore, Municipio 1, Milano, Lombardia, 20123, Italia",45.4651732,9.173446
Spettacoli,26-03-24,2024-03-26,"Via Giordano Rota 1,20145, Milano, MI,Italia",Nazionale Italiana Assicurazioni,Tutto Teo,https://www.teatro.it/spettacoli/milano/nazionale-chebanca/2023-2024/teo-teocoli-tutto-teo,Teatro e spettacolo,"20145, Italy",45.4643,9.1895
Concerti,26-03-24,2024-03-26,"Via San Giovanni sul Muro, 2, Milano, MI",Teatro Dal Verme,Levante in concerto a Milano. Orari e biglietti,https://www.milanotoday.it/eventi/concerto-levante-biglietti.html,Musica e vita notturna,"2, Via San Giovanni sul Muro, Cerchia dei Navigli, Municipio 1, Milano, Lombardia, 20121, Italia",45.4671162,9.1814924
,26-03-24,2024-03-26,"Corso Magenta, 24, Milano, MI",Teatro Litta,Le parole delle madri,https://www.milanotoday.it/eventi/le-parole-delle-madri-paola-albini.html,Non classificato,"Soprintendenza Archeologia, Belle Arti e Paesaggio per la Città Metropolitana  di Milano, 24, Corso Magenta, Cerchia dei Navigli, Municipio 1, Milano, Lombardia, 20123, Italia",45.4661897,9.1783767
Spettacoli,26-03-24,2024-03-26,"Via San Giovanni sul muro 2,20121, Milano, MI,Italia",Dal Verme,Opera futura,https://www.teatro.it/spettacoli/milano/dal-verme/2023-2024/levante-opera-futura,Teatro e spettacolo,"2, Via San Giovanni sul Muro, Cerchia dei Navigli, Municipio 1, Milano, Lombardia, 20121, Italia",45.4671162,9.1814924
Spettacoli,26-03-24,2024-03-26,"Via Larga 14,20122, Milano, MI,Italia",Lirico Giorgio Gaber,Notre Dame de Paris,https://www.teatro.it/spettacoli/milano/lirico-giorgio-gaber/2023-2024/notre-dame-de-paris-balletto-di-milano,Teatro e spettacolo,"Teatro Lirico Giorgio Gaber, 14, Via Larga, Cerchia dei Navigli, Municipio 1, Milano, Lombardia, 20122, Italia",45.4615135,9.1918702
Spettacoli,26-03-24,2024-03-26,"Via G. di Vittorio 6,20090, Assago, MI,Italia",Repower,QUEEN CELEBRATION in concert,https://www.teatro.it/spettacoli/assago/repower/2023-2024/andre-abreu-queen-celebration-in-concert,Teatro e spettacolo,"20090, Italy",45.407,9.1083
Spettacoli,27-03-24,2024-03-27,"Via Ciro Menotti 11,20129, Milano, MI,Italia",Menotti,Il mistero di Darwin,https://www.teatro.it/spettacoli/milano/menotti/2023-2024/massimo-polidoro-il-mistero-di-darwin,Teatro e spettacolo,"Teatro Menotti, 11, Via Ciro Menotti, Buenos Aires - Venezia, Municipio 3, Milano, Lombardia, 20129, Italia",45.4699775,9.2131112
,27-03-24,2024-03-27,"Piazza Leonardo da Vinci, 32, Milano, MI",Politecnico di Milano - Aula Magna,Incontri PoliMi con Francesco Cicconetti,https://www.milanotoday.it/eventi/incontri-polimi-francesco-cicconetti-francesco-cicconetti.html,Non classificato,"32, Piazza Leonardo da Vinci, Città Studi, Municipio 3, Milano, Lombardia, 20133, Italia",45.4778083,9.2272468
Spettacoli,27-03-24,2024-03-27,"Via Alessandro Manzoni 42,20121, Milano, MI,Italia",Manzoni,La Milonga del Fútbol,https://www.teatro.it/spettacoli/milano/manzoni/2023-2024/federico-buffa-la-milonga-del-futbol,Teatro e spettacolo,"Teatro Manzoni, 42, Via Alessandro Manzoni, Cerchia dei Navigli, Municipio 1, Milano, Lombardia, 20121, Italia",45.4710286,9.1944762
Spettacoli,27-03-24,2024-03-27,"Via Larga 14,20122, Milano, MI,Italia",Lirico Giorgio Gaber,The music of Hans Zimmer and Others,https://www.teatro.it/spettacoli/milano/lirico-giorgio-gaber/2023-2024/the-music-of-hans-zimmer-and-others,Teatro e spettacolo,"Teatro Lirico Giorgio Gaber, 14, Via Larga, Cerchia dei Navigli, Municipio 1, Milano, Lombardia, 20122, Italia",45.4615135,9.1918702
Spettacoli,27-03-24,2024-03-27,"Corso Magenta 24,20123, Milano, MI,Italia",MTM - Litta,Papaveri rossi,https://www.teatro.it/spettacoli/milano/mtm-litta/2023-2024/regia-sergio-maifredi-papaveri-rossi,Teatro e spettacolo,"Boccascena Cafè, 24, Corso Magenta, Cerchia dei Navigli, Municipio 1, Milano, Lombardia, 20123, Italia",45.466045,9.1778296
Spettacoli,27-03-24,2024-03-27,"Piazza Enzo Jannacci 1,20017, Rho, MI,Italia",Civico - Roberto de Silva,La dodicesima notte (o quello che volete),https://www.teatro.it/spettacoli/rho/teatro-civico-roberto-de-silva/2023-2024/la-dodicesima-notte-o-quello-che-volete,Teatro e spettacolo,"Piazza Enzo Jannacci, San Pietro, Lucernate, Rho, Milano, Lombardia, 20017, Italia",45.5279748,9.0458872
,27-03-24,2024-03-27,"Piazza della Scala, 2, Milano, MI",Sala Alessi - Palazzo Marino,storie queer per la scuola e per tuttə!,https://www.milanotoday.it/eventi/storie-queer-per-la-scuola.html,Non classificato,"Municipio di Milano, 2, Piazza della Scala, Duomo, Brera, Milano, Lombardia, 20121, Italia",45.4666601,9.1904174
Manifestazioni,01-04-24,2024-03-28,"Via San Vittore, 21, Milano, MI",Museo della Scienza e della Tecnologia,"Pasqua 2024, il Museo della Scienza apre le porte per tutto il weekend",https://www.milanotoday.it/eventi/attivita-pasqua-2024-museo-scienza.html,Altri eventi,"21, Via San Vittore, Magenta - San Vittore, Municipio 1, Milano, Lombardia, 20123, Italia",45.4628946,9.1706462
Incontri,28-03-24,2024-03-28,"Via Alessandro Manzoni, 56, Milano, MI",Humanitas Dental Center,Disallineamento dentale? Arriva l'apparecchio trasparente per il tuo sorriso: a Rozzano l'Open Day dedicato,https://www.milanotoday.it/eventi/allineatori-trasparenti-rozzano.html,Formazione e networking,"56, Via Alessandro Manzoni, Paullo, Milano, Lombardia, 20067, Italia",45.4180966,9.4000575
Spettacoli,28-03-24,2024-03-28,"Largo Antonio Greppi,20121, Milano, MI,Italia",Piccolo Teatro - Teatro Strehler,L'albergo dei poveri,https://www.teatro.it/spettacoli/milano/piccolo-teatro-teatro-strehler/2023-2024/lalbergo-dei-poveri,Teatro e spettacolo,"Largo Antonio Greppi, Cerchia dei Navigli, Municipio 1, Milano, Lombardia, 20121, Italia",45.471727,9.1826196
Spettacoli,28-03-24,2024-03-28,"Corso di Porta Romana 63,20122, Milano, MI,Italia",Carcano,El Pelusa y la Negra,https://www.teatro.it/spettacoli/milano/carcano/2023-2024/cosimo-damiano-damato-simona-molinari-el-pelusa-y-la-negra,Teatro e spettacolo,"Teatro Carcano, 63, Corso di Porta Romana, Crocetta, Municipio 1, Milano, Lombardia, 20121, Italia",45.4566842,9.1955297
,29-03-24,2024-03-28,"Viale Luigi Camoens, Milano, MI",JustMe,"pasqua a milano dall’alto: salita in torre branca offerta, aperitivo e dj al justme",https://www.milanotoday.it/eventi/pasqua-a-milano-dall-alto-salita-in-torre-branca.html,Non classificato,"Viale Luigi Camoens, Parco Sempione, Municipio 1, Milano, Lombardia, 20154, Italia",45.4729814,9.1728556
Spettacoli,28-03-24,2024-03-28,"Via Rivoli 6,20121, Milano, MI,Italia",Piccolo Teatro - Studio Melato,Re Chicchinella,https://www.teatro.it/spettacoli/milano/piccolo-teatro-studio-melato/2023-2024/re-chicchinella,Teatro e spettacolo,"6, Via Rivoli, Brera, Municipio 1, Milano, Lombardia, 20121, Italia",45.4726093,9.182881
Incontri,28-03-24,2024-03-28,"Via Alessandro Manzoni, 56, Milano, MI",Humanitas Dental Center,Disallineamento dentale? Arriva l'apparecchio trasparente per il tuo sorriso: a Rozzano l'Open Day dedicato,https://www.milanotoday.it/eventi/allineatori-trasparenti-rozzano.html,Formazione e networking,"56, Via Alessandro Manzoni, Paullo, Milano, Lombardia, 20067, Italia",45.4180966,9.4000575
Spettacoli,28-03-24,2024-03-28,"Via Larga 14,20122, Milano, MI,Italia",Lirico Giorgio Gaber,The Magical Music of Harry Potter | Live in Concert,https://www.teatro.it/spettacoli/milano/lirico-giorgio-gaber/2023-2024/the-magical-music-of-harry-potter-live-in-concert,Teatro e spettacolo,"Teatro Lirico Giorgio Gaber, 14, Via Larga, Cerchia dei Navigli, Municipio 1, Milano, Lombardia, 20122, Italia",45.4615135,9.1918702
Incontri,28-03-24,2024-03-28,"Via Alessandro Manzoni, 56, Milano, MI",Humanitas Dental Center,Disallineamento dentale? Arriva l'apparecchio trasparente per il tuo sorriso: a Rozzano l'Open Day dedicato,https://www.milanotoday.it/eventi/allineatori-trasparenti-rozzano.html,Formazione e networking,"56, Via Alessandro Manzoni, Paullo, Milano, Lombardia, 20067, Italia",45.4180966,9.4000575
,03-04-24,2024-03-28,"Via Savona, 57, Milano, MI",Cinema Mexico,Di vita non si muore,https://www.milanotoday.it/eventi/di-vita-non-si-muore-il-film-su-carlo-giuliani-per-una-settimana-al-cinema-mexico-claudia-cipriani.html,Non classificato,"Cinema Mexico, 57, Via Savona, Tortona, Municipio 6, Milano, Lombardia, 20144, Italia",45.4528551,9.1601439
Spettacoli,28-03-24,2024-03-28,"Via Alessandro Manzoni 42,20121, Milano, MI,Italia",Manzoni,Scomode Verità,https://www.teatro.it/spettacoli/milano/manzoni/2023-2024/giampaolo-morelli-scomode-verita,Teatro e spettacolo,"Teatro Manzoni, 42, Via Alessandro Manzoni, Cerchia dei Navigli, Municipio 1, Milano, Lombardia, 20121, Italia",45.4710286,9.1944762
Incontri,28-03-24,2024-03-28,"Via Alessandro Manzoni, 56, Milano, MI",Humanitas Dental Center,Disallineamento dentale? Arriva l'apparecchio trasparente per il tuo sorriso: a Rozzano l'Open Day dedicato,https://www.milanotoday.it/eventi/allineatori-trasparenti-rozzano.html,Formazione e networking,"56, Via Alessandro Manzoni, Paullo, Milano, Lombardia, 20067, Italia",45.4180966,9.4000575
Mostre,28-07-24,2024-03-28,"Via Tortona, 56, Milano, MI",Mudec - Museo delle Culture,"""Tatuaggio, storie dal Mediterraneo"" in mostra a Milano",https://www.milanotoday.it/eventi/mostra-tatuaggio-mudec.html,Arte e cultura,"Mudec, 56, Via Tortona, Tortona, Municipio 6, Milano, Lombardia, 20144, Italia",45.4520455,9.1613185
Incontri,28-03-24,2024-03-28,"Via Alessandro Manzoni, 56, Milano, MI",Humanitas Dental Center,Disallineamento dentale? Arriva l'apparecchio trasparente per il tuo sorriso: a Rozzano l'Open Day dedicato,https://www.milanotoday.it/eventi/allineatori-trasparenti-rozzano.html,Formazione e networking,"56, Via Alessandro Manzoni, Paullo, Milano, Lombardia, 20067, Italia",45.4180966,9.4000575
Incontri,28-03-24,2024-03-28,"Via Alessandro Manzoni, 56, Milano, MI",Humanitas Dental Center,Disallineamento dentale? Arriva l'apparecchio trasparente per il tuo sorriso: a Rozzano l'Open Day dedicato,https://www.milanotoday.it/eventi/allineatori-trasparenti-rozzano.html,Formazione e networking,"56, Via Alessandro Manzoni, Paullo, Milano, Lombardia, 20067, Italia",45.4180966,9.4000575
Spettacoli,29-03-24,2024-03-29,"Via Larga 14,20122, Milano, MI,Italia",Lirico Giorgio Gaber,The Music of The Lord of the Rings,https://www.teatro.it/spettacoli/milano/lirico-giorgio-gaber/2023-2024/the-music-of-the-lord-of-the-rings,Teatro e spettacolo,"Teatro Lirico Giorgio Gaber, 14, Via Larga, Cerchia dei Navigli, Municipio 1, Milano, Lombardia, 20122, Italia",45.4615135,9.1918702
Teatri,29-03-24,2024-03-29,"Viale dell'Innovazione, 20, Milano, MI",Teatro Arcimboldi,Una speciale replica dello spettacolo di Angelo Duro agli Arcimboldi,https://www.milanotoday.it/eventi/spettacolo-angelo-duro-teatro-arcimboldi.html,Teatro e spettacolo,"20, Viale dell'Innovazione, Bicocca, Municipio 9, Milano, Lombardia, 20125, Italia",45.5148696,9.2135963
,30-03-24,2024-03-29,"Via Noto, 9, Milano, MI",Tempio del Futuro Perduto,Fregatene,https://www.milanotoday.it/eventi/fregatene-dancefloorsensibile-al-tempio-del-futuro-perduto-freddy-k-gabriele-capponi-pre-silent-ibrido-perfetto.html,Non classificato,"Via Noto, Ripamonti, Municipio 5, Milano, Lombardia, 20141, Italia",45.4310702,9.2014959
,29-03-24,2024-03-29,"Via Valtellina, 21, Milano, MI",Gate Milano,Cripta: chapter 01 w/ Mvrda + Automhate,https://www.milanotoday.it/eventi/cripta-chapter-01-w-mvrda-automhate-mvrda.html,Non classificato,"21, Via Valtellina, Isola, Municipio 9, Milano, Lombardia, 20159, Italia",45.4943879,9.1826121
Spettacoli,29-03-24,2024-03-29,"Piazza S. Magno,20025, Legnano, MI,Italia",Galleria,Esperienze D.M.,https://www.teatro.it/spettacoli/legnano/galleria/2023-2024/esperienze-dm,Teatro e spettacolo,"Piazza San Magno, San Magno, Oltresempione, Legnano, Milano, Lombardia, 20025, Italia",45.5945288,8.9180098
Spettacoli,29-03-24,2024-03-29,"Viale dell'Innovazione 20,20126, Milano, MI,Italia",Arcimboldi,Sono cambiato,https://www.teatro.it/spettacoli/milano/arcimboldi/2023-2024/angelo-duro-sono-cambiato,Teatro e spettacolo,"20, Viale dell'Innovazione, Bicocca, Municipio 9, Milano, Lombardia, 20125, Italia",45.5148696,9.2135963
Spettacoli,29-03-24,2024-03-29,"Corso Buenos Aires 33,20124, Milano, MI,Italia",Elfo Puccini - sala Shakespeare,Edipo Re. Una favola nera,https://www.teatro.it/spettacoli/milano/elfo-puccini-sala-shakespeare/2023-2024/edipo-re-una-favola-nera,Teatro e spettacolo,"Teatro Elfo Puccini, 33, Corso Buenos Aires, Buenos Aires - Venezia, Municipio 3, Milano, Lombardia, 20124, Italia",45.4794317,9.2098387
Spettacoli,30-03-24,2024-03-30,"Viale dell'Innovazione 20,20126, Milano, MI,Italia",Arcimboldi,Felicissimo Show,https://www.teatro.it/spettacoli/milano/arcimboldi/2023-2024/pio-e-amedeo-felicissimo-show,Teatro e spettacolo,"20, Viale dell'Innovazione, Bicocca, Municipio 9, Milano, Lombardia, 20125, Italia",45.5148696,9.2135963
Spettacoli,30-03-24,2024-03-30,"Via G. di Vittorio 6,20090, Assago, MI,Italia",Unipol Forum,DEPECHE MODE,https://www.teatro.it/spettacoli/assago/mediolanum-forum/2023-2024/depeche-mode,Teatro e spettacolo,"20090, Italy",45.407,9.1083
Spettacoli,30-03-24,2024-03-30,"Via Giordano Rota 1,20145, Milano, MI,Italia",Nazionale Italiana Assicurazioni,Aggiungi un posto a tavola,https://www.teatro.it/spettacoli/milano/nazionale-chebanca/2023-2024/aggiungi-un-posto-a-tavola,Teatro e spettacolo,"20145, Italy",45.4643,9.1895
Apertura festiva,31-03-24,2024-03-31,"piazza Santa Maria delle Grazie, 2, Milano, MI",Cenacolo Vinciano,"Cenacolo Vinciano, apertura festiva Pasqua 2024",,Inaugurazioni,"Museo del Cenacolo Vinciano, 2, Piazza Santa Maria delle Grazie, Magenta - San Vittore, Municipio 1, Milano, Lombardia, 20123, Italia",45.4662047,9.170655
Spettacoli,31-03-24,2024-03-31,"via Pitteri 58,20134, Milano, MI,Italia",Martinitt,Ti va di sposarmi?,https://www.teatro.it/spettacoli/milano/martinitt/2023-2024/di-danila-stalteri-ti-va-di-sposarmi,Teatro e spettacolo,"Via Riccardo Pitteri, Lambrate, Municipio 3, Milano, Lombardia, 20134, Italia",45.4798362,9.2457864
Cibo e Vino,01-04-24,2024-03-31,"Via Giuseppe di Vittorio, 2, Milano, MI",Campo sportivo di Senago,La sagra di Pasqua e Pasquetta a due passi da Milano,https://www.milanotoday.it/eventi/sagra-pasqua-senago-2024.html,Enogastronomia,"28/2, Via Giuseppe Di Vittorio, Foramagno, Peschiera Borromeo, Milano, Lombardia, 20068, Italia",45.4270849,9.2880658
Apertura festiva,31-03-24,2024-03-31,"via Brera, 28, Milano, MI",Pinacoteca di Brera,PASQUA a BRERA con noi!,,Inaugurazioni,"Pinacoteca di Brera, 28, Via Brera, Cerchia dei Navigli, Municipio 1, Milano, Lombardia, 20121, Italia",45.4722421,9.1884071
Apertura festiva,01-04-24,2024-04-01,"piazza Santa Maria delle Grazie, 2, Milano, MI",Cenacolo Vinciano,"Cenacolo Vinciano, apertura festiva Pasquetta 2024",,Inaugurazioni,"Museo del Cenacolo Vinciano, 2, Piazza Santa Maria delle Grazie, Magenta - San Vittore, Municipio 1, Milano, Lombardia, 20123, Italia",45.4662047,9.170655
Manifestazioni,01-04-24,2024-04-01,"Via Gaetano de Castillia, 28, Milano, MI",BAM Biblioteca degli Alberi,Una speciale caccia al tesoro alla Biblioteca degli Alberi,https://www.milanotoday.it/eventi/caccia-tesoro-botanico-pasqua-2024-bam-biblioteca.html,Altri eventi,"28, Via Gaetano De Castillia, Isola, Municipio 9, Milano, Lombardia, 20124, Italia",45.4857844,9.192789
Cibo e Vino,30-06-24,2024-04-01,"Via Dionigi Bussola, Milano, MI",Crotto quartino,A Milano il ristorante che fa all you can eat di pizzoccheri e sciatt,https://www.milanotoday.it/eventi/ristorante-all-you-can-eat-pizzoccheri.html,Enogastronomia,"Via Dionigi Bussola, Navigli, Municipio 6, Milano, Lombardia, 20143, Italia",45.4460302,9.1591605
Spettacoli,02-04-24,2024-04-02,"via Pitteri 58,20134, Milano, MI,Italia",Martinitt,Una storia di autismo normale,https://www.teatro.it/spettacoli/milano/martinitt/2023-2024/i-terconauti-una-storia-di-autismo-normale,Teatro e spettacolo,"Via Riccardo Pitteri, Lambrate, Municipio 3, Milano, Lombardia, 20134, Italia",45.4798362,9.2457864
Spettacoli,02-04-24,2024-04-02,"Via Giordano Rota 1,20145, Milano, MI,Italia",Nazionale Italiana Assicurazioni,B.L.U.E. - Il musical completamente improvvisato,https://www.teatro.it/spettacoli/milano/nazionale-chebanca/2023-2024/i-bugiardini-blue-il-musical-completamente-improvvisato,Teatro e spettacolo,"20145, Italy",45.4643,9.1895
Spettacoli,03-04-24,2024-04-03,"via Valtellina 25,20157, Milano, MI,Italia",Alcatraz,Residui di Rock'n'Roll!!,https://www.teatro.it/spettacoli/milano/alcatraz/2023-2024/gianluca-grignani-residui-di-rocknroll,Teatro e spettacolo,"Alcatraz, 25, Via Valtellina, Isola, Municipio 9, Milano, Lombardia, 20159, Italia",45.494744,9.1823768
Teatri,07-04-24,2024-04-03,"Viale dell'Innovazione, 20, Milano, MI",Teatro degli Arcimboldi,Il nuovo spettacolo di Max Angioni e le date di Milano,https://www.milanotoday.it/eventi/spettacolo-max-angioni-teatro-arcimboldi.html,Teatro e spettacolo,"20, Viale dell'Innovazione, Bicocca, Municipio 9, Milano, Lombardia, 20125, Italia",45.5148696,9.2135963
Concerti,03-04-24,2024-04-03,"Via Giuseppe di Vittorio, Milano, MI",Mediolanum Forum di Assago,I The Kolors per la prima volta in concerto al Forum di Assago,https://www.milanotoday.it/eventi/concerto-the-kolors-mediolanum-forum-assago.html,Musica e vita notturna,"Via Giuseppe Di Vittorio, Cascine Olona, Vighignolo, Settimo Milanese, Milano, Lombardia, 20019, Italia",45.4867995,9.0567603
,03-04-24,2024-04-03,"Via Santa Croce, 19, Milano, MI",presso Casa Emergency - e/n Enoteca Naturale,Vigna/vaniglia (il vino col gelato),https://www.milanotoday.it/eventi/vigna-vaniglia-il-vino-col-gelato-3-aprile-2024-for-the-love-of-ice-cream.html,Non classificato,"Enoteca naturale, 19, Via Santa Croce, Ticinese, Municipio 1, Milano, Lombardia, 20122, Italia",45.4533988,9.1819841
,03-04-24,2024-04-03,"Via Giosuè Carducci, 39, Milano, MI",Share Cafè,Apericena ludico,https://www.milanotoday.it/eventi/apericena-ludico-dungeonstore-milano-nord.html,Non classificato,"kalpa, 39, Via Giosuè Carducci, Isola del Bosco, Torretta, Sesto San Giovanni, Zona Omogenea Milano Nord, Milano, Lombardia, 20099, Italia",45.5304035,9.2262112
Spettacoli,03-04-24,2024-04-03,"Via Larga 14,20122, Milano, MI,Italia",Lirico Giorgio Gaber,BEATLESTORY,https://www.teatro.it/spettacoli/milano/lirico-giorgio-gaber/2023-2024/beatlestory-celebrating-the-60th-anniversary-of-a-hard-days-night,Teatro e spettacolo,"Teatro Lirico Giorgio Gaber, 14, Via Larga, Cerchia dei Navigli, Municipio 1, Milano, Lombardia, 20122, Italia",45.4615135,9.1918702
Spettacoli,04-04-24,2024-04-04,"Via Pietrasanta 14,20124, Milano, MI,Italia",Magazzini Generali,Animali da palcoscenico - Club Tour,https://www.teatro.it/spettacoli/milano/magazzini-generali/2023-2024/nobraino-animali-da-palcoscenico-club-tour,Teatro e spettacolo,"14, Via Pietrasanta, Ex Om - Morivione, Municipio 5, Milano, Lombardia, 20141, Italia",45.4438506,9.1964489
Spettacoli,04-04-24,2024-04-04,"Via Gaudenzio Fantoli,9,20138, Milano, MI,20138, Milano, MI,Italia",Fabrique,In Tour 2024,https://www.teatro.it/spettacoli/milano/fabrique/2023-2024/fulminacci-in-tour-2024,Teatro e spettacolo,"20138, Italy",45.4643,9.1895
Concerti,04-04-24,2024-04-04,"Via Giuseppe di Vittorio, Milano, MI",Mediolanum Forum di Assago,I Subsonica in concerto a Milano. Orari e biglietti,https://www.milanotoday.it/eventi/concerto-subsonica-forum-assago.html,Musica e vita notturna,"Via Giuseppe Di Vittorio, Cascine Olona, Vighignolo, Settimo Milanese, Milano, Lombardia, 20019, Italia",45.4867995,9.0567603
Spettacoli,04-04-24,2024-04-04,"Via G. di Vittorio 6,20090, Assago, MI,Italia",Unipol Forum,2024 Tour,https://www.teatro.it/spettacoli/assago/mediolanum-forum/2023-2024/subsonica-2024-tour,Teatro e spettacolo,"20090, Italy",45.407,9.1083
,04-04-24,2024-04-04,"Via Ettore Ponti, 40, Milano, MI",BIKO Club,Alea presenta live il suo ultimo disco,https://www.milanotoday.it/eventi/alea-presenta-live-il-suo-ultimo-disco-al-biko-club-ospite-speciale-della-serata-mama-marjas-alea.html,Non classificato,"Arci Biko, 40, Via Ettore Ponti, San Cristoforo, Municipio 6, Milano, Lombardia, 20143, Italia",45.4421057,9.1538049
Spettacoli,04-04-24,2024-04-04,"vicolo Fiume 4,20092, Cinisello Balsamo, MI,Italia",Pax,A spasso con Daisy,https://www.teatro.it/spettacoli/cinisello-balsamo/pax/2023-2024/a-spasso-con-daisy,Teatro e spettacolo,"CineTeatro Pax, 4, Vicolo Fiume, Cinisello, Cinisello Balsamo, Zona Omogenea Milano Nord, Milano, Lombardia, 20092, Italia",45.5564874,9.2169118
Manifestazioni,05-04-24,2024-04-04,"Piazza San Babila, Milano, MI",Piazza San Babila,Un grande labirinto di foglie a Milano (e quando vederlo),https://www.milanotoday.it/eventi/labirinto-piazza-san-babila-film-fabbricante-lacrime.html,Altri eventi,"Piazza San Babila, Duomo, Municipio 1, Milano, Lombardia, 20122, Italia",45.466374,9.1977066
,04-04-24,2024-04-04,"Via Paolo Sarpi, 3, Milano, MI",Pangu,Speak and spritz nordico,https://www.milanotoday.it/eventi/speak-and-spritz-nordico-aperitivo-linguistico-nordico-speak-and-spritz.html,Non classificato,"3, Via Paolo Sarpi, Sarpi, Municipio 1, Municipio 8 di Milano, Milano, Lombardia, 20154, Italia",45.481718,9.1805561
,30-04-24,2024-04-04,"Via Nirone, Milano, MI",GALLERIA DEGLI ARTISTI,Collettiva di primavera,https://www.milanotoday.it/eventi/collettiva-di-primavera-garte-milano-gruppo-artistico-culturale-aps.html,Non classificato,"Via Nirone, Cerchia dei Navigli, Municipio 1, Milano, Lombardia, 20123, Italia",45.4642835,9.1783312
Concerti,04-04-24,2024-04-04,"Via Giuseppe di Vittorio, 6, Milano, MI",Mediolanum Forum di Assago,I Subsonica tornano a Milano per un concerto imperdibile,https://www.milanotoday.it/eventi/concerto-subsonica-mediolanum-forum-assago.html,Musica e vita notturna,"6, Via Giuseppe Di Vittorio, Foramagno, Mezzate, Peschiera Borromeo, Milano, Lombardia, 20068, Italia",45.4355184,9.2889768
,05-04-24,2024-04-05,"Via Giuseppe Ripamonti, 110, Milano, MI",Litostudio,Art of / or fetish by Nsr,https://www.milanotoday.it/eventi/art-of-or-fetish-by-nsr-jacopo-lisco.html,Non classificato,"110, Via Giuseppe Ripamonti, Scalo Romana, Municipio 5, Milano, Lombardia, 20141, Italia",45.4396129,9.1998166
,06-04-24,2024-04-05,"Via Don Giovanni Verità, 7, Milano, MI",FORO Studio,"Epiderma, una profonda superficie",https://www.milanotoday.it/eventi/epiderma-una-profonda-superficie-collettiva-di-artisti.html,Non classificato,"7, Via Don Giovanni Verità, Bovisa, Municipio 9, Milano, Lombardia, 20158, Italia",45.5030437,9.1663084
Spettacoli,05-04-24,2024-04-05,"Piazza S. Magno,20025, Legnano, MI,Italia",Galleria,Andavo ai 100 all'ora,https://www.teatro.it/spettacoli/legnano/galleria/2023-2024/paolo-cevoli-andavo-ai-100-allora,Teatro e spettacolo,"Piazza San Magno, San Magno, Oltresempione, Legnano, Milano, Lombardia, 20025, Italia",45.5945411,8.9179889
Spettacoli,05-04-24,2024-04-05,"p.zza IV Novembre 3,20025, Legnano, MI,Italia",Talisio Tirinnanzi,RON,https://www.teatro.it/spettacoli/legnano/talisio-tirinnanzi/2023-2024/ron-al-centro-esatto-della-musica,Teatro e spettacolo,"Scuola Secondaria di Primo Grado Giovanni Ungaretti, 3, Piazza Quattro Novembre, San Giorgio su Legnano, Milano, Lombardia, 20034, Italia",45.5765251,8.9157963
Spettacoli,05-04-24,2024-04-05,"v. Matteotti 30,20064, Gorgonzola, MI,Italia",Sala Argentia,Mettici la mano,https://www.teatro.it/spettacoli/gorgonzola/sala-argentia/2023-2024/mettici-la-mano,Teatro e spettacolo,"Sala Argentia, 30, Via Giacomo Matteotti, Gorgonzola, Milano, Lombardia, 20064, Italia",45.5327792,9.4032916
,05-04-24,2024-04-05,"Viale dell'Innovazione, 3, Milano, MI",BiM - Dove Bicocca incontra Milano,Specific presenta straordinari presso Bim,https://www.milanotoday.it/eventi/specific-presenta-straordinari-presso-bim-dove-bicocca-incontra-milano-pessima-trans-art-centre-e-valentina-de-zanche.html,Non classificato,"3, Viale dell'Innovazione, Bicocca, Municipio 9, Milano, Lombardia, 20126, Italia",45.512096,9.2113367
Manifestazioni,07-04-24,2024-04-05,"Piazza Sempione, Milano, MI",Arco della Pace,"Flora et Decora 2024, i colori della primavera arrivano a Milano",https://www.milanotoday.it/eventi/flora-et-decora-fiera-fiori-2024.html,Altri eventi,"Piazza Sempione, Parco Sempione, Municipio 1, Milano, Lombardia, Italia",45.4755976,9.1725451
,19-04-24,2024-04-05,"Via Carlo Tenca, 22, Milano, MI",Galleria Cael,Specchi dell'io: esplorando l'identità personale,https://www.milanotoday.it/eventi/specchi-dell-io-esplorando-l-identita-personale-mostra-collettiva.html,Non classificato,"Grandi Firme Outlet, 22, Via Carlo Tenca, Centrale, Municipio 2, Milano, Lombardia, 20124, Italia",45.4816358,9.2030315
,05-04-24,2024-04-05,"Via Ferrante Aporti, 32, Milano, MI",Milano,Experience media story,https://www.milanotoday.it/eventi/experience-media-story.html,Non classificato,"32, Via Ferrante Aporti, Loreto, Municipio 2, Milano, Lombardia, 20125, Italia",45.4909401,9.2113173
,06-04-24,2024-04-06,"Via Sant'Uguzzone, 8, Milano, MI",Casa dei Giochi,FroggyCon 2024,https://www.milanotoday.it/eventi/froggycon-2024.html,Non classificato,"Casa dei Giochi, 8, Via Sant'Uguzzone, Viale Monza, Municipio 2, Milano, Lombardia, 20126, Italia",45.5210885,9.2259917
,06-04-24,2024-04-06,"Via Giacomo Watt, 32, Milano, MI",Moysa,"Lotta al bullismo, inaugurazione della mostra itinerante “Lasciami volare”",https://www.milanotoday.it/eventi/lotta-al-bullismo-inaugurazione-della-mostra-itinerante-lasciami-volare-vari.html,Non classificato,"32, Via Giacomo Watt, San Cristoforo, Municipio 6, Milano, Lombardia, 20143, Italia",45.4436684,9.1508319
,06-04-24,2024-04-06,"Piazza Leonardo da Vinci, 32, Milano, MI",Politecnico di Milano - Campus Leonardo,Build the future: l'open day del politecnico di milano,https://www.milanotoday.it/eventi/build-the-future-l-open-day-2024.html,Non classificato,"32, Piazza Leonardo da Vinci, Città Studi, Municipio 3, Milano, Lombardia, 20133, Italia",45.4778083,9.2272468
Cibo e Vino,06-04-24,2024-04-06,"Viale Cassiodoro, 20, Milano, MI",Gelato For Run,A Milano una festa all'insegna del gelato,https://www.milanotoday.it/eventi/gelato-for-run-a-milano.html,Enogastronomia,"Viale Cassiodoro, Tre Torri, Municipio 8 di Milano, Milano, Lombardia, 20145, Italia",45.4755487,9.1596907
,06-04-24,2024-04-06,"Via Angelo Tagliabue, 4, Milano, MI",Slaughter Club,Furor gallico live con il nuovo album,https://www.milanotoday.it/eventi/furor-gallico-sabato-6-aprile-a-paderno-dugnano-mi-con-il-nuovo-album-furo-gallico.html,Non classificato,"Slaughter Club, 4, Via Angelo Tagliabue, Cassina Amata, Paderno Dugnano, Zona Omogenea Milano Nord, Milano, Lombardia, 20037, Italia",45.5755652,9.1520202
,07-04-24,2024-04-06,"Piazza Ventiquattro Maggio, Milano, MI",Darsena,A Milano trofie al pesto gratis per tutti,https://www.milanotoday.it/attualita/trofie-pesto-gratis-darsena.html,Non classificato,"Piazza Ventiquattro Maggio, Ticinese, Municipio 5, Milano, Lombardia, 20136, Italia",45.4526349,9.1798455
,07-04-24,2024-04-06,"Viale Luigi Camoens, Milano, MI",Justme Milano - Restaurant & Club,Torre Branca gratuita e inaugurazione della terrazza del JustMe,https://www.milanotoday.it/eventi/una-notte-indimenticabile.html,Non classificato,"Viale Luigi Camoens, Parco Sempione, Municipio 1, Milano, Lombardia, 20154, Italia",45.4729814,9.1728556
,12-05-24,2024-04-06,"Via Francesco Ingegnoli, 13, Milano, MI",Studio Giovanni de Francesco,Andrea Kvas. A new golden age of guano,https://www.milanotoday.it/eventi/andrea-kvas-a-new-golden-age-of-guano-andrea-kvas.html,Non classificato,"Via Francesco Ingegnoli, Loreto, Municipio 3, Milano, Lombardia, 20131, Italia",45.4866049,9.231631
Spettacoli,06-04-24,2024-04-06,"Viale dell'Innovazione 20,20126, Milano, MI,Italia",Arcimboldi,La Sirenetta 2.0 - Missione mare pulito,https://www.teatro.it/spettacoli/milano/arcimboldi/2023-2024/all-crazy-art-show-sirenetta-20-missione-mare-pulito,Teatro e spettacolo,"20, Viale dell'Innovazione, Bicocca, Municipio 9, Milano, Lombardia, 20125, Italia",45.5148696,9.2135963
,06-04-24,2024-04-06,"Via Pontida, 22, Milano, MI",Convento dell'Annunciata,"Andrea Dieci, recital chitarristico",https://www.milanotoday.it/eventi/andrea-dieci-recital-chitarristico-andrea-dieci.html,Non classificato,"Via Pontida, Brera, Municipio 1, Milano, Lombardia, 20100, Italia",45.4798986,9.1830809
,06-04-24,2024-04-06,"Viale Enrico Fermi, 98, Milano, MI",Legend Club,Neves17 il rapper a Milano il 6 aprile con il primo album,https://www.milanotoday.it/eventi/neves17-il-rapper-partenopeo-a-milano-il-6-aprile-con-il-primo-album-ieri-oggi-e-domani-neves.html,Non classificato,"Legend Club, 98, Viale Enrico Fermi, Parco Nord, Municipio 9, Milano, Lombardia, 20161, Italia",45.5161589,9.1794377
Spettacoli,06-04-24,2024-04-06,"p.zza IV Novembre 3,20025, Legnano, MI,Italia",Talisio Tirinnanzi,Sarà capitato anche a voi,https://www.teatro.it/spettacoli/legnano/talisio-tirinnanzi/2023-2024/teo-mammucari-sara-capitato-anche-a-voi,Teatro e spettacolo,"Scuola Secondaria di Primo Grado Giovanni Ungaretti, 3, Piazza Quattro Novembre, San Giorgio su Legnano, Milano, Lombardia, 20034, Italia",45.5765251,8.9157963
Spettacoli,06-04-24,2024-04-06,"Via Alessandro Manzoni 42,20121, Milano, MI,Italia",Manzoni,Frrr...2,https://www.teatro.it/spettacoli/milano/manzoni/2023-2024/dentro-il-regno-di-frrr2,Teatro e spettacolo,"Teatro Manzoni, 42, Via Alessandro Manzoni, Cerchia dei Navigli, Municipio 1, Milano, Lombardia, 20121, Italia",45.4710286,9.1944762
,06-04-24,2024-04-06,"Via Valparaiso, 9, Milano, MI",Sevengrams S.r.l / Coffee Studio 7Gr.,Beyond affogato...non il solito caffè con il gelato,https://www.milanotoday.it/eventi/beyond-affogato-non-il-solito-caffe-con-il-gelato-for-the-love-of-ice-cream.html,Non classificato,"9, Via Valparaiso, Tortona, Municipio 6, Milano, Lombardia, 20144, Italia",45.4573296,9.164085
Attività Didattica,06-04-24,2024-04-06,"via Brera, 28, Milano, MI",Pinacoteca di Brera,Disegniamo l’arte 2024,,Formazione e networking,"Pinacoteca di Brera, 28, Via Brera, Cerchia dei Navigli, Municipio 1, Milano, Lombardia, 20121, Italia",45.4722421,9.1884071
Incontro/presentazione,06-04-24,2024-04-06,"via Brera, 28, Milano, MI",Pinacoteca di Brera - Biblioteca Nazionale Braidense di Milano,Una terrazza sul cosmo. Meditazioni poetiche,,Formazione e networking,"Pinacoteca di Brera, 28, Via Brera, Cerchia dei Navigli, Municipio 1, Milano, Lombardia, 20121, Italia",45.4722421,9.1884071
,20-04-24,2024-04-06,"Via Giuseppe Dall'Occo, 1, Milano, MI",Galleria Click Art,20x20=400 emozioni,https://www.milanotoday.it/eventi/20x20-400-emozioni-cormano.html,Non classificato,"Via Giuseppe Dall'Occo, Cormano, Zona Omogenea Milano Nord, Milano, Lombardia, 20032, Italia",45.5444599,9.1691639
Spettacoli,07-04-24,2024-04-07,"Viale dell'Innovazione 20,20126, Milano, MI,Italia",Arcimboldi,Max Angioni - Anche meno,https://www.teatro.it/spettacoli/milano/arcimboldi/2023-2024/max-angioni-anche-meno,Teatro e spettacolo,"20, Viale dell'Innovazione, Bicocca, Municipio 9, Milano, Lombardia, 20125, Italia",45.5148696,9.2135963
Incontri,07-03-24,2024-04-07,"Piazza Città di Lombardia, 1, Milano, MI",Palazzo Lombardia,Il Belvedere di Palazzo Lombardia: un’esperienza unica (e gratis) dal 39° piano,https://www.milanotoday.it/eventi/visite-gratis-palazzo-lombardia.html,Formazione e networking,"1, Piazza Città di Lombardia, GARIBALDI REPUBBLICA, Municipio 9, Milano, Lombardia, 20124, Italia",45.4869021,9.1957701
Mostre,31-07-24,2024-04-07,"Piazza del Duomo, 12, Milano, MI",Palazzo Reale,A Milano la prima mostra di Dolce e Gabbana,https://www.milanotoday.it/eventi/mostra-dolce-e-gabbana-palazzo-reale.html,Arte e cultura,"Giacomo, 12, Piazza del Duomo, Duomo, Municipio 1, Milano, Lombardia, 20100, Italia",45.4632066,9.1914879
,07-04-24,2024-04-07,"Viale Enrico Fermi, 94, Milano, MI",Legend Club,Hollow coves data unica a Milano,https://www.milanotoday.it/eventi/hollow-coves-dopo-un-sold-out-torna-in-italia-l-acclamato-duo-indie-folk-data-unica-7-aprile-a-milano-hollow-coves.html,Non classificato,"Viale Enrico Fermi, Affori, Municipio 9, Milano, Lombardia, 20161, Italia",45.5108822,9.1802425
Spettacoli,07-04-24,2024-04-07,"via Pitteri 58,20134, Milano, MI,Italia",Martinitt,Mi è scappato il morto,https://www.teatro.it/spettacoli/milano/martinitt/2023-2024/mi-e-scappato-il-morto,Teatro e spettacolo,"Via Riccardo Pitteri, Lambrate, Municipio 3, Milano, Lombardia, 20134, Italia",45.4798362,9.2457864
Spettacoli,07-04-24,2024-04-07,"Via G. di Vittorio 6,20090, Assago, MI,Italia",Repower,Piccole donne - Il Musical di Broadway,https://www.teatro.it/spettacoli/assago/repower/2023-2024/piccole-donne-il-musical-di-broadway,Teatro e spettacolo,"20090, Italy",45.407,9.1083
Spettacoli,07-04-24,2024-04-07,"Via Andrea Maria Ampère 1,20131, Milano, MI,Italia",MTM - Leonardo,Sogno di una notte di mezza estate,https://www.teatro.it/spettacoli/milano/leonardo/2023-2024/sogno-di-una-notte-di-mezza-estate,Teatro e spettacolo,"Teatro Leonardo da Vinci, 1, Via Andrea Maria Ampère, Città Studi, Municipio 3, Milano, Lombardia, 20131, Italia",45.4795266,9.2263901
Spettacoli,07-04-24,2024-04-07,"Corso di Porta Romana 63,20122, Milano, MI,Italia",Carcano,Le Serve,https://www.teatro.it/spettacoli/milano/carcano/2023-2024/le-serve,Teatro e spettacolo,"Teatro Carcano, 63, Corso di Porta Romana, Crocetta, Municipio 1, Milano, Lombardia, 20121, Italia",45.4566842,9.1955297
Spettacoli,07-04-24,2024-04-07,"Largo Antonio Greppi,20121, Milano, MI,Italia",Piccolo Teatro - Teatro Strehler,Fotofinish,https://www.teatro.it/spettacoli/milano/piccolo-teatro-teatro-strehler/2023-2024/fotofinish,Teatro e spettacolo,"Largo Antonio Greppi, Cerchia dei Navigli, Municipio 1, Milano, Lombardia, 20121, Italia",45.471727,9.1826196
Sport,07-04-24,2024-04-07,"Via Giovanni Falcone, 47, Milano, MI",OCR Park Milano,Campionato italiano OCR a Bareggio: un'esaltante celebrazione dello spirito del movimento,https://www.milanotoday.it/eventi/campionato-italiano-OCR-bareggio.html,Sport e attività fisica,"Via Giovanni Falcone, Carugate, Milano, Lombardia, 20061, Italia",45.5453847,9.3374272
,07-04-24,2024-04-07,"Piazza Ventiquattro Maggio, Milano, MI",Le Trottoir alla Darsena,"Alan Magnetti presenta il suo nuovo romanzo ""Tu""",https://www.milanotoday.it/eventi/alan-magnetti-presenta-a-milano-il-suo-nuovo-romanzo-tu-alan-magnetti.html,Non classificato,"Piazza Ventiquattro Maggio, Ticinese, Municipio 5, Milano, Lombardia, 20136, Italia",45.4529634,9.1804834
Spettacoli,07-04-24,2024-04-07,"Via Giordano Rota 1,20145, Milano, MI,Italia",Nazionale Italiana Assicurazioni,NEVERLAND - L'isola che non c'è,https://www.teatro.it/spettacoli/milano/nazionale-chebanca/2023-2024/neverland-lisola-che-non-ce-il-musical,Teatro e spettacolo,"20145, Italy",45.4643,9.1895
Spettacoli,07-04-24,2024-04-07,"Corso Buenos Aires 33,20124, Milano, MI,Italia",Elfo Puccini - Sala Bausch,Fine pena ora,https://www.teatro.it/spettacoli/milano/elfo-puccini-sala-bausch/2023-2024/fine-pena-ora,Teatro e spettacolo,"Teatro Elfo Puccini, 33, Corso Buenos Aires, Buenos Aires - Venezia, Municipio 3, Milano, Lombardia, 20124, Italia",45.4794317,9.2098387
Spettacoli,07-04-24,2024-04-07,"Piazza S. Magno,20025, Legnano, MI,Italia",Galleria,FILIPPO CACCAMO,https://www.teatro.it/spettacoli/legnano/galleria/2023-2024/filippo-caccamo-le-filippiche,Teatro e spettacolo,"Piazza San Magno, San Magno, Oltresempione, Legnano, Milano, Lombardia, 20025, Italia",45.5945288,8.9180098
,07-04-24,2024-04-07,"Corso Europa, 291, Milano, MI",Villa Burba,voci visive mostra personale dell'artista maria suppa,https://www.milanotoday.it/eventi/voci-visive-mostra-personale-dell-artista-maria-suppa-maria-suppa-11009000.html,Non classificato,"Villa Burba Cornaggia Medici, 291, Corso Europa, San Paolo-Capuana, Castellazzo, Rho, Milano, Lombardia, 20017, Italia",45.5334962,9.0281769
Spettacoli,07-04-24,2024-04-07,"Via Ciro Menotti 11,20129, Milano, MI,Italia",Menotti,Lo psicopompo,https://www.teatro.it/spettacoli/milano/menotti/2023-2024/milvia-marigliano-dario-de-luca-lo-psicopompo,Teatro e spettacolo,"Teatro Menotti, 11, Via Ciro Menotti, Buenos Aires - Venezia, Municipio 3, Milano, Lombardia, 20129, Italia",45.4699775,9.2131112
Spettacoli,07-04-24,2024-04-07,"via Pier Lombardo,14,20135, Milano, MI,Italia",Franco Parenti - Sala Grande,L'uomo più crudele del mondo,https://www.teatro.it/spettacoli/milano/franco-parenti-sala-grande/2023-2024/lino-guanciale-francesco-montanari-luomo-piu-crudele-del-mondo,Teatro e spettacolo,"Via Pier Lombardo, Porta Romana, Municipio 4, Milano, Lombardia, 20135, Italia",45.4542958,9.2063109
Sport,07-04-24,2024-04-07,"Corso Venezia, Milano, MI",,Sport e divertimento per fermare il tracoma: aperte le iscrizioni alla Milano Marathon 2024,https://www.milanotoday.it/eventi/milano-marathon-2024.html,Sport e attività fisica,"Corso Venezia, Guastalla, Municipio 1, Milano, Lombardia, 20219, Italia",45.4744208,9.205056
Spettacoli,07-04-24,2024-04-07,"Corso Buenos Aires 33,20124, Milano, MI,Italia",Elfo Puccini - sala Shakespeare,The City,https://www.teatro.it/spettacoli/milano/elfo-puccini-sala-shakespeare/2023-2024/the-city,Teatro e spettacolo,"Teatro Elfo Puccini, 33, Corso Buenos Aires, Buenos Aires - Venezia, Municipio 3, Milano, Lombardia, 20124, Italia",45.4794317,9.2098387
,08-04-24,2024-04-08,"Corso Venezia, 2/A, Milano, MI",Teatro San Babila,Fire of Georgia del Royal National Ballet of Georgia,https://www.milanotoday.it/eventi/il-royal-national-ballet-of-georgia-pronto-ad-incendiare-il-palcoscenico-del-teatro-san-babila-con-lo-spettacolo-fire-of-georgia-royal-national-ballet-of-georgia.html,Non classificato,"2a, Corso Venezia, Duomo, Municipio 1, Milano, Lombardia, 20121, Italia",45.4670204,9.1981104
Spettacoli,08-04-24,2024-04-08,"Via San Giovanni sul muro 2,20121, Milano, MI,Italia",Dal Verme,L'infinito Tour,https://www.teatro.it/spettacoli/milano/dal-verme/2023-2024/roberto-vecchioni-linfinito-tour,Teatro e spettacolo,"2, Via San Giovanni sul Muro, Cerchia dei Navigli, Municipio 1, Milano, Lombardia, 20121, Italia",45.4671162,9.1814924
Spettacoli,08-04-24,2024-04-08,"Via Alessandro Manzoni 42,20121, Milano, MI,Italia",Manzoni,Io cioè boh,https://www.teatro.it/spettacoli/milano/manzoni/2023-2024/vincenzo-regis-io-cioe-boh,Teatro e spettacolo,"Teatro Manzoni, 42, Via Alessandro Manzoni, Cerchia dei Navigli, Municipio 1, Milano, Lombardia, 20121, Italia",45.4710286,9.1944762
Teatri,08-04-24,2024-04-08,"Corso Venezia, 2/A, Milano, MI",Teatro San Babila,"il royal national ballet of georgia pronto ad incendiare il palcoscenico del teatro san babila con lo spettacolo ""fire of georgia""",https://www.milanotoday.it/eventi/il-royal-national-ballet-of-georgia.html,Teatro e spettacolo,"2a, Corso Venezia, Duomo, Municipio 1, Milano, Lombardia, 20121, Italia",45.4670204,9.1981104
,14-04-24,2024-04-08,"Via Gaudenzio Ferrari, 3, Milano, MI",Almach Art Gallery,Navigare fuori dal tempo,https://www.milanotoday.it/eventi/navigare-fuori-dal-tempo-daniela-gullotta-e-anna-pennati-almach-art-gallery-milano-art-week-anna-pennati-daniela-gullotta.html,Non classificato,"Latterie 1952, 3, Via Gaudenzio Ferrari, Ticinese, Municipio 1, Milano, Lombardia, 20123, Italia",45.455937,9.1753978
Spettacoli,09-04-24,2024-04-09,"v. Mons. Pogliani 7/a,ang. via Grandi,20090, Cesano Boscone, MI,Italia",Cristallo,Il calamaro gigante,https://www.teatro.it/spettacoli/cesano-boscone/cristallo/2023-2024/il-calamaro-gigante,Teatro e spettacolo,"20090, Italy",45.407,9.1083
,01-06-24,2024-04-09,"Via Santa Croce, 21, Milano, MI",ABC ARTE ONE OF,Luca Sára Rózsa: secrets,https://www.milanotoday.it/eventi/luca-sara-rozsa-secrets-luca-sara-rozsa.html,Non classificato,"21, Via Santa Croce, Ticinese, Municipio 1, Milano, Lombardia, 20122, Italia",45.4535237,9.1814159
,09-04-24,2024-04-09,"Via Nino Oxilia, 10, Milano, MI",Cinema Beltrade,Endless borders: il 9 aprile al cinema Beltrade,https://www.milanotoday.it/eventi/endless-borders-il-9-aprile-al-cinema-beltrade-di-milano-il-secondo-film-della-rassegna-fdu-film-sui-diritti-umani-abbas-amini.html,Non classificato,"Cinema Beltrade, 10, Via Nino Oxilia, Loreto, Municipio 2, Milano, Lombardia, 20127, Italia",45.4924673,9.214887
Spettacoli,10-04-24,2024-04-10,"p.zza IV Novembre 3,20025, Legnano, MI,Italia",Talisio Tirinnanzi,"La vita onirica: cinema, inconscio, neuroscienze",https://www.teatro.it/spettacoli/legnano/talisio-tirinnanzi/2023-2024/vittorio-lingiardi-la-vita-onirica-cinema-inconscio-neuroscienze,Teatro e spettacolo,"Scuola Secondaria di Primo Grado Giovanni Ungaretti, 3, Piazza Quattro Novembre, San Giorgio su Legnano, Milano, Lombardia, 20034, Italia",45.5765251,8.9157963
Spettacoli,10-04-24,2024-04-10,"Via Filodrammatici 2,20121, Milano, MI,Italia",Teatro Alla Scala,Guillaume Tell,https://www.teatro.it/spettacoli/milano/teatro-alla-scala/2023-2024/guillaume-tell-teatro-alla-scala,Teatro e spettacolo,"2, Via Filodrammatici, Brera, Milano, Lombardia, 20121, Italia",45.4673781,9.188701
Spettacoli,10-04-24,2024-04-10,"via Pitteri 58,20134, Milano, MI,Italia",Martinitt,La grande timidezza,https://www.teatro.it/spettacoli/milano/martinitt/2023-2024/ruggero-de-i-timidi-la-grande-timidezza,Teatro e spettacolo,"Via Riccardo Pitteri, Lambrate, Municipio 3, Milano, Lombardia, 20134, Italia",45.4798362,9.2457864
,10-04-24,2024-04-10,"Viale della Liberazione, 16, Milano, MI",Spazio Leonardo,Bias Buster. Stereotipi e pregiudizi nel mondo del lavoro: istruzioni per l’uso,https://www.milanotoday.it/eventi/bias-buster-stereotipi-e-pregiudizi-nel-mondo-del-lavoro-istruzioni-per-l-uso.html,Non classificato,"16, Viale della Liberazione, GARIBALDI REPUBBLICA, Municipio 9, Milano, Lombardia, 20100, Italia",45.4824226,9.1951953
,30-04-24,2024-04-10,"Via Evangelista Torricelli, 21, Milano, MI",Corals,Selvatica. Una riflessione sulla natura,https://www.milanotoday.it/eventi/selvatica-una-riflessione-sulla-natura-avvassena-elena-zecchin-tatiana-russi-soto.html,Non classificato,"21, Via Evangelista Torricelli, Ravello, Parabiago, Milano, Lombardia, 20015, Italia",45.5574246,8.9394696
,17-05-24,2024-04-10,"Via Vincenzo Forcella, 7, Milano, MI",ESH Gallery,Vessel (no) vessel,https://www.milanotoday.it/eventi/vessel-no-vessel.html,Non classificato,"Via Vincenzo Forcella, Tortona, Municipio 6, Milano, Lombardia, 20144, Italia",45.452594,9.1673964
,14-04-24,2024-04-10,"Ripa di Porta Ticinese, 85, Milano, MI",Uisp,Dove albero è foresta,https://www.milanotoday.it/eventi/dove-albero-e-foresta-archetipo-verticale-mostra-personale-di-pietro-panza-pietro-panza.html,Non classificato,"85, Ripa di Porta Ticinese, Navigli, Municipio 6, Milano, Lombardia, 20143, Italia",45.4496513,9.1660703
,29-04-24,2024-04-10,"Via San Damiano, 2, Milano, MI",Salamon Fine Art,Gianni Lucchesi: Motus,https://www.milanotoday.it/eventi/gianni-lucchesi-motus-gianni-lucchesi.html,Non classificato,"2, Via San Damiano, Magenta, Milano, Lombardia, 20013, Italia",45.4612307,8.8878582
Spettacoli,10-04-24,2024-04-10,"Via Giordano Rota 1,20145, Milano, MI,Italia",Nazionale Italiana Assicurazioni,Il saggio di fine anno,https://www.teatro.it/spettacoli/milano/nazionale-chebanca/2023-2024/camihawke-il-saggio-di-fine-anno,Teatro e spettacolo,"20145, Italy",45.4643,9.1895
Spettacoli,11-04-24,2024-04-11,"Piazza Enzo Jannacci 1,20017, Rho, MI,Italia",Civico - Roberto de Silva,La mia vita raccontata male,https://www.teatro.it/spettacoli/rho/teatro-civico-roberto-de-silva/2023-2024/la-mia-vita-raccontata-male-claudio-bisio,Teatro e spettacolo,"Piazza Enzo Jannacci, San Pietro, Lucernate, Rho, Milano, Lombardia, 20017, Italia",45.5279748,9.0458872
Spettacoli,11-04-24,2024-04-11,"piazza Carlo Alberto dalla Chiesa 4,20020, Arese, MI,Italia",Cinema Teatro Arese,Il malloppo,https://www.teatro.it/spettacoli/arese/cinema-teatro-arese/2023-2024/il-malloppo,Teatro e spettacolo,"Cinema Teatro Arese, 4, Piazza Generale Carlo Alberto Dalla Chiesa, Sant'Anna, Arese, Milano, Lombardia, 20044, Italia",45.549694,9.0777685
,31-05-24,2024-04-11,"Via Enrico Caviglia, 3, Milano, MI",Istituto Italiano di Fotografia,A forza di essere vento,https://www.milanotoday.it/eventi/a-forza-di-essere-vento-giorgia-dal-molin.html,Non classificato,"3, Via Enrico Caviglia, Lodi - Corvetto, Municipio 4, Milano, Lombardia, 20139, Italia",45.4436084,9.2298198
Spettacoli,11-04-24,2024-04-11,"Viale Toscana,31,20136, Milano, MI,Italia",Santeria Toscana 31,A Grey Area World Tour,https://www.teatro.it/spettacoli/milano/santeria-toscana-31/2023-2024/jp-saxe-a-grey-area-world-tour,Teatro e spettacolo,"31, Viale Toscana, Morivione, Municipio 5, Milano, Lombardia, 20136, Italia",45.4457106,9.1886185
,11-04-24,2024-04-11,"Via Benedetto Marcello, 46, Milano, MI",Galleria Manifiesto Blanco,Manifiesto in dialogo: Giovanni Anceschi,https://www.milanotoday.it/eventi/manifiesto-in-dialogo-giovanni-anceschi-design-retorica-ragione-informatica-giovanni-anceschi.html,Non classificato,"46, Via Benedetto Marcello, Buenos Aires - Venezia, Municipio 3, Milano, Lombardia, 20124, Italia",45.4829617,9.2105962
,11-06-24,2024-04-11,"Via San Faustino, 5, Milano, MI",Sanfaustino5,"Pasos, la collezione spagnola cammina con il contemporaneo",https://www.milanotoday.it/eventi/pasos-la-collezione-spagnola-cammina-con-il-contemporaneo-antoni-tapies-e-rafael-alberti-e-vicente-larrea-e-gustavo-torner-e-amalia-avia-e-equipo-cronica-e-pablo-serrano-e-joaquin-rubio-camin-e-manuel-ayllon-e-arcadio-blasco-pastor-e-orticanoodles.html,Non classificato,"5, Via San Faustino, Lambrate, Municipio 3, Milano, Lombardia, 20134, Italia",45.4717873,9.2416377
,11-04-24,2024-04-11,"Via Giuseppe di Vittorio, 6, Milano, MI",Forum di Assago,Fa tappa a Milano l’evento europeo “Open”,https://www.milanotoday.it/eventi/fa-tappa-a-milano-l-evento-europeo-open.html,Non classificato,"6, Via Giuseppe Di Vittorio, Foramagno, Mezzate, Peschiera Borromeo, Milano, Lombardia, 20068, Italia",45.4355184,9.2889768
,11-04-24,2024-04-11,"Viale Eginardo, 29, Milano, MI",Centro Congressi Allianz MiCo,A scuola di risparmio,https://www.milanotoday.it/eventi/a-scuola-di-risparmio.html,Non classificato,"Banca Akros, 29, Viale Eginardo, De Angeli - Monte Rosa, Portello, Municipio 8 di Milano, Milano, Lombardia, 20149, Italia",45.4803857,9.1513526
Concerti,11-04-24,2024-04-11,"Via Valtellina, 25, Milano, MI",Alcatraz Milano,Cosmo in concerto all'Alcatraz. Orari e biglietti,https://www.milanotoday.it/eventi/concerto-cosmo-alcatraz.html,Musica e vita notturna,"Alcatraz, 25, Via Valtellina, Isola, Municipio 9, Milano, Lombardia, 20159, Italia",45.494744,9.1823768
Spettacoli,12-04-24,2024-04-12,"Piazza S. Magno,20025, Legnano, MI,Italia",Galleria,NOMADI - Live Tour,https://www.teatro.it/spettacoli/legnano/galleria/2023-2024/nomadi-ma-che-film-la-vita,Teatro e spettacolo,"Piazza San Magno, San Magno, Oltresempione, Legnano, Milano, Lombardia, 20025, Italia",45.5945411,8.9179889
,21-04-24,2024-04-12,"Via Giuseppe di Vittorio, 2, Milano, MI",Centro sportivo di Senago,La sagra del cinghiale in arrivo (vicino) a Milano,https://www.milanotoday.it/eventi/sagra-del-cinghiale-2024.html,Non classificato,"28/2, Via Giuseppe Di Vittorio, Foramagno, Peschiera Borromeo, Milano, Lombardia, 20068, Italia",45.4270849,9.2880658
Cibo e Vino,14-04-24,2024-04-12,"Via Donatori di Sangue, Milano, MI",Villa Sanchioli,Uno speciale festival di street food a pochi passi da Milano,https://www.milanotoday.it/eventi/festival-street-food-abbiategrasso.html,Enogastronomia,"Via Donatori di Sangue, Abbiategrasso, Milano, Lombardia, 20081, Italia",45.3945721,8.9144937
Spettacoli,12-04-24,2024-04-12,"v. Matteotti 30,20064, Gorgonzola, MI,Italia",Sala Argentia,Capa fresca,https://www.teatro.it/spettacoli/gorgonzola/sala-argentia/2023-2024/giovanni-vernia-capa-fresca,Teatro e spettacolo,"Sala Argentia, 30, Via Giacomo Matteotti, Gorgonzola, Milano, Lombardia, 20064, Italia",45.5327792,9.4032916
,13-04-24,2024-04-12,"Via Merano, 18, Milano, MI",DKR,"Club inferno, il party elettronico di Milano",https://www.milanotoday.it/eventi/venerdi-12-aprile-ritorna-club-inferno-il-party-elettronico-di-milano.html,Non classificato,"DRK Milano, 18, Via Merano, Loreto, Municipio 2, Milano, Lombardia, 20127, Italia",45.4973537,9.2221363
Spettacoli,12-04-24,2024-04-12,"via Sant'Anna 4,20090, Vimodrone, MI,Italia",Circolo Everest,Sulla morte senza esagerare,https://www.teatro.it/spettacoli/vimodrone/circolo-everest/2023-2024/teatro-dei-gordi-sulla-morte-senza-esagerare,Teatro e spettacolo,"Dancing Everest, 4, Via Sant'Anna, Cascina Rampina, Vimodrone, Milano, Lombardia, 20055, Italia",45.514631,9.2835654
Spettacoli,12-04-24,2024-04-12,"Via Varese,29,20024, Garbagnate Milanese, MI,Italia",Italia,Tuttorial,https://www.teatro.it/spettacoli/garbagnate-milanese/italia/2023-2024/oblivion-tuttorial,Teatro e spettacolo,"Via Varese, Quadrifoglio, Santa Maria Rossa, Garbagnate Milanese, Milano, Lombardia, 20024, Italia",45.5758379,9.0780528
,04-05-24,2024-04-12,"Corso Buenos Aires, 45, Milano, MI",Lusvardi Art,Inaugurazione On_ ma,https://www.milanotoday.it/eventi/inaugurazione-on_-ma-adam-slowik-mirce-velarde.html,Non classificato,"Goldenpoint, 45, Corso Buenos Aires, Buenos Aires - Venezia, Municipio 3, Milano, Lombardia, 20124, Italia",45.4808037,9.2111831
,12-04-24,2024-04-12,"Via Pisanello, Milano, MI",Centro Culturale Rosetum,Volonté trio,https://www.milanotoday.it/eventi/volonte-trio-ii-rosetum-jazz-festival-volonte-trio.html,Non classificato,"Via Pisanello, Bande Nere, Municipio 7, Milano, Lombardia, 20148, Italia",45.4672182,9.140416
,13-04-24,2024-04-13,"Corso di Porta Vittoria, 43, Milano, MI",camera del lavoro g. di vittorio,Tributo Fabrizio De Andrè e Francesco De Gregori,https://www.milanotoday.it/eventi/tributo-f-de-andre-e-f-de-gregori-figli-di-un-temporale-rimmel-e-altre-storie.html,Non classificato,"43, Corso di Porta Vittoria, Guastalla, Municipio 1, Milano, Lombardia, 20122, Italia",45.4624935,9.2038876
,13-04-24,2024-04-13,"Viale dell'Innovazione, 3, Milano, MI",BiM - Dove Bicocca incontra Milano,opening cocktail design week @bim - dove bicocca incontra milano,https://www.milanotoday.it/eventi/salone-del-mobile/opening-cocktail-design-week-bim-dove-bicocca-incontra-milano-11061962.html,Non classificato,"3, Viale dell'Innovazione, Bicocca, Municipio 9, Milano, Lombardia, 20126, Italia",45.512096,9.2113367
,13-04-24,2024-04-13,"Via Ettore Ponti, 40, Milano, MI",BIKO Club,"New Soul Wena presenta il nuovo disco ""Back to you""",https://www.milanotoday.it/eventi/la-cantautrice-new-soul-wena-presenta-a-milano-il-nuovo-disco-back-to-you-wena.html,Non classificato,"Arci Biko, 40, Via Ettore Ponti, San Cristoforo, Municipio 6, Milano, Lombardia, 20143, Italia",45.4421057,9.1538049
,13-04-24,2024-04-13,"Via Sant'Antonio, 5, Milano, MI",Casa Cardinale Ildefonso Schuster,Le quattro stagioni di Vivaldi a Milano,https://www.milanotoday.it/eventi/le-quattro-stagioni-di-vivaldi-a-milano-elvin-dhimitri.html,Non classificato,"5, Via Sant'Antonio, Duomo, Municipio 1, Milano, Lombardia, 20122, Italia",45.4614519,9.1934697
Spettacoli,13-04-24,2024-04-13,"Alzaia Naviglio Grande 192,20144, Milano, MI,Italia",Alta Luce Teatro,Omaggio a Fabrizio De André,https://www.teatro.it/spettacoli/milano/alta-luce-teatro/2023-2024/hotel-supramonte-omaggio-a-fabrizio-de-andre,Teatro e spettacolo,"192, Alzaia Naviglio Grande, Lorenteggio, Municipio 6, Milano, Lombardia, 20146, Italia",45.4455309,9.1442102
,14-04-24,2024-04-13,"Via Tertulliano, 68, Milano, MI",SPAZIO TERTULLIANO IBEHUMAN,I fuochi di San Pancrazio,https://www.milanotoday.it/eventi/i-fuochi-di-san-pancrazio-in-scena-al-teatro-spazio-tertulliano-di-milano-sabato-13-e-domenica-14-aprile-2024-francesco-siggillino.html,Non classificato,"Spazio Tertulliano, 68, Via Tertulliano, Umbria - Molise, Municipio 4, Milano, Lombardia, 20137, Italia",45.4482227,9.2217984
Spettacoli,13-04-24,2024-04-13,"Via Giordano Rota 1,20145, Milano, MI,Italia",Nazionale Italiana Assicurazioni,NINNA e MATTI - Super Tour,https://www.teatro.it/spettacoli/milano/nazionale-chebanca/2023-2024/ninna-e-matti,Teatro e spettacolo,"20145, Italy",45.4643,9.1895
,13-04-24,2024-04-13,"Piazza Don Enrico Civilini, Milano, MI",Pioltello e Comuni Limitrofi,Caccia al tesoro della Martesana,https://www.milanotoday.it/eventi/caccia-al-tesoro-della-martesana-lions-13-aprile-2024.html,Non classificato,"Piazza Don Enrico Civilini, Molino Ortolina, Pioltello, Milano, Lombardia, 20096, Italia",45.4997556,9.3270136
Disco&Feste,13-04-24,2024-04-13,"Via Chaniac, 26, Milano, MI",Fell in Love,Il grande ritorno della Zarro Night,https://www.milanotoday.it/eventi/zarro-night-2024-pogliano-milanese.html,Musica e vita notturna,"Via Angelo Chaniac, Molino Aresi, Pogliano Milanese, Milano, Lombardia, 20005, Italia",45.5385344,8.984463
Spettacoli,13-04-24,2024-04-13,"Piazza S. Magno,20025, Legnano, MI,Italia",Galleria,HAPPY DAYS - Il Musical,https://www.teatro.it/spettacoli/legnano/galleria/2023-2024/happy-days-il-musical,Teatro e spettacolo,"Piazza San Magno, San Magno, Oltresempione, Legnano, Milano, Lombardia, 20025, Italia",45.5945411,8.9179889
,20-04-24,2024-04-13,"Via Bramante, Milano, MI",Galleria Bramante,"artisti in posa, fotografie di ferdinando cioffi  alla galleria bramante di milano",https://www.milanotoday.it/eventi/salone-del-mobile/artisti-in-posa-fotografie.html,Non classificato,"Via Bramante, Sarpi, Municipio 1, Municipio 8 di Milano, Milano, Lombardia, 20154, Italia",45.4806009,9.179487
,14-04-24,2024-04-13,"Piazza Vittoria, 1, Milano, MI",Castello Mediceo,Comics Melegnano,https://www.milanotoday.it/eventi/comics-melegnano-fumetti-giochi-da-tavolo-giochi-di-ruolo-videogiochi-fantasy-e-cosplay.html,Non classificato,"Erba Medica, 1, Piazza Vittoria, Melegnano, Milano, Lombardia, 20077, Italia",45.3573118,9.3242788
Spettacoli,13-04-24,2024-04-13,"Viale dell'Innovazione 20,20126, Milano, MI,Italia",Arcimboldi,AMEDEO MINGHI - Tour 2023,https://www.teatro.it/spettacoli/milano/arcimboldi/2023-2024/amedeo-minghi-tour-2023,Teatro e spettacolo,"20, Viale dell'Innovazione, Bicocca, Municipio 9, Milano, Lombardia, 20125, Italia",45.5148696,9.2135963
Inaugurazioni,21-04-24,2024-04-13,"Corso Buenos Aires, 64, Milano, MI",,"Dall'abbigliamento agli accessori: a Milano apre un nuovo store, punto di riferimento per gli amanti dello shopping",https://www.milanotoday.it/eventi/store-pepco-apertura.html,Inaugurazioni,"64, Corso Buenos Aires, Buenos Aires - Venezia, Municipio 3, Milano, Lombardia, 20131, Italia",45.4825002,9.2132342
,13-04-24,2024-04-13,"Via Rovigo, 11, Milano, MI",Teatro S. Domingo,Safar dance: un viaggio incantato nella danza del medio oriente,https://www.milanotoday.it/eventi/safar-dance-un-viaggio-incantato-nella-danza-del-medio-oriente-escandar-alex.html,Non classificato,"11, Via Rovigo, Padova, Municipio 2, Milano, Lombardia, 20132, Italia",45.5060589,9.2458066
Spettacoli,14-04-24,2024-04-14,"Via Alessandro Manzoni 42,20121, Milano, MI,Italia",Manzoni,Fiori d'acciaio,https://www.teatro.it/spettacoli/milano/manzoni/2023-2024/fiori-dacciaio,Teatro e spettacolo,"Teatro Manzoni, 42, Via Alessandro Manzoni, Cerchia dei Navigli, Municipio 1, Milano, Lombardia, 20121, Italia",45.4710286,9.1944762
,14-04-24,2024-04-14,"Piazza Guglielmo Oberdan, Milano, MI","Milano, partenza da Piazza Oberdan",Visita guidata: Milano liberty e il quadrilatero del silenzio,https://www.milanotoday.it/eventi/domenica-14-aprile-visita-guidata-milano-liberty-e-il-quadrilatero-del-silenzio.html,Non classificato,"Piazza Guglielmo Oberdan, Guastalla, Municipio 1, Milano, Lombardia, 20219, Italia",45.4740862,9.2049134
Spettacoli,14-04-24,2024-04-14,"Corso Buenos Aires 33,20124, Milano, MI,Italia",Elfo Puccini - Sala Bausch,Kakuma - Fishing in the Desert,https://www.teatro.it/spettacoli/milano/elfo-puccini-sala-bausch/2023-2024/kakuma-fishing-in-the-desert,Teatro e spettacolo,"Teatro Elfo Puccini, 33, Corso Buenos Aires, Buenos Aires - Venezia, Municipio 3, Milano, Lombardia, 20124, Italia",45.4794317,9.2098387
Spettacoli,14-04-24,2024-04-14,"Via Andrea Maria Ampère 1,20131, Milano, MI,Italia",MTM - Leonardo,Persone naturali e strafottenti,https://www.teatro.it/spettacoli/milano/leonardo/2023-2024/marisa-laurito-persone-naturali-e-strafottenti,Teatro e spettacolo,"Teatro Leonardo da Vinci, 1, Via Andrea Maria Ampère, Città Studi, Municipio 3, Milano, Lombardia, 20131, Italia",45.4795266,9.2263901
Spettacoli,14-04-24,2024-04-14,"Largo Antonio Greppi,20121, Milano, MI,Italia",Piccolo Teatro - Teatro Strehler,La ragazza sul divano,https://www.teatro.it/spettacoli/milano/piccolo-teatro-teatro-strehler/2023-2024/la-ragazza-sul-divano,Teatro e spettacolo,"Largo Antonio Greppi, Cerchia dei Navigli, Municipio 1, Milano, Lombardia, 20121, Italia",45.4718248,9.1828857
,14-04-24,2024-04-14,"Via Alemanni, 1, Milano, MI",Sala Moneta,La girandola delle emozioni,https://www.milanotoday.it/eventi/la-girandola-delle-emozioni-laboratorio-poetico-esuviadicicala.html,Non classificato,"Via Alemanni, Cusano, Cusano Milanino, Zona Omogenea Milano Nord, Milano, Lombardia, 20095, Italia",45.5480491,9.181084
Incontri,14-04-24,2024-04-14,"Corso Buenos Aires, 33, Milano, MI",,Il nuovo libro di Giulia Brocco e Julien Bertolin (e uno speciale laboratorio per bambini),https://www.milanotoday.it/eventi/presentazione-libro-giulia-brocco-feltrinelli.html,Formazione e networking,"Teatro Elfo Puccini, 33, Corso Buenos Aires, Buenos Aires - Venezia, Municipio 3, Milano, Lombardia, 20124, Italia",45.4794317,9.2098387
,14-04-24,2024-04-14,"Via Marco D'Oggiono, Milano, MI",Teatro LabArca,Sotto silenzio di Clemente Rebora,https://www.milanotoday.it/eventi/sotto-silenzio-clemente-rebora-davide-del-grosso.html,Non classificato,"Via Marco d'Oggiono, Ticinese, Municipio 1, Milano, Lombardia, 20123, Italia",45.4569667,9.1758861
Spettacoli,14-04-24,2024-04-14,"Via Giordano Rota 1,20145, Milano, MI,Italia",Nazionale Italiana Assicurazioni,Io sono un altro,https://www.teatro.it/spettacoli/milano/nazionale/2023-2024/beppe-grillo-io-sono-un-altro,Teatro e spettacolo,"20145, Italy",45.4643,9.1895
Spettacoli,14-04-24,2024-04-14,"Corso di Porta Romana 63,20122, Milano, MI,Italia",Carcano,La madre,https://www.teatro.it/spettacoli/milano/carcano/2023-2024/la-madre,Teatro e spettacolo,"Teatro Carcano, 63, Corso di Porta Romana, Crocetta, Municipio 1, Milano, Lombardia, 20121, Italia",45.4566842,9.1955297
Spettacoli,14-04-24,2024-04-14,"Via Larga 14,20122, Milano, MI,Italia",Lirico Giorgio Gaber,Fantozzi. Una tragedia,https://www.teatro.it/spettacoli/milano/lirico-giorgio-gaber/2023-2024/gianni-fantoni-fantozzi-una-tragedia,Teatro e spettacolo,"Teatro Lirico Giorgio Gaber, 14, Via Larga, Cerchia dei Navigli, Municipio 1, Milano, Lombardia, 20122, Italia",45.4615135,9.1918702
Spettacoli,14-04-24,2024-04-14,"Via Ciro Menotti 11,20129, Milano, MI,Italia",Menotti,"SPOSE, le nozze del secolo",https://www.teatro.it/spettacoli/milano/menotti/2023-2024/marianella-bargilli-silvia-siravo-spose-le-nozze-del-secolo,Teatro e spettacolo,"Teatro Menotti, 11, Via Ciro Menotti, Buenos Aires - Venezia, Municipio 3, Milano, Lombardia, 20129, Italia",45.4699775,9.2131112
,14-04-24,2024-04-14,"Via Pietro Borsieri, 37, Milano, MI",Blue Note,francesco cavestri live al blue note,https://www.milanotoday.it/eventi/francesco-cavestri-live-al-blue-note.html,Non classificato,"Blue Note, 37, Via Pietro Borsieri, Isola, Municipio 9, Milano, Lombardia, 20159, Italia",45.4895296,9.1888504
Spettacoli,14-04-24,2024-04-14,"Via Valtellina,7,20159, Milano, MI,Italia",Il Sistina Chapiteau - Milano,Billy Elliot - Il musical,https://www.teatro.it/spettacoli/milano/il-sistina-chapiteau/2023-2024/billy-elliot-il-musical,Teatro e spettacolo,"Via Valtellina, Farini, Municipio 9, Milano, Lombardia, 20159, Italia",45.4887938,9.1820604
Spettacoli,14-04-24,2024-04-14,"piazza Piero Carnelli,20138, Milano, MI,Italia",Delfino,"O TELLO, O... IO - Francesco Paolantoni",https://www.teatro.it/spettacoli/milano/delfino/2023-2024/francesco-paolantoni-o-tello-o-io-francesco-paolantoni,Teatro e spettacolo,"Piazza Don Piero Carnelli, Mecenate, Municipio 4, Milano, Lombardia, 20059, Italia",45.4584915,9.2436908
Spettacoli,14-04-24,2024-04-14,"Corso Magenta 24,20123, Milano, MI,Italia",MTM - Litta,La vita al contrario - Il curioso caso di Benjamn Button,https://www.teatro.it/spettacoli/milano/mtm-litta/2023-2024/giorgio-lupano-la-vita-al-contrario-il-curioso-caso-di-benjamn-button,Teatro e spettacolo,"Soprintendenza Archeologia, Belle Arti e Paesaggio per la Città Metropolitana  di Milano, 24, Corso Magenta, Cerchia dei Navigli, Municipio 1, Milano, Lombardia, 20123, Italia",45.4661897,9.1783767
Manifestazioni,21-04-24,2024-04-14,"Brera, Milano, MI",Brera,"Brera Design District, che cosa vedere al Fuorisalone",https://www.milanotoday.it/eventi/brera-design-week-fuorisalone-2024.html,Altri eventi,"Brera, Municipio 8 di Milano, Milano, Lombardia, Italia",45.4735472,9.1884812
Spettacoli,14-04-24,2024-04-14,"Via Larga 14,20122, Milano, MI,Italia",Lirico Giorgio Gaber,Ale & Franz - La commedia,https://www.teatro.it/spettacoli/milano/lirico-giorgio-gaber/2023-2024/ale-e-franz-la-commedia,Teatro e spettacolo,"Teatro Lirico Giorgio Gaber, 14, Via Larga, Cerchia dei Navigli, Municipio 1, Milano, Lombardia, 20122, Italia",45.4615135,9.1918702
Manifestazione Fieristica,21-04-24,2024-04-15,"via Brera, 28, Milano, MI",Pinacoteca di Brera - Biblioteca Nazionale Braidense di Milano,FUORISALONE alla Grande Brera,,Mercati e shopping,"Pinacoteca di Brera, 28, Via Brera, Cerchia dei Navigli, Municipio 1, Milano, Lombardia, 20121, Italia",45.4722421,9.1884071
,15-04-24,2024-04-15,"Via Giuseppe di Vittorio, 6, Milano, MI",MC2 Sport Village,Il ragazzo e la ragazza più veloci di Milano e Trofeo leva mezzofondo,https://www.milanotoday.it/eventi/il-ragazzo-e-la-ragazza-piu-veloci-milano-e-trofeo-leva-mezzofondo.html,Non classificato,"6, Via Giuseppe Di Vittorio, Foramagno, Mezzate, Peschiera Borromeo, Milano, Lombardia, 20068, Italia",45.4355184,9.2889768
,25-04-24,2024-04-15,"Via Brera, 28, Milano, MI",Orto botanico di Brera,"sunRICE, un percorso di trasformazione tra innovazione, sostenibilità e felicità",https://www.milanotoday.it/eventi/fuorisalone-2024-eni-sunrice.html,Non classificato,"Pinacoteca di Brera, 28, Via Brera, Cerchia dei Navigli, Municipio 1, Milano, Lombardia, 20121, Italia",45.4722421,9.1884071
,21-04-24,2024-04-15,"Via Sant'Agnese, 3, Milano, MI",Giardino Aristide Calderini,Kairos: un buon momento,https://www.milanotoday.it/eventi/kairos-un-buon-momento-foro-studio.html,Non classificato,"Via Sant'Agnese, Cerchia dei Navigli, Municipio 1, Milano, Lombardia, 20123, Italia",45.4647678,9.176828
,19-04-24,2024-04-15,"Via Orti, Milano, MI",Caffè Dea,Archbody - stati in luogo,https://www.milanotoday.it/eventi/presentazione-fotografica-archbody-stati-in-luogo-dal-15-al-19-aprile-giuseppe-palmisano-in-arte-io-sono-pipo.html,Non classificato,"Via Orti, Guastalla, Municipio 1, Milano, Lombardia, 20122, Italia",45.4551485,9.2007403
,15-04-24,2024-04-15,"Via Carroccio, 6, Milano, MI",Carroccio6,Milano design week 2024: topylabrys e arte da mangiare in mostra allo spazio carroccio6 tec&de,https://www.milanotoday.it/eventi/salone-del-mobile/milano-design-week-2024.html,Non classificato,"Ambrosia Daily Spa, 6, Via Carroccio, Magenta - San Vittore, Municipio 1, Milano, Lombardia, 20123, Italia",45.4606612,9.1735531
Disco&Feste,21-04-24,2024-04-15,"Via Tortona, 58, Milano, MI",Padiglione Visconti,"Design Week, Ikea fa scoprire la prima casa alle nuove generazioni",https://www.milanotoday.it/eventi/padiglione-ikea-fuorisalone-via-tortona.html,Musica e vita notturna,"58, Via Tortona, Tortona, Municipio 6, Milano, Lombardia, 20144, Italia",45.451368,9.1610367
,30-04-24,2024-04-15,"Via Gaetano Pini, 6, Milano, MI",La fabbrica dell'animazione,Remoto  -  mostra di Salvatore Vitagliano,https://www.milanotoday.it/eventi/remoto-mostra-di-salvatore-vitagliano-salvatore-vitagliano.html,Non classificato,"6, Via Gaetano Pini, Vigentina, Municipio 1, Milano, Lombardia, 20122, Italia",45.4542964,9.1935877
,15-04-24,2024-04-15,"Piazza Leonardo da Vinci, 32, Milano, MI",Politecnico di Milano,Incontri PoliMi con Licia Troisi,https://www.milanotoday.it/eventi/incontri-polimi-licia-troisi-15-aprile-2024-licia-troisi.html,Non classificato,"32, Piazza Leonardo da Vinci, Città Studi, Municipio 3, Milano, Lombardia, 20133, Italia",45.4778083,9.2272468
,15-04-24,2024-04-15,"Via Melchiorre Gioia, 73, Milano, MI",Crowne Plaza Milan City,Let's celebrate design planet,https://www.milanotoday.it/eventi/let-s-celebrate-design-planet.html,Non classificato,"73, Via Melchiorre Gioia, Isola, Municipio 2, Milano, Lombardia, 20124, Italia",45.4895434,9.2007181
Manifestazioni,21-04-24,2024-04-15,"Via Giulio Cesare Procaccini, 4, Milano, MI",Fabbrica del Vapore,"Fuorisalone 2024, tutti gli appuntamenti alla Fabbrica del Vapore",https://www.milanotoday.it/eventi/fuorisalone-2024-appuntamenti-fabbrica-vapore.html,Altri eventi,"4, Via Giulio Cesare Procaccini, Bullona, Porta Volta, Municipio 8 di Milano, Milano, Lombardia, 20154, Italia",45.4839945,9.1753796
,24-05-24,2024-04-15,"Via Passione, 8, Milano, MI",ON HOUSE MILANO,Semplici prodigi. Opere di Claudio Onorato,https://www.milanotoday.it/eventi/semplici-prodigi-opere-di-claudio-onorato-claudio-onorato.html,Non classificato,"8, Via Passione, Guastalla, Municipio 1, Milano, Lombardia, 20122, Italia",45.4648822,9.2011505
,28-04-24,2024-04-15,"Via San Maurilio, 11, Milano, MI",Lo Studio,Metropolitan jungle,https://www.milanotoday.it/eventi/metropolitan-jungle-angela-florio.html,Non classificato,"11, Via San Maurilio, Cerchia dei Navigli, Municipio 1, Milano, Lombardia, 20123, Italia",45.4618372,9.1845282
,15-04-24,2024-04-15,"Piazza Leonardo da Vinci, 32, Milano, MI","Aula Magna, Politecnico di Milano",Incontri PoliMi: Licia Troisi,https://www.milanotoday.it/eventi/incontri-polimi-licia-troisi-licia-troisi.html,Non classificato,"32, Piazza Leonardo da Vinci, Città Studi, Municipio 3, Milano, Lombardia, 20133, Italia",45.4778083,9.2272468
Spettacoli,15-04-24,2024-04-15,"Via Giordano Rota 1,20145, Milano, MI,Italia",Nazionale Italiana Assicurazioni,Capa fresca,https://www.teatro.it/spettacoli/milano/nazionale-chebanca/2023-2024/giovanni-vernia-capa-fresca,Teatro e spettacolo,"20145, Italy",45.4643,9.1895
,21-04-24,2024-04-15,"Piazza del Cannone, Milano, MI",Piazza del Cannone,Design society,https://www.milanotoday.it/eventi/design-society-we-are-you.html,Non classificato,"Piazza del Cannone, Parco Sempione, Municipio 1, Milano, Lombardia, Italia",45.4716693,9.1780647
,21-04-24,2024-04-15,"Via Cristoforo Gluck, 3, Milano, MI",Bar Gluck,Spazi intimi. Visioni sospese tra architettura e design,https://www.milanotoday.it/eventi/salone-del-mobile/spazi-intimi-visioni-sospese-tra-architettura-e-design-francesca-rossi.html,Non classificato,"3, Via Cristoforo Gluck, Centrale, Municipio 2, Milano, Lombardia, 20125, Italia",45.4910266,9.2071697
,21-04-24,2024-04-15,"Via Nerino, 2, Milano, MI",Geppetto is over,Arriva il concept store di Ta-daan alla Milano design week 2024,https://www.milanotoday.it/eventi/arriva-il-concept-store-di-ta-daan-alla-milano-design-week-2024.html,Non classificato,"2, Via Nerino, Cerchia dei Navigli, Municipio 1, Milano, Lombardia, 20123, Italia",45.4618629,9.1839774
,20-04-24,2024-04-15,"Foro Buonaparte, 54, Milano, MI",Via Foro Buonaparte 54,Matrex natura al Brera design district,https://www.milanotoday.it/eventi/matrex-natura-al-brera-design-district-da-lunedi-15-a-sabato-20-aprile-cocktail-aperto-al-pubblico-dalle-17-alle-19.html,Non classificato,"54, Foro Buonaparte, Cerchia dei Navigli, Municipio 1, Milano, Lombardia, 20121, Italia",45.4711123,9.182741
,21-04-24,2024-04-15,"Via Luigi Nono, Milano, MI",Fabbrica del Vapore,"Mostre, esposizioni e musica elettronica: a Milano il mega festival (per il Fuorisalone)",https://www.milanotoday.it/eventi/salone-del-mobile/fuorisalone-fabbrica-vapore.html,Non classificato,"Via Luigi Nono, Bullona, Porta Volta, Municipio 8 di Milano, Milano, Lombardia, 20154, Italia",45.4856873,9.1757526
,21-04-24,2024-04-15,"Via Gaetano de Castillia, 26, Milano, MI",Bravery Bar,Bravery bar: nel cuore di isola il concept bar della milano design week dedicato al dialogo,https://www.milanotoday.it/eventi/bravery-bar-nel-cuore-di-isola.html,Non classificato,"Stecca 3.0, 26, Via Gaetano De Castillia, Isola, Municipio 9, Milano, Lombardia, 20100, Italia",45.4852038,9.1926195
,21-04-24,2024-04-16,"Via Luigi Porro Lambertenghi, 7, Milano, MI",WAO PL7,Wao Isola esordisce al Fuorisalone,https://www.milanotoday.it/eventi/wao-isola-esordisce-al-fuorisalone-2024-gli-spazi-di-pl7-scelti-come-hub-principale-dell-isola-design-festival.html,Non classificato,"Satispay S.p.A., 7, Via Luigi Porro Lambertenghi, Isola, Municipio 9, Milano, Lombardia, 20159, Italia",45.4893735,9.1845968
Spettacoli,16-04-24,2024-04-16,"via Filodrammatici,1,20121, Milano, MI,Italia",Filodrammatici,Scherzo n° 1 Opera prima,https://www.teatro.it/spettacoli/milano/filodrammatici/2023-2024/carlo-amleto-scherzo-n-1-opera-prima,Teatro e spettacolo,"Teatro dei Filodrammatici, 1, Via Filodrammatici, Brera, Municipio 1, Milano, Lombardia, 20121, Italia",45.467261,9.188435
Spettacoli,16-04-24,2024-04-16,"Via G. di Vittorio 6,20090, Assago, MI,Italia",Repower,Coldplay tribute show,https://www.teatro.it/spettacoli/assago/repower/2023-2024/starfish-coldplay-tribute-show,Teatro e spettacolo,"20090, Italy",45.407,9.1083
,21-04-24,2024-04-16,"Corso di Porta Ticinese, 95, Milano, MI",CHIOSTRO DEL MUSEO DIOCESANO CARLO MARIA MARTINI,Il giardino delle idee di Vanity Fair,https://www.milanotoday.it/eventi/il-giardino-delle-idee-di-vanity-fair.html,Non classificato,"95, Corso di Porta Ticinese, Ticinese, Municipio 1, Milano, Lombardia, 20123, Italia",45.4550676,9.1813468
Spettacoli,16-04-24,2024-04-16,"Via Giordano Rota 1,20145, Milano, MI,Italia",Nazionale Italiana Assicurazioni,Balcone a tre piazze,https://www.teatro.it/spettacoli/milano/nazionale-chebanca/2023-2024/biagio-izzo-balcone-a-tre-piazze,Teatro e spettacolo,"20145, Italy",45.4643,9.1895
,21-04-24,2024-04-16,"Via Achille Maiocchi, 15, Milano, MI",Candle Store,C'era d'arte event,https://www.milanotoday.it/eventi/c-era-d-arte-event-andrea-moraes.html,Non classificato,"Via Achille Maiocchi, Buenos Aires - Venezia, Municipio 3, Milano, Lombardia, 20129, Italia",45.4749763,9.212389
,16-04-24,2024-04-16,"Via Enrico Nöe, 24, Milano, MI",21House of Stories,Wine club - speciale Fuorisalone 2024,https://www.milanotoday.it/eventi/salone-del-mobile/wine-club-speciale-fuorisalone-2024.html,Non classificato,"24, Via Enrico Noë, Buenos Aires - Venezia, Municipio 3, Milano, Lombardia, 20133, Italia",45.4783062,9.2203486
,16-04-24,2024-04-16,"Via Marco D'Oggiono, Milano, MI",Teatro LabArca,Clarizio significa psycho,https://www.milanotoday.it/eventi/clarizio-significa-psycho-alberto-clarizio-e-sofia-quintavalli.html,Non classificato,"Via Marco d'Oggiono, Ticinese, Municipio 1, Milano, Lombardia, 20123, Italia",45.4569667,9.1758861
Manifestazioni,21-04-24,2024-04-16,"Via Alzaia Trento, Milano, MI",Parco ex Area Pozzi,"Corsico Design District, il Fuorisalone a due passi da Milano",https://www.milanotoday.it/eventi/corsico-design-district-eventi-fuorisalone-2024.html,Altri eventi,"Via Alzaia Trento, Molinetto di Lorenteggio, Molinetto-Travaglia, Corsico, Milano, Lombardia, 20094, Italia",45.4361073,9.1146218
,20-04-24,2024-04-16,"Via Mac Mahon, Milano, MI",Negozi della via,Le carte delle piante millenarie,https://www.milanotoday.it/eventi/le-carte-delle-piante-millenarie-silvia-cappuccio.html,Non classificato,"Via Mac Mahon, Bullona, Ghisolfa, Municipio 8 di Milano, Milano, Lombardia, 20155, Italia",45.4897288,9.1632828
Spettacoli,17-04-24,2024-04-17,"Via G. di Vittorio 6,20090, Assago, MI,Italia",Repower,"Battisti, La Storia - Tributo a Lucio Battisti",https://www.teatro.it/spettacoli/assago/repower/2023-2024/battisti-la-storia-tributo-a-lucio-battisti,Teatro e spettacolo,"20090, Italy",45.407,9.1083
Spettacoli,17-04-24,2024-04-17,"Via Gaudenzio Fantoli,9,20138, Milano, MI,20138, Milano, MI,Italia",Fabrique,Pare una pazzia,https://www.teatro.it/spettacoli/milano/fabrique/2023-2024/angelina-mango-pare-una-pazzia,Teatro e spettacolo,"20138, Italy",45.4643,9.1895
Spettacoli,17-04-24,2024-04-17,"Via Pietrasanta 14,20124, Milano, MI,Italia",Magazzini Generali,#Civico 6 Club Tour 2024,https://www.teatro.it/spettacoli/milano/magazzini-generali/2023-2024/sonohra-civico-6-club-tour,Teatro e spettacolo,"14, Via Pietrasanta, Ex Om - Morivione, Municipio 5, Milano, Lombardia, 20141, Italia",45.4438506,9.1964489
Spettacoli,17-04-24,2024-04-17,"p.zza IV Novembre 3,20025, Legnano, MI,Italia",Talisio Tirinnanzi,Sette Spose per Sette Fratelli,https://www.teatro.it/spettacoli/legnano/talisio-tirinnanzi/2023-2024/sette-spose-per-sette-fratelli,Teatro e spettacolo,"Scuola Secondaria di Primo Grado Giovanni Ungaretti, 3, Piazza Quattro Novembre, San Giorgio su Legnano, Milano, Lombardia, 20034, Italia",45.5765251,8.9157963
Spettacoli,17-04-24,2024-04-17,"Viale dell'Innovazione 20,20126, Milano, MI,Italia",Arcimboldi,The Simon & Garfunkel Story,https://www.teatro.it/spettacoli/milano/arcimboldi/2023-2024/the-simon-garfunkel-story,Teatro e spettacolo,"20, Viale dell'Innovazione, Bicocca, Municipio 9, Milano, Lombardia, 20125, Italia",45.5148696,9.2135963
Spettacoli,17-04-24,2024-04-17,"Via G. di Vittorio 6,20090, Assago, MI,Italia",Unipol Forum,CLUB DOGO 2024,https://www.teatro.it/spettacoli/assago/mediolanum-forum/2023-2024/club-dogo-2024,Teatro e spettacolo,"20090, Italy",45.407,9.1083
,19-04-24,2024-04-17,"Piazzale Luigi Cadorna, 5, Milano, MI",Redazione Vogue Italia,The Vogue closet,https://www.milanotoday.it/eventi/the-vogue-closet.html,Non classificato,"Edizioni Condé Nast Italia, 5, Piazzale Luigi Cadorna, Cerchia dei Navigli, Municipio 1, Milano, Lombardia, 20123, Italia",45.4673684,9.1772281
,24-04-24,2024-04-18,"Viale Abruzzi, 87, Milano, MI",Atelier Sinergie Milano,Sinergie creative: ori ad arte,https://www.milanotoday.it/eventi/sinergie-creative-ori-ad-arte-michelangelo-lacagnina-e-sara-arnaout-in-atelier-sinergiemilano-michelangelo-lacagnina-e-sara-arnaout.html,Non classificato,"87, Viale Abruzzi, Buenos Aires - Venezia, Municipio 3, Milano, Lombardia, 20131, Italia",45.4843149,9.2167435
Incontri,21-04-24,2024-04-18,"Via Giacomo Watt, 5, Milano, MI",Cross Studio,Individual Lab illumina la Design Week 2024,https://www.milanotoday.it/eventi/salone-del-mobile/design-week-individual-lab.html,Formazione e networking,"10gradinord, 5, Via Giacomo Watt, Barona, Municipio 6, Milano, Lombardia, 20143, Italia",45.4439583,9.1543603
Concerto,18-04-24,2024-04-18,"Via Senato 10, Milano, MI",Archivio di Stato di Milano,Musica in Archivio presenta il concerto dei vincitori del concorso internazionale Bruno Bettinelli 2023,,Musica e vita notturna,"10, Via Senato, Guastalla, Municipio 1, Milano, Lombardia, 20121, Italia",45.4700976,9.1981223
,18-04-24,2024-04-18,"Via Alcide De Gasperi, 2/A, Milano, MI",Senago,Gruppo di lettura,https://www.milanotoday.it/eventi/gruppo-di-lettura-esuviadicicala.html,Non classificato,"Via Alcide De Gasperi, San Domenico, Oltresempione, Legnano, Milano, Lombardia, 20025, Italia",45.5978425,8.9145509
Spettacoli,18-04-24,2024-04-18,"Via G. di Vittorio 6,20090, Assago, MI,Italia",Repower,BOWIE HISTORY,https://www.teatro.it/spettacoli/assago/repower/2023-2024/bowie-history,Teatro e spettacolo,"20090, Italy",45.407,9.1083
,19-04-24,2024-04-19,"Via Luigi Canonica, 9, Milano, MI",Erboristeria Passiflora,Profumi botanici e emozioni: un'esperienza olfattiva fuori dal comune,https://www.milanotoday.it/eventi/profumi-botanici-e-emozioni-un-esperienza-olfattiva-fuori-dal-comune-elena-cobez-designer-di-fragranze.html,Non classificato,"9, Via Luigi Canonica, Sarpi, Municipio 1, Milano, Lombardia, 20154, Italia",45.4775396,9.1770683
,19-04-24,2024-04-19,"Piazza Francesco Carrara, 17, Milano, MI",Centro Asteria,Immaginate l'impossibile,https://www.milanotoday.it/eventi/spettacolo-teatrale-immaginate-l-impossibile-sara-dho.html,Non classificato,"17, Piazza Francesco Carrara, Stadera, Municipio 5, Milano, Lombardia, 20136, Italia",45.4369245,9.1761088
Spettacoli,19-04-24,2024-04-19,"Viale dell'Innovazione 20,20126, Milano, MI,Italia",Arcimboldi,Indagini Live,https://www.teatro.it/spettacoli/milano/arcimboldi/2023-2024/stefano-nazzi-indagini-live,Teatro e spettacolo,"20, Viale dell'Innovazione, Bicocca, Municipio 9, Milano, Lombardia, 20125, Italia",45.5148696,9.2135963
Spettacoli,19-04-24,2024-04-19,"Via Filodrammatici 2,20121, Milano, MI,Italia",Teatro Alla Scala,Gala Fracci,https://www.teatro.it/spettacoli/milano/teatro-alla-scala/2023-2024/gala-fracci,Teatro e spettacolo,"2, Via Filodrammatici, Brera, Milano, Lombardia, 20121, Italia",45.4673781,9.188701
Spettacoli,19-04-24,2024-04-19,"Via G. di Vittorio 6,20090, Assago, MI,Italia",Repower,ABBA DREAM,https://www.teatro.it/spettacoli/assago/repower/2023-2024/abba-dream-in-concerto,Teatro e spettacolo,"20090, Italy",45.407,9.1083
Spettacoli,19-04-24,2024-04-19,"p.zza IV Novembre 3,20025, Legnano, MI,Italia",Talisio Tirinnanzi,Plaza Suite,https://www.teatro.it/spettacoli/legnano/talisio-tirinnanzi/2023-2024/plaza-suite,Teatro e spettacolo,"Scuola Secondaria di Primo Grado Giovanni Ungaretti, 3, Piazza Quattro Novembre, San Giorgio su Legnano, Milano, Lombardia, 20034, Italia",45.5765251,8.9157963
Disco&Feste,20-04-24,2024-04-19,"Viale Luigi Camoens, 15, Milano, MI",,Musica elettronica ai piedi della Torre Branca (e si può salire in cima),https://www.milanotoday.it/eventi/serata-musica-elettronica-torre-branca.html,Musica e vita notturna,"Viale Luigi Camoens, Parco Sempione, Municipio 1, Milano, Lombardia, 20154, Italia",45.4729814,9.1728556
,20-04-24,2024-04-19,"Via Fezzan, 11, Milano, MI",EcoTeatro,La Bibbia un musical della Madonna,https://www.milanotoday.it/eventi/la-bibbia-un-musical-della-madonna-debutta-a-milano-il-nuovo-musical-parodia-di-thomas-centaro-thomas-centaro.html,Non classificato,"EcoTeatro, 11, Via Fezzan, Bande Nere, Municipio 6, Milano, Lombardia, 20146, Italia",45.4592109,9.1459527
,21-04-24,2024-04-19,"Corso Venezia, 2/A, Milano, MI",TEATRO SAN BABILA,La famiglia Addams: musical d'altri tempi,https://www.milanotoday.it/eventi/la-famiglia-addams-musical-d-altri-tempi-compagnia-della-corona.html,Non classificato,"Teatro San Babila, 2a, Corso Venezia, Duomo, Municipio 1, Milano, Lombardia, 20121, Italia",45.4671392,9.1983345
,19-04-24,2024-04-19,"Via Giuseppe Eugenio Luraghi, 11, Milano, MI",Campo Tulipani,Laboratorio poetico campo tulipani Arese,https://www.milanotoday.it/eventi/laboratorio-poetico-campo-tulipani-arese-esuviadicicala.html,Non classificato,"Via Maestra, 11, Viale Giuseppe Eugenio Luraghi, Valera, Arese, Milano, Lombardia, 20044, Italia",45.5638918,9.0510987
Cibo e Vino,21-04-24,2024-04-19,"Piazza Castello, Milano, MI",Cologno Monzese,Il festival della birra a due passi da Milano,https://www.milanotoday.it/eventi/festival-birra-cologno-monzese.html,Enogastronomia,"Piazza Castello, Cerchia dei Navigli, Municipio 1, Milano, Lombardia, Italia",45.4704699,9.1819129
Spettacoli,20-04-24,2024-04-20,"Via Filodrammatici 2,20121, Milano, MI,Italia",Teatro Alla Scala,La rondine,https://www.teatro.it/spettacoli/milano/teatro-alla-scala/2023-2024/la-rondine-teatro-alla-scala,Teatro e spettacolo,"2, Via Filodrammatici, Brera, Milano, Lombardia, 20121, Italia",45.4673781,9.188701
Spettacoli,20-04-24,2024-04-20,"Via G. di Vittorio 6,20090, Assago, MI,Italia",Repower,Time Machine,https://www.teatro.it/spettacoli/assago/repower/2023-2024/pink-floyd-history-time-machine,Teatro e spettacolo,"20090, Italy",45.407,9.1083
,20-04-24,2024-04-20,"Via Marco D'Oggiono, Milano, MI",Teatro LabArca,Aldst project,https://www.milanotoday.it/eventi/aldst-project-viola-marietti.html,Non classificato,"Via Marco d'Oggiono, Ticinese, Municipio 1, Milano, Lombardia, 20123, Italia",45.4569667,9.1758861
Spettacoli,20-04-24,2024-04-20,"Viale dell'Innovazione 20,20126, Milano, MI,Italia",Arcimboldi,Samuele Bersani & Orchestra,https://www.teatro.it/spettacoli/milano/arcimboldi/2023-2024/samuele-bersani-orchestra,Teatro e spettacolo,"20, Viale dell'Innovazione, Bicocca, Municipio 9, Milano, Lombardia, 20125, Italia",45.5148696,9.2135963
,20-04-24,2024-04-20,"Via Alcide De Gasperi, 2/A, Milano, MI",Senago,Gruppo pensieri liberi di uno scrittore,https://www.milanotoday.it/eventi/ami-la-scrittura-unisci-a-noi-gruppo-pensieri-liberi-di-uno-scrittore-esuviadicicala.html,Non classificato,"Via Alcide De Gasperi, San Domenico, Oltresempione, Legnano, Milano, Lombardia, 20025, Italia",45.5978425,8.9145509
Spettacoli,20-04-24,2024-04-20,"Via G. di Vittorio 6,20090, Assago, MI,Italia",Unipol Forum,SIMPLE MINDS - Summer 2025,https://www.teatro.it/spettacoli/assago/mediolanum-forum/2023-2024/simple-minds-global-tour-2024,Teatro e spettacolo,"20090, Italy",45.407,9.1083
Spettacoli,20-04-24,2024-04-20,"Via Alessandro Manzoni 42,20121, Milano, MI,Italia",Manzoni,RAPUNZEL,https://www.teatro.it/spettacoli/milano/manzoni/2023-2024/un-teatro-da-favola-rapunzel,Teatro e spettacolo,"Teatro Manzoni, 42, Via Alessandro Manzoni, Cerchia dei Navigli, Municipio 1, Milano, Lombardia, 20121, Italia",45.4710286,9.1944762
Spettacoli,20-04-24,2024-04-20,"p.zza IV Novembre 3,20025, Legnano, MI,Italia",Talisio Tirinnanzi,Morgan Dal Vivo,https://www.teatro.it/spettacoli/legnano/talisio-tirinnanzi/2023-2024/morgan-dal-vivo,Teatro e spettacolo,"Scuola Secondaria di Primo Grado Giovanni Ungaretti, 3, Piazza Quattro Novembre, San Giorgio su Legnano, Milano, Lombardia, 20034, Italia",45.5765251,8.9157963
Spettacoli,21-04-24,2024-04-21,"Largo Antonio Greppi,20121, Milano, MI,Italia",Piccolo Teatro - Teatro Strehler,Zio Vanja,https://www.teatro.it/spettacoli/milano/piccolo-teatro-teatro-strehler/2023-2024/zio-vanja,Teatro e spettacolo,"Largo Antonio Greppi, Cerchia dei Navigli, Municipio 1, Milano, Lombardia, 20121, Italia",45.4718248,9.1828857
Spettacoli,21-04-24,2024-04-21,"Corso di Porta Romana 63,20122, Milano, MI,Italia",Carcano,"OTELLO, di precise parole si vive",https://www.teatro.it/spettacoli/milano/carcano/2023-2024/lella-costa-e-gabriele-vacis-otello-di-precise-parole-si-vive,Teatro e spettacolo,"Teatro Carcano, 63, Corso di Porta Romana, Crocetta, Municipio 1, Milano, Lombardia, 20121, Italia",45.4566842,9.1955297
Spettacoli,21-04-24,2024-04-21,"Via Ciro Menotti 11,20129, Milano, MI,Italia",Menotti,IL SEN(n)O,https://www.teatro.it/spettacoli/milano/menotti/2023-2024/lucia-mascino-il-senno,Teatro e spettacolo,"Teatro Menotti, 11, Via Ciro Menotti, Buenos Aires - Venezia, Municipio 3, Milano, Lombardia, 20129, Italia",45.4699775,9.2131112
,21-04-24,2024-04-21,"Piazza del Duomo, Milano, MI",Palazzo Reale di Milano,Visita guidata alla mostra di Cézanne e Renoir,https://www.milanotoday.it/eventi/domenica-21-aprile-visita-guidata-alla-mostra-di-cezanne-e-renoir-a-milano.html,Non classificato,"Piazza del Duomo, Duomo, Municipio 1, Milano, Lombardia, Italia",45.4639102,9.1906398
Spettacoli,21-04-24,2024-04-21,"Via Pier Lombardo 14,20135, Milano, MI,Italia",Franco Parenti - Sala Blu,Magnificat,https://www.teatro.it/spettacoli/milano/franco-parenti-sala-acomea/2023-2024/lucilla-giagnoni-magnificat,Teatro e spettacolo,"Via Pier Lombardo, Porta Romana, Municipio 4, Milano, Lombardia, 20135, Italia",45.4542958,9.2063109
Spettacoli,21-04-24,2024-04-21,"Corso Buenos Aires 33,20124, Milano, MI,Italia",Elfo Puccini - Sala Bausch,GRAMSCI GAY,https://www.teatro.it/spettacoli/milano/elfo-puccini-sala-bausch/2023-2024/gramsci-gay,Teatro e spettacolo,"Teatro Elfo Puccini, 33, Corso Buenos Aires, Buenos Aires - Venezia, Municipio 3, Milano, Lombardia, 20124, Italia",45.4794317,9.2098387
Spettacoli,21-04-24,2024-04-21,"Via Larga 14,20122, Milano, MI,Italia",Lirico Giorgio Gaber,Perfetta,https://www.teatro.it/spettacoli/milano/lirico-giorgio-gaber/2023-2024/geppi-cucciari-perfetta,Teatro e spettacolo,"Teatro Lirico Giorgio Gaber, 14, Via Larga, Cerchia dei Navigli, Municipio 1, Milano, Lombardia, 20122, Italia",45.4615135,9.1918702
,21-04-24,2024-04-21,"Piazza del Duomo, Milano, MI",Palazzo Reale di Milano,Visita guidata alla mostra di De Nittis,https://www.milanotoday.it/eventi/domenica-21-aprile-visita-guidata-alla-mostra-di-de-nittis-a-milano.html,Non classificato,"Piazza del Duomo, Duomo, Municipio 1, Milano, Lombardia, Italia",45.4639102,9.1906398
Spettacoli,21-04-24,2024-04-21,"Piazza S. Magno,20025, Legnano, MI,Italia",Galleria,7°... non  rubare,https://www.teatro.it/spettacoli/legnano/galleria/2023-2024/i-legnanesi-7non-rubare,Teatro e spettacolo,"Piazza San Magno, San Magno, Oltresempione, Legnano, Milano, Lombardia, 20025, Italia",45.5945411,8.9179889
Spettacoli,21-04-24,2024-04-21,"Viale dell'Innovazione 20,20126, Milano, MI,Italia",Arcimboldi,Rock History - Symphonic Live Show,https://www.teatro.it/spettacoli/milano/arcimboldi/2023-2024/rock-history-symphonic-live-show,Teatro e spettacolo,"20, Viale dell'Innovazione, Bicocca, Municipio 9, Milano, Lombardia, 20125, Italia",45.5148696,9.2135963
Spettacoli,21-04-24,2024-04-21,"Via G. di Vittorio 6,20090, Assago, MI,Italia",Repower,Il Gruffalò,https://www.teatro.it/spettacoli/assago/repower/2023-2024/il-gruffalo,Teatro e spettacolo,"20090, Italy",45.407,9.1083
Spettacoli,21-04-24,2024-04-21,"Corso Venezia 2/A,20121, Milano, MI,Italia",San Babila,La Famiglia Addams,https://www.teatro.it/spettacoli/milano/san-babila/2023-2024/la-famiglia-addams,Teatro e spettacolo,"Teatro San Babila, 2a, Corso Venezia, Duomo, Municipio 1, Milano, Lombardia, 20121, Italia",45.4671392,9.1983345
Spettacoli,21-04-24,2024-04-21,"Via Giordano Rota 1,20145, Milano, MI,Italia",Nazionale Italiana Assicurazioni,Queen at the Opera,https://www.teatro.it/spettacoli/milano/nazionale-chebanca/2023-2024/queen-at-the-opera-the-show,Teatro e spettacolo,"20145, Italy",45.4643,9.1895
,21-04-24,2024-04-21,"Via Fratelli Rosselli, 6, Milano, MI",Chiesa della Medaglia Miracolosa,Concerto lirico di primavera,https://www.milanotoday.it/eventi/concerto-lirico-concerto-di-primavera-ekaterina-adamova.html,Non classificato,"6, Via Fratelli Rosselli, Lodi - Corvetto, Municipio 4, Milano, Lombardia, 20139, Italia",45.4423782,9.2253198
,21-04-24,2024-04-21,"Via Pompeo Cambiasi, 10, Milano, MI",Teatro Campo Teatrale,Milano che canta e si diverte,https://www.milanotoday.it/eventi/milano-che-canta-e-si-diverte-compagnia-musicale-e-teatrale-zenasingers.html,Non classificato,"10, Via Pompeo Cambiasi, Loreto, Municipio 3, Milano, Lombardia, 20131, Italia",45.4899575,9.2313007
Spettacoli,21-04-24,2024-04-21,"Via Hermada,8,20162, Milano, MI,Italia",della Cooperativa,Animali domestici,https://www.teatro.it/spettacoli/milano/della-cooperativa/2023-2024/animali-domestici,Teatro e spettacolo,"8, Via privata Hermada, Niguarda - Cà Granda, Municipio 9, Milano, Lombardia, 20162, Italia",45.5147872,9.1901457
Spettacoli,21-04-24,2024-04-21,"Corso Buenos Aires,33,20124, Milano, MI,Italia",Teatro Elfo Puccini - sala Fassbinder,GIORNI FELICI,https://www.teatro.it/spettacoli/milano/teatro-elfo-puccini-sala-fassbinder/2023-2024/giorni-felici-elena-russo-arman,Teatro e spettacolo,"Teatro Elfo Puccini, 33, Corso Buenos Aires, Buenos Aires - Venezia, Municipio 3, Milano, Lombardia, 20124, Italia",45.4794317,9.2098387
Mercatini,09-06-24,2024-04-21,"Via Luigi Nono, Milano, MI",Tempio del Futuro Perduto,"Baratto Market, il mercatino dove tutto è gratuito",https://www.milanotoday.it/eventi/baratto-market-mercatino-scambio-oggetti.html,Mercati e shopping,"Via Luigi Nono, Bullona, Porta Volta, Municipio 8 di Milano, Milano, Lombardia, 20154, Italia",45.4856873,9.1757526
Spettacoli,22-04-24,2024-04-22,"Via G. di Vittorio 6,20090, Assago, MI,Italia",Unipol Forum,The River Is Rising - Rest Of The World Tour 24,https://www.teatro.it/spettacoli/assago/mediolanum-forum/2023-2024/slash-myles-kennedy-the-river-is-rising-rest-of-the-world-tour-24,Teatro e spettacolo,"20090, Italy",45.407,9.1083
Spettacoli,22-04-24,2024-04-22,"v. Matteotti 30,20064, Gorgonzola, MI,Italia",Sala Argentia,FILIPPO CACCAMO,https://www.teatro.it/spettacoli/gorgonzola/sala-argentia/2023-2024/filippo-caccamo-le-filippiche,Teatro e spettacolo,"Sala Argentia, 30, Via Giacomo Matteotti, Gorgonzola, Milano, Lombardia, 20064, Italia",45.5327792,9.4032916
,22-04-24,2024-04-22,"Corso Magenta, 83, Milano, MI",Sede Anima Edizioni,Yoga metaforico di Mara Valenti,https://www.milanotoday.it/eventi/il-22-aprile-presentazione-del-libro-yoga-metaforico-di-mara-valenti-pubblicato-da-anima-edizioni.html,Non classificato,"83, Corso Magenta, Magenta - San Vittore, Municipio 1, Milano, Lombardia, 20123, Italia",45.4658018,9.1671219
Spettacoli,22-04-24,2024-04-22,"Via Larga 14,20122, Milano, MI,Italia",Lirico Giorgio Gaber,Grande figlio di p*****a,https://www.teatro.it/spettacoli/milano/lirico-giorgio-gaber/2023-2024/eleazaro-rossi-grande-figlio-di-pa,Teatro e spettacolo,"Teatro Lirico Giorgio Gaber, 14, Via Larga, Cerchia dei Navigli, Municipio 1, Milano, Lombardia, 20122, Italia",45.4615135,9.1918702
Spettacoli,22-04-24,2024-04-22,"Viale dell'Innovazione 20,20126, Milano, MI,Italia",Arcimboldi,David Garrett Trio - Iconic Tour 2023,https://www.teatro.it/spettacoli/milano/arcimboldi/2023-2024/david-garrett-trio-iconic-tour-2023,Teatro e spettacolo,"20, Viale dell'Innovazione, Bicocca, Municipio 9, Milano, Lombardia, 20125, Italia",45.5148696,9.2135963
,22-04-24,2024-04-22,"Via Tullo Massarani, 6, Milano, MI",Lime Milano,Maxischermo Milan-Inter,https://www.milanotoday.it/eventi/maxischermo-milan-inter-derby-scudetto-1000-posti.html,Non classificato,"Ligh Lime, 6, Via Tullo Massarani, Lodi - Corvetto, Municipio 4, Milano, Lombardia, 20139, Italia",45.4444545,9.2161877
Concerti,22-04-24,2024-04-22,"Viale dell'Innovazione, Milano, MI",Teatro degli Arcimboldi,Il violinista David Garrett torna in concerto a Milano,https://www.milanotoday.it/eventi/concerti/david-garrett-2024.html,Musica e vita notturna,"Viale dell'Innovazione, Bicocca, Municipio 9, Milano, Lombardia, 20126, Italia",45.5123725,9.2116366
Spettacoli,23-04-24,2024-04-23,"Via Hermada,8,20162, Milano, MI,Italia",della Cooperativa,"Mio padre, appunti sulla guerra civile",https://www.teatro.it/spettacoli/milano/della-cooperativa/2023-2024/mio-padre-appunti-sulla-guerra-civile,Teatro e spettacolo,"8, Via privata Hermada, Niguarda - Cà Granda, Municipio 9, Milano, Lombardia, 20162, Italia",45.5147872,9.1901457
,23-04-24,2024-04-23,"Via Alcide De Gasperi, 2/A, Milano, MI",Senago,Gruppo libroterapia albi illustrati e poesia,https://www.milanotoday.it/eventi/1-incontro-gruppo-libroterapia-albi-illustrati-e-poesia-esuviadicicala.html,Non classificato,"Via Alcide De Gasperi, San Domenico, Oltresempione, Legnano, Milano, Lombardia, 20025, Italia",45.5978425,8.9145509
Spettacoli,23-04-24,2024-04-23,"Corso Venezia 2/A,20121, Milano, MI,Italia",San Babila,Calcio Spettacolo,https://www.teatro.it/spettacoli/milano/san-babila/2023-2024/gli-autogol-calcio-spettacolo,Teatro e spettacolo,"Teatro San Babila, 2a, Corso Venezia, Duomo, Municipio 1, Milano, Lombardia, 20121, Italia",45.4671392,9.1983345
Spettacoli,23-04-24,2024-04-23,"via Pitteri 58,20134, Milano, MI,Italia",Martinitt,C'è sempre qualcosa da bere,https://www.teatro.it/spettacoli/milano/martinitt/2023-2024/giorgio-montanini-ce-sempre-qualcosa-da-bere,Teatro e spettacolo,"Via Riccardo Pitteri, Lambrate, Municipio 3, Milano, Lombardia, 20134, Italia",45.4791078,9.2461224
Spettacoli,23-04-24,2024-04-23,"Via Gaudenzio Fantoli,9,20138, Milano, MI,20138, Milano, MI,Italia",Fabrique,TURBOPAOLO 500,https://www.teatro.it/spettacoli/milano/fabrique/2023-2024/turbo-paolo-turbopaolo-500,Teatro e spettacolo,"20138, Italy",45.4643,9.1895
,23-04-24,2024-04-23,"Corso Garibaldi, 27, Milano, MI",C.A.M. Garibaldi ‘Falcone e Borsellino’- Presso il chiostro della ex chiesa degli Angioli,l’antica credenza di sant’ambrogio presenta la panerada 2024,https://www.milanotoday.it/eventi/l-antica-credenza-di-sant-ambrogio.html,Non classificato,"27, Corso Giuseppe Garibaldi, Brera, Municipio 1, Milano, Lombardia, 20121, Italia",45.4730231,9.18362
,23-04-24,2024-04-23,"Via Noto, 9, Milano, MI",Tempio del Futuro Perduto,Cerimonia del cacao,https://www.milanotoday.it/eventi/cerimonia-del-cacao.html,Non classificato,"Via Noto, Ripamonti, Municipio 5, Milano, Lombardia, 20141, Italia",45.43068,9.2010271
Spettacoli,23-04-24,2024-04-23,"Viale dell'Innovazione 20,20126, Milano, MI,Italia",Arcimboldi,The Smash Hit,https://www.teatro.it/spettacoli/milano/arcimboldi/2023-2024/the-blues-brothers-the-smash-hit,Teatro e spettacolo,"20, Viale dell'Innovazione, Bicocca, Municipio 9, Milano, Lombardia, 20125, Italia",45.5148696,9.2135963
Concerti,24-04-24,2024-04-24,"Piazza Gae Aulenti, Milano, MI",IBM Studios,Il concerto di Elio (accompagnato da un'orchestra di musica classica),https://www.milanotoday.it/eventi/concerto-elio-2024.html,Musica e vita notturna,"Piazza Gae Aulenti, GARIBALDI REPUBBLICA, Municipio 9, Milano, Lombardia, Italia",45.4834778,9.1902248
,25-04-24,2024-04-24,"Via Camillo Finocchiaro Aprile, 9a, Milano, MI",SEQUOIA MILANO,"Sequoia cristal garden, apertivo e party",https://www.milanotoday.it/eventi/sequoia-cristal-garden-apertivo-e-party.html,Non classificato,"9a, Via Camillo Finocchiaro Aprile, Centrale, Municipio 2, Milano, Lombardia, 20124, Italia",45.4784198,9.200376
,15-06-24,2024-04-24,"Via San Maurilio, 14, Milano, MI",Gilda Contemporary Art,The book: Flumina + The greenland project,https://www.milanotoday.it/eventi/the-book-flumina-the-greenland-project-roberto-ghezzi.html,Non classificato,"14, Via San Maurilio, Cerchia dei Navigli, Municipio 1, Milano, Lombardia, 20123, Italia",45.4622752,9.1839049
Apertura festiva,25-04-24,2024-04-25,"via Brera, 28, Milano, MI",Pinacoteca di Brera,25 APRILE 2024 Festa della Liberazione a Brera con Ingresso Gratuito,,Inaugurazioni,"Pinacoteca di Brera, 28, Via Brera, Cerchia dei Navigli, Municipio 1, Milano, Lombardia, 20121, Italia",45.4722421,9.1884071
Manifestazioni,28-04-24,2024-04-25,"Via Gozzadini, Milano, MI",Gaggiano,La mostra mercato di fiori e arte lungo il Naviglio,https://www.milanotoday.it/eventi/mercato-fiori-gaggiano.html,Altri eventi,"Via Gozzadini, San Siro, Municipio 7, Milano, Lombardia, 20148, Italia",45.4739229,9.1281145
Spettacoli,25-04-24,2024-04-25,"via Pier Lombardo,14,20135, Milano, MI,Italia",Franco Parenti - Sala Grande,Una giornata qualunque del danzatore Gregorio Samsa,https://www.teatro.it/spettacoli/milano/franco-parenti-sala-grande/2023-2024/lorenzo-gleijeses-una-giornata-qualunque-del-danzatore-gregorio-samsa,Teatro e spettacolo,"Via Pier Lombardo, Porta Romana, Municipio 4, Milano, Lombardia, 20135, Italia",45.4542958,9.2063109
Spettacoli,25-04-24,2024-04-25,"Piazza S. Magno,20025, Legnano, MI,Italia",Galleria,The Smash Hit,https://www.teatro.it/spettacoli/legnano/galleria/2023-2024/the-blues-brothers-the-smash-hit,Teatro e spettacolo,"Piazza San Magno, San Magno, Oltresempione, Legnano, Milano, Lombardia, 20025, Italia",45.5945411,8.9179889
,04-05-24,2024-04-26,"Via Nicola Antonio Porpora, 16a, Milano, MI",iKonica Art Gallery,Viaggio tra forme e colori,https://www.milanotoday.it/eventi/viaggio-tra-forme-e-colori.html,Non classificato,"Via Nicola Antonio Porpora, Loreto, Municipio 3, Milano, Lombardia, 20131, Italia",45.4860581,9.2259393
Manifestazioni,28-04-24,2024-04-26,"Via Unica Poasco, Milano, MI",,Spettacoli di circo e Street Food a pochi passi da Milano,https://www.milanotoday.it/eventi/poasco-street-food.html,Altri eventi,"Via Unica Poasco, Sorigherio, Poasco, San Donato Milanese, Milano, Lombardia, 20241, Italia",45.4064231,9.2276461
,05-05-24,2024-04-26,"Via Giuseppe di Vittorio, 2, Milano, MI",CENTRO SPORTIVO DI SENAGO,Sagra dei pizzoccheri,https://www.milanotoday.it/eventi/sagra-dei-pizzoccheri-2024.html,Non classificato,"28/2, Via Giuseppe Di Vittorio, Foramagno, Peschiera Borromeo, Milano, Lombardia, 20068, Italia",45.4270849,9.2880658
Spettacoli,27-04-24,2024-04-27,"Via G. di Vittorio 6,20090, Assago, MI,Italia",Unipol Forum,Lo show dei 10 anni,https://www.teatro.it/spettacoli/assago/mediolanum-forum/2023-2024/me-contro-te,Teatro e spettacolo,"20090, Italy",45.407,9.1083
Spettacoli,27-04-24,2024-04-27,"Via Filodrammatici 2,20121, Milano, MI,Italia",Teatro Alla Scala,Sinfonia n. 9,https://www.teatro.it/spettacoli/milano/teatro-alla-scala/2023-2024/daniele-gatti-sinfonia-n-9,Teatro e spettacolo,"2, Via Filodrammatici, Brera, Milano, Lombardia, 20121, Italia",45.4673781,9.188701
,28-04-24,2024-04-27,"Tangenziale Nord, 4, Milano, MI",Prologis Park Romentino,Alla scoperta dell'Urban Art nei pressi di Milano: tour gratuiti presso il Prologis Park Romentino,https://www.milanotoday.it/eventi/urban-art-milano-romentino-park.html,Non classificato,"Tangenziale Nord di Milano, Cascina Novella, Monza, Zona Omogenea Milano Nord, Monza e della Brianza, Lombardia, 20092, Italia",45.5671904,9.2292733
Teatri,28-04-24,2024-04-27,"Viale dell'Innovazione, 20, Milano, MI",Teatro degli Arcimboldi,"Ornella Vanoni ""Senza Fine"", lo spettacolo che celebra la sua carriera",https://www.milanotoday.it/eventi/spettacolo-ornella-vanoni-arcimboldi.html,Teatro e spettacolo,"20, Viale dell'Innovazione, Bicocca, Municipio 9, Milano, Lombardia, 20125, Italia",45.5148696,9.2135963
,28-04-24,2024-04-28,"Via Fezzan, 11, Milano, MI",Ecoteatro,Milano per mano con Walter Di Gemma,https://www.milanotoday.it/eventi/milano-per-mano-di-e-con-walter-di-gemma-walter-di-gemma.html,Non classificato,"EcoTeatro, 11, Via Fezzan, Bande Nere, Municipio 6, Milano, Lombardia, 20146, Italia",45.4592109,9.1459527
Spettacoli,28-04-24,2024-04-28,"Viale dell'Innovazione 20,20126, Milano, MI,Italia",Arcimboldi,Senza fine,https://www.teatro.it/spettacoli/milano/arcimboldi/2023-2024/ornella-vanoni-senza-fine,Teatro e spettacolo,"20, Viale dell'Innovazione, Bicocca, Municipio 9, Milano, Lombardia, 20125, Italia",45.5148696,9.2135963
Spettacoli,28-04-24,2024-04-28,"Via Giordano Rota 1,20145, Milano, MI,Italia",Nazionale Italiana Assicurazioni,Vlad Dracula - il musical,https://www.teatro.it/spettacoli/milano/nazionale-chebanca/2023-2024/vlad-dracula-il-musical,Teatro e spettacolo,"20145, Italy",45.4643,9.1895
Mercatini,28-04-24,2024-04-28,"Via Angelo Mosso, 3, Milano, MI",Mosso Milano,"Flug Market, torna il mercatino degli artigiani e dei collezionisti",https://www.milanotoday.it/eventi/flug-market-mercatino-artgiani-2024.html,Mercati e shopping,"Mosso, 3, Via Angelo Mosso, Nolo, Municipio 2, Milano, Lombardia, 20127, Italia",45.4940174,9.2262206
Mercatini,28-04-24,2024-04-28,"Alzaia Naviglio Grande, Milano, MI",Naviglio Grande,Il grande ritorno del Mercatone dell'Antiquariato sui Navigli,https://www.milanotoday.it/eventi/mercato-antiquariato-navigli-aprile-2024.html,Mercati e shopping,"Alzaia Naviglio Grande, Navigli, Municipio 6, Milano, Lombardia, 20136, Italia",45.4520419,9.1756524
Spettacoli,28-04-24,2024-04-28,"Corso Buenos Aires 33,20124, Milano, MI,Italia",Elfo Puccini - sala Shakespeare,Salveremo il mondo prima dell'alba,https://www.teatro.it/spettacoli/milano/elfo-puccini-sala-shakespeare/2023-2024/salveremo-il-mondo-prima-dellalba,Teatro e spettacolo,"Teatro Elfo Puccini, 33, Corso Buenos Aires, Buenos Aires - Venezia, Municipio 3, Milano, Lombardia, 20124, Italia",45.4794317,9.2098387
Spettacoli,28-04-24,2024-04-28,"Via Alessandro Manzoni 42,20121, Milano, MI,Italia",Manzoni,Pigiama per sei,https://www.teatro.it/spettacoli/milano/manzoni/2023-2024/pigiama-per-sei,Teatro e spettacolo,"Teatro Manzoni, 42, Via Alessandro Manzoni, Cerchia dei Navigli, Municipio 1, Milano, Lombardia, 20121, Italia",45.4710286,9.1944762
,29-04-24,2024-04-29,"Via Alessandro Manzoni, 40, Milano, MI",Teatro Manzoni,Finale della vii edizione del premio wondy,https://www.milanotoday.it/eventi/finale-della-vii-edizione-del-premio-wondy-2024.html,Non classificato,"40, Via Alessandro Manzoni, Cerchia dei Navigli, Municipio 1, Milano, Lombardia, 20121, Italia",45.4712799,9.1941811
Spettacoli,29-04-24,2024-04-29,"Via Larga 14,20122, Milano, MI,Italia",Lirico Giorgio Gaber,Red Sox,https://www.teatro.it/spettacoli/milano/lirico-giorgio-gaber/2023-2024/luca-ravenna-red-sox,Teatro e spettacolo,"Teatro Lirico Giorgio Gaber, 14, Via Larga, Cerchia dei Navigli, Municipio 1, Milano, Lombardia, 20122, Italia",45.4615135,9.1918702
Spettacoli,29-04-24,2024-04-29,"Via G. di Vittorio 6,20090, Assago, MI,Italia",Unipol Forum,Capitolo I,https://www.teatro.it/spettacoli/assago/mediolanum-forum/2023-2024/annalisa-tutti-nel-vortice-tour,Teatro e spettacolo,"20090, Italy",45.407,9.1083
Spettacoli,29-04-24,2024-04-29,"Via Larga 14,20122, Milano, MI,Italia",Lirico Giorgio Gaber,Red Sox,https://www.teatro.it/spettacoli/milano/lirico-giorgio-gaber/2023-2024/luca-ravenna-red-sox,Teatro e spettacolo,"Teatro Lirico Giorgio Gaber, 14, Via Larga, Cerchia dei Navigli, Municipio 1, Milano, Lombardia, 20122, Italia",45.4615135,9.1918702
Spettacoli,30-04-24,2024-04-30,"Via Larga 14,20122, Milano, MI,Italia",Lirico Giorgio Gaber,A casa mia!,https://www.teatro.it/spettacoli/milano/lirico-giorgio-gaber/2023-2024/shamzy-a-casa-mia,Teatro e spettacolo,"Teatro Lirico Giorgio Gaber, 14, Via Larga, Cerchia dei Navigli, Municipio 1, Milano, Lombardia, 20122, Italia",45.4615135,9.1918702
Apertura festiva,01-05-24,2024-05-01,"via Brera, 28, Milano, MI",Pinacoteca di Brera,1° Maggio 2024 - a Brera riposiamoci con Arte!,,Inaugurazioni,"Pinacoteca di Brera, 28, Via Brera, Cerchia dei Navigli, Municipio 1, Milano, Lombardia, 20121, Italia",45.4722421,9.1884071
Spettacoli,02-05-24,2024-05-02,"Viale dell'Innovazione 20,20126, Milano, MI,Italia",Arcimboldi,INTIMO SEXI! Elvis a Teatro 2024,https://www.teatro.it/spettacoli/milano/arcimboldi/2023-2024/baustelle-intimo-sexi-elvis-a-teatro-2024,Teatro e spettacolo,"20, Viale dell'Innovazione, Bicocca, Municipio 9, Milano, Lombardia, 20125, Italia",45.5148696,9.2135963
Spettacoli,02-05-24,2024-05-02,"Via Larga 14,20122, Milano, MI,Italia",Lirico Giorgio Gaber,Confessioni di un malandrino,https://www.teatro.it/spettacoli/milano/lirico-giorgio-gaber/2023-2024/angelo-branduardi-confessioni-di-un-malandrino,Teatro e spettacolo,"Teatro Lirico Giorgio Gaber, 14, Via Larga, Cerchia dei Navigli, Municipio 1, Milano, Lombardia, 20122, Italia",45.4615135,9.1918702
,25-05-24,2024-05-02,"Via Brera, 2, Milano, MI",Galleria Ponte Rosso,Contemporaries,https://www.milanotoday.it/eventi/contemporaries-collettiva.html,Non classificato,"Valstar, 2, Via Brera, Brera, Milano, Lombardia, 20121, Italia",45.4693543,9.1882354
Spettacoli,02-05-24,2024-05-02,"Piazza S. Magno,20025, Legnano, MI,Italia",Galleria,50th Selling England by the Pound,https://www.teatro.it/spettacoli/legnano/galleria/2023-2024/the-musical-box-50th-selling-england-by-the-pound,Teatro e spettacolo,"Piazza San Magno, San Magno, Oltresempione, Legnano, Milano, Lombardia, 20025, Italia",45.5945411,8.9179889
,02-05-24,2024-05-02,"Via Giosuè Borsi, 9, Milano, MI",Apollo Club,Gianluca De Rubertis live,https://www.milanotoday.it/eventi/gianluca-de-rubertis-live-all-apollo-club-di-milano-giovedi-2-maggio-gianluca-de-rubertis.html,Non classificato,"9, Via Giosuè Borsi, Navigli, Municipio 6, Milano, Lombardia, 20143, Italia",45.4474144,9.1736183
Spettacoli,03-05-24,2024-05-03,"Via Larga 14,20122, Milano, MI,Italia",Lirico Giorgio Gaber,Omaggio a Nureyev,https://www.teatro.it/spettacoli/milano/lirico-giorgio-gaber/2023-2024/omaggio-a-nureyev-gala-di-danza,Teatro e spettacolo,"Teatro Lirico Giorgio Gaber, 14, Via Larga, Cerchia dei Navigli, Municipio 1, Milano, Lombardia, 20122, Italia",45.4615135,9.1918702
Spettacoli,03-05-24,2024-05-03,"Piazza Risorgimento 19,20066, Melzo, MI,Italia",Trivulzio,Progressive Rock,https://www.teatro.it/spettacoli/melzo/trivulzio/2023-2024/prog-legends-the-great-progressive-rock-show,Teatro e spettacolo,"Piazza Risorgimento, Melzo, Milano, Lombardia, 20066, Italia",45.5003449,9.4229132
Mostra,06-07-24,2024-05-03,"via Brera, 28, Milano, MI",Pinacoteca di Brera - Biblioteca Nazionale Braidense di Milano,Baj. Libri in libertà,,Arte e cultura,"Pinacoteca di Brera, 28, Via Brera, Cerchia dei Navigli, Municipio 1, Milano, Lombardia, 20121, Italia",45.4722421,9.1884071
,05-05-24,2024-05-03,"Via Mac Mahon, 16, Milano, MI",Teatro Out Off,4:48 psychosis,https://www.milanotoday.it/eventi/4-48-psychosis-con-elena-arvigo-al-teatro-out-off-dal-3-al-5-maggio-2024-elena-arvigo.html,Non classificato,"Via Mac Mahon, Villapizzone, Cagnola, Municipio 8 di Milano, Milano, Lombardia, 20155, Italia",45.4950411,9.1565963
,03-05-24,2024-05-03,"Largo Corsia dei Servi, 4, Milano, MI",Centro Culturale di Milano,Bonjour tristesse,https://www.milanotoday.it/eventi/bonjour-tristesse-spettacolo-teatrale-debora-zuin-con-regia-di-paolo-bignamini-e-aiuto-regia-giulia-asselta.html,Non classificato,"Largo Corsia dei Servi, Duomo, Municipio 1, Milano, Lombardia, 20122, Italia",45.4647722,9.1958825
,04-05-24,2024-05-03,"Via Gargano, 15, Milano, MI",Club Plastic,Goes to Plastic,https://www.milanotoday.it/eventi/goes-to-plastic.html,Non classificato,"15, Via Gargano, Scalo Romana, Municipio 5, Milano, Lombardia, 20139, Italia",45.4381784,9.2060207
,12-05-24,2024-05-03,"Via Fabio Filzi, Milano, MI",Parco Borromeo,La sagra della Valtellina,https://www.milanotoday.it/eventi/la-sagra-della-valtellina-con-prodotti-tipici-e-sapori-della-tradizione-e-pronta-a-deliziare-peschiera-borromeo-milano.html,Non classificato,"Via Fabio Filzi, Villaggio Gorizia, Cassina di Prà, Baranzate, Milano, Lombardia, 20021, Italia",45.5245626,9.1143328
Concerti,03-05-24,2024-05-03,"Via San Giovanni sul Muro, 2, Milano, MI",Teatro Dal Verme,I Ricchi e poveri in concerto a Milano dopo il successo sanremese,https://www.milanotoday.it/eventi/concerti/ricchi-poveri-3-giugno-2024.html,Musica e vita notturna,"2, Via San Giovanni sul Muro, Cerchia dei Navigli, Municipio 1, Milano, Lombardia, 20121, Italia",45.4671162,9.1814924
,03-05-24,2024-05-03,"Via Giovanni Battista Nazari, 3, Milano, MI",SPAZIO ADADS,Piazzolla mon amour,https://www.milanotoday.it/eventi/piazzolla-mon-amour-duo-masiello-fazio.html,Non classificato,"3, Via Giovanni Battista Nazari, XXII Marzo, Municipio 4, Milano, Lombardia, 20130, Italia",45.4659146,9.2222389
Mostra,03-06-24,2024-05-03,"Via Torquato Tasso, 8, Milano, MI",Palazzo della Provincia,Fondazione Ravasio - Museo del Burattino ETS | Contenuti e metodi per la promozione del teatro di figura,,Arte e cultura,"8, Via Torquato Tasso, Magenta - San Vittore, Municipio 1, Milano, Lombardia, 20123, Italia",45.4710243,9.167469
,04-05-24,2024-05-04,"Piazza Insubria, Milano, MI",Piazza Insubria,"Calvairate cleaning day 2024, puliamo Calvairate!",https://www.milanotoday.it/eventi/calvairate-cleaning-day-2024-puliamo-calvairate-loggia-di-calvairate-e-fai-giovani.html,Non classificato,"Piazza Insubria, Umbria - Molise, Municipio 4, Milano, Lombardia, Italia",45.4529977,9.2206282
Teatri,05-05-24,2024-05-04,"Viale dell'Innovazione, 20, Milano, MI",Teatro degli Arcimboldi,"""Star Wars, l'Impero colpisce ancora"": il concerto",https://www.milanotoday.it/eventi/concerto-star-wars-teatro-arcimboldi.html,Teatro e spettacolo,"20, Viale dell'Innovazione, Bicocca, Municipio 9, Milano, Lombardia, 20125, Italia",45.5148696,9.2135963
,16-05-24,2024-05-04,"Viale Abruzzi, 87, Milano, MI",Atelier Sinergie Milano,L'essenziale e' invisibile agli occhi,https://www.milanotoday.it/eventi/l-essenziale-e-invisibile-agli-occhi-laetitia-ricci-e-chiara-lorenzetti.html,Non classificato,"87, Viale Abruzzi, Buenos Aires - Venezia, Municipio 3, Milano, Lombardia, 20131, Italia",45.4843149,9.2167435
Spettacoli,04-05-24,2024-05-04,"p.zza IV Novembre 3,20025, Legnano, MI,Italia",Talisio Tirinnanzi,Euphonia Suite,https://www.teatro.it/spettacoli/legnano/talisio-tirinnanzi/2023-2024/eugenio-finardi-euphonia-suite,Teatro e spettacolo,"Scuola Secondaria di Primo Grado Giovanni Ungaretti, 3, Piazza Quattro Novembre, San Giorgio su Legnano, Milano, Lombardia, 20034, Italia",45.5765251,8.9157963
,04-05-24,2024-05-04,"Via Marco D'Oggiono, Milano, MI",Teatro LabArca,Fan Fath Al in concerto,https://www.milanotoday.it/eventi/fan-fath-al-in-concerto-fan-fath-al.html,Non classificato,"Via Marco d'Oggiono, Ticinese, Municipio 1, Milano, Lombardia, 20123, Italia",45.4569667,9.1758861
Spettacoli,04-05-24,2024-05-04,"Via Hermada,8,20162, Milano, MI,Italia",della Cooperativa,Radio Clandestina,https://www.teatro.it/spettacoli/milano/della-cooperativa/2023-2024/ascanio-celestini-radio-clandestina,Teatro e spettacolo,"8, Via privata Hermada, Niguarda - Cà Granda, Municipio 9, Milano, Lombardia, 20162, Italia",45.5147872,9.1901457
,04-05-24,2024-05-04,"Piazza Castello, Milano, MI",CORTILE DELLE ROCCHETTE,Gioca-Mi 2024,https://www.milanotoday.it/eventi/gioca-mi-2024.html,Non classificato,"Piazza Castello, Cerchia dei Navigli, Municipio 1, Milano, Lombardia, Italia",45.4704699,9.1819129
Disco&Feste,04-05-24,2024-05-04,"Viale Luigi Camoens, 2, Milano, MI",Parco Sempione,Notte bianca in Sempione: aperitivi e vista panoramica (gratis) dalla Torre Branca,https://www.milanotoday.it/eventi/notte-bianca-parco-sempione.html,Musica e vita notturna,"Viale Luigi Camoens, Parco Sempione, Municipio 1, Milano, Lombardia, 20154, Italia",45.4729814,9.1728556
Cinema,05-05-24,2024-05-04,"Viale dell'Innovazione, 20, Milano, MI",Teatro degli Arcimboldi,Star Wars al cinema: il grande spettacolo con l'orchestra dal vivo,https://www.milanotoday.it/eventi/cinema/star-wars-orchestra-film.html,Arte e cultura,"20, Viale dell'Innovazione, Bicocca, Municipio 9, Milano, Lombardia, 20125, Italia",45.5148696,9.2135963
,04-05-24,2024-05-04,"Via Lodovico Pavoni, 12, Milano, MI",Àncora Store,"Sangue e fango, il romanzo sulla strage di Erba",https://www.milanotoday.it/eventi/sangue-e-fango-il-romanzo-sulla-strage-di-erba-presentato-all-ancora-store-da-paolo-moretti-e-selvaggia-lucarelli.html,Non classificato,"Via Lodovico Pavoni, Dergano, Municipio 9, Milano, Lombardia, 20159, Italia",45.5012195,9.1860373
Manifestazioni,05-05-24,2024-05-04,"Via Gaetano de Castillia, 26, Milano, MI",Stecca3,A Milano il primo festival sulla genitorialità,https://www.milanotoday.it/eventi/ensemble-festival-genitorialita.html,Altri eventi,"Stecca 3.0, 26, Via Gaetano De Castillia, Isola, Municipio 9, Milano, Lombardia, 20100, Italia",45.4852038,9.1926195
,05-05-24,2024-05-04,"Viale Luigi Camoens, 2, Milano, MI",Torre Branca & JustMe,Notte bianca in Parco Sempione,https://www.milanotoday.it/eventi/notte-bianca-in-parco-sempione-aperitivo-party-e-salita-in-torre-branca-offerta-da-eventi-milano.html,Non classificato,"Viale Luigi Camoens, Parco Sempione, Municipio 1, Milano, Lombardia, 20154, Italia",45.4729814,9.1728556
Manifestazioni,04-05-24,2024-05-04,"Viale Monte Nero, 6, Milano, MI",Open Milano,"Flowerista Festival, tra innovazione e futuro del lavoro",https://www.milanotoday.it/eventi/festival-flowerista-open-milano.html,Altri eventi,"6, Viale Monte Nero, Porta Romana, Municipio 4, Milano, Lombardia, 20135, Italia",45.4527771,9.2035067
Spettacoli,05-05-24,2024-05-05,"Via Giordano Rota 1,20145, Milano, MI,Italia",Nazionale Italiana Assicurazioni,HAPPY DAYS - Il Musical,https://www.teatro.it/spettacoli/milano/nazionale-chebanca/2023-2024/happy-days-il-musical,Teatro e spettacolo,"20145, Italy",45.4643,9.1895
,05-05-24,2024-05-05,"Via Alessandro Stradella, 5, Milano, MI",Alma Matters,Bagno sonoro di campane tibetane per la pulizia e riallineamento dei chakra,https://www.milanotoday.it/eventi/bagno-sonoro-di-campane-tibetane-per-la-pulizia-e-riallineamento-dei-chakra-walter-zanca.html,Non classificato,"Via Alessandro Stradella, Buenos Aires - Venezia, Municipio 3, Milano, Lombardia, 20129, Italia",45.4784806,9.2158425
,05-05-24,2024-05-05,"Viale Gorizia, 9, Milano, MI",Associazione Nazionale Marinai D'Italia,Scopri in sup i Navigli di Milano,https://www.milanotoday.it/eventi/scopri-in-sup-i-navigli-di-milano-e-vivi-una-nuova-esperienza-di-benessere-dss.html,Non classificato,"9, Viale Gorizia, Navigli, Municipio 6, Milano, Lombardia, 20144, Italia",45.4541483,9.1743032
Spettacoli,05-05-24,2024-05-05,"Via Ciro Menotti 11,20129, Milano, MI,Italia",Menotti,Estate in dicembre,https://www.teatro.it/spettacoli/milano/menotti/2023-2024/estate-in-dicembre,Teatro e spettacolo,"11, Via Ciro Menotti, Buenos Aires - Venezia, Municipio 3, Milano, Lombardia, 20129, Italia",45.4699888,9.2132156
Spettacoli,05-05-24,2024-05-05,"via Pier Lombardo,14,20135, Milano, MI,Italia",Franco Parenti - Sala Grande,La Madre di Eva,https://www.teatro.it/spettacoli/milano/franco-parenti-sala-grande/2023-2024/la-madre-di-eva,Teatro e spettacolo,"Via Pier Lombardo, Porta Romana, Municipio 4, Milano, Lombardia, 20135, Italia",45.4542958,9.2063109
Spettacoli,05-05-24,2024-05-05,"Corso Buenos Aires 33,20124, Milano, MI,Italia",Elfo Puccini - Sala Bausch,HALLO! I'M JACKET - Il gioco del nulla,https://www.teatro.it/spettacoli/milano/elfo-puccini-sala-bausch/2023-2024/hallo-im-jacket-il-gioco-del-nulla,Teatro e spettacolo,"Teatro Elfo Puccini, 33, Corso Buenos Aires, Buenos Aires - Venezia, Municipio 3, Milano, Lombardia, 20124, Italia",45.4794317,9.2098387
Spettacoli,05-05-24,2024-05-05,"Corso Buenos Aires,33,20124, Milano, MI,Italia",Teatro Elfo Puccini - sala Fassbinder,Disprezzo della donna. Il futurismo della specie,https://www.teatro.it/spettacoli/milano/teatro-elfo-puccini-sala-fassbinder/2023-2024/disprezzo-della-donna-il-futurismo-della-specie,Teatro e spettacolo,"Teatro Elfo Puccini, 33, Corso Buenos Aires, Buenos Aires - Venezia, Municipio 3, Milano, Lombardia, 20124, Italia",45.4794317,9.2098387
Spettacoli,05-05-24,2024-05-05,"p.zza IV Novembre 3,20025, Legnano, MI,Italia",Talisio Tirinnanzi,Il Gruffalò,https://www.teatro.it/spettacoli/legnano/talisio-tirinnanzi/2023-2024/il-gruffalo,Teatro e spettacolo,"Scuola Secondaria di Primo Grado Giovanni Ungaretti, 3, Piazza Quattro Novembre, San Giorgio su Legnano, Milano, Lombardia, 20034, Italia",45.5765251,8.9157963
Spettacoli,05-05-24,2024-05-05,"Via Alessandro Manzoni 42,20121, Milano, MI,Italia",Manzoni,Non è vero ma ci credo,https://www.teatro.it/spettacoli/milano/manzoni/2023-2024/non-e-vero-ma-ci-credo,Teatro e spettacolo,"Teatro Manzoni, 42, Via Alessandro Manzoni, Cerchia dei Navigli, Municipio 1, Milano, Lombardia, 20121, Italia",45.4710286,9.1944762
Spettacoli,05-05-24,2024-05-05,"Corso Buenos Aires,33,20124, Milano, MI,Italia",Teatro Elfo Puccini - sala Fassbinder,Sì l'ammore no,https://www.teatro.it/spettacoli/milano/teatro-elfo-puccini-sala-fassbinder/2023-2024/si-lammore-no,Teatro e spettacolo,"Teatro Elfo Puccini, 33, Corso Buenos Aires, Buenos Aires - Venezia, Municipio 3, Milano, Lombardia, 20124, Italia",45.4794317,9.2098387
Spettacoli,05-05-24,2024-05-05,"Corso di Porta Romana 63,20122, Milano, MI,Italia",Carcano,I maneggi per maritare una figlia,https://www.teatro.it/spettacoli/milano/carcano/2023-2024/maneggi-per-maritare-una-figlia,Teatro e spettacolo,"Teatro Carcano, 63, Corso di Porta Romana, Crocetta, Municipio 1, Milano, Lombardia, 20121, Italia",45.4566842,9.1955297
Spettacoli,05-05-24,2024-05-05,"Piazza S. Magno,20025, Legnano, MI,Italia",Galleria,Solo,https://www.teatro.it/spettacoli/legnano/galleria/2023-2024/arturo-brachetti-solo,Teatro e spettacolo,"Piazza San Magno, San Magno, Oltresempione, Legnano, Milano, Lombardia, 20025, Italia",45.5948853,8.9184024
Spettacoli,05-05-24,2024-05-05,"Corso Buenos Aires 33,20124, Milano, MI,Italia",Elfo Puccini - sala Shakespeare,Epopea delll'irrealtà di Niguarda,https://www.teatro.it/spettacoli/milano/elfo-puccini-sala-shakespeare/2023-2024/epopea-delllirrealta-di-niguarda,Teatro e spettacolo,"Teatro Elfo Puccini, 33, Corso Buenos Aires, Buenos Aires - Venezia, Municipio 3, Milano, Lombardia, 20124, Italia",45.4794317,9.2098387
Spettacoli,05-05-24,2024-05-05,"Via Andrea Maria Ampère 1,20131, Milano, MI,Italia",MTM - Leonardo,Quasi una serata - Tre atti unici,https://www.teatro.it/spettacoli/milano/leonardo/2023-2024/quasi-una-serata-tre-atti-unici,Teatro e spettacolo,"Teatro Leonardo da Vinci, 1, Via Andrea Maria Ampère, Città Studi, Municipio 3, Milano, Lombardia, 20131, Italia",45.4795266,9.2263901
Spettacoli,05-05-24,2024-05-05,"Viale dell'Innovazione 20,20126, Milano, MI,Italia",Arcimboldi,Star Wars - L'impero colpisce ancora in concerto,https://www.teatro.it/spettacoli/milano/arcimboldi/2023-2024/star-wars-limpero-colpisce-ancora-in-concerto,Teatro e spettacolo,"20, Viale dell'Innovazione, Bicocca, Municipio 9, Milano, Lombardia, 20125, Italia",45.5148696,9.2135963
Spettacoli,05-05-24,2024-05-05,"Via Filodrammatici 2,20121, Milano, MI,Italia",Teatro Alla Scala,Cavalleria rusticana / Pagliacci,https://www.teatro.it/spettacoli/milano/teatro-alla-scala/2023-2024/cavalleria-rusticana-pagliacci,Teatro e spettacolo,"2, Via Filodrammatici, Brera, Milano, Lombardia, 20121, Italia",45.4676198,9.1884287
Spettacoli,05-05-24,2024-05-05,"Via G. di Vittorio 6,20090, Assago, MI,Italia",Repower,Forza Venite Gente,https://www.teatro.it/spettacoli/assago/repower/2023-2024/forza-venite-gente,Teatro e spettacolo,"20090, Italy",45.407,9.1083
Spettacoli,05-05-24,2024-05-05,"Piazza Risorgimento 19,20066, Melzo, MI,Italia",Trivulzio,Alla ricerca dell'Uomo Ragno,https://www.teatro.it/spettacoli/melzo/trivulzio/2023-2024/mauro-repetto-alla-ricerca-delluomo-ragno,Teatro e spettacolo,"Piazza Risorgimento, Melzo, Milano, Lombardia, 20066, Italia",45.5003449,9.4229132
Spettacoli,05-05-24,2024-05-05,"Via Rovello 2,20121, Milano, MI,Italia",Piccolo Teatro - Teatro Grassi,Durante,https://www.teatro.it/spettacoli/milano/piccolo-teatro-teatro-grassi/2023-2024/durante,Teatro e spettacolo,"2, Via Rovello, Brera, Milano, Lombardia, 20121, Italia",45.4665188,9.1847651
,05-05-24,2024-05-05,"Ripa di Porta Ticinese, 61, Milano, MI",POP Navigli,Palhomitas tour by Altos Tequila,https://www.milanotoday.it/eventi/palhomitas-tour-by-altos-tequila-altos-tequila.html,Non classificato,"61, Ripa di Porta Ticinese, Navigli, Municipio 6, Milano, Lombardia, 20143, Italia",45.4508348,9.1710412
Sport,05-05-24,2024-05-05,"Via Cristina Belgioioso, 171, Milano, MI",Milano Innovation District,A Milano la corsa a sostegno della ricerca sul midollo spinale,https://www.milanotoday.it/eventi/wings-for-life-world-run-corsa-ricerca-midollo.html,Sport e attività fisica,"Via Cristina Belgioioso, Fiorenza, Cassina Triulza, MIND, Municipio 8 di Milano, Milano, Lombardia, 20016, Italia",45.5227908,9.1020225
Mostra,06-05-24,2024-05-06,"Piazza San Marco, 57, Milano, MI",Caffè Florian,Caffè Europa | Festa dell'Europa a Venezia,,Arte e cultura,"Piazza San Marco, Brera, Municipio 1, Milano, Lombardia, 20121, Italia",45.4732252,9.1881538
,06-05-24,2024-05-06,"Piazza Tito Minniti, Milano, MI",piazza Minniti,La Bus theater mania arriva a Milano,https://www.milanotoday.it/eventi/la-bus-theater-mania-arriva-a-milano-gli-spettacoli-itineranti-spopolano-da-new-york-a-sydney-e-arrivano-per-la-prima-volta-in-citta-con-un-grand-cabaret-bus-theater-teatro-viaggiante.html,Non classificato,"Piazza Tito Minniti, Isola, Municipio 9, Milano, Lombardia, 20159, Italia",45.4876523,9.1888551
,17-05-24,2024-05-06,"Via Maloia, 1, Milano, MI",spazioSERRA,Minuit brûle | Cendre,https://www.milanotoday.it/eventi/minuit-brule-cendre-cendre.html,Non classificato,"Via Maloia, Farini, Municipio 9, Milano, Lombardia, 20158, Italia",45.4946286,9.1768212
Spettacoli,06-05-24,2024-05-06,"Via San Giovanni sul muro 2,20121, Milano, MI,Italia",Dal Verme,Ai miei tempi non era così,https://www.teatro.it/spettacoli/milano/dal-verme/2023-2024/maurizio-battista-ai-miei-tempi-non-era-cosi,Teatro e spettacolo,"2, Via San Giovanni sul Muro, Cerchia dei Navigli, Municipio 1, Milano, Lombardia, 20121, Italia",45.4671162,9.1814924
Spettacoli,06-05-24,2024-05-06,"Via Alessandro Manzoni 42,20121, Milano, MI,Italia",Manzoni,Tutta colpa del poliamore,https://www.teatro.it/spettacoli/milano/manzoni/2023-2024/i-soldi-spicci-tutta-colpa-del-poliamore,Teatro e spettacolo,"Teatro Manzoni, 42, Via Alessandro Manzoni, Cerchia dei Navigli, Municipio 1, Milano, Lombardia, 20121, Italia",45.4710286,9.1944762
Spettacoli,06-05-24,2024-05-06,"Viale dell'Innovazione 20,20126, Milano, MI,Italia",Arcimboldi,The Classic Tales of Yes Tour,https://www.teatro.it/spettacoli/milano/arcimboldi/2023-2024/yes-the-classic-tales-of-yes-tour,Teatro e spettacolo,"20, Viale dell'Innovazione, Bicocca, Municipio 9, Milano, Lombardia, 20125, Italia",45.5148696,9.2135963
Spettacoli,06-05-24,2024-05-06,"Via Marcelline 37,20063, Cernusco Sul Naviglio, MI,Italia",Cinema Teatro Agorà,"FRA' - San Francesco, la star del Medioevo",https://www.teatro.it/spettacoli/cernusco-sul-naviglio/cinema-teatro-agora/2023-2024/giovanni-scifoni-fra-san-francesco-la-star-del-medioevo,Teatro e spettacolo,"37, Via delle Marcelline, Cernusco sul Naviglio, Milano, Lombardia, 20063, Italia",45.5263834,9.3322213
,06-05-24,2024-05-06,"Corso di Porta Romana, 63, Milano, MI",Teatro Carcano,Federico Buffa e Dario Vergassola a teatro. Orari e biglietti,https://www.milanotoday.it/eventi/federico-buffa-dario-vergassola-teatro-carcano.html,Non classificato,"Teatro Carcano, 63, Corso di Porta Romana, Crocetta, Municipio 1, Milano, Lombardia, 20121, Italia",45.4566842,9.1955297
,13-05-24,2024-05-06,"Via Nicola Antonio Porpora, 16a, Milano, MI",iKonica Art Gallery,"Banca rotta, rounded corners",https://www.milanotoday.it/eventi/banca-rotta-rounded-corners-filippo-forlani-mark-stones-wes-likewise.html,Non classificato,"Via Nicola Antonio Porpora, Città Studi, Municipio 3, Milano, Lombardia, 20131, Italia",45.4861128,9.2333325
Spettacoli,07-05-24,2024-05-07,"Via San Giovanni sul muro 2,20121, Milano, MI,Italia",Dal Verme,Doppia traccia,https://www.teatro.it/spettacoli/milano/dal-verme/2023-2024/pfm-canta-de-andre-anniversary,Teatro e spettacolo,"2, Via San Giovanni sul Muro, Cerchia dei Navigli, Municipio 1, Milano, Lombardia, 20121, Italia",45.4671162,9.1814924
Spettacoli,07-05-24,2024-05-07,"Viale dell'Innovazione 20,20126, Milano, MI,Italia",Arcimboldi,Dirty Dancing in Concert,https://www.teatro.it/spettacoli/milano/arcimboldi/2023-2024/dirty-dancing-in-concert,Teatro e spettacolo,"20, Viale dell'Innovazione, Bicocca, Municipio 9, Milano, Lombardia, 20125, Italia",45.5148696,9.2135963
Spettacoli,07-05-24,2024-05-07,"Piazza Enzo Jannacci 1,20017, Rho, MI,Italia",Civico - Roberto de Silva,Le memorie di Ivan Karamazov,https://www.teatro.it/spettacoli/rho/teatro-civico-roberto-de-silva/2023-2024/le-memorie-di-ivan-karamazov,Teatro e spettacolo,"Piazza Enzo Jannacci, San Pietro, Lucernate, Rho, Milano, Lombardia, 20017, Italia",45.5279748,9.0458872
,07-06-24,2024-05-07,"Via San Damiano, 2, Milano, MI",Milano,Flower art boxes - fuori orticola 2024,https://www.milanotoday.it/eventi/flower-art-boxes-fuori-orticola-2024-silvia-molinari-e-margherita-leoni.html,Non classificato,"2, Via San Damiano, Magenta, Milano, Lombardia, 20013, Italia",45.4612307,8.8878582
,08-05-24,2024-05-07,"Via San Cristoforo, 1, Milano, MI",TEATRO BELLO,Corti da Oscar 2024,https://www.milanotoday.it/eventi/corti-da-oscar-2024.html,Non classificato,"Montalcino Caffè, 1, Via San Cristoforo, San Cristoforo, Municipio 6, Milano, Lombardia, 20144, Italia",45.4477537,9.1544595
,07-05-24,2024-05-07,"Via Caradosso, Milano, MI",Sacrestia del Bramante di Santa Maria delle Grazie,Komitas String Qartet in concerto,https://www.milanotoday.it/eventi/komitas-string-qartet-in-concerto-eduard-tadevosyan-primo-violino-syuzi-yeritsyan-secondo-violino-aleksandr-kosemyan-viola-angela-sargsyan-violoncello.html,Non classificato,"Via Caradosso, Magenta - San Vittore, Municipio 1, Milano, Lombardia, 20123, Italia",45.4670026,9.1726981
,07-05-24,2024-05-07,"Corso di Porta Romana, 63, Milano, MI",Teatro Carcano,Il valore sociale e culturale dell’arte di strada,https://www.milanotoday.it/eventi/incontro-pubblico-il-valore-sociale-e-culturale-dell-arte-di-strada-fnas.html,Non classificato,"Teatro Carcano, 63, Corso di Porta Romana, Crocetta, Municipio 1, Milano, Lombardia, 20121, Italia",45.4566842,9.1955297
Mostre,18-05-24,2024-05-07,"Largo Corsia dei Servi, 4, Milano, MI",CMC - Centro Culturale di Milano,Arte per esprimere libertà: arriva l'Artemida Art Week a due passi dal Duomo con un'imperdibile mostra internazionale,https://www.milanotoday.it/eventi/artemida-art-week-mostra-milano.html,Arte e cultura,"Largo Corsia dei Servi, Duomo, Municipio 1, Milano, Lombardia, 20122, Italia",45.4647722,9.1958825
,07-05-24,2024-05-07,"Piazza XXV Aprile, 8, Milano, MI",Anteo Palazzo del Cinema,"""Undici"". Prologis e l'arte urbana inclusiva",https://www.milanotoday.it/eventi/viaggio-virtuale-urban-art.html,Non classificato,"Anteo Spazio Cinema, 8, Piazza Venticinque Aprile, Brera, Municipio 1, Milano, Lombardia, 20121, Italia",45.4800568,9.1877898
,08-05-24,2024-05-08,"Corso Venezia, 47, Milano, MI",Palazzo Castiglioni,"Parole in viaggio a Milano. Colombia, realismo magico nel paese della bellezza",https://www.milanotoday.it/eventi/parole-in-viaggio-a-milano-colombia-realismo-magico-nel-paese-della-bellezza-marco-cattaneo-direttore-national-geographic-italia.html,Non classificato,"47, Corso Venezia, Guastalla, Municipio 1, Milano, Lombardia, 20121, Italia",45.4710655,9.2013574
,23-05-24,2024-05-08,"Via San Fermo, 19, Milano, MI",Spazio HUS,"Allo spazio hus, le opere di rachele calisti",https://www.milanotoday.it/eventi/allo-spazio-hus-le-opere-di-rachele-calisti-2025.html,Non classificato,"Via San Fermo, Baggio, Municipio 7, Villaggio Cavour, Settimo Milanese, Milano, Lombardia, 20019, Italia",45.4630575,9.0747604
,09-06-24,2024-05-08,"Via San Paolo, 12, Milano, MI",Banco Popolare di Milano,Quarto congresso nazionale Simegen,https://www.milanotoday.it/eventi/4-congresso-nazionale-simegen-due-giorni-a-confronto-sulla-neuroscienze-di-genere-tra-terapie-nuove-tecnologie-e-intelligenza-artificiale-congresso-nazionale-simegen.html,Non classificato,"12, Via San Paolo, Duomo, Municipio 1, Milano, Lombardia, 20122, Italia",45.4660485,9.193473
,08-05-24,2024-05-08,"compasso D'oro, 1, Milano, MI",ADI DESIGN MUSEUM,Sentient horizons 2024: pax aesthetica,https://www.milanotoday.it/eventi/sentient-horizons-2024-pax-aesthetica.html,Non classificato,"ADI Design Museum, 1, Piazza Compasso d’Oro, Sarpi, Porta Volta, Municipio 8 di Milano, Milano, Lombardia, 20154, Italia",45.4831707,9.1792778
,08-05-24,2024-05-08,"Via Massimo D'Azeglio, 3, Milano, MI",Milano Luiss Hub,Giornata dell'Europa: luci d'Europa a milano,https://www.milanotoday.it/eventi/giornata-dell-europa-luci-d-europa-a-milano.html,Non classificato,"3, Via Massimo D'Azeglio, GARIBALDI REPUBBLICA, Municipio 9, Milano, Lombardia, 20100, Italia",45.4832831,9.1847016
Spettacoli,08-05-24,2024-05-08,"Corso di Porta Romana 63,20122, Milano, MI,Italia",Carcano,Come fosse amore,https://www.teatro.it/spettacoli/milano/carcano/2023-2024/come-fosse-amore,Teatro e spettacolo,"Teatro Carcano, 63, Corso di Porta Romana, Crocetta, Municipio 1, Milano, Lombardia, 20121, Italia",45.4566842,9.1955297
,26-05-24,2024-05-08,"Via Pietro Borsieri, 12, Milano, MI",key gallery,Key gallery presenta: tutto fuori una mostra di Ste Rossetti,https://www.milanotoday.it/eventi/key-gallery-presenta-tutto-fuori-una-mostra-di-ste-rossetti-ste-rossetti.html,Non classificato,"Bar Guadagni, 12, Via Pietro Borsieri, Isola, Municipio 9, Milano, Lombardia, 20159, Italia",45.4867002,9.1887446
,08-05-24,2024-05-08,"Largo Corsia dei Servi, 4, Milano, MI",Centro Culturale di Milano,Kafka. L’uomo non è una passione inutile,https://www.milanotoday.it/eventi/kafka-l-uomo-non-e-una-passione-inutile-a-100-anni-dalla-morte-mi-venne-incontro-kafka-andrea-carabelli-e-giulia-bertasi.html,Non classificato,"Largo Corsia dei Servi, Duomo, Municipio 1, Milano, Lombardia, 20122, Italia",45.4647722,9.1958825
,08-05-24,2024-05-08,"Via Giovanni Bellezza, 16a, Milano, MI",arci bellezza,Lovesick,https://www.milanotoday.it/eventi/lovesick-arci-bellezza-milano-lovesick.html,Non classificato,"16a, Via Giovanni Bellezza, Vigentina, Municipio 5, Milano, Lombardia, 20136, Italia",45.4486728,9.1948474
,10-05-24,2024-05-09,"Via Francesco de Sanctis, 71, Milano, MI",Bristol Spazio 1,Eugenio Intini: in the flash of a day,https://www.milanotoday.it/eventi/eugenio-intini-in-the-flash-of-a-day-eugenio-intini.html,Non classificato,"71, Via Francesco De Sanctis, Stadera, Municipio 5, Milano, Lombardia, 20136, Italia",45.4361888,9.18467
,09-07-24,2024-05-09,"Piazza Castello, 16, Milano, MI",Galleria Gracis,Emilio Tadini tra archeologia e metafisica,https://www.milanotoday.it/eventi/emilio-tadini-tra-archeologia-e-metafisica-emilio-tadini.html,Non classificato,"Galleria Gracis, 16, Piazza Castello, Cerchia dei Navigli, Municipio 1, Milano, Lombardia, 20121, Italia",45.4707551,9.1820293
,12-05-24,2024-05-09,"Via Mac Mahon, 16, Milano, MI",Teatro Out Off,Corpora al teatro Out Off,https://www.milanotoday.it/eventi/corpora-compagnia-corpora-al-teatro-out-off-compagnia-corpora.html,Non classificato,"Via Mac Mahon, Villapizzone, Municipio 8 di Milano, Milano, Lombardia, 20155, Italia",45.4970636,9.153938
,09-05-24,2024-05-09,"Via Alcide De Gasperi, 2/A, Milano, MI",Ipassidellamente,"Incontro libroterapia: ""L'invenzione di noi due""",https://www.milanotoday.it/eventi/2-incontro-libroterapia-libro-l-invenzione-di-noi-due-cristina-mariani-psicologa-psicoterapeuta-specializzata-in-libroterapia.html,Non classificato,"Via Alcide De Gasperi, San Domenico, Oltresempione, Legnano, Milano, Lombardia, 20025, Italia",45.5976457,8.9146357
,09-05-24,2024-05-09,"Via Fabio Massimo, 19, Milano, MI",C.I.Q.,Grunge will have his revenge on Milan! (Nirvana + Stone temple pilots tribute),https://www.milanotoday.it/eventi/grunge-will-have-his-revenge-on-milan-nirvana-stone-temple-pilots-tribute-libithium-nirvana-tribute-next-stone-temple-pilots-tribute.html,Non classificato,"19, Via Fabio Massimo, Lodi - Corvetto, Municipio 4, Milano, Lombardia, 20139, Italia",45.4349742,9.2277681
,09-06-24,2024-05-09,"Via Gaudenzio Ferrari, 3, Milano, MI",Almach Art Gallery,9,https://www.milanotoday.it/eventi/9-anna-pennati.html,Non classificato,"3, Via Gaudenzio Ferrari, Ticinese, Municipio 1, Milano, Lombardia, 20123, Italia",45.4558833,9.1754506
Mostra,09-06-24,2024-05-09,"Via Sant'Antonio, 12, Milano, MI",Università degli Studi di Milano - Sala Napoleonica,Archivi in biblioteca: corso di aggiornamento professionale | Il percorso di ricerca collaborativa sui profili di tutela e di valorizzazione dei fondi di persona 2022-2023,,Arte e cultura,"12, Via Sant'Antonio, Duomo, Municipio 1, Milano, Lombardia, 20122, Italia",45.4610979,9.1932264
Concerto,09-05-24,2024-05-09,"Via Senato 10, Milano, MI",Archivio di Stato di Milano,Musica in Archivio presenta “Roberto Fabbriciani flauto e live electronics”,,Musica e vita notturna,"10, Via Senato, Guastalla, Municipio 1, Milano, Lombardia, 20121, Italia",45.4700976,9.1981223
Incontro/presentazione,09-05-24,2024-05-09,"via Brera, 28, Milano, MI",Pinacoteca di Brera,LE BELLE,,Formazione e networking,"Istituto Nazionale di Astrofisica – Osservatorio astronomico di Brera, 28, Via Brera, Cerchia dei Navigli, Municipio 1, Milano, Lombardia, 20121, Italia",45.4715946,9.1889707
,02-06-24,2024-05-09,"Via Mac Mahon, 16, Milano, MI",Teatro Out Off,Prendere posizione. La voce di quattro giovani compagnie,https://www.milanotoday.it/eventi/prendere-posizione-la-voce-di-quattro-giovani-compagnie-rassegna-teatrale-compagnia-corpora-compagnia-peso-piuma-paolo-panizza-e-performers-compagnia-ensemble-teatro.html,Non classificato,"Via Mac Mahon, Villapizzone, Municipio 8 di Milano, Milano, Lombardia, 20155, Italia",45.4970636,9.153938
Mostre,22-09-24,2024-05-09,"Via Giulio Cesare Procaccini, 4, Milano, MI",Fabbrica del Vapore,La mostra con le opere d'arte più piccole al mondo (e i laboratori per bambini),https://www.milanotoday.it/eventi/small-is-beautiful-mostra-opere-piccole-fabbrica-vapore.html,Arte e cultura,"4, Via Giulio Cesare Procaccini, Bullona, Porta Volta, Municipio 8 di Milano, Milano, Lombardia, 20154, Italia",45.4839945,9.1753796
Incontro/presentazione,09-05-24,2024-05-09,"via Brera, 28, Milano, MI",Pinacoteca di Brera - Biblioteca Nazionale Braidense di Milano,Le camicie nere in Africa. 1923-1943,,Formazione e networking,"Istituto Nazionale di Astrofisica – Osservatorio astronomico di Brera, 28, Via Brera, Cerchia dei Navigli, Municipio 1, Milano, Lombardia, 20121, Italia",45.4715946,9.1889707
Spettacoli,09-05-24,2024-05-09,"Via Pietrasanta 14,20124, Milano, MI,Italia",Magazzini Generali,Un segno di vita,https://www.teatro.it/spettacoli/milano/magazzini-generali/2023-2024/vasco-brondi-un-segno-di-vita,Teatro e spettacolo,"14, Via Pietrasanta, Ex Om - Morivione, Municipio 5, Milano, Lombardia, 20141, Italia",45.4438506,9.1964489
,23-05-24,2024-05-09,"Via San Fermo, 19, Milano, MI",Spazio HUS,Rachele Calisti. Beautiful framed images,https://www.milanotoday.it/eventi/rachele-calisti-beautiful-framed-images-rachele-calisti.html,Non classificato,"Via San Fermo, Baggio, Municipio 7, Villaggio Cavour, Settimo Milanese, Milano, Lombardia, 20019, Italia",45.4630575,9.0747604
,15-06-24,2024-05-09,"Via Nerino, 2, Milano, MI",Spin-off HUB/ART,"Carlo Zoli: ""L'infinito volgere del tempo”",https://www.milanotoday.it/eventi/carlo-zoli-l-infinito-volgere-del-tempo-carlo-zoli.html,Non classificato,"2, Via Nerino, Cerchia dei Navigli, Municipio 1, Milano, Lombardia, 20123, Italia",45.4618629,9.1839774
,09-06-24,2024-05-09,"Via Santa Maria Valle, 2, Milano, MI",MA-EC Gallery,Hyper heroes mostra personale di Stefano Bressani,https://www.milanotoday.it/eventi/hyper-heroes-mostra-personale-di-stefano-bressani-stefano-bressani.html,Non classificato,"Fondazione Alessandro Durini, 2, Via Santa Maria Valle, Cerchia dei Navigli, Municipio 1, Milano, Lombardia, 20123, Italia",45.4600544,9.1838916
,09-05-24,2024-05-09,"Via Brera, 28, Milano, MI",Biblioteca Nazionale Braidense,Lcarelli alla Braidense con il suo ultimo volume sulle camicie nere,https://www.milanotoday.it/eventi/lo-storico-militare-lucarelli-alla-braidense-con-il-suo-ultimo-volume-sulle-camicie-nere-niccolo-lucarelli.html,Non classificato,"Istituto Nazionale di Astrofisica – Osservatorio astronomico di Brera, 28, Via Brera, Cerchia dei Navigli, Municipio 1, Milano, Lombardia, 20121, Italia",45.4715946,9.1889707
Manifestazioni,12-05-24,2024-05-09,"Via Palestro, Milano, MI",Giardini Pubblici Indro Montanelli,"Orticola 2024, più di 180 espositori di fiori e piante arrivano a Milano",https://www.milanotoday.it/eventi/orticola-2024-mostra-mercato-fiori-porta-venezia.html,Altri eventi,"Via Palestro, Giardini Porta Venezia, Municipio 1, Milano, Lombardia, 20219, Italia",45.4722109,9.2017814
,09-05-24,2024-05-09,"Viale dell'Innovazione, Milano, MI",BiM - Dove Bicocca incontra Milano,Salone calmo. A showcase of campeggi objects,https://www.milanotoday.it/eventi/finissage-salone-calmo-a-showcase-of-campeggi-objects-in-bim-dove-bicocca-incontra-milano.html,Non classificato,"Viale dell'Innovazione, Bicocca, Municipio 9, Milano, Lombardia, 20126, Italia",45.51168,9.2112427
Spettacoli,09-05-24,2024-05-09,"Via Giordano Rota 1,20145, Milano, MI,Italia",Nazionale Italiana Assicurazioni,Vorrei che fosse amore,https://www.teatro.it/spettacoli/milano/nazionale-chebanca/2023-2024/silvia-mezzanotte-vorrei-che-fosse-amore,Teatro e spettacolo,"20145, Italy",45.4643,9.1895
,03-06-24,2024-05-09,"Via Valtellina, 5, Milano, MI",Galleria Lampo - Scalo Farini,Casa/terra/io di Sofia Uslenghi,https://www.milanotoday.it/eventi/casa-terra-io-sofia-uslenghi-sofia-uslenghi.html,Non classificato,"5, Via Valtellina, Farini, Municipio 9, Milano, Lombardia, 20159, Italia",45.4909324,9.1810555
Manifestazioni,12-05-24,2024-05-10,"Via Fabio Massimo, 19, Milano, MI",CIQ,Arriva il Festival DOREMIFASUD 2024,https://www.milanotoday.it/eventi/doremifasud-festival-musicale-ciq-milano.html,Altri eventi,"19, Via Fabio Massimo, Lodi - Corvetto, Municipio 4, Milano, Lombardia, 20139, Italia",45.4349742,9.2277681
,10-05-24,2024-05-10,"Piazza Gae Aulenti, 10, Milano, MI",IBM Studios,Disegnare il futuro,https://www.milanotoday.it/eventi/disegnare-il-futuro.html,Non classificato,"10, Piazza Gae Aulenti, GARIBALDI REPUBBLICA, Municipio 9, Milano, Lombardia, 20154, Italia",45.4832462,9.1917425
,10-05-24,2024-05-10,"Piazza Generale Carlo Alberto dalla Chiesa, 30, Milano, MI",Biblioteca di Bollate,La cαsa comune,https://www.milanotoday.it/eventi/la-c-sa-comune-teatro-gost.html,Non classificato,"Biboll - Biblioteca Ada Negri, 30, Piazza Generale Carlo Alberto Dalla Chiesa, Cantun Sciatin, Ospiate, Bollate, Milano, Lombardia, 20021, Italia",45.5423733,9.1177464
Spettacoli,10-05-24,2024-05-10,"Via Mestre 19,20132, Milano, MI,Italia",Soul Movie Studios,Fratelli di Crozza,https://www.teatro.it/spettacoli/milano/soul-movie-studios/2023-2024/fratelli-di-crozza,Teatro e spettacolo,"Studi Televisivi Centro Produzione Deruta, 19, Via Mestre, Parco Lambro - Cimiano, Municipio 3, Milano, Lombardia, 20132, Italia",45.4928262,9.2397902
,10-05-24,2024-05-10,"Piazza Sant'Ambrogio, Milano, MI",Piazza Sant'Ambrogio,"Milano buia: storia dell'inquisizione, peste e occultismo",https://www.milanotoday.it/eventi/milano-buia-storia-dell-inquisizione-peste-e-occultismo-italia-in-tour.html,Non classificato,"Piazza Sant'Ambrogio, Cerchia dei Navigli, Municipio 1, Milano, Lombardia, 20123, Italia",45.4620403,9.1746594
,11-05-24,2024-05-10,"Via San Dionigi, 90, Milano, MI",Depuratore di Milano Nosedo,Decimo festival internazionale dei depuratori,https://www.milanotoday.it/eventi/10-festival-internazionale-dei-depuratori-cenere-fra-simbolo-arte-e-materia-arte-da-mangiare.html,Non classificato,"Via San Dionigi, Lodi - Corvetto, Municipio 4, Milano, Lombardia, 20139, Italia",45.4365102,9.2174109
Spettacoli,10-05-24,2024-05-10,"Via Mestre 19,20132, Milano, MI,Italia",Soul Movie Studios,Fratelli di Crozza,https://www.teatro.it/spettacoli/milano/soul-movie-studios/2023-2024/fratelli-di-crozza,Teatro e spettacolo,"Studi Televisivi Centro Produzione Deruta, 19, Via Mestre, Parco Lambro - Cimiano, Municipio 3, Milano, Lombardia, 20132, Italia",45.4928262,9.2397902
Spettacoli,10-05-24,2024-05-10,"Via G. di Vittorio 6,20090, Assago, MI,Italia",Repower,Broadway Celebration,https://www.teatro.it/spettacoli/assago/repower/2023-2024/broadway-celebration,Teatro e spettacolo,"20090, Italy",45.407,9.1083
,31-05-24,2024-05-10,"Via Evangelista Torricelli, 21, Milano, MI",Corals,"Inaugurazione mostra ""Goddesses & muses. Oblivion""",https://www.milanotoday.it/eventi/inaugurazione-mostra-goddesses-muses-oblivion-daniel-salvi.html,Non classificato,"21, Via Evangelista Torricelli, Ravello, Parabiago, Milano, Lombardia, 20015, Italia",45.5574246,8.9394696
,03-06-24,2024-05-10,"Via Cesare Balbo, 36, Milano, MI",Zinc Bar,California love: la mostra di Luca Loreti e Shyla N.,https://www.milanotoday.it/eventi/california-love-la-mostra-di-luca-loreti-e-shyla-n-allo-zinc-shyla-n-e-luca-loreti.html,Non classificato,"Via Cesare Balbo, Vigentina, Municipio 5, Milano, Lombardia, 20136, Italia",45.4472584,9.1960246
Spettacoli,10-05-24,2024-05-10,"p.zza IV Novembre 3,20025, Legnano, MI,Italia",Talisio Tirinnanzi,The voice and the sound of Pink Floyd,https://www.teatro.it/spettacoli/legnano/talisio-tirinnanzi/2023-2024/big-one-the-voice-and-the-sound-of-pink-floyd,Teatro e spettacolo,"Scuola Secondaria di Primo Grado Giovanni Ungaretti, 3, Piazza Quattro Novembre, San Giorgio su Legnano, Milano, Lombardia, 20034, Italia",45.5765251,8.9157963
,11-05-24,2024-05-10,"Viale Luigi Camoens, 2, Milano, MI",Justme,Bumbu no fake nights,https://www.milanotoday.it/eventi/bumbu-no-fake-nights-bumbu.html,Non classificato,"Viale Luigi Camoens, Parco Sempione, Municipio 1, Milano, Lombardia, 20154, Italia",45.4729814,9.1728556
,10-05-24,2024-05-10,"Corso Genova, 3, Milano, MI",Città del sole,Cittá del sole in tour a Milano per  promuovere la biodiversitá,https://www.milanotoday.it/eventi/citta-del-sole-in-tour-a-milano-per-promuovere-la-biodiversita.html,Non classificato,"Città del sole, 3, Corso Genova, Magenta - San Vittore, Municipio 1, Milano, Lombardia, 20123, Italia",45.4581633,9.1771299
,12-05-24,2024-05-10,"Via Pietro da Cernusco, Milano, MI",Parco Trabattoni,Street food festival a Cernusco,https://www.milanotoday.it/eventi/street-food-festival.html,Non classificato,"Via Pietro da Cernusco, Cernusco sul Naviglio, Milano, Lombardia, 20063, Italia",45.5265872,9.3278012
,03-06-24,2024-05-10,"Corso Buenos Aires, 45, Milano, MI",Lusvardi Art,Capri sun,https://www.milanotoday.it/eventi/capri-sun-david-kroell-e-marcel-walldorf.html,Non classificato,"Goldenpoint, 45, Corso Buenos Aires, Buenos Aires - Venezia, Municipio 3, Milano, Lombardia, 20124, Italia",45.4808037,9.2111831
Disco&Feste,11-05-24,2024-05-11,"Via Valtellina, 25, Milano, MI",Alcatraz,Gli Eiffel 65 in concerto a Milano. Orari e biglietti,https://www.milanotoday.it/eventi/concerto-eiffel-65-alcatraz.html,Musica e vita notturna,"Alcatraz, 25, Via Valtellina, Isola, Municipio 9, Milano, Lombardia, 20159, Italia",45.494744,9.1823768
,11-05-24,2024-05-11,"Via della Cava, Milano, MI",PARCO CAVA,Scritture di luce nel parco,https://www.milanotoday.it/eventi/scritture-di-luce-nel-parco-tra-parole-e-fotografie-laboratorio-creativo-esuvia-e-amarilis.html,Non classificato,"Via della Cava, Crivella, Vimodrone, Milano, Lombardia, 20055, Italia",45.5222477,9.2969982
,11-05-24,2024-05-11,"Viale Argonne, 56, Milano, MI",Chiesa SS. Nereo e Achilleo,Un concerto per ricordare Dario e per sostenere Italian Sarcoma Group,https://www.milanotoday.it/eventi/un-concerto-per-ricordare-dario-e-per-sostenere-italian-sarcoma-group-lift-your-voice-gospel-choir.html,Non classificato,"56, Viale Argonne, Corsica, Municipio 4, Milano, Lombardia, 20133, Italia",45.4679206,9.2335003
Incontro/presentazione,11-05-24,2024-05-11,"via Brera, 28, Milano, MI",Pinacoteca di Brera - Biblioteca Nazionale Braidense di Milano,La consistenza dello spirito,,Formazione e networking,"Istituto Nazionale di Astrofisica – Osservatorio astronomico di Brera, 28, Via Brera, Cerchia dei Navigli, Municipio 1, Milano, Lombardia, 20121, Italia",45.4715946,9.1889707
Promozioni,11-05-24,2024-05-11,"Via Alessandro Manzoni, 56, Milano, MI",Humanitas Dental Center,Un sorriso sano e luminoso? Scopri i vantaggi dell’odontoiatria estetica: open day dedicato,https://www.milanotoday.it/eventi/open-day-dental-center.html,Mercati e shopping,"56, Via Alessandro Manzoni, Paullo, Milano, Lombardia, 20067, Italia",45.4180966,9.4000575
Promozioni,11-05-24,2024-05-11,"Via Alessandro Manzoni, 56, Milano, MI",Humanitas Dental Center,Un sorriso sano e luminoso? Scopri i vantaggi dell’odontoiatria estetica: open day dedicato,https://www.milanotoday.it/eventi/open-day-dental-center.html,Mercati e shopping,"56, Via Alessandro Manzoni, Paullo, Milano, Lombardia, 20067, Italia",45.4180966,9.4000575
,11-05-24,2024-05-11,"Viale Molise, 62, Milano, MI",ex Macello,Vision open air torna all'ex Macello con Argy e Alex Wann,https://www.milanotoday.it/eventi/vision-open-air-torna-all-ex-macello-con-argy-e-alex-wann-argy-omnya-alex-wann-earthlife.html,Non classificato,"Viale Molise, Ortomercato, Municipio 4, Milano, Lombardia, 20130, Italia",45.452308,9.2241311
Promozioni,11-05-24,2024-05-11,"Via Alessandro Manzoni, 56, Milano, MI",Humanitas Dental Center,Un sorriso sano e luminoso? Scopri i vantaggi dell’odontoiatria estetica: open day dedicato,https://www.milanotoday.it/eventi/open-day-dental-center.html,Mercati e shopping,"56, Via Alessandro Manzoni, Paullo, Milano, Lombardia, 20067, Italia",45.4180966,9.4000575
,11-05-24,2024-05-11,"Via Pasquale Sottocorno, 27, Milano, MI",Art Luxury Gallery,Total art,https://www.milanotoday.it/eventi/total-art-mostra-collettiva.html,Non classificato,"Ricci Osteria, 27, Via Pasquale Sottocorno, XXII Marzo, Municipio 4, Milano, Lombardia, 20129, Italia",45.4662072,9.2119112
,12-05-24,2024-05-11,"Via Valtellina, 25, Milano, MI",ALCATRAZ MILANO,Eiffel65 in concerto all'Alcatraz,https://www.milanotoday.it/eventi/eiffel65-in-concerto-al-alcatraz-eiffel.html,Non classificato,"Alcatraz, 25, Via Valtellina, Isola, Municipio 9, Milano, Lombardia, 20159, Italia",45.494744,9.1823768
,11-05-24,2024-05-11,"Via Luigi Mengoni, 3, Milano, MI",CN L'Hub,Volontariato raccontato: la human library di Bir,https://www.milanotoday.it/eventi/volontariato-raccontato-la-human-library-di-bir.html,Non classificato,"3, Via Luigi Mengoni, Lorenteggio, Municipio 6, Milano, Lombardia, 20152, Italia",45.4535175,9.1066398
Spettacoli,11-05-24,2024-05-11,"Via Giordano Rota 1,20145, Milano, MI,Italia",Nazionale Italiana Assicurazioni,FREAK Il Musical,https://www.teatro.it/spettacoli/milano/nazionale/2023-2024/freak-il-musical,Teatro e spettacolo,"20145, Italy",45.4643,9.1895
Promozioni,11-05-24,2024-05-11,"Via Alessandro Manzoni, 56, Milano, MI",Humanitas Dental Center,Un sorriso sano e luminoso? Scopri i vantaggi dell’odontoiatria estetica: open day dedicato,https://www.milanotoday.it/eventi/open-day-dental-center.html,Mercati e shopping,"56, Via Alessandro Manzoni, Paullo, Milano, Lombardia, 20067, Italia",45.4180966,9.4000575
Promozioni,11-05-24,2024-05-11,"Via Alessandro Manzoni, 56, Milano, MI",Humanitas Dental Center,Un sorriso sano e luminoso? Scopri i vantaggi dell’odontoiatria estetica: open day dedicato,https://www.milanotoday.it/eventi/open-day-dental-center.html,Mercati e shopping,"56, Via Alessandro Manzoni, Paullo, Milano, Lombardia, 20067, Italia",45.4180966,9.4000575
Promozioni,11-05-24,2024-05-11,"Via Alessandro Manzoni, 56, Milano, MI",Humanitas Dental Center,Un sorriso sano e luminoso? Scopri i vantaggi dell’odontoiatria estetica: open day dedicato,https://www.milanotoday.it/eventi/open-day-dental-center.html,Mercati e shopping,"56, Via Alessandro Manzoni, Paullo, Milano, Lombardia, 20067, Italia",45.4180966,9.4000575
Spettacoli,11-05-24,2024-05-11,"p.zza IV Novembre 3,20025, Legnano, MI,Italia",Talisio Tirinnanzi,Scomodo,https://www.teatro.it/spettacoli/legnano/talisio-tirinnanzi/2023-2024/angelo-pisani-scomodo,Teatro e spettacolo,"Scuola Secondaria di Primo Grado Giovanni Ungaretti, 3, Piazza Quattro Novembre, San Giorgio su Legnano, Milano, Lombardia, 20034, Italia",45.5765251,8.9157963
,11-05-24,2024-05-11,"Via San Cristoforo, 1, Milano, MI",TEATRO BELLO,La musica del cinema,https://www.milanotoday.it/eventi/la-musica-del-cinema-le-canzoni-da-film-tonino-scala-lele-mico-annalisa-cantando.html,Non classificato,"Montalcino Caffè, 1, Via San Cristoforo, San Cristoforo, Municipio 6, Milano, Lombardia, 20144, Italia",45.4477537,9.1544595
,02-06-24,2024-05-11,"Via Scutari, 3, Milano, MI",Spazio Culturale SC3 Milano,Molto sugo. La Pupazza,https://www.milanotoday.it/eventi/molto-sugo-la-pupazza-la-pupazza.html,Non classificato,"Spazio Culturale SC3 Milano, 3, Via Scutari, Padova, Municipio 2, Milano, Lombardia, 20127, Italia",45.4986543,9.2325582
,11-05-24,2024-05-11,"Piazza Francesco Carrara, 17, Milano, MI",Centro Asteria,Concerto lirico - strumentale,https://www.milanotoday.it/eventi/concerto-lirico-strumentale-ekaterina-adamova.html,Non classificato,"17, Piazza Francesco Carrara, Stadera, Municipio 5, Milano, Lombardia, 20136, Italia",45.4369245,9.1761088
,12-05-24,2024-05-12,"Viale Carlo Espinasse, 41, Milano, MI",Masada,Rebus e circolo Masada w// Francesco Farfa & Enrico Vivaldi,https://www.milanotoday.it/eventi/rebus-e-circolo-masada-w-francesco-farfa-enrico-vivaldi-francesco-farfa.html,Non classificato,"Viale Carlo Espinasse, Cagnola, Municipio 8 di Milano, Milano, Lombardia, 20156, Italia",45.4956012,9.1433667
Spettacoli,12-05-24,2024-05-12,"Corso Buenos Aires 33,20124, Milano, MI,Italia",Elfo Puccini - sala Shakespeare,Hỳbris,https://www.teatro.it/spettacoli/milano/elfo-puccini-sala-shakespeare/2023-2024/hybris,Teatro e spettacolo,"Teatro Elfo Puccini, 33, Corso Buenos Aires, Buenos Aires - Venezia, Municipio 3, Milano, Lombardia, 20124, Italia",45.4794317,9.2098387
Spettacoli,12-05-24,2024-05-12,"Corso Buenos Aires,33,20124, Milano, MI,Italia",Teatro Elfo Puccini - sala Fassbinder,David Copperfield sketch comedy - Un carosello Dickensiano,https://www.teatro.it/spettacoli/milano/teatro-elfo-puccini-sala-fassbinder/2023-2024/david-copperfield-sketch-comedy-un-carosello-dickensiano,Teatro e spettacolo,"Teatro Elfo Puccini, 33, Corso Buenos Aires, Buenos Aires - Venezia, Municipio 3, Milano, Lombardia, 20124, Italia",45.4794317,9.2098387
Spettacoli,12-05-24,2024-05-12,"Viale dell'Innovazione 20,20126, Milano, MI,Italia",Arcimboldi,Solo,https://www.teatro.it/spettacoli/milano/arcimboldi/2023-2024/arturo-brachetti-solo,Teatro e spettacolo,"20, Viale dell'Innovazione, Bicocca, Municipio 9, Milano, Lombardia, 20125, Italia",45.5148696,9.2135963
Spettacoli,12-05-24,2024-05-12,"Via G. di Vittorio 6,20090, Assago, MI,Italia",Repower,La Sirenetta - Il Musical,https://www.teatro.it/spettacoli/assago/repower/2023-2024/la-sirenetta-la-voce-delloceano-musical,Teatro e spettacolo,"20090, Italy",45.407,9.1083
Spettacoli,12-05-24,2024-05-12,"Corso Buenos Aires 33,20124, Milano, MI,Italia",Elfo Puccini - Sala Bausch,La purezza e il compromesso,https://www.teatro.it/spettacoli/milano/elfo-puccini-sala-bausch/2023-2024/la-purezza-e-il-compromesso,Teatro e spettacolo,"Teatro Elfo Puccini, 33, Corso Buenos Aires, Buenos Aires - Venezia, Municipio 3, Milano, Lombardia, 20124, Italia",45.4794317,9.2098387
Spettacoli,12-05-24,2024-05-12,"Corso di Porta Romana 63,20122, Milano, MI,Italia",Carcano,Bocca mia taci,https://www.teatro.it/spettacoli/milano/carcano/2023-2024/francesco-de-carlo-bocca-mia-taci,Teatro e spettacolo,"Teatro Carcano, 63, Corso di Porta Romana, Crocetta, Municipio 1, Milano, Lombardia, 20121, Italia",45.4566842,9.1955297
Spettacoli,12-05-24,2024-05-12,"Via Giordano Rota 1,20145, Milano, MI,Italia",Nazionale Italiana Assicurazioni,The voice and the sound of Pink Floyd,https://www.teatro.it/spettacoli/milano/nazionale-chebanca/2023-2024/big-one-the-voice-and-the-sound-of-pink-floyd,Teatro e spettacolo,"20145, Italy",45.4643,9.1895
Mercatini,12-05-24,2024-05-12,"Viale Lombardia, Milano, MI",Rozzano,Il Mercatino di Forte dei Marmi alle porte di Milano,https://www.milanotoday.it/eventi/mercatino-forte-dei-marmi-rozzano.html,Mercati e shopping,"Viale Lombardia, Città Studi, Municipio 3, Milano, Lombardia, 20131, Italia",45.4837456,9.2236273
Spettacoli,12-05-24,2024-05-12,"Corso di Porta Romana 63,20122, Milano, MI,Italia",Carcano,"Vieni avanti, cretina!",https://www.teatro.it/spettacoli/milano/carcano/2023-2024/vieni-avanti-cretina,Teatro e spettacolo,"Teatro Carcano, 63, Corso di Porta Romana, Crocetta, Municipio 1, Milano, Lombardia, 20121, Italia",45.4566842,9.1955297
Spettacoli,12-05-24,2024-05-12,"Via San Giovanni sul muro 2,20121, Milano, MI,Italia",Dal Verme,Tu cosa vedi quando chiudi gli occhi Tour,https://www.teatro.it/spettacoli/milano/dal-verme/2023-2024/michele-bravi-anteprima-a-teatro,Teatro e spettacolo,"2, Via San Giovanni sul Muro, Cerchia dei Navigli, Municipio 1, Milano, Lombardia, 20121, Italia",45.4671162,9.1814924
Spettacoli,12-05-24,2024-05-12,"Via Ciro Menotti 11,20129, Milano, MI,Italia",Menotti,Arlecchino muto per spavento,https://www.teatro.it/spettacoli/milano/menotti/2023-2024/marco-zoppello-arlecchino-muto-per-spavento,Teatro e spettacolo,"11, Via Ciro Menotti, Buenos Aires - Venezia, Municipio 3, Milano, Lombardia, 20129, Italia",45.4699888,9.2132156
,12-05-24,2024-05-12,"Corso Garibaldi, 27, Milano, MI","CAM Garibaldi, sala Falcone e Borsellino",Cine-concerto,https://www.milanotoday.it/eventi/cine-concerto-centro-musicale-suzuki-milano.html,Non classificato,"27, Corso Giuseppe Garibaldi, Brera, Municipio 1, Milano, Lombardia, 20121, Italia",45.4730231,9.18362
,12-05-24,2024-05-12,"Via Domenico Berra, 10, Milano, MI",ASSOCIAZIONE CULTURALE CASA BERRA,L'arte in casa berra,https://www.milanotoday.it/eventi/l-arte-in-casa-berra.html,Non classificato,"10, Via Domenico Berra, Padova, Municipio 2, Milano, Lombardia, 20132, Italia",45.5087633,9.2486748
Spettacoli,12-05-24,2024-05-12,"Corso Magenta 24,20123, Milano, MI,Italia",MTM - Litta,Tu sei la bellezza,https://www.teatro.it/spettacoli/milano/mtm-litta/2023-2024/tu-sei-la-bellezza,Teatro e spettacolo,"24, Corso Magenta, Cerchia dei Navigli, Municipio 1, Milano, Lombardia, 20123, Italia",45.4658664,9.1782835
Spettacoli,13-05-24,2024-05-13,"Via Larga 14,20122, Milano, MI,Italia",Lirico Giorgio Gaber,L'Instant Theatre,https://www.teatro.it/spettacoli/milano/lirico-giorgio-gaber/2023-2024/enrico-bertolino-linstant-theatre,Teatro e spettacolo,"Teatro Lirico Giorgio Gaber, 14, Via Larga, Cerchia dei Navigli, Municipio 1, Milano, Lombardia, 20122, Italia",45.4615135,9.1918702
Spettacoli,13-05-24,2024-05-13,"Via San Giovanni sul muro 2,20121, Milano, MI,Italia",Dal Verme,Piano Solo Tour,https://www.teatro.it/spettacoli/milano/dal-verme/2023-2024/giovanni-allevi-estasi-tour,Teatro e spettacolo,"2, Via San Giovanni sul Muro, Cerchia dei Navigli, Municipio 1, Milano, Lombardia, 20121, Italia",45.4671162,9.1814924
,14-05-24,2024-05-14,"Piazza della Scala, 2, Milano, MI",Palazzo Marino,Premio Campione,https://www.milanotoday.it/eventi/premio-campione.html,Non classificato,"2, Piazza della Scala, Duomo, Brera, Milano, Lombardia, 20121, Italia",45.4666807,9.1902798
Spettacoli,14-05-24,2024-05-14,"v. Mons. Pogliani 7/a,ang. via Grandi,20090, Cesano Boscone, MI,Italia",Cristallo,FILIPPO CACCAMO,https://www.teatro.it/spettacoli/cesano-boscone/cristallo/2023-2024/filippo-caccamo-le-filippiche,Teatro e spettacolo,"20090, Italy",45.407,9.1083
Spettacoli,14-05-24,2024-05-14,"via Pitteri 58,20134, Milano, MI,Italia",Martinitt,Laura Formenti,https://www.teatro.it/spettacoli/milano/martinitt/2023-2024/laura-formenti-drama-queen,Teatro e spettacolo,"Via Riccardo Pitteri, Lambrate, Municipio 3, Milano, Lombardia, 20134, Italia",45.4798362,9.2457864
Mostra,14-05-24,2024-05-14,"Corso di Porta Vittoria 43, Milano, MI",Camera del Lavoro - Auditorium Di Vittorio,NON DIMENTICARE,,Arte e cultura,"43, Corso di Porta Vittoria, Guastalla, Municipio 1, Milano, Lombardia, 20122, Italia",45.4624935,9.2038876
Spettacoli,14-05-24,2024-05-14,"Viale Toscana,31,20136, Milano, MI,Italia",Santeria Toscana 31,Unplugged,https://www.teatro.it/spettacoli/milano/santeria-toscana-31/2023-2024/enrico-nigiotti-unplugged,Teatro e spettacolo,"Santeria Toscana 31, 31, Viale Toscana, Vigentina, Municipio 5, Milano, Lombardia, 20136, Italia",45.4456408,9.1883503
Spettacoli,14-05-24,2024-05-14,"Viale dell'Innovazione 20,20126, Milano, MI,Italia",Arcimboldi,Appartenere - Vita intima del potere criminale,https://www.teatro.it/spettacoli/milano/arcimboldi/2023-2024/roberto-saviano-sesso-e-mafia,Teatro e spettacolo,"20, Viale dell'Innovazione, Bicocca, Municipio 9, Milano, Lombardia, 20125, Italia",45.5148696,9.2135963
Concerti,15-05-24,2024-05-15,"Viale Monte Grappa, 14, Milano, MI",Play Club,Una speciale serata di karaoke a Milano,https://www.milanotoday.it/eventi/serata-karaoke-play-club.html,Musica e vita notturna,"14, Viale Monte Grappa, GARIBALDI REPUBBLICA, Municipio 9, Milano, Lombardia, 20124, Italia",45.4808654,9.1896377
Spettacoli,15-05-24,2024-05-15,"Via Andrea Maria Ampère 1,20131, Milano, MI,Italia",MTM - Leonardo,Favole da incubo,https://www.teatro.it/spettacoli/milano/leonardo/2023-2024/roberta-bruzzone-favole-da-incubo,Teatro e spettacolo,"Teatro Leonardo da Vinci, 1, Via Andrea Maria Ampère, Città Studi, Municipio 3, Milano, Lombardia, 20131, Italia",45.4795266,9.2263901
,15-05-24,2024-05-15,"Via Giuseppe Broggi, 5, Milano, MI",Spazio broggi 5,Poesiaperta tanto ci pensa il clima...?,https://www.milanotoday.it/eventi/poesiaperta-tanto-ci-pensa-il-clima.html,Non classificato,"5, Via Giuseppe Broggi, Buenos Aires - Venezia, Municipio 3, Milano, Lombardia, 20129, Italia",45.4782824,9.2100862
,15-05-24,2024-05-15,"Via Giovanni Bellezza, 16a, Milano, MI",Circolo Arci Bellezza,Brutta. Storia di un corpo come tanti,https://www.milanotoday.it/eventi/brutta-storia-di-un-corpo-come-tanti-di-giulia-blasi-il-15-maggio-a-milano-al-circolo-arci-bellezza-giulia-blasi-cristiana-vaccaro-francesco-zecca.html,Non classificato,"16a, Via Giovanni Bellezza, Vigentina, Municipio 5, Milano, Lombardia, 20136, Italia",45.4486728,9.1948474
Concerti,15-05-24,2024-05-15,"Piazza del Duomo, Milano, MI",Piazza Duomo,Torna il concertone di Radio Italia gratis in Duomo,https://www.milanotoday.it/eventi/concerto-radio-italia-2024.html,Musica e vita notturna,"Piazza del Duomo, Duomo, Municipio 1, Milano, Lombardia, Italia",45.4639102,9.1906398
Mostra,16-05-24,2024-05-16,"Via Senato, Milano, MI",Soprintendenza Archivistica e Bibliografica della Lombardia,LIBRI IN ARCHIVIO | Casi freddi – «La scure letterata» e le sue peregrinazioni: dalla Calabria al British Museum,,Arte e cultura,"Via Senato, Cerchia dei Navigli, Municipio 1, Milano, Lombardia, 20121, Italia",45.4714266,9.1962309
,17-05-24,2024-05-16,"Via Brisa, Milano, MI",spazio Lineapelle,Pelle e mosaico: magia di colori,https://www.milanotoday.it/eventi/pelle-e-mosaico-magia-di-colori-workshop.html,Non classificato,"Via Brisa, Cerchia dei Navigli, Municipio 1, Milano, Lombardia, 20123, Italia",45.4642162,9.1805263
Incontri,19-05-24,2024-05-16,"Corso Garibaldi, 65, Milano, MI",Skincare Society House,"La ""Skincare Society House"" di Avon debutta a Milano",https://www.milanotoday.it/eventi/skincare-avon-16-19-maggio-2024.html,Formazione e networking,"65, Corso Giuseppe Garibaldi, Brera, Municipio 1, Milano, Lombardia, 20121, Italia",45.4748291,9.183327
,19-05-24,2024-05-16,"Via Mac Mahon, 16, Milano, MI",Teatro Out Off,Amazon crime: compagnia peso piuma,https://www.milanotoday.it/eventi/amazon-crime-compagnia-peso-piuma-compagnia-peso-piuma.html,Non classificato,"Via Mac Mahon, Villapizzone, Municipio 8 di Milano, Milano, Lombardia, 20155, Italia",45.4970636,9.153938
Mostre,27-10-24,2024-05-16,"Via Giulio Cesare Procaccini, 4, Milano, MI",Fabbrica del Vapore,A Milano la prima mostra italiana interamente dedicata a Shepard Fairey,https://www.milanotoday.it/eventi/mostra-shepard-fairey-fabbrica-vapore.html,Arte e cultura,"4, Via Giulio Cesare Procaccini, Bullona, Porta Volta, Municipio 8 di Milano, Milano, Lombardia, 20154, Italia",45.4839945,9.1753796
,16-05-24,2024-05-16,"Via Filippo Argelati, 37, Milano, MI",Centro Formazione Supereroi,Alla scoperta dei paesi dove MSF opera,https://www.milanotoday.it/eventi/alla-scoperta-dei-paesi-dove-msf-opera.html,Non classificato,"Via Filippo Argelati, Navigli, Municipio 6, Milano, Lombardia, 20143, Italia",45.4466097,9.1685751
Inaugurazioni,16-06-24,2024-05-16,"Piazza Santa Maria Beltrade, Milano, MI",Minuto Bauli,Arriva a Milano il nuovo modo di scoprire la bontà del Pandoro… in soli 60 secondi,https://www.milanotoday.it/eventi/inaugurazione-minuto-milano.html,Inaugurazioni,"Piazza Santa Maria Beltrade, Cerchia dei Navigli, Municipio 1, Milano, Lombardia, 20122, Italia",45.4628631,9.1867227
Spettacoli,16-05-24,2024-05-16,"Viale dell'Innovazione 20,20126, Milano, MI,Italia",Arcimboldi,Tutti i sogni ancora in volo,https://www.teatro.it/spettacoli/milano/arcimboldi/2023-2024/massimo-ranieri-tutti-i-sogni-ancora-in-volo,Teatro e spettacolo,"20, Viale dell'Innovazione, Bicocca, Municipio 9, Milano, Lombardia, 20125, Italia",45.5148696,9.2135963
,16-05-24,2024-05-16,"Via Pietro Pomponazzi, 9e, Milano, MI",Ècate Caffè Libreria,"Performance live podcast ""Merce di scambio""",https://www.milanotoday.it/eventi/performance-live-podcast-merce-di-scambio-teresa-potenza-ester-memeo.html,Non classificato,"Via Pietro Pomponazzi, Tibaldi, Municipio 5, Milano, Lombardia, 20136, Italia",45.4418973,9.1822169
Spettacoli,16-05-24,2024-05-16,"p.zza IV Novembre 3,20025, Legnano, MI,Italia",Talisio Tirinnanzi,La luce delle stelle morte,https://www.teatro.it/spettacoli/legnano/talisio-tirinnanzi/2023-2024/massimo-recalcati-la-luce-delle-stelle-morte,Teatro e spettacolo,"Scuola Secondaria di Primo Grado Giovanni Ungaretti, 3, Piazza Quattro Novembre, San Giorgio su Legnano, Milano, Lombardia, 20034, Italia",45.5765251,8.9157963
Spettacoli,17-05-24,2024-05-17,"Via Lattanzio 58/A,20137, Milano, MI,Italia",deSidera Teatro Oscar,In nome della madre,https://www.teatro.it/spettacoli/milano/desidera-teatro-oscar/2023-2024/galatea-ranzi-in-nome-della-madre,Teatro e spettacolo,"Teatro Oscar DeSidera, 58/A, Via Lattanzio, Umbria - Molise, Municipio 4, Milano, Lombardia, 20137, Italia",45.4523298,9.2167181
,17-05-24,2024-05-17,"Via Conservatorio, 2a, Milano, MI",Babila Hostel & Bistrot,Marta Frigo e Federico Orlando live,https://www.milanotoday.it/eventi/marta-frigo-e-federico-orlando-dal-vivo-al-babila-hostel-bistrot-marta-frigo-federico-orlando.html,Non classificato,"Babila Bistro, 2a, Via Conservatorio, Guastalla, Municipio 1, Milano, Lombardia, 20122, Italia",45.4641289,9.2033678
Spettacoli,17-05-24,2024-05-17,"Viale dell'Innovazione 20,20126, Milano, MI,Italia",Arcimboldi,God save the Queen,https://www.teatro.it/spettacoli/milano/arcimboldi/2023-2024/pablo-padin-god-save-the-queen,Teatro e spettacolo,"20, Viale dell'Innovazione, Bicocca, Municipio 9, Milano, Lombardia, 20125, Italia",45.5148696,9.2135963
,17-05-24,2024-05-17,"Viale Molise, 62, Milano, MI",Ex Macello,Milano open air all'Ex Macello,https://www.milanotoday.it/eventi/milano-open-air-all-ex-macello.html,Non classificato,"Viale Molise, Ortomercato, Municipio 4, Milano, Lombardia, 20130, Italia",45.452308,9.2241311
Spettacoli,17-05-24,2024-05-17,"Via G. di Vittorio 6,20090, Assago, MI,Italia",Unipol Forum,Non perdiamoci mica di vista - Tour 2024,https://www.teatro.it/spettacoli/assago/mediolanum-forum/2023-2024/non-perdiamoci-mica-di-vista-tour-2024,Teatro e spettacolo,"20090, Italy",45.407,9.1083
,18-05-24,2024-05-17,"Via Tortona, 33, Milano, MI",The Botanical Club,Simone Vitullo ospite speciale di Hypnøsis,https://www.milanotoday.it/eventi/simone-vitullo-ospite-speciale-di-hypnosis-simone-vitullo.html,Non classificato,"33, Via Tortona, Tortona, Municipio 6, Milano, Lombardia, 20144, Italia",45.451392,9.1617
,17-05-24,2024-05-17,"Via Moncalieri, 5, Milano, MI","""La Casa di Alex""",Live music jam,https://www.milanotoday.it/eventi/live-music-jam-foma-fomic-rosita-brucoli-belfiore.html,Non classificato,"Via Moncalieri, Niguarda - Cà Granda, Municipio 9, Milano, Lombardia, 20162, Italia",45.5096992,9.1975463
Manifestazioni,19-05-24,2024-05-17,"Via Grosotto, 7, Milano, MI",Piazza Portello,Royal Days: nel cuore di Milano un weekend di festa per i nostri amici a 4 zampe,https://www.milanotoday.it/eventi/royal-days-piazza-portello.html,Altri eventi,"Parafarmacia Portello, 7, Via Grosotto, Villapizzone, Cagnola, Municipio 8 di Milano, Milano, Lombardia, 20149, Italia",45.490853,9.1465887
,17-05-24,2024-05-17,"Via Noto, 9, Milano, MI",Tempio del Futuro Perduto,Irvine Welsh in console al tempio del futuro perduto,https://www.milanotoday.it/eventi/irvine-welsh-in-console-al-tempio-del-futuro-perduto.html,Non classificato,"Via Noto, Ripamonti, Municipio 5, Milano, Lombardia, 20141, Italia",45.4310702,9.2014959
,17-05-24,2024-05-17,"Corso di Porta Ticinese, 56, Milano, MI",Star Shop My World,Star comics porta a Milano i global manga,https://www.milanotoday.it/eventi/star-comics-porta-a-milano-i-global-manga-con-da-hosoi-e-la-sua-opera-diablomachia-da-hosoi.html,Non classificato,"Star Shop, 56, Corso di Porta Ticinese, Ticinese, Municipio 1, Milano, Lombardia, 20123, Italia",45.4565551,9.1807221
,17-05-24,2024-05-17,"Via Pisanello, 1, Milano, MI",Centro Culturale Rosetum,Tmtxplosif ii rosetum jazz festival #6,https://www.milanotoday.it/eventi/tmtxplosif-ii-rosetum-jazz-festival-6-tmtxplosif.html,Non classificato,"Via Pisanello, Bande Nere, Municipio 7, Milano, Lombardia, 20148, Italia",45.4672182,9.140416
Spettacoli,17-05-24,2024-05-17,"Corso di Porta Romana 63,20122, Milano, MI,Italia",Carcano,Due donne e un delitto,https://www.teatro.it/spettacoli/milano/carcano/2023-2024/due-donne-e-un-delitto,Teatro e spettacolo,"Teatro Carcano, 63, Corso di Porta Romana, Crocetta, Municipio 1, Milano, Lombardia, 20121, Italia",45.4566842,9.1955297
Mostre,19-05-24,2024-05-17,"Via Pablo Neruda, 2, Milano, MI",MUMAC,Apertura straordinaria del Mumac (visite libere) e convegno sul tema “Musei per l’educazione e la ricerca”,https://www.milanotoday.it/eventi/mumac-apertura-straordinaria.html,Arte e cultura,"MUMAC, 2, Via Pablo Neruda, Binasco, Unione dei Comuni I Fontanili, Milano, Lombardia, 20082, Italia",45.3360862,9.0972517
,27-05-24,2024-05-18,"Via Nicola Antonio Porpora, 16a, Milano, MI",iKonica Art Gallery,Thalassa,https://www.milanotoday.it/eventi/thalassa-ettore-giaccari.html,Non classificato,"Via Nicola Antonio Porpora, Città Studi, Municipio 3, Milano, Lombardia, 20131, Italia",45.4861128,9.2333325
Incontro/presentazione,18-05-24,2024-05-18,"via Brera, 28, Milano, MI",Pinacoteca di Brera - Biblioteca Nazionale Braidense di Milano,“Suo devoto Giacomo Puccini”,,Formazione e networking,"Istituto Nazionale di Astrofisica – Osservatorio astronomico di Brera, 28, Via Brera, Cerchia dei Navigli, Municipio 1, Milano, Lombardia, 20121, Italia",45.4715946,9.1889707
,30-05-24,2024-05-18,"Viale Abruzzi, 87, Milano, MI",Atelier Sinergie Milano,Il colore come energia vitale,https://www.milanotoday.it/eventi/il-colore-come-energia-vitale-susanna-maccari.html,Non classificato,"87, Viale Abruzzi, Buenos Aires - Venezia, Municipio 3, Milano, Lombardia, 20131, Italia",45.4843149,9.2167435
Spettacoli,18-05-24,2024-05-18,"Via G. di Vittorio 6,20090, Assago, MI,Italia",Repower,CONTROCORRENTE,https://www.teatro.it/spettacoli/assago/repower/2023-2024/italy-bares-controcorrente,Teatro e spettacolo,"20090, Italy",45.407,9.1083
Spettacoli,18-05-24,2024-05-18,"Piazza della Resistenza,20021, Bollate, MI,Italia",La Bolla,Alla ricerca dell'Uomo Ragno,https://www.teatro.it/spettacoli/bollate/la-bolla/2023-2024/alla-ricerca-delluomo-ragno,Teatro e spettacolo,"Piazza della Resistenza, Cantun Sciatin, Ospiate, Bollate, Milano, Lombardia, 20021, Italia",45.5465473,9.112871
Spettacoli,18-05-24,2024-05-18,"Via Giordano Rota 1,20145, Milano, MI,Italia",Nazionale Italiana Assicurazioni,Il Pedone,https://www.teatro.it/spettacoli/milano/nazionale-chebanca/2023-2024/giacobazzi-il-pedone,Teatro e spettacolo,"20145, Italy",45.4643,9.1895
Spettacoli,18-05-24,2024-05-18,"p.zza IV Novembre 3,20025, Legnano, MI,Italia",Talisio Tirinnanzi,Sballando con le Stelle,https://www.teatro.it/spettacoli/legnano/talisio-tirinnanzi/2023-2024/dario-cassini-sballando-con-le-stelle,Teatro e spettacolo,"Scuola Secondaria di Primo Grado Giovanni Ungaretti, 3, Piazza Quattro Novembre, San Giorgio su Legnano, Milano, Lombardia, 20034, Italia",45.5765251,8.9157963
Spettacoli,18-05-24,2024-05-18,"Via Gaudenzio Fantoli,9,20138, Milano, MI,20138, Milano, MI,Italia",Fabrique,Tour 2025,https://www.teatro.it/spettacoli/milano/fabrique/2023-2024/mahmood-european-tour-2024,Teatro e spettacolo,"20138, Italy",45.4643,9.1895
Spettacoli,18-05-24,2024-05-18,"Viale dell'Innovazione 20,20126, Milano, MI,Italia",Arcimboldi,Magic school musical,https://www.teatro.it/spettacoli/milano/arcimboldi/2023-2024/all-crazy-art-show-magic-school-musical,Teatro e spettacolo,"20, Viale dell'Innovazione, Bicocca, Municipio 9, Milano, Lombardia, 20125, Italia",45.5148696,9.2135963
Spettacoli,18-05-24,2024-05-18,"via Pitteri 58,20134, Milano, MI,Italia",Martinitt,"Coppia aperta, quasi spalancata",https://www.teatro.it/spettacoli/milano/martinitt/2023-2024/coppia-aperta-quasi-spalancata,Teatro e spettacolo,"Via Riccardo Pitteri, Lambrate, Municipio 3, Milano, Lombardia, 20134, Italia",45.4798362,9.2457864
Disco&Feste,18-05-24,2024-05-18,"Via Circonvallazione Idroscalo, 41c, Milano, MI",Circolo Magnolia,Il Magnolia inaugura la stagione estiva con una festa fino all'alba,https://www.milanotoday.it/eventi/inaugurazione-stagione-estiva-circolo-magnolia-2024.html,Musica e vita notturna,"Via Circonvallazione Idroscalo, Novegro, Segrate, Milano, Lombardia, 20054, Italia",45.465095,9.2830627
Teatri,18-05-24,2024-05-18,"Viale dell'Innovazione, 20, Milano, MI",Teatro degli Arcimboldi,La magia di Harry Potter arriva a teatro,https://www.milanotoday.it/eventi/spettacolo-harry-potter-teatro-arcimboldi.html,Teatro e spettacolo,"20, Viale dell'Innovazione, Bicocca, Municipio 9, Milano, Lombardia, 20125, Italia",45.5148696,9.2135963
,01-06-24,2024-05-18,"Via Cristoforo Gluck, 3, Milano, MI",Bar Gluck,Un nido tra le braccia (desideri d'accoglienza),https://www.milanotoday.it/eventi/un-nido-tra-le-braccia-desideri-d-accoglienza-ilaria-pederzoli-alberto-bellotti.html,Non classificato,"3, Via Cristoforo Gluck, Centrale, Municipio 2, Milano, Lombardia, 20125, Italia",45.4910266,9.2071697
Incontri,18-05-24,2024-05-18,"Piazzale dello Sport, Milano, MI",Ippodromo di San Siro,Super sabato all'Ippodromo Snai San Siro,https://www.milanotoday.it/eventi/san-siro-ippodromo-17-maggio.html,Formazione e networking,"Piazzale dello Sport, San Siro, Municipio 7, Milano, Lombardia, 20148, Italia",45.4789681,9.130166
,18-05-24,2024-05-18,"Via Monviso, 7, Milano, MI","Centro Civico ""Agora'""","We can be heroes dei killer star, omaggio a David Bowie",https://www.milanotoday.it/eventi/we-can-be-heroes-dei-killer-star-omaggio-a-david-bowie-killer-star.html,Non classificato,"Caffè Letterario Agorà, 7, Via Monviso, Cascina San Pietro, Torretta, Arese, Milano, Lombardia, 20044, Italia",45.5572462,9.0820002
Concerti,19-05-24,2024-05-18,"Via Giovanni Battista Sammartini, 2, Milano, MI",Mercato Centrale Milano,Appuntamento al Mercato Centrale Milano con la due giorni dedicata alla musica che unisce culture e generazioni,https://www.milanotoday.it/eventi/note-dal-mondo.html,Musica e vita notturna,"2, Via Giovanni Battista Sammartini, Centrale, Municipio 2, Milano, Lombardia, 20125, Italia",45.4906477,9.2074972
,18-05-24,2024-05-18,"Via Sant'Antonio, 12, Milano, MI",Sala Napoleonica - Università degli Studi di Milano,Symposium: medicina dei sistemi,https://www.milanotoday.it/eventi/symposium-medicina-dei-sistemi.html,Non classificato,"12, Via Sant'Antonio, Duomo, Municipio 1, Milano, Lombardia, 20122, Italia",45.4610979,9.1932264
,19-05-24,2024-05-18,"Via Privata Giancarlo Puecher, 37, Milano, MI",Apicoltura Dell'Orto,Api e biodiversità: due giorni con la natura,https://www.milanotoday.it/eventi/api-e-biodiversita-due-giorni-con-la-natura.html,Non classificato,"Via privata Giancarlo Puecher, Padova, Municipio 2, Milano, Lombardia, 20127, Italia",45.5032321,9.2230438
,19-05-24,2024-05-19,"Via Sant'Antonio, 5, Milano, MI",Sant'Antonio Abate,Due passi nella storia: la chiesa di Sant'Antonio Abate,https://www.milanotoday.it/eventi/due-passi-nella-storia-la-chiesa-di-sant-antonio-abate.html,Non classificato,"5, Via Sant'Antonio, Duomo, Municipio 1, Milano, Lombardia, 20122, Italia",45.4614519,9.1934697
,19-05-24,2024-05-19,"Via Emilio Gola, 12, Milano, MI",Nidaba Theatre,Ian Siegal al Nidaba per una serata blues from Uk,https://www.milanotoday.it/eventi/domenica-19-maggio-ian-siegal-al-nidaba-per-una-serata-blues-from-uk-ian-siegal.html,Non classificato,"Nibida Theatre, 12, Via Emilio Gola, Navigli, Municipio 6, Milano, Lombardia, 20143, Italia",45.4489777,9.1756484
Spettacoli,19-05-24,2024-05-19,"Piazza S. Magno,20025, Legnano, MI,Italia",Galleria,Max Angioni - Anche meno,https://www.teatro.it/spettacoli/legnano/galleria/2023-2024/max-angioni-anche-meno,Teatro e spettacolo,"Piazza San Magno, San Magno, Oltresempione, Legnano, Milano, Lombardia, 20025, Italia",45.5948853,8.9184024
Concerti,25-05-24,2024-05-19,"Piazza Duca d'Aosta, Milano, MI",Stazione Centrale,"Concerti, campi di calcio e basket (tutto gratis): il mega festival in Centrale a Milano",https://www.milanotoday.it/eventi/concerti-gratis-centrale.html,Musica e vita notturna,"Piazza Duca d'Aosta, Centrale, Municipio 2, Milano, Lombardia, 20124, Italia",45.4848412,9.2032441
Concerto,19-05-24,2024-05-19,"Via Brera, 28, Milano, MI",Pinacoteca di Brera,Duo Tolomelli-Castellani,,Musica e vita notturna,"Istituto Nazionale di Astrofisica – Osservatorio astronomico di Brera, 28, Via Brera, Cerchia dei Navigli, Municipio 1, Milano, Lombardia, 20121, Italia",45.4715946,9.1889707
,19-05-24,2024-05-19,"Via Alessandro Stradella, 5, Milano, MI",Alma Matters,Bagno di gong,https://www.milanotoday.it/eventi/bagno-di-gong-walter-zanca.html,Non classificato,"Via Alessandro Stradella, Buenos Aires - Venezia, Municipio 3, Milano, Lombardia, 20129, Italia",45.4784806,9.2158425
,19-05-24,2024-05-19,"Via Alcide de Gasperi, 5, Milano, MI",Casa delle Arti,We insist! Live,https://www.milanotoday.it/eventi/we-insist-live-pipeline-e-andrea-grossi-blend-tre-and-jim-black.html,Non classificato,"5, Via Alcide de Gasperi, Madonna in Campagna, Bollate, Milano, Lombardia, 20021, Italia",45.5437213,9.1285745
Spettacoli,19-05-24,2024-05-19,"Corso di Porta Romana 63,20122, Milano, MI,Italia",Carcano,Andrea Scanzi - La Sciagura,https://www.teatro.it/spettacoli/milano/carcano/2023-2024/andrea-scanzi-la-sciagura-cronaca-di-un-governo-di-scappati-di-casa,Teatro e spettacolo,"Teatro Carcano, 63, Corso di Porta Romana, Crocetta, Municipio 1, Milano, Lombardia, 20121, Italia",45.4566842,9.1955297
Spettacoli,19-05-24,2024-05-19,"via Pier Lombardo,14,20135, Milano, MI,Italia",Franco Parenti - Sala Grande,La Maria Brasca,https://www.teatro.it/spettacoli/milano/franco-parenti-sala-grande/2023-2024/la-maria-brasca,Teatro e spettacolo,"Via Pier Lombardo, Porta Romana, Municipio 4, Milano, Lombardia, 20135, Italia",45.4542958,9.2063109
Spettacoli,19-05-24,2024-05-19,"Via Alessandro Manzoni 42,20121, Milano, MI,Italia",Manzoni,Il Mercante di Venezia,https://www.teatro.it/spettacoli/milano/manzoni/2023-2024/il-mercante-di-venezia,Teatro e spettacolo,"Teatro Manzoni, 42, Via Alessandro Manzoni, Cerchia dei Navigli, Municipio 1, Milano, Lombardia, 20121, Italia",45.4710286,9.1944762
Spettacoli,19-05-24,2024-05-19,"Corso Buenos Aires,33,20124, Milano, MI,Italia",Teatro Elfo Puccini - sala Fassbinder,Come tutte le ragazze libere,https://www.teatro.it/spettacoli/milano/teatro-elfo-puccini-sala-fassbinder/2023-2024/come-tutte-le-ragazze-libere,Teatro e spettacolo,"Teatro Elfo Puccini, 33, Corso Buenos Aires, Buenos Aires - Venezia, Municipio 3, Milano, Lombardia, 20124, Italia",45.4794317,9.2098387
Spettacoli,19-05-24,2024-05-19,"Via Giordano Rota 1,20145, Milano, MI,Italia",Nazionale Italiana Assicurazioni,Mortina,https://www.teatro.it/spettacoli/milano/nazionale-chebanca/2023-2024/mortina,Teatro e spettacolo,"20145, Italy",45.4643,9.1895
,04-06-24,2024-05-19,"Via Borgogna, 3, Milano, MI",Casa della Cultura,"Marco Almaviva, pittura oltre il supporto",https://www.milanotoday.it/eventi/marco-almaviva-pittura-oltre-il-supporto-dalla-filoplastica-agli-artefatti-marco-almaviva.html,Non classificato,"Marco, 3, Via Borgogna, Duomo, Municipio 1, Milano, Lombardia, 20122, Italia",45.4659702,9.1981985
Spettacoli,19-05-24,2024-05-19,"Via Ciro Menotti 11,20129, Milano, MI,Italia",Menotti,Il tempo attorno,https://www.teatro.it/spettacoli/milano/menotti/2023-2024/giuliano-scarpinato-il-tempo-attorno,Teatro e spettacolo,"11, Via Ciro Menotti, Buenos Aires - Venezia, Municipio 3, Milano, Lombardia, 20129, Italia",45.4699888,9.2132156
Spettacoli,19-05-24,2024-05-19,"Corso Buenos Aires 33,20124, Milano, MI,Italia",Elfo Puccini - Sala Bausch,L'angelo di Kobane,https://www.teatro.it/spettacoli/milano/elfo-puccini-sala-bausch/2023-2024/langelo-di-kobane,Teatro e spettacolo,"Teatro Elfo Puccini, 33, Corso Buenos Aires, Buenos Aires - Venezia, Municipio 3, Milano, Lombardia, 20124, Italia",45.4794317,9.2098387
Spettacoli,19-05-24,2024-05-19,"Viale dell'Innovazione 20,20126, Milano, MI,Italia",Arcimboldi,The Big Swing Tour 2024,https://www.teatro.it/spettacoli/milano/arcimboldi/2023-2024/tony-hadley-the-big-swing-tour-2024,Teatro e spettacolo,"20, Viale dell'Innovazione, Bicocca, Municipio 9, Milano, Lombardia, 20125, Italia",45.5148696,9.2135963
Manifestazioni,25-05-24,2024-05-19,"Piazza Duca d'Aosta, Milano, MI",Piazza Duca d'Aosta,A Milano il primo festival di cultura urbana,https://www.milanotoday.it/eventi/welcage-festival-cultura-urbana-stazione-centrale.html,Altri eventi,"Piazza Duca d'Aosta, Centrale, Municipio 2, Milano, Lombardia, 20124, Italia",45.4848412,9.2032441
Spettacoli,19-05-24,2024-05-19,"Corso Buenos Aires 33,20124, Milano, MI,Italia",Elfo Puccini - sala Shakespeare,Le memorie di Ivan Karamazov,https://www.teatro.it/spettacoli/milano/elfo-puccini-sala-shakespeare/2023-2024/le-memorie-di-ivan-karamazov,Teatro e spettacolo,"Teatro Elfo Puccini, 33, Corso Buenos Aires, Buenos Aires - Venezia, Municipio 3, Milano, Lombardia, 20124, Italia",45.4794317,9.2098387
Spettacoli,20-05-24,2024-05-20,"Via Alessandro Manzoni 42,20121, Milano, MI,Italia",Manzoni,H2OMIX,https://www.teatro.it/spettacoli/milano/manzoni/2023-2024/h2omix,Teatro e spettacolo,"Teatro Manzoni, 42, Via Alessandro Manzoni, Cerchia dei Navigli, Municipio 1, Milano, Lombardia, 20121, Italia",45.4710286,9.1944762
Spettacoli,20-05-24,2024-05-20,"Via Larga 14,20122, Milano, MI,Italia",Lirico Giorgio Gaber,I migliori danni della nostra vita,https://www.teatro.it/spettacoli/milano/lirico-giorgio-gaber/2023-2024/marco-travaglio-i-migliori-danni-della-nostra-vita,Teatro e spettacolo,"Teatro Lirico Giorgio Gaber, 14, Via Larga, Cerchia dei Navigli, Municipio 1, Milano, Lombardia, 20122, Italia",45.4615135,9.1918702
,20-05-24,2024-05-20,"Via Ulisse Dini, 7, Milano, MI",PACTA  SALONE LARGE,Test il musical arriva al teatro Pacta,https://www.milanotoday.it/eventi/test-il-musical-arriva-al-teatro-pacta-a-milano-alice-luterotti-elisa-gobbi-giorgia-visca-eleonora-buccarini-matteo-francia-alessio-antelmi-ilario-castagnola-matteo-volpotti.html,Non classificato,"PACTA Salone, 7, Via Ulisse Dini, Stadera, Municipio 5, Milano, Lombardia, 20136, Italia",45.4290193,9.1798393
,20-05-24,2024-05-20,"Viale Repubblica Cisalpina, 3, Milano, MI",Arena Civica Gianni Brera,Il ragazzo e la ragazza più veloci di Milano e il Trofeo leva mezzofondo,https://www.milanotoday.it/eventi/il-ragazzo-e-la-ragazza-piu-veloci-di-milano-e-trofeo-leva-mezzofondo.html,Non classificato,"3, Viale Repubblica Cisalpina, Parco Sempione, Municipio 1, Milano, Lombardia, 20154, Italia",45.4765089,9.1777575
,20-05-24,2024-05-20,"Piazza del Duomo, Milano, MI",MONDADORI DUOMO,"Vittorio Vaccaro: ""La cucina è il teatro della vita""",https://www.milanotoday.it/eventi/vittorio-vaccaro-la-cucina-e-il-teatro-della-vita-vittorio-vaccaro.html,Non classificato,"Piazza del Duomo, Duomo, Municipio 1, Milano, Lombardia, Italia",45.4639102,9.1906398
Manifestazioni,26-05-24,2024-05-21,"Viale Emilio Alemagna, 6, Milano, MI",La Triennale di Milano,"Milano Arch Week 2024, l'architettura protagonista a Milano",https://www.milanotoday.it/eventi/milano-arch-week-2024-festival-architettura.html,Altri eventi,"Triennale Design Museum, 6, Viale Emilio Alemagna, Parco Sempione, Municipio 1, Milano, Lombardia, 20121, Italia",45.4721477,9.1734894
Spettacoli,21-05-24,2024-05-21,"Via Lattanzio 58/A,20137, Milano, MI,Italia",deSidera Teatro Oscar,Unico Atto,https://www.teatro.it/spettacoli/milano/desidera-teatro-oscar/2023-2024/franco-branciaroli-unico-atto,Teatro e spettacolo,"Teatro Oscar DeSidera, 58/A, Via Lattanzio, Umbria - Molise, Municipio 4, Milano, Lombardia, 20137, Italia",45.4523298,9.2167181
Mostra,21-05-24,2024-05-21,"Largo Ghiringhelli 1, Milano, MI",Museo Teatrale alla Scala,I BENOIS RITROVATI,,Arte e cultura,"Museo Teatrale alla Scala, 1, Largo Antonio Ghiringhelli, Brera, Municipio 1, Milano, Lombardia, 20121, Italia",45.4673111,9.1892579
Spettacoli,21-05-24,2024-05-21,"Via G. di Vittorio 6,20090, Assago, MI,Italia",Repower,C'è sempre qualcosa che non va,https://www.teatro.it/spettacoli/assago/repower/2023-2024/pucci-ce-sempre-qualcosa-che-non-va,Teatro e spettacolo,"20090, Italy",45.407,9.1083
Spettacoli,22-05-24,2024-05-22,"Viale Toscana,31,20136, Milano, MI,Italia",Santeria Toscana 31,Unplugged,https://www.teatro.it/spettacoli/milano/santeria-toscana-31/2023-2024/luigi-strangis-unplugged,Teatro e spettacolo,"Santeria Toscana 31, 31, Viale Toscana, Vigentina, Municipio 5, Milano, Lombardia, 20136, Italia",45.4456408,9.1883503
,22-05-24,2024-05-22,"Via Gaetano Negri, 8, Milano, MI",Dito Divino,Macchie di caffè sui miei libri,https://www.milanotoday.it/eventi/stefania-lucchetti-presenta-macchie-di-caffe-sui-miei-libri-stefania-lucchetti.html,Non classificato,"8, Via Gaetano Negri, Cerchia dei Navigli, Municipio 1, Milano, Lombardia, 20123, Italia",45.465238,9.1842025
Spettacoli,22-05-24,2024-05-22,"Via Alessandro Manzoni 42,20121, Milano, MI,Italia",Manzoni,SU DI NOI…la nostra storia,https://www.teatro.it/spettacoli/milano/manzoni/2023-2024/pupo-su-di-noila-nostra-storia,Teatro e spettacolo,"Teatro Manzoni, 42, Via Alessandro Manzoni, Cerchia dei Navigli, Municipio 1, Milano, Lombardia, 20121, Italia",45.4710286,9.1944762
,31-05-24,2024-05-22,"Via Bagutta, 14, Milano, MI",Galleria Carlo Orsi,Dady orsi - lo spazio dell’altrove,https://www.milanotoday.it/eventi/dady-orsi-lo-spazio-dell-altrove-dady-orsi.html,Non classificato,"14, Via Bagutta, Duomo, Municipio 1, Milano, Lombardia, 20121, Italia",45.4677614,9.1965549
Mostra,23-05-24,2024-05-23,"Via Meravigli 9b, Milano, MI",Camera di commercio di Milano,Musei d’impresa | La cultura d’impresa come asset di competitività,,Arte e cultura,"9b, Via Meravigli, Cerchia dei Navigli, Municipio 1, Milano, Lombardia, 20123, Italia",45.4657382,9.1829151
Incontro/presentazione,23-05-24,2024-05-23,"via Brera, 28, Milano, MI",Pinacoteca di Brera - Biblioteca Nazionale Braidense di Milano,Sermone sulla Mitologia,,Formazione e networking,"Istituto Nazionale di Astrofisica – Osservatorio astronomico di Brera, 28, Via Brera, Cerchia dei Navigli, Municipio 1, Milano, Lombardia, 20121, Italia",45.4715946,9.1889707
Spettacoli,23-05-24,2024-05-23,"Piazza Cesare Beccaria 8,20122, Milano, MI,Italia",Gerolamo,Donna non rieducabile,https://www.teatro.it/spettacoli/milano/gerolamo/2023-2024/donna-non-rieducabile-ottavia-piccolo,Teatro e spettacolo,"Teatro Gerolamo, 8, Piazza Cesare Beccaria, Duomo, Municipio 1, Milano, Lombardia, 20122, Italia",45.464175,9.1945551
Spettacoli,23-05-24,2024-05-23,"via Pier Lombardo,14,20135, Milano, MI,Italia",Franco Parenti - Sala Grande,Sempre così tour,https://www.teatro.it/spettacoli/milano/franco-parenti-sala-grande/2023-2024/chiara-civello-sempre-cosi-tour,Teatro e spettacolo,"Via Pier Lombardo, Porta Romana, Municipio 4, Milano, Lombardia, 20135, Italia",45.4542958,9.2063109
,23-05-24,2024-05-23,"Via della Moscova 24, Milano, MI",Cerere,"Cerere, cibo dalla terra: due appuntamenti “arte&vino”",https://www.milanotoday.it/eventi/cerere-cibo-dalla-terra-due-appuntamenti-arte-vino-con-degustazione-e-mostra-di-artisti-contemporanei.html,Non classificato,"Horteria, 24, Via della Moscova, Brera, Municipio 1, Milano, Lombardia, 20121, Italia",45.4766966,9.1911187
,24-05-24,2024-05-23,"Via Valtellina, 25, Milano, MI",ALCATRAZ,Festa rock 2024 di slanciamoci all'Alcatraz,https://www.milanotoday.it/eventi/festa-rock-2024-di-slanciamoci-all-alcatraz-di-via-valtellina-il-23-maggio.html,Non classificato,"Alcatraz, 25, Via Valtellina, Isola, Municipio 9, Milano, Lombardia, 20159, Italia",45.494744,9.1823768
,26-05-24,2024-05-23,"Via Mac Mahon, 16, Milano, MI",Teatro Out Off,Ratti. Talent show per un’apocalisse con finale spettacolare,https://www.milanotoday.it/eventi/ratti-talent-show-per-un-apocalisse-con-finale-aspettacolare-paolo-panizza-e-performers-al-teatro-out-off-paolo-panizza-e-performers.html,Non classificato,"Via Mac Mahon, Villapizzone, Municipio 8 di Milano, Milano, Lombardia, 20155, Italia",45.4970636,9.153938
,08-06-24,2024-05-23,"Via Carlo Ravizza, 18, Milano, MI",Winarts Arte,Mostra personale di Filippo Palacino,https://www.milanotoday.it/eventi/mostra-personale-di-filippo-palacino-filippo-palacino.html,Non classificato,"18, Via Carlo Ravizza, De Angeli - Monte Rosa, Municipio 7, Milano, Lombardia, 20149, Italia",45.4689307,9.150804
Incontro/presentazione,23-05-24,2024-05-23,"via Brera, 28, Milano, MI",Pinacoteca di Brera,Museum seed The futurability of cultural places,,Formazione e networking,"Istituto Nazionale di Astrofisica – Osservatorio astronomico di Brera, 28, Via Brera, Cerchia dei Navigli, Municipio 1, Milano, Lombardia, 20121, Italia",45.4715946,9.1889707
Spettacoli,23-05-24,2024-05-23,"Piazza Cesare Beccaria 8,20122, Milano, MI,Italia",Gerolamo,Donna non rieducabile,https://www.teatro.it/spettacoli/milano/gerolamo/2023-2024/donna-non-rieducabile-ottavia-piccolo,Teatro e spettacolo,"Teatro Gerolamo, 8, Piazza Cesare Beccaria, Duomo, Municipio 1, Milano, Lombardia, 20122, Italia",45.464175,9.1945551
,22-06-24,2024-05-23,"Via Benedetto Marcello, 46, Milano, MI",Galleria Manifiesto Blanco,Mostra sezione aurea,https://www.milanotoday.it/eventi/mostra-sezione-aurea-luogo-ancestrale-forma-architettonica-spazio-vuoto-paolo-de-stefani-manifiesto-blanco-paolo-de-stefani.html,Non classificato,"Manifiesto Blanco, 46, Via Benedetto Marcello, Buenos Aires - Venezia, Municipio 3, Milano, Lombardia, 20124, Italia",45.4830737,9.2106807
Manifestazioni,27-05-24,2024-05-24,"Via Tortona, Milano, MI",NHow Hotel,"Aperitivo Festival 2024, tre giorni alla scoperta del buon bere",https://www.milanotoday.it/eventi/aperitivo-festival-2024.html,Altri eventi,"Via Tortona, Tortona, Municipio 6, Milano, Lombardia, 20144, Italia",45.4508821,9.1588843
,24-05-24,2024-05-24,"Via della Cava, Milano, MI",PARCO,Pilates matwork e poesia al parco,https://www.milanotoday.it/eventi/pilates-matwork-e-poesia-al-parco-cava-di-paderno-dugnano-debora-e-esuvia.html,Non classificato,"Via della Cava, Crivella, Vimodrone, Milano, Lombardia, 20055, Italia",45.5222477,9.2969982
,26-05-24,2024-05-24,"Viale Molise, 62, Milano, MI",Ex Macello,"Looperfest 2024, all'ex Macello di Milano il villaggio del writing internazionale",https://www.milanotoday.it/eventi/looperfest-2024-all-ex-macello-di-milano-il-villaggio-del-writing-internazionale-writer.html,Non classificato,"Viale Molise, Ortomercato, Municipio 4, Milano, Lombardia, 20130, Italia",45.452308,9.2241311
,26-05-24,2024-05-24,"Piazza Castello, Milano, MI",Piazza Castello,Festival della carbonara & cucine romane,https://www.milanotoday.it/eventi/festival-della-carbonara-cucine-romane-2024.html,Non classificato,"Piazza Castello, Cerchia dei Navigli, Municipio 1, Milano, Lombardia, Italia",45.4704699,9.1819129
,26-05-24,2024-05-24,"Via Giuseppe di Vittorio, 2, Milano, MI",Centro sportivo di Senago,Sagra pugliese,https://www.milanotoday.it/eventi/sagra-pugliese.html,Non classificato,"28/2, Via Giuseppe Di Vittorio, Foramagno, Peschiera Borromeo, Milano, Lombardia, 20068, Italia",45.4270849,9.2880658
,26-05-24,2024-05-24,"Via Acerbi, Milano, MI",Piazza Ardizzone,"La Puglia che ti piglia, il primo villaggio pugliese itinerante",https://www.milanotoday.it/eventi/la-puglia-che-ti-piglia-il-primo-villaggio-pugliese-itinerante.html,Non classificato,"Via Enrico Acerbi, Bruzzano, Municipio 9, Milano, Lombardia, 20161, Italia",45.5282933,9.174632
,24-05-24,2024-05-24,"Via Amatore Sciesa, 4, Milano, MI",IED - Istituto Europeo di Design,Sound media fest in Ied,https://www.milanotoday.it/eventi/sound-media-fest-in-ied-milano-un-viaggio-nelle-esperienze-e-nelle-applicazioni-del-suono-dell-interattivita-e-dell-ai-tra-installazioni-performance-talk-e-dj-set-marco-zangirolami-taketo-gohara-ayce-bio-mattia-cerri.html,Non classificato,"4, Via Amatore Sciesa, Ravello, Parabiago, Milano, Lombardia, 20015, Italia",45.5533742,8.9417875
,24-05-24,2024-05-24,"Via Losanna, 29, Milano, MI",Triple,Empanadas party per same hands,https://www.milanotoday.it/eventi/empanadas-party-per-same-hands.html,Non classificato,"Triple Craft Beer Milano - Birreria Artigianale, 29, Via Losanna, Sarpi, Bullona, Municipio 8 di Milano, Milano, Lombardia, 20154, Italia",45.4867669,9.1645321
,24-05-24,2024-05-24,"Via Pietro Pomponazzi, 9e, Milano, MI",Ècate Caffè Libreria,Aperitivo poetico,https://www.milanotoday.it/eventi/aperitivo-poetico-michaela-cinkova.html,Non classificato,"Via Pietro Pomponazzi, Tibaldi, Municipio 5, Milano, Lombardia, 20136, Italia",45.4418973,9.1822169
,26-05-24,2024-05-24,"Piazza Sant'Eustorgio, 15, Milano, MI",Fondazione IBVA - Sala Eventi,Fiera di maggio,https://www.milanotoday.it/eventi/fiera-di-maggio.html,Non classificato,"Piazza Sant'Eustorgio, Ticinese, Municipio 1, Milano, Lombardia, 20122, Italia",45.4536531,9.180762
Cibo e Vino,26-05-24,2024-05-24,"Piazza Castello, Milano, MI",,Il festival della carbonara a due passi da Milano,https://www.milanotoday.it/eventi/festival-carbonara-2024-abbiategrasso.html,Enogastronomia,"Piazza Castello, Cerchia dei Navigli, Municipio 1, Milano, Lombardia, Italia",45.4704699,9.1819129
,25-05-24,2024-05-24,"Via Privata Miramare, 15, Milano, MI",Piazza dei Mestieri,Beer festival in piazza dei Mestieri,https://www.milanotoday.it/eventi/beer-festival-in-piazza-dei-mestieri.html,Non classificato,"Via privata Miramare, Viale Monza, Municipio 2, Milano, Lombardia, 20126, Italia",45.5217239,9.2243579
,25-05-24,2024-05-25,"Via Monte Rosa, 81, Milano, MI",PIME,Festival seta. Dialoghi sulla Cina contemporanea,https://www.milanotoday.it/eventi/festival-seta-dialoghi-sulla-cina-contemporanea.html,Non classificato,"Museo Popoli e Culture, 81, Via Monte Rosa, De Angeli - Monte Rosa, Municipio 7, Milano, Lombardia, 20149, Italia",45.47615,9.1470053
Mostre,15-09-24,2024-05-25,"Viale Campania, 12, Milano, MI",WOW Spazio Fumetto,La mostra su Lady Oscar a Milano,https://www.milanotoday.it/eventi/mostra-lady-oscar-.html,Arte e cultura,"12, Viale Campania, Corsica, Municipio 4, Milano, Lombardia, 20133, Italia",45.4634024,9.2242161
,25-05-24,2024-05-25,"Via Borgogna, 3, Milano, MI",𝗖𝗔𝗦𝗔 𝗗𝗘𝗟𝗟𝗔 𝗖𝗨𝗟𝗧𝗨𝗥𝗔,"Workshop Liberazione, il movimento reale che abolisce lostato di cose esistente",https://www.milanotoday.it/eventi/ernesto-screpanti.html,Non classificato,"Marco, 3, Via Borgogna, Duomo, Municipio 1, Milano, Lombardia, 20122, Italia",45.4659702,9.1981985
,25-05-24,2024-05-25,"Via Garofalo, 34, Milano, MI",LORENZETTO HAIR BEAUTY & DESIGN,Lezioni di skincare,https://www.milanotoday.it/eventi/lezioni-di-skincare.html,Non classificato,"34, Via Benvenuto Garofalo, Buenos Aires - Venezia, Municipio 3, Milano, Lombardia, 20131, Italia",45.4813301,9.2194573
,25-05-24,2024-05-25,"Via Emanuele Odazio, Milano, MI",Casetta Verde - Giambellorto,Siamofiori,https://www.milanotoday.it/eventi/siamofiori.html,Non classificato,"Via Emanuele Odazio, Lorenteggio, Municipio 6, Milano, Lombardia, 20147, Italia",45.4477528,9.1338939
,25-05-24,2024-05-25,"Piazza Castello, Milano, MI",Davanti all'entrata principale del Castello Sforzesco,I Visconti e la nascita dei tarocchi: significati e labirinti degli arcani maggiori,https://www.milanotoday.it/eventi/i-visconti-e-la-nascita-dei-tarocchi-significati-e-labirinti-degli-arcani-maggiori-italia-in-tour.html,Non classificato,"Piazza Castello, Cerchia dei Navigli, Municipio 1, Milano, Lombardia, Italia",45.4704699,9.1819129
,30-05-24,2024-05-25,"Alzaia Naviglio Pavese, 16, Milano, MI",Spazio Ex Fornace,I am an outsider: una mostra mostruosa,https://www.milanotoday.it/eventi/i-am-an-outsider-una-mostra-mostruosa-marco-avaro.html,Non classificato,"16, Alzaia Naviglio Pavese, Navigli, Municipio 6, Milano, Lombardia, 20143, Italia",45.4500421,9.1774094
,25-05-24,2024-05-25,"Piazza Sant'Alessandro, Milano, MI",davanti alla chiesa di Sant'Alessandro,Milano nascosta: un viaggio tra strade e storie dimenticate,https://www.milanotoday.it/eventi/milano-nascosta-un-viaggio-tra-strade-e-storie-dimenticate-italia-in-tour.html,Non classificato,"Piazza Sant'Alessandro, Cerchia dei Navigli, Municipio 1, Milano, Lombardia, 20123, Italia",45.4608819,9.1864547
,08-06-24,2024-05-25,"Piazza Italia, Milano, MI",Olgiate Comasco,"Santesse e santucci, vin santo e cantucci",https://www.milanotoday.it/eventi/santesse-e-santucci-vin-santo-e-cantucci-galleria-galp-e-angelo-barile.html,Non classificato,"Piazza Italia, San Vittore Olona, Milano, Lombardia, 20028, Italia",45.5861426,8.94271
Spettacoli,25-05-24,2024-05-25,"Via Alessandro Manzoni 42,20121, Milano, MI,Italia",Manzoni,...E ho detto tutto,https://www.teatro.it/spettacoli/milano/manzoni/2023-2024/roberto-lipari-e-ho-detto-tutto,Teatro e spettacolo,"Teatro Manzoni, 42, Via Alessandro Manzoni, Cerchia dei Navigli, Municipio 1, Milano, Lombardia, 20121, Italia",45.4710286,9.1944762
Mercatini,09-06-24,2024-05-25,"Corso di Porta Ticinese, 22, Milano, MI",Colonne di San Lorenzo,Prendi la borsa e riempila più che puoi: il mercatino di East Market arriva in Colonne (e si entra gratis),https://www.milanotoday.it/eventi/mercatino-east-market-colonne-san-lorenzo-borsa-da-riempire.html,Mercati e shopping,"22, Corso di Porta Ticinese, Cerchia dei Navigli, Municipio 1, Milano, Lombardia, 20123, Italia",45.4584824,9.1809443
,31-05-24,2024-05-25,"Piazza Sempione, Milano, MI",Arco della Pace,Crazy week 2024,https://www.milanotoday.it/eventi/crazy-week-2024-una-comunita-che-cura-una-cura-per-la-comunita.html,Non classificato,"Piazza Sempione, Parco Sempione, Municipio 1, Milano, Lombardia, Italia",45.4755976,9.1725451
,02-06-24,2024-05-25,"Via John Fitzgerald Kennedy, 14, Milano, MI",Campo sportivo,18° festa dello sport,https://www.milanotoday.it/eventi/18-festa-dello-sport.html,Non classificato,"14, Via John Fitzgerald Kennedy, Triulzo Superiore, Triulzo Inferiore, Triulzo, San Donato Milanese, Milano, Lombardia, 20097, Italia",45.4293906,9.2646205
Manifestazioni,31-05-24,2024-05-25,"Piazza Riccardo Wagner, 2, Milano, MI",Location multiple,Crazy Week 2024: a Milano una settimana di incontri aperti al pubblico,https://www.milanotoday.it/eventi/crazy-week-2024.html,Altri eventi,"Piazza Riccardo Wagner, Pagano, Municipio 7, Milano, Lombardia, 20145, Italia",45.4681615,9.1561888
Spettacoli,26-05-24,2024-05-26,"Via Larga 14,20122, Milano, MI,Italia",Lirico Giorgio Gaber,Back to Momix,https://www.teatro.it/spettacoli/milano/lirico-giorgio-gaber/2023-2024/back-to-momix,Teatro e spettacolo,"Teatro Lirico Giorgio Gaber, 14, Via Larga, Cerchia dei Navigli, Municipio 1, Milano, Lombardia, 20122, Italia",45.4615135,9.1918702
,26-05-24,2024-05-26,"Via Cornaggia, 37, Milano, MI",Circolo Culturale Sardo A.M.I.S,Proiezione terra a perdere. La Sardegna in guerra,https://www.milanotoday.it/eventi/proiezione-terra-a-perdere-la-sardegna-in-guerra-chiara-pracchi-fabio-palli-simona-tarzia.html,Non classificato,"Via Cornaggia, Cornaggia, Cinisello Balsamo, Zona Omogenea Milano Nord, Milano, Lombardia, 20092, Italia",45.5530415,9.2414284
,26-05-24,2024-05-26,"Via Carlo Porta, 2, Milano, MI",Cascina Cuccagna,Lecarrousel in Cascina Cuccagna,https://www.milanotoday.it/eventi/lecarrousel-26-maggio-in-cascina-cuccagna.html,Non classificato,"2, Via Carlo Porta, Ronco, Cernusco sul Naviglio, Milano, Lombardia, 20063, Italia",45.525964,9.3379988
,26-05-24,2024-05-26,"Via Raffaele Lambruschini, Milano, MI",Politecnico di Milano - Campus La Masa,Adidas runners PoliMirun spring 2024,https://www.milanotoday.it/eventi/adidas-runners-polimirun-spring-2024.html,Non classificato,"Via Raffaele Lambruschini, Bovisa, Municipio 9, Milano, Lombardia, 20156, Italia",45.5025126,9.1535005
Spettacoli,26-05-24,2024-05-26,"Viale Toscana,31,20136, Milano, MI,Italia",Santeria Toscana 31,Over sympathy “Pensi di far ridere?”,https://www.teatro.it/spettacoli/milano/santeria-toscana-31/2023-2024/frank-matano-over-sympathy-pensi-di-far-ridere,Teatro e spettacolo,"Santeria Toscana 31, 31, Viale Toscana, Vigentina, Municipio 5, Milano, Lombardia, 20136, Italia",45.4456408,9.1883503
Spettacoli,26-05-24,2024-05-26,"via Filodrammatici,1,20121, Milano, MI,Italia",Filodrammatici,A casa allo zoo,https://www.teatro.it/spettacoli/milano/filodrammatici/2023-2024/a-casa-allo-zoo,Teatro e spettacolo,"Teatro dei Filodrammatici, 1, Via Filodrammatici, Brera, Municipio 1, Milano, Lombardia, 20121, Italia",45.467261,9.188435
,26-05-24,2024-05-26,"Via Cornaggia, 37, Milano, MI",Circolo Culturale Sardo A.M.I.S,"Proiezione documentario ""Terra a perdere""",https://www.milanotoday.it/eventi/proiezione-documentario-terra-a-perdere-al-circolo-culturale-a-m-i-s-emilio-lussu.html,Non classificato,"Via Cornaggia, Cornaggia, Cinisello Balsamo, Zona Omogenea Milano Nord, Milano, Lombardia, 20092, Italia",45.5530415,9.2414284
Spettacoli,26-05-24,2024-05-26,"Via Lattanzio 58/A,20137, Milano, MI,Italia",deSidera Teatro Oscar,Duo di tutto,https://www.teatro.it/spettacoli/milano/oscar/2023-2024/neri-marcore-duo-di-tutto,Teatro e spettacolo,"Teatro Oscar DeSidera, 58/A, Via Lattanzio, Umbria - Molise, Municipio 4, Milano, Lombardia, 20137, Italia",45.4523298,9.2167181
,26-05-24,2024-05-26,"Via Bressanone, Milano, MI",Cler Milano,Rebus Cllctv presenta S(o)unday delight🪻 w/ mordak + zehn + tomahs,https://www.milanotoday.it/eventi/rebus-cllctv-presenta-s-o-unday-delight-w-mordak-zehn-tomahs-diego-mordacchini-aka-mordak.html,Non classificato,"Via Bressanone, Maggiore - Musocco, Garegnano, Municipio 8 di Milano, Milano, Lombardia, 20156, Italia",45.4985313,9.1292174
,07-06-24,2024-05-26,"Via Wolfgang Amadeus Mozart, Milano, MI",ZIBIDO SAN GIACOMO,Installazione artistica: diamo ali alla memoria dei giusti,https://www.milanotoday.it/eventi/installazione-artistica-diamo-ali-alla-memoria-dei-giusti-anna-teresa-ritacco.html,Non classificato,"Via Wolfgang Amadeus Mozart, Guastalla, Municipio 1, Milano, Lombardia, 20122, Italia",45.4684365,9.2006891
,26-05-24,2024-05-26,"Via Emilio Morosini, 8, Milano, MI",Giardino delle Culture,Remira market,https://www.milanotoday.it/eventi/remira-market-remira-market.html,Non classificato,"Via Emilio Morosini, XXII Marzo, Municipio 4, Milano, Lombardia, 20135, Italia",45.4579092,9.2103091
Spettacoli,26-05-24,2024-05-26,"Viale dell'Innovazione 20,20126, Milano, MI,Italia",Arcimboldi,Roberto Bolle and Friends,https://www.teatro.it/spettacoli/milano/arcimboldi/2023-2024/roberto-bolle-friends,Teatro e spettacolo,"20, Viale dell'Innovazione, Bicocca, Municipio 9, Milano, Lombardia, 20125, Italia",45.5148696,9.2135963
Spettacoli,26-05-24,2024-05-26,"Corso Buenos Aires,33,20124, Milano, MI,Italia",Teatro Elfo Puccini - sala Fassbinder,Vorrei una voce,https://www.teatro.it/spettacoli/milano/teatro-elfo-puccini-sala-fassbinder/2023-2024/vorrei-una-voce-tindaro-granata,Teatro e spettacolo,"Teatro Elfo Puccini, 33, Corso Buenos Aires, Buenos Aires - Venezia, Municipio 3, Milano, Lombardia, 20124, Italia",45.4794317,9.2098387
Spettacoli,26-05-24,2024-05-26,"Largo Antonio Greppi,20121, Milano, MI,Italia",Piccolo Teatro - Teatro Strehler,"Puccini, Puccini, che cosa vuoi da me?",https://www.teatro.it/spettacoli/milano/piccolo-teatro-teatro-strehler/2023-2024/puccini-puccini-che-cosa-vuoi-da-me,Teatro e spettacolo,"Largo Antonio Greppi, Cerchia dei Navigli, Municipio 1, Milano, Lombardia, 20121, Italia",45.4718502,9.1827114
,26-05-24,2024-05-26,"Via Leonardo da Vinci, 5, Milano, MI",Santuario della Divina maternità,Visita guidata al santuario e al Convento Carmelitano di Concesa,https://www.milanotoday.it/eventi/visita-guidata-al-santuario-e-al-convento-carmelitano-di-concesa.html,Non classificato,"Green Bar, 5, Via Leonardo da Vinci, Legnarello, Oltresempione, Legnano, Milano, Lombardia, 20025, Italia",45.5993829,8.9223934
Spettacoli,27-05-24,2024-05-27,"Corso di Porta Romana 63,20122, Milano, MI,Italia",Carcano,BADA A COME PARLI,https://www.teatro.it/spettacoli/milano/carcano/2023-2024/paolo-borzacchiello-bada-a-come-parli,Teatro e spettacolo,"Teatro Carcano, 63, Corso di Porta Romana, Crocetta, Municipio 1, Milano, Lombardia, 20121, Italia",45.4566842,9.1955297
Spettacoli,27-05-24,2024-05-27,"Viale dell'Innovazione 20,20126, Milano, MI,Italia",Arcimboldi,Happiness Bastards - Tour 2024,https://www.teatro.it/spettacoli/milano/arcimboldi/2023-2024/the-black-crowes-happiness-bastards-tour-2024,Teatro e spettacolo,"20, Viale dell'Innovazione, Bicocca, Municipio 9, Milano, Lombardia, 20125, Italia",45.5148696,9.2135963
,27-05-24,2024-05-27,"Via San Calocero, 29, Milano, MI",Libreria Linea d'Ombra,Presentazione di 'Conrad. Una vita senza confini',https://www.milanotoday.it/eventi/presentazione-di-conrad-una-vita-senza-confini.html,Non classificato,"Linea d'Ombra, 29, Via San Calocero, Magenta - San Vittore, Municipio 1, Milano, Lombardia, 20123, Italia",45.4577046,9.1718881
Manifestazioni,02-06-24,2024-05-27,"Via Carlo de Cristoforis, 1, Milano, MI",Perlana Pop Lab,Un'esperienza unica nel mondo del bucato: iniziative a tema nel primo temporary store a Milano,https://www.milanotoday.it/eventi/perlana-pop-lab.html,Altri eventi,"Via Carlo De Cristoforis, GARIBALDI REPUBBLICA, Municipio 9, Milano, Lombardia, 20124, Italia",45.4812485,9.1902326
Manifestazioni,31-05-24,2024-05-27,"Piazza dell'Ateneo Nuovo, 1, Milano, MI",Bicocca,"Bicocca Music Festival 2024, Ghemon e i Santi Francesi (ma non solo) a Milano",https://www.milanotoday.it/eventi/festiva-musica-bicocca-2024.html,Altri eventi,"1, Piazza dell'Ateneo Nuovo, Bicocca, Municipio 9, Milano, Lombardia, 20126, Italia",45.5182975,9.2137546
Spettacoli,28-05-24,2024-05-28,"Via Lattanzio 58/A,20137, Milano, MI,Italia",deSidera Teatro Oscar,PoretCast,https://www.teatro.it/spettacoli/milano/desidera-teatro-oscar/2023-2024/giacomo-poretti-poretcast,Teatro e spettacolo,"Teatro Oscar DeSidera, 58/A, Via Lattanzio, Umbria - Molise, Municipio 4, Milano, Lombardia, 20137, Italia",45.4523298,9.2167181
Spettacoli,28-05-24,2024-05-28,"Via G. di Vittorio 6,20090, Assago, MI,Italia",Unipol Forum,Five Albums. One Night,https://www.teatro.it/spettacoli/assago/mediolanum-forum/2023-2024/jonas-brothers-five-albums-one-night,Teatro e spettacolo,"20090, Italy",45.407,9.1083
,27-06-24,2024-05-28,"Via San Fermo, 19, Milano, MI",Spazio HUS,Allo spazio Hus l'arte incontra il design,https://www.milanotoday.it/eventi/allo-spazio-hus-di-milano-l-arte-incontra-il-design-giorgio-cavina-fabrizio-ceccarelli-manuel-cristani-matteo-gandini-jaana-niemi-stefano-prati-terino-romagnoli-yahya.html,Non classificato,"Via San Fermo, Baggio, Municipio 7, Villaggio Cavour, Settimo Milanese, Milano, Lombardia, 20019, Italia",45.4630575,9.0747604
,02-06-24,2024-05-28,"Corso Buenos Aires, 33, Milano, MI",Teatro Elfo Puccini,La (in)coscienza di Zeno,https://www.milanotoday.it/eventi/la-in-coscienza-di-zeno-di-compagnia-oyes-al-teatro-elfo-puccini-compagnia-oyes.html,Non classificato,"Teatro Elfo Puccini, 33, Corso Buenos Aires, Buenos Aires - Venezia, Municipio 3, Milano, Lombardia, 20124, Italia",45.4794317,9.2098387
Spettacoli,28-05-24,2024-05-28,"Via Lattanzio 58/A,20137, Milano, MI,Italia",deSidera Teatro Oscar,PoretCast,https://www.teatro.it/spettacoli/milano/desidera-teatro-oscar/2023-2024/giacomo-poretti-poretcast,Teatro e spettacolo,"Teatro Oscar DeSidera, 58/A, Via Lattanzio, Umbria - Molise, Municipio 4, Milano, Lombardia, 20137, Italia",45.4523298,9.2167181
,28-05-24,2024-05-28,"Piazza XXV Aprile, Milano, MI",ANTEO PALAZZO DEL CINEMA,Stati generali del cinema indipendente,https://www.milanotoday.it/eventi/stati-generali-del-cinema-indipendente.html,Non classificato,"Piazza Venticinque Aprile, Brera, Municipio 9, Milano, Lombardia, 20100, Italia",45.480512,9.1866944
,29-05-24,2024-05-29,"Via Quintino Sella, 4, Milano, MI",Museo d'Arte e Scienza,Profughi di Georgia,https://www.milanotoday.it/eventi/profughi-di-georgia-donatella-mure-e-mario-negri-carbamitu-photo-and-video-milano.html,Non classificato,"Museo d'arte e scienza, 4, Via Quintino Sella, Cerchia dei Navigli, Municipio 1, Milano, Lombardia, 20121, Italia",45.47025,9.182454
,12-07-24,2024-05-29,"Via Passione, 8, Milano, MI",ON HOUSE MILANO,Semplici prodigi. Opere di Claudio Onorato,https://www.milanotoday.it/eventi/semplici-prodigi-opere-di-claudio-onorato-claudio-onorato-milano.html,Non classificato,"8, Via Passione, Guastalla, Municipio 1, Milano, Lombardia, 20122, Italia",45.4648822,9.2011505
Spettacoli,29-05-24,2024-05-29,"Via Boltraffio 21,20159, Milano, MI,Italia",Fontana,L'ultimo animale,https://www.teatro.it/spettacoli/milano/fontana/2023-2024/regia-di-caterina-filograno-lultimo-animale,Teatro e spettacolo,"21, Via Gian Antonio Boltraffio, Isola, Municipio 9, Milano, Lombardia, 20159, Italia",45.4921952,9.1878419
Mostre,30-09-24,2024-05-29,"Via Luigi Granelli, 1, Milano, MI",Spazio Mil,La nuova mostra immersiva di Munch tra realtà virtuale e visori 3D,https://www.milanotoday.it/eventi/mostra-immersiva-munch-sesto-san-giovanni.html,Arte e cultura,"Carroponte, 1, Via Luigi Granelli, Rondò, Torretta, Sesto San Giovanni, Zona Omogenea Milano Nord, Milano, Lombardia, 20099, Italia",45.529574,9.2209217
,22-06-24,2024-05-29,"Corso San Gottardo, 19, Milano, MI",Galleria d'Arte Strasburgo,Rodolfo Viola su Marte,https://www.milanotoday.it/eventi/rodolfo-viola-su-marte-rodolfo-viola.html,Non classificato,"19, Corso San Gottardo, Ticinese, Municipio 5, Milano, Lombardia, 20136, Italia",45.4500685,9.1799918
Spettacoli,29-05-24,2024-05-29,"Via Alessandro Manzoni 42,20121, Milano, MI,Italia",Manzoni,Via Crux,https://www.teatro.it/spettacoli/milano/manzoni/2023-2024/giuseppe-cruciani-via-crux,Teatro e spettacolo,"Teatro Manzoni, 42, Via Alessandro Manzoni, Cerchia dei Navigli, Municipio 1, Milano, Lombardia, 20121, Italia",45.4710286,9.1944762
Spettacoli,29-05-24,2024-05-29,"Via Lampugnano,95,20151, Milano, MI,Italia",Ippodromo Snai San Siro,METALLICA,https://www.teatro.it/spettacoli/milano/ippodromo-snai-la-maura/2023-2024/metallica,Teatro e spettacolo,"Via Lampugnano, Gallaratese, Lampugnano, Municipio 8 di Milano, Milano, Lombardia, 20151, Italia",45.4916933,9.1102099
Concerti,02-06-24,2024-05-29,"Viale Papa Giovanni XXIII, Milano, MI",Area cinofili,Torna il Big Bang music fest: cinque giorni di concerti gratis,https://www.milanotoday.it/eventi/big-bang-concerti-2024.html,Musica e vita notturna,"Viale Papa Giovanni Ventitreesimo, Abbiategrasso, Milano, Lombardia, 20081, Italia",45.3979023,8.9108374
Inaugurazioni,29-05-24,2024-05-29,"Via Pier Lombardo, Milano, MI",Teatro Patenti,Città. Milano inaspettata: il nuovo numero al Parenti,https://www.milanotoday.it/eventi/milano-citta-inaspettata.html,Inaugurazioni,"Via Pier Lombardo, Porta Romana, Municipio 4, Milano, Lombardia, 20135, Italia",45.4542958,9.2063109
Spettacoli,30-05-24,2024-05-30,"Viale dell'Innovazione 20,20126, Milano, MI,Italia",Arcimboldi,Edoardo Ferrario - Performante,https://www.teatro.it/spettacoli/milano/arcimboldi/2023-2024/edoardo-ferrario-performante-live-tour,Teatro e spettacolo,"20, Viale dell'Innovazione, Bicocca, Municipio 9, Milano, Lombardia, 20125, Italia",45.5148696,9.2135963
,14-09-24,2024-05-30,"Viale Gran Sasso, 35, Milano, MI",Galleria PoliArt Contemporary,Ivano Fabbri i molteplici,https://www.milanotoday.it/eventi/ivano-fabbri-i-molteplici-ivano-fabbri.html,Non classificato,"35, Viale Gran Sasso, Buenos Aires - Venezia, Municipio 3, Milano, Lombardia, 20131, Italia",45.4812111,9.2225898
,30-05-24,2024-05-30,"Via Simone Saint Bon, 6, Milano, MI",Via Saint Bon,Classicaperta - Milano luster brass: la vita è bella!,https://www.milanotoday.it/eventi/classicaperta-milano-luster-brass-la-vita-e-bella-milano-luster-brass.html,Non classificato,"6, Via Simone Saint Bon, Forze Armate, Municipio 7, Milano, Lombardia, 20147, Italia",45.4605043,9.1205508
Spettacoli,30-05-24,2024-05-30,"Via Alessandro Manzoni 42,20121, Milano, MI,Italia",Manzoni,Lo stato delle cose,https://www.teatro.it/spettacoli/milano/manzoni/2023-2024/lo-stato-delle-cose,Teatro e spettacolo,"Teatro Manzoni, 42, Via Alessandro Manzoni, Cerchia dei Navigli, Municipio 1, Milano, Lombardia, 20121, Italia",45.4710286,9.1944762
,30-05-24,2024-05-30,"Piazzale Francesco Baracca, Milano, MI",Segreta,Dipingere la rabbia,https://www.milanotoday.it/eventi/dipingere-la-rabbia-nicola-padovani.html,Non classificato,"Piazzale Francesco Baracca, Magenta - San Vittore, Municipio 1, Milano, Lombardia, Italia",45.4665038,9.1654232
,30-06-24,2024-05-30,"Via Maloia, 1, Milano, MI",spazioSERRA,Hortus nocturnus,https://www.milanotoday.it/eventi/hortus-nocturnus-martina-cioffi.html,Non classificato,"Via Maloia, Farini, Municipio 9, Milano, Lombardia, 20158, Italia",45.4946286,9.1768212
,31-05-24,2024-05-30,"Via Santa Croce, 15, Milano, MI",Fondazione IBVA,Le parole del pane festival,https://www.milanotoday.it/eventi/le-parole-del-pane-festival-con-lella-costa-mario-calabresi-renato-sarti-davide-longoni-e-tanti-altri.html,Non classificato,"Via Santa Croce, Ticinese, Municipio 1, Milano, Lombardia, 20136, Italia",45.4540253,9.1823474
,06-06-24,2024-05-30,"Via Cavour, Milano, MI",Spazio Don Giussani,La festa della filosofia a Bresso,https://www.milanotoday.it/eventi/la-festa-della-filosofia-a-bresso-paolo-bellini-vincenzo-costa-giulia-colasanti-chiara-melesi.html,Non classificato,"Via Camillo Benso Conte di Cavour, Quartiere Campetto, Trezzano sul Naviglio, Milano, Lombardia, 20090, Italia",45.4288898,9.0619243
,30-05-24,2024-05-30,"Via Privata Asti, 17, Milano, MI",Unimaginable,Speak and spritz: brit night con Samuele Brusca,https://www.milanotoday.it/eventi/speak-and-spritz-brit-night-con-samuele-brusca-speak-and-spritz.html,Non classificato,"17, Via privata Asti, Washington, Municipio 7, Milano, Lombardia, 20149, Italia",45.4662085,9.1527661
,30-05-24,2024-05-30,"Via Valentino Mazzola, Milano, MI",Solidar Rock,Incastigo,https://www.milanotoday.it/eventi/incastigo-incastigo.html,Non classificato,"Via Valentino Mazzola, Corsica, Municipio 4, Milano, Lombardia, 20130, Italia",45.4597334,9.2247435
,30-05-24,2024-05-30,"Via Pietrasanta, 14, Milano, MI",Ring 55,Meglio Legale in concerto,https://www.milanotoday.it/eventi/meglio-legale-in-concerto-con-il-cantautore-cece-tripodo-il-30-maggio-a-milano-cece-tripodo.html,Non classificato,"14, Via Pietrasanta, Ex Om - Morivione, Municipio 5, Milano, Lombardia, 20141, Italia",45.4438506,9.1964489
Manifestazioni,31-05-24,2024-05-30,"Via Santa Croce, 15, Milano, MI",Fondazione IBVA,"""Le parole del pane Festival"": migrazioni e solidarietà protagonisti a Milano",https://www.milanotoday.it/eventi/festival-parole-del-pane-fondazione-ibva.html,Altri eventi,"Via Santa Croce, Ticinese, Municipio 1, Milano, Lombardia, 20136, Italia",45.4540253,9.1823474
,30-05-24,2024-05-30,"Via Scutari, 3, Milano, MI",Spazio Culturale SC3 Milano,"Santa Cesarea, splendore e disperazione",https://www.milanotoday.it/eventi/santa-cesarea-splendore-e-disperazione-alfredo-de-giuseppe-e-la-pupazza.html,Non classificato,"Spazio Culturale SC3 Milano, 3, Via Scutari, Padova, Municipio 2, Milano, Lombardia, 20127, Italia",45.4986543,9.2325582
,02-06-24,2024-05-30,"Via Mac Mahon, 16, Milano, MI",Teatro Out Off,Inégalité. Olympe e la rivoluzione negata,https://www.milanotoday.it/eventi/inegalite-olympe-e-la-rivoluzione-negata-compagnia-ensemble-teatro-al-teatro-out-off-compagnia-ensemble-teatro.html,Non classificato,"Via Mac Mahon, Villapizzone, Municipio 8 di Milano, Milano, Lombardia, 20155, Italia",45.4970636,9.153938
,30-05-24,2024-05-30,"Via Giuseppe Gabetti, 15, Milano, MI",Mare Culturale Urbano,Nugara trio in concerto presso il mare culturale urbano,https://www.milanotoday.it/eventi/nugara-trio-in-concerto-presso-il-mare-culturale-urbano-nugara-trio.html,Non classificato,"Cascina Torrette di Trenno, 15, Via Giuseppe Gabetti, Quartiere Vercellese, Forze Armate, Municipio 7, Milano, Lombardia, 20147, Italia",45.4687457,9.1240256
,30-05-24,2024-05-30,"Via Giovanni Bovio, 5, Milano, MI",Teatro Bruno Munari,"Sognatrici, sognatori",https://www.milanotoday.it/eventi/sognatrici-sognatori-i-virtuosi-del-teatro-alla-scala-direttore-francesco-munaca.html,Non classificato,"Via Giovanni Bovio, Dergano, Municipio 9, Milano, Lombardia, 20159, Italia",45.5027065,9.1827045
,30-05-24,2024-05-30,"Via Antonio Gramsci, 34, Milano, MI",milano,Crea la tua bomboniera laboratorio Libellula,https://www.milanotoday.it/eventi/crea-la-tua-bomboniera-laboratorio-libellula-alessandra.html,Non classificato,"34, Via Antonio Gramsci, Cantun Sciatin, Bollate, Milano, Lombardia, 20021, Italia",45.5424323,9.1221034
Spettacoli,31-05-24,2024-05-31,"Viale dell'Innovazione 20,20126, Milano, MI,Italia",Arcimboldi,The Witches Seed,https://www.teatro.it/spettacoli/milano/arcimboldi/2023-2024/stewart-coperland-the-witches-seed,Teatro e spettacolo,"20, Viale dell'Innovazione, Bicocca, Municipio 9, Milano, Lombardia, 20125, Italia",45.5148696,9.2135963
Manifestazioni,02-06-24,2024-05-31,"Viale Molise, 62, Milano, MI",Ex Macello,"Skate and Surf Film Festival 2024, tre giorni di musica nel cuore di Milano",https://www.milanotoday.it/eventi/skate-surf-festival-2024-ex-macello.html,Altri eventi,"Viale Molise, Ortomercato, Municipio 4, Milano, Lombardia, 20130, Italia",45.452308,9.2241311
Spettacoli,31-05-24,2024-05-31,"via Filodrammatici,1,20121, Milano, MI,Italia",Filodrammatici,Vegeta è morto e l'ho ucciso io,https://www.teatro.it/spettacoli/milano/filodrammatici/2023-2024/vegeta-e-morto-e-lho-ucciso-io,Teatro e spettacolo,"Teatro dei Filodrammatici, 1, Via Filodrammatici, Brera, Municipio 1, Milano, Lombardia, 20121, Italia",45.467261,9.188435
,02-06-24,2024-05-31,"Via Antonio Gramsci, 31, Milano, MI",Parco del Polifunzionale,Amazing day 2024,https://www.milanotoday.it/eventi/amazing-day-2024-ensi-e-inoki-in-concerto-gratuito.html,Non classificato,"31, Via Antonio Gramsci, Cascine Olona, Vighignolo, Settimo Milanese, Milano, Lombardia, 20019, Italia",45.4887683,9.0548028
,31-05-24,2024-05-31,"Via Giovanni Duprè, 19, Milano, MI",Teatro Guanella,"Wait, il musical",https://www.milanotoday.it/eventi/wait-il-musical-davide-mesfun.html,Non classificato,"Via Giovanni Duprè, Ghisolfa, Municipio 8 di Milano, Milano, Lombardia, 20155, Italia",45.494526,9.1597343
,02-06-24,2024-05-31,"Via Giuseppe Massarenti, 20, Milano, MI",IL TELAIO DELLE ARTI,Sira festival,https://www.milanotoday.it/eventi/sira-festival-vari.html,Non classificato,"Via Giuseppe Massarenti, Selinunte, Municipio 7, Milano, Lombardia, 20148, Italia",45.4689632,9.1398474
Teatri,31-05-24,2024-05-31,"Via Monte Rosa, 84, Milano, MI",Derby club,"Cochi torna sul palco del ""Derby"" con Nicola Vicidomini",https://www.milanotoday.it/eventi/cochi-nicola-vicidomini-derby.html,Teatro e spettacolo,"Centro Sociale Il Cantiere, 84, Via Monte Rosa, De Angeli - Monte Rosa, QT8, Municipio 8 di Milano, Milano, Lombardia, 20149, Italia",45.4782335,9.1452706
,01-06-24,2024-06-01,"Via I Maggio, 5, Milano, MI","Salone Della Cooperazione ″Giacomo Matteotti″ Via I Maggio, 5, 20092 Cinisello Balsamo MI","Presentazione del volume ""Muoio per te""",https://www.milanotoday.it/eventi/presentazione-del-volume-muoio-per-te.html,Non classificato,"5, Via Primo Maggio, Redecesio, Rovagnasco, Segrate, Milano, Lombardia, 20054, Italia",45.488735,9.291911
,11-11-24,2024-06-01,"Via Tortona, 35, Milano, MI",NHow Hotel,A Milano una mostra collettiva di 16 artisti,https://www.milanotoday.it/eventi/mostra-fotografica-nhow-hotel.html,Non classificato,"Elite Italia, 35, Via Tortona, Tortona, Municipio 6, Milano, Lombardia, 20144, Italia",45.4499864,9.1598472
Spettacoli,01-06-24,2024-06-01,"Largo Antonio Greppi,20121, Milano, MI,Italia",Piccolo Teatro - Teatro Strehler,Nozze di sangue,https://www.teatro.it/spettacoli/milano/piccolo-teatro-teatro-strehler/2023-2024/nozze-di-sangue,Teatro e spettacolo,"Largo Antonio Greppi, Cerchia dei Navigli, Municipio 1, Milano, Lombardia, 20121, Italia",45.4718502,9.1827114
Spettacoli,01-06-24,2024-06-01,"Via Alessandro Manzoni 42,20121, Milano, MI,Italia",Manzoni,Caveman,https://www.teatro.it/spettacoli/milano/manzoni/2023-2024/maurizio-colombi-caveman,Teatro e spettacolo,"Teatro Manzoni, 42, Via Alessandro Manzoni, Cerchia dei Navigli, Municipio 1, Milano, Lombardia, 20121, Italia",45.4710286,9.1944762
,01-06-24,2024-06-01,"Via Tortona, 27, Milano, MI",Super Studio,CollectIt,https://www.milanotoday.it/eventi/collectit-mostra-mercato.html,Non classificato,"Mandarina duck, 27, Via Tortona, Tortona, Municipio 6, Milano, Lombardia, 20144, Italia",45.4506784,9.1634775
Manifestazioni,01-06-24,2024-06-01,"Piazzale dello Sport, 6, Milano, MI",Ippodromo di San Siro,Ippodromo San Siro: tutti gli eventi di giugno,https://www.milanotoday.it/eventi/ippodromo-san-siro-giugno.html,Altri eventi,"Piazzale dello Sport, San Siro, Municipio 7, Milano, Lombardia, 20148, Italia",45.4789681,9.130166
Disco&Feste,02-06-24,2024-06-01,"Viale Achille Papa, 30, Milano, MI",World Join Center,Single Party a Milano: aperitivo & Dj Set,https://www.milanotoday.it/eventi/festa-single-party-a-milano.html,Musica e vita notturna,"30, Viale Achille Papa, Villapizzone, QT8, Municipio 8 di Milano, Milano, Lombardia, 20149, Italia",45.4895624,9.1412193
Manifestazioni,02-06-24,2024-06-01,"Piazza Gae Aulenti, Milano, MI",Gae Aulenti,Un razzo gigantesco di Lego (e non solo) arriva nel cuore di Milano,https://www.milanotoday.it/eventi/installazioni-lego-piazza-gae-aulenti.html,Altri eventi,"Piazza Gae Aulenti, GARIBALDI REPUBBLICA, Municipio 9, Milano, Lombardia, Italia",45.4834778,9.1902248
Spettacoli,01-06-24,2024-06-01,"Via Rivoli 6,20121, Milano, MI,Italia",Piccolo Teatro - Studio Melato,Every Brilliant Thing (Le cose per cui vale la pena vivere),https://www.teatro.it/spettacoli/milano/piccolo-teatro-studio-melato/2023-2024/every-brilliant-thing-le-cose-per-cui-vale-la-pena-vivere,Teatro e spettacolo,"6, Via Rivoli, Brera, Municipio 1, Milano, Lombardia, 20121, Italia",45.4726093,9.182881
,07-06-24,2024-06-01,"Brera, Milano, MI",Galleria,"Metamorfosi del tempo, mostra personale di Saro Grimani",https://www.milanotoday.it/eventi/metamorfosi-del-tempo-mostra-personale-di-saro-grimani-saro-grimani.html,Non classificato,"Brera, Municipio 8 di Milano, Milano, Lombardia, Italia",45.4735472,9.1884812
Cibo e Vino,01-06-24,2024-06-01,"Piazza Bruno Buozzi, Milano, MI",Chiosco Giannasi,"La Sagra del pollo di Giannasi, un'intera giornata tra cibo e musica",https://www.milanotoday.it/eventi/sagra-pollo-giannasi.html,Enogastronomia,"Piazza Bruno Buozzi, Porta Romana, Municipio 4, Milano, Lombardia, 20135, Italia",45.4498221,9.2062025
Concerti,03-06-24,2024-06-01,"Piazzale Angelo Moratti, Milano, MI",Stadio San Siro,Annullato: Bruce Springsteen in concerto a Milano per due imperdibili date,https://www.milanotoday.it/eventi/concerto-bruce-springsteen-biglietti.html,Musica e vita notturna,"Piazzale Angelo Moratti, San Siro, Municipio 7, Milano, Lombardia, 20148, Italia",45.478178,9.1212742
Manifestazioni,15-08-24,2024-06-01,"Via Gaetano Airaghi, 61, Milano, MI",Ticketmaster Arena,"Milano Latin Festival 2024, un'estate a ritmo di musica latinoamericana",https://www.milanotoday.it/eventi/milano-latin-festival-2024.html,Altri eventi,"Camping Milano, 61, Via Gaetano Airaghi, Parco Bosco In Città, Municipio 7, Milano, Lombardia, 20153, Italia",45.4735844,9.085103
Apertura festiva,02-06-24,2024-06-02,"via Brera, 28, Milano, MI",Pinacoteca di Brera,2 giugno 2024 A Brera ingresso gratuito!,,Inaugurazioni,"Istituto Nazionale di Astrofisica – Osservatorio astronomico di Brera, 28, Via Brera, Cerchia dei Navigli, Municipio 1, Milano, Lombardia, 20121, Italia",45.4715946,9.1889707
Spettacoli,02-06-24,2024-06-02,"via Pitteri 58,20134, Milano, MI,Italia",Martinitt,Quasi quasi ci ripenso,https://www.teatro.it/spettacoli/milano/martinitt/2023-2024/quasi-quasi-ci-ripenso,Teatro e spettacolo,"Via Riccardo Pitteri, Lambrate, Municipio 3, Milano, Lombardia, 20134, Italia",45.4798362,9.2457864
Spettacoli,02-06-24,2024-06-02,"Corso Buenos Aires,33,20124, Milano, MI,Italia",Teatro Elfo Puccini - sala Fassbinder,La (in)coscienza di Zeno,https://www.teatro.it/spettacoli/milano/teatro-elfo-puccini-sala-fassbinder/2023-2024/la-incoscienza-di-zeno,Teatro e spettacolo,"Teatro Elfo Puccini, 33, Corso Buenos Aires, Buenos Aires - Venezia, Municipio 3, Milano, Lombardia, 20124, Italia",45.4794317,9.2098387
,02-06-24,2024-06-02,"Via Alessandro Stradella, 5, Milano, MI",Alma Matters,Meditazione con le campane tibetane,https://www.milanotoday.it/eventi/meditazione-con-le-campane-tibetane-walter-zanca.html,Non classificato,"Via Alessandro Stradella, Buenos Aires - Venezia, Municipio 3, Milano, Lombardia, 20129, Italia",45.4784806,9.2158425
Spettacoli,02-06-24,2024-06-02,"Via Ciro Menotti 11,20129, Milano, MI,Italia",Menotti,Crisi di nervi. Tre atti unici di Anton Čechov,https://www.teatro.it/spettacoli/milano/menotti/2023-2024/regia-di-peter-stein-crisi-di-nervi-tre-atti-unici-di-anton-cechov,Teatro e spettacolo,"11, Via Ciro Menotti, Buenos Aires - Venezia, Municipio 3, Milano, Lombardia, 20129, Italia",45.4699888,9.2132156
Sport,29-07-24,2024-06-03,"Via San Cristoforo, 2, Milano, MI",Casello San Cristoforo,Gli incontri (gratis) di Tai Chi a due passi dal Naviglio,https://www.milanotoday.it/eventi/lezioni-gratis-tai-chi-casello-san-cristoforo.html,Sport e attività fisica,"2, Via San Cristoforo, Lorenteggio, Municipio 6, Milano, Lombardia, 20144, Italia",45.4482139,9.1550099
Spettacoli,03-06-24,2024-06-03,"Via Filodrammatici 2,20121, Milano, MI,Italia",Teatro Alla Scala,Hélène Grimaud,https://www.teatro.it/spettacoli/milano/teatro-alla-scala/2023-2024/teatro-alla-scala-helene-grimaud,Teatro e spettacolo,"2, Via Filodrammatici, Brera, Milano, Lombardia, 20121, Italia",45.4676198,9.1884287
Spettacoli,03-06-24,2024-06-03,"Via Alessandro Manzoni 42,20121, Milano, MI,Italia",Manzoni,UOMO E GALANTUOMO,https://www.teatro.it/spettacoli/milano/manzoni/2023-2024/compagnia-kicece-uomo-e-galantuomo,Teatro e spettacolo,"Teatro Manzoni, 42, Via Alessandro Manzoni, Cerchia dei Navigli, Municipio 1, Milano, Lombardia, 20121, Italia",45.4710286,9.1944762
Spettacoli,03-06-24,2024-06-03,"Piazzale Angelo Moratti,20151, Milano, MI,Italia",Stadio San Siro,Springsteen and The E Street Band 2025,https://www.teatro.it/spettacoli/milano/stadio-san-siro/2023-2024/bruce-springsteen-springsteen-and-the-e-street-band-2024,Teatro e spettacolo,"Piazzale Angelo Moratti, San Siro, Municipio 7, Milano, Lombardia, 20148, Italia",45.478178,9.1212742
,15-06-24,2024-06-03,"Piazza XXV Aprile, 11, Milano, MI",Garibaldi Gallery,Keyang Wu. Present and transcendence: the eastern dimension,https://www.milanotoday.it/eventi/keyang-wu-present-and-transcendence-the-eastern-dimension-keyang-wu.html,Non classificato,"11, Piazza Venticinque Aprile, Brera, Municipio 9, Milano, Lombardia, 20154, Italia",45.480614,9.1866403
,17-06-24,2024-06-03,"Via Messina, 10, Milano, MI",Hotel Leonardo,Apprezzare il vino attraverso le tecniche della mindfulness,https://www.milanotoday.it/eventi/apprezzare-il-vino-attraverso-le-techiche-della-mindfulness-onav-organizzazione-nazionale-assaggiatori-di-vino.html,Non classificato,"Leonardo Hotel Milan City Center, 10, Via Messina, Sarpi, Porta Volta, Municipio 8 di Milano, Milano, Lombardia, 20154, Italia",45.4824609,9.1757479
Spettacoli,04-06-24,2024-06-04,"Piazzale dello Sport,16,,20151, Milano, MI,Italia",Ippodromo di San Siro,LANA DEL REY,https://www.teatro.it/spettacoli/milano/ippodromo-di-san-siro/2023-2024/lana-del-rey,Teatro e spettacolo,"Piazzale dello Sport, San Siro, Municipio 7, Milano, Lombardia, 20148, Italia",45.4804864,9.1258159
Spettacoli,04-06-24,2024-06-04,"Via Filodrammatici 2,20121, Milano, MI,Italia",Teatro Alla Scala,Don Pasquale,https://www.teatro.it/spettacoli/milano/teatro-alla-scala/2023-2024/don-pasquale,Teatro e spettacolo,"2, Via Filodrammatici, Brera, Milano, Lombardia, 20121, Italia",45.4676198,9.1884287
,26-09-24,2024-06-04,"Viale Molise, 62, Milano, MI",Ex Macello,Plants play orchestra: il concerto dove le piante sono musicisti,https://www.milanotoday.it/eventi/plants-play-orchestra-all-ex-macello-il-concerto-dove-le-piante-sono-musicisti-saturnino.html,Non classificato,"Viale Molise, Ortomercato, Municipio 4, Milano, Lombardia, 20130, Italia",45.452308,9.2241311
,05-06-24,2024-06-04,"Viale Andrea Doria, 20, Milano, MI",Erratum,Una mostra e un concerto di Steve Hubback,https://www.milanotoday.it/eventi/una-mostra-e-un-concerto-di-steve-hubback-steve-hubback.html,Non classificato,"20, Viale Andrea Doria, Buenos Aires - Venezia, Municipio 3, Milano, Lombardia, 20124, Italia",45.4853749,9.2113969
,05-06-24,2024-06-05,"Piazza IV Novembre, Milano, MI",World Services Information,La mente ecologica (conferenza A.t.m. a Milano),https://www.milanotoday.it/eventi/la-mente-ecologica-conferenza-a-t-m-a-milano.html,Non classificato,"Piazza Quattro Novembre, Case Bettola, Lacchiarella, Milano, Lombardia, Italia",45.3194673,9.1384677
,28-06-24,2024-06-05,"Via Evangelista Torricelli, 21, Milano, MI",Corals,"Inaugurazione mostra ""Into the blue""",https://www.milanotoday.it/eventi/inaugurazione-mostra-into-the-blue-luciana-bencivenga-emanuele-giorgi-elisa-nepote.html,Non classificato,"21, Via Evangelista Torricelli, Ravello, Parabiago, Milano, Lombardia, 20015, Italia",45.5574246,8.9394696
,19-06-24,2024-06-05,"Via Ascanio Sforza, 87, Milano, MI",Cantina Urbana® Winery,Cantina urbana academy: tre serate per imparare a conoscere il vino,https://www.milanotoday.it/eventi/cantina-urbana-academy-dal-5-giugno-a-milano-tre-serate-per-imparare-a-conoscere-il-vino-nella-prima-cantina-in-citta-italiana.html,Non classificato,"Chiesa di Gesù Cristo dei Santi degli Ultimi Giorni, 87, Via Ascanio Sforza, Tibaldi, Municipio 5, Milano, Lombardia, 20136, Italia",45.4412635,9.1758254
,14-09-24,2024-06-05,"Via Santa Croce, 21, Milano, MI",ABC ARTE ONE OF,Zé tepedino,https://www.milanotoday.it/eventi/ze-tepedino-fresta-ze-tepedino.html,Non classificato,"Clori Home and Flowers, 21, Via Santa Croce, Ticinese, Municipio 1, Milano, Lombardia, 20122, Italia",45.4534918,9.1813499
,30-06-24,2024-06-05,"Piazza Diocleziano, 5, Milano, MI",Centrale dell'Acqua di Milano,Biodiversità: il motore della vita,https://www.milanotoday.it/eventi/biodiversita-il-motore-della-vita.html,Non classificato,"5, Piazza Diocleziano, Sarpi, Bullona, Municipio 8 di Milano, Milano, Lombardia, 20154, Italia",45.487436,9.1654616
,05-06-24,2024-06-05,"Via Pietro Pomponazzi, 9e, Milano, MI",Ecatè Caffè Libreria,"Presentazione del libro ""Il diario del respiro""",https://www.milanotoday.it/eventi/presentazione-del-libro-il-diario-del-respiro-di-cristina-scelzo-psicologa.html,Non classificato,"Via Pietro Pomponazzi, Tibaldi, Municipio 5, Milano, Lombardia, 20136, Italia",45.4418973,9.1822169
Spettacoli,05-06-24,2024-06-05,"Viale dell'Innovazione 20,20126, Milano, MI,Italia",Arcimboldi,MORRICONE Film History,https://www.teatro.it/spettacoli/milano/arcimboldi/2023-2024/morricone-film-history,Teatro e spettacolo,"20, Viale dell'Innovazione, Bicocca, Municipio 9, Milano, Lombardia, 20125, Italia",45.5148696,9.2135963
,05-06-24,2024-06-05,"Via Antonio Meucci, 4, Milano, MI",La Bettolina,"La Bettolina inaugura “La corte jazz""",https://www.milanotoday.it/eventi/la-bettolina-inaugura-la-corte-jazz-format-di-serate-dedicate-al-jazz-davide-intini-e-attilio-costantino.html,Non classificato,"4, Via Antonio Meucci, Seggiano, Pioltello, Milano, Lombardia, 20096, Italia",45.4896,9.3214059
,06-06-24,2024-06-06,"Via San Calocero, 29, Milano, MI",Libreria Linea d'Ombra,"Presentazione del libro ""La nuova Russia""",https://www.milanotoday.it/eventi/presentazione-del-libro-la-nuova-russia-di-i-j-singer-adelphi-ed.html,Non classificato,"Linea d'Ombra, 29, Via San Calocero, Magenta - San Vittore, Municipio 1, Milano, Lombardia, 20123, Italia",45.4577046,9.1718881
,06-06-24,2024-06-06,"Viale dell'Innovazione, 3, Milano, MI",BiM - Dove Bicocca incontra Milano,Bim summer season,https://www.milanotoday.it/eventi/bim-summer-season-open-evening.html,Non classificato,"3, Viale dell'Innovazione, Bicocca, Municipio 9, Milano, Lombardia, 20126, Italia",45.512096,9.2113367
,31-10-24,2024-06-06,"Via Ascanio Sforza, 87, Milano, MI",Cantina Urbana Winery,Wine lovers,https://www.milanotoday.it/eventi/a-milano-arriva-wine-lovers-la-nuova-esperienza-di-degustazione-firmata-cantina-urbana.html,Non classificato,"Chiesa di Gesù Cristo dei Santi degli Ultimi Giorni, 87, Via Ascanio Sforza, Tibaldi, Municipio 5, Milano, Lombardia, 20136, Italia",45.4412635,9.1758254
,27-06-24,2024-06-06,"Corso Lodi, 12, Milano, MI",Barmare,Barmare jazz night,https://www.milanotoday.it/eventi/barmare-jazz-night-giugno-2024.html,Non classificato,"12, Corso Lodi, Porta Romana, Municipio 5, Milano, Lombardia, 20135, Italia",45.4503337,9.204958
,06-06-24,2024-06-06,"Via Benvenuto Cellini, 3, Milano, MI",Pizzeria La Baia,Pizzeria La Baia: serata anni ’80 con musica e piatti dedicati,https://www.milanotoday.it/eventi/pizzeria-la-baia-giovedi-6-giugno-serata-anni-80-con-musica-e-piatti-dedicati.html,Non classificato,"3, Via Benvenuto Cellini, XXII Marzo, Municipio 4, Milano, Lombardia, 29135, Italia",45.4627515,9.2087661
,06-06-24,2024-06-06,"Via Garofalo, 34, Milano, MI",LORENZETTO HAIR BEAUTY & DESIGN,Face gym con faceball evita,https://www.milanotoday.it/eventi/face-gym-con-faceball-evita.html,Non classificato,"34, Via Benvenuto Garofalo, Buenos Aires - Venezia, Municipio 3, Milano, Lombardia, 20131, Italia",45.4813301,9.2194573
,31-07-24,2024-06-06,"Via Monte di Pietà, 1a, Milano, MI",Galleria Raffaella De Chirico arte contemporanea,Paolo Leonardo: resurfacing erasures,https://www.milanotoday.it/eventi/paolo-leonardo-resurfacing-erasures-paolo-leonardo.html,Non classificato,"1a, Via Monte di Pietà, Cerchia dei Navigli, Municipio 1, Milano, Lombardia, 20121, Italia",45.4692563,9.1883961
Mostre,29-09-24,2024-06-06,"Piazza Sant'Eustorgio, 3, Milano, MI",Museo Diocesano,"Sony World Photography Awards 2024, la mostra sulle eccellenze fotografiche internazionali",https://www.milanotoday.it/eventi/mostra-fotografica-museo-diocesano-sony-world-photography-awards-2024.html,Arte e cultura,"Museo Diocesano di Milano, 3, Piazza Sant'Eustorgio, Ticinese, Municipio 1, Milano, Lombardia, 20123, Italia",45.4546749,9.1810291
,15-10-24,2024-06-06,"Viale dell'Innovazione, 3, Milano, MI",BiM - Dove Bicocca incontra Milano,Piero Percoco solo show. The rainbow over Milan @BIM,https://www.milanotoday.it/eventi/piero-percoco-solo-show-the-rainbow-over-milan-bim-piero-percoco.html,Non classificato,"3, Viale dell'Innovazione, Bicocca, Municipio 9, Milano, Lombardia, 20126, Italia",45.512096,9.2113367
,08-06-24,2024-06-07,"Via Aldo Rossi, Milano, MI",Casa Milan,Open rhythm,https://www.milanotoday.it/eventi/open-rhythm-cult-events.html,Non classificato,"Via Aldo Rossi, Portello, Municipio 8 di Milano, Milano, Lombardia, 20149, Italia",45.485486,9.1492923
,07-06-24,2024-06-07,"Via Monviso, 9, Milano, MI",Centro Sportivo Comunale di Arese,Bold as rock festival,https://www.milanotoday.it/eventi/bold-rock-festival-giorgio-piazza-con-tal-neunder-paul-audia-scurbats-suburbia.html,Non classificato,"9, Via Monviso, Sarpi, Bullona, Municipio 8 di Milano, Milano, Lombardia, 20154, Italia",45.4841957,9.1675061
,08-06-24,2024-06-07,"Via Fabio Massimo, 19, Milano, MI",CIQ - Centro Internazionale di Quartiere,100 afriche,https://www.milanotoday.it/eventi/100-afriche.html,Non classificato,"19, Via Fabio Massimo, Lodi - Corvetto, Municipio 4, Milano, Lombardia, 20139, Italia",45.4349742,9.2277681
,13-06-24,2024-06-07,"Via Gaetano Pini, 6, Milano, MI",La fabbrica dell'animazione,"Saggezza, cellule e fotoni: la danza della materia",https://www.milanotoday.it/eventi/saggezza-cellule-e-fotoni-la-danza-della-materia-healing-paintings-dell-artista-e-bodytalker-jaromila-quintavalle-jaromila-quintavalle.html,Non classificato,"6, Via Gaetano Pini, Vigentina, Municipio 1, Milano, Lombardia, 20122, Italia",45.4542964,9.1935877
,21-06-24,2024-06-07,"Via Carlo Tenca, 11, Milano, MI",Galleria Cael,L'arte in evoluzione: esplorazioni contemporanee,https://www.milanotoday.it/eventi/l-arte-in-evoluzione-esplorazioni-contemporanee.html,Non classificato,"11, Via Carlo Tenca, Centrale, Municipio 2, Milano, Lombardia, 20124, Italia",45.4806693,9.2017813
Spettacoli,07-06-24,2024-06-07,"Corso Buenos Aires,33,20124, Milano, MI,Italia",Teatro Elfo Puccini - sala Fassbinder,La Gloria - Progetto Pimavere - primo capitolo,https://www.teatro.it/spettacoli/milano/teatro-elfo-puccini-sala-fassbinder/2023-2024/la-gloria-progetto-pimavere-primo-capitolo,Teatro e spettacolo,"Teatro Elfo Puccini, 33, Corso Buenos Aires, Buenos Aires - Venezia, Municipio 3, Milano, Lombardia, 20124, Italia",45.4794317,9.2098387
,07-06-24,2024-06-07,"Corso Venezia, 16, Milano, MI",Palazzo Serbelloni,024 esperia: lo showcase di Ferrari fashion school,https://www.milanotoday.it/eventi/024-esperia-lo-showcase-di-ferrari-fashion-school-al-palazzo-serbelloni-ferrari-fashion-school.html,Non classificato,"16, Corso Venezia, Guastalla, Municipio 1, Milano, Lombardia, 20121, Italia",45.4691172,9.1996742
,16-06-24,2024-06-07,"Via Giuseppe di Vittorio, 2, Milano, MI",CENTRO SPORTIVO DI SENAGO,Sagra toscana,https://www.milanotoday.it/eventi/sagra-toscana.html,Non classificato,"28/2, Via Giuseppe Di Vittorio, Foramagno, Peschiera Borromeo, Milano, Lombardia, 20068, Italia",45.4270849,9.2880658
Mostre,08-09-24,2024-06-07,"Viale Campania, 12, Milano, MI",WOW Spazio Fumetto,"Toystellers Forever Young, la mostra di Federico Ghiso che ritrae i giocattoli resi bambini grazie all’intelligenza artificiale",https://www.milanotoday.it/eventi/mostre/toystellers-forever-young-mostra-federico-ghiso-giocattoli-resi-bambini-intelligenza-artificiale.html,Arte e cultura,"12, Viale Campania, Corsica, Municipio 4, Milano, Lombardia, 20133, Italia",45.4634024,9.2242161
Concerti,20-06-24,2024-06-07,"Piazzale Angelo Moratti, Milano, MI",Stadio San Siro,Vasco Rossi a Milano con 7 concerti estivi imperdibili. Orari e biglietti,https://www.milanotoday.it/eventi/concerto-vasco-rossi-san-siro-2024.html,Musica e vita notturna,"Piazzale Angelo Moratti, San Siro, Municipio 7, Milano, Lombardia, 20148, Italia",45.478178,9.1212742
Cibo e Vino,09-06-24,2024-06-07,"Via Eugenio Colorni, 3, Milano, MI",Mare Culturale Urbano,"""Elementi 2024"", a Milano arriva il festival della pizza",https://www.milanotoday.it/eventi/elementi-2024-festival-pizza-mare-culturale-ubano.html,Enogastronomia,"Mare cultura urbano, 3, Via Eugenio Colorni, Rogoredo, Municipio 4, Milano, Lombardia, 20138, Italia",45.4425148,9.2399995
Spettacoli,07-06-24,2024-06-07,"Corso Buenos Aires 33,20124, Milano, MI,Italia",Elfo Puccini - sala Shakespeare,Pagliacci all'uscita,https://www.teatro.it/spettacoli/milano/elfo-puccini-sala-shakespeare/2023-2024/pagliacci-alluscita-roberto-latini,Teatro e spettacolo,"Teatro Elfo Puccini, 33, Corso Buenos Aires, Buenos Aires - Venezia, Municipio 3, Milano, Lombardia, 20124, Italia",45.4794317,9.2098387
Cibo e Vino,07-06-24,2024-06-07,"Piazza dei Mercanti, 2, Milano, MI",Palazzo Giureconsulti,Lugana: il vino bianco icona del Lago di Garda si racconta a Milano,https://www.milanotoday.it/eventi/lugana-armonie-senza-tempo.html,Enogastronomia,"2, Piazza dei Mercanti, Duomo, Brera, Milano, Lombardia, 20123, Italia",45.4646697,9.1878971
,08-06-24,2024-06-08,"Via Vincenzo Toffetti, 25, Milano, MI",Di4 - Distretto Industriale,Lyapis trubetskoy a milano,https://www.milanotoday.it/eventi/lyapis-trubetskoy-a-milano-lyapis-troubetskoy.html,Non classificato,"25, Via Vincenzo Toffetti, Lodi - Corvetto, Municipio 4, Milano, Lombardia, 20139, Italia",45.439683,9.2336358
,30-06-24,2024-06-08,"Via San Giovanni Battista de la Salle, 62, Milano, MI",Museo Scalvini,Towards the light,https://www.milanotoday.it/eventi/towards-the-light-huang-cheng-yuan.html,Non classificato,"Via San Giovanni Battista de la Salle, Padova, Municipio 2, Milano, Lombardia, 20132, Italia",45.5019938,9.2426576
,08-06-24,2024-06-08,"Via Antonio Gramsci, 34, Milano, MI",laboratorio libellula,Crea la tua tazza,https://www.milanotoday.it/eventi/crea-la-tua-tazza-alessandra.html,Non classificato,"34, Via Antonio Gramsci, Cantun Sciatin, Bollate, Milano, Lombardia, 20021, Italia",45.5424323,9.1221034
,08-06-24,2024-06-08,"Piazza Sant'Ambrogio, Milano, MI",davanti alla Basilica di Sant'Ambrogio,"Milano buia: storia dell'inquisizione, peste e occultismo",https://www.milanotoday.it/eventi/milano-buia-storia-dell-inquisizione-peste-e-occultismo-italia-in-tour-1.html,Non classificato,"Piazza Sant'Ambrogio, Cerchia dei Navigli, Municipio 1, Milano, Lombardia, 20123, Italia",45.4620403,9.1746594
Manifestazioni,09-06-24,2024-06-08,"Via Tortona, 27, Milano, MI",Supestudio Più,"Best Movie Comics and Games: due giorni di fumetti, cinema e serie tv",https://www.milanotoday.it/eventi/best-movie-comics-and-games-2024-superstudio-piu.html,Altri eventi,"Mandarina duck, 27, Via Tortona, Tortona, Municipio 6, Milano, Lombardia, 20144, Italia",45.4506784,9.1634775
Spettacoli,08-06-24,2024-06-08,"Corso di Porta Romana 63,20122, Milano, MI,Italia",Carcano,Namaste India,https://www.teatro.it/spettacoli/milano/carcano/2023-2024/namaste-india,Teatro e spettacolo,"Teatro Carcano, 63, Corso di Porta Romana, Crocetta, Municipio 1, Milano, Lombardia, 20121, Italia",45.4566842,9.1955297
Disco&Feste,09-06-24,2024-06-08,"Piazza Sempione, Milano, MI",Parco Sempione,"""Party Like a Deejay"", la grande festa di Radio Deejay (e dove acquistare i biglietti)",https://www.milanotoday.it/eventi/festa-radio-deejay-2024-biglietti.html,Musica e vita notturna,"Piazza Sempione, Parco Sempione, Municipio 1, Milano, Lombardia, Italia",45.4755976,9.1725451
,08-06-24,2024-06-08,"Viale Molise, 62, Milano, MI",Ex Macello,Zamna festival all'ex macello di Milano,https://www.milanotoday.it/eventi/zamna-festival-all-ex-macello-di-milano-adriatique-armonica-patrick-topping.html,Non classificato,"Viale Molise, Ortomercato, Municipio 4, Milano, Lombardia, 20130, Italia",45.452308,9.2241311
,09-06-24,2024-06-08,"Viale Luigi Camoens, 2, Milano, MI",Justme Milano - Restaurant & Club,Notte Bianca in Parco Sempione,https://www.milanotoday.it/eventi/Notte-Bianca-Sempione.html,Non classificato,"Viale Luigi Camoens, Parco Sempione, Municipio 1, Milano, Lombardia, 20154, Italia",45.4729814,9.1728556
,09-06-24,2024-06-08,"Via Luigi Granelli, 1, Milano, MI",Carroponte,"Ops 2024, l'official party di ScuolaZoo al Carroponte",https://www.milanotoday.it/eventi/ops-2024-l-official-party-di-scuolazoo-al-carroponte-di-milano-scuolazoo.html,Non classificato,"Carroponte, 1, Via Luigi Granelli, Rondò, Torretta, Sesto San Giovanni, Zona Omogenea Milano Nord, Milano, Lombardia, 20099, Italia",45.529574,9.2209217
,08-06-24,2024-06-08,"Via Antonio Gramsci, 34, Milano, MI",laboratorio libellula,"Crea la tua tazza, evento laboratorio Libellula",https://www.milanotoday.it/eventi/crea-la-tua-tazza-evento-laboratorio-libellula-8-giugno-laboratoriolibellula.html,Non classificato,"34, Via Antonio Gramsci, Cantun Sciatin, Bollate, Milano, Lombardia, 20021, Italia",45.5424323,9.1221034
,09-06-24,2024-06-09,"Via Padre Massimiliano Kolbe, 5, Milano, MI",nella palestrina dell'oratorio,Mercatino parrocchiale benefico Kolbe,https://www.milanotoday.it/eventi/apertura-mercatino-parrocchiale-benefico-kolbe-domenica-9-giugno-2024.html,Non classificato,"Via Padre Massimiliano Kolbe, Corsica, Municipio 4, Milano, Lombardia, 20059, Italia",45.4614572,9.2325534
Manifestazioni,09-06-24,2024-06-09,"Piazzale dello Sport, 16, Milano, MI",Ippodromo di San Siro,"Domenica di festa all'ippodromo: circo viaggiante, animazione e tour guidati",https://www.milanotoday.it/eventi/ippodromo-san-siro-9-giugno-2024.html,Altri eventi,"Piazzale dello Sport, San Siro, Municipio 7, Milano, Lombardia, 20148, Italia",45.4789681,9.130166
Concerti,09-06-24,2024-06-09,"Piazza del Duomo, Milano, MI",Piazza Duomo,Il grande concerto (gratuito) della Filarmonica in Piazza Duomo,https://www.milanotoday.it/eventi/concerto-filarmonica-piazza-duomo-giugno-2024.html,Musica e vita notturna,"Piazza del Duomo, Duomo, Municipio 1, Milano, Lombardia, Italia",45.4639102,9.1906398
Spettacoli,09-06-24,2024-06-09,"Largo Antonio Greppi,20121, Milano, MI,Italia",Piccolo Teatro - Teatro Strehler,Antonio e Cleopatra,https://www.teatro.it/spettacoli/milano/piccolo-teatro-teatro-strehler/2023-2024/antonio-e-cleopatra,Teatro e spettacolo,"Largo Antonio Greppi, Cerchia dei Navigli, Municipio 1, Milano, Lombardia, 20121, Italia",45.4718502,9.1827114
Spettacoli,09-06-24,2024-06-09,"Piazza Castello,20121, Milano, MI,Italia",Castello Sforzesco,Party Like a Deejay,https://www.teatro.it/spettacoli/milano/castello-sforzesco/2023-2024/party-like-a-deejay-2024,Teatro e spettacolo,"Piazza Castello, Cerchia dei Navigli, Municipio 1, Milano, Lombardia, 20121, Italia",45.4710309,9.1814326
Spettacoli,11-06-24,2024-06-11,"Viale dell'Innovazione 20,20126, Milano, MI,Italia",Arcimboldi,Lord of the Dance,https://www.teatro.it/spettacoli/milano/arcimboldi/2023-2024/lord-of-the-dance,Teatro e spettacolo,"20, Viale dell'Innovazione, Bicocca, Municipio 9, Milano, Lombardia, 20125, Italia",45.5148696,9.2135963
Spettacoli,11-06-24,2024-06-11,"Corso Buenos Aires,33,20124, Milano, MI,Italia",Teatro Elfo Puccini - sala Fassbinder,Come un animale senza nome,https://www.teatro.it/spettacoli/milano/teatro-elfo-puccini-sala-fassbinder/2023-2024/come-un-animale-senza-nome,Teatro e spettacolo,"Teatro Elfo Puccini, 33, Corso Buenos Aires, Buenos Aires - Venezia, Municipio 3, Milano, Lombardia, 20124, Italia",45.4794317,9.2098387
,02-07-24,2024-06-11,"Via Angelo Mosso, Milano, MI",Giardini di Via Mosso,"Al via la rassegna ""Libro mosso"" di Cinevan",https://www.milanotoday.it/eventi/al-via-la-rassegna-libro-mosso-di-cinevan.html,Non classificato,"Via Angelo Mosso, Nolo, Municipio 2, Milano, Lombardia, 20127, Italia",45.494247,9.22671
,11-10-24,2024-06-12,"Via Andrea Maria Ampère, 2, Milano, MI",Spazio Mostre Guido Nardi,Mostra cantieri di Gadda il groviglio della totalità,https://www.milanotoday.it/eventi/mostra-cantieri-di-gadda-il-groviglio-della-totalita-carlo-emilio-gadda.html,Non classificato,"Via Andrea Maria Ampère, Città Studi, Municipio 3, Milano, Lombardia, 20131, Italia",45.4815526,9.2266627
Spettacoli,12-06-24,2024-06-12,"Largo Metropolitana,4,20145, Rho, MI,Italia",Rho Fiera Milano - Area Concerti,EVANESCENCE,https://www.teatro.it/spettacoli/rho/rho-fiera-milano-area-concerti/2023-2024/evanescence,Teatro e spettacolo,"Largo Metropolitana, Mazzo, Rho, Milano, Lombardia, 20017, Italia",45.5188882,9.08657
,21-07-24,2024-06-12,"Via Achille Maiocchi, 15, Milano, MI",Maiocchi15,Il giardino felice. carla benvenuto,https://www.milanotoday.it/eventi/il-giardino-felice-carla-benvenuto-carla-benvenuto.html,Non classificato,"Via Achille Maiocchi, Buenos Aires - Venezia, Municipio 3, Milano, Lombardia, 20129, Italia",45.4762588,9.2159801
Incontro/presentazione,12-06-24,2024-06-12,"via Brera, 28, Milano, MI",Pinacoteca di Brera,Il disegno progettuale di Andrea Appiani: una recente acquisizione per la Pinacoteca di Brera,,Formazione e networking,"Istituto Nazionale di Astrofisica – Osservatorio astronomico di Brera, 28, Via Brera, Cerchia dei Navigli, Municipio 1, Milano, Lombardia, 20121, Italia",45.4715946,9.1889707
,12-06-24,2024-06-12,"Via Filippo Baldinucci, 76, Milano, MI",Biblioteca Dergano-Bovisa,Più grigio che verde,https://www.milanotoday.it/eventi/presentazione-del-libro-piu-grigio-che-verde-francesca-grazzini-e-luciana-bordin.html,Non classificato,"Biblioteca Comunale Dergano-Bovisa, 76, Via Filippo Baldinucci, Bovisa, Municipio 9, Milano, Lombardia, 20158, Italia",45.5037729,9.1685324
Promozioni,13-06-24,2024-06-13,"Piazza Gae Aulenti, Milano, MI",Grom,L'arte del gelato festeggia l’inizio dell’estate con un evento speciale nel cuore di Milano,https://www.milanotoday.it/eventi/festa-gelato-intrattenimento.html,Mercati e shopping,"Piazza Gae Aulenti, GARIBALDI REPUBBLICA, Municipio 9, Milano, Lombardia, Italia",45.4834778,9.1902248
Promozioni,13-06-24,2024-06-13,"Piazza Gae Aulenti, Milano, MI",Grom,L'arte del gelato festeggia l’inizio dell’estate con un evento speciale nel cuore di Milano,https://www.milanotoday.it/eventi/festa-gelato-intrattenimento.html,Mercati e shopping,"Piazza Gae Aulenti, GARIBALDI REPUBBLICA, Municipio 9, Milano, Lombardia, Italia",45.4834778,9.1902248
,13-06-24,2024-06-13,"Via Benedetto Marcello, 46, Milano, MI",Galleria Manifiesto Blanco,"Manifiesto in dialogo, Antonio Sparzani. Matematica per tutti: un rimedio per l'allergia ai numeri",https://www.milanotoday.it/eventi/manifiesto-in-dialogo-antonio-sparzani-matematica-per-tutti-un-rimedio-per-l-allergia-ai-numeri-antonio-sparzani.html,Non classificato,"Manifiesto Blanco, 46, Via Benedetto Marcello, Buenos Aires - Venezia, Municipio 3, Milano, Lombardia, 20124, Italia",45.4830737,9.2106807
,13-06-24,2024-06-13,"Via Pasquale Sottocorno, 27, Milano, MI",Ricci Osteria,"Da Ricci osteria il libro ""Dalla Puglia con amore”",https://www.milanotoday.it/eventi/giovedi-13-giugno-antonella-ricci-e-vinod-sookar-presentano-da-ricci-osteria-il-libro-dalla-puglia-con-amore-antonella-ricci-e-vinod-sookar.html,Non classificato,"Ricci Osteria, 27, Via Pasquale Sottocorno, XXII Marzo, Municipio 4, Milano, Lombardia, 20129, Italia",45.4662072,9.2119112
Promozioni,13-06-24,2024-06-13,"Piazza Gae Aulenti, Milano, MI",Grom,L'arte del gelato festeggia l’inizio dell’estate con un evento speciale nel cuore di Milano,https://www.milanotoday.it/eventi/festa-gelato-intrattenimento.html,Mercati e shopping,"Piazza Gae Aulenti, GARIBALDI REPUBBLICA, Municipio 9, Milano, Lombardia, Italia",45.4834778,9.1902248
,13-06-24,2024-06-13,"Via Guido Martinelli, 55, Milano, MI",Case del Comune di Milano,Esordio Sus4tet con Classicaperta,https://www.milanotoday.it/eventi/esordio-sus4tet-con-classicaperta-sustet-collettivo-modulabile-di-sassofoni.html,Non classificato,"55, Via Guido Martinelli, Ronchetto Sul Naviglio, Municipio 6, Milano, Lombardia, 20147, Italia",45.4406931,9.1334107
Promozioni,13-06-24,2024-06-13,"Piazza Gae Aulenti, Milano, MI",Grom,L'arte del gelato festeggia l’inizio dell’estate con un evento speciale nel cuore di Milano,https://www.milanotoday.it/eventi/festa-gelato-intrattenimento.html,Mercati e shopping,"Piazza Gae Aulenti, GARIBALDI REPUBBLICA, Municipio 9, Milano, Lombardia, Italia",45.4834778,9.1902248
,30-06-24,2024-06-13,"Via Aurelio Saffi, 9, Milano, MI",Pananti Atelier,Posto al sicuro,https://www.milanotoday.it/eventi/posto-al-sicuro-mara-palena.html,Non classificato,"9, Via Aurelio Saffi, Magenta - San Vittore, Municipio 1, Milano, Lombardia, 20123, Italia",45.4686971,9.1712268
Promozioni,13-06-24,2024-06-13,"Piazza Gae Aulenti, Milano, MI",Grom,L'arte del gelato festeggia l’inizio dell’estate con un evento speciale nel cuore di Milano,https://www.milanotoday.it/eventi/festa-gelato-intrattenimento.html,Mercati e shopping,"Piazza Gae Aulenti, GARIBALDI REPUBBLICA, Municipio 9, Milano, Lombardia, Italia",45.4834778,9.1902248
Manifestazioni,13-06-24,2024-06-13,"Piazzale Antonio Cantore, 14, Milano, MI",Open Casello,"A Milano inaugura Open Casello, il nuovo spazio di sperimentazione dei giovani",https://www.milanotoday.it/eventi/open-casello-spazio-giovani-piazzale-cantore.html,Altri eventi,"Piazzale Antonio Cantore, Navigli, Municipio 6, Milano, Lombardia, 20123, Italia",45.4555468,9.1738194
Sport,14-07-24,2024-06-13,"Piazza Duca d'Aosta, Milano, MI",Sensation summer,In Centrale a Milano i maxi schermi per le partite dell'Italia (e non solo),https://www.milanotoday.it/eventi/maxi-schermo-italia-centrale.html,Sport e attività fisica,"Piazza Duca d'Aosta, Centrale, Municipio 2, Milano, Lombardia, 20124, Italia",45.4848412,9.2032441
Sport,16-06-24,2024-06-13,"Piazza Sempione, Milano, MI",Arco della Pace,A Milano un intero weekend di sport con i Mi Games 2024,https://www.milanotoday.it/eventi/migames-2024-tornei-sportivi-arco-della-pace.html,Sport e attività fisica,"Piazza Sempione, Parco Sempione, Municipio 1, Milano, Lombardia, Italia",45.4755976,9.1725451
Spettacoli,13-06-24,2024-06-13,"Via Alessandro Manzoni 42,20121, Milano, MI,Italia",Manzoni,Tra palco e realtà,https://www.teatro.it/spettacoli/milano/manzoni/2023-2024/klaudia-pepa-garrison-rochelle-tra-palco-e-realta,Teatro e spettacolo,"Teatro Manzoni, 42, Via Alessandro Manzoni, Cerchia dei Navigli, Municipio 1, Milano, Lombardia, 20121, Italia",45.4710286,9.1944762
Sport,14-07-24,2024-06-13,"Piazza Duca d'Aosta, Milano, MI",Stazione Centrale,La Stazione Centrale diventa un grande villaggio sportivo,https://www.milanotoday.it/eventi/villaggio-sportivo-stazione-centrale.html,Sport e attività fisica,"Piazza Duca d'Aosta, Centrale, Municipio 2, Milano, Lombardia, 20124, Italia",45.4848412,9.2032441
Promozioni,13-06-24,2024-06-13,"Piazza Gae Aulenti, Milano, MI",Grom,L'arte del gelato festeggia l’inizio dell’estate con un evento speciale nel cuore di Milano,https://www.milanotoday.it/eventi/festa-gelato-intrattenimento.html,Mercati e shopping,"Piazza Gae Aulenti, GARIBALDI REPUBBLICA, Municipio 9, Milano, Lombardia, Italia",45.4834778,9.1902248
Mostra,13-06-24,2024-06-13,"Via Senato, Milano, MI",Soprintendenza Archivistica e Bibliografica della Lombardia,"Digitalizzare | Cosa, come e perché?",,Arte e cultura,"Via Senato, Cerchia dei Navigli, Municipio 1, Milano, Lombardia, 20121, Italia",45.4714266,9.1962309
,14-06-24,2024-06-14,"Piazza di Santa Maria delle Grazie, Milano, MI",Chiesa di Santa Maria delle Grazie,Concerto nella chiesa di Santa Maria delle Grazie,https://www.milanotoday.it/eventi/concerto-nella-chiesa-di-santa-maria-delle-grazie-con-z-randall-stroope-e-the-new-american-voices-z-randall-stroope-e-the-new-american-voices.html,Non classificato,"Piazza Santa Maria delle Grazie, Magenta - San Vittore, Municipio 1, Milano, Lombardia, 20123, Italia",45.4662916,9.1704104
,14-06-24,2024-06-14,"Via Pisanello, 1, Milano, MI",Centro Culturale Rosetum,Krzysztof Kobylinski piano solo - Rosetum jazz festival,https://www.milanotoday.it/eventi/krzysztof-kobylinski-piano-solo-ii-rosetum-jazz-festival-6-krzysztof-kobylinski.html,Non classificato,"Via Pisanello, Bande Nere, Municipio 7, Milano, Lombardia, 20148, Italia",45.4672182,9.140416
,16-06-24,2024-06-14,"Piazza Castello, Milano, MI",Castello Sforzesco,Wired next fest,https://www.milanotoday.it/eventi/wired-next-fest.html,Non classificato,"Piazza Castello, Cerchia dei Navigli, Municipio 1, Milano, Lombardia, Italia",45.4704699,9.1819129
,16-06-24,2024-06-15,"Via Messina, 38, Milano, MI",Grace Club Milano,Un’estate italiana: partita Italia - Albania e party in terrazza,https://www.milanotoday.it/eventi/un-estate-italiana-partita-italia-albania-e-party-in-terrazza.html,Non classificato,"38, Via Messina, Bullona, Porta Volta, Municipio 8 di Milano, Milano, Lombardia, 20154, Italia",45.4864778,9.17334
,16-06-24,2024-06-15,"Via Festa del Perdono, 6, Milano, MI",Museo Montabone,La musa giapponese: mostra di pittura di Serena Della Bona,https://www.milanotoday.it/eventi/la-musa-giapponese-mostra-di-pittura-di-serena-della-bona-al-museo-montabone-di-milano-serena-della-bona.html,Non classificato,"6, Via Festa del Perdono, Duomo, Municipio 1, Milano, Lombardia, 20122, Italia",45.461473,9.1947171
Manifestazioni,16-06-24,2024-06-15,"Piazza Sempione, Milano, MI",Parco Sempione,Concerti e installazioni nel Parco Sempione: a Milano torna Terraforma,https://www.milanotoday.it/eventi/terraforma-exo-2024-installazioni-parco-sempione.html,Altri eventi,"Piazza Sempione, Parco Sempione, Municipio 1, Milano, Lombardia, Italia",45.4755976,9.1725451
,16-06-24,2024-06-15,"Piazzale dello Sport 16, Milano, MI",Ippodromo di San Siro,Maxi schermo per Italia Albania agli Europei all'Ippodromo,https://www.milanotoday.it/eventi/foodball-club-ippodromo-maxi-schermo.html,Non classificato,"Piazzale dello Sport, San Siro, Municipio 7, Milano, Lombardia, 20148, Italia",45.4789681,9.130166
Spettacoli,15-06-24,2024-06-15,"Largo Metropolitana,4,20145, Rho, MI,Italia",Rho Fiera Milano - Area Concerti,Hellraisers Live,https://www.teatro.it/spettacoli/rho/rho-fiera-milano-area-concerti/2023-2024/salmo-e-noyz-narcos-hellraisers-live,Teatro e spettacolo,"Largo Metropolitana, Mazzo, Rho, Milano, Lombardia, 20017, Italia",45.5188882,9.08657
Sport,16-06-24,2024-06-15,"Via Padova, 91, Milano, MI",Bocciofila Caccialanza,Milano capitale delle bocce: un imperdibile weekend dedicato alla specialità Raffa,https://www.milanotoday.it/eventi/anteprima-campioni-raffa.html,Sport e attività fisica,"91, Via Padova, Padova, Municipio 2, Milano, Lombardia, 20132, Italia",45.4954283,9.2283465
,16-06-24,2024-06-15,"Via Pietrasanta, 16, Milano, MI",Magazzini Generali,Maxischermo per l'Italia al Magazzini Generali di via Pietrasanta,https://www.milanotoday.it/eventi/maxischermo-magazzini-generali.html,Non classificato,"16, Via Pietrasanta, Ex Om - Morivione, Municipio 5, Milano, Lombardia, 20141, Italia",45.4440954,9.1951652
,29-04-25,2024-06-15,"Via Antonio Gramsci, 34, Milano, MI",milano,Corso packaging,https://www.milanotoday.it/eventi/corso-packaging-alessandra.html,Non classificato,"34, Via Antonio Gramsci, Cantun Sciatin, Bollate, Milano, Lombardia, 20021, Italia",45.5424323,9.1221034
Spettacoli,15-06-24,2024-06-15,"Corso Buenos Aires,33,20124, Milano, MI,Italia",Teatro Elfo Puccini - sala Fassbinder,"Tavola tavola, chiodo chiodo",https://www.teatro.it/spettacoli/milano/teatro-elfo-puccini-sala-fassbinder/2023-2024/tavola-tavola-chiodo-chiodo,Teatro e spettacolo,"Teatro Elfo Puccini, 33, Corso Buenos Aires, Buenos Aires - Venezia, Municipio 3, Milano, Lombardia, 20124, Italia",45.4794317,9.2098387
Mostre,01-09-24,2024-06-15,"Piazza del Duomo, 12, Milano, MI",Palazzo Reale,"""Philippe Halsman. Lampo di genio"". La prima mostra italiana dedicata al grande fotografo",https://www.milanotoday.it/eventi/mostra-philippe-halsman-palazzo-reale.html,Arte e cultura,"Giacomo, 12, Piazza del Duomo, Duomo, Municipio 1, Milano, Lombardia, 20100, Italia",45.4632066,9.1914879
Spettacoli,15-06-24,2024-06-15,"Corso Buenos Aires,33,20124, Milano, MI,Italia",Teatro Elfo Puccini - sala Fassbinder,L'ammore nun'è ammore,https://www.teatro.it/spettacoli/milano/teatro-elfo-puccini-sala-fassbinder/2023-2024/lammore-nune-ammore,Teatro e spettacolo,"Teatro Elfo Puccini, 33, Corso Buenos Aires, Buenos Aires - Venezia, Municipio 3, Milano, Lombardia, 20124, Italia",45.4794317,9.2098387
,16-06-24,2024-06-15,"Via Luigi Granelli, 1, Milano, MI",CARROPONTE,Holi dance festival,https://www.milanotoday.it/eventi/holi-dance-festival-vari.html,Non classificato,"Carroponte, 1, Via Luigi Granelli, Rondò, Torretta, Sesto San Giovanni, Zona Omogenea Milano Nord, Milano, Lombardia, 20099, Italia",45.529574,9.2209217
Mercatini,16-06-24,2024-06-16,"Viale Molise, 62, Milano, MI",Ex Macello,"Wunder Mrkt 2024, oltre 100 espositori di vintage negli spazi industriali dell'Ex Macello",https://www.milanotoday.it/eventi/wunder-market-2024-mercatino-vintage-ex-macello.html,Mercati e shopping,"Viale Molise, Ortomercato, Municipio 4, Milano, Lombardia, 20130, Italia",45.452308,9.2241311
Concerti,16-06-24,2024-06-16,"Via Lampugnano, 95, Milano, MI",Ippodromo La Maura,"I Green Day in Italia, l'unica data è a Milano",https://www.milanotoday.it/eventi/concerto-green-day-i-days-2024.html,Musica e vita notturna,"Via Lampugnano, Gallaratese, Lampugnano, Municipio 8 di Milano, Milano, Lombardia, 20151, Italia",45.4916933,9.1102099
,16-06-24,2024-06-16,"Galleria Unione, Milano, MI",Libreria Esoterica Ecumenica,Tommaso Palamidessi e l'archeosofia,https://www.milanotoday.it/eventi/tommaso-palamidessi-e-l-archeosofia-tommaso-palamidessi.html,Non classificato,"Galleria Unione, Cerchia dei Navigli, Municipio 1, Milano, Lombardia, 20122, Italia",45.4615998,9.1871728
,16-06-24,2024-06-16,"Via Neera, 24, Milano, MI",Santa Maria Annunciata in Chiesa Rossa,Concerto lyric-pop,https://www.milanotoday.it/eventi/concerto-lyric-pop-ekaterina-adamova.html,Non classificato,"Via Neera, Stadera, Municipio 5, Milano, Lombardia, 20136, Italia",45.4331025,9.1801233
Spettacoli,16-06-24,2024-06-16,"Via Lampugnano,95,20151, Milano, MI,Italia",Ippodromo Snai San Siro,GREEN DAY,https://www.teatro.it/spettacoli/milano/ippodromo-snai-la-maura/2023-2024/green-day,Teatro e spettacolo,"Via Lampugnano, Gallaratese, Lampugnano, Municipio 8 di Milano, Milano, Lombardia, 20151, Italia",45.4916933,9.1102099
,30-05-25,2024-06-16,"Via Antonio Gramsci, 34, Milano, MI",milano,Corso party planner,https://www.milanotoday.it/eventi/corso-party-planner-alessandra.html,Non classificato,"34, Via Antonio Gramsci, Cantun Sciatin, Bollate, Milano, Lombardia, 20021, Italia",45.5424323,9.1221034
Mostra,21-06-24,2024-06-17,"Via Senato, Milano, MI",Soprintendenza Archivistica e Bibliografica della Lombardia,"Domani Sciopero - 1924: Attilio Oldani, morte di un tranviere antifascista | Podcast in 5 puntate",,Arte e cultura,"Via Senato, Cerchia dei Navigli, Municipio 1, Milano, Lombardia, 20121, Italia",45.4714266,9.1962309
Cinema,15-09-24,2024-06-18,"Via Eugenio Colorni, 3, Milano, MI",Mare Culturale Urbano,"CineMare, il cinema all'aperto in cuffia",https://www.milanotoday.it/eventi/cinema-aperto-mare-culturale-urbano.html,Arte e cultura,"Mare cultura urbano, 3, Via Eugenio Colorni, Rogoredo, Municipio 4, Milano, Lombardia, 20138, Italia",45.4425148,9.2399995
Spettacoli,18-06-24,2024-06-18,"Via Larga 14,20122, Milano, MI,Italia",Lirico Giorgio Gaber,Fragile / Inossidabile Tour 2024,https://www.teatro.it/spettacoli/milano/lirico-giorgio-gaber/2023-2024/gio-evan-fragile-inossidabile-tour-2024,Teatro e spettacolo,"Teatro Lirico Giorgio Gaber, 14, Via Larga, Cerchia dei Navigli, Municipio 1, Milano, Lombardia, 20122, Italia",45.4615135,9.1918702
,18-06-24,2024-06-18,"Via Domenico Trentacoste, 14, Milano, MI",SAE Institute Milano,Women in music IV,https://www.milanotoday.it/eventi/women-in-music-iv.html,Non classificato,"Via Domenico Trentacoste, Lambrate, Municipio 3, Milano, Lombardia, 20134, Italia",45.4728029,9.2420535
Spettacoli,18-06-24,2024-06-18,"Via Circonvallazione Idroscalo,41,20090, Segrate, MI,Italia",Circolo Magnolia,Moksa Bar,https://www.teatro.it/spettacoli/segrate/circolo-magnolia/2023-2024/gio-evan-moksa-bar,Teatro e spettacolo,"Circolo Magnolia, 41, Via Circonvallazione Idroscalo, Novegro, Segrate, Milano, Lombardia, 20054, Italia",45.4637036,9.286076
,19-06-24,2024-06-19,"Via Alessandro Manzoni, 12, Milano, MI",Poldi Pezzoli,Museo poldi pezzoli: aperitivo di finissage,https://www.milanotoday.it/eventi/museo-poldi-pezzoli-aperitivo-di-finissage-della-mostra-piero-della-francesca-il-polittico-agostiniano-riunito-piero-della-francesca.html,Non classificato,"Museo Poldi Pezzoli, 12, Via Alessandro Manzoni, Duomo, Municipio 1, Milano, Lombardia, 20121, Italia",45.4684748,9.1917804
Auto e moto,25-06-24,2024-06-19,"Piazza Sempione, Milano, MI",Dazio Levante - Arco della Pace,A Milano approda la mostra sui 100 anni di Citroën in Italia,https://www.milanotoday.it/eventi/citroen-mostra-auto-parco-sempione.html,Altri eventi,"Piazza Sempione, Parco Sempione, Municipio 1, Milano, Lombardia, Italia",45.4755976,9.1725451
,19-06-24,2024-06-19,"Via Ulrico Hoepli, 5, Milano, MI",LIBRERIA HOEPLI,Il lobbista a Milano,https://www.milanotoday.it/eventi/il-lobbista-a-milano-fabio-massa.html,Non classificato,"Hoepli, 5, Via Ulrico Hoepli, Duomo, Municipio 1, Milano, Lombardia, 20121, Italia",45.4664482,9.1924078
,19-06-24,2024-06-19,"Piazzale Dateo, 5, Milano, MI",Libreria Cento Fiori,"Donna sul fronte, presentazione del romanzo autobiografico di Alaine Polcz",https://www.milanotoday.it/eventi/donna-sul-fronte-presentazione-del-romanzo-autobiografico-di-alaine-polcz.html,Non classificato,"5, Piazzale Dateo, Buenos Aires - Venezia, Municipio 3, Milano, Lombardia, 20129, Italia",45.4685931,9.2165363
,19-06-24,2024-06-19,"Via Ciovasso, 17, Milano, MI",Via Ciovasso,"Torna la festa di via Ciovasso, nel cuore di Brera",https://www.milanotoday.it/eventi/torna-la-festa-di-via-ciovasso-nel-cuore-di-brera-miriam-selvetti.html,Non classificato,"17, Via Ciovasso, Cerchia dei Navigli, Municipio 1, Milano, Lombardia, 20121, Italia",45.4701036,9.1865377
,23-06-24,2024-06-19,"Via Mantegna, 21, Milano, MI",Terminal 3 Festival,A Castano Primo la seconda edizione di terminal 3 festival,https://www.milanotoday.it/eventi/a-castano-primo-mi-la-seconda-edizione-di-terminal-3-festival.html,Non classificato,"21, Via Andrea Mantegna, Quartiere Marconi, Trezzano sul Naviglio, Milano, Lombardia, 20090, Italia",45.4263883,9.0518063
Mostre,19-06-24,2024-06-19,"Via Alessandro Manzoni, 12, Milano, MI",Poldi Pezzoli,"Museo poldi pezzoli: aperitivo di finissage della mostra ""piero della francesca. il polittico agostiniano riunito""",https://www.milanotoday.it/eventi/museo-poldi-pezzoli.html,Arte e cultura,"Museo Poldi Pezzoli, 12, Via Alessandro Manzoni, Duomo, Municipio 1, Milano, Lombardia, 20121, Italia",45.4684748,9.1917804
,19-06-24,2024-06-19,"Via Filodrammatici, 6, Milano, MI",Teatro Filodrammatici,"Filodrammatici, due spettacoli in inglese",https://www.milanotoday.it/eventi/19-giugno-filodrammatici-2-spettacoli-in-inglese.html,Non classificato,"Via Filodrammatici, Brera, Municipio 1, Milano, Lombardia, 20121, Italia",45.4673403,9.1886109
,22-06-24,2024-06-19,"Piazza dell'Ateneo Nuovo, 1, Milano, MI",Università di Milano-Bicocca,La fisica dei neutrini è a portata di tutti,https://www.milanotoday.it/eventi/la-fisica-dei-neutrini-e-a-portata-di-tutti-neutrino2024.html,Non classificato,"1, Piazza dell'Ateneo Nuovo, Bicocca, Municipio 9, Milano, Lombardia, 20126, Italia",45.5182975,9.2137546
,21-06-24,2024-06-20,"Via Messina, 38, Milano, MI",Grace Club,Maxischermo per l'Italia al Grace Club di via Messina,https://www.milanotoday.it/eventi/maxischermo-per-l-italia-al-grace-club-di-via-messina.html,Non classificato,"38, Via Messina, Bullona, Porta Volta, Municipio 8 di Milano, Milano, Lombardia, 20154, Italia",45.4864778,9.17334
,30-06-24,2024-06-20,"Via Giuseppe di Vittorio, 2, Milano, MI",Centro sportivo di SENAGO,Sagra sarda,https://www.milanotoday.it/eventi/sagra-sarda.html,Non classificato,"28/2, Via Giuseppe Di Vittorio, Foramagno, Peschiera Borromeo, Milano, Lombardia, 20068, Italia",45.4270849,9.2880658
,20-06-24,2024-06-20,"Via Laghetto, 2, Milano, MI",Chiamamilano,Il femminismo (non) si fa a scuola,https://www.milanotoday.it/eventi/il-femminismo-non-si-fa-a-scuola-come-la-societa-educa-alla-disparita-di-genere.html,Non classificato,"Chiamamilano, 2, Via Laghetto, Duomo, Brera, Milano, Lombardia, 20122, Italia",45.4614842,9.195516
Spettacoli,20-06-24,2024-06-20,"Piazzale Angelo Moratti,20151, Milano, MI,Italia",Stadio San Siro,VASCO Live 2025,https://www.teatro.it/spettacoli/milano/stadio-san-siro/2023-2024/vasco-live-2024,Teatro e spettacolo,"Piazzale Angelo Moratti, San Siro, Municipio 7, Milano, Lombardia, 20148, Italia",45.478178,9.1212742
,20-06-24,2024-06-20,"Via Castel Morrone, 17, Milano, MI",LUZ,"Sentimenti precisi, laboratorio contro i blocchi della scrittura",https://www.milanotoday.it/eventi/sentimenti-precisi-laboratorio-contro-i-blocchi-della-scrittura-stefania-zolotti.html,Non classificato,"17, Via Castel Morrone, Buenos Aires - Venezia, Municipio 3, Milano, Lombardia, 20129, Italia",45.4705048,9.21452
Spettacoli,21-06-24,2024-06-21,"Via Filodrammatici 2,20121, Milano, MI,Italia",Teatro Alla Scala,La bayadère,https://www.teatro.it/spettacoli/milano/teatro-alla-scala/2023-2024/coreografo-rudolf-nureyev-la-bayadere,Teatro e spettacolo,"2, Via Filodrammatici, Brera, Milano, Lombardia, 20121, Italia",45.4676198,9.1884287
,21-06-24,2024-06-21,"Via Alessandro Manzoni, 40, Milano, MI",Teatro Manzoni,Digiunare con gli dei,https://www.milanotoday.it/eventi/digiunare-con-gli-dei-selene-calloni-williams.html,Non classificato,"40, Via Alessandro Manzoni, Cerchia dei Navigli, Municipio 1, Milano, Lombardia, 20121, Italia",45.4712799,9.1941811
Spettacoli,21-06-24,2024-06-21,"Corso Buenos Aires,33,20124, Milano, MI,Italia",Teatro Elfo Puccini - sala Fassbinder,Orfeo ed Euridice,https://www.teatro.it/spettacoli/milano/teatro-elfo-puccini-sala-fassbinder/2023-2024/orfeo-ed-euridice,Teatro e spettacolo,"Teatro Elfo Puccini, 33, Corso Buenos Aires, Buenos Aires - Venezia, Municipio 3, Milano, Lombardia, 20124, Italia",45.4794317,9.2098387
Spettacoli,21-06-24,2024-06-21,"Piazza Castello,20121, Milano, MI,Italia",Castello Sforzesco,La Notte d'estate,https://www.teatro.it/spettacoli/milano/castello-sforzesco/2023-2024/ariete-la-notte-destate,Teatro e spettacolo,"Piazza Castello, Cerchia dei Navigli, Municipio 1, Milano, Lombardia, 20121, Italia",45.4710309,9.1814326
Visita Guidata,21-06-24,2024-06-21,"Via Senato 10, Milano, MI",Archivio di Stato di Milano,Note di storia: un racconto in musica,,Arte e cultura,"10, Via Senato, Guastalla, Municipio 1, Milano, Lombardia, 20121, Italia",45.4700976,9.1981223
,30-09-24,2024-06-21,"Corso Buenos Aires, 45, Milano, MI",Lusvardi Art,Enter the forbidden city,https://www.milanotoday.it/eventi/enter-the-forbidden-city-inaugurazione-venerdi-21-giugno-ore-18-00-22-00-runtime-21-06-24-30-09-24-alessandro-rauschmann.html,Non classificato,"Goldenpoint, 45, Corso Buenos Aires, Buenos Aires - Venezia, Municipio 3, Milano, Lombardia, 20124, Italia",45.4808037,9.2111831
,22-06-24,2024-06-21,"Alzaia Naviglio Grande, 158, Milano, MI",Millano,"Spazio y tiempo, art expo & design market",https://www.milanotoday.it/eventi/spazio-y-tiempo-art-expo-design-market-elizaveta-guseva-aka-betsy.html,Non classificato,"Alzaia Naviglio Grande, Navigli, Municipio 6, Milano, Lombardia, 20136, Italia",45.4520419,9.1756524
Manifestazioni,08-09-24,2024-06-21,"Piazza Castello, Milano, MI","Castello Sforzesco, Cortile delle Armi","Estate al Castello, tutti i concerti in programma",https://www.milanotoday.it/eventi/estate-al-castello-2024-programma-concerti.html,Altri eventi,"Piazza Castello, Cerchia dei Navigli, Municipio 1, Milano, Lombardia, Italia",45.4704699,9.1819129
Sport,23-06-24,2024-06-21,"Via Giuseppe di Vittorio, Milano, MI",Unipol Forum di Assago,A Milano i Mondiali di ginnastica ritmica (e dove acquistare i biglietti),https://www.milanotoday.it/eventi/mondiali-ginnastica-ritmica-coppa-del-mondo-2024.html,Sport e attività fisica,"Via Giuseppe Di Vittorio, Pontesesto, Rozzano, Milano, Lombardia, 20072, Italia",45.3848731,9.1854672
Disco&Feste,21-06-24,2024-06-21,"Via Giovanni Battista Sammartini, 2, Milano, MI",Mercato Centrale Milano,Sento il mare dentro una bottiglia: Mercato Centrale Milano festeggia l’estate,https://www.milanotoday.it/eventi/estate-mare-mercato.html,Musica e vita notturna,"2, Via Giovanni Battista Sammartini, Centrale, Municipio 2, Milano, Lombardia, 20125, Italia",45.4906477,9.2074972
Spettacoli,22-06-24,2024-06-22,"Largo Metropolitana,4,20145, Rho, MI,Italia",Rho Fiera Milano - Area Concerti,PAUL KALKBRENNER,https://www.teatro.it/spettacoli/rho/rho-fiera-milano-area-concerti/2023-2024/paul-kalkbrenner,Teatro e spettacolo,"Largo Metropolitana, Mazzo, Rho, Milano, Lombardia, 20017, Italia",45.5188882,9.08657
,22-06-24,2024-06-22,"Piazza di Santa Maria delle Grazie, Milano, MI",Cenacolo Vinciano,Visita guidata al Cenacolo Vinciano,https://www.milanotoday.it/eventi/sabato-22-giugno-visita-guidata-al-cenacolo-vinciano.html,Non classificato,"Piazza Santa Maria delle Grazie, Magenta - San Vittore, Municipio 1, Milano, Lombardia, 20123, Italia",45.4662916,9.1704104
Spettacoli,22-06-24,2024-06-22,"Piazzale Angelo Moratti,20151, Milano, MI,Italia",Stadio San Siro,Palasport 2025,https://www.teatro.it/spettacoli/milano/stadio-san-siro/2023-2024/negramaro-stadi-2024,Teatro e spettacolo,"Piazzale Angelo Moratti, San Siro, Municipio 7, Milano, Lombardia, 20148, Italia",45.478178,9.1212742
,22-06-24,2024-06-22,"Piazza Sempione, Milano, MI",parco sempione,B In The Park in Parco Sempione,https://www.milanotoday.it/eventi/B-In-The-Park-Parco-Sempione.html,Non classificato,"Piazza Sempione, Parco Sempione, Municipio 1, Milano, Lombardia, Italia",45.4755976,9.1725451
,23-06-24,2024-06-22,"Piazza Sempione, Milano, MI",Arco della Pace,Milano Pride Sport Month 2024: un weekend di inclusione e divertimento,https://www.milanotoday.it/eventi/milano-pride-sport-month.html,Non classificato,"Piazza Sempione, Parco Sempione, Municipio 1, Milano, Lombardia, Italia",45.4755976,9.1725451
,23-06-24,2024-06-23,"Piazza Sempione, Milano, MI",Parco Sempione,Picnic al parco Sempione,https://www.milanotoday.it/eventi/picnic-a-parco-sempione.html,Non classificato,"Piazza Sempione, Parco Sempione, Municipio 1, Milano, Lombardia, Italia",45.4755976,9.1725451
,23-06-24,2024-06-23,"Via Emilio Morosini, 8, Milano, MI",Giardino delle culture,Vintage market,https://www.milanotoday.it/eventi/vintage-market-remira-market.html,Non classificato,"Via Emilio Morosini, XXII Marzo, Municipio 4, Milano, Lombardia, 20135, Italia",45.4579092,9.2103091
Spettacoli,23-06-24,2024-06-23,"Via Ciro Menotti 11,20129, Milano, MI,Italia",Menotti,Nuova Balera Pizzigoni,https://www.teatro.it/spettacoli/milano/menotti/2023-2024/nuova-balera-pizzigoni,Teatro e spettacolo,"11, Via Ciro Menotti, Buenos Aires - Venezia, Municipio 3, Milano, Lombardia, 20129, Italia",45.4699888,9.2132156
,23-06-24,2024-06-23,"Corso di Porta Ticinese, Milano, MI",Colonne di San Lorenzo,Eva nelle corti: il nuovo progetto per conoscere luoghi storici a passo di danza,https://www.milanotoday.it/eventi/eva-nelle-corti-il-nuovo-progetto-per-conoscere-luoghi-storici-a-passo-di-danza.html,Non classificato,"Corso di Porta Ticinese, Cerchia dei Navigli, Municipio 1, Milano, Lombardia, 20123, Italia",45.4597208,9.1812604
,23-06-24,2024-06-23,"Piazzale dello Sport, Milano, MI",Ippodromo di San Siro,"Musica, animazione, street food: domenica di festa all'Ippodromo",https://www.milanotoday.it/eventi/ippodromo-famiglie-23-giugno.html,Non classificato,"Piazzale dello Sport, San Siro, Municipio 7, Milano, Lombardia, 20148, Italia",45.4789681,9.130166
,25-06-24,2024-06-24,"Via Camillo Finocchiaro Aprile, 9a, Milano, MI",sequoia milano,Italia vs Croazia: aperitivo & maxischermo,https://www.milanotoday.it/eventi/italia-vs-croazia-aperitivo-maxischermo-tifo-italia-agli-europei.html,Non classificato,"9a, Via Camillo Finocchiaro Aprile, Centrale, Municipio 2, Milano, Lombardia, 20124, Italia",45.4784198,9.200376
,29-06-24,2024-06-24,"Piazza Leonardo da Vinci, 32, Milano, MI",Politecnico di Milano Campus Leonardo,Pride week: eventi al Politecnico di Milano,https://www.milanotoday.it/eventi/pride-week-eventi-al-politecnico-di-milano.html,Non classificato,"32, Piazza Leonardo da Vinci, Città Studi, Municipio 3, Milano, Lombardia, 20133, Italia",45.4778083,9.2272468
Spettacoli,25-06-24,2024-06-25,"Piazzale Angelo Moratti,20151, Milano, MI,Italia",Stadio San Siro,Tour 2025,https://www.teatro.it/spettacoli/milano/stadio-san-siro/2023-2024/sfera-ebbasta,Teatro e spettacolo,"Piazzale Angelo Moratti, San Siro, Municipio 7, Milano, Lombardia, 20148, Italia",45.478178,9.1212742
Spettacoli,25-06-24,2024-06-25,"via Granelli 1,20099, Sesto San Giovanni, MI,Italia",Carroponte,Michael The Show In Orchestra,https://www.teatro.it/spettacoli/sesto-san-giovanni/carroponte/2023-2024/wendel-gama-michael-the-show,Teatro e spettacolo,"Carroponte, 1, Via Luigi Granelli, Rondò, Torretta, Sesto San Giovanni, Zona Omogenea Milano Nord, Milano, Lombardia, 20099, Italia",45.529574,9.2209217
,25-06-24,2024-06-25,"Via Brera, 28a, Milano, MI",Atelier Crespi,Isabella Mandelli: workshop di acquerello e mostra personale,https://www.milanotoday.it/eventi/isabella-mandelli-workshop-di-acquerello-emostra-personale-tutto-a-milano-presso-crespi-atelier-il-25-giugno-isabella-mandelli.html,Non classificato,"DItta Cesare Crespi, 28a, Via Brera, Cerchia dei Navigli, Municipio 1, Milano, Lombardia, 20121, Italia",45.4723615,9.187615
,06-07-24,2024-06-25,"Via Santa Maria Valle, 2, Milano, MI",MA-EC Gallery,Visioni oniriche,https://www.milanotoday.it/eventi/visioni-oniriche.html,Non classificato,"Fondazione Alessandro Durini, 2, Via Santa Maria Valle, Cerchia dei Navigli, Municipio 1, Milano, Lombardia, 20123, Italia",45.4600544,9.1838916
Mostra,25-06-24,2024-06-25,"Via Vivaio, 7, Milano, MI",Istituto ciechi di Milano,“Il cammino dei ciechi della città di Ambrogio” | Presentazione libro,,Arte e cultura,"7, Via Vivaio, Guastalla, Municipio 1, Milano, Lombardia, 20122, Italia",45.4688805,9.203726
Manifestazioni,13-07-24,2024-06-26,"Via Fametta, 1, Milano, MI",Villa Arconati-FAR,"Arturo Brachetti, Vinicio Capossela (e tantissimi altri artisti) al Festival di Villa Arconati",https://www.milanotoday.it/eventi/festival-villa-arconati-2024.html,Altri eventi,"1, Via Fametta, Via Trento, Castellazzo, Bollate, Milano, Lombardia, 20021, Italia",45.556757,9.0958021
,04-07-24,2024-06-26,"Via Federico Confalonieri, 14, Milano, MI",Quartiere Isola,"Operazione isola, urban game",https://www.milanotoday.it/eventi/operazione-isola-urban-game-laboratorio-lapsus.html,Non classificato,"14, Via Federico Confalonieri, Isola, Municipio 9, Milano, Lombardia, 20124, Italia",45.4865703,9.1912614
,26-06-24,2024-06-26,"Via Vittorio Scialoia, 5, Milano, MI",Annunciazione,Jazz sotto le stelle,https://www.milanotoday.it/eventi/jazz-sotto-le-stelle-j-tales.html,Non classificato,"5, Via Vittorio Scialoia, Affori, Municipio 9, Milano, Lombardia, 20161, Italia",45.5120961,9.1785825
,27-06-24,2024-06-26,"Piazza dei Mercanti, 2, Milano, MI",Palazzo dei Giureconsulti,Ied avant défilé: la città di Milano è invitata a scoprire e votare la moda emergente,https://www.milanotoday.it/eventi/ied-avant-defile-la-citta-di-milano-e-invitata-a-scoprire-e-votare-la-moda-emergente-i-fashion-designer-del-futuro.html,Non classificato,"2, Piazza dei Mercanti, Duomo, Brera, Milano, Lombardia, 20123, Italia",45.4646697,9.1878971
,27-07-24,2024-06-26,"Via Enrico Caviglia, 3, Milano, MI",Istituto Italiano di Fotografia,Blank. La comunità lgbtqia+ attraverso cortometraggi e fotografia,https://www.milanotoday.it/eventi/blank-la-comunita-lgbtqia-attraverso-cortometraggi-e-fotografia.html,Non classificato,"CSDM, 3, Via Enrico Caviglia, Lodi - Corvetto, Municipio 4, Milano, Lombardia, 20139, Italia",45.4428538,9.2307904
Spettacoli,26-06-24,2024-06-26,"Via Fametta,1,2021 Bollate MI,Italia",Villa Arconati,Arturo racconta Brachetti,https://www.teatro.it/spettacoli/bollate/villa-arconati/2023-2024/arturo-brachetti-arturo-racconta-brachetti,Teatro e spettacolo,"1, Via Fametta, Via Trento, Castellazzo, Bollate, Milano, Lombardia, 20021, Italia",45.556757,9.0958021
Spettacoli,26-06-24,2024-06-26,"Via Riccardo Pitteri,60,20134, Milano, MI,Italia",Arena Milano Est,Maschio caucasico irrisolto,https://www.teatro.it/spettacoli/milano/arena-milano-est/2023-2024/antonio-ornano-maschio-caucasico-irrisolto,Teatro e spettacolo,"Via Riccardo Pitteri, Lambrate, Municipio 3, Milano, Lombardia, 20134, Italia",45.4796903,9.2454355
Spettacoli,26-06-24,2024-06-26,"Piazza Castello,20121, Milano, MI,Italia",Castello Sforzesco,L'Odissea e l'arte di essere mortali,https://www.teatro.it/spettacoli/milano/castello-sforzesco/2023-2024/alessandro-davenia-lodissea-e-larte-di-essere-mortali,Teatro e spettacolo,"Piazza Castello, Cerchia dei Navigli, Municipio 1, Milano, Lombardia, 20121, Italia",45.4710309,9.1814326
,30-11-24,2024-06-27,"Piazza Napoli, 22, Milano, MI",The Prism Core Center,The prism core center arricchisce la collezione artistica con i pocket portal,https://www.milanotoday.it/eventi/the-prism-core-center-in-piazza-napoli-22-arricchisce-la-collezione-artistica-con-i-pocket-portal.html,Non classificato,"22, Piazza Napoli, Lorenteggio, Municipio 6, Milano, Lombardia, 20146, Italia",45.4537969,9.1523093
,13-07-24,2024-06-27,"Viale Monza, 55, Milano, MI",Pisacane Arte,Invisible cities. Francesco Palvarini,https://www.milanotoday.it/eventi/invisible-cities-francesco-palvarini-francesco-palvarini.html,Non classificato,"55, Viale Monza, Loreto, Municipio 2, Milano, Lombardia, 20131, Italia",45.4922055,9.2183232
Concerti,27-06-24,2024-06-27,"Via San Giovanni sul Muro, 2, Milano, MI",Teatro dal Verme,Il concerto di Dardust a Milano (e dove acquistare i biglietti),https://www.milanotoday.it/eventi/concerto-dardust-teatro-dal-verme-biglietti.html,Musica e vita notturna,"2, Via San Giovanni sul Muro, Cerchia dei Navigli, Municipio 1, Milano, Lombardia, 20121, Italia",45.4671162,9.1814924
,27-06-24,2024-06-27,"Via Alfonso Capecelatro, 22, Milano, MI",Artemisia 5 pittrici,Arte i n studio,https://www.milanotoday.it/eventi/arte-i-n-studio-artemisia-cinque-artiste-francesca-bruni-rita-carelli-feri-renata-ferrari-pea-trolli-emanuela-volpe-e-l-artista-luisa-pineri.html,Non classificato,"Via Alfonso Capecelatro, San Siro, Municipio 7, Milano, Lombardia, 20148, Italia",45.4719317,9.1290115
Spettacoli,27-06-24,2024-06-27,"Piazza Castello,20121, Milano, MI,Italia",Castello Sforzesco,Sapralera dell’immagina! (più che unica unicona),https://www.teatro.it/spettacoli/milano/castello-sforzesco/2023-2024/alessandro-bergonzoni-sapralera-dellimmagina-piu-che-unica-unicona,Teatro e spettacolo,"Piazza Castello, Cerchia dei Navigli, Municipio 1, Milano, Lombardia, 20121, Italia",45.4710309,9.1814326
Incontri,27-06-24,2024-06-27,"Piazza Adriano Olivetti, 1, Milano, MI",STEP FuturAbility District,"'Tech, si gira!', il mondo tecnologico spiegato attraverso il cinema: a Milano la proiezione del film 'Ex Machina'",https://www.milanotoday.it/eventi/step-tech-si-gira-film-ex-machina.html,Formazione e networking,"Piazza Adriano Olivetti, Scalo Romana, Municipio 5, Milano, Lombardia, 20135, Italia",45.4431207,9.2043096
Spettacoli,27-06-24,2024-06-27,"Piazza Castello,20121, Milano, MI,Italia",Castello Sforzesco,Dalle stelle alle spalle,https://www.teatro.it/spettacoli/milano/castello-sforzesco/2023-2024/arianna-porcelli-safonov-dalle-stelle-alle-spalle,Teatro e spettacolo,"Piazza Castello, Cerchia dei Navigli, Municipio 1, Milano, Lombardia, 20121, Italia",45.4710309,9.1814326
Spettacoli,27-06-24,2024-06-27,"Via Castello,1,20025, Legnano, MI,Italia",Isola del Castello - Rugby sound,La bolla Tour,https://www.teatro.it/spettacoli/legnano/isola-del-castello-rugby-sound/2023-2024/subsonica-la-bolla-tour,Teatro e spettacolo,"Via Castello, Sant'Ambrogio, Legnano, Milano, Lombardia, 20025, Italia",45.58725,8.9210996
Spettacoli,27-06-24,2024-06-27,"Piazzale dello Sport,16,,20151, Milano, MI,Italia",Ippodromo di San Siro,DOJA CAT,https://www.teatro.it/spettacoli/milano/ippodromo-di-san-siro/2023-2024/doja-cat,Teatro e spettacolo,"Piazzale dello Sport, San Siro, Municipio 7, Milano, Lombardia, 20148, Italia",45.4804864,9.1258159
Manifestazioni,30-06-24,2024-06-28,"Piazza Antonio Gramsci, Milano, MI",Piazza Gramsci,Festival della carbonara - cucine romane,https://www.milanotoday.it/eventi/festival-della-carbonara-2024.html,Altri eventi,"Piazza Antonio Gramsci, Sarpi, Bullona, Municipio 8 di Milano, Milano, Lombardia, Italia",45.4816852,9.1686531
Cibo e Vino,30-06-24,2024-06-28,"Piazza della Libertà, Milano, MI",piazza Libertà,Le migliori birre artigianali (e tanta musica) al festival della birra di Cornaredo,https://www.milanotoday.it/eventi/festival-birra-cornaredo-giugno-2024.html,Enogastronomia,"Piazza della Libertà, Paullo, Milano, Lombardia, Italia",45.4170297,9.3977901
Cibo e Vino,30-06-24,2024-06-28,"Piazza Antonio Gramsci, Milano, MI",piazza Gramsci,Il festival della carbonara (e della cucina romana) in arrivo a Milano,https://www.milanotoday.it/eventi/festival-cucina-romana-cinisello-balsamo-giugno-2024.html,Enogastronomia,"Piazza Antonio Gramsci, Sarpi, Bullona, Municipio 8 di Milano, Milano, Lombardia, Italia",45.4816852,9.1686531
Cibo e Vino,30-06-24,2024-06-28,"Via Somalia, 13, Milano, MI",Contrada San Bernardino di Legnano,La sagra della Puglia a due passi da Milano,https://www.milanotoday.it/eventi/sagra-puglia-legnano-giugno-2024.html,Enogastronomia,"Via Somalia, San Paolo, Oltrestazione, Legnano, Milano, Lombardia, 20025, Italia",45.5849234,8.8937997
,28-06-24,2024-06-28,"Via Vittor Pisani, 15, Milano, MI",WeWork,Aperitivo Silicon Drinkabout Milano,https://www.milanotoday.it/eventi/aperitivo-silicon-drinkabout-milano.html,Non classificato,"WeWork, 15, Via Vittor Pisani, Centrale, Municipio 2, Milano, Lombardia, 20124, Italia",45.4826522,9.2005165
Spettacoli,28-06-24,2024-06-28,"Piazzale Angelo Moratti,20151, Milano, MI,Italia",Stadio San Siro,CLUB DOGO 2024,https://www.teatro.it/spettacoli/milano/stadio-san-siro/2023-2024/club-dogo-2024,Teatro e spettacolo,"Piazzale Angelo Moratti, San Siro, Municipio 7, Milano, Lombardia, 20148, Italia",45.478178,9.1212742
Cibo e Vino,30-06-24,2024-06-28,"Via Bruno Buozzi, Milano, MI",,Il festival della birra a due passi da Milano,https://www.milanotoday.it/eventi/festival-birra-settimo-milanese.html,Enogastronomia,"Via Bruno Buozzi, Cascine Olona, Vighignolo, Settimo Milanese, Milano, Lombardia, 20019, Italia",45.4836988,9.0545404
Incontri,02-07-24,2024-06-28,"Via Marcello Malpighi, 7, Milano, MI",Gelateria Out of The Box,Gelato gratis a Milano ispirato alle grandi serie Disney+: ecco quando e dove,https://www.milanotoday.it/eventi/gelato-gratis-milano-via-malpighi.html,Formazione e networking,"Out-of-the-box, 7, Via Marcello Malpighi, Buenos Aires - Venezia, Municipio 3, Milano, Lombardia, 20129, Italia",45.4747998,9.20744
Incontri,31-12-24,2024-06-28,"Piazza Castello, Milano, MI",Castello Sforzesco,La salita alle Merlate Panoramiche del Castello Sforzesco,https://www.milanotoday.it/eventi/salita-terrazze-castello-sforzesco.html,Formazione e networking,"Piazza Castello, Cerchia dei Navigli, Municipio 1, Milano, Lombardia, Italia",45.4704699,9.1819129
,29-06-24,2024-06-28,"Via Leone Tolstoi, 14a, Milano, MI",Trillino Selvaggio,Prima che faccia notte,https://www.milanotoday.it/eventi/prima-che-faccia-notte-collettivo-ntafe.html,Non classificato,"14a, Via Leone Tolstoi, Lorenteggio, Municipio 6, Milano, Lombardia, 20146, Italia",45.4520933,9.1513835
,29-06-24,2024-06-28,"Viale Molise, 62, Milano, MI",Ex Macello,Gin & tonic festival: la prima edizione a Milano all'ex macello,https://www.milanotoday.it/eventi/gin-tonic-festival-la-prima-edizione-a-milano-all-ex-macello-il-28-e-29-giugno.html,Non classificato,"Viale Molise, Ortomercato, Municipio 4, Milano, Lombardia, 20130, Italia",45.452308,9.2241311
Sport,02-07-24,2024-06-29,"Via Bianca Milesi, 2, Milano, MI",Parco delle Cave,"Urban Dance Festival, oltre 30 eventi gratuiti nelle periferie di Milano",https://www.milanotoday.it/eventi/urban-dance-festival-2024.html,Sport e attività fisica,"2, Via Bianca Milesi, La Viridiana, Forze Armate, Municipio 7, Milano, Lombardia, 20152, Italia",45.4598936,9.1032618
Spettacoli,29-06-24,2024-06-29,"Via Castello,1,20025, Legnano, MI,Italia",Isola del Castello - Rugby sound,Voglio Tornare Negli Anni 90,https://www.teatro.it/spettacoli/legnano/isola-del-castello-rugby-sound/2023-2024/voglio-tornare-negli-anni-90,Teatro e spettacolo,"Via Castello, Sant'Ambrogio, Legnano, Milano, Lombardia, 20025, Italia",45.58725,8.9210996
,29-06-24,2024-06-29,"Piazza del Carmine, 2, Milano, MI",Davanti alla chiesa del Carmine,Intrighi al Castello Sforzesco: i Visconti e gli Sforza tra lussi sfrenati e vita quotidiana,https://www.milanotoday.it/eventi/intrighi-al-castello-sforzesco-i-visconti-e-gli-sforza-tra-lussi-sfrenati-e-vita-quotidiana-italia-in-tour.html,Non classificato,"2, Piazza del Carmine, Brera, Milano, Lombardia, 20121, Italia",45.4705766,9.1854554
,29-06-24,2024-06-29,"Via Strada Statale 35 dei Giovi, Milano, MI",Centro Commerciale Brianza,Tour meet&greet con il cast della serie “Mare fuori”,https://www.milanotoday.it/eventi/tour-meet-greet-con-il-cast-della-serie-rai-mare-fuori-alessandro-orrei-e-giovanna-sannino.html,Non classificato,"Via Strada Statale 35 dei Giovi, Battiloca, Dugnano, Paderno Dugnano, Zona Omogenea Milano Nord, Milano, Lombardia, 20037, Italia",45.5662182,9.1498335
,30-06-24,2024-06-29,"Via Messina, 38, Milano, MI",Grace Club,Maxischermo per Italia-Svizzera,https://www.milanotoday.it/eventi/maxischermo-per-italia-svizzera-al-grace-club-di-via-messina.html,Non classificato,"38, Via Messina, Bullona, Porta Volta, Municipio 8 di Milano, Milano, Lombardia, 20154, Italia",45.4864778,9.17334
Concerti,30-06-24,2024-06-29,"Via Diomede, 1, Milano, MI",Ippodromo Snai San Siro,Il doppio concerto di Tedua agli I-Days 2024,https://www.milanotoday.it/eventi/concerto-tedua-i-days-2024.html,Musica e vita notturna,"Via Diomede, Qt 8, QT8, Municipio 8 di Milano, Milano, Lombardia, 20148, Italia",45.4830537,9.136596
,29-06-24,2024-06-29,"Via Antonio Gramsci, 34, Milano, MI",milanop,"La libellula ti fa bella, autotrucco",https://www.milanotoday.it/eventi/la-libellula-ti-fa-bella-autotrucco-alessandra.html,Non classificato,"34, Via Antonio Gramsci, Cantun Sciatin, Bollate, Milano, Lombardia, 20021, Italia",45.5424323,9.1221034
,30-06-24,2024-06-29,"Viale Luigi Camoens, Milano, MI",JustMe,La notte rosa in parco Sempione: aperitivo e party al JustMe,https://www.milanotoday.it/eventi/la-notte-rosa-in-parco-sempione-aperitivo-e-party-al-justme.html,Non classificato,"Viale Luigi Camoens, Parco Sempione, Municipio 1, Milano, Lombardia, 20154, Italia",45.4729814,9.1728556
,29-06-24,2024-06-29,"Piazza Castello, Milano, MI",Ingresso principale Castello Sforzesco,Storia e curiosità all'ombra del Castello Sforzesco,https://www.milanotoday.it/eventi/storia-e-curiosita-all-ombra-del-castello-sforzesco-italia-in-tour.html,Non classificato,"Piazza Castello, Cerchia dei Navigli, Municipio 1, Milano, Lombardia, Italia",45.4704699,9.1819129
,29-06-24,2024-06-29,"Via Cesare Balbo, 36, Milano, MI",Zinc Bar,The sfaren night,https://www.milanotoday.it/eventi/the-sfaren-night-julius-van-der-sfaren.html,Non classificato,"Via Cesare Balbo, Vigentina, Municipio 5, Milano, Lombardia, 20136, Italia",45.4472584,9.1960246
,29-06-24,2024-06-29,"Piazza Castello, Milano, MI",Davanti all'entrata principale del Castello Sforzesco,I visconti e la nascita dei tarocchi: significati e labirinti degli arcani maggiori,https://www.milanotoday.it/eventi/i-visconti-e-la-nascita-dei-tarocchi-significati-e-l_abirinti-degli-arcani-maggiori-italia-in-tour.html,Non classificato,"Piazza Castello, Cerchia dei Navigli, Municipio 1, Milano, Lombardia, Italia",45.4704699,9.1819129
Disco&Feste,29-06-24,2024-06-29,"Via Giovanni Battista Sammartini, 2, Milano, MI",Mercato Centrale Milano (Spazio Fare; Bottega i fiori e le piante; Scala Storica),"Be Proud, Be Queer! Il Pride arriva al Mercato Centrale Milano",https://www.milanotoday.it/eventi/pride-mercato-centrale.html,Musica e vita notturna,"2, Via Giovanni Battista Sammartini, Centrale, Municipio 2, Milano, Lombardia, 20125, Italia",45.4906477,9.2074972
,29-06-24,2024-06-29,"Via Ciro Menotti, 11, Milano, MI",Teatro Menotti,"Le parole delle madri. Voci, sussurri, grida",https://www.milanotoday.it/eventi/le-parole-delle-madri-voci-sussurri-grida.html,Non classificato,"11, Via Ciro Menotti, Buenos Aires - Venezia, Municipio 3, Milano, Lombardia, 20129, Italia",45.4699888,9.2132156
Concerti,29-06-24,2024-06-29,"Via Cesare Lombroso, Milano, MI",Mercato Agroalimentare di Milano,"Il concerto all'Ortomercato con gli ""strumenti del mare""",https://www.milanotoday.it/eventi/concerto-strumenti-mare-ortomercato.html,Musica e vita notturna,"Via Cesare Lombroso, Ortomercato, Municipio 4, Milano, Lombardia, 20130, Italia",45.4561736,9.2240956
Disco&Feste,29-06-24,2024-06-29,"Via Cesare Battisti, Milano, MI",Ruzza Orologi,"""Ruzza watch day"": il mega evento nel negozio di Lorenzo Ruzza, orologi gratis",https://www.milanotoday.it/eventi/ruzza-regala-orologi.html,Musica e vita notturna,"Via Cesare Battisti, Cascine Olona, Vighignolo, Settimo Milanese, Milano, Lombardia, 20019, Italia",45.4869779,9.0543943
Spettacoli,30-06-24,2024-06-30,"Via Rovello 2,20121, Milano, MI,Italia",Piccolo Teatro - Teatro Grassi,La tempesta,https://www.teatro.it/spettacoli/milano/piccolo-teatro-teatro-grassi/2023-2024/la-tempesta,Teatro e spettacolo,"2, Via Rovello, Brera, Milano, Lombardia, 20121, Italia",45.4665188,9.1847651
,30-06-24,2024-06-30,"Viale Molise, 62, Milano, MI",Ex Macello,Milano open air all'ex macello,https://www.milanotoday.it/eventi/milano-open-air-all-ex-macelllo.html,Non classificato,"Viale Molise, Ortomercato, Municipio 4, Milano, Lombardia, 20130, Italia",45.452308,9.2241311
Spettacoli,30-06-24,2024-06-30,"Piazzale dello Sport,16,,20151, Milano, MI,Italia",Ippodromo di San Siro,Il Paradiso Tour,https://www.teatro.it/spettacoli/milano/ippodromo-di-san-siro/2023-2024/tedua-la-divina-commedia-tour,Teatro e spettacolo,"Piazzale dello Sport, San Siro, Municipio 7, Milano, Lombardia, 20148, Italia",45.4804864,9.1258159
Concerti,02-07-24,2024-06-30,"Piazzale Angelo Moratti, Milano, MI",Stadio San Siro,"""Max Forever"", il grande ritorno di Max Pezzali a Milano",https://www.milanotoday.it/eventi/concerto-max-pezzali-stadio-san-siro-2024.html,Musica e vita notturna,"Piazzale Angelo Moratti, San Siro, Municipio 7, Milano, Lombardia, 20148, Italia",45.478178,9.1212742
Spettacoli,30-06-24,2024-06-30,"Via Castello,1,20025, Legnano, MI,Italia",Isola del Castello - Rugby sound,Die Antwoord,https://www.teatro.it/spettacoli/legnano/isola-del-castello-rugby-sound/2023-2024/die-antwoord,Teatro e spettacolo,"Via Castello, Sant'Ambrogio, Legnano, Milano, Lombardia, 20025, Italia",45.58725,8.9210996
Spettacoli,01-07-24,2024-07-01,"Via Fametta,1,2021 Bollate MI,Italia",Villa Arconati,Tredici Canzoni Urgenti,https://www.teatro.it/spettacoli/bollate/villa-arconati/2023-2024/vinicio-capossela-tredici-canzoni-urgenti,Teatro e spettacolo,"1, Via Fametta, Via Trento, Castellazzo, Bollate, Milano, Lombardia, 20021, Italia",45.556757,9.0958021
Spettacoli,01-07-24,2024-07-01,"Via Castello,1,20025, Legnano, MI,Italia",Isola del Castello - Rugby sound,PLACEBO,https://www.teatro.it/spettacoli/legnano/isola-del-castello-rugby-sound/2023-2024/placebo,Teatro e spettacolo,"Via Castello, Sant'Ambrogio, Legnano, Milano, Lombardia, 20025, Italia",45.58725,8.9210996
Cinema,01-09-24,2024-07-01,"Piazza dei Mercanti, Milano, MI",Piazza Mercanti,"Le Sere dei Mercanti 2024, cinema e musica all'aperto nel cuore di Milano",https://www.milanotoday.it/eventi/film-cinema-aperto-piazza-dei-mercanti.html,Arte e cultura,"Piazza dei Mercanti, Duomo, Municipio 1, Milano, Lombardia, 20121, Italia",45.4646599,9.1876261
,07-07-24,2024-07-01,"Largo Vittorio Veneto, Milano, MI",Villa Litta,Torna il festival internazionale di cortometraggi a Villa Litta,https://www.milanotoday.it/eventi/festival-cortometraggi-lainate-2024.html,Non classificato,"Largo Vittorio Veneto, Lainate, Milano, Lombardia, 20045, Italia",45.5708188,9.0258134
Spettacoli,02-07-24,2024-07-02,"Piazzale Angelo Moratti,20151, Milano, MI,Italia",Stadio San Siro,Max Forever (Hits Only),https://www.teatro.it/spettacoli/milano/stadio-san-siro/2023-2024/max-pezzali-max-forever-hits-only,Teatro e spettacolo,"Piazzale Angelo Moratti, San Siro, Municipio 7, Milano, Lombardia, 20148, Italia",45.478178,9.1212742
,02-07-24,2024-07-02,"Via Giulio Cesare Procaccini, 4, Milano, MI",AriAnteo Fabbrica del Vapore,Anteprima La Singla di Paloma Zapata,https://www.milanotoday.it/eventi/anteprima-la-singla-di-paloma-zapata-esibizione-di-flamenco-prima-della-proiezione-antonia-singla.html,Non classificato,"4, Via Giulio Cesare Procaccini, Bullona, Porta Volta, Municipio 8 di Milano, Milano, Lombardia, 20154, Italia",45.4839945,9.1753796
Spettacoli,02-07-24,2024-07-02,"Via Fametta,1,2021 Bollate MI,Italia",Villa Arconati,Crêuza de Mä - Tour 2024,https://www.teatro.it/spettacoli/bollate/villa-arconati/2023-2024/mauro-pagani-creuza-de-ma-tour-2024,Teatro e spettacolo,"1, Via Fametta, Via Trento, Castellazzo, Bollate, Milano, Lombardia, 20021, Italia",45.556757,9.0958021
Spettacoli,02-07-24,2024-07-02,"Via Filodrammatici 2,20121, Milano, MI,Italia",Teatro Alla Scala,Werther,https://www.teatro.it/spettacoli/milano/teatro-alla-scala/2023-2024/werther-teatro-alla-scala,Teatro e spettacolo,"2, Via Filodrammatici, Brera, Milano, Lombardia, 20121, Italia",45.4676198,9.1884287
,02-07-24,2024-07-02,"Via San Giovanni sul Muro, 2, Milano, MI",Teatro Dal Verme,Worm up! festival: Sofiane Pamart,https://www.milanotoday.it/eventi/worm-up-festival-sofiane-pamart.html,Non classificato,"2, Via San Giovanni sul Muro, Cerchia dei Navigli, Municipio 1, Milano, Lombardia, 20121, Italia",45.4671162,9.1814924
,03-07-24,2024-07-03,"Via Adige, 10, Milano, MI",Dissonanze Record Store,Presentazione Split The Jasons/Rabones,https://www.milanotoday.it/eventi/presentazione-split-the-jasons-rabones-live-acustico-the-jasons-free-entry-the-jasons-e-ratbones.html,Non classificato,"10, Via Adige, Porta Romana, Municipio 5, Milano, Lombardia, 20135, Italia",45.4483326,9.2050601
Incontri,30-09-24,2024-07-03,"Via Rodolfo Margaria, Milano, MI",MuBAJ - Museo Botanico Aurelia Josz,"Le aperture estive straordinarie del MuBAJ, Museo Botanico Aurelia Josz",https://www.milanotoday.it/eventi/aperture-estive-mubaj-museo-botanico-aurelia-josz.html,Formazione e networking,"Via Rodolfo Margaria, Niguarda - Cà Granda, Municipio 9, Milano, Lombardia, 20162, Italia",45.5070825,9.1848235
Spettacoli,03-07-24,2024-07-03,"Via Castello,1,20025, Legnano, MI,Italia",Isola del Castello - Rugby sound,Lovebars Estate 2024,https://www.teatro.it/spettacoli/legnano/isola-del-castello-rugby-sound/2023-2024/coez-frah-quintale-lovebars,Teatro e spettacolo,"Via Castello, Sant'Ambrogio, Legnano, Milano, Lombardia, 20025, Italia",45.58725,8.9210996
,03-07-24,2024-07-03,"Via San Giovanni sul Muro, 2, Milano, MI",Teatro Dal Verme,Worm up! festival: Rhiannon Giddens e Micah P. Hinson,https://www.milanotoday.it/eventi/worm-up-festival-rhiannon-giddens.html,Non classificato,"2, Via San Giovanni sul Muro, Cerchia dei Navigli, Municipio 1, Milano, Lombardia, 20121, Italia",45.4671162,9.1814924
,28-07-24,2024-07-04,"Piazza Borromeo, 10, Milano, MI",B10 Artroom,Millimetri (sensazioni di cose minime),https://www.milanotoday.it/eventi/millimetri-sensazioni-di-cose-minime-giuseppe-sciortino-a-cura-di-alberto-navilli-giuseppe-sciortino.html,Non classificato,"10, Piazza Borromeo, Cerchia dei Navigli, Municipio 1, Milano, Lombardia, 20123, Italia",45.4636345,9.182509
,31-07-24,2024-07-04,"Via Evangelista Torricelli, 21, Milano, MI",Corals,The essence of play,https://www.milanotoday.it/eventi/the-essence-of-play-luca-balottin-federico-pisciotta-salvatore-petrucino-rivagldf.html,Non classificato,"21, Via Evangelista Torricelli, Ravello, Parabiago, Milano, Lombardia, 20015, Italia",45.5574246,8.9394696
Sport,07-07-24,2024-07-04,"Via Giuseppe di Vittorio, 6, Milano, MI",Unipol Forum di Assago,A Milano i mondiali di Kendo (e dove vederli),https://www.milanotoday.it/eventi/gare-sport-mondiali-kendo-2024.html,Sport e attività fisica,"6, Via Giuseppe Di Vittorio, Foramagno, Mezzate, Peschiera Borromeo, Milano, Lombardia, 20068, Italia",45.4355184,9.2889768
Concerti,04-07-24,2024-07-04,"Piazzale Angelo Moratti, Milano, MI",Stadio San Siro,Zucchero arriva a San Siro. Dove acquistare i biglietti del concerto,https://www.milanotoday.it/eventi/concerto-zucchero-san-siro-2023.html,Musica e vita notturna,"Piazzale Angelo Moratti, San Siro, Municipio 7, Milano, Lombardia, 20148, Italia",45.478178,9.1212742
,04-07-24,2024-07-04,"Via San Giovanni sul Muro, 2, Milano, MI",Teatro Dal Verme,Worm up! festival: Tangerine Dream,https://www.milanotoday.it/eventi/worm-up-festival-tangerine-dream.html,Non classificato,"2, Via San Giovanni sul Muro, Cerchia dei Navigli, Municipio 1, Milano, Lombardia, 20121, Italia",45.4671162,9.1814924
Spettacoli,04-07-24,2024-07-04,"Piazzale Angelo Moratti,20151, Milano, MI,Italia",Stadio San Siro,Overdose D'Amore World Tour,https://www.teatro.it/spettacoli/milano/stadio-san-siro/2023-2024/zucchero-overdose-damore-world-tour-2024,Teatro e spettacolo,"Piazzale Angelo Moratti, San Siro, Municipio 7, Milano, Lombardia, 20148, Italia",45.478178,9.1212742
Disco&Feste,07-07-24,2024-07-04,"Viale Molise, 62, Milano, MI",Ex Macello,Macello! Il festival di inizio estate tra musica e vintage,https://www.milanotoday.it/eventi/festival-musica-ex-macello-luglio-2024.html,Musica e vita notturna,"Viale Molise, Ortomercato, Municipio 4, Milano, Lombardia, 20130, Italia",45.452308,9.2241311
,25-07-24,2024-07-04,"Corso Lodi, 12, Milano, MI",Barmare,Barmare jazz night,https://www.milanotoday.it/eventi/barmare-jazz-night.html,Non classificato,"12, Corso Lodi, Porta Romana, Municipio 5, Milano, Lombardia, 20135, Italia",45.4503337,9.204958
,04-07-24,2024-07-04,"Via Francesco Soave, 3, Milano, MI",Magazzino Musica,"Fabrizio De Andrè, il canzoniere. Presentazione in musica",https://www.milanotoday.it/eventi/fabrizio-de-andre-il-canzoniere-presentazione-in-musica-fabrizio-de-andre.html,Non classificato,"Via Francesco Soave, Vigentina, Municipio 5, Milano, Lombardia, 20136, Italia",45.4476676,9.1971677
,04-07-24,2024-07-04,"Via Gustavo Fara, 41, Milano, MI",INNSiDE Milano Torre GalFa,Centrale district con Avis Milano: giornata di donazioni,https://www.milanotoday.it/eventi/centrale-district-con-avis-milano-il-4-luglio-giornata-di-donazioni-all-innside-milano-torre-galfa.html,Non classificato,"Innside Milano Torre Galfa, 41, Via Gustavo Fara, GARIBALDI REPUBBLICA, Municipio 9, Milano, Lombardia, 20124, Italia",45.4863833,9.1988267
Spettacoli,04-07-24,2024-07-04,"Via Castello,1,20025, Legnano, MI,Italia",Isola del Castello - Rugby sound,Le cose cambiano Tour,https://www.teatro.it/spettacoli/legnano/isola-del-castello-rugby-sound/2023-2024/massimo-pericolo-le-cose-cambiano-tour,Teatro e spettacolo,"Via Castello, Sant'Ambrogio, Legnano, Milano, Lombardia, 20025, Italia",45.58725,8.9210996
,06-07-24,2024-07-05,"Via Bassano Porrone, 8, Milano, MI",Desco,Nazareno Noia and Friends: The Island of Love,https://www.milanotoday.it/eventi/nazareno-noia-and-friends-the-island-of-love-nazareno-noia.html,Non classificato,"Desco, 8, Via Bassano Porrone, Brera, Municipio 1, Milano, Lombardia, 20121, Italia",45.4661559,9.1867017
Disco&Feste,06-07-24,2024-07-05,"Viale Luigi Camoens, 2, Milano, MI",Just Me,La Notte Rosa arriva a Milano (e si balla fino all'alba),https://www.milanotoday.it/eventi/notte-rosa-luglio-2024-just-me.html,Musica e vita notturna,"Viale Luigi Camoens, Parco Sempione, Municipio 1, Milano, Lombardia, 20154, Italia",45.4729814,9.1728556
,07-07-24,2024-07-05,"Viale Luigi Camoens, Milano, MI",Terrazza JustMe Milano,La notte rosa a Milano: aperitivo e party al JustMe,https://www.milanotoday.it/eventi/la-notte-rosa-ufficiale-a-milano-aperitivo-e-party-al-justme.html,Non classificato,"Viale Luigi Camoens, Parco Sempione, Municipio 1, Milano, Lombardia, 20154, Italia",45.4729814,9.1728556
Incontri,08-09-24,2024-07-05,"Via Giuseppe Eugenio Luraghi, 11, Milano, MI",Il Centro,"""Il villaggio degli elfi in vacanza"" al Centro di Arese",https://www.milanotoday.it/eventi/villaggio-degli-elfi-centro-commerciale-arese.html,Formazione e networking,"Via Maestra, 11, Viale Giuseppe Eugenio Luraghi, Valera, Arese, Milano, Lombardia, 20044, Italia",45.5638918,9.0510987
,01-09-24,2024-07-06,"Via Pontida, 1, Milano, MI",Monastero di Cairate,Manigunda semiotica: dialogo tra arte e semiotica,https://www.milanotoday.it/eventi/manigunda-semiotica-monastero-di-cairate-dialogo-tra-arte-e-semiotica-alex-papavassiliou.html,Non classificato,"1, Via Pontida, Brera, Municipio 1, Milano, Lombardia, 20100, Italia",45.4797054,9.182893
Promozioni,03-09-24,2024-07-06,"Strada Statale dei Giovi, 35, Milano, MI",Centro Commerciale Brianza,Shopping mania: arrivano vantaggiosi saldi estivi a Milano e Brianza,https://www.milanotoday.it/eventi/saldi-estivi-brianza.html,Mercati e shopping,"Via Strada Statale 35 dei Giovi, Battiloca, Dugnano, Paderno Dugnano, Zona Omogenea Milano Nord, Milano, Lombardia, 20037, Italia",45.5620334,9.1513296
,06-07-24,2024-07-06,"Via San Giovanni sul Muro, 2, Milano, MI",Teatro Dal Verme,Worm up! festival: Carla Bruni,https://www.milanotoday.it/eventi/worm-up-festival-carla-bruni.html,Non classificato,"2, Via San Giovanni sul Muro, Cerchia dei Navigli, Municipio 1, Milano, Lombardia, 20121, Italia",45.4671162,9.1814924
,07-07-24,2024-07-06,"Piazza del Duomo, Milano, MI",Villaggio Partenza,Bike night Milano-lago 2024,https://www.milanotoday.it/eventi/bike-night-milano-lago-2024-witoor.html,Non classificato,"Piazza del Duomo, Duomo, Municipio 1, Milano, Lombardia, Italia",45.4639102,9.1906398
,07-07-24,2024-07-06,"Viale Emilio Alemagna, 6, Milano, MI",Triennale,Basta does triennale,https://www.milanotoday.it/eventi/basta-does-triennale-coca-puma-studio-murena-goedi-lobo.html,Non classificato,"Triennale Design Museum, 6, Viale Emilio Alemagna, Parco Sempione, Municipio 1, Milano, Lombardia, 20121, Italia",45.4721477,9.1734894
Incontri,07-07-24,2024-07-06,"Viale Emilio Alemagna, 6, Milano, MI",Triennale,"Triennale Playground, attività e giochi per bambini e famiglie",https://www.milanotoday.it/eventi/triennale-playground-giochi-bambini.html,Formazione e networking,"Triennale Design Museum, 6, Viale Emilio Alemagna, Parco Sempione, Municipio 1, Milano, Lombardia, 20121, Italia",45.4721477,9.1734894
Spettacoli,06-07-24,2024-07-06,"Largo Metropolitana,4,20145, Rho, MI,Italia",Rho Fiera Milano - Area Concerti,Live 2025,https://www.teatro.it/spettacoli/rho/rho-fiera-milano-area-concerti/2023-2024/geolier,Teatro e spettacolo,"Largo Metropolitana, Mazzo, Rho, Milano, Lombardia, 20017, Italia",45.5188882,9.08657
Spettacoli,06-07-24,2024-07-06,"Piazza Castello,20121, Milano, MI,Italia",Castello Sforzesco,Treves blues band,https://www.teatro.it/spettacoli/milano/castello-sforzesco/2023-2024/treves-blues-band,Teatro e spettacolo,"Piazza Castello, Cerchia dei Navigli, Municipio 1, Milano, Lombardia, 20121, Italia",45.4710309,9.1814326
Mostre,07-07-24,2024-07-07,Milano,Milano,"Domenica al Museo, quali sono i musei gratis a Milano",https://www.milanotoday.it/eventi/domenica-al-museo-luglio-2024-musei-gratis-milano.html,Arte e cultura,"Milano, Lombardia, Italia",45.4641943,9.1896346
Spettacoli,07-07-24,2024-07-07,"Piazzale dello Sport,16,,20151, Milano, MI,Italia",Ippodromo di San Siro,QUEENS OF THE STONE AGE,https://www.teatro.it/spettacoli/milano/ippodromo-di-san-siro/2023-2024/queens-of-the-stone-age,Teatro e spettacolo,"Piazzale dello Sport, San Siro, Municipio 7, Milano, Lombardia, 20148, Italia",45.4804864,9.1258159
Spettacoli,07-07-24,2024-07-07,"Via Castello,1,20025, Legnano, MI,Italia",Isola del Castello - Rugby sound,CRISTINA D'AVENA feat. Gem Boy,https://www.teatro.it/spettacoli/legnano/isola-del-castello-rugby-sound/2023-2024/cristina-davena-cristina-davena-feat-gem-boy,Teatro e spettacolo,"Via Castello, Sant'Ambrogio, Legnano, Milano, Lombardia, 20025, Italia",45.58725,8.9210996
Teatri,07-07-24,2024-07-07,"Piazza Castello, Milano, MI","Castello Sforzesco, Cortile delle Armi",Lo spettacolo del Piccolo Principe nel cuore di Milano,https://www.milanotoday.it/eventi/spettacolo-piccolo-principe-castello-sforzesco.html,Teatro e spettacolo,"Piazza Castello, Cerchia dei Navigli, Municipio 1, Milano, Lombardia, Italia",45.4704699,9.1819129
Concerti,07-07-24,2024-07-07,"Piazza della Scala, 2, Milano, MI","Palazzo Marino, Sala Alessi","Palazzo Marino in Musica, il concerto gratis",https://www.milanotoday.it/eventi/palazzo-marino-in-musica-il-concerto-gratis.html,Musica e vita notturna,"2, Piazza della Scala, Duomo, Brera, Milano, Lombardia, 20121, Italia",45.4666807,9.1902798
,07-07-24,2024-07-07,"Via Bressanone, 8, Milano, MI",Cler Milano,Rebus s(o)unday delight,https://www.milanotoday.it/eventi/rebus-s-o-unday-delight-at-cler-milano-domenica-7-07-damia.html,Non classificato,"Via Bressanone, Maggiore - Musocco, Garegnano, Municipio 8 di Milano, Milano, Lombardia, 20156, Italia",45.4985313,9.1292174
Incontri,07-07-24,2024-07-07,"Piazza Città di Lombardia, 1, Milano, MI",Palazzo Lombardia,Milano vista da 161 metri di altezza: quando salire al 39° piano di Palazzo Lombardia,https://www.milanotoday.it/eventi/visita-belvedere-palazzo-lombardia.html,Formazione e networking,"1, Piazza Città di Lombardia, GARIBALDI REPUBBLICA, Municipio 9, Milano, Lombardia, 20124, Italia",45.4869021,9.1957701
Convegno/conferenza,08-07-24,2024-07-08,"via Brera, 28, Milano, MI",Pinacoteca di Brera,Aspettando la Grande Brera,,Formazione e networking,"Istituto Nazionale di Astrofisica – Osservatorio astronomico di Brera, 28, Via Brera, Cerchia dei Navigli, Municipio 1, Milano, Lombardia, 20121, Italia",45.4715946,9.1889707
,08-07-24,2024-07-08,"Via San Giovanni sul Muro, 2, Milano, MI",Teatro Dal Verme,Worm up! festival: Hania Rani,https://www.milanotoday.it/eventi/worm-up-festival-hania-rani.html,Non classificato,"2, Via San Giovanni sul Muro, Cerchia dei Navigli, Municipio 1, Milano, Lombardia, 20121, Italia",45.4671162,9.1814924
Spettacoli,08-07-24,2024-07-08,"Via Fametta,1,2021 Bollate MI,Italia",Villa Arconati,Jack Savoretti - Tour 2024,https://www.teatro.it/spettacoli/bollate/villa-arconati/2023-2024/jack-savoretti-jack-savoretti-tour-2024,Teatro e spettacolo,"1, Via Fametta, Via Trento, Castellazzo, Bollate, Milano, Lombardia, 20021, Italia",45.556757,9.0958021
Mostre,15-09-24,2024-07-08,"Via Borromei, 41, Milano, MI","Palazzo Arese, Cesano Maderno","""Linus: tutti i numeri dal 1965 al 2024"", la storia del fumetto in mostra",https://www.milanotoday.it/eventi/mostra-fumetto-linus-cesano-maderno.html,Arte e cultura,"Via Borromei, Cerchia dei Navigli, Municipio 1, Milano, Lombardia, 20123, Italia",45.4640673,9.1819601
Spettacoli,09-07-24,2024-07-09,"Piazzale dello Sport,16,,20151, Milano, MI,Italia",Ippodromo di San Siro,SUM 41 - AVRIL LAVIGNE,https://www.teatro.it/spettacoli/milano/ippodromo-di-san-siro/2023-2024/sum-41-avril-lavigne,Teatro e spettacolo,"Piazzale dello Sport, San Siro, Municipio 7, Milano, Lombardia, 20148, Italia",45.4804864,9.1258159
,10-08-24,2024-07-10,"Via Santa Maria Valle, 2, Milano, MI",MA-EC Gallery,Only blue and green. Mostra personale di Qian Wu,https://www.milanotoday.it/eventi/only-blue-and-green-mostra-personale-di-qian-wu-alla-ma-ec-gallery-qian-wu.html,Non classificato,"Fondazione Alessandro Durini, 2, Via Santa Maria Valle, Cerchia dei Navigli, Municipio 1, Milano, Lombardia, 20123, Italia",45.4600544,9.1838916
,10-07-24,2024-07-10,"Via San Giovanni sul Muro, 2, Milano, MI",Teatro Dal Verme,Worm up! festival: Kokoroko e Matteo Mancuso,https://www.milanotoday.it/eventi/worm-up-festival-kokoroko.html,Non classificato,"2, Via San Giovanni sul Muro, Cerchia dei Navigli, Municipio 1, Milano, Lombardia, 20121, Italia",45.4671162,9.1814924
Spettacoli,10-07-24,2024-07-10,"Via Fametta,1,2021 Bollate MI,Italia",Villa Arconati,Edoardo Bennato,https://www.teatro.it/spettacoli/bollate/villa-arconati/2023-2024/edoardo-bennato,Teatro e spettacolo,"1, Via Fametta, Via Trento, Castellazzo, Bollate, Milano, Lombardia, 20021, Italia",45.556757,9.0958021
,10-07-24,2024-07-10,"SS494, 4, Milano, MI",La Bettolina,La corte jazz,https://www.milanotoday.it/eventi/la-bettolina-a-luglio-nuovi-appuntamenti-la-corte-jazz-serate-dedicate-al-jazz-new-york-connection-duo.html,Non classificato,"4, Strada Statale 494 Vigevanese, Bettolina, Cascina Carbonizza, San Vito, Gaggiano, Unione dei Comuni I Fontanili, Milano, Lombardia, 20083, Italia",45.4052116,9.0118461
,11-07-24,2024-07-11,"Piazzale dello Sport, 14, Milano, MI",Aria Club,Aria club - 1 two,https://www.milanotoday.it/eventi/aria-club-1-two-dj.html,Non classificato,"Piazzale dello Sport, San Siro, Municipio 7, Milano, Lombardia, 20148, Italia",45.4789681,9.130166
,11-07-24,2024-07-11,"Piazza XXV Aprile, 8, Milano, MI",Anteo Palazzo del Cinema,All'Anteo una maratona di proiezioni dei corti di tesi Ied Milano,https://www.milanotoday.it/eventi/all-anteo-una-maratona-di-proiezioni-dei-corti-di-tesi-ied-milano-giovani-videomaker.html,Non classificato,"Anteo Spazio Cinema, 8, Piazza Venticinque Aprile, Brera, Municipio 1, Milano, Lombardia, 20121, Italia",45.4800568,9.1877898
,11-07-24,2024-07-11,"Piazzale dello Sport, 6, Milano, MI",Ippodromo,Garden party con dj set all'Ippodromo,https://www.milanotoday.it/eventi/garden-party-con-dj-set-all-ippodromo-dj-set.html,Non classificato,"Piazzale dello Sport, San Siro, Municipio 7, Milano, Lombardia, 20148, Italia",45.4789681,9.130166
Concerti,12-07-24,2024-07-12,"Via Lampugnano, 95, Milano, MI",Ippodromo Snai La Maura,Gli Stray Kids chiudono gli I-Days Coca Cola con un concerto imperdibile,https://www.milanotoday.it/eventi/concerto-stray-kids-milano-2024.html,Musica e vita notturna,"Via Lampugnano, Gallaratese, Lampugnano, Municipio 8 di Milano, Milano, Lombardia, 20151, Italia",45.4916933,9.1102099
,14-07-24,2024-07-13,"Viale Molise, 62, Milano, MI",Ex Macello,Milano open air ritorna all'ex macello,https://www.milanotoday.it/eventi/milano-open-air-ritorna-all-ex-macello-sabato-13-luglio.html,Non classificato,"Viale Molise, Ortomercato, Municipio 4, Milano, Lombardia, 20130, Italia",45.452308,9.2241311
Disco&Feste,13-07-24,2024-07-13,"Via Nino Bixio, 1, Milano, MI",Farinami Garden,"""La Fiesta de Sangria"" alle porte di Milano",https://www.milanotoday.it/eventi/festa-sangria-farinami-garden.html,Musica e vita notturna,"1, Via Nino Bixio, Buenos Aires - Venezia, Municipio 3, Milano, Lombardia, 20129, Italia",45.4720613,9.2071959
,13-07-24,2024-07-13,"Piazza Sant'Ambrogio, Milano, MI",davanti alla Basilica di Sant'Ambrogio,"Milano buia: storia dell'inquisizione, peste e occultismo",https://www.milanotoday.it/eventi/milano-buia-storia-dell-inquisizione-peste-e-occultismo-italia-in-tour1.html,Non classificato,"Piazza Sant'Ambrogio, Cerchia dei Navigli, Municipio 1, Milano, Lombardia, 20123, Italia",45.4620403,9.1746594
Concerti,14-07-24,2024-07-13,"Piazzale Angelo Moratti, Milano, MI",Stadio San Siro,Taylor Swift in concerto a Milano (e biglietti veduti a peso d'oro),https://www.milanotoday.it/eventi/concerto-taylor-swift-stadio-san-siro.html,Musica e vita notturna,"Piazzale Angelo Moratti, San Siro, Municipio 7, Milano, Lombardia, 20148, Italia",45.478178,9.1212742
,14-07-24,2024-07-13,"Piazza del Cannone, Milano, MI",Parco Sempione,Festival dello Sri Lanka 2024,https://www.milanotoday.it/eventi/festival-dello-sri-lanka-2024.html,Non classificato,"Piazza del Cannone, Parco Sempione, Municipio 1, Milano, Lombardia, Italia",45.4716693,9.1780647
,13-07-24,2024-07-13,"Piazza del Carmine, 2, Milano, MI",Davanti alla chiesa del Carmine,Intrighi al Castello Sforzesco: i Visconti e gli sforza tra lussi sfrenati e vita quotidiana,https://www.milanotoday.it/eventi/intrighi-al-castello-sforzesco-i-visconti-gli-sforza-tra-lussi-sfrenati-e-vita-quotidiana-italia-in-tour.html,Non classificato,"2, Piazza del Carmine, Brera, Milano, Lombardia, 20121, Italia",45.4705766,9.1854554
Incontri,14-07-24,2024-07-13,Darsena Milano,Darsena,"Darsena Sport, le attività in onore di Leonardo da Vinci a 500 anni dalla scomparsa",https://www.milanotoday.it/eventi/darsena-sport-giochi-leonardo-da-vinci.html,Formazione e networking,"Darsena, Navigli, Municipio 6, Milano, Lombardia, Italia",45.4536286,9.1755852
Incontri,14-07-24,2024-07-13,"Via Giuseppe Eugenio Luraghi, 11, Milano, MI",Il Centro,Due giorni di Pokémon con giochi gratis (e una speciale carta gigante),https://www.milanotoday.it/eventi/festa-pokemon-centro-commerciale-il-centro-arese.html,Formazione e networking,"Via Maestra, 11, Viale Giuseppe Eugenio Luraghi, Valera, Arese, Milano, Lombardia, 20044, Italia",45.5638918,9.0510987
Spettacoli,13-07-24,2024-07-13,"Via Castello,1,20025, Legnano, MI,Italia",Isola del Castello - Rugby sound,Again,https://www.teatro.it/spettacoli/legnano/isola-del-castello-rugby-sound/2023-2024/deejay-time-celebration,Teatro e spettacolo,"Via Castello, Sant'Ambrogio, Legnano, Milano, Lombardia, 20025, Italia",45.58725,8.9210996
Spettacoli,13-07-24,2024-07-13,"Piazza Castello,20121, Milano, MI,Italia",Castello Sforzesco,Bouquet of Madness,https://www.teatro.it/spettacoli/milano/castello-sforzesco/2023-2024/bouquet-of-madness,Teatro e spettacolo,"Piazza Castello, Cerchia dei Navigli, Municipio 1, Milano, Lombardia, 20121, Italia",45.4710309,9.1814326
,13-07-24,2024-07-13,"Via San Giovanni sul Muro, 2, Milano, MI",Teatro Dal Verme,Worm up! festival: Quinteto Astor Piazzolla,https://www.milanotoday.it/eventi/worm-up-festival-quinteto-astor-piazzolla.html,Non classificato,"2, Via San Giovanni sul Muro, Cerchia dei Navigli, Municipio 1, Milano, Lombardia, 20121, Italia",45.4671162,9.1814924
Spettacoli,14-07-24,2024-07-14,"via Pier Lombardo,14,20135, Milano, MI,Italia",Franco Parenti - Sala Grande,Oliva Denaro,https://www.teatro.it/spettacoli/milano/franco-parenti-sala-grande/2023-2024/oliva-denaro,Teatro e spettacolo,"Via Pier Lombardo, Porta Romana, Municipio 4, Milano, Lombardia, 20135, Italia",45.4542958,9.2063109
,14-07-24,2024-07-14,"Via Valera, Milano, MI",parco bosco,Yoga e poesia,https://www.milanotoday.it/eventi/yoga-e-poesia-esuvia-di-cicala-.html,Non classificato,"Via Valera, Passirana, Rho, Milano, Lombardia, 20017, Italia",45.5505403,9.0513
Manifestazioni,14-07-24,2024-07-14,"Piazza San Carlo, Milano, MI",Piazza San Carlo,"A Milano si balla in pieno centro con ""DanzaMI""",https://www.milanotoday.it/eventi/milano-dancing-city-2024-balli-gratis.html,Altri eventi,"Piazza San Carlo, Duomo, Municipio 1, Milano, Lombardia, 20122, Italia",45.4659452,9.196413
,14-07-24,2024-07-14,"Via Valera, Milano, MI",Garbagnate milanese,Super evento a Garbagnate Milanese: yoga & poesia,https://www.milanotoday.it/eventi/super-evento-a-garbagnate-milanese-yoga-poesia.html,Non classificato,"Via Valera, Passirana, Rho, Milano, Lombardia, 20017, Italia",45.5505403,9.0513
Manifestazioni,14-07-24,2024-07-14,"Viale Campania, 12, Milano, MI",WOW Spazio Fumetto,Una giornata speciale con musica e cosplayer in occasione della Presa della Bastiglia,https://www.milanotoday.it/eventi/giornata-festa-musica-wow-spazio-fumetto-lady-oscar.html,Altri eventi,"12, Viale Campania, Corsica, Municipio 4, Milano, Lombardia, 20133, Italia",45.4634024,9.2242161
,14-07-24,2024-07-14,"Via Valera, Milano, MI",parco bosco,yoga e poesia,https://www.milanotoday.it/eventi/yoga-e-poesia-esuvia-di-cicala.html,Non classificato,"Via Valera, Passirana, Rho, Milano, Lombardia, 20017, Italia",45.5505403,9.0513
,15-07-24,2024-07-15,"Piazza Castello, Milano, MI",Castello Sforzesco,Calexico,https://www.milanotoday.it/eventi/calexico-calexico.html,Non classificato,"Piazza Castello, Cerchia dei Navigli, Municipio 1, Milano, Lombardia, Italia",45.4704699,9.1819129
Spettacoli,15-07-24,2024-07-15,"Via Filodrammatici 2,20121, Milano, MI,Italia",Teatro Alla Scala,Turandot,https://www.teatro.it/spettacoli/milano/teatro-alla-scala/2023-2024/turandot-teatro-alla-scala,Teatro e spettacolo,"2, Via Filodrammatici, Brera, Milano, Lombardia, 20121, Italia",45.4676198,9.1884287
Spettacoli,15-07-24,2024-07-15,"Piazza Castello,20121, Milano, MI,Italia",Castello Sforzesco,Calexico,https://www.teatro.it/spettacoli/milano/castello-sforzesco/2023-2024/calexico,Teatro e spettacolo,"Piazza Castello, Cerchia dei Navigli, Municipio 1, Milano, Lombardia, 20121, Italia",45.4710309,9.1814326
Cinema,13-08-24,2024-07-15,"Piazza Belloveso, Milano, MI",Niguarda e Bovisa,A Milano il festival del cinema muto (con musiche dal vivo),https://www.milanotoday.it/eventi/festival-cinema-muto-estate-2024.html,Arte e cultura,"Piazza Belloveso, Niguarda - Cà Granda, Municipio 9, Milano, Lombardia, 20162, Italia",45.5154301,9.1942245
Spettacoli,16-07-24,2024-07-16,"Piazza Castello,20121, Milano, MI,Italia",Castello Sforzesco,Gli errori rendono amabili,https://www.teatro.it/spettacoli/milano/castello-sforzesco/2023-2024/gianrico-carofiglio-gli-errori-rendono-amabili,Teatro e spettacolo,"Piazza Castello, Cerchia dei Navigli, Municipio 1, Milano, Lombardia, 20121, Italia",45.4710309,9.1814326
Spettacoli,16-07-24,2024-07-16,"Via Privata Giovanni Ventura,12,20134, Milano, MI,Italia",Giardino Ventura,"Tributo a Baglioni, Dalla e Zucchero",https://www.teatro.it/spettacoli/milano/giardino-ventura/2023-2024/candlelight-tributo-a-baglioni-dalla-e-zucchero,Teatro e spettacolo,"Via Giovanni Ventura, Lambrate, Municipio 3, Milano, Lombardia, 20134, Italia",45.4840607,9.2431286
Spettacoli,16-07-24,2024-07-16,"Largo Metropolitana,4,20145, Rho, MI,Italia",Rho Fiera Milano - Area Concerti,BLACK EYED PEAS,https://www.teatro.it/spettacoli/rho/rho-fiera-milano-area-concerti/2023-2024/black-eyed-peas,Teatro e spettacolo,"Largo Metropolitana, Mazzo, Rho, Milano, Lombardia, 20017, Italia",45.5188882,9.08657
Concerti,16-07-24,2024-07-16,"Viale delle Ferrovie, Milano, MI",Fiera Milano Live,I Black Eyed Peas in concerto a Milano (e dove acquistare i biglietti),https://www.milanotoday.it/eventi/concerto-black-eyed-peas-fiera-milano-live-2024.html,Musica e vita notturna,"Viale delle Ferrovie, Mazzo, Rho, Milano, Lombardia, 20017, Italia",45.5216244,9.0852305
,17-07-24,2024-07-17,"Via Marghera, Milano, MI",Cannoleria Siciliana,Aperitivo e poesia,https://www.milanotoday.it/eventi/aperitivo-e-poesia-esuvia-di-cicala.html,Non classificato,"Via Marghera, De Angeli - Monte Rosa, Municipio 7, Milano, Lombardia, 20149, Italia",45.4672414,9.1530456
Mostre,22-09-24,2024-07-17,"Piazza del Duomo, 12, Milano, MI",Palazzo Reale,"""Valerio Adami. Pittore di idee"". A Milano la mostra del grande artista del Dopoguerra",https://www.milanotoday.it/eventi/mostra-valerio-adami-palazzo-reale.html,Arte e cultura,"Giacomo, 12, Piazza del Duomo, Duomo, Municipio 1, Milano, Lombardia, 20100, Italia",45.4632066,9.1914879
Spettacoli,17-07-24,2024-07-17,"Piazzale dello Sport,16,,20151, Milano, MI,Italia",Ippodromo di San Siro,Relax Tour 2024,https://www.teatro.it/spettacoli/milano/ippodromo-di-san-siro/2023-2024/calcutta-relax-tour-2023,Teatro e spettacolo,"Piazzale dello Sport, San Siro, Municipio 7, Milano, Lombardia, 20148, Italia",45.4804864,9.1258159
Spettacoli,17-07-24,2024-07-17,"Piazza Castello,20121, Milano, MI,Italia",Castello Sforzesco,BADA A COME PARLI,https://www.teatro.it/spettacoli/milano/castello-sforzesco/2023-2024/paolo-borzacchiello-bada-a-come-parli,Teatro e spettacolo,"Piazza Castello, Cerchia dei Navigli, Municipio 1, Milano, Lombardia, 20121, Italia",45.4710309,9.1814326
Concerti,17-07-24,2024-07-17,"Piazzale dello Sport, 16, Milano, MI",Ippodromo Snai San Siro,Calcutta in concerto a Milano. Quando è possibile acquistare i biglietti,https://www.milanotoday.it/eventi/concerto-calcutta-ippodromo-san-siro.html,Musica e vita notturna,"Piazzale dello Sport, San Siro, Municipio 7, Milano, Lombardia, 20148, Italia",45.4789681,9.130166
Spettacoli,18-07-24,2024-07-18,"Via Circonvallazione Idroscalo,41,20090, Segrate, MI,Italia",Circolo Magnolia,Innamorati della vita Tour,https://www.teatro.it/spettacoli/segrate/circolo-magnolia/2023-2024/valerio-lundini-e-i-vazzanikki-innamorati-della-vita-tour,Teatro e spettacolo,"Circolo Magnolia, 41, Via Circonvallazione Idroscalo, Novegro, Segrate, Milano, Lombardia, 20054, Italia",45.4637036,9.286076
Spettacoli,18-07-24,2024-07-18,"Viale dell'Innovazione 20,20126, Milano, MI,Italia",Arcimboldi,Saucerful of Segrets,https://www.teatro.it/spettacoli/milano/arcimboldi/2023-2024/nick-mason-saucerful-of-segrets,Teatro e spettacolo,"20, Viale dell'Innovazione, Bicocca, Municipio 9, Milano, Lombardia, 20125, Italia",45.5148696,9.2135963
Incontro/presentazione,18-07-24,2024-07-18,"Via Brera, 28, Milano, MI",Pinacoteca di Brera,Come un vascello pirata,,Formazione e networking,"Istituto Nazionale di Astrofisica – Osservatorio astronomico di Brera, 28, Via Brera, Cerchia dei Navigli, Municipio 1, Milano, Lombardia, 20121, Italia",45.4715946,9.1889707
Spettacoli,18-07-24,2024-07-18,"Via Filodrammatici 2,20121, Milano, MI,Italia",Teatro Alla Scala,L'histoire de Manon,https://www.teatro.it/spettacoli/milano/teatro-alla-scala/2023-2024/coreografo-kenneth-macmillan-lhistoire-de-manon,Teatro e spettacolo,"2, Via Filodrammatici, Brera, Milano, Lombardia, 20121, Italia",45.4676198,9.1884287
,20-07-24,2024-07-18,"Via Carlo Botta, 18, Milano, MI",Bagni Misteriosi,Aperitivi ai Bagni Misteriosi del teatro Franco Parenti,https://www.milanotoday.it/eventi/aperitivi-ai-bagni-misteriosi-del-teatro-franco-parenti.html,Non classificato,"18, Via Carlo Botta, Porta Romana, Municipio 4, Milano, Lombardia, 20135, Italia",45.4537805,9.2050141
Disco&Feste,18-07-24,2024-07-18,"Via Bruno Buozzi, Milano, MI",Belstay Milano Linate,Il 18 luglio Shamanic Sunset: l'imperdibile party al Belstay Milano Linate,https://www.milanotoday.it/eventi/shamanic-sunset-milano-linate.html,Musica e vita notturna,"Via Bruno Buozzi, Cascine Olona, Vighignolo, Settimo Milanese, Milano, Lombardia, 20019, Italia",45.4836988,9.0545404
Concerto,18-07-24,2024-07-18,"Via Brera, 28, Milano, MI",Pinacoteca di Brera,Aspettando la Grande Brera - Nicola Piovani in Concerto,,Musica e vita notturna,"Istituto Nazionale di Astrofisica – Osservatorio astronomico di Brera, 28, Via Brera, Cerchia dei Navigli, Municipio 1, Milano, Lombardia, 20121, Italia",45.4715946,9.1889707
Manifestazioni,21-07-24,2024-07-19,"Viale Emilio Alemagna, 6, Milano, MI",La Triennale di Milano,L'estate in Triennale non si ferma: il programma dal 19 al 21 luglio,https://www.milanotoday.it/eventi/programma-triennale-19-21-luglio.html,Altri eventi,"Triennale Design Museum, 6, Viale Emilio Alemagna, Parco Sempione, Municipio 1, Milano, Lombardia, 20121, Italia",45.4721477,9.1734894
,19-07-24,2024-07-19,"Via Circonvallazione Idroscalo, Milano, MI",Mood Live,Summer partner: il primo party della consulenza italiana,https://www.milanotoday.it/eventi/summer-partner-il-primo-party-della-consulenza-italiana-gli-autogol-e-zoo.html,Non classificato,"Via Circonvallazione Idroscalo, Novegro, Segrate, Milano, Lombardia, 20054, Italia",45.465095,9.2830627
Spettacoli,19-07-24,2024-07-19,"Viale dell'Innovazione 20,20126, Milano, MI,Italia",Arcimboldi,Djavan,https://www.teatro.it/spettacoli/milano/arcimboldi/2023-2024/djavan,Teatro e spettacolo,"20, Viale dell'Innovazione, Bicocca, Municipio 9, Milano, Lombardia, 20125, Italia",45.5148696,9.2135963
,20-07-24,2024-07-19,"Viale Luigi Camoens, 2, Milano, MI",Just me,Serata white party,https://www.milanotoday.it/eventi/serata-white-party-milano-dj.html,Non classificato,"Viale Luigi Camoens, Parco Sempione, Municipio 1, Milano, Lombardia, 20154, Italia",45.4729814,9.1728556
,19-07-24,2024-07-19,"Via Enrico Cosenz, 54, Milano, MI",Scuola Botticino,"La lezione (gratuita) di Cinzia Pasquali, restauratrice che ha ridato vita a un quadro di Leonardo",https://www.milanotoday.it/eventi/lectio-magistralis-cinzia-pasquali-2024.html,Non classificato,"Via Enrico Cosenz, Bovisa, Municipio 9, Milano, Lombardia, 20158, Italia",45.5067092,9.1610861
Spettacoli,20-07-24,2024-07-20,"Piazza Castello,20121, Milano, MI,Italia",Castello Sforzesco,Liberidì Liberidà,https://www.teatro.it/spettacoli/milano/castello-sforzesco/2023-2024/sabina-guzzanti-liberidi-liberida,Teatro e spettacolo,"Piazza Castello, Cerchia dei Navigli, Municipio 1, Milano, Lombardia, 20121, Italia",45.4710309,9.1814326
Disco&Feste,20-07-24,2024-07-20,"Viale Molise, Milano, MI",Ex Macello,L'ultima serata di Le Cannibale prima della pausa estiva (ed è gratis),https://www.milanotoday.it/eventi/festa-le-cannibale-luglio-2024-ex-macello.html,Musica e vita notturna,"Viale Molise, Ortomercato, Municipio 4, Milano, Lombardia, 20137, Italia",45.4518437,9.2242524
Teatri,20-07-24,2024-07-20,"Piazza Castello, Milano, MI",Castello Sforzesco,"Sabina Guzzanti affronta il presente nel nuovo spettacolo ""Liberidì Liberidà""",https://www.milanotoday.it/eventi/spettacolo-sabina-guzzanti-castello-sforzesco.html,Teatro e spettacolo,"Piazza Castello, Cerchia dei Navigli, Municipio 1, Milano, Lombardia, Italia",45.4704699,9.1819129
,21-07-24,2024-07-20,"Piazzale dello Sport, 14, Milano, MI",Aria Club,Sabato sera all'Aria Club,https://www.milanotoday.it/eventi/sabato-sera-all-aria-club-milano-dj-gianni-camelia.html,Non classificato,"Piazzale dello Sport, San Siro, Municipio 7, Milano, Lombardia, 20148, Italia",45.4789681,9.130166
Spettacoli,20-07-24,2024-07-20,"Via Giovanni Terruggia,8/14,20162, Milano, MI,Italia",Villa Clerici - Teatro Romano,Tributo ai Queen,https://www.teatro.it/spettacoli/milano/villa-clerici-teatro-romano/2023-2024/candlelight-tributo-ai-queen,Teatro e spettacolo,"Galleria d'Arte Sacra dei Contemporanei, 8/14, Via Giovanni Terruggia, Niguarda - Cà Granda, Municipio 9, Milano, Lombardia, 20162, Italia",45.5179802,9.1894216
Spettacoli,20-07-24,2024-07-20,"Via Giovanni Terruggia,8/14,20162, Milano, MI,Italia",Villa Clerici - Teatro Romano,Tributo a Taylor Swift,https://www.teatro.it/spettacoli/milano/villa-clerici-teatro-romano/2023-2024/candlelight-tributo-a-taylor-swift,Teatro e spettacolo,"Galleria d'Arte Sacra dei Contemporanei, 8/14, Via Giovanni Terruggia, Niguarda - Cà Granda, Municipio 9, Milano, Lombardia, 20162, Italia",45.5179802,9.1894216
,20-07-24,2024-07-20,"Piazzale Cimitero Monumentale, Milano, MI",Davanti ingresso cimitero,Il Monumentale di Milano: una città silenziosa,https://www.milanotoday.it/eventi/il-monumentale-di-milano-una-citta-silenziosa-italia-in-tour.html,Non classificato,"Piazzale Cimitero Monumentale, Sarpi, Porta Volta, Municipio 8 di Milano, Milano, Lombardia, 20154, Italia",45.4857409,9.1815302
Manifestazioni,21-07-24,2024-07-21,"Via Luigi Granelli, 1, Milano, MI",Carroponte,Il Neema Festival dedicato alle musiche afro-contemporanee (con Fally Ipupa special guest),https://www.milanotoday.it/eventi/neema-festival-carroponte-luglio-2024.html,Altri eventi,"Carroponte, 1, Via Luigi Granelli, Rondò, Torretta, Sesto San Giovanni, Zona Omogenea Milano Nord, Milano, Lombardia, 20099, Italia",45.529574,9.2209217
Concerti,23-07-24,2024-07-23,"Via Lampugnano, 95, Milano, MI",Ippodromo Snai La Maura,Travis Scott a Milano per l'unica data italiana del suo tour europeo,https://www.milanotoday.it/eventi/concerto-travis-scott-ippodromo-snai.html,Musica e vita notturna,"Via Lampugnano, Gallaratese, Lampugnano, Municipio 8 di Milano, Milano, Lombardia, 20151, Italia",45.4916933,9.1102099
Concerti,23-07-24,2024-07-23,"Via Lampugnano, 95, Milano, MI",Ippodromo La Maura,Travis Scott in concerto a Milano,https://www.milanotoday.it/eventi/travis-scott-milano-biglietti-2024.html,Musica e vita notturna,"Via Lampugnano, Gallaratese, Lampugnano, Municipio 8 di Milano, Milano, Lombardia, 20151, Italia",45.4916933,9.1102099
Concerti,23-07-24,2024-07-23,"Via Lampugnano, 95, Milano, MI",Ippodromo La Maura,Travis Scott in concerto a Milano,https://www.milanotoday.it/eventi/travis-scott-milano-biglietti-2024.html,Musica e vita notturna,"Via Lampugnano, Gallaratese, Lampugnano, Municipio 8 di Milano, Milano, Lombardia, 20151, Italia",45.4916933,9.1102099
Concerti,23-07-24,2024-07-23,"Via Lampugnano, 95, Milano, MI",Ippodromo La Maura,Travis Scott in concerto a Milano,https://www.milanotoday.it/eventi/travis-scott-milano-biglietti-2024.html,Musica e vita notturna,"Via Lampugnano, Gallaratese, Lampugnano, Municipio 8 di Milano, Milano, Lombardia, 20151, Italia",45.4916933,9.1102099
Concerti,23-07-24,2024-07-23,"Via Lampugnano, 95, Milano, MI",Ippodromo La Maura,Travis Scott in concerto a Milano,https://www.milanotoday.it/eventi/travis-scott-milano-biglietti-2024.html,Musica e vita notturna,"Via Lampugnano, Gallaratese, Lampugnano, Municipio 8 di Milano, Milano, Lombardia, 20151, Italia",45.4916933,9.1102099
Spettacoli,23-07-24,2024-07-23,"Piazza Castello,20121, Milano, MI,Italia",Castello Sforzesco,Gran Galà del Balletto,https://www.teatro.it/spettacoli/milano/castello-sforzesco/2023-2024/balletto-di-milano-gran-gala-del-balletto,Teatro e spettacolo,"Piazza Castello, Cerchia dei Navigli, Municipio 1, Milano, Lombardia, 20121, Italia",45.4710309,9.1814326
Concerti,23-07-24,2024-07-23,"Via Lampugnano, 95, Milano, MI",Ippodromo La Maura,Travis Scott in concerto a Milano,https://www.milanotoday.it/eventi/travis-scott-milano-biglietti-2024.html,Musica e vita notturna,"Via Lampugnano, Gallaratese, Lampugnano, Municipio 8 di Milano, Milano, Lombardia, 20151, Italia",45.4916933,9.1102099
Concerti,23-07-24,2024-07-23,"Via Lampugnano, 95, Milano, MI",Ippodromo La Maura,Travis Scott in concerto a Milano,https://www.milanotoday.it/eventi/travis-scott-milano-biglietti-2024.html,Musica e vita notturna,"Via Lampugnano, Gallaratese, Lampugnano, Municipio 8 di Milano, Milano, Lombardia, 20151, Italia",45.4916933,9.1102099
Spettacoli,24-07-24,2024-07-24,"Via Riccardo Pitteri,60,20134, Milano, MI,Italia",Arena Milano Est,La grande timidezza,https://www.teatro.it/spettacoli/milano/arena-milano-est/2023-2024/ruggero-de-i-timidi-la-grande-timidezza,Teatro e spettacolo,"Via Riccardo Pitteri, Lambrate, Municipio 3, Milano, Lombardia, 20134, Italia",45.4796903,9.2454355
,24-07-24,2024-07-24,"Piazza Castello, Milano, MI",Castello Sforzesco,I hate my village in concerto Castello Sforzesco,https://www.milanotoday.it/eventi/i-hate-my-village-in-concerto-mercoledi-24-luglio-al-castello-sforzesco-a-milano-i-hate-my-village.html,Non classificato,"Piazza Castello, Cerchia dei Navigli, Municipio 1, Milano, Lombardia, Italia",45.4704699,9.1819129
Spettacoli,24-07-24,2024-07-24,"Via Rovello 2,20121, Milano, MI,Italia",Piccolo Teatro - Teatro Grassi,Arlecchino servitore di due padroni,https://www.teatro.it/spettacoli/milano/piccolo-teatro-teatro-grassi/2023-2024/arlecchino-servitore-di-due-padroni,Teatro e spettacolo,"2, Via Rovello, Brera, Milano, Lombardia, 20121, Italia",45.4665188,9.1847651
Spettacoli,25-07-24,2024-07-25,"Viale dell'Innovazione 20,20126, Milano, MI,Italia",Arcimboldi,Who I Am World Tour 2024,https://www.teatro.it/spettacoli/milano/arcimboldi/2023-2024/nick-carter-who-i-am-world-tour,Teatro e spettacolo,"20, Viale dell'Innovazione, Bicocca, Municipio 9, Milano, Lombardia, 20125, Italia",45.5148696,9.2135963
,04-08-24,2024-07-25,"Via Giuseppe di Vittorio, 2, Milano, MI",Centro Sportivo di SENAGO,Sagra del pesce di Senago,https://www.milanotoday.it/eventi/sagra-del-pesce.html,Non classificato,"28/2, Via Giuseppe Di Vittorio, Foramagno, Peschiera Borromeo, Milano, Lombardia, 20068, Italia",45.4270849,9.2880658
Spettacoli,25-07-24,2024-07-25,"Via Carlo Botta,18,20135, Milano, MI,Italia",Franco Parenti - Bagni Misteriosi,Fiabafobia,https://www.teatro.it/spettacoli/milano/franco-parenti-bagni-misteriosi/2023-2024/arianna-porcelli-safonov-fiabafobia,Teatro e spettacolo,"18, Via Carlo Botta, Porta Romana, Municipio 4, Milano, Lombardia, 20135, Italia",45.4537805,9.2050141
Concerti,25-07-24,2024-07-25,"Viale dell'Innovazione, 20, Milano, MI",Teatro Arcimboldi,Nick Carter in concerto a Milano. Orari e biglietti,https://www.milanotoday.it/eventi/concerto-nick-carter-teatro-arcimboldi-biglietti.html,Musica e vita notturna,"20, Viale dell'Innovazione, Bicocca, Municipio 9, Milano, Lombardia, 20125, Italia",45.5148696,9.2135963
Concerto,25-07-24,2024-07-25,"Via Brera, 28, Milano, MI",Pinacoteca di Brera,Aspettando la Grande Brera - Beatrice Rana in Concerto,,Musica e vita notturna,"Istituto Nazionale di Astrofisica – Osservatorio astronomico di Brera, 28, Via Brera, Cerchia dei Navigli, Municipio 1, Milano, Lombardia, 20121, Italia",45.4715946,9.1889707
Spettacoli,26-07-24,2024-07-26,"Viale dell'Innovazione 20,20126, Milano, MI,Italia",Arcimboldi,The Mask and Mirror - 30th Anniversary Tour,https://www.teatro.it/spettacoli/milano/arcimboldi/2023-2024/loreena-mckennitt-the-mask-and-mirror-30th-anniversary-tour,Teatro e spettacolo,"20, Viale dell'Innovazione, Bicocca, Municipio 9, Milano, Lombardia, 20125, Italia",45.5148696,9.2135963
Incontri,28-07-24,2024-07-26,"Via Sant'Erlembaldo, 2, Milano, MI",Parco Martesana,"L'estate a Gorla tra cinema all'aperto, cabaret e letture per bambini",https://www.milanotoday.it/eventi/cinema-aperto-cabaret-gorla-luglio-2024.html,Formazione e networking,"2, Via Sant'Erlembaldo, Viale Monza, Municipio 2, Milano, Lombardia, 20126, Italia",45.5056173,9.2215298
Cibo e Vino,28-07-24,2024-07-26,"Piazza dei Mercanti, Milano, MI",Piazza Mercato,Vittuone Summer Street Food: un evento da non perdere,https://www.milanotoday.it/eventi/vittuone-summer-street-food.html,Enogastronomia,"Piazza dei Mercanti, Duomo, Municipio 1, Milano, Lombardia, 20121, Italia",45.4646599,9.1876261
Cinema,28-07-24,2024-07-26,"Via Quinto Cenni, 11, Milano, MI",Mare Culturale Urbano,Il cinema in cuffia a Mare Culturale Urbano: il programma del weekend,https://www.milanotoday.it/eventi/cinema-aperto-cuffia-mare-culturale-urbano-programma-26-27-28-luglio.html,Arte e cultura,"Via Quinto Cenni, Quartiere Vercellese, Forze Armate, Municipio 7, Milano, Lombardia, 20147, Italia",45.4688901,9.1238692
Manifestazioni,28-07-24,2024-07-26,"Piazza Castello, Milano, MI",Castello Sforzesco,"Estate al Castello 2024, tutti gli appuntamenti di fine luglio",https://www.milanotoday.it/eventi/estate-al-castello-luglio-2024.html,Altri eventi,"Piazza Castello, Cerchia dei Navigli, Municipio 1, Milano, Lombardia, Italia",45.4704699,9.1819129
Spettacoli,27-07-24,2024-07-27,"Piazza Castello,20121, Milano, MI,Italia",Castello Sforzesco,Scherzo n° 1 Opera prima,https://www.teatro.it/spettacoli/milano/castello-sforzesco/2023-2024/carlo-amleto-scherzo-n-1-opera-prima,Teatro e spettacolo,"Piazza Castello, Cerchia dei Navigli, Municipio 1, Milano, Lombardia, 20121, Italia",45.4710309,9.1814326
,27-07-24,2024-07-27,"Piazza Castello, Milano, MI",Davanti all'entrata principale del Castello Sforzesco,I Visconti e la nascita dei tarocchi: significati e labirinti degli arcani maggiori,https://www.milanotoday.it/eventi/i-visconti-e-la-nascita-tarocchi-significati-e-labirinti-degli-arcani-maggiori-italia-in-tour.html,Non classificato,"Piazza Castello, Cerchia dei Navigli, Municipio 1, Milano, Lombardia, Italia",45.4704699,9.1819129
,27-07-24,2024-07-27,"Piazza Sant'Alessandro, Milano, MI",davanti alla chiesa di Sant'Alessandro,Milano nascosta: un viaggio tra strade e storie dimenticate,https://www.milanotoday.it/eventi/milano-nascosta-viaggio-tra-strade-e-storie-dimenticate-italia-in-tour.html,Non classificato,"Piazza Sant'Alessandro, Cerchia dei Navigli, Municipio 1, Milano, Lombardia, 20123, Italia",45.4608819,9.1864547
,27-07-24,2024-07-27,"Via Gaetano Pini, 6, Milano, MI",La fabbrica dell'animazione,Un cambio di prospettiva per una nuova economia sociale,https://www.milanotoday.it/eventi/un-cambio-di-prospettiva-per-una-nuova-economia-sociale.html,Non classificato,"6, Via Gaetano Pini, Vigentina, Municipio 1, Milano, Lombardia, 20122, Italia",45.4542964,9.1935877
Spettacoli,29-07-24,2024-07-29,"Via Valtellina,5,,20159, Milano, MI,Italia",Scalo Farini,The Spirit of Japan: An Immersive Art Experience,https://www.teatro.it/spettacoli/milano/scalo-farini/2023-2024/the-spirit-of-japan-an-immersive-art-experience,Teatro e spettacolo,"5, Via Valtellina, Farini, Municipio 9, Milano, Lombardia, 20159, Italia",45.4909324,9.1810555
Spettacoli,31-07-24,2024-07-31,"Piazza Castello,20121, Milano, MI,Italia",Castello Sforzesco,Magical Mistery Story,https://www.teatro.it/spettacoli/milano/castello-sforzesco/2023-2024/the-beatbox-carlo-massarini-magical-mistery-story,Teatro e spettacolo,"Piazza Castello, Cerchia dei Navigli, Municipio 1, Milano, Lombardia, 20121, Italia",45.4710309,9.1814326
Manifestazioni,04-08-24,2024-08-02,"Piazza Castello, Milano, MI",Castello Sforzesco,"Estate al Castello, il programma del weekend",https://www.milanotoday.it/eventi/estate-al-castello-programma-2-3-4-agosto.html,Altri eventi,"Piazza Castello, Cerchia dei Navigli, Municipio 1, Milano, Lombardia, Italia",45.4704699,9.1819129
Concerti,03-08-24,2024-08-03,"Piazza Castello, Milano, MI",Castello Sforzesco,La Disney compie 100 anni (e festeggia con un grande concerto a Milano),https://www.milanotoday.it/eventi/concerto-disney-castello-sforzesco.html,Musica e vita notturna,"Piazza Castello, Cerchia dei Navigli, Municipio 1, Milano, Lombardia, Italia",45.4704699,9.1819129
Disco&Feste,03-08-24,2024-08-03,"Via Circonvallazione Idroscalo, 41c, Milano, MI",Circolo Magnolia,"Magnolia Stone Fest, una serata a ritmo di metal (e non solo)",https://www.milanotoday.it/eventi/serata-musica-metal-circolo-magnolia.html,Musica e vita notturna,"Via Circonvallazione Idroscalo, Novegro, Segrate, Milano, Lombardia, 20054, Italia",45.465095,9.2830627
Incontri,31-08-24,2024-08-04,"Via Fametta, 1, Milano, MI",Villa Arconati Far,I giochi d'acqua a Villa Arconati e le aperture estive,https://www.milanotoday.it/eventi/aperture-estive-villa-arconati-2024.html,Formazione e networking,"1, Via Fametta, Via Trento, Castellazzo, Bollate, Milano, Lombardia, 20021, Italia",45.556757,9.0958021
Concerti,04-08-24,2024-08-04,"Via Bovisasca, 57, Milano, MI",Spirit de Milan,Una serata a ritmo di jazz nell'estate milanese,https://www.milanotoday.it/eventi/concerto-jazz-spirit-de-milan-agosto-2024.html,Musica e vita notturna,"Via Bovisasca, Bovisa, Municipio 9, Milano, Lombardia, 20158, Italia",45.5031504,9.161215
Spettacoli,06-08-24,2024-08-06,"Via Circonvallazione Idroscalo,41,20090, Segrate, MI,Italia",Circolo Magnolia,Xavier Rudd,https://www.teatro.it/spettacoli/segrate/circolo-magnolia/2023-2024/xavier-rudd,Teatro e spettacolo,"Circolo Magnolia, 41, Via Circonvallazione Idroscalo, Novegro, Segrate, Milano, Lombardia, 20054, Italia",45.4637036,9.286076
Mostre,27-10-24,2024-08-07,"Via Valtellina, Milano, MI",Lampo Scalo Farini,A Milano si può salire sul Titanic: la mostra immersiva sulla nave affondata,https://www.milanotoday.it/eventi/mostra-titanic.html,Arte e cultura,"Via Valtellina, Farini, Municipio 9, Milano, Lombardia, 20159, Italia",45.4907327,9.1812435
,09-08-24,2024-08-09,"CityLife, Milano, MI, Italia",CITY LIFE,Merenda e poesia,https://www.milanotoday.it/eventi/merenda-e-poesia-citylife-milano-esuvia-di-cicala.html,Non classificato,"Tre Torri, Municipio 8 di Milano, Milano, Lombardia, 20149, Italia",45.4780409,9.1565832
Incontri,10-08-24,2024-08-10,"Corso Venezia, 57, Milano, MI",Planetario Civico,San Lorenzo sotto le stelle di Milano,https://www.milanotoday.it/eventi/notte-san-lorenzo-planetario-agosto-2024.html,Formazione e networking,"57, Corso Venezia, Guastalla, Municipio 1, Milano, Lombardia, 20121, Italia",45.4736604,9.2038038
Concerti,11-08-24,2024-08-11,"Piazza Castello, Milano, MI","Castello Sforzesco, Cortile delle Armi",La serata finale di Campusband nel cuore di Milano,https://www.milanotoday.it/eventi/finale-campus-band-castello-sforzesco.html,Musica e vita notturna,"Piazza Castello, Cerchia dei Navigli, Municipio 1, Milano, Lombardia, Italia",45.4704699,9.1819129
Apertura festiva,15-08-24,2024-08-15,"via Brera, 28, Milano, MI",Pinacoteca di Brera,Ferragosto al museo 2024 - ESTATE A BRERA,,Inaugurazioni,"Istituto Nazionale di Astrofisica – Osservatorio astronomico di Brera, 28, Via Brera, Cerchia dei Navigli, Municipio 1, Milano, Lombardia, 20121, Italia",45.4715946,9.1889707
Mostra,15-08-24,2024-08-15,"piazza Santa Maria delle Grazie, 2, Milano, MI",Cenacolo Vinciano,Ferragosto in Museo 2024: gli orari del Cenacolo Vinciano,,Arte e cultura,"Museo del Cenacolo Vinciano, 2, Piazza Santa Maria delle Grazie, Magenta - San Vittore, Municipio 1, Milano, Lombardia, 20123, Italia",45.4662047,9.170655
Mostre,18-08-24,2024-08-18,"Via Valtellina, 5, Milano, MI",Lampo Scalo Farini,"Spirit of Japan, la mostra immersiva sul Giappone tra stampe e samurai",https://www.milanotoday.it/eventi/spirit-of-japan-mostra-immersiva-giappone.html,Arte e cultura,"5, Via Valtellina, Farini, Municipio 9, Milano, Lombardia, 20159, Italia",45.4909324,9.1810555
Mostre,18-08-24,2024-08-18,"Via Valtellina, 5, Milano, MI",Lampo Scalo Farini,"Spirit of Japan, la mostra immersiva sul Giappone tra stampe e samurai",https://www.milanotoday.it/eventi/spirit-of-japan-mostra-immersiva-giappone.html,Arte e cultura,"5, Via Valtellina, Farini, Municipio 9, Milano, Lombardia, 20159, Italia",45.4909324,9.1810555
Mostre,18-08-24,2024-08-18,"Via Valtellina, 5, Milano, MI",Lampo Scalo Farini,"Spirit of Japan, la mostra immersiva sul Giappone tra stampe e samurai",https://www.milanotoday.it/eventi/spirit-of-japan-mostra-immersiva-giappone.html,Arte e cultura,"5, Via Valtellina, Farini, Municipio 9, Milano, Lombardia, 20159, Italia",45.4909324,9.1810555
Mostre,18-08-24,2024-08-18,"Via Valtellina, 5, Milano, MI",Lampo Scalo Farini,"Spirit of Japan, la mostra immersiva sul Giappone tra stampe e samurai",https://www.milanotoday.it/eventi/spirit-of-japan-mostra-immersiva-giappone.html,Arte e cultura,"5, Via Valtellina, Farini, Municipio 9, Milano, Lombardia, 20159, Italia",45.4909324,9.1810555
Mostre,18-08-24,2024-08-18,"Via Valtellina, 5, Milano, MI",Lampo Scalo Farini,"Spirit of Japan, la mostra immersiva sul Giappone tra stampe e samurai",https://www.milanotoday.it/eventi/spirit-of-japan-mostra-immersiva-giappone.html,Arte e cultura,"5, Via Valtellina, Farini, Municipio 9, Milano, Lombardia, 20159, Italia",45.4909324,9.1810555
Mostre,18-08-24,2024-08-18,"Via Valtellina, 5, Milano, MI",Lampo Scalo Farini,"Spirit of Japan, la mostra immersiva sul Giappone tra stampe e samurai",https://www.milanotoday.it/eventi/spirit-of-japan-mostra-immersiva-giappone.html,Arte e cultura,"5, Via Valtellina, Farini, Municipio 9, Milano, Lombardia, 20159, Italia",45.4909324,9.1810555
Spettacoli,26-08-24,2024-08-26,"Via Privata Giovanni Ventura,12,20134, Milano, MI,Italia",Giardino Ventura,Tributo a Vasco Rossi,https://www.teatro.it/spettacoli/milano/giardino-ventura/2023-2024/candlelight-tributo-a-vasco-rossi,Teatro e spettacolo,"Via Giovanni Ventura, Lambrate, Municipio 3, Milano, Lombardia, 20134, Italia",45.4840607,9.2431286
Spettacoli,27-08-24,2024-08-27,"Via Privata Giovanni Ventura,12,20134, Milano, MI,Italia",Giardino Ventura,Tributo ai Queen,https://www.teatro.it/spettacoli/milano/giardino-ventura/2023-2024/candlelight-tributo-ai-queen,Teatro e spettacolo,"Via Giovanni Ventura, Lambrate, Municipio 3, Milano, Lombardia, 20134, Italia",45.4840607,9.2431286
,27-08-24,2024-08-27,"Piazza Castello, Milano, MI",Castello Sforzesco,Yves Tumor in concerto al Castello Sforzesco,https://www.milanotoday.it/eventi/yves-tumor-in-concerto-in-italia-per-un-unica-data-martedi-27-agosto-al-castello-sforzesco-yves-tumor.html,Non classificato,"Piazza Castello, Cerchia dei Navigli, Municipio 1, Milano, Lombardia, Italia",45.4704699,9.1819129
Spettacoli,27-08-24,2024-08-27,"Via Privata Giovanni Ventura,12,20134, Milano, MI,Italia",Giardino Ventura,Tributo a Ludovico Einaudi,https://www.teatro.it/spettacoli/milano/giardino-ventura/2023-2024/candlelight-tributo-a-ludovico-einaudi,Teatro e spettacolo,"Via Giovanni Ventura, Lambrate, Municipio 3, Milano, Lombardia, 20134, Italia",45.4840607,9.2431286
Spettacoli,29-08-24,2024-08-29,"Via Circonvallazione Idroscalo,20090, Segrate, MI,Italia",Idroscalo - Palco sull'Acqua,Tributo ai Coldplay,https://www.teatro.it/spettacoli/segrate/idroscalo-palco-sullacqua/2023-2024/candlelight-tributo-ai-coldplay,Teatro e spettacolo,"Via Circonvallazione Idroscalo, Cascina Pessina, Novegro, Segrate, Milano, Lombardia, 20054, Italia",45.4629159,9.2757544
,29-08-24,2024-08-29,"Piazza Sempione, Milano, MI",DAZI MILANO,Plants play orchestra: Tormento canterà con un'orchestra di piante e alberi,https://www.milanotoday.it/eventi/milano-plants-play-orchestra-tormento-cantera-con-un-orchestra-di-piante-e-alberi-tormento.html,Non classificato,"Piazza Sempione, Parco Sempione, Municipio 1, Milano, Lombardia, Italia",45.4755976,9.1725451
Spettacoli,29-08-24,2024-08-29,"Via Circonvallazione Idroscalo,20090, Segrate, MI,Italia",Idroscalo - Palco sull'Acqua,Tributo ai Queen,https://www.teatro.it/spettacoli/novegro-tregarezzo/idroscalo-palco-sullacqua/2023-2024/candlelight-tributo-ai-queen,Teatro e spettacolo,"Via Circonvallazione Idroscalo, Cascina Pessina, Novegro, Segrate, Milano, Lombardia, 20054, Italia",45.4629159,9.2757544
,03-09-24,2024-08-30,"Via Evangelista Torricelli, 21, Milano, MI",Corals,Inaugurazione mostra Legame,https://www.milanotoday.it/eventi/inaugurazione-mostra-legame-bunyo-ide-milan-ide-siena-ide.html,Non classificato,"21, Via Evangelista Torricelli, Ravello, Parabiago, Milano, Lombardia, 20015, Italia",45.5574246,8.9394696
Mostra,24-11-24,2024-08-30,"Via Brera, 28, Milano, MI",Pinacoteca di Brera,La Grande Brera al Palazzo Reale di Palermo. La seduzione del classico in mostra,,Arte e cultura,"Istituto Nazionale di Astrofisica – Osservatorio astronomico di Brera, 28, Via Brera, Cerchia dei Navigli, Municipio 1, Milano, Lombardia, 20121, Italia",45.4715946,9.1889707
Cibo e Vino,01-09-24,2024-08-30,"Viale Molise, Milano, MI",Ex Macello,"A Milano il primo Gin tonic festival (ed è gratis): dj, karaoke, giochi e degustazioni",https://www.milanotoday.it/eventi/gin-tonic-festival.html,Enogastronomia,"Viale Molise, Ortomercato, Municipio 4, Milano, Lombardia, 20137, Italia",45.4518437,9.2242524
,01-09-24,2024-08-31,"Viale Luigi Camoens, 2, Milano, MI",Just me,Party F1 al Just Me e vista mozzafiato dalla Torre Branca,https://www.milanotoday.it/eventi/party-f1-al-just-me-e-vista-mozzafiato-dalla-torre-branca.html,Non classificato,"Viale Luigi Camoens, Parco Sempione, Municipio 1, Milano, Lombardia, 20154, Italia",45.4729814,9.1728556
Spettacoli,31-08-24,2024-08-31,"Via Valtellina,5,,20159, Milano, MI,Italia",Scalo Farini,Titanic - An Immersive Voyage,https://www.teatro.it/spettacoli/milano/scalo-farini/2023-2024/titanic-an-immersive-voyage,Teatro e spettacolo,"5, Via Valtellina, Farini, Municipio 9, Milano, Lombardia, 20159, Italia",45.4909324,9.1810555
,01-09-24,2024-09-01,"Via Circonvallazione Idroscalo, 41c, Milano, MI",Circolo Magnolia (Open Air),Punkadeka festival 25th anniversary,https://www.milanotoday.it/eventi/punkadeka-festival-25th-anniversary-uk-subs-the-chisel-bull-brigade-the-manges-sud-disorder-bad-frog-the-rubber-room.html,Non classificato,"Via Circonvallazione Idroscalo, Novegro, Segrate, Milano, Lombardia, 20054, Italia",45.465095,9.2830627
Visita Guidata,31-10-24,2024-09-01,"via Brera, 28, Milano, MI",Pinacoteca di Brera,RIENTRO al MUSEO,,Arte e cultura,"Istituto Nazionale di Astrofisica – Osservatorio astronomico di Brera, 28, Via Brera, Cerchia dei Navigli, Municipio 1, Milano, Lombardia, 20121, Italia",45.4715946,9.1889707
,12-09-24,2024-09-02,"Via Nicola Antonio Porpora, 16a, Milano, MI",iKonica Art Gallery,Oversize: mostra grande formato,https://www.milanotoday.it/eventi/oversize-mostra-grande-formato-collettiva.html,Non classificato,"Via Nicola Antonio Porpora, Città Studi, Municipio 3, Milano, Lombardia, 20131, Italia",45.4861128,9.2333325
Spettacoli,02-09-24,2024-09-02,"Piazza Castello,20121, Milano, MI,Italia",Castello Sforzesco,Il cantastorie recidivo,https://www.teatro.it/spettacoli/milano/castello-sforzesco/2024-2025/daniele-silvestri-il-cantastorie-recidivo,Teatro e spettacolo,"Piazza Castello, Cerchia dei Navigli, Municipio 1, Milano, Lombardia, 20121, Italia",45.4710309,9.1814326
Cibo e Vino,08-09-24,2024-09-04,"Via San Dionigi, 8, Milano, MI",Parco di CityLife,I migliori maestri pizzaioli al Pizza Village 2024,https://www.milanotoday.it/eventi/pizza-village-2024.html,Enogastronomia,"Via San Dionigi, Lodi - Corvetto, Municipio 4, Milano, Lombardia, 20139, Italia",45.4365102,9.2174109
Mostra,06-09-24,2024-09-04,"Via Tortona, 56, Milano, MI",MUDEC - Museo delle Culture di Milano,Forum Cultura Milano 2024,,Arte e cultura,"Mudec, 56, Via Tortona, Tortona, Municipio 6, Milano, Lombardia, 20144, Italia",45.4520455,9.1613185
,08-09-24,2024-09-04,"Piazza Tre Torri, Milano, MI",CityLife,Torna il festival della pizza di Milano,https://www.milanotoday.it/eventi/festival-pizza-2024.html,Non classificato,"Piazza Tre Torri, Tre Torri, Municipio 8 di Milano, Milano, Lombardia, 20149, Italia",45.4783108,9.1570584
Cibo e Vino,08-09-24,2024-09-04,"Piazzale Giulio Cesare, Milano, MI",Parco CityLife,"Coca Cola Pizza Village 2024, i migliori pizzaioli partenopei nel cuore di Milano",https://www.milanotoday.it/eventi/coca-cola-pizza-village-2024.html,Enogastronomia,"Piazzale Giulio Cesare, Tre Torri, Municipio 8 di Milano, Milano, Lombardia, Italia",45.474524,9.155627
Spettacoli,04-09-24,2024-09-04,"Via Riccardo Pitteri,60,20134, Milano, MI,Italia",Arena Milano Est,C'è sempre qualcosa da bere,https://www.teatro.it/spettacoli/milano/arena-milano-est/2024-2025/giorgio-montanini-ce-sempre-qualcosa-da-bere,Teatro e spettacolo,"Via Riccardo Pitteri, Lambrate, Municipio 3, Milano, Lombardia, 20134, Italia",45.4796903,9.2454355
,24-09-24,2024-09-04,"Piazza Sicilia, Milano, MI",,"A Milano una festa lunga un mese a ritmo di capoeira: lezioni (gratis) in piazza, concerti e dj set",https://www.milanotoday.it/eventi/festa-capoeira-piazza-sicilia.html,Non classificato,"Piazza Sicilia, Washington, Municipio 7, Milano, Lombardia, Italia",45.4644962,9.1529555
Manifestazioni,08-09-24,2024-09-04,"Piazza del Duomo, Milano, MI",Piazza Duomo,"OnDance 2024, Roberto Bolle trasforma Milano in un grande palscoscenico della danza",https://www.milanotoday.it/eventi/spettacoli-danza-on-dance-roberto-bolle.html,Altri eventi,"Piazza del Duomo, Duomo, Municipio 1, Milano, Lombardia, Italia",45.4639102,9.1906398
,05-09-24,2024-09-05,"Piazza Bruno Buozzi, Milano, MI",Chiosco Giannasi 1967,"Da Giannasi 1967 la terza tappa del tour ""Italia a tutta birra""",https://www.milanotoday.it/eventi/al-chiosco-giannasi-1967-per-la-terza-tappa-del-tour-italia-a-tutta-birra-con-birrificio-angelo-poretti-e-chef-in-camicia.html,Non classificato,"Piazza Bruno Buozzi, Porta Romana, Municipio 4, Milano, Lombardia, 20135, Italia",45.4498221,9.2062025
Spettacoli,05-09-24,2024-09-05,"via Granelli 1,20099, Sesto San Giovanni, MI,Italia",Carroponte,In Tour 2024,https://www.teatro.it/spettacoli/sesto-san-giovanni/carroponte/2024-2025/fulminacci-in-tour-2024,Teatro e spettacolo,"Carroponte, 1, Via Luigi Granelli, Rondò, Torretta, Sesto San Giovanni, Zona Omogenea Milano Nord, Milano, Lombardia, 20099, Italia",45.529574,9.2209217
Concerti,06-09-24,2024-09-06,"Via Luigi Granelli, 1, Milano, MI",Carroponte,Cristina D'Avena e i Gem Boy in concerto alle porte di Milano,https://www.milanotoday.it/eventi/concerto-cristina-davena-gem-boy-carroponte.html,Musica e vita notturna,"Carroponte, 1, Via Luigi Granelli, Rondò, Torretta, Sesto San Giovanni, Zona Omogenea Milano Nord, Milano, Lombardia, 20099, Italia",45.529574,9.2209217
Disco&Feste,07-09-24,2024-09-06,"Via Valtellina, 25, Milano, MI",Alcatraz Milano,Un weekend di grande musica all'Alcatraz di Milano,https://www.milanotoday.it/eventi/festa-alcatraz-milano-errezeta.html,Musica e vita notturna,"Alcatraz, 25, Via Valtellina, Isola, Municipio 9, Milano, Lombardia, 20159, Italia",45.494744,9.1823768
Disco&Feste,06-09-24,2024-09-06,"Piazza Castello, Milano, MI",Castello Sforzesco,La musica di Lele Sacchi e di Max Cooper fa ballare Milano,https://www.milanotoday.it/eventi/festa-lele-sacchi-max-cooper-castello-sforzesco.html,Musica e vita notturna,"Piazza Castello, Cerchia dei Navigli, Municipio 1, Milano, Lombardia, Italia",45.4704699,9.1819129
Cibo e Vino,06-09-24,2024-09-06,"Via Cascina Marina, Milano, MI",Scuderia Marina,Il gran galà scuderia Marina a Ozzero,https://www.milanotoday.it/eventi/gala-scuderina-marina-2024.html,Enogastronomia,"Via delle Rose, Quartiere delle Rose, Cascina Marina, Pieve Emanuele, Milano, Lombardia, 20079, Italia",45.3430439,9.189177
,08-09-24,2024-09-06,"Piazza XXV Aprile, 8, Milano, MI",Anteo Palazzo del Cinema,Milan shorts film festival,https://www.milanotoday.it/eventi/milan-shorts-film-festival.html,Non classificato,"Anteo Spazio Cinema, 8, Piazza Venticinque Aprile, Brera, Municipio 1, Milano, Lombardia, 20121, Italia",45.4800568,9.1877898
,24-09-24,2024-09-06,"Via Gaudenzio Ferrari, 3, Milano, MI",Almach Art Gallery,Knokke in almach,https://www.milanotoday.it/eventi/knokke-in-almach-carin-grudda-anna-pennati-lucio-perna-emma-vitti.html,Non classificato,"3, Via Gaudenzio Ferrari, Ticinese, Municipio 1, Milano, Lombardia, 20123, Italia",45.4558833,9.1754506
Manifestazioni,08-09-24,2024-09-07,"Piazza Castello, Milano, MI",Castello di Abbiategrasso,La fiera di artigianato e fiori al Castello di Abbiategrasso,https://www.milanotoday.it/eventi/artigiani-al-castello-abbiategrasso-2024.html,Altri eventi,"Piazza Castello, Cerchia dei Navigli, Municipio 1, Milano, Lombardia, Italia",45.4704699,9.1819129
,07-09-24,2024-09-07,"Piazza Castello, Milano, MI",Castello Sforzesco,Cristina Donà & Saverio Lanza,https://www.milanotoday.it/eventi/cristina-dona-saverio-lanza-cristina-dona.html,Non classificato,"Piazza Castello, Cerchia dei Navigli, Municipio 1, Milano, Lombardia, Italia",45.4704699,9.1819129
,28-09-24,2024-09-07,"Via Alfonso Gatto, 2, Milano, MI",Amnesia Milano,Il settembre '24 all'Amnesia Milano: tra i guest anche Victoria dei Måneskin,https://www.milanotoday.it/eventi/discoteche/amnesia-victoria-serate-settembre-2024.html,Non classificato,"Via Alfonso Gatto, Parco Forlanini - Ortica, Municipio 4, Milano, Lombardia, 20059, Italia",45.4641873,9.2389918
Spettacoli,07-09-24,2024-09-07,"via Granelli 1,20099, Sesto San Giovanni, MI,Italia",Carroponte,La Sad è 4 Life Tour,https://www.teatro.it/spettacoli/sesto-san-giovanni/carroponte/2024-2025/la-sad-summersad-tour-2024,Teatro e spettacolo,"Carroponte, 1, Via Luigi Granelli, Rondò, Torretta, Sesto San Giovanni, Zona Omogenea Milano Nord, Milano, Lombardia, 20099, Italia",45.529574,9.2209217
,13-09-24,2024-09-07,"Via Rimini, 38, Milano, MI",ARCA,"Le foto dei viaggi WeRoad: Icons, scatti iconici dal mondo catturati con Xiaomi",https://www.milanotoday.it/eventi/in-mostra-le-foto-dei-viaggi-weroad-a-milano-arriva-icons-scatti-iconici-dal-mondo-catturati-con-xiaomi-weroad.html,Non classificato,"38, Via Rimini, San Cristoforo, Municipio 6, Milano, Lombardia, 20142, Italia",45.440858,9.1692032
,08-09-24,2024-09-07,"Via Enrico Terzaghi, Milano, MI",Monte Stella,Milano open air al Monte Stella: dieci ore di musica all'aperto,https://www.milanotoday.it/eventi/milano-open-air-al-monte-stella-10-ore-di-musica-all-aperto.html,Non classificato,"Via Enrico Terzaghi, Qt 8, QT8, Municipio 8 di Milano, Milano, Lombardia, 20148, Italia",45.4872639,9.1307208
,07-09-24,2024-09-07,"Piazza del Carmine, 2, Milano, MI",Davanti alla chiesa del Carmine,Intrighi al Castello Sforzesco: i Visconti e gli Sforza tra lussi sfrenati e vita quotidiana,https://www.milanotoday.it/eventi/intrighi-al-castello-sforzesc-visconti-gli-sforza-tra-lussi-sfrenati-e-vita-quotidiana-italia-in-tour.html,Non classificato,"2, Piazza del Carmine, Brera, Milano, Lombardia, 20121, Italia",45.4705766,9.1854554
,08-09-24,2024-09-08,"Milano, MI, Italia",Centro storico di Milano,Visita guidata: Milano liberty e il quadrilatero del silenzio,https://www.milanotoday.it/eventi/domenica-08-settembre-visita-guidata-milano-liberty-e-il-quadrilatero-del-silenzio.html,Non classificato,"Milano, Lombardia, Italia",45.4641943,9.1896346
Manifestazioni,08-09-24,2024-09-08,"Via Novegro, Milano, MI","Parco Esposizioni Novegro, Padiglione C",La fiera dei giochi senza tempo a due passi da Milano,https://www.milanotoday.it/eventi/fiera-giocattolo-parco-novegro.html,Altri eventi,"Via Novegro, Novegro, Segrate, Milano, Lombardia, 20054, Italia",45.4688231,9.2825667
,15-09-24,2024-09-08,"Via Giulio Cesare Procaccini, 4, Milano, MI",Fabbrica del Vapore,"Let’s play, l’arte interattiva di Sandro Tomassini",https://www.milanotoday.it/eventi/let-s-play-l-arte-interattiva-di-sandro-tomassini-sandro-tomassini.html,Non classificato,"4, Via Giulio Cesare Procaccini, Bullona, Porta Volta, Municipio 8 di Milano, Milano, Lombardia, 20154, Italia",45.4839945,9.1753796
Spettacoli,08-09-24,2024-09-08,"Via San Giovanni sul muro 2,20121, Milano, MI,Italia",Dal Verme,Drink Jazz Suite. Una mitologia alcolica. Campari,https://www.teatro.it/spettacoli/milano/dal-verme/2024-2025/stefano-massini-drink-jazz-suite-una-mitologia-alcolica-campari,Teatro e spettacolo,"2, Via San Giovanni sul Muro, Cerchia dei Navigli, Municipio 1, Milano, Lombardia, 20121, Italia",45.4671162,9.1814924
Spettacoli,08-09-24,2024-09-08,"Piazza Castello,20121, Milano, MI,Italia",Castello Sforzesco,Gloria!,https://www.teatro.it/spettacoli/milano/castello-sforzesco/2024-2025/margherita-vicario-gloria-tour-2024,Teatro e spettacolo,"Piazza Castello, Cerchia dei Navigli, Municipio 1, Milano, Lombardia, 20121, Italia",45.4710309,9.1814326
,09-09-24,2024-09-09,"Via Bassano Porrone, 8, Milano, MI",Desco,Offline Desco con stand-up comedy,https://www.milanotoday.it/eventi/offline-desco-con-stand-up-comedy-niccolo-cometto.html,Non classificato,"Desco, 8, Via Bassano Porrone, Brera, Municipio 1, Milano, Lombardia, 20121, Italia",45.4661559,9.1867017
,15-09-24,2024-09-10,"Corso Garibaldi, 89/A, Milano, MI",Casa degli Artisti,Casa degli artisti open house: un viaggio negli atelier aperti,https://www.milanotoday.it/eventi/settembre-a-casa-degli-artisti-open-house-un-viaggio-negli-atelier-aperti.html,Non classificato,"89a, Corso Giuseppe Garibaldi, Brera, Municipio 1, Milano, Lombardia, 20121, Italia",45.4766585,9.1833827
,21-09-24,2024-09-10,"Largo Corsia dei Servi, 4, Milano, MI",CMC Centro Culturale di Milano,The future is now,https://www.milanotoday.it/eventi/the-future-is-now.html,Non classificato,"Largo Corsia dei Servi, Duomo, Municipio 1, Milano, Lombardia, 20122, Italia",45.4647722,9.1958825
Spettacoli,11-09-24,2024-09-11,"Via Giovanni Terruggia,8/14,20162, Milano, MI,Italia",Villa Clerici - Teatro Romano,Tributo ai Queen,https://www.teatro.it/spettacoli/milano/villa-clerici-teatro-romano/2024-2025/candlelight-tributo-ai-queen,Teatro e spettacolo,"Galleria d'Arte Sacra dei Contemporanei, 8/14, Via Giovanni Terruggia, Niguarda - Cà Granda, Municipio 9, Milano, Lombardia, 20162, Italia",45.5179802,9.1894216
Spettacoli,11-09-24,2024-09-11,"Via Riccardo Pitteri,60,20134, Milano, MI,Italia",Arena Milano Est,"Io, Roberta, Ippolita Lucia",https://www.teatro.it/spettacoli/milano/arena-milano-est/2024-2025/ippolita-baldini-io-roberta-ippolita-lucia,Teatro e spettacolo,"Via Riccardo Pitteri, Lambrate, Municipio 3, Milano, Lombardia, 20134, Italia",45.4796903,9.2454355
,05-10-24,2024-09-11,"Via Asmara, 11, Milano, MI",Pantagruele Teatro,"Workshop di teatro gratuiti per bambini, ragazzi e adulti",https://www.milanotoday.it/eventi/workshop-di-teatro-gratuiti-per-bambini-ragazzi-e-adulti-tiziana-confalonieri-diego-becce-gennaro-ponticelli-laura-cerminara-valeria-pini-alessandro-milani.html,Non classificato,"Pantagruele Teatro Delle Arti, 11, Via Asmara, Maciachini - Maggiolina, Municipio 9, Milano, Lombardia, 20159, Italia",45.5004048,9.1940247
,28-09-24,2024-09-11,"Via Evangelista Torricelli, 21, Milano, MI",Corals,"Opening mostra ""Shape of moments""",https://www.milanotoday.it/eventi/opening-mostra-shape-of-moments-juan-pablo-espinola-minna-konttijarvi-valerie-khoury.html,Non classificato,"21, Via Evangelista Torricelli, Ravello, Parabiago, Milano, Lombardia, 20015, Italia",45.5574246,8.9394696
,12-09-24,2024-09-12,"Via Piero della Francesca, 38, Milano, MI",BONOTTA,Catch diversity,https://www.milanotoday.it/eventi/catch-diversity-milena-bini.html,Non classificato,"Premiato Forno Cantoni, 38, Via Piero della Francesca, Sarpi, Bullona, Municipio 8 di Milano, Milano, Lombardia, 20154, Italia",45.4843097,9.163454
,12-09-24,2024-09-12,"Via Fabio Massimo, 19, Milano, MI",Centro Internazionale di Quartiere,Gli alleati della biosfera,https://www.milanotoday.it/eventi/gli-alleati-della-biosfera-conferenza.html,Non classificato,"19, Via Fabio Massimo, Lodi - Corvetto, Municipio 4, Milano, Lombardia, 20139, Italia",45.4349742,9.2277681
Spettacoli,12-09-24,2024-09-12,"Via Giovanni Terruggia,8/14,20162, Milano, MI,Italia",Villa Clerici - Teatro Romano,"Nirvana, Led Zeppelin, Metallica ed altri",https://www.teatro.it/spettacoli/milano/villa-clerici-teatro-romano/2024-2025/candlelight-nirvana-led-zeppelin-metallica-ed-altri,Teatro e spettacolo,"Galleria d'Arte Sacra dei Contemporanei, 8/14, Via Giovanni Terruggia, Niguarda - Cà Granda, Municipio 9, Milano, Lombardia, 20162, Italia",45.5179802,9.1894216
,15-09-24,2024-09-13,"Via Conte Verde, 4, Milano, MI",Yume Dojo,Stage di Aikido e Katsugen Undo,https://www.milanotoday.it/eventi/stage-di-aikido-e-katsugen-undo-regis-soavi-sensei.html,Non classificato,"Via Conte Verde, Dergano, Municipio 9, Milano, Lombardia, 20158, Italia",45.5033953,9.1779842
,17-09-24,2024-09-13,"Via Clerici, 10, Milano, MI",Circolo Filologico Milanese,Art and culture exchange week in Milan,https://www.milanotoday.it/eventi/art-and-culture-exchange-week-in-milan-acew.html,Non classificato,"10, Via Clerici, Brera, Municipio 1, Milano, Lombardia, 20121, Italia",45.4672554,9.1870791
,14-09-24,2024-09-13,"Piazzale Donne Partigiane, 20142 Milano, Milano, Italia",Barrio's Live,Una notte all'Hazbin hotel,https://www.milanotoday.it/eventi/una-notte-all-hazbin-hotel-milano-edition-creativaeventi.html,Non classificato,"Piazzale Donne Partigiane, Boffalora, Municipio 6, Milano, Lombardia, 20142, Italia",45.4323049,9.1500229
Mostra,14-09-24,2024-09-13,"Via Celoria, 2, Milano, MI",Univerisità degli Studi di Milano - Dipartimento di Scienze e Politiche Ambientali,The future of digital humanities | Data Preservation and Dissemination in the Long Run,,Arte e cultura,"2, Via Giovanni Celoria, Città Studi, Municipio 3, Milano, Lombardia, 20133, Italia",45.4767732,9.227307
Mostre,31-12-24,2024-09-13,"Via Paolo Sarpi, 6, Milano, MI",Next Museum,Next Exhibition annuncia la collaborazione con Mattel: Barbie: A Cultural Icon Exhibition,https://www.milanotoday.it/eventi/mostre/next-exhibition-mattel-barbie-cultural-icon-exhibition.html,Arte e cultura,"Haro bbq, 6, Via Paolo Sarpi, Sarpi, Porta Volta, Municipio 8 di Milano, Milano, Lombardia, 20154, Italia",45.4818191,9.1801089
Mostre,08-12-24,2024-09-13,"Via Palestro, 16, Milano, MI",Galleria d'Arte Moderna (Gam),Le creazioni in cera e bronzo di Kelly Akashi per la prima volta a Milano,https://www.milanotoday.it/eventi/mostra-galleria-arte-moderna-kelly-akashi.html,Arte e cultura,"Galleria d'Arte Moderna, 16, Via Palestro, Guastalla, Municipio 1, Milano, Lombardia, 20121, Italia",45.4725327,9.199676
Disco&Feste,14-09-24,2024-09-13,"Viale Luigi Camoens, 2, Milano, MI",Just Me,La Notte Rosa torna a Milano (con una speciale salita sulla Torre Branca),https://www.milanotoday.it/eventi/notte-rosa-just-me-settembre-2024.html,Musica e vita notturna,"Viale Luigi Camoens, Parco Sempione, Municipio 1, Milano, Lombardia, 20154, Italia",45.4729814,9.1728556
Spettacoli,13-09-24,2024-09-13,"via Granelli 1,20099, Sesto San Giovanni, MI,Italia",Carroponte,The QVC Experience Tour,https://www.teatro.it/spettacoli/sesto-san-giovanni/carroponte/2024-2025/gemitaiz-the-qvc-experience-tour,Teatro e spettacolo,"Carroponte, 1, Via Luigi Granelli, Rondò, Torretta, Sesto San Giovanni, Zona Omogenea Milano Nord, Milano, Lombardia, 20099, Italia",45.529574,9.2209217
Spettacoli,13-09-24,2024-09-13,"Via Riccardo Pitteri,60,20134, Milano, MI,Italia",Arena Milano Est,La versione di Barbie,https://www.teatro.it/spettacoli/milano/arena-milano-est/2024-2025/alessandra-faiella-la-versione-di-barbie,Teatro e spettacolo,"Via Riccardo Pitteri, Lambrate, Municipio 3, Milano, Lombardia, 20134, Italia",45.4796903,9.2454355
Mostre,19-01-25,2024-09-13,"Via Paolo Sarpi, 6, Milano, MI",Next Area,Il magico mondo di Barbie in mostra a Milano (e come avere i biglietti scontati),https://www.milanotoday.it/eventi/mostra-barbie-biglietti-scontati-offerta.html,Arte e cultura,"Haro bbq, 6, Via Paolo Sarpi, Sarpi, Porta Volta, Municipio 8 di Milano, Milano, Lombardia, 20154, Italia",45.4818191,9.1801089
Incontro/presentazione,14-09-24,2024-09-14,"via Brera, 28, Milano, MI",Pinacoteca di Brera - Biblioteca Nazionale Braidense di Milano,La Grande Milano. Passeggiate e Incontri,,Formazione e networking,"Istituto Nazionale di Astrofisica – Osservatorio astronomico di Brera, 28, Via Brera, Cerchia dei Navigli, Municipio 1, Milano, Lombardia, 20121, Italia",45.4715946,9.1889707
,22-09-24,2024-09-14,"Via San Domenico Savio, 3, Milano, MI",Biblioteca Chiesa Rossa,I am an outsider di Marco Avaro,https://www.milanotoday.it/eventi/mostra-i-am-an-outsider-di-marco-avaro-marco-avaro.html,Non classificato,"Biblioteca Comunale Chiesa Rossa, 3, Via San Domenico Savio, Stadera, Municipio 5, Milano, Lombardia, 20142, Italia",45.4304092,9.1738751
Cibo e Vino,14-09-24,2024-09-14,"Piazza Schiavone, Milano, MI",piazza Schiavone,È stata organizzata una cena in bianco in una strada di Milano,https://www.milanotoday.it/eventi/cena-bianco-bovisa-2024.html,Enogastronomia,"Piazza Schiavone, Bovisa, Municipio 9, Milano, Lombardia, 20158, Italia",45.5002648,9.1644884
,14-09-24,2024-09-14,"Piazza della Resistenza, Milano, MI",Festival della Poesia,Alberto Bertoli al Festival della poesia 2024,https://www.milanotoday.it/eventi/alberto-bertoli-al-festival-della-poesia-2024-alberto-bertoli.html,Non classificato,"Piazza della Resistenza, Cantun Sciatin, Ospiate, Bollate, Milano, Lombardia, 20021, Italia",45.5465473,9.112871
Spettacoli,14-09-24,2024-09-14,"via Granelli 1,20099, Sesto San Giovanni, MI,Italia",Carroponte,Live 2025,https://www.teatro.it/spettacoli/sesto-san-giovanni/carroponte/2024-2025/ermal-meta-live,Teatro e spettacolo,"Carroponte, 1, Via Luigi Granelli, Rondò, Torretta, Sesto San Giovanni, Zona Omogenea Milano Nord, Milano, Lombardia, 20099, Italia",45.529574,9.2209217
Mostre,26-01-25,2024-09-14,"Piazza del Duomo, 12, Milano, MI",Palazzo Reale,"Munch, il grido interiore. La mostra a Milano",https://www.milanotoday.it/eventi/mostra-munch-palazzo-reale-2024.html,Arte e cultura,"Giacomo, 12, Piazza del Duomo, Duomo, Municipio 1, Milano, Lombardia, 20100, Italia",45.4632066,9.1914879
Manifestazioni,14-09-24,2024-09-14,"Via Riccardo Pitteri, 60, Milano, MI",Arena Milano Est,A Milano si prendono le onde con il festival del surf,https://www.milanotoday.it/eventi/festival-surf-arena-milano-est.html,Altri eventi,"Via Riccardo Pitteri, Lambrate, Municipio 3, Milano, Lombardia, 20134, Italia",45.4805358,9.2454637
,22-09-24,2024-09-14,"Via Rho, 90, Milano, MI",l'Agricola,All’Agricola di Lainate torna la Festa sull’aia,https://www.milanotoday.it/eventi/all-agricola-di-lainate-torna-la-festa-sull-aia.html,Non classificato,"Ristorante L'Agricola, 90, Via Rho, Cascina Bormioli, Lainate, Milano, Lombardia, 20020, Italia",45.5525855,9.0287989
Incontri,15-09-24,2024-09-14,"Piazza Castello, Milano, MI",Castello Sforzesco,Colori e laboratori per bambini: a Milano arriva il Festival del Disegno (ed è gratis),https://www.milanotoday.it/eventi/festival-disegno-2024.html,Formazione e networking,"Piazza Castello, Cerchia dei Navigli, Municipio 1, Milano, Lombardia, Italia",45.4704699,9.1819129
Mostre,26-01-25,2024-09-14,"Piazza del Duomo, 12, Milano, MI",Palazzo Reale,A Milano la mostra di Munch con oltre 100 opere (ma anche cinema e musica),https://www.milanotoday.it/eventi/mostra-munch-palazzo-reale.html,Arte e cultura,"Giacomo, 12, Piazza del Duomo, Duomo, Municipio 1, Milano, Lombardia, 20100, Italia",45.4632066,9.1914879
Disco&Feste,14-09-24,2024-09-14,"Viale Molise, 62, Milano, MI",Ex Macello,L'ultima festa (gratis) di Le Cannibale all'Ex Macello,https://www.milanotoday.it/eventi/festa-gratis-le-cannibale-ex-macello-settembre-2024.html,Musica e vita notturna,"Viale Molise, Ortomercato, Municipio 4, Milano, Lombardia, 20130, Italia",45.452308,9.2241311
,14-09-24,2024-09-14,"Via Achille Grandi, 48, Milano, MI",Ai Marinai di Napoli,Cena con delitto,https://www.milanotoday.it/eventi/cena-con-delitto-cena-in-scena.html,Non classificato,"International Street Restaurant, 48, Via Achille Grandi, Zona Industriale Alcide De Gasperi, Rho, Milano, Lombardia, 20017, Italia",45.5225692,9.0892383
Fitness,15-09-24,2024-09-14,"Piazza Sempione, Milano, MI",Arco della Pace,"A Milano torna l'evento top del benessere, oltre 500 appuntamenti tra workout e consulti medici: come iscriversi gratis",https://www.milanotoday.it/eventi/mypt-days-14-15-settembre.html,Sport e attività fisica,"Piazza Sempione, Parco Sempione, Municipio 1, Milano, Lombardia, Italia",45.4755976,9.1725451
,15-09-24,2024-09-14,"Via Valtellina, 5, Milano, MI",Lampo Milano,Mag to mag: il festival dei magazine di nicchia arriva a Milano,https://www.milanotoday.it/eventi/mag-to-mag-il-festival-dei-magazine-di-nicchia-arriva-a-milano-il-14-e-15-settembre.html,Non classificato,"5, Via Valtellina, Farini, Municipio 9, Milano, Lombardia, 20159, Italia",45.4909324,9.1810555
Disco&Feste,14-09-24,2024-09-14,"Via Rivoli, 6, Milano, MI",Piccolo Teatro Strehler,Musica sul sagrato del Teatro Strehler con la dj Turbolenta,https://www.milanotoday.it/eventi/festa-musica-sagrato-piccolo-teatro.html,Musica e vita notturna,"6, Via Rivoli, Brera, Municipio 1, Milano, Lombardia, 20121, Italia",45.4726093,9.182881
,15-09-24,2024-09-15,"Via Valenza, Milano, MI",Naviglio Grande,La fiera d'arte sul Naviglio con artisti provenienti da tutta Italia,https://www.milanotoday.it/eventi/fiera-arte-sul-naviglio.html,Non classificato,"Via Valenza, Navigli, Municipio 6, Milano, Lombardia, 20144, Italia",45.4514071,9.1691656
,15-09-24,2024-09-15,"Via Cancano, Milano, MI",Parco delle Cave,Corsa del ricordo,https://www.milanotoday.it/eventi/corsa-del-ricordo.html,Non classificato,"Via Cancano, La Viridiana, Forze Armate, Municipio 7, Milano, Lombardia, 20152, Italia",45.4607405,9.1017815
,15-09-24,2024-09-15,"Via Villa Mirabello, 6, Milano, MI",villa mirabello,Concerto lirico in Villa Mirabello,https://www.milanotoday.it/eventi/concerto-lirico-in-villa-mirabello-ekaterina-adamova.html,Non classificato,"6, Via Villa Mirabello, Maciachini - Maggiolina, Municipio 2, Milano, Lombardia, 20125, Italia",45.4970136,9.1979913
Concerti,15-09-24,2024-09-15,"Via Gaetano de Castillia, 28, Milano, MI",BAM Biblioteca degli Alberi,La grande musica classica nel parco della Biblioteca degli Alberi,https://www.milanotoday.it/eventi/festa-biblioteca-alberi-2024.html,Musica e vita notturna,"28, Via Gaetano De Castillia, Isola, Municipio 9, Milano, Lombardia, 20124, Italia",45.4857844,9.192789
Spettacoli,15-09-24,2024-09-15,"Via Larga 14,20122, Milano, MI,Italia",Lirico Giorgio Gaber,Music is Magic in Milan,https://www.teatro.it/spettacoli/milano/lirico-giorgio-gaber/2024-2025/allegro-moderato-the-music-man-project-music-is-magic-in-milan,Teatro e spettacolo,"Teatro Lirico Giorgio Gaber, 14, Via Larga, Cerchia dei Navigli, Municipio 1, Milano, Lombardia, 20122, Italia",45.4615135,9.1918702
Spettacoli,15-09-24,2024-09-15,"via Granelli 1,20099, Sesto San Giovanni, MI,Italia",Carroponte,IL TRE - Live Tour 2025,https://www.teatro.it/spettacoli/sesto-san-giovanni/carroponte/2024-2025/il-tre-fragili-tour,Teatro e spettacolo,"Carroponte, 1, Via Luigi Granelli, Rondò, Torretta, Sesto San Giovanni, Zona Omogenea Milano Nord, Milano, Lombardia, 20099, Italia",45.529574,9.2209217
,15-09-24,2024-09-15,"Via Giuseppe Candiani, 131, Milano, MI",La Scighera,"Aperello col baccello! Scambio piante, semi o talee",https://www.milanotoday.it/eventi/aperello-col-baccello-scambio-piante-semi-o-talee.html,Non classificato,"Civico 131, 131, Via Giuseppe Candiani, Bovisa, Municipio 9, Milano, Lombardia, 20158, Italia",45.5028773,9.1615665
,16-09-24,2024-09-16,"Via Filippo Argelati, 30A, Milano, MI",Selva Academy,Nasce Selva Academy di Carmela Caracozzi,https://www.milanotoday.it/eventi/nasce-selva-academy-di-carmela-caracozzi.html,Non classificato,"30a, Via Filippo Argelati, Navigli, Municipio 6, Milano, Lombardia, 20143, Italia",45.4495545,9.1714391
,20-09-24,2024-09-16,"Via Enrico Caviglia, 3, Milano, MI",Istituto Italiano di Fotografia,Universo 4,https://www.milanotoday.it/eventi/universo-4.html,Non classificato,"CSDM, 3, Via Enrico Caviglia, Lodi - Corvetto, Municipio 4, Milano, Lombardia, 20139, Italia",45.4428538,9.2307904
Incontri,16-09-24,2024-09-16,"Piazzetta Maurilio Bossi, 2, Milano, MI",Casa Brera,Career Day a Milano: un'occasione unica di oppurtunità lavorative e di lifestyle luxury nel cuore del quartiere Brera,https://www.milanotoday.it/eventi/career-day-casa-brera.html,Formazione e networking,"Piazzetta Maurilio Bossi, Brera, Municipio 1, Milano, Lombardia, 20121, Italia",45.4678514,9.1874394
Spettacoli,17-09-24,2024-09-17,"Viale dell'Innovazione 20,20126, Milano, MI,Italia",Arcimboldi,A House of Call,https://www.teatro.it/spettacoli/milano/arcimboldi/2024-2025/heiner-goebbels-a-house-of-call,Teatro e spettacolo,"20, Viale dell'Innovazione, Bicocca, Municipio 9, Milano, Lombardia, 20125, Italia",45.5148696,9.2135963
,17-09-24,2024-09-17,"Largo Metropolitana, 5, Milano, MI",Fiera Milano Rho,Anton Giulio Grande alla Milano fashion week 2024,https://www.milanotoday.it/eventi/anton-giulio-grande-alla-milano-fashion-week-2024-con-l-omaggio-a-brigitte-bardot-e-alain-delon-anton-giulio-grande.html,Non classificato,"Wind Tre, 5, Largo Metropolitana, Mazzo, Rho, Milano, Lombardia, 20017, Italia",45.5189855,9.0861391
,17-09-24,2024-09-17,"Corso di Porta Romana, 63, Milano, MI",Teatro Carcano,"Martedi 17 settembre al teatro carcano di milano “gyeonggi in fiore”, spettacolo di danza e musica tradizionale coreana",https://www.milanotoday.it/eventi/martedi-17-settembre-al-teatro-carcano.html,Non classificato,"Teatro Carcano, 63, Corso di Porta Romana, Crocetta, Municipio 1, Milano, Lombardia, 20121, Italia",45.4566842,9.1955297
,25-01-25,2024-09-17,"Via Comelico, 40, Milano, MI",Dep Art Gallery,Pino Pinelli si può essere poeti con una sola parola. La pittura dagli anni Settanta a oggi,https://www.milanotoday.it/eventi/pino-pinelli-si-puo-essere-poeti-con-una-sola-parola-la-pittura-dagli-anni-settanta-a-oggi-pino-pinelli.html,Non classificato,"Via Comelico, XXII Marzo, Municipio 4, Milano, Lombardia, 20135, Italia",45.4542938,9.2144305
Incontri,30-06-25,2024-09-17,"Piazza Adriano Olivetti, Milano, MI",STEP FuturAbility District,STEP FuturAbility District: un viaggio nel futuro. Gli incontri di aprile 2025,https://www.milanotoday.it/eventi/step-museo-futuro-fastweb-2024-2025.html,Formazione e networking,"Piazza Adriano Olivetti, Scalo Romana, Municipio 5, Milano, Lombardia, 20135, Italia",45.4431207,9.2043096
,17-09-24,2024-09-17,"Via Alessandro Manzoni, 40, Milano, MI",Teatro Manzoni,Danza interculturale,https://www.milanotoday.it/eventi/danza-interculturale-al-teatro-manzoni-milano.html,Non classificato,"40, Via Alessandro Manzoni, Cerchia dei Navigli, Municipio 1, Milano, Lombardia, 20121, Italia",45.4712799,9.1941811
,22-09-24,2024-09-17,"Via Raffaello Sanzio, 22, Milano, MI",BA Restaurant,Da Ba Restaurant mooncake in edizione limitata e uno speciale menù degustazione,https://www.milanotoday.it/eventi/da-martedi-17-a-domenica-22-settembre-da-ba-restaurant-mooncake-in-edizione-limitata-e-uno-speciale-menu-degustazione.html,Non classificato,"22, Via Raffaello Sanzio, De Angeli - Monte Rosa, Municipio 7, Milano, Lombardia, 20149, Italia",45.4682743,9.1519037
Mostre,17-11-24,2024-09-17,"Piazza del Duomo, 12, Milano, MI",Palazzo Reale,A Milano la prima grande mostra dedicata a Mike Bongiorno,https://www.milanotoday.it/eventi/mostra-mike-bongiorno-palazzo-reale.html,Arte e cultura,"Giacomo, 12, Piazza del Duomo, Duomo, Municipio 1, Milano, Lombardia, 20100, Italia",45.4632066,9.1914879
Spettacoli,18-09-24,2024-09-18,"Via Filodrammatici 2,20121, Milano, MI,Italia",Teatro Alla Scala,Il cappello di paglia di Firenze,https://www.teatro.it/spettacoli/milano/teatro-alla-scala/2024-2025/il-cappello-di-paglia-di-firenze,Teatro e spettacolo,"2, Via Filodrammatici, Brera, Milano, Lombardia, 20121, Italia",45.4676198,9.1884287
,20-09-24,2024-09-18,"Via Emilio Morosini, 8, Milano, MI",Giardino delle Culture - Municipio 4,Nuovo cinema diffuso: ritorna con un’anteprima la rassegna gratuita itinerante,https://www.milanotoday.it/eventi/nuovo-cinema-diffuso-ritorna-con-un-anteprima-dal-18-al-20-settembre-la-rassegna-gratuita-di-cinema-itinerante.html,Non classificato,"Via Emilio Morosini, XXII Marzo, Municipio 4, Milano, Lombardia, 20135, Italia",45.4579092,9.2103091
Incontri,14-10-24,2024-09-18,"Via San Fermo, 19, Milano, MI",Spazio HUS,Le attitudini di giano,https://www.milanotoday.it/eventi/le-attitudini-di-giano-2024.html,Formazione e networking,"Via San Fermo, Baggio, Municipio 7, Villaggio Cavour, Settimo Milanese, Milano, Lombardia, 20019, Italia",45.4630575,9.0747604
,12-10-24,2024-09-18,"Via Santa Maria Valle, 2, Milano, MI",MA-EC Gallery,Peek behind the curtain,https://www.milanotoday.it/eventi/peek-behind-the-curtain-marco-abrate-solo-show-a-cura-di-chiara-canali-marco-abrate-rebor.html,Non classificato,"Fondazione Alessandro Durini, 2, Via Santa Maria Valle, Cerchia dei Navigli, Municipio 1, Milano, Lombardia, 20123, Italia",45.4600544,9.1838916
,18-09-24,2024-09-18,"Via Brera, 2, Milano, MI",Galleria Ponte Rosso,"Presentazione del libro ""Perché non parli?"" di Carlo Adelio Galimberti",https://www.milanotoday.it/eventi/presentazione-del-libro-perche-non-parli-di-carlo-adelio-galimberti-carlo-adelio-galimberti.html,Non classificato,"Valstar, 2, Via Brera, Brera, Milano, Lombardia, 20121, Italia",45.4693543,9.1882354
,19-10-24,2024-09-19,"Via Santa Croce, 21, Milano, MI",ABC ARTE ONE OF,Michele Zaza: spazio arborescente,https://www.milanotoday.it/eventi/michele-zaza-spazio-arborescente-michele-zaza.html,Non classificato,"Clori Home and Flowers, 21, Via Santa Croce, Ticinese, Municipio 1, Milano, Lombardia, 20122, Italia",45.4534918,9.1813499
,21-09-24,2024-09-19,"Via Brera, 12, Milano, MI",Palazzo Citterio,Sixty years of Vogue Italia: sessant’anni di futuro,https://www.milanotoday.it/eventi/sixty-years-of-vogue-italia-sessant-anni-di-futuro.html,Non classificato,"12, Via Brera, Cerchia dei Navigli, Municipio 1, Milano, Lombardia, 20121, Italia",45.4704004,9.1878315
,24-11-24,2024-09-19,"Via del Vecchio Politecnico, 3, Milano, MI",Istituto Svizzero,Mostra personale di Monster Chetwynd,https://www.milanotoday.it/eventi/mostra-personale-di-monster-chetwynd-monster-chetwynd-11572736.html,Non classificato,"3, Via del Vecchio Politecnico, Guastalla, Municipio 1, Milano, Lombardia, 20121, Italia",45.4724248,9.1964505
Disco&Feste,20-09-24,2024-09-19,"Viale Luigi Camoens, 2, Milano, MI",Just Me,La festa speciale per la Fashion Week (e la salita sulla Torre Branca),https://www.milanotoday.it/eventi/festa-fashion-week-torre-branca.html,Musica e vita notturna,"Viale Luigi Camoens, Parco Sempione, Municipio 1, Milano, Lombardia, 20154, Italia",45.4729814,9.1728556
,19-10-24,2024-09-19,"Via Benedetto Marcello, 46, Milano, MI",Galleria Manifiesto Blanco,Ossimori urbani,https://www.milanotoday.it/eventi/mostra-ossimori-urbani-lara-zibret-manifiesto-blanco-lara-zibret.html,Non classificato,"Manifiesto Blanco, 46, Via Benedetto Marcello, Buenos Aires - Venezia, Municipio 3, Milano, Lombardia, 20124, Italia",45.4830737,9.2106807
,19-09-24,2024-09-19,"Via Pasquale Sottocorno, 27, Milano, MI",Art Luxury,Il riflesso dell'anima,https://www.milanotoday.it/eventi/mostra-collettiva-il-riflesso-dell-anima.html,Non classificato,"Ricci Osteria, 27, Via Pasquale Sottocorno, XXII Marzo, Municipio 4, Milano, Lombardia, 20129, Italia",45.4662072,9.2119112
Incontro/presentazione,19-09-24,2024-09-19,"via Brera, 28, Milano, MI",Pinacoteca di Brera - Biblioteca Nazionale Braidense di Milano,Girolamo Genga.  La pala di Cesena e il suo restauro alla Pinacoteca di Brera,,Formazione e networking,"Istituto Nazionale di Astrofisica – Osservatorio astronomico di Brera, 28, Via Brera, Cerchia dei Navigli, Municipio 1, Milano, Lombardia, 20121, Italia",45.4715946,9.1889707
,29-09-24,2024-09-20,"Via Giacomo Matteotti, Milano, MI",Parco Borromeo,"Il nuovo format artistico, culturale e musicale “Corte di Menelao”",https://www.milanotoday.it/eventi/il-nuovo-format-artistico-culturale-e-musicale-corte-di-menelao-prossimo-all-esordio-a-peschiera-borromeo-con-comici-apparsi-in-tivu-tribute-band-e-artisti-di-strada-come-maghi-trampolieri-mangiafuoco.html,Non classificato,"Via Giacomo Matteotti, San Magno, Oltresempione, Legnano, Milano, Lombardia, 20025, Italia",45.5956149,8.9219135
Disco&Feste,22-09-24,2024-09-20,"Piazza del Cannone, Milano, MI",,"Mind Fest, la prima festa dedicata all'innovazione e alla tecnologia",https://www.milanotoday.it/eventi/mind-fest-milano.html,Musica e vita notturna,"Piazza del Cannone, Parco Sempione, Municipio 1, Milano, Lombardia, Italia",45.4716693,9.1780647
Incontri,01-11-24,2024-09-20,"Via Tonale, Milano, MI",Campo di Federica,L'incredibile campo di zucche alle porte di Milano,https://www.milanotoday.it/eventi/campo-di-zucche-nerviano.html,Formazione e networking,"Via Tonale, Centrale, Municipio 2, Milano, Lombardia, 20124, Italia",45.4892842,9.201747
,21-09-24,2024-09-20,"Via Valtellina, 21, Milano, MI",Gate,Glitterbox con Carl Craig,https://www.milanotoday.it/eventi/glitterbox-con-carl-craig-carl-craig.html,Non classificato,"Gate, 21, Via Valtellina, Isola, Municipio 9, Milano, Lombardia, 20159, Italia",45.4943778,9.1819083
Moda,20-09-24,2024-09-20,"Via Giovanni Battista Sammartini, 2, Milano, MI",Mercato Centrale Milano,Al Mercato Centrale Milano la sfilata evento collettiva che unisce i designer della nuova avanguardia,https://www.milanotoday.it/eventi/milano-underground-moda.html,Mercati e shopping,"2, Via Giovanni Battista Sammartini, Centrale, Municipio 2, Milano, Lombardia, 20125, Italia",45.4906477,9.2074972
,21-09-24,2024-09-20,"Via Bassano Porrone, 8, Milano, MI",DESCO,Nazareno Noia and friends,https://www.milanotoday.it/eventi/nazareno-noia-and-friends-la-moda-la-festa-la-noia-nazareno-noia.html,Non classificato,"Desco, 8, Via Bassano Porrone, Brera, Municipio 1, Milano, Lombardia, 20121, Italia",45.4661559,9.1867017
,20-09-24,2024-09-20,"Via San Vittore, 21, Milano, MI",Museo Nazionale Scienza e Tecnologia,"Sostenibilità a 360°: conferenza, networking e moda al Wso day",https://www.milanotoday.it/eventi/sostenibilita-a-360-conferenza-networking-e-moda-al-wso-day.html,Non classificato,"21, Via San Vittore, Magenta - San Vittore, Municipio 1, Milano, Lombardia, 20123, Italia",45.4628946,9.1706462
Sport,20-09-24,2024-09-20,"Via Palestro, Milano, MI",Giardini Pubblici Indro Montanelli di Milano,A Milano si corre di notte in pigiama (per fare del bene),https://www.milanotoday.it/eventi/pigiama-run-2024-corsa-pigiama.html,Sport e attività fisica,"Via Palestro, Giardini Porta Venezia, Municipio 1, Milano, Lombardia, 20219, Italia",45.4722109,9.2017814
Manifestazioni,21-09-24,2024-09-21,"Via Leone Tolstoi, Milano, MI",via Tolstoj,"""No Parking Day"", la festa in via Tolstoj con musica e laboratori",https://www.milanotoday.it/eventi/no-parking-day-festa-via-tolstoj.html,Altri eventi,"Via Leone Tolstoi, Bande Nere, Municipio 6, Milano, Lombardia, 20146, Italia",45.4578965,9.1469856
,21-09-24,2024-09-21,"Piazza Castello, Milano, MI",Entrata principale Castello,I Visconti e l'enigma dei tarocchi: significati e labirinti degli arcani maggiori,https://www.milanotoday.it/eventi/i-visconti-e-l-enigma-dei-tarocchi-significati-e-labirinti-degli-arcani-maggiori-italia-in-tour.html,Non classificato,"Piazza Castello, Cerchia dei Navigli, Municipio 1, Milano, Lombardia, Italia",45.4704699,9.1819129
,21-09-24,2024-09-21,"Via Rimini, 38, Milano, MI",Arca,Festa in piazza per tutto il quartiere,https://www.milanotoday.it/eventi/festa-in-piazza-per-tutto-il-quartiere.html,Non classificato,"38, Via Rimini, San Cristoforo, Municipio 6, Milano, Lombardia, 20142, Italia",45.440858,9.1692032
Manifestazioni,21-09-24,2024-09-21,"Darsena, Milano, MI",Darsena,Batman compie 85 anni (e Milano lo festeggia così),https://www.milanotoday.it/eventi/festa-batman-segnale-darsena.html,Altri eventi,"Darsena, Navigli, Municipio 6, Milano, Lombardia, Italia",45.4536286,9.1755852
Spettacoli,21-09-24,2024-09-21,"Viale dell'Innovazione 20,20126, Milano, MI,Italia",Arcimboldi,PINK FLOYD LEGEND DAY,https://www.teatro.it/spettacoli/milano/arcimboldi/2024-2025/pink-floyd-legend-day,Teatro e spettacolo,"20, Viale dell'Innovazione, Bicocca, Municipio 9, Milano, Lombardia, 20125, Italia",45.5148696,9.2135963
Disco&Feste,21-09-24,2024-09-21,"Via Molino delle Armi, 16, Milano, MI",Volt,Una serata di musica house dove ballare tutta la notte,https://www.milanotoday.it/eventi/serata-volt-dj-dixon.html,Musica e vita notturna,"Volt Club, 16, Via Molino delle Armi, Cerchia dei Navigli, Municipio 1, Milano, Lombardia, 20123, Italia",45.4568891,9.1840788
Disco&Feste,21-09-24,2024-09-21,"Via Tortona, 27, Milano, MI",Super Club,Le Cannibale inaugura la nuova stagione al Super Club,https://www.milanotoday.it/eventi/festa-le-cannibale-super-club.html,Musica e vita notturna,"Mandarina duck, 27, Via Tortona, Tortona, Municipio 6, Milano, Lombardia, 20144, Italia",45.4506784,9.1634775
,21-09-24,2024-09-21,"Via Fabio Massimo, 19, Milano, MI",centro intern. di quartiere,Tributo a Fabrizio De Andrè,https://www.milanotoday.it/eventi/tributo-fabrizio-de-andre-figli-di-un-temporale.html,Non classificato,"19, Via Fabio Massimo, Lodi - Corvetto, Municipio 4, Milano, Lombardia, 20139, Italia",45.4349742,9.2277681
Disco&Feste,21-09-24,2024-09-21,"Via Gaudenzio Fantoli, 9, Milano, MI",Fabrique,La festa di musica elettronica (e non solo) di Afterlife al Fabrique,https://www.milanotoday.it/eventi/festa-afterlife-fabrique.html,Musica e vita notturna,"Fabrique, 9, Via Gaudenzio Fantoli, Mecenate, Municipio 4, Milano, Lombardia, 20138, Italia",45.4521243,9.2522773
Disco&Feste,21-09-24,2024-09-21,"Via Gaetano Negri, 10, Milano, MI",MiB Milano,"Fashion Week, un party esclusivo nel cuore di Milano",https://www.milanotoday.it/eventi/festa-fashion-week-mib-milano.html,Musica e vita notturna,"BPER Banca, 10, Via Gaetano Negri, Cerchia dei Navigli, Municipio 1, Milano, Lombardia, 20123, Italia",45.4651327,9.1836481
Disco&Feste,21-09-24,2024-09-21,"Piazzale dello Sport, 16, Milano, MI",Ippodromo di San Siro,Musica elettronica e luci psicheledilche: a Milano arriva il super party di Afterlife,https://www.milanotoday.it/eventi/festa-afterlife-ippodromo-2024.html,Musica e vita notturna,"Piazzale dello Sport, San Siro, Municipio 7, Milano, Lombardia, 20148, Italia",45.4789681,9.130166
Disco&Feste,21-09-24,2024-09-21,"Via Torino, 64, Milano, MI",Art Mall Milano,Il super party per la Settimana della Moda in una galleria d'arte di Milano,https://www.milanotoday.it/eventi/festa-settimana-moda-galleria-d-arte-art-mall.html,Musica e vita notturna,"Natura, 64, Via Torino, Cerchia dei Navigli, Municipio 1, Milano, Lombardia, 20123, Italia",45.4607911,9.1827157
,21-09-24,2024-09-21,"Via Chiese, Milano, MI",uci cinema Bicocca,"Première docufilm ""La Massoneria""",https://www.milanotoday.it/eventi/premiere-docufilm-lux-vera-6023-la-massoneria.html,Non classificato,"Via Chiese, Bicocca, Municipio 9, Milano, Lombardia, 20126, Italia",45.5199672,9.218792
Manifestazioni,22-09-24,2024-09-21,"Via Rho, 90, Milano, MI",Azienda Agricola L'Agricola,All'Agricola di Lainate torna la Festa sull'Aia,https://www.milanotoday.it/eventi/festa-azienda-agricola-lainate-settembre-2024.html,Altri eventi,"Ristorante L'Agricola, 90, Via Rho, Cascina Bormioli, Lainate, Milano, Lombardia, 20020, Italia",45.5525855,9.0287989
,21-09-24,2024-09-21,"Corso Monforte, Milano, MI",Davanti basilica di San Babila,"La rinascita di Milano: dall'editoria, alle pubblicità, dal design, ai capitani d'industria",https://www.milanotoday.it/eventi/la-rinascita-di-milano-dall-editoria-alle-pubblicita-dal-design-ai-capitani-d-industria-italia-in-tour.html,Non classificato,"Corso Monforte, Guastalla, Municipio 1, Milano, Lombardia, 20122, Italia",45.4677802,9.2055998
,21-09-24,2024-09-21,"Via Cristina Belgioioso, 120, Milano, MI",carcere di Bollate,Il mercatino dell'artigianato organizzato all'interno del carcere di Bollate,https://www.milanotoday.it/eventi/mercatino-carcere-bollate-2024.html,Non classificato,"120, Via Cristina Belgioioso, Fiorenza, Cassina Triulza, MIND, Municipio 8 di Milano, Milano, Lombardia, 20021, Italia",45.5231046,9.101445
,22-09-24,2024-09-21,"Via Giuseppe Verdi, Milano, MI","Vie Dante e Verdi – CORSICO  Via della Pace, nei pressi del Maniero della Contrada La Flora - LEGNANO",Gli ambulanti di Forte dei Marmi a Corsico e Legnano,https://www.milanotoday.it/eventi/gli-ambulanti-di-forte-dei-marmi-a-corsico-e-legnano-nel-week-end-del-21-e-22-settembre.html,Non classificato,"Via Giuseppe Verdi, Brera, Municipio 1, Milano, Lombardia, 20121, Italia",45.4689113,9.1883634
Incontri,29-09-24,2024-09-21,"Via Enrico Besana, 12, Milano, MI",MUBA – Museo dei Bambini di Milano,Al Muba arriva una speciale mostra sul colore,https://www.milanotoday.it/eventi/mostra-colore-muba.html,Formazione e networking,"MUBA - Museo dei Bambini, 12, Via Enrico Besana, Guastalla, Municipio 1, Milano, Lombardia, 20122, Italia",45.4599507,9.2051279
,22-09-24,2024-09-21,"Via Roma, 26, Milano, MI",Discoteca & Ristorante Fell in Love,Gabry Ponte a Milano,https://www.milanotoday.it/eventi/gabry-ponte-al-fell-in-love-ex-fellini-di-milano-il-21-settembre-2024-gabry-ponte.html,Non classificato,"26, Via Roma, San Domenico, Oltresempione, Legnano, Milano, Lombardia, 20025, Italia",45.5974198,8.9127391
Cibo e Vino,22-09-24,2024-09-22,"Via Tortona, 35, Milano, MI",NHow Hotel,"Sake Experience 2024, oltre oltre 700 varietà di sake nel cuore di Milano",https://www.milanotoday.it/eventi/sake-experience-2024-nhow-hotel-tortona.html,Enogastronomia,"Elite Italia, 35, Via Tortona, Tortona, Municipio 6, Milano, Lombardia, 20144, Italia",45.4499864,9.1598472
,22-09-24,2024-09-22,"Via Padre Massimiliano Kolbe, 5, Milano, MI",nella palestrina dell'oratorio,Mercatino benefico Kolbe,https://www.milanotoday.it/eventi/mercatino-benefico-kolbe-domenica-22-settembre-2024.html,Non classificato,"Via Padre Massimiliano Kolbe, Corsica, Municipio 4, Milano, Lombardia, 20059, Italia",45.4614572,9.2325534
,22-09-24,2024-09-22,"Via Riccardo Pitteri, 58, Milano, MI",Teatro Martinitt,Remira vintage market,https://www.milanotoday.it/eventi/remira-vintage-market-settembre-2024.html,Non classificato,"Via Riccardo Pitteri, Lambrate, Municipio 3, Milano, Lombardia, 20134, Italia",45.4805358,9.2454637
,22-09-24,2024-09-22,"Via Antonio Canova, 11, Milano, MI",Ashram Yoga Milano,Giornata aperta di yoga,https://www.milanotoday.it/eventi/giornata-aperta-di-yoga-giovanna-cardinale-e-deborah-gheller.html,Non classificato,"11, Via Antonio Canova, Pagano, Municipio 1, Milano, Lombardia, 20145, Italia",45.474811,9.1686013
,22-09-24,2024-09-22,"Via Pilastrello, Milano, MI",Parco comunale,AmbientAzione: festa-mercato,https://www.milanotoday.it/eventi/ambientazione-festa-mercato.html,Non classificato,"Via Pilastrello, Battiloca, Dugnanino, Paderno Dugnano, Zona Omogenea Milano Nord, Milano, Lombardia, 20037, Italia",45.5622433,9.1578281
,22-09-24,2024-09-22,"Via Padre Massimiliano Kolbe, 5, Milano, MI",nella palestrina dell'oratorio,Mercatino parrocchiale benefico Kolbe,https://www.milanotoday.it/eventi/apertura-mercatino-parrocchiale-benefico-kolbe-domenica-22-settembre-2024.html,Non classificato,"Via Padre Massimiliano Kolbe, Corsica, Municipio 4, Milano, Lombardia, 20059, Italia",45.4614572,9.2325534
,22-09-24,2024-09-22,"Via Giuseppe Gabetti, 15, Milano, MI",cascina Torrette - Mare culturale urbano,Esplorazioni: l'evento sull'ecologia,https://www.milanotoday.it/eventi/esplorazioni-l-evento-sull-ecologia.html,Non classificato,"Cascina Torrette di Trenno, 15, Via Giuseppe Gabetti, Quartiere Vercellese, Forze Armate, Municipio 7, Milano, Lombardia, 20147, Italia",45.4687457,9.1240256
,18-05-25,2024-09-22,"Via Marco D'Oggiono, Milano, MI",Teatro LabArca,Un libro e un film con tè - circolo di lettura con Alessandra Casella,https://www.milanotoday.it/eventi/un-libro-e-un-film-con-te-circolo-di-lettura-con-alessandra-casella-alessandra-casella.html,Non classificato,"Via Marco d'Oggiono, Ticinese, Municipio 1, Milano, Lombardia, 20123, Italia",45.4569667,9.1758861
Concerti,27-09-24,2024-09-23,"Viale dell'Innovazione, 20, Milano, MI",Teatro Arcimboldi,Renga e Nek in concerto insieme a Milano. Orari e biglietti,https://www.milanotoday.it/eventi/concerto-renga-nek-arcimboldi-biglietti.html,Musica e vita notturna,"20, Viale dell'Innovazione, Bicocca, Municipio 9, Milano, Lombardia, 20125, Italia",45.5148696,9.2135963
Mostra,23-09-24,2024-09-23,"Via Senato, Milano, MI",Soprintendenza Archivistica e Bibliografica della Lombardia,"Archiviare il presente: partecipazione, attivismo, diritti | Le istituzioni di conservazione: come innovare la propria funzione?",,Arte e cultura,"Via Senato, Cerchia dei Navigli, Municipio 1, Milano, Lombardia, 20121, Italia",45.4714266,9.1962309
,15-11-24,2024-09-24,"Corso Vittorio Emanuele II, 9, Milano, MI",PhotoSquare,Volare! Fra terra e cielo,https://www.milanotoday.it/eventi/volare-fra-terra-e-cielo.html,Non classificato,"Calzedonia, 9, Corso Vittorio Emanuele Secondo, Duomo, Municipio 1, Milano, Lombardia, 20122, Italia",45.4654838,9.1953476
,28-09-24,2024-09-24,"Via Demetrio Stratos, Milano, MI",CityLife,Apertura straordinaria degli orti fioriti di CityLife in occasione della Green Week,https://www.milanotoday.it/eventi/apertura-straordinaria-degli-orti-fioriti-di-citylife-in-occasione-della-green-week.html,Non classificato,"Via Demetrio Stratos, Tre Torri, Municipio 8 di Milano, Milano, Lombardia, 20149, Italia",45.478678,9.1524136
,24-09-24,2024-09-24,"Via Enrico Toti, 2, Milano, MI",Residenza Vignazle,Safe heart odv presenta aperitivo solidale e visita guidata alla residenza Vignale,https://www.milanotoday.it/eventi/safe-heart-odv-presenta-aperitivo-solidale-e-visita-guidata-alla-residenza-vignale-il-24-settembre-a-milano-safe-heart-odv.html,Non classificato,"Residenza Vignale, 2, Via Enrico Toti, Magenta - San Vittore, Municipio 1, Milano, Lombardia, 20123, Italia",45.4668066,9.1664078
,25-10-24,2024-09-24,"Via Ascanio Sforza, 69, Milano, MI",Milano,Quasieden,https://www.milanotoday.it/eventi/quasieden-piermario-dorigatti-adriano-moneghetti-leo-ragno.html,Non classificato,"69, Via Ascanio Sforza, Ticinese, Municipio 5, Milano, Lombardia, 20141, Italia",45.4431758,9.1764198
Convegno/conferenza,25-09-24,2024-09-25,"via Brera, 28, Milano, MI",Pinacoteca di Brera - Biblioteca Nazionale Braidense di Milano,Francesco Novati e la Milano della Belle Époque,,Formazione e networking,"Istituto Nazionale di Astrofisica – Osservatorio astronomico di Brera, 28, Via Brera, Cerchia dei Navigli, Municipio 1, Milano, Lombardia, 20121, Italia",45.4715946,9.1889707
,25-09-24,2024-09-25,"Via Giuseppe Candiani, 131, Milano, MI",La Scighera,Lezione di prova gratuita lindy hop,https://www.milanotoday.it/eventi/lezione-di-prova-gratuita-lindy-hop.html,Non classificato,"Civico 131, 131, Via Giuseppe Candiani, Bovisa, Municipio 9, Milano, Lombardia, 20158, Italia",45.5028773,9.1615665
Incontro/presentazione,25-09-24,2024-09-25,"via Brera, 28, Milano, MI",Pinacoteca di Brera,ARCHITETTURA delle RELAZIONI,,Formazione e networking,"Istituto Nazionale di Astrofisica – Osservatorio astronomico di Brera, 28, Via Brera, Cerchia dei Navigli, Municipio 1, Milano, Lombardia, 20121, Italia",45.4715946,9.1889707
,25-09-24,2024-09-25,"Via Luigi Capranica, 18, Milano, MI",Il Magazzino,La pedagogia intuitiva di Rudolf Steiner,https://www.milanotoday.it/eventi/la-pedagogia-intuitiva-di-rudolf-steiner-serata-di-presentazione-fabio-alessandri.html,Non classificato,"18, Via Luigi Capranica, Città Studi, Municipio 3, Milano, Lombardia, 20131, Italia",45.484939,9.2316378
,25-09-24,2024-09-25,"Piazza Compasso d'Oro, 1, Milano, MI","Milano, ADI Design Museum",Nobìlita festival,https://www.milanotoday.it/eventi/nobilita-festival.html,Non classificato,"ADI Design Museum, 1, Piazza Compasso d’Oro, Sarpi, Porta Volta, Municipio 8 di Milano, Milano, Lombardia, 20154, Italia",45.4831707,9.1792778
,29-09-24,2024-09-26,"Via Pescantina, 8, Milano, MI",Fabbrica di Lampadine,Schadenfreude: spettacolo comico sulla sfiga altrui,https://www.milanotoday.it/eventi/schadenfreude-spettacolo-comico-sulla-sfiga-altrui-salvatore-cutri-e-francesco-ferrara.html,Non classificato,"8, Via Pescantina, Niguarda - Cà Granda, Municipio 9, Milano, Lombardia, 20162, Italia",45.5231811,9.2029173
Convegno/conferenza,26-09-24,2024-09-26,"Via Brera, 28, Milano, MI",Pinacoteca di Brera,Presentazione della nuova identità visiva della GRANDE BRERA,,Formazione e networking,"Istituto Nazionale di Astrofisica – Osservatorio astronomico di Brera, 28, Via Brera, Cerchia dei Navigli, Municipio 1, Milano, Lombardia, 20121, Italia",45.4715946,9.1889707
,26-10-24,2024-09-26,"Via Maloia, 1, Milano, MI",spazioSERRA,Bridging worlds: Xaarchive,https://www.milanotoday.it/eventi/bridging-worlds-xaarchive-xaarchive.html,Non classificato,"Via Maloia, Farini, Municipio 9, Milano, Lombardia, 20158, Italia",45.4946286,9.1768212
,26-09-24,2024-09-26,"Piazza Leonardo da Vinci, 32, Milano, MI","Politecnico di Milano, Piazza Leonardo da Vinci",Il tempo dei giganti con Paola Turci e Gino Castaldo,https://www.milanotoday.it/eventi/il-tempo-dei-giganti-con-paola-turci-e-gino--castaldo-paola-turci-e-gino-castaldo.html,Non classificato,"32, Piazza Leonardo da Vinci, Città Studi, Municipio 3, Milano, Lombardia, 20133, Italia",45.4778083,9.2272468
Cinema,26-09-24,2024-09-26,"Piazza Adriano Olivetti, 1, Milano, MI",STEP FuturAbility District,"'Tech, si gira!': futuro, tecnologia e lavoro al centro del docufilm ""After Work”",https://www.milanotoday.it/eventi/step-techsigira-after-work.html,Arte e cultura,"Piazza Adriano Olivetti, Scalo Romana, Municipio 5, Milano, Lombardia, 20135, Italia",45.4431207,9.2043096
,29-09-24,2024-09-26,"Via Carlo Imbonati, 11, Milano, MI",IMBONATI11 - Art Hub,La Sicilia arriva a Milano,https://www.milanotoday.it/eventi/la-sicilia-arriva-a-milano-al-fringe-milano-off-solo-per-4-date-morfeo-company.html,Non classificato,"Via Carlo Imbonati, Dergano, Municipio 9, Milano, Lombardia, 20159, Italia",45.5009134,9.1826944
,27-09-24,2024-09-26,"Via Pietrasanta, 16, Milano, MI",magazzini generali,Diplo djset ai Magazzini Generali,https://www.milanotoday.it/eventi/diplo-djset-ai-magazzini-generali-diplo.html,Non classificato,"16, Via Pietrasanta, Ex Om - Morivione, Municipio 5, Milano, Lombardia, 20141, Italia",45.4440954,9.1951652
,29-09-24,2024-09-26,"Via Edmondo de Amicis, 17, Milano, MI",Centro Studi Circolo Caldara,Siamo fatti della stessa materia,https://www.milanotoday.it/eventi/siamo-fatti-della-stessa-materia-margot-theatre.html,Non classificato,"Antiquarium Alda Levi, 17, Via Edmondo De Amicis, Ticinese, Municipio 1, Milano, Lombardia, 20123, Italia",45.4577507,9.1796498
Spettacoli,27-09-24,2024-09-27,"Viale dell'Innovazione 20,20126, Milano, MI,Italia",Arcimboldi,RENGANEK - Live 2024,https://www.teatro.it/spettacoli/milano/arcimboldi/2024-2025/renga-nek-renganek-live-2024,Teatro e spettacolo,"20, Viale dell'Innovazione, Bicocca, Municipio 9, Milano, Lombardia, 20125, Italia",45.5148696,9.2135963
Spettacoli,27-09-24,2024-09-27,"Via Hoepli 3b,20121, Milano, MI,Italia",Auditorium San Fedele,We call it Tango,https://www.teatro.it/spettacoli/milano/auditorium-san-fedele/2024-2025/we-call-it-tango,Teatro e spettacolo,"Via Ulrico Hoepli, Duomo, Municipio 1, Milano, Lombardia, 20122, Italia",45.4665215,9.1926359
Mostre,27-09-24,2024-09-27,"Via San Vittore, 21, Milano, MI",Museo Nazionale Scienza e Tecnologia,Ingresso gratis al Museo di Scienza e Tecnologia: open night della ricerca,https://www.milanotoday.it/eventi/notte-bianca-27-settembre-2024.html,Arte e cultura,"21, Via San Vittore, Magenta - San Vittore, Municipio 1, Milano, Lombardia, 20123, Italia",45.4628946,9.1706462
,29-09-24,2024-09-27,"Piazza Sempione, Milano, MI",Arco della Pace,Eurosport presenta lo Sport&Fun experience village,https://www.milanotoday.it/eventi/eurosport-presenta-lo-sport-fun-experience-village-a-milano-dal-27-al-29-settembre.html,Non classificato,"Piazza Sempione, Parco Sempione, Municipio 1, Milano, Lombardia, Italia",45.4755976,9.1725451
,27-09-24,2024-09-27,"Via Giuseppe Candiani, 131, Milano, MI",La Scighera,Vent’anni di “Resistenza e amore”,https://www.milanotoday.it/eventi/vent-anni-di-resistenza-e-amore-alessio-lega.html,Non classificato,"Civico 131, 131, Via Giuseppe Candiani, Bovisa, Municipio 9, Milano, Lombardia, 20158, Italia",45.5028773,9.1615665
Disco&Feste,27-09-24,2024-09-27,"Via San Vittore, 21, Milano, MI",Museo Nazionale Scienza e Tecnologia,La Notte Europea delle Ricercatrici e dei Ricercatori nel cuore di Milano,https://www.milanotoday.it/eventi/notte-europea-ricercatori-museo-scienza.html,Musica e vita notturna,"21, Via San Vittore, Magenta - San Vittore, Municipio 1, Milano, Lombardia, 20123, Italia",45.4628946,9.1706462
Inaugurazioni,29-09-24,2024-09-27,"Corso Garibaldi, 89/A, Milano, MI",Casa degli Artisti di Brera,"A Milano arriva nuova INSTER: un'esperienza alla scoperta dell'innovazione, design e della korean wave",https://www.milanotoday.it/eventi/anteprima-hyundai-inster.html,Inaugurazioni,"89a, Corso Giuseppe Garibaldi, Brera, Municipio 1, Milano, Lombardia, 20121, Italia",45.4766585,9.1833827
,27-09-24,2024-09-27,"Via Giulio Cesare Procaccini, 4, Milano, MI",Fabbrica del Vapore,Alf premi cinema,https://www.milanotoday.it/eventi/alf-premi-cinema-cerimonia-ii-edizione.html,Non classificato,"4, Via Giulio Cesare Procaccini, Bullona, Porta Volta, Municipio 8 di Milano, Milano, Lombardia, 20154, Italia",45.4839945,9.1753796
Spettacoli,27-09-24,2024-09-27,"Via Alessandro Manzoni 42,20121, Milano, MI,Italia",Manzoni,Buon Compleanno Mimì,https://www.teatro.it/spettacoli/milano/manzoni/2024-2025/buon-compleanno-mimi,Teatro e spettacolo,"Teatro Manzoni, 42, Via Alessandro Manzoni, Cerchia dei Navigli, Municipio 1, Milano, Lombardia, 20121, Italia",45.4710286,9.1944762
,05-10-24,2024-09-27,"Largo Corsia dei Servi, 4, Milano, MI",CENTRO CULTURALE DI MILANO,Look at art,https://www.milanotoday.it/eventi/look-at-art-centro-culturale-di-milano-jelmoni-studio-gallery.html,Non classificato,"Largo Corsia dei Servi, Duomo, Municipio 1, Milano, Lombardia, 20122, Italia",45.4647722,9.1958825
Mostra,27-09-24,2024-09-27,"Via San Vittore, 21, Milano, MI",Museo Nazionale della Scienza e della Tecnologia Leonardo da Vinci,Open Night: A tu per tu con la ricerca | Scatti d’industria. Le imprese lombarde nell’archivio Studio Sella,,Arte e cultura,"21, Via San Vittore, Magenta - San Vittore, Municipio 1, Milano, Lombardia, 20123, Italia",45.4628946,9.1706462
Sport,29-09-24,2024-09-27,"Piazza Sempione, Milano, MI",Arco della Pace,Nel cuore di Milano arriva un villaggio sportivo (e si può giocare con i grandi campioni),https://www.milanotoday.it/eventi/villaggio-sportivo-sport-fun-arco-della-pace.html,Sport e attività fisica,"Piazza Sempione, Parco Sempione, Municipio 1, Milano, Lombardia, Italia",45.4755976,9.1725451
,11-10-24,2024-09-27,"Via Emilio de Martino, 2, Milano, MI",Oratorio Pratocentenaro,Il piccolo coro sta per rincominciare...vieni a cantare con noi!,https://www.milanotoday.it/eventi/il-piccolo-coro-sta-per-rincominciare-vieni-a-cantare-con-noi-piccolo-coro-san-paolo.html,Non classificato,"2, Via Emilio De Martino, Niguarda - Cà Granda, Municipio 9, Milano, Lombardia, 20162, Italia",45.5083203,9.198079
,05-10-24,2024-09-27,"Viale Antonio Gramsci, 194, Milano, MI",Auditorium BCC,Armoniaviva 2024,https://www.milanotoday.it/eventi/armoniaviva-2024-bellezza-dintorni-vari.html,Non classificato,"194, Viale Antonio Gramsci, Baraggia, Sesto San Giovanni, Zona Omogenea Milano Nord, Milano, Lombardia, 20099, Italia",45.539871,9.2368459
,05-10-24,2024-09-27,"Largo Corsia dei Servi, 4, Milano, MI",Centro Culturale di Milano,Maria Pacheco Cibils in mostra a look at art,https://www.milanotoday.it/eventi/maria-pacheco-cibils-in-mostra-a-look-at-art-maria-pacheco-cibils.html,Non classificato,"Largo Corsia dei Servi, Duomo, Municipio 1, Milano, Lombardia, 20122, Italia",45.4647722,9.1958825
Inaugurazioni,29-09-24,2024-09-27,"Via Giovanni da Procida, 8, Milano, MI",Pet store Arcaplanet,Nel cuore di Milano apre un nuovo pet store con sconti esclusivi,https://www.milanotoday.it/eventi/inaugurazione-pet-store-via-da-procida.html,Inaugurazioni,"8, Via Giovanni da Procida, Pagano, Bullona, Municipio 8 di Milano, Milano, Lombardia, 20149, Italia",45.4796873,9.1625081
Cibo e Vino,29-09-24,2024-09-27,"Via Giacomo Matteotti, 18, Milano, MI",Parco Borromeo,La sagra del pesce alle porte di Milano,https://www.milanotoday.it/eventi/sagra-del-pesce-peschiera-borromeo-2024.html,Enogastronomia,"18, Via Giacomo Matteotti, Ravello, Parabiago, Milano, Lombardia, 20015, Italia",45.5559394,8.9460778
Spettacoli,27-09-24,2024-09-27,"Via G. di Vittorio 6,20090, Assago, MI,Italia",Unipol Forum,NEGRITA - Canzoni per anni spietati,https://www.teatro.it/spettacoli/assago/mediolanum-forum/2024-2025/negrita-30-live,Teatro e spettacolo,"20090, Italy",45.407,9.1083
Incontri,28-09-24,2024-09-28,"Via Francesco de Lemene, 50, Milano, MI",Cascina Boldinasco,"Milano, serata solidale in cascina per raccontare la cooperazione",https://www.milanotoday.it/eventi/milano-serata-solidale.html,Formazione e networking,"50, Via Francesco De Lemene, Villapizzone, Garegnano, Municipio 8 di Milano, Milano, Lombardia, 20156, Italia",45.4938377,9.1358746
Itinerario culturale,29-09-24,2024-09-28,"Piazza Gramsci, 79, Milano, MI",Museo Civico di Canneto Sull’Oglio - Centro di Documentazione dell’Ecomuseo Ecomuseo Valli Oglio-Chiese,Luoghi connessi lungo Cammino di Santa Giulia. Alla scoperta dei patrimoni nascosti nel Parco Oglio Sud (visita guidata),,Arte e cultura,"Piazza Antonio Gramsci, Sarpi, Bullona, Municipio 8 di Milano, Milano, Lombardia, Italia",45.4816852,9.1686531
Visita Guidata,29-09-24,2024-09-28,"Piazza della Chiesa, Milano, MI",Ecomuseo della Valgerola - Quadreria San Lorenzo – Cosio Valtellino frazione Sacco,Giornate Europee del Patrimonio all'Ecomuseo della Valgerola. Gli emigranti di Sacco,,Arte e cultura,"Piazza della Chiesa, Cassina de' Gatti, Sesto San Giovanni, Zona Omogenea Milano Nord, Milano, Lombardia, Italia",45.5261387,9.2522635
,29-09-24,2024-09-28,"Via Giovanni Polvani, Milano, MI",BiM - Dove Bicocca incontra Milano,Bim fest - seconda edizione,https://www.milanotoday.it/eventi/bim-fest-seconda-edizione.html,Non classificato,"Via Giovanni Polvani, Bicocca, Municipio 9, Milano, Lombardia, 20126, Italia",45.5129808,9.2109232
Attività Didattica,29-09-24,2024-09-28,"via Brera, 28, Milano, MI",Pinacoteca di Brera,GEP 2024 - Colori venuti da lontano,,Formazione e networking,"Istituto Nazionale di Astrofisica – Osservatorio astronomico di Brera, 28, Via Brera, Cerchia dei Navigli, Municipio 1, Milano, Lombardia, 20121, Italia",45.4715946,9.1889707
,28-09-24,2024-09-28,"Via Monte Rosa, 91, Milano, MI",Monte Rosa 91,Milano classica nella sua nuova casa: enfants prodiges,https://www.milanotoday.it/eventi/enfants-prodiges-milano-classica-nella-sua-nuova-casa-monte-rosa-91.html,Non classificato,"91, Via Monte Rosa, De Angeli - Monte Rosa, Municipio 7, Milano, Lombardia, 20149, Italia",45.4779734,9.1450149
,28-09-24,2024-09-28,"Via Pietro Borsieri, 4e, Milano, MI",FIAB MILANO,Bikes&books di fiab milano incontra il cicloviaggiatore willy mulonìa,https://www.milanotoday.it/eventi/bikes-books-di-fiab-milano-2024.html,Non classificato,"Fiab Milano Ciclobby, 4/e, Via Pietro Borsieri, Isola, Municipio 9, Milano, Lombardia, 20159, Italia",45.4861102,9.1887063
,06-10-24,2024-09-28,"Via Giulio Cesare Procaccini, 4, Milano, MI",Fabbrica del Vapore,Milano senza dimora,https://www.milanotoday.it/eventi/milano-senza-dimora-2024.html,Non classificato,"4, Via Giulio Cesare Procaccini, Bullona, Porta Volta, Municipio 8 di Milano, Milano, Lombardia, 20154, Italia",45.4839945,9.1753796
Attività Didattica,28-09-24,2024-09-28,"Via Marconi 1, Milano, MI",Collezione Paolo VI,"GEP 2024 alla Collezione Paolo VI – arte contemporanea di Concesio. STRADA FACENDO, laboratorio per famiglie con bambini",,Formazione e networking,"1, Via Guglielmo Marconi, Cernusco sul Naviglio, Milano, Lombardia, 20063, Italia",45.5251277,9.3351025
Convegno/conferenza,29-09-24,2024-09-28,"Corso Magenta, Milano, MI",Museo Martinitt e Stelline,GEP 2024 al Museo Martinitt e Stelline. Lungo un canale della Bassa Lombarda: un percorso del XVIII secolo.,,Formazione e networking,"Corso Magenta, Magenta - San Vittore, Municipio 1, Milano, Lombardia, 20123, Italia",45.4657212,9.17112
,28-09-24,2024-09-28,"Corso Europa, 289, Milano, MI",Le Bistrot di Villa Burba,Dinamica contest: l’evento che porta a Rho la musica d’autrice,https://www.milanotoday.it/eventi/dinamica-contest-il-28-settembre-l-evento-che-porta-a-rho-la-musica-d-autrice-agnese-valle-sue-laura-b-vea.html,Non classificato,"Burbar, 289, Corso Europa, San Paolo-Capuana, Castellazzo, Rho, Milano, Lombardia, 20017, Italia",45.533603,9.0285214
Itinerario culturale,28-09-24,2024-09-28,"Piazza dei Mercanti, Milano, MI",Centro Storico di Milano: torri medievali,GEP 2024: Itinerario fra le torri medievali di Milano,,Arte e cultura,"Piazza dei Mercanti, Duomo, Municipio 1, Milano, Lombardia, 20121, Italia",45.4646599,9.1876261
Visita Guidata,28-09-24,2024-09-28,"via Brera, 28, Milano, MI",Pinacoteca di Brera - Biblioteca Nazionale Braidense di Milano,"GEP 2024 in Braidense: Un cammino nel patrimonio, tra libri antichi e libri moderni, un’eredità da conoscere",,Arte e cultura,"Istituto Nazionale di Astrofisica – Osservatorio astronomico di Brera, 28, Via Brera, Cerchia dei Navigli, Municipio 1, Milano, Lombardia, 20121, Italia",45.4715946,9.1889707
,29-09-24,2024-09-28,"Via Sant'Uguzzone, 24, Milano, MI",Associazione Villa San Giovanni,"Giallo, rosso e...tu! Teatro in fasce per bambini",https://www.milanotoday.it/eventi/giallo-rosso-e-tu-teatro-in-fasce-per-bambini-0-3-e-3-6-anni.html,Non classificato,"24, Via Sant'Uguzzone, Viale Monza, Municipio 2, Milano, Lombardia, 20126, Italia",45.5208613,9.2247878
Mostra,29-09-24,2024-09-28,"Via Senato, Milano, MI",Soprintendenza Archivistica e Bibliografica della Lombardia,Giornate Europee del Patrimonio 2024 | L'agenda delle iniziative,,Arte e cultura,"Via Senato, Cerchia dei Navigli, Municipio 1, Milano, Lombardia, 20121, Italia",45.4714266,9.1962309
,29-09-24,2024-09-28,"Via Moncucco, 35, Milano, MI",Superstudio Maxi,"Plug-mi, the urban culture festival",https://www.milanotoday.it/eventi/plug-mi-the-urban-culture-festival-2024.html,Non classificato,"35, Via Moncucco, San Cristoforo, Municipio 6, Milano, Lombardia, 20143, Italia",45.4388607,9.1668385
,29-09-24,2024-09-28,"Via Enrico Terzaghi, 8, Milano, MI",Monte Stella,Milano open air al Monte Stella: l'ultimo basso di fine estate,https://www.milanotoday.it/eventi/milano-open-air-al-monte-stella-l-ultimo-basso-di-fine-estate.html,Non classificato,"Via Enrico Terzaghi, Qt 8, QT8, Municipio 8 di Milano, Milano, Lombardia, 20148, Italia",45.4872639,9.1307208
Spettacoli,28-09-24,2024-09-28,"via Pitteri 58,20134, Milano, MI,Italia",Martinitt,Slips Inside,https://www.teatro.it/spettacoli/milano/martinitt/2024-2025/okidok-slips-inside,Teatro e spettacolo,"Via Riccardo Pitteri, Lambrate, Municipio 3, Milano, Lombardia, 20134, Italia",45.4798362,9.2457864
Attività Didattica,28-09-24,2024-09-28,"Via Sacco 9, Milano, MI",Giardini Estensi e Parco di Villa Mirabello,GEP 2024 al Giardini Estensi e Parco di Villa Mirabello. In cammino attraverso i tesori del patrimonio di Varese,,Formazione e networking,"F.G., 9, Via Luigi Sacco, Washington, Municipio 7, Milano, Lombardia, 20146, Italia",45.4654869,9.1520398
,28-09-24,2024-09-28,"Via Giulio Cesare Procaccini, 4, Milano, MI",FABBRICA DEL VAPORE - Lotto 15,Infoday Yearout,https://www.milanotoday.it/eventi/infoday-yearout-yearout.html,Non classificato,"4, Via Giulio Cesare Procaccini, Bullona, Porta Volta, Municipio 8 di Milano, Milano, Lombardia, 20154, Italia",45.4839945,9.1753796
Mostra,29-09-24,2024-09-28,"Corso Magenta, Milano, MI",Museo Martinitt e Stelline,Lungo un canale della Bassa Lombarda: un percorso del XVIII secolo,,Arte e cultura,"Corso Magenta, Magenta - San Vittore, Municipio 1, Milano, Lombardia, 20123, Italia",45.4657212,9.17112
Disco&Feste,28-09-24,2024-09-28,"Via Gaudenzio Fantoli, 9, Milano, MI",Fabrique,"La festa indie ""Lacrima"" per la prima volta al Fabrique",https://www.milanotoday.it/eventi/festa-indie-lacrima-fabrique.html,Musica e vita notturna,"Fabrique, 9, Via Gaudenzio Fantoli, Mecenate, Municipio 4, Milano, Lombardia, 20138, Italia",45.4521243,9.2522773
,28-09-24,2024-09-28,"Via Gianfranco Zuretti, 9, Milano, MI",Reverend,California love,https://www.milanotoday.it/eventi/california-love-reverend-shyla-n-e-luca-loreti.html,Non classificato,"Via Gianfranco Zuretti, Centrale, Municipio 2, Milano, Lombardia, 20125, Italia",45.4930289,9.2076591
,29-09-24,2024-09-28,"Via Moncucco, 35, Milano, MI",Superstudio Maxi,The urban culture festival,https://www.milanotoday.it/eventi/the-urban-culture-festival.html,Non classificato,"35, Via Moncucco, San Cristoforo, Municipio 6, Milano, Lombardia, 20143, Italia",45.4388607,9.1668385
Mostra,13-10-24,2024-09-28,"Via Senato 10, Milano, MI",Archivio di Stato di Milano,“Sotto assalto. Bande armate e violenza politica nella Milano del secondo dopoguerra”,,Arte e cultura,"10, Via Senato, Guastalla, Municipio 1, Milano, Lombardia, 20121, Italia",45.4700976,9.1981223
Mostra,28-09-24,2024-09-28,"Strada Nuova 65, Milano, MI",Museo di Archeologia del Sistema Museale d’Ateneo di Pavia,Museo di Archeologia del Sistema Museale d’Ateneo di Pavia. ALESSANDRA ANGELINI Dal legno al legno - La poesia della materia,,Arte e cultura,"Via Michele Novaro, Affori, Municipio 9, Milano, Lombardia, 20161, Italia",45.5187524,9.1679111
Inaugurazioni,28-09-24,2024-09-28,"Via dei Missaglia, 89, Milano, MI",Mocauto Center,Nuovo showroom Omoda & Jaecoo a Milano: cocktail party d'inaugurazione tra musica e dj set,https://www.milanotoday.it/eventi/showroom-omoda-jaecoo.html,Inaugurazioni,"BMW Motorrad Milano, 89, Via dei Missaglia, Gratosoglio - Ticinello, Municipio 5, Milano, Lombardia, 20142, Italia",45.4143015,9.1759519
Disco&Feste,28-09-24,2024-09-28,"Via Valtellina, 25, Milano, MI",Alcatraz Milano,"""Cartoons Dj Set"", la grande festa dove ballare tutta la notte",https://www.milanotoday.it/eventi/festa-cartoons-alcatraz.html,Musica e vita notturna,"Alcatraz, 25, Via Valtellina, Isola, Municipio 9, Milano, Lombardia, 20159, Italia",45.494744,9.1823768
Incontri,19-01-25,2024-09-28,"Via Giuseppe Eugenio Luraghi, 11, Milano, MI",Il Centro di Arese,"Gli incontri con i MeteoHeroes, i supereroi che proteggono l’ambiente",https://www.milanotoday.it/eventi/incontri-meteo-heroes-centro-arese.html,Formazione e networking,"Via Maestra, 11, Viale Giuseppe Eugenio Luraghi, Valera, Arese, Milano, Lombardia, 20044, Italia",45.5638918,9.0510987
Mostra,29-09-24,2024-09-28,"Piazza Duomo, 12, Milano, MI",Museo del Duomo di Milano,Alle Origini del Duomo. Esperienza di Realtà Virtuale alla Scoperta delle Cave di Candoglia,,Arte e cultura,"Giacomo, 12, Piazza del Duomo, Duomo, Municipio 1, Milano, Lombardia, 20100, Italia",45.4632066,9.1914879
Mostra,28-09-24,2024-09-28,"Via De Amicis 17, Milano, MI","Antiquarium ""Alda Levi""",Astrazione come resistenza - Centro Artistico Alik Cavaliere,,Arte e cultura,"Antiquarium Alda Levi, 17, Via Edmondo De Amicis, Ticinese, Municipio 1, Milano, Lombardia, 20123, Italia",45.4577507,9.1796498
Manifestazioni,29-09-24,2024-09-29,"Piazzale dello Sport, Milano, MI",Ippodromo,Una domenica all'ippodromo: animazione e corse dei cavalli,https://www.milanotoday.it/eventi/corse-cavalli-ippodromo.html,Altri eventi,"Piazzale dello Sport, San Siro, Municipio 7, Milano, Lombardia, 20148, Italia",45.4789681,9.130166
Mostra,29-09-24,2024-09-29,"Corso Magenta, 15, Milano, MI",Civico Museo archeologico di Milano,"L'arte della regione del Gandhāra, crocevia di culture",,Arte e cultura,"Civico museo archeologico di Milano, 15, Corso Magenta, Cerchia dei Navigli, Municipio 1, Milano, Lombardia, 20123, Italia",45.465621,9.1787191
,29-09-24,2024-09-29,"Via Carlo Botta, 12, Milano, MI",BAGNI MISTERIOSI,Ilaria Capua torna a Milano,https://www.milanotoday.it/eventi/ilaria-capua-torna-a-milano-il-29-settembre-appunamento-ai-bagni-misteriosi-ilaria-capua.html,Non classificato,"Via Carlo Botta, Porta Romana, Municipio 4, Milano, Lombardia, 20135, Italia",45.4526686,9.2039217
Manifestazioni,29-09-24,2024-09-29,"Via Gaetano de Castillia, 28, Milano, MI",BAM Biblioteca degli Alberi,La festa d'autunno alla Biblioteca degli Alberi,https://www.milanotoday.it/eventi/festa-autunno-biblioteca-alberi.html,Altri eventi,"28, Via Gaetano De Castillia, Isola, Municipio 9, Milano, Lombardia, 20124, Italia",45.4857844,9.192789
,29-09-24,2024-09-29,"Viale Carlo Espinasse, 41, Milano, MI",Circolo Masada,Rebus & masadctronic present rebus after,https://www.milanotoday.it/eventi/rebus-masadctronic-present-rebus-after-bertrand-.html,Non classificato,"Viale Carlo Espinasse, Cagnola, Municipio 8 di Milano, Milano, Lombardia, 20156, Italia",45.4956012,9.1433667
,06-10-24,2024-09-29,"Via San Clemente, 12, Milano, MI",Apicoltura Dell'Orto Besana in Brianza,Giornate con le api...e non solo,https://www.milanotoday.it/eventi/giornate-con-le-api-e-non-solo-apicoltura-dell-orto.html,Non classificato,"Via San Clemente, Duomo, Municipio 1, Milano, Lombardia, 20122, Italia",45.4626521,9.1937657
Visita Guidata,29-09-24,2024-09-29,"P.zza San Giovanni 1, Milano, MI",Museo ORMA di Pezzaze,GEP2024 al Museo ORMA di Pezzaze. Dal Mesolitico al Novecento: la storia dei grandi passi dell'uomo in Valtrompia,,Arte e cultura,"Piazza San Giovanni, Trenno, Municipio 8 di Milano, Milano, Lombardia, Italia",45.4907843,9.0997115
,29-09-24,2024-09-29,"Piazza Ventiquattro Maggio, Milano, MI",Darsena,Gggw città di Milano,https://www.milanotoday.it/eventi/gggw-citta-di-milano-greyhound-adopt-center-italy-onlus.html,Non classificato,"Piazza Ventiquattro Maggio, Ticinese, Municipio 5, Milano, Lombardia, 20136, Italia",45.4521733,9.181082
,29-09-24,2024-09-29,"Via Palmanova, 56, Milano, MI",La Battagliera,Cena con delitto,https://www.milanotoday.it/eventi/cena-con-delitto-mumble-teatro.html,Non classificato,"56, Via Palmanova, Parco Lambro - Cimiano, Municipio 3, Milano, Lombardia, 20132, Italia",45.4962714,9.2367602
,29-09-24,2024-09-29,"Segrate, MI, Italia",Idroscalo,Remira vintage market all'Idroscalo,https://www.milanotoday.it/eventi/remira-vintage-market-all-idroscalo-remira-market.html,Non classificato,"Segrate, Milano, Lombardia, 20054, Italia",45.4907352,9.2948204
Spettacoli,30-09-24,2024-09-30,"Corso di Porta Romana 63,20122, Milano, MI,Italia",Carcano,Gianluca Gotto - Sulle orme del Buddha,https://www.teatro.it/spettacoli/milano/carcano/2024-2025/gianluca-gotto-gli-otto-passi-del-buddha-verso-la-serenita,Teatro e spettacolo,"Teatro Carcano, 63, Corso di Porta Romana, Crocetta, Municipio 1, Milano, Lombardia, 20121, Italia",45.4566842,9.1955297
Spettacoli,30-09-24,2024-09-30,"Viale dell'Innovazione 20,20126, Milano, MI,Italia",Arcimboldi,Tu cosa vedi quando chiudi gli occhi Tour,https://www.teatro.it/spettacoli/milano/arcimboldi/2024-2025/michele-bravi-tu-cosa-vedi-quando-chiudi-gli-occhi-tour,Teatro e spettacolo,"20, Viale dell'Innovazione, Bicocca, Municipio 9, Milano, Lombardia, 20125, Italia",45.5148696,9.2135963
,03-11-24,2024-09-30,"Via Gaudenzio Ferrari, 3, Milano, MI",Almach Art Gallery,Lucio Perna: Asimmetrie ed equilibrio,https://www.milanotoday.it/eventi/lucio-perna-asimmetrie-ed-equilibrio-lucio-perna.html,Non classificato,"3, Via Gaudenzio Ferrari, Ticinese, Municipio 1, Milano, Lombardia, 20123, Italia",45.4558833,9.1754506
Spettacoli,01-10-24,2024-10-01,"Viale dell'Innovazione 20,20126, Milano, MI,Italia",Arcimboldi,In Concerto a Teatro,https://www.teatro.it/spettacoli/milano/arcimboldi/2024-2025/dargen-damico-in-concerto-a-teatro,Teatro e spettacolo,"20, Viale dell'Innovazione, Bicocca, Municipio 9, Milano, Lombardia, 20125, Italia",45.5148696,9.2135963
Incontro/presentazione,01-10-24,2024-10-01,"via Brera, 28, Milano, MI",Pinacoteca di Brera,IL LATINO LINGUA IMMORTALE Perché è più vivo che mai,,Formazione e networking,"Istituto Nazionale di Astrofisica – Osservatorio astronomico di Brera, 28, Via Brera, Cerchia dei Navigli, Municipio 1, Milano, Lombardia, 20121, Italia",45.4715946,9.1889707
Inaugurazioni,06-10-24,2024-10-01,"Via Ferdinando Bocconi, 5, Milano, MI",Panfè,"Pane fragrante, focacce, ricche colazioni e golosi aperitivi: a Milano apre il nuovo bar bakery che profuma di casa",https://www.milanotoday.it/eventi/bar-bakery-inaugurazione.html,Inaugurazioni,"Via Ferdinando Bocconi, Vigentina, Municipio 5, Milano, Lombardia, 20136, Italia",45.4504382,9.1904328
,06-10-24,2024-10-02,"Via Asmara, 11, Milano, MI",Pantagruele Teatro,Workshop gratuito di tecniche teatrali,https://www.milanotoday.it/eventi/workshop-gratuito-di-tecniche-teatrali.html,Non classificato,"Pantagruele Teatro Delle Arti, 11, Via Asmara, Maciachini - Maggiolina, Municipio 9, Milano, Lombardia, 20159, Italia",45.5004048,9.1940247
,02-10-24,2024-10-02,"Via Luigi Capranica, 18, Milano, MI",Il Magazzino,Come orientarsi nel mondo dell'educazione?,https://www.milanotoday.it/eventi/come-orientarsi-nel-mondo-dell-educazione-fabio-alessandri.html,Non classificato,"18, Via Luigi Capranica, Città Studi, Municipio 3, Milano, Lombardia, 20131, Italia",45.484939,9.2316378
,02-10-24,2024-10-02,"Via Alessandro Volta, 22, Milano, MI",Camera del Non Lavoro (T. 3273799606),Inn the shadow of Beirut,https://www.milanotoday.it/eventi/inn-the-shadow-of-beirut-stephen-gerard-kelly-e-garry-keane.html,Non classificato,"22, Via Alessandro Volta, Brera, Municipio 1, Milano, Lombardia, 20121, Italia",45.4818922,9.1820968
,30-11-24,2024-10-02,"Via Evangelista Torricelli, 21, Milano, MI",Corals,"inaugurazione mostra ""life is born again""",https://www.milanotoday.it/eventi/inaugurazione-mostra-life-is-born-again.html,Non classificato,"21, Via Evangelista Torricelli, Ravello, Parabiago, Milano, Lombardia, 20015, Italia",45.5574246,8.9394696
Spettacoli,02-10-24,2024-10-02,"via Pitteri 58,20134, Milano, MI,Italia",Martinitt,Scoop. Donna Sapiens,https://www.teatro.it/spettacoli/milano/martinitt/2024-2025/giobbe-covatta-scoop-donna-sapiens,Teatro e spettacolo,"Via Riccardo Pitteri, Lambrate, Municipio 3, Milano, Lombardia, 20134, Italia",45.4798362,9.2457864
,05-10-24,2024-10-02,"Via Gaetano de Castillia, 28, Milano, MI",BAM - Biblioteca degli Alberi Milano,Bam open air design 2024,https://www.milanotoday.it/eventi/bam-open-air-design-2024.html,Non classificato,"28, Via Gaetano De Castillia, Isola, Municipio 9, Milano, Lombardia, 20124, Italia",45.4857844,9.192789
,11-10-24,2024-10-02,"Viale don Luigi Orione, 19, Milano, MI",Milano,"Vedere versi, una mostra tra parole e immagini",https://www.milanotoday.it/eventi/vedere-versi-una-mostra-tra-parole-e-immagini-luisella-vantellino.html,Non classificato,"Viale Don Luigi Orione, Padova, Municipio 2, Milano, Lombardia, 20132, Italia",45.5000782,9.2401257
,02-10-24,2024-10-02,"Corso Vercelli, 18, Milano, MI",Cinema Gloria,"Reel Rock 18 world tour italia porta in italia il film ""Climbing never die""",https://www.milanotoday.it/eventi/reel-rock-18-world-tour-italia-porta-in-italia-il-film-climbing-never-die-l-arrampicata-in-ucraina-in-tempo-di-guerra.html,Non classificato,"18, Corso Vercelli, Pagano, Municipio 7, Milano, Lombardia, 20145, Italia",45.4665211,9.1618359
Spettacoli,02-10-24,2024-10-02,"Via G. di Vittorio 6,20090, Assago, MI,Italia",Unipol Forum,Autoritratto - I concerti evento,https://www.teatro.it/spettacoli/assago/mediolanum-forum/2024-2025/renato-zero-autoritratto-i-concerti-evento,Teatro e spettacolo,"20090, Italy",45.407,9.1083
,02-10-24,2024-10-02,"Viale Emilio Alemagna, 6, Milano, MI",Triennale,"Visita guidata: il palazzo dell'arte, le triennali e il parco Sempione",https://www.milanotoday.it/eventi/visita-guidata-il-palazzo-dell-arte-le-triennali-e-il-parco-sempione.html,Non classificato,"Triennale Design Museum, 6, Viale Emilio Alemagna, Parco Sempione, Municipio 1, Milano, Lombardia, 20121, Italia",45.4721477,9.1734894
,15-10-24,2024-10-02,"Via Ciovasso, 17, Milano, MI",MADE4ART,Mostra collettiva di arte contemporanea di 20 artisti internazionali,https://www.milanotoday.it/eventi/a-milano-la-mostra-collettiva-di-arte-contemporanea-di-20-artisti-internazionali-esponiamo-mostra-collettiva.html,Non classificato,"17, Via Ciovasso, Cerchia dei Navigli, Municipio 1, Milano, Lombardia, 20121, Italia",45.4701036,9.1865377
,22-11-24,2024-10-03,"Via Nerino, 3, Milano, MI",MAAB Gallery,The cool couple. Territorial machines: extracting nature,https://www.milanotoday.it/eventi/the-cool-couple-territorial-machines-extracting-nature-the-cool-couple.html,Non classificato,"3, Via Nerino, Cerchia dei Navigli, Municipio 1, Milano, Lombardia, 20123, Italia",45.4617617,9.1841465
,22-11-24,2024-10-03,"Via Goito, 7, Milano, MI",Galleria Mimmo Scognamiglio Artecontemporanea,Dream under construction,https://www.milanotoday.it/eventi/dream-under-construction-jota.html,Non classificato,"7, Via Goito, Brera, Municipio 1, Milano, Lombardia, 20121, Italia",45.4744679,9.1893463
,20-10-24,2024-10-03,"Via Giuseppe di Vittorio, 2, Milano, MI",CENTRO SPORTIVO DI SENAGO,Sagra dei pizzoccheri & porcini,https://www.milanotoday.it/eventi/sagra-dei-pizzoccheri-porcini.html,Non classificato,"28/2, Via Giuseppe Di Vittorio, Foramagno, Peschiera Borromeo, Milano, Lombardia, 20068, Italia",45.4270849,9.2880658
Spettacoli,03-10-24,2024-10-03,"Viale Toscana,31,20136, Milano, MI,Italia",Santeria Toscana 31,Discoverland,https://www.teatro.it/spettacoli/milano/santeria-toscana-31/2024-2025/niccolo-fabi-discoverland,Teatro e spettacolo,"Santeria Toscana 31, 31, Viale Toscana, Vigentina, Municipio 5, Milano, Lombardia, 20136, Italia",45.4456408,9.1883503
Spettacoli,03-10-24,2024-10-03,"v. Matteotti 30,20064, Gorgonzola, MI,Italia",Sala Argentia,"Pronto, Freud?",https://www.teatro.it/spettacoli/gorgonzola/sala-argentia/2024-2025/beatrice-arnera-pronto-freud,Teatro e spettacolo,"Sala Argentia, 30, Via Giacomo Matteotti, Gorgonzola, Milano, Lombardia, 20064, Italia",45.5327792,9.4032916
Spettacoli,03-10-24,2024-10-03,"Via Alessandro Manzoni 42,20121, Milano, MI,Italia",Manzoni,Sconfort Zone,https://www.teatro.it/spettacoli/milano/manzoni/2024-2025/paolo-camilli-sconfort-zone,Teatro e spettacolo,"Teatro Manzoni, 42, Via Alessandro Manzoni, Cerchia dei Navigli, Municipio 1, Milano, Lombardia, 20121, Italia",45.4710286,9.1944762
Festival,04-10-24,2024-10-03,"via Brera, 28, Milano, MI",Pinacoteca di Brera - Biblioteca Nazionale Braidense di Milano,PianoSofia 2024,,Musica e vita notturna,"Istituto Nazionale di Astrofisica – Osservatorio astronomico di Brera, 28, Via Brera, Cerchia dei Navigli, Municipio 1, Milano, Lombardia, 20121, Italia",45.4715946,9.1889707
,26-10-24,2024-10-03,"Via Francesco de Sanctis, 28, Milano, MI",LA TANA Art Studio,Keilahn aio ovvero l'altro lato di ieri,https://www.milanotoday.it/eventi/mostra-keilahn-aio-ovvero-l-altro-lato-di-ieri.html,Non classificato,"28, Via Francesco De Sanctis, Stadera, Municipio 5, Milano, Lombardia, 20136, Italia",45.4360611,9.1784441
,06-10-24,2024-10-04,"Via San Faustino, 5, Milano, MI",Ortica,Orticainfesta!,https://www.milanotoday.it/eventi/orticainfesta-2024.html,Non classificato,"5, Via San Faustino, Lambrate, Municipio 3, Milano, Lombardia, 20134, Italia",45.4717873,9.2416377
Cibo e Vino,06-10-24,2024-10-04,"Piazza Oldrini, 100, Milano, MI",Piazza Oldrini,Il primo villaggio pugliese itinerante (con street food),https://www.milanotoday.it/eventi/villaggio-pugliese-sesto-san-giovanni.html,Enogastronomia,"100, Piazza Abramo Oldrini, Rondò, Sesto San Giovanni, Zona Omogenea Milano Nord, Milano, Lombardia, 20099, Italia",45.5374259,9.2312698
Concerti,04-10-24,2024-10-04,"Novara, Milano, MI",Vicolungo The Style Outlets,A Vicolungo si festeggia con Paola&Chiara,https://www.milanotoday.it/eventi/evento-paola-e-chiara-vicolungo.html,Musica e vita notturna,"Parco via Novara-Zoia, Quarto Cagnino, Municipio 7, Milano, Lombardia, Italia",45.477192,9.108044
,06-10-24,2024-10-04,"Via Unità d'Italia, 100, Milano, MI",Piazza Oldrini,"La Puglia che ti piglia, il primo villaggio pugliese itinerante",https://www.milanotoday.it/eventi/la-puglia-che-ti-piglia-il-primo--pugliese-itinerante.html,Non classificato,"Via Unità d'Italia, Rondò, Sesto San Giovanni, Zona Omogenea Milano Nord, Milano, Lombardia, 20099, Italia",45.5364041,9.2313674
Disco&Feste,05-10-24,2024-10-04,"Via Celestino IV, 9, Milano, MI",Milano,"""Hanno ucciso l'Uomo Ragno"", la super festa con Max Pezzali per il lancio della serie tv",https://www.milanotoday.it/eventi/festa-max-pezzali-lancio-serie-tv.html,Musica e vita notturna,"Autoscuola Andrava Milano, 9, Via Celestino Quarto, Cerchia dei Navigli, Municipio 1, Milano, Lombardia, 20123, Italia",45.4595066,9.1821204
Manifestazioni,06-10-24,2024-10-04,"Corso di Porta Ticinese, 95, Milano, MI",Chiostro del Museo Diocesano,"A Milano torna Chiostro in Fiera, con oltre 80 artigiani (e piante bellissime)",https://www.milanotoday.it/eventi/chiostro-in-fiera-ottobre-2024.html,Altri eventi,"95, Corso di Porta Ticinese, Ticinese, Municipio 1, Milano, Lombardia, 20123, Italia",45.4550676,9.1813468
Spettacoli,04-10-24,2024-10-04,"Via G. di Vittorio 6,20090, Assago, MI,Italia",Unipol Forum,Ragazzi Madre - L'Iliade,https://www.teatro.it/spettacoli/assago/mediolanum-forum/2024-2025/achille-lauro-ragazzi-madre-liliade,Teatro e spettacolo,"20090, Italy",45.407,9.1083
,04-10-24,2024-10-04,"Via Larga, 14, Milano, MI",Teatro Lirico “Giorgio Gaber”,Diego Basso plays queen,https://www.milanotoday.it/eventi/diego-basso-plays-queen-special-guest-stef-burns-diego-basso-stef-burns.html,Non classificato,"Teatro Lirico Giorgio Gaber, 14, Via Larga, Cerchia dei Navigli, Municipio 1, Milano, Lombardia, 20122, Italia",45.4615135,9.1918702
Spettacoli,04-10-24,2024-10-04,"Via Larga 14,20122, Milano, MI,Italia",Lirico Giorgio Gaber,Plays Queen,https://www.teatro.it/spettacoli/milano/lirico-giorgio-gaber/2024-2025/diego-basso-plays-queen,Teatro e spettacolo,"Teatro Lirico Giorgio Gaber, 14, Via Larga, Cerchia dei Navigli, Municipio 1, Milano, Lombardia, 20122, Italia",45.4615135,9.1918702
Spettacoli,04-10-24,2024-10-04,"Piazza S. Magno,20025, Legnano, MI,Italia",Galleria,Bis!,https://www.teatro.it/spettacoli/legnano/galleria/2024-2025/francesco-cicchella-bis,Teatro e spettacolo,"Piazza San Magno, San Magno, Oltresempione, Legnano, Milano, Lombardia, 20025, Italia",45.5948853,8.9184024
Spettacoli,04-10-24,2024-10-04,"Via Alessandro Manzoni 42,20121, Milano, MI,Italia",Manzoni,We Call It Ballet - La Bella Addormentata,https://www.teatro.it/spettacoli/milano/manzoni/2024-2025/we-call-it-ballet-la-bella-addormentata,Teatro e spettacolo,"Teatro Manzoni, 42, Via Alessandro Manzoni, Cerchia dei Navigli, Municipio 1, Milano, Lombardia, 20121, Italia",45.4710286,9.1944762
,06-10-24,2024-10-04,"Via Sulmona, 23, Milano, MI",Ufficio Vendite Giardini Via Sulmona,Open day ai giardini di via Sulmona,https://www.milanotoday.it/eventi/1-open-day-ai-giardini-di-via-sulmona-una-rara-occasione-immobiliare-a-milano-da-non-perdere.html,Non classificato,"Via Sulmona, Lodi - Corvetto, Municipio 4, Milano, Lombardia, 20139, Italia",45.4443475,9.2249051
Manifestazioni,06-10-24,2024-10-04,"Via Cristina Belgioioso, 171, Milano, MI",MIND – Milano Innovation District,"CultureLink, il festival dell'educazione e della cultura",https://www.milanotoday.it/eventi/culture-link-festival-educazione-2024.html,Altri eventi,"Via Cristina Belgioioso, Fiorenza, Cassina Triulza, MIND, Municipio 8 di Milano, Milano, Lombardia, 20016, Italia",45.5227908,9.1020225
,11-10-24,2024-10-05,"Via Quintino Sella, 4, Milano, MI",MUSEO MAS - ARTE E SCIENZA,On Leonardo's road,https://www.milanotoday.it/eventi/on-leonardo-s-road-artisti-contemporanei-da-14-paesi-nel-segno-di-leonardo-da-vinci.html,Non classificato,"Museo d'arte e scienza, 4, Via Quintino Sella, Cerchia dei Navigli, Municipio 1, Milano, Lombardia, 20121, Italia",45.47025,9.182454
Spettacoli,05-10-24,2024-10-05,"Via Filodrammatici 2,20121, Milano, MI,Italia",Teatro Alla Scala,L'Orontea,https://www.teatro.it/spettacoli/milano/teatro-alla-scala/2024-2025/lorontea-teatro-alla-scala,Teatro e spettacolo,"2, Via Filodrammatici, Brera, Milano, Lombardia, 20121, Italia",45.4676198,9.1884287
,19-10-24,2024-10-05,"Via Alfonso Gatto, Milano, MI",Amnesia,"Ottobre 2024: meduza, artbat, adam beyer e tutti i guest di amnesia milano",https://www.milanotoday.it/eventi/ottobre-2024-meduza-artbat-adam-beyer.html,Non classificato,"Via Alfonso Gatto, Parco Forlanini - Ortica, Municipio 4, Milano, Lombardia, 20059, Italia",45.4641873,9.2389918
Incontri,27-10-24,2024-10-05,"Cascina Nuova, Milano, MI",Cascina Nuova Gaggiano,La caccia alle zucche (e non solo) a due passi da Milano,https://www.milanotoday.it/eventi/campo-zucche-mirtilli-san-vito-gaggiano.html,Formazione e networking,"Cassina Nuova, Bollate, Milano, Lombardia, 20021, Italia",45.5589886,9.1401542
Mostre,05-10-24,2024-10-05,"Via Tortona, Milano, MI",Mudec - Museo delle Culture Milano,Al Mudec la prima retrospettiva di Niki de Saint Phalle,https://www.milanotoday.it/eventi/mostra-niki-de-saint-phalle.html,Arte e cultura,"Via Tortona, Tortona, Municipio 6, Milano, Lombardia, 20144, Italia",45.4508821,9.1588843
Mostre,05-10-24,2024-10-05,"Via Tortona, Milano, MI",Mudec - Museo delle Culture Milano,Al Mudec la prima retrospettiva di Niki de Saint Phalle,https://www.milanotoday.it/eventi/mostra-niki-de-saint-phalle.html,Arte e cultura,"Via Tortona, Tortona, Municipio 6, Milano, Lombardia, 20144, Italia",45.4508821,9.1588843
Mostre,05-10-24,2024-10-05,"Via Tortona, Milano, MI",Mudec - Museo delle Culture Milano,Al Mudec la prima retrospettiva di Niki de Saint Phalle,https://www.milanotoday.it/eventi/mostra-niki-de-saint-phalle.html,Arte e cultura,"Via Tortona, Tortona, Municipio 6, Milano, Lombardia, 20144, Italia",45.4508821,9.1588843
,05-10-24,2024-10-05,"Via Giuseppe Candiani, 131, Milano, MI",La Scighera,Stage di valzer e mazurca con Lamanu,https://www.milanotoday.it/eventi/stage-di-valzer-e-mazurca-con-lamanu-scigherainfolk.html,Non classificato,"Civico 131, 131, Via Giuseppe Candiani, Bovisa, Municipio 9, Milano, Lombardia, 20158, Italia",45.5028773,9.1615665
Spettacoli,05-10-24,2024-10-05,"Via G. di Vittorio 6,20090, Assago, MI,Italia",Unipol Forum,Sangiovanni,https://www.teatro.it/spettacoli/assago/mediolanum-forum/2024-2025/sangiovanni,Teatro e spettacolo,"20090, Italy",45.407,9.1083
,06-10-24,2024-10-05,"Piazza Schiavone, 1, Milano, MI",PIAZZA SCHIAVONE,Bovisa in festa,https://www.milanotoday.it/eventi/bovisa-in-festa-polifonia.html,Non classificato,"Piazza Schiavone, Bovisa, Municipio 9, Milano, Lombardia, 20158, Italia",45.5002648,9.1644884
Spettacoli,05-10-24,2024-10-05,"Piazza S. Magno,20025, Legnano, MI,Italia",Galleria,Venere Nemica,https://www.teatro.it/spettacoli/legnano/galleria/2024-2025/drusilla-foer-venere-nemica,Teatro e spettacolo,"Piazza San Magno, San Magno, Oltresempione, Legnano, Milano, Lombardia, 20025, Italia",45.5948853,8.9184024
,05-10-24,2024-10-05,"Corso di Porta Ticinese, 16, Milano, MI",Skuirt,"A Milano apre ""Skuirt"", il primo locale d'Italia che serve solo cocktail alla spina",https://www.milanotoday.it/eventi/skuirt-cocktail-spina.html,Non classificato,"16, Corso di Porta Ticinese, Cerchia dei Navigli, Municipio 1, Milano, Lombardia, 20123, Italia",45.4587607,9.1809976
Mostre,05-10-24,2024-10-05,"Via Tortona, Milano, MI",Mudec - Museo delle Culture Milano,Al Mudec la prima retrospettiva di Niki de Saint Phalle,https://www.milanotoday.it/eventi/mostra-niki-de-saint-phalle.html,Arte e cultura,"Via Tortona, Tortona, Municipio 6, Milano, Lombardia, 20144, Italia",45.4508821,9.1588843
Cibo e Vino,06-10-24,2024-10-05,"Via Francesco Daverio, 7, Milano, MI",Chiostri dell’Umanitaria,Il Festival della Pasticceria Italiana tra degustazioni e masterclass,https://www.milanotoday.it/eventi/festival-pasticceria-italiana-2024.html,Enogastronomia,"7p01, Via Francesco Daverio, Guastalla, Municipio 1, Milano, Lombardia, 20122, Italia",45.4588856,9.200906
Incontro/presentazione,05-10-24,2024-10-05,"via Brera, 28, Milano, MI",Pinacoteca di Brera - Biblioteca Nazionale Braidense di Milano,Raramente ho scritto Teatro senza la maiuscola,,Formazione e networking,"Istituto Nazionale di Astrofisica – Osservatorio astronomico di Brera, 28, Via Brera, Cerchia dei Navigli, Municipio 1, Milano, Lombardia, 20121, Italia",45.4715946,9.1889707
Mostre,05-10-24,2024-10-05,"Via Tortona, Milano, MI",Mudec - Museo delle Culture Milano,Al Mudec la prima retrospettiva di Niki de Saint Phalle,https://www.milanotoday.it/eventi/mostra-niki-de-saint-phalle.html,Arte e cultura,"Via Tortona, Tortona, Municipio 6, Milano, Lombardia, 20144, Italia",45.4508821,9.1588843
,05-10-24,2024-10-05,"Via Giuseppe Candiani, 131, Milano, MI",La Scighera,Gèrard Godon e Catherine Grimault,https://www.milanotoday.it/eventi/gerard-godon-catherine-grimault-scigherainfolk-gerard-godon.html,Non classificato,"Civico 131, 131, Via Giuseppe Candiani, Bovisa, Municipio 9, Milano, Lombardia, 20158, Italia",45.5028773,9.1615665
Mostre,05-10-24,2024-10-05,"Via Tortona, Milano, MI",Mudec - Museo delle Culture Milano,Al Mudec la prima retrospettiva di Niki de Saint Phalle,https://www.milanotoday.it/eventi/mostra-niki-de-saint-phalle.html,Arte e cultura,"Via Tortona, Tortona, Municipio 6, Milano, Lombardia, 20144, Italia",45.4508821,9.1588843
Disco&Feste,05-10-24,2024-10-05,"Via Torino, 64, Milano, MI",Art Mall Milano,Una festa segreta in una galleria d'arte di Milano,https://www.milanotoday.it/eventi/festa-galleria-arte-art-mall.html,Musica e vita notturna,"Natura, 64, Via Torino, Cerchia dei Navigli, Municipio 1, Milano, Lombardia, 20123, Italia",45.4607911,9.1827157
Spettacoli,06-10-24,2024-10-06,"Via Alessandro Manzoni 42,20121, Milano, MI,Italia",Manzoni,Cammela e il gruppo delle mamme,https://www.teatro.it/spettacoli/milano/manzoni/2024-2025/chiara-anicito-cammela-e-il-gruppo-delle-mamme,Teatro e spettacolo,"Teatro Manzoni, 42, Via Alessandro Manzoni, Cerchia dei Navigli, Municipio 1, Milano, Lombardia, 20121, Italia",45.4710286,9.1944762
Mercatini,06-10-24,2024-10-06,"Via Giovanni Antonio Amadeo, 78, Milano, MI",La Balera dell'Ortica,Il Garage Market in Ortica tra vintage e accessori,https://www.milanotoday.it/eventi/mercatino-garage-market-balera-ortica.html,Mercati e shopping,"La Balera dell'Ortica, 78, Via Giovanni Antonio Amadeo, Lambrate, Municipio 3, Milano, Lombardia, 20059, Italia",45.4700413,9.2403004
Manifestazioni,06-10-24,2024-10-06,"Naviglio Grande, Milano, MI",Naviglio Grande,"Fiori e Sapori sul Naviglio, arriva l'edizione autunnale",https://www.milanotoday.it/eventi/fiera-fiori-e-sapori-naviglio-grande.html,Altri eventi,"Naviglio Grande, Milano, Lombardia, Italia",45.4308689,8.9015222
Spettacoli,06-10-24,2024-10-06,"Via Rivoli 6,20121, Milano, MI,Italia",Piccolo Teatro - Studio Melato,Gli anni,https://www.teatro.it/spettacoli/milano/piccolo-teatro-studio-melato/2024-2025/coreografia-marco-dagostin-gli-anni,Teatro e spettacolo,"6, Via Rivoli, Brera, Municipio 1, Milano, Lombardia, 20121, Italia",45.4726093,9.182881
Spettacoli,06-10-24,2024-10-06,"Via Rovello 2,20121, Milano, MI,Italia",Piccolo Teatro - Teatro Grassi,Magazzino 18,https://www.teatro.it/spettacoli/milano/piccolo-teatro-teatro-grassi/2024-2025/simone-cristicchi-magazzino-18,Teatro e spettacolo,"2, Via Rovello, Brera, Milano, Lombardia, 20121, Italia",45.4665188,9.1847651
,06-10-24,2024-10-06,"Via Giuseppe Candiani, 131, Milano, MI",La Scighera,I carrettieri in: Gipsy Osteria concert,https://www.milanotoday.it/eventi/i-carrettieri-in-gipsy-osteria-concert-riccardo-dell-orfano.html,Non classificato,"Civico 131, 131, Via Giuseppe Candiani, Bovisa, Municipio 9, Milano, Lombardia, 20158, Italia",45.5028773,9.1615665
Spettacoli,06-10-24,2024-10-06,"Viale dell'Innovazione 20,20126, Milano, MI,Italia",Arcimboldi,Diodato nei teatri Tour,https://www.teatro.it/spettacoli/milano/arcimboldi/2024-2025/diodato-nei-teatri-tour,Teatro e spettacolo,"20, Viale dell'Innovazione, Bicocca, Municipio 9, Milano, Lombardia, 20125, Italia",45.5148696,9.2135963
,06-10-24,2024-10-06,"Via Don Luigi Sturzo, 19, Milano, MI",Desio - Laboratorio di Tostatura Caffè Ernani,International coffee day con Caffè Ernani,https://www.milanotoday.it/eventi/festeggia-l-international-coffee-day-con-caffe-ernani-caffe-ernani.html,Non classificato,"19, Via Don Luigi Sturzo, Cascina Mazzino, Mazzo, Rho, Milano, Lombardia, 20017, Italia",45.5334224,9.0706298
,08-10-24,2024-10-06,"Via Tortona, 27, Milano, MI",Superstudio Più,Digital design days,https://www.milanotoday.it/eventi/digital-design-days-2024.html,Non classificato,"Mandarina duck, 27, Via Tortona, Tortona, Municipio 6, Milano, Lombardia, 20144, Italia",45.4506784,9.1634775
Spettacoli,06-10-24,2024-10-06,"Via Larga 14,20122, Milano, MI,Italia",Lirico Giorgio Gaber,Tosca,https://www.teatro.it/spettacoli/milano/lirico-giorgio-gaber/2024-2025/tosca-regia-serena-nardi,Teatro e spettacolo,"Teatro Lirico Giorgio Gaber, 14, Via Larga, Cerchia dei Navigli, Municipio 1, Milano, Lombardia, 20122, Italia",45.4615135,9.1918702
Spettacoli,06-10-24,2024-10-06,"Via Filodrammatici 2,20121, Milano, MI,Italia",Teatro Alla Scala,Giovanni Sollima,https://www.teatro.it/spettacoli/milano/teatro-alla-scala/2024-2025/giovanni-sollima,Teatro e spettacolo,"2, Via Filodrammatici, Brera, Milano, Lombardia, 20121, Italia",45.4676198,9.1884287
,07-10-24,2024-10-07,"Via Savona, 101, Milano, MI",Gogol & Company,Serata offline: opening event a Milano,https://www.milanotoday.it/eventi/serata-offline-opening-event-a-milano-the-offline-club.html,Non classificato,"101, Via Savona, Lorenteggio, Municipio 6, Milano, Lombardia, 20146, Italia",45.4496874,9.1506305
,08-10-24,2024-10-08,"Via Giuseppe Candiani, 131, Milano, MI",La Scighera,Yoga del silenzio,https://www.milanotoday.it/eventi/yoga-del-silenzio-sara-molinari.html,Non classificato,"Civico 131, 131, Via Giuseppe Candiani, Bovisa, Municipio 9, Milano, Lombardia, 20158, Italia",45.5028773,9.1615665
,10-10-24,2024-10-08,"Via Arcivescovo Calabiana, 6, Milano, MI",Talent Garden Calabiana,Digital Innovation Days: appuntamento dall’8 al 10 ottobre al Talent Garden Calabiana per l’evento dedicato all’innovazione in tutte le sue sfaccettature,https://www.milanotoday.it/eventi/digital-innovation-days-agenda-ottobre-talent-garden-calabiana-innovazione-milano.html,Non classificato,"6, Via Arcivescovo Calabiana, Scalo Romana, Municipio 5, Milano, Lombardia, 20139, Italia",45.4441351,9.208477
Incontri,10-10-24,2024-10-08,"Via Arcivescovo Calabiana, 6, Milano, MI",Talent Garden Calabiana,L'innovazione protagonista dei Digital Innovation Days (e come ottenere i biglietti scontati),https://www.milanotoday.it/eventi/digital-innovation-days-offerta-sconti-biglietti.html,Formazione e networking,"6, Via Arcivescovo Calabiana, Scalo Romana, Municipio 5, Milano, Lombardia, 20139, Italia",45.4441351,9.208477
,13-10-24,2024-10-08,"Via Serviliano Lattuada, 14, Milano, MI",Yellowsquare Milan,Stand up comedy week,https://www.milanotoday.it/eventi/stand-up-comedy-week-ghemon-nuzzo-e-di-biase-carmine-del-grosso-salvo-di-paola-e-roberto-anelli-pippo-ricciardi-tommaso-cassissa.html,Non classificato,"Via Serviliano Lattuada, Porta Romana, Municipio 4, Milano, Lombardia, 20135, Italia",45.4537195,9.2035356
,12-10-24,2024-10-08,"Alzaia Naviglio Pavese, 16, Milano, MI",Ex Fornace,Luciana Gallo: think vertical,https://www.milanotoday.it/eventi/luciana-gallo-think-vertical-luciana-gallo.html,Non classificato,"16, Alzaia Naviglio Pavese, Navigli, Municipio 6, Milano, Lombardia, 20143, Italia",45.4500421,9.1774094
Spettacoli,09-10-24,2024-10-09,"Viale dell'Innovazione 20,20126, Milano, MI,Italia",Arcimboldi,One More Time,https://www.teatro.it/spettacoli/milano/arcimboldi/2024-2025/luca-casadei-one-more-time,Teatro e spettacolo,"20, Viale dell'Innovazione, Bicocca, Municipio 9, Milano, Lombardia, 20125, Italia",45.5148696,9.2135963
Spettacoli,09-10-24,2024-10-09,"Via G. di Vittorio 6,20090, Assago, MI,Italia",Unipol Forum,Articolo 31,https://www.teatro.it/spettacoli/assago/mediolanum-forum/2024-2025/articolo-31,Teatro e spettacolo,"20090, Italy",45.407,9.1083
,13-11-24,2024-10-09,"Via Vittorio Scialoia, 5, Milano, MI",Sala Convegni - Affori,Presentazione corso gratuito per diventare allievi soccorritori,https://www.milanotoday.it/eventi/presentazione-corso-gratuito-per-diventare-allievi-soccorritori-emergenza-milano-soccorso.html,Non classificato,"5, Via Vittorio Scialoia, Affori, Municipio 9, Milano, Lombardia, 20161, Italia",45.5120961,9.1785825
,01-11-24,2024-10-09,"Via Giulio Cesare Procaccini, 4, Milano, MI",Careof,A place to stay di Cecilia Mentasti,https://www.milanotoday.it/eventi/a-place-to-stay-di-cecilia-mentasti-cecilia-mentasti.html,Non classificato,"4, Via Giulio Cesare Procaccini, Bullona, Porta Volta, Municipio 8 di Milano, Milano, Lombardia, 20154, Italia",45.4839945,9.1753796
Incontro/presentazione,09-10-24,2024-10-09,"via Brera, 28, Milano, MI",Pinacoteca di Brera,Gian Alberto Dell’Acqua. Ricordi di una lunga vita,,Formazione e networking,"Istituto Nazionale di Astrofisica – Osservatorio astronomico di Brera, 28, Via Brera, Cerchia dei Navigli, Municipio 1, Milano, Lombardia, 20121, Italia",45.4715946,9.1889707
Spettacoli,10-10-24,2024-10-10,"Via Andrea Maria Ampère 1,20131, Milano, MI,Italia",MTM - Leonardo,Liberi tutti,https://www.teatro.it/spettacoli/milano/leonardo/2024-2025/silvia-gavarotti-liberi-tutti,Teatro e spettacolo,"Teatro Leonardo da Vinci, 1, Via Andrea Maria Ampère, Città Studi, Municipio 3, Milano, Lombardia, 20131, Italia",45.4795266,9.2263901
,11-10-24,2024-10-10,"Viale Luigi Camoens, 2, Milano, MI",Just Me Milano,Aperitivo con vista alla Torre Branca per la Milano Wine Week,https://www.milanotoday.it/eventi/aperitivo-con-vista-alla-torre-branca-per-la-milano-wine-week.html,Non classificato,"Viale Luigi Camoens, Parco Sempione, Municipio 1, Milano, Lombardia, 20154, Italia",45.4729814,9.1728556
,10-10-24,2024-10-10,"Via Palmanova, 56, Milano, MI",La Battagliera,Giorgio Magri live,https://www.milanotoday.it/eventi/giorgio-magri-live-giorgio-magri.html,Non classificato,"56, Via Palmanova, Parco Lambro - Cimiano, Municipio 3, Milano, Lombardia, 20132, Italia",45.4962714,9.2367602
,31-10-24,2024-10-10,"Via Brera, 2, Milano, MI",Galleria Ponte Rosso,Artisti a Brera anni ‘70,https://www.milanotoday.it/eventi/artisti-a-brera-anni-70-collettiva.html,Non classificato,"Valstar, 2, Via Brera, Brera, Milano, Lombardia, 20121, Italia",45.4693543,9.1882354
,13-10-24,2024-10-10,"Via Niccolò Jommelli, 24, Milano, MI",Opificio della Fotografia,Fotografare la danza: workshop specialistico per fotografi,https://www.milanotoday.it/eventi/fotografare-la-danza-workshop-specialistico-per-fotografi.html,Non classificato,"Milano Arte Expo, 24, Via Niccolò Jommelli, Loreto, Municipio 3, Milano, Lombardia, 20131, Italia",45.4865099,9.2255126
,31-10-24,2024-10-10,"Via San Damiano, 2, Milano, MI",Salamon Fine Art Gallery,"Solo exhibition ""Soli"": Geremia Cerri",https://www.milanotoday.it/eventi/solo-exhibition-geremia-cerri-soli-geremia-cerri.html,Non classificato,"2, Via San Damiano, Magenta, Milano, Lombardia, 20013, Italia",45.4612307,8.8878582
,13-10-24,2024-10-11,"Piazza Castello, Milano, MI",Piazza Castello,"Valtellina vs Brianza: sa fem, mangem?",https://www.milanotoday.it/eventi/valtellina-vs-brianza-sa-fem-mangem.html,Non classificato,"Piazza Castello, Cerchia dei Navigli, Municipio 1, Milano, Lombardia, Italia",45.4704699,9.1819129
Mostra,11-10-24,2024-10-11,"Via Melchiorre Gioia 37, Milano, MI",Palazzo Lombardia,Milano Digital Week 2024 | AI² - N³ OLTRE | Against Inequalities Now Next Never,,Arte e cultura,"Centro Medico Lombardo, 37, Via Melchiorre Gioia, GARIBALDI REPUBBLICA, Municipio 9, Milano, Lombardia, 20124, Italia",45.4857036,9.1960529
Spettacoli,11-10-24,2024-10-11,"Corso di Porta Romana 63,20122, Milano, MI,Italia",Carcano,Suor Angelica e Gianni Schicchi,https://www.teatro.it/spettacoli/milano/carcano/2024-2025/suor-angelica-e-gianni-schicchi-conservatorio-g-verdi-di-milano,Teatro e spettacolo,"Teatro Carcano, 63, Corso di Porta Romana, Crocetta, Municipio 1, Milano, Lombardia, 20121, Italia",45.4566842,9.1955297
,12-10-24,2024-10-11,"Via Torino, 64, Milano, MI",ART MALL MILANO,Red Party per la Milano Wine Week,https://www.milanotoday.it/eventi/red-party-per-la-milano-wine-week.html,Non classificato,"Natura, 64, Via Torino, Cerchia dei Navigli, Municipio 1, Milano, Lombardia, 20123, Italia",45.4607911,9.1827157
,21-10-24,2024-10-11,"Via Noto, 8, Milano, MI",Università degli Studi di Milano,You are everything to me,https://www.milanotoday.it/eventi/you-are-everything-to-me-angela-crosti-vittoria-panerai.html,Non classificato,"8, Via Noto, Ripamonti, Municipio 5, Milano, Lombardia, 20141, Italia",45.4309298,9.199272
Spettacoli,11-10-24,2024-10-11,"Via Alessandro Manzoni 42,20121, Milano, MI,Italia",Manzoni,Favole da incubo,https://www.teatro.it/spettacoli/milano/manzoni/2024-2025/roberta-bruzzone-favole-da-incubo,Teatro e spettacolo,"Teatro Manzoni, 42, Via Alessandro Manzoni, Cerchia dei Navigli, Municipio 1, Milano, Lombardia, 20121, Italia",45.4710286,9.1944762
,11-10-24,2024-10-11,"Via Lanzone, 13, Milano, MI",Chiesa di San Bernardino alle Monache,Concerto d’arpa a lume di candela,https://www.milanotoday.it/eventi/concerto-d-arpa-a-lume-di-candela-nella-chiesa-di-san-bernardino-alle-monache-milano-musicista-michela-la-fauci.html,Non classificato,"13, Via Lanzone, Cerchia dei Navigli, Municipio 1, Milano, Lombardia, 20123, Italia",45.4604749,9.1784982
,11-10-24,2024-10-11,"Piazza Sant' Angelo, 2, Milano, MI",Chiesa di Sant'Angelo,Concerto di musica sinfonica eseguito dalla Masolino ensemble,https://www.milanotoday.it/eventi/concerto-di-musica-sinfonica-eseguito-dalla-masolino-ensemble-masolino-ensemble-diretta-dal-maestro-matteo-madella.html,Non classificato,"Biblioteca Francescana, 2, Piazza Sant'Angelo, Brera, Milano, Lombardia, 20121, Italia",45.475415,9.1930383
Spettacoli,11-10-24,2024-10-11,"via Fezzan,11,20146, Milano, MI,Italia",Ecoteatro,Il Matricomio - Dobbiamo Parlare ancora,https://www.teatro.it/spettacoli/milano/ecoteatro/2024-2025/jack-alvino-valentina-aurino-il-matricomio,Teatro e spettacolo,"EcoTeatro, 11, Via Fezzan, Bande Nere, Municipio 6, Milano, Lombardia, 20146, Italia",45.4592109,9.1459527
,13-10-24,2024-10-12,"Viale Luigi Camoens, 2, Milano, MI",Just Me,Milano Wine Week dall’alto,https://www.milanotoday.it/eventi/milano-wine-week-dall-alto.html,Non classificato,"Viale Luigi Camoens, Parco Sempione, Municipio 1, Milano, Lombardia, 20154, Italia",45.4729814,9.1728556
,12-10-24,2024-10-12,"Via Tortona, 35, Milano, MI",Hotel nhow Milano,Elab education Expo 2024,https://www.milanotoday.it/eventi/elab-education-expo-2024.html,Non classificato,"Elite Italia, 35, Via Tortona, Tortona, Municipio 6, Milano, Lombardia, 20144, Italia",45.4499864,9.1598472
,12-10-24,2024-10-12,"Via Domenico Berra, 10, Milano, MI",ASSOCIAZIONE CULTURALE CASA BERRA,Recital musicale di Cialdo Carlo Capelli,https://www.milanotoday.it/eventi/recital-musicale-di-cialdo-carlo-capelli-cialdo-carlo-capelli.html,Non classificato,"10, Via Domenico Berra, Padova, Municipio 2, Milano, Lombardia, 20132, Italia",45.5087633,9.2486748
Incontri,12-10-24,2024-10-12,"Via Tortona, 35, Milano, MI",NHow Hotel,Elab Education Expo 2024: il passaporto per il tuo futuro,https://www.milanotoday.it/eventi/elab-education-2024.html,Formazione e networking,"Elite Italia, 35, Via Tortona, Tortona, Municipio 6, Milano, Lombardia, 20144, Italia",45.4499864,9.1598472
,12-10-24,2024-10-12,"Via Giuseppe Candiani, 131, Milano, MI",La Scighera,Abbaglio piramide infesto splendore (atti fatui sull'amore),https://www.milanotoday.it/eventi/abbaglio-piramide-infesto-splendore-atti-fatui-sull-amore.html,Non classificato,"La Scighera, 131, Via Giuseppe Candiani, Bovisa, Municipio 9, Milano, Lombardia, 20158, Italia",45.5029369,9.1618014
Incontro/presentazione,12-10-24,2024-10-12,"via Brera, 28, Milano, MI",Pinacoteca di Brera - Biblioteca Nazionale Braidense di Milano,The Milaneser,,Formazione e networking,"Pinacoteca di Brera, 28, Via Brera, Cerchia dei Navigli, Municipio 1, Milano, Lombardia, 20121, Italia",45.4722421,9.1884071
,12-10-24,2024-10-12,"Piazza del Carmine, 2, Milano, MI",Davanti alla chiesa del Carmine,Intrighi al castello Sforzesco: i Visconti e gli Sforza tra lussi sfrenati e vita quotidiana,https://www.milanotoday.it/eventi/intrighi-al-castello-sforzesco-i--visconti-e-gli-sforza-tra-lussi-sfrenati-e-vita-quotidiana-italia-in-tour.html,Non classificato,"2, Piazza del Carmine, Brera, Milano, Lombardia, 20121, Italia",45.4705766,9.1854554
,12-10-24,2024-10-12,"Via Palazzo Reale, Milano, MI",Palazzo Reale di Milano,Visita guidata alla mostra “Munch – il grido interiore”,https://www.milanotoday.it/eventi/sabato-12-ottobre-visita-guidata-alla-mostra-munch-il-grido-interiore.html,Non classificato,"Via Palazzo Reale, Duomo, Municipio 1, Milano, Lombardia, 20122, Italia",45.4623721,9.1925622
,12-10-24,2024-10-12,"Piazzale Lavater, Milano, MI",Gelateria Wally,Come prima più di prima,https://www.milanotoday.it/eventi/come-prima-piu-di-prima-sara-bellinzona-finalista-masterchef-italia.html,Non classificato,"Piazzale Lavater, Buenos Aires - Venezia, Municipio 3, Milano, Lombardia, 20129, Italia",45.4764983,9.2114055
,12-10-24,2024-10-12,"Viale Enrico Fermi, 98, Milano, MI",Legend Club,Clara Moroni & The black cars live legend club,https://www.milanotoday.it/eventi/clara-moroni-the-black-cars-live-legend-club-clara-moroni.html,Non classificato,"Legend Club, 98, Viale Enrico Fermi, Parco Nord, Municipio 9, Milano, Lombardia, 20161, Italia",45.5161589,9.1794377
,13-10-24,2024-10-12,"Via Camillo Finocchiaro Aprile, 9a, Milano, MI",SEQUOIA MILANO,Wine week open wine al Sequoia Milano,https://www.milanotoday.it/eventi/wine-week-open-wine-al-sequoia-milano.html,Non classificato,"9a, Via Camillo Finocchiaro Aprile, Centrale, Municipio 2, Milano, Lombardia, 20124, Italia",45.4784198,9.200376
Spettacoli,12-10-24,2024-10-12,"Via Larga 14,20122, Milano, MI,Italia",Lirico Giorgio Gaber,"Pronto, Freud?",https://www.teatro.it/spettacoli/milano/lirico-giorgio-gaber/2024-2025/beatrice-arnera-pronto-freud,Teatro e spettacolo,"Teatro Lirico Giorgio Gaber, 14, Via Larga, Cerchia dei Navigli, Municipio 1, Milano, Lombardia, 20122, Italia",45.4615135,9.1918702
Concerti,12-10-24,2024-10-12,"Via Giuseppe di Vittorio, 6, Milano, MI",Forum Assago,Tony Effe in concerto a Milano. Orari e biglietti,https://www.milanotoday.it/eventi/concerto-tony-effe-forum-assago.html,Musica e vita notturna,"6, Via Giuseppe Di Vittorio, Foramagno, Mezzate, Peschiera Borromeo, Milano, Lombardia, 20068, Italia",45.4355184,9.2889768
,12-10-24,2024-10-12,"Piazza Sant'Ambrogio, Milano, MI",Davanti alla Basilica di Sant'Ambrogio,"Milano buia: storia dell'inquisizione, peste e occultismo",https://www.milanotoday.it/eventi/milano-buia-storia-dell-inquisizione-peste-e-occultismo-italia-in--tour.html,Non classificato,"Piazza Sant'Ambrogio, Cerchia dei Navigli, Municipio 1, Milano, Lombardia, 20123, Italia",45.4620403,9.1746594
,12-10-24,2024-10-12,"Via Giovanni Celoria, 15, Milano, MI","Politecnico di Milano, Centro Sportivo Giuriati",Polimi parasports for all: play with your ability,https://www.milanotoday.it/eventi/polimi-parasports-for-all-play-with-your-ability.html,Non classificato,"Via Giovanni Celoria, Città Studi, Municipio 3, Milano, Lombardia, 20133, Italia",45.4769066,9.2284375
Spettacoli,12-10-24,2024-10-12,"Via Alessandro Manzoni 42,20121, Milano, MI,Italia",Manzoni,GRISÙ - Un Drago senza paura,https://www.teatro.it/spettacoli/milano/manzoni/2024-2025/grisu,Teatro e spettacolo,"Teatro Manzoni, 42, Via Alessandro Manzoni, Cerchia dei Navigli, Municipio 1, Milano, Lombardia, 20121, Italia",45.4710286,9.1944762
Mostra,13-10-24,2024-10-13,"Via Senato, Milano, MI",Soprintendenza Archivistica e Bibliografica della Lombardia,Domenica di carta | Apertura straordinaria di Biblioteche e Archivi,,Arte e cultura,"Via Senato, Cerchia dei Navigli, Municipio 1, Milano, Lombardia, 20121, Italia",45.4714266,9.1962309
Mostra,13-10-24,2024-10-13,"Via Senato, Milano, MI",Soprintendenza Archivistica e Bibliografica della Lombardia,De_GAP: design _ governance archivi patrimonio per Domenica di Carta 2024,,Arte e cultura,"Via Senato, Cerchia dei Navigli, Municipio 1, Milano, Lombardia, 20121, Italia",45.4714266,9.1962309
Spettacoli,13-10-24,2024-10-13,"Via Alessandro Manzoni 42,20121, Milano, MI,Italia",Manzoni,Il talento di essere tutti e nessuno,https://www.teatro.it/spettacoli/milano/manzoni/2024-2025/luca-ward-il-talento-di-essere-tutti-e-nessuno,Teatro e spettacolo,"Teatro Manzoni, 42, Via Alessandro Manzoni, Cerchia dei Navigli, Municipio 1, Milano, Lombardia, 20121, Italia",45.4710286,9.1944762
Spettacoli,13-10-24,2024-10-13,"Via Sant'Antonio,5,20122, Milano, MI,Italia",Casa Cardinale Schuster,Enlightenment,https://www.teatro.it/spettacoli/milano/casa-cardinale-ildefonso-schuster/2024-2025/eonarium-enlightenment,Teatro e spettacolo,"5, Via Sant'Antonio, Duomo, Municipio 1, Milano, Lombardia, 20122, Italia",45.4614519,9.1934697
Attività Didattica,13-10-24,2024-10-13,"via Brera, 28, Milano, MI",Pinacoteca di Brera,FAMu 2024 L'erbario dei fiori di Brera,,Formazione e networking,"Pinacoteca di Brera, 28, Via Brera, Cerchia dei Navigli, Municipio 1, Milano, Lombardia, 20121, Italia",45.4722421,9.1884071
Spettacoli,13-10-24,2024-10-13,"viale Alemagna,6,20121, Milano, MI,Italia",Triennale,Un uomo chiamato Bob Dylan,https://www.teatro.it/spettacoli/milano/triennale/2024-2025/un-uomo-chiamato-bob-dylan,Teatro e spettacolo,"Triennale Design Museum, 6, Viale Emilio Alemagna, Parco Sempione, Municipio 1, Milano, Lombardia, 20121, Italia",45.4721477,9.1734894
Mercatini,13-10-24,2024-10-13,"Via Angelo Mosso, 3, Milano, MI",Mosso,"Flug Market Mosso, torna il mercatino del ""fatto a mano""",https://www.milanotoday.it/eventi/mercatino-flug-market-mosso.html,Mercati e shopping,"Mosso, 3, Via Angelo Mosso, Nolo, Municipio 2, Milano, Lombardia, 20127, Italia",45.4940174,9.2262206
Spettacoli,13-10-24,2024-10-13,"Via Filodrammatici 2,20121, Milano, MI,Italia",Teatro Alla Scala,Beatrice Rana,https://www.teatro.it/spettacoli/milano/teatro-alla-scala/2024-2025/teatro-alla-scala-beatrice-rana,Teatro e spettacolo,"2, Via Filodrammatici, Brera, Milano, Lombardia, 20121, Italia",45.4673781,9.188701
Spettacoli,13-10-24,2024-10-13,"Via Rivoli 6,20121, Milano, MI,Italia",Piccolo Teatro - Studio Melato,Tanti Sordi – Polvere di Alberto,https://www.teatro.it/spettacoli/milano/piccolo-teatro-studio-melato/2024-2025/compagnia-frosini-timpano-tanti-sordi-polvere-di-alberto,Teatro e spettacolo,"6, Via Rivoli, Brera, Municipio 1, Milano, Lombardia, 20121, Italia",45.4726093,9.182881
Sport,13-10-24,2024-10-13,"Piazzale Angelo Moratti, Milano, MI",Piazzale Angelo Moratti,"Deejay Ten 2024. Orari, percorsi e come iscriversi",https://www.milanotoday.it/eventi/maratona-deejay-ten-2024-come-iscriversi.html,Sport e attività fisica,"Piazzale Angelo Moratti, San Siro, Municipio 7, Milano, Lombardia, 20148, Italia",45.478178,9.1212742
Concerti,13-10-24,2024-10-13,"Via Conservatorio, 12, Milano, MI",Conservatorio,"Roberto Vecchioni in concerto al Conservatorio, musica e solidarietà",https://www.milanotoday.it/eventi/concerto-roberto-vecchioni-conservatorio-solidarieta.html,Musica e vita notturna,"Via Conservatorio, Guastalla, Municipio 1, Milano, Lombardia, 20122, Italia",45.464677,9.2030999
Spettacoli,13-10-24,2024-10-13,"Via Rovello 2,20121, Milano, MI,Italia",Piccolo Teatro - Teatro Grassi,Il barone rampante,https://www.teatro.it/spettacoli/milano/piccolo-teatro-teatro-grassi/2024-2025/regia-riccardo-frati-il-barone-rampante,Teatro e spettacolo,"2, Via Rovello, Brera, Milano, Lombardia, 20121, Italia",45.4665188,9.1847651
,13-10-24,2024-10-13,"Via Giuseppe Candiani, 131, Milano, MI",La Scighera,Un altro lunedì,https://www.milanotoday.it/eventi/un-altro-lunedi.html,Non classificato,"La Scighera, 131, Via Giuseppe Candiani, Bovisa, Municipio 9, Milano, Lombardia, 20158, Italia",45.5029369,9.1618014
Spettacoli,13-10-24,2024-10-13,"Via Lattanzio 58/A,20137, Milano, MI,Italia",deSidera Teatro Oscar,In nome della madre,https://www.teatro.it/spettacoli/milano/desidera-teatro-oscar/2024-2025/galatea-ranzi-in-nome-della-madre,Teatro e spettacolo,"Teatro Oscar DeSidera, 58/A, Via Lattanzio, Umbria - Molise, Municipio 4, Milano, Lombardia, 20137, Italia",45.4523298,9.2167181
Spettacoli,13-10-24,2024-10-13,"Corso Venezia 2/A,20121, Milano, MI,Italia",San Babila,Stanlio e Ollio,https://www.teatro.it/spettacoli/milano/san-babila/2024-2025/stanlio-e-ollio,Teatro e spettacolo,"Teatro San Babila, 2a, Corso Venezia, Duomo, Municipio 1, Milano, Lombardia, 20121, Italia",45.4671392,9.1983345
Spettacoli,13-10-24,2024-10-13,"via Conservatorio 12,20122, Milano, MI,Italia",Conservatorio Giuseppe Verdi,Tra il silenzio e il tuono Tour,https://www.teatro.it/spettacoli/milano/conservatorio-giuseppe-verdi/2024-2025/roberto-vecchioni-tra-il-silenzio-e-il-tuono-tour,Teatro e spettacolo,"Via Conservatorio, Guastalla, Municipio 1, Milano, Lombardia, 20122, Italia",45.464677,9.2030999
,13-10-24,2024-10-13,"Via Olgetta, Milano, MI",Golfo Agricolo,Segrate in volo. In mongolfiera sul golfo agricolo,https://www.milanotoday.it/eventi/segrate-in-volo-in-mongolfiera-sul-golfo-agricolo.html,Non classificato,"Strada di Arroccamento Nord, Milano Due, Municipio 3, Rovagnasco, Milano, Lombardia, 20055, Italia",45.5055168,9.2719728
Spettacoli,14-10-24,2024-10-14,"Corso di Porta Romana 63,20122, Milano, MI,Italia",Carcano,Rock Sympho Show,https://www.teatro.it/spettacoli/milano/carcano/2024-2025/prime-orchestra-rock-sympho-show,Teatro e spettacolo,"Teatro Carcano, 63, Corso di Porta Romana, Crocetta, Municipio 1, Milano, Lombardia, 20121, Italia",45.4566842,9.1955297
Teatri,14-10-24,2024-10-14,"Via Filodrammatici, 6, Milano, MI",Teatro Filodrammatici,Colpevole o innocente? La storia a processo (e il pubblico vota),https://www.milanotoday.it/eventi/spettacolo-storia-a-processo-teatro-filodrammatici.html,Teatro e spettacolo,"Via Filodrammatici, Brera, Municipio 1, Milano, Lombardia, 20121, Italia",45.4673403,9.1886109
,14-10-24,2024-10-14,"Via Ferdinando Gregorovius, 15, Milano, MI",Cittadella degli Archivi del Comune di MIlano,"""Respiro"": inaugurazione del murale ecosostenibile di gianluca patti",https://www.milanotoday.it/eventi/respiro-inaugurazione-del-murale-ecosostenibile-di-gianluca-patti-gianluca-patti.html,Non classificato,"15, Via Ferdinando Gregorovius, Niguarda - Cà Granda, Municipio 9, Milano, Lombardia, 20162, Italia",45.5137243,9.1986558
Spettacoli,14-10-24,2024-10-14,"Via San Giovanni sul muro 2,20121, Milano, MI,Italia",Dal Verme,Glenn Miller Orchestra,https://www.teatro.it/spettacoli/milano/dal-verme/2024-2025/best-of-tour-glenn-miller-orchestra,Teatro e spettacolo,"2, Via San Giovanni sul Muro, Cerchia dei Navigli, Municipio 1, Milano, Lombardia, 20121, Italia",45.4671162,9.1814924
Spettacoli,14-10-24,2024-10-14,"Via G. di Vittorio 6,20090, Assago, MI,Italia",Unipol Forum,L'ultima notte rosa - The final Tour,https://www.teatro.it/spettacoli/assago/mediolanum-forum/2024-2025/umberto-tozzi-lultima-notte-rosa-the-final-tour,Teatro e spettacolo,"20090, Italy",45.407,9.1083
Spettacoli,14-10-24,2024-10-14,"via Pitteri 58,20134, Milano, MI,Italia",Martinitt,Ancora non sono pronta,https://www.teatro.it/spettacoli/milano/martinitt/2024-2025/angelica-massera-ancora-non-sono-pronta,Teatro e spettacolo,"Via Riccardo Pitteri, Lambrate, Municipio 3, Milano, Lombardia, 20134, Italia",45.4791078,9.2461224
Concerti,15-10-24,2024-10-15,"Via Pietrasanta, 16, Milano, MI",Magazzini Generali,"Il ""primo tour"" di Clara (e l'unica data del concerto su Milano)",https://www.milanotoday.it/eventi/concerto-clara-magazzini-generali.html,Musica e vita notturna,"16, Via Pietrasanta, Ex Om - Morivione, Municipio 5, Milano, Lombardia, 20141, Italia",45.4440954,9.1951652
,15-10-24,2024-10-15,"Via Edoardo Bonardi, 9, Milano, MI","Aula Giampiero Pesenti, Campus Leonardo","Change: la sostenibilità al Politecnico di Milano si immagina, si insegna, si vive, si fa insieme",https://www.milanotoday.it/eventi/change-la-sostenibilita-al-politecnico-di-milano-si-immagina-si-insegna-si-vive-si-fa-insieme-giovanni-storti-marco-paolini-margherita-granbassi-anna-danesi-antonella-viola-letizia-magaldi-jeffrey-sachs.html,Non classificato,"9, Via Edoardo Bonardi, Città Studi, Municipio 3, Milano, Lombardia, 20131, Italia",45.4794448,9.2283841
,15-10-24,2024-10-15,"Via San Marco, 5, Milano, MI",Osteria di Brera,Un calice di Trentino in città: osteria di Brera,https://www.milanotoday.it/eventi/un-calice-di-trentino-in-citta-osteria-di-brera-ospita-le-eccellenze-di-altemasi-trentodoc.html,Non classificato,"Osteria di Brera, 5, Via San Marco, Brera, Municipio 1, Milano, Lombardia, 20121, Italia",45.4745939,9.1876981
,15-10-24,2024-10-15,"Corso Vittorio Emanuele II, Milano, MI",Marchesi 1824,"Marchesi 1824: dinner club, un autunno all’insegna del gusto e dell’eleganza",https://www.milanotoday.it/eventi/marchesi-1824-dinner-club-un-autunno-all-insegna-del-gusto-e-dell-eleganza-pasticceria-marchesi-dinner-club.html,Non classificato,"Corso Vittorio Emanuele Secondo, Duomo, Municipio 1, Milano, Lombardia, 20122, Italia",45.4649238,9.1937116
Spettacoli,15-10-24,2024-10-15,"via Filodrammatici,1,20121, Milano, MI,Italia",Filodrammatici,Cantami d'amore,https://www.teatro.it/spettacoli/milano/filodrammatici/2024-2025/edoardo-prati-cantami-damore,Teatro e spettacolo,"Teatro dei Filodrammatici, 1, Via Filodrammatici, Brera, Municipio 1, Milano, Lombardia, 20121, Italia",45.467261,9.188435
Spettacoli,15-10-24,2024-10-15,"Via Pietrasanta 14,20124, Milano, MI,Italia",Magazzini Generali,Live Tour 2025,https://www.teatro.it/spettacoli/milano/magazzini-generali/2024-2025/clara-pr1mo-tour,Teatro e spettacolo,"14, Via Pietrasanta, Ex Om - Morivione, Municipio 5, Milano, Lombardia, 20141, Italia",45.4438506,9.1964489
,15-10-24,2024-10-15,"Via Guglielmo Röntgen, Milano, MI",Aula Magna Bocconi,Blind date: concert in the dark,https://www.milanotoday.it/eventi/blind-date-concert-in-the-dark-il-concerto-al-buio-di-cesare-picco-cesare-picco.html,Non classificato,"Via Corrado Guglielmo Rontgen, Vigentina, Municipio 5, Milano, Lombardia, 20136, Italia",45.4503471,9.1872302
,09-11-24,2024-10-16,"Viale Tibaldi, 14, Milano, MI","Bar ""Il Ritrovo""","Il ritrovo, dove l'arte si sente a casa",https://www.milanotoday.it/eventi/il-ritrovo-dove-l-arte-si-sente-a-casa-thomas-calcagno.html,Non classificato,"14, Viale Tibaldi, Ticinese, Municipio 5, Milano, Lombardia, 20136, Italia",45.443411,9.1779603
Spettacoli,16-10-24,2024-10-16,"Via G. di Vittorio 6,20090, Assago, MI,Italia",Unipol Forum,Tutto è possibile in Tour,https://www.teatro.it/spettacoli/assago/unipol-forum-ex-mediolanum-forum/2024-2025/finley-tutto-e-possibile-al-forum,Teatro e spettacolo,"20090, Italy",45.407,9.1083
Spettacoli,16-10-24,2024-10-16,"Via Filodrammatici 2,20121, Milano, MI,Italia",Teatro Alla Scala,La dame aux camélias,https://www.teatro.it/spettacoli/milano/teatro-alla-scala/2024-2025/la-dame-aux-camelias-coreografia-john-neumeier,Teatro e spettacolo,"2, Via Filodrammatici, Brera, Milano, Lombardia, 20121, Italia",45.4673781,9.188701
Incontri,16-10-24,2024-10-16,"Via Coluccio Salutati, 2, Milano, MI",Bootleg Pub & Kitchen,"Il libro su Jurgen Sparwasser, ""l'eroe che tradì"". La presentazione a Milano",https://www.milanotoday.it/eventi/presentazione-libro-sparwasser-tosco.html,Formazione e networking,"Bootleg Pub, 2, Via Coluccio Salutati, Washington, Municipio 7, Milano, Lombardia, 20144, Italia",45.4639121,9.1604671
,18-10-24,2024-10-16,"Via Masaccio, 19, Milano, MI",Milano,Pet welfare forum: stati generali dei pet,https://www.milanotoday.it/eventi/pet-welfare-forum-stati-generali-dei-pet-16-18-ottobre-pet-welfare-forum.html,Non classificato,"Melià Milano, 19, Via Masaccio, De Angeli - Monte Rosa, Portello, Municipio 8 di Milano, Milano, Lombardia, 20149, Italia",45.4791849,9.1458654
,13-11-24,2024-10-16,"Via Vittorio Scialoia, 5, Milano, MI",Sala Convegni,Ems presenta: corso gratuito per diventare allievi soccorritori,https://www.milanotoday.it/eventi/ems-presenta-corso-gratuito-per-diventare-allievi-soccorritori-emergenza-milano-soccorso.html,Non classificato,"5, Via Vittorio Scialoia, Affori, Municipio 9, Milano, Lombardia, 20161, Italia",45.5120961,9.1785825
Spettacoli,16-10-24,2024-10-16,"Corso di Porta Romana 63,20122, Milano, MI,Italia",Carcano,Cabaret,https://www.teatro.it/spettacoli/milano/carcano/2024-2025/filippo-giardina-cabaret,Teatro e spettacolo,"Teatro Carcano, 63, Corso di Porta Romana, Crocetta, Municipio 1, Milano, Lombardia, 20121, Italia",45.4566842,9.1955297
Spettacoli,17-10-24,2024-10-17,"via Filodrammatici,1,20121, Milano, MI,Italia",Filodrammatici,Cruda e Nuda,https://www.teatro.it/spettacoli/milano/filodrammatici/2024-2025/alice-mangione-cruda-e-nuda,Teatro e spettacolo,"Teatro dei Filodrammatici, 1, Via Filodrammatici, Brera, Municipio 1, Milano, Lombardia, 20121, Italia",45.467261,9.188435
,19-10-24,2024-10-17,"Via Nicola Antonio Porpora, 16a, Milano, MI",iKonica Art Gallery,Lupus in fabula personale,https://www.milanotoday.it/eventi/lupus-in-fabula-personale-duilio-forte.html,Non classificato,"Via Nicola Antonio Porpora, Loreto, Municipio 3, Milano, Lombardia, 20131, Italia",45.4860581,9.2259393
Spettacoli,17-10-24,2024-10-17,"Corso di Porta Romana 63,20122, Milano, MI,Italia",Carcano,La Famiglia Addams,https://www.teatro.it/spettacoli/milano/carcano/2024-2025/compagnia-della-corona-la-famiglia-addams,Teatro e spettacolo,"Teatro Carcano, 63, Corso di Porta Romana, Crocetta, Municipio 1, Milano, Lombardia, 20121, Italia",45.4566842,9.1955297
,17-10-24,2024-10-17,"Via Pisanello, 1, Milano, MI",Centro Culturale Rosetum,rudy linka e gil goldstein-just between us ii rosetum jazz festival #7,https://www.milanotoday.it/eventi/rudy-linka-e-gil-goldstein-just-between-us-ii-rosetum-jazz-festival-7-rudy-linka-gil-goldstein.html,Non classificato,"Via Pisanello, Bande Nere, Municipio 7, Milano, Lombardia, 20148, Italia",45.4672182,9.140416
,27-10-24,2024-10-17,"Via Andrea Maria Ampère, Milano, MI","Teatro Leonardo, Milano",Amleto di Corrado d’Elia,https://www.milanotoday.it/eventi/amleto-corrado-d-elia-e-cast.html,Non classificato,"Via Andrea Maria Ampère, Città Studi, Municipio 3, Milano, Lombardia, 20131, Italia",45.4815526,9.2266627
Incontro/presentazione,17-10-24,2024-10-17,"via Brera, 28, Milano, MI",Pinacoteca di Brera,Il silenzio di Pound,,Formazione e networking,"Pinacoteca di Brera, 28, Via Brera, Cerchia dei Navigli, Municipio 1, Milano, Lombardia, 20121, Italia",45.4722421,9.1884071
,17-10-24,2024-10-17,"Piazza di Santa Maria delle Grazie, Milano, MI",Cenacolo Vinciano,Visita guidata al Cenacolo Vinciano,https://www.milanotoday.it/eventi/giovedi-17-ottobre-visita-guidata-al-cenacolo-vinciano-di-milano.html,Non classificato,"Piazza Santa Maria delle Grazie, Magenta - San Vittore, Municipio 1, Milano, Lombardia, 20123, Italia",45.4662916,9.1704104
,27-10-24,2024-10-17,"Via Pietro Borsieri, 12, Milano, MI",Key Gallery,"Anemos: una mostra, un evento culturale",https://www.milanotoday.it/eventi/anemos-una-mostra-un-evento-culturale-nadia-giacomini-monia-romanelli-eugenio-tocchet.html,Non classificato,"Bar Guadagni, 12, Via Pietro Borsieri, Isola, Municipio 9, Milano, Lombardia, 20159, Italia",45.4867002,9.1887446
,24-10-24,2024-10-17,"Via Quintino Sella, 4, Milano, MI",Museo d'Arte e Scienza,Gun&bulles!,https://www.milanotoday.it/eventi/fun-bulles-martina-dal-cin-martina-dal-cin.html,Non classificato,"Museo d'arte e scienza, 4, Via Quintino Sella, Cerchia dei Navigli, Municipio 1, Milano, Lombardia, 20121, Italia",45.47025,9.182454
,18-10-24,2024-10-17,"Piazza Armando Diaz, 5, Milano, MI",Spazio diaz,Crib,https://www.milanotoday.it/eventi/crib-ska.html,Non classificato,"Ca'puccino, 5, Piazza Armando Diaz, Cerchia dei Navigli, Municipio 1, Milano, Lombardia, 20122, Italia",45.4621984,9.190446
,08-11-24,2024-10-17,"Via San Fermo, 19, Milano, MI",Spazio HUS,Le opere di Simonetta Chierici allo spazio Hus,https://www.milanotoday.it/eventi/le-opere-di-simonetta-chierici-allo-spazio-hus-di-milano-simonetta-chierici.html,Non classificato,"Via San Fermo, Baggio, Municipio 7, Villaggio Cavour, Settimo Milanese, Milano, Lombardia, 20019, Italia",45.4630575,9.0747604
,18-10-24,2024-10-18,"Via Giuseppe Candiani, 131, Milano, MI",La Scighera,Voodoo Mars in concerto + dj Giusy Wild,https://www.milanotoday.it/eventi/voodoo-mars-in-concerto-dj-giusy-wild-voodoo-mars.html,Non classificato,"La Scighera, 131, Via Giuseppe Candiani, Bovisa, Municipio 9, Milano, Lombardia, 20158, Italia",45.5029369,9.1618014
,18-10-24,2024-10-18,"Via Nino Oxilia, 10, Milano, MI",Cinema Beltrade,Un milione di granelli di sabbia e consegna del Mercurius Prize,https://www.milanotoday.it/eventi/un-milione-di-granelli-di-sabbia-e-consegna-del-mercurius-prize-al-cinema-beltrade-eva-pattis-zoja.html,Non classificato,"Cinema Beltrade, 10, Via Nino Oxilia, Loreto, Municipio 2, Milano, Lombardia, 20127, Italia",45.4924673,9.214887
Convegno/conferenza,18-10-24,2024-10-18,"via Brera, 28, Milano, MI",Pinacoteca di Brera,Gli Inimitabili della cultura italiana D’Annunzio – Marinetti – Mazzini,,Formazione e networking,"Pinacoteca di Brera, 28, Via Brera, Cerchia dei Navigli, Municipio 1, Milano, Lombardia, 20121, Italia",45.4722421,9.1884071
Spettacoli,18-10-24,2024-10-18,"Piazza S. Magno,20025, Legnano, MI,Italia",Galleria,"Pronto, Freud?",https://www.teatro.it/spettacoli/legnano/galleria/2024-2025/beatrice-arnera-pronto-freud,Teatro e spettacolo,"Piazza San Magno, San Magno, Oltresempione, Legnano, Milano, Lombardia, 20025, Italia",45.5945411,8.9179889
,18-10-24,2024-10-18,"Via Asilo, 71, Milano, MI",Il Giardino di Fondazione La Comune,Racconti del giardino una passeggiata per grandi e piccini,https://www.milanotoday.it/eventi/racconti-del-giardino-una-passeggiata-per-grandi-e-piccini-alla-scoperta-dei-segreti-della-natura.html,Non classificato,"Via Asilo, Pasquè, Rho, Milano, Lombardia, 20017, Italia",45.529948,9.0396837
Inaugurazioni,18-11-24,2024-10-18,"Foro Buonaparte, 74, Milano, MI",Decathlon Milano Cairoli,"Innovazione, basso impatto e sostenibilità: il nuovo volto dello sport arriva a Milano Cairoli",https://www.milanotoday.it/eventi/store-sport-milano-cairoli.html,Inaugurazioni,"Madame Pauline, 74, Foro Buonaparte, Brera, Municipio 1, Milano, Lombardia, 20121, Italia",45.4692366,9.1829003
,18-10-24,2024-10-18,"Via Giuseppe di Vittorio, 6, Milano, MI",Unipol Forum,"Mace all'Unipol Forum con ""An out of body experience""",https://www.milanotoday.it/eventi/mace-il-18-ottobre-all-unipol-forum-di-milano-con-an-out-of-body-experience-mace.html,Non classificato,"6, Via Giuseppe Di Vittorio, Foramagno, Mezzate, Peschiera Borromeo, Milano, Lombardia, 20068, Italia",45.4355184,9.2889768
,18-10-24,2024-10-18,"Via Giuseppe di Vittorio, 6, Milano, MI",Mediolanum Forum di Assago,"I Finley: vent'anni di successi, una storia di musica italiana",https://www.milanotoday.it/eventi/i-finley-vent-anni-di-successi-una-storia-di-musica-italiana.html,Non classificato,"6, Via Giuseppe Di Vittorio, Foramagno, Mezzate, Peschiera Borromeo, Milano, Lombardia, 20068, Italia",45.4355184,9.2889768
Spettacoli,18-10-24,2024-10-18,"p.zza IV Novembre 3,20025, Legnano, MI,Italia",Talisio Tirinnanzi,Non Hanno Un Amico,https://www.teatro.it/spettacoli/legnano/talisio-tirinnanzi/2024-2025/luca-bizzarri-non-hanno-un-amico,Teatro e spettacolo,"Scuola Secondaria di Primo Grado Giovanni Ungaretti, 3, Piazza Quattro Novembre, San Giorgio su Legnano, Milano, Lombardia, 20034, Italia",45.5765251,8.9157963
Spettacoli,18-10-24,2024-10-18,"v. Matteotti 30,20064, Gorgonzola, MI,Italia",Sala Argentia,Romeo e Giulietta. L’amore è saltimbanco,https://www.teatro.it/spettacoli/gorgonzola/sala-argentia/2024-2025/stivalaccio-teatro-romeo-e-giulietta-lamore-e-saltimbanco,Teatro e spettacolo,"Sala Argentia, 30, Via Giacomo Matteotti, Gorgonzola, Milano, Lombardia, 20064, Italia",45.5327792,9.4032916
,18-10-24,2024-10-18,"Via Guglielmo Silva, 36, Milano, MI",International Cinema Academy,Lezione gratuita con l’acting coach Sara Corso,https://www.milanotoday.it/eventi/lezione-gratuita-con-l-acting-coach-sara-corso-international-cinema-academy-di-milano-sara-corso.html,Non classificato,"Via Guglielmo Silva, De Angeli - Monte Rosa, Portello, Municipio 8 di Milano, Milano, Lombardia, 20149, Italia",45.478887,9.1478414
Promozioni,20-10-24,2024-10-18,"Piazza Gae Aulenti, Milano, MI",Installazione Omino Bianco,The Perfect Match: un evento imperdibile nel cuore di Milano per il lancio della nuova Linea di Detersivi Idrocaps™,https://www.milanotoday.it/eventi/detersivi-idrocaps-sciogli-macchie-salva-fibre.html,Mercati e shopping,"Piazza Gae Aulenti, GARIBALDI REPUBBLICA, Municipio 9, Milano, Lombardia, Italia",45.4834778,9.1902248
Spettacoli,18-10-24,2024-10-18,"Viale dell'Innovazione 20,20126, Milano, MI,Italia",Arcimboldi,Stewart Copeland - Police Deranged for Orchestra,https://www.teatro.it/spettacoli/milano/arcimboldi/2024-2025/stewart-copeland-police-deranged-for-orchestra,Teatro e spettacolo,"20, Viale dell'Innovazione, Bicocca, Municipio 9, Milano, Lombardia, 20125, Italia",45.5148696,9.2135963
,20-10-24,2024-10-18,"Via Sant'Erlembaldo, 2, Milano, MI",Teatro Officina,Rinascere dalle macerie: 80 anni dalla strage di Gorla,https://www.milanotoday.it/eventi/rinascere-dalle-macerie_80-anni-dalla-strage-di-gorla-teatro-officina.html,Non classificato,"2, Via Sant'Erlembaldo, Viale Monza, Municipio 2, Milano, Lombardia, 20126, Italia",45.5056173,9.2215298
,19-10-24,2024-10-19,"Piazza Duca d'Aosta, Milano, MI",Auditorium Giorgio Gaber,Ragazzi che concerto!,https://www.milanotoday.it/eventi/ragazzi-che-concerto-francesco-maffei-marina-boselli-simone-carolfi-davide-ranaldi.html,Non classificato,"Piazza Duca d'Aosta, Centrale, Municipio 2, Milano, Lombardia, 20124, Italia",45.4848412,9.2032441
Incontro/presentazione,19-10-24,2024-10-19,"via Brera, 28, Milano, MI",Pinacoteca di Brera - Biblioteca Nazionale Braidense di Milano,S'avanza la mia ombra a passi di lupa,,Formazione e networking,"Istituto Nazionale di Astrofisica – Osservatorio astronomico di Brera, 28, Via Brera, Cerchia dei Navigli, Municipio 1, Milano, Lombardia, 20121, Italia",45.4715946,9.1889707
Disco&Feste,19-10-24,2024-10-19,"Via Valtellina, 25, Milano, MI",Alcatraz Milano,All'Alcatraz un party dedicato ai mitici anni Duemila,https://www.milanotoday.it/eventi/festa-alcatraz-anni-duemila.html,Musica e vita notturna,"Alcatraz, 25, Via Valtellina, Isola, Municipio 9, Milano, Lombardia, 20159, Italia",45.494744,9.1823768
,19-10-24,2024-10-19,"Via Luigi Porro Lambertenghi, 7, Milano, MI",WAO Isola,Vinyl market: oltre 10mila dischi in vendita da Wao Isola,https://www.milanotoday.it/eventi/vinyl-market-oltre-10-000-dischi-in-vendita-da-wao-isola.html,Non classificato,"Satispay S.p.A., 7, Via Luigi Porro Lambertenghi, Isola, Municipio 9, Milano, Lombardia, 20159, Italia",45.4893735,9.1845968
Spettacoli,19-10-24,2024-10-19,"Corso di Porta Romana 63,20122, Milano, MI,Italia",Carcano,La sublimazione poetica del cinema di Matteo Garrone in Jazz,https://www.teatro.it/spettacoli/milano/carcano/2024-2025/matteo-garrone-la-sublimazione-poetica-del-cinema-di-matteo-garrone-in-jazz,Teatro e spettacolo,"Teatro Carcano, 63, Corso di Porta Romana, Crocetta, Municipio 1, Milano, Lombardia, 20121, Italia",45.4566842,9.1955297
,19-10-24,2024-10-19,"Largo Gustav Mahler, Milano, MI",Auditorium di Milano,Antonella Ruggiero in concerto al fianco di una mano alla vita,https://www.milanotoday.it/eventi/antonella-ruggiero-in-concerto-a-milano-al-fianco-di-una-mano-alla-vita-antonella-ruggiero.html,Non classificato,"Largo Gustav Mahler, Ticinese, Municipio 5, Milano, Lombardia, 20136, Italia",45.4463151,9.1792547
Disco&Feste,19-10-24,2024-10-19,"Via Torino, 64, Milano, MI",Art Mall Milano,Una festa in una speciale galeria d'arte di Milano,https://www.milanotoday.it/eventi/festa-galleria-arte-art-mall-ottobre-2024.html,Musica e vita notturna,"Natura, 64, Via Torino, Cerchia dei Navigli, Municipio 1, Milano, Lombardia, 20123, Italia",45.4607911,9.1827157
,19-10-24,2024-10-19,"Corso di Porta Romana, 63, Milano, MI",Teatro Carcano,"Matteo Garrone, a Milano la sublimazione poetica del cinema in jazz",https://www.milanotoday.it/eventi/matteo-garrone-a-milano-la-sublimazione-poetica-del-cinema-in-jazz-matteo-garrone.html,Non classificato,"Teatro Carcano, 63, Corso di Porta Romana, Crocetta, Municipio 1, Milano, Lombardia, 20121, Italia",45.4566842,9.1955297
,20-10-24,2024-10-19,"Via Quinto Cenni, 11, Milano, MI",Mare Culturale Urbano,Stay human: per una trasformazione collettiva,https://www.milanotoday.it/eventi/stay-human-per-una-trasformazione-collettiva.html,Non classificato,"Via Quinto Cenni, Quartiere Vercellese, Forze Armate, Municipio 7, Milano, Lombardia, 20147, Italia",45.4688901,9.1238692
,19-10-24,2024-10-19,"Via Conservatorio, 12, Milano, MI",Conservatorio Giuseppe Verdi,Giacomo Puccini poeta,https://www.milanotoday.it/eventi/giacomo-puccini-poeta-anbima-aps-rete-associativa.html,Non classificato,"Via Conservatorio, Guastalla, Municipio 1, Milano, Lombardia, 20122, Italia",45.4658084,9.2027724
Disco&Feste,20-10-24,2024-10-19,"Viale Luigi Camoens, 2, Milano, MI",Just Me,Milano vista dall'alto: l'incredibile salita sulla Torre Branca,https://www.milanotoday.it/eventi/festa-torre-branca.html,Musica e vita notturna,"Viale Luigi Camoens, Parco Sempione, Municipio 1, Milano, Lombardia, 20154, Italia",45.4729814,9.1728556
Disco&Feste,19-10-24,2024-10-19,"Via Messina, 38, Milano, MI",Pineta Milano,L'inaugurazione di una nuova discoteca nel cuore di Milano,https://www.milanotoday.it/eventi/festa-inaugurazione-locale-pineta.html,Musica e vita notturna,"38, Via Messina, Bullona, Porta Volta, Municipio 8 di Milano, Milano, Lombardia, 20154, Italia",45.4864778,9.17334
Spettacoli,19-10-24,2024-10-19,"Via G. di Vittorio 6,20090, Assago, MI,Italia",Unipol Forum,The Trilogy Tour,https://www.teatro.it/spettacoli/assago/unipol-forum-ex-mediolanum-forum/2024-2025/melanie-martinez-the-trilogy-tour,Teatro e spettacolo,"20090, Italy",45.407,9.1083
Cibo e Vino,19-10-24,2024-10-19,"Via dei Piatti, 4, Milano, MI",TLB,Patatine gratis per i primi 100 clienti: l’inaugurazione del nuovo kebabbaro a Milano,https://www.milanotoday.it/eventi/inaugurazione-o-talebano-kebab-milano.html,Enogastronomia,"4, Via dei Piatti, Cerchia dei Navigli, Municipio 1, Milano, Lombardia, 20123, Italia",45.4607129,9.1852154
,19-10-24,2024-10-19,"Piazza San Carlo, Milano, MI",Piazza San Carlo e proseguendo per le vie della città,Marcia per la libertà 2024,https://www.milanotoday.it/eventi/marcia-per-la-liberta-2024-marcia-per-la-liberta.html,Non classificato,"Piazza San Carlo, Duomo, Municipio 1, Milano, Lombardia, 20122, Italia",45.4659452,9.196413
Manifestazioni,20-10-24,2024-10-19,"Via Tortona, 27, Milano, MI",Superstudio Più,"Big Event, la fiera della fotografia nel cuore di Milano",https://www.milanotoday.it/eventi/big-event-fiera-fotografia-via-tortona.html,Altri eventi,"Mandarina duck, 27, Via Tortona, Tortona, Municipio 6, Milano, Lombardia, 20144, Italia",45.4506784,9.1634775
,19-10-24,2024-10-19,"Via Giuseppe Candiani, 131, Milano, MI",La Scighera,Tablao flamenco,https://www.milanotoday.it/eventi/tablao-flamenco.html,Non classificato,"Civico 131, 131, Via Giuseppe Candiani, Bovisa, Municipio 9, Milano, Lombardia, 20158, Italia",45.5028773,9.1615665
,19-01-25,2024-10-19,"Viale Campania, 12, Milano, MI",WOW Spazio Fumetto,"La nuova mostra fumetto, un miracolo a Milano",https://www.milanotoday.it/eventi/la-nuova-mostra-fumetto-un-miracolo-a-milano.html,Non classificato,"12, Viale Campania, Corsica, Municipio 4, Milano, Lombardia, 20133, Italia",45.4634024,9.2242161
Incontri,20-10-24,2024-10-19,"Via Grosotto, 7, Milano, MI",Piazza Portello,Scambio di libri e Party Portello Kids: le iniziative per promuovere la lettura,https://www.milanotoday.it/eventi/scambio-libri-piazza-portello-kids-bambini.html,Formazione e networking,"Parafarmacia Portello, 7, Via Grosotto, Villapizzone, Cagnola, Municipio 8 di Milano, Milano, Lombardia, 20149, Italia",45.490853,9.1465887
Spettacoli,20-10-24,2024-10-20,"Via Hoepli 3b,20121, Milano, MI,Italia",Auditorium San Fedele,Authentic Flamenco,https://www.teatro.it/spettacoli/milano/auditorium-san-fedele/2024-2025/authentic-flamenco-presenta-amador-rojas,Teatro e spettacolo,"Via Ulrico Hoepli, Duomo, Municipio 1, Milano, Lombardia, 20122, Italia",45.4665215,9.1926359
Mercatini,20-10-24,2024-10-20,"Via Mecenate, 88/A, Milano, MI",East Market,East Market compie 10 anni e torna a ottobre con mostre e laboratori,https://www.milanotoday.it/eventi/mercatino-east-market-compie-10-anni.html,Mercati e shopping,"Via Mecenate, Mecenate, Municipio 4, Milano, Lombardia, 20059, Italia",45.4529888,9.2481173
Spettacoli,20-10-24,2024-10-20,"Via Rivoli 6,20121, Milano, MI,Italia",Piccolo Teatro - Studio Melato,Gorla fermata Gorla,https://www.teatro.it/spettacoli/milano/piccolo-teatro-studio-melato/2024-2025/gorla-fermata-gorla,Teatro e spettacolo,"6, Via Rivoli, Brera, Municipio 1, Milano, Lombardia, 20121, Italia",45.4726093,9.182881
,20-10-24,2024-10-20,"Via Masaccio, 19, Milano, MI",Melià Milano Hotel,fermento milano viii edizione - 20 ottobre 2024,https://www.milanotoday.it/eventi/fermento-milano-viii-edizione-20-ottobre-2024-fermento-milano-11746571.html,Non classificato,"Melià Milano, 19, Via Masaccio, De Angeli - Monte Rosa, Portello, Municipio 8 di Milano, Milano, Lombardia, 20149, Italia",45.4791849,9.1458654
,20-10-24,2024-10-20,"Via Marco D'Oggiono, Milano, MI",Teatro LabArca,Un albero di trenta piani,https://www.milanotoday.it/eventi/un-albero-di-trenta-piani-arianna-scommegna-e-giulia-bertasi.html,Non classificato,"Via Marco d'Oggiono, Ticinese, Municipio 1, Milano, Lombardia, 20123, Italia",45.4569667,9.1758861
Spettacoli,20-10-24,2024-10-20,"Via Lattanzio 58/A,20137, Milano, MI,Italia",deSidera Teatro Oscar,Amy Winehouse - L'amore è un gioco a perdere,https://www.teatro.it/spettacoli/milano/desidera-teatro-oscar/2024-2025/melania-giglio-amy-winehouse-lamore-e-un-gioco-a-perdere,Teatro e spettacolo,"Teatro Oscar DeSidera, 58/A, Via Lattanzio, Umbria - Molise, Municipio 4, Milano, Lombardia, 20137, Italia",45.4523298,9.2167181
Sport,20-10-24,2024-10-20,"Viale Sarca, 205, Milano, MI",Bicocca,"La corsa senza barriere dell’Università Bicocca. Percorsi, orari e iscrizioni",https://www.milanotoday.it/eventi/camminata-corsa-bicocca-2024-iscrizioni.html,Sport e attività fisica,"205, Viale Sarca, Bicocca, Municipio 9, Milano, Lombardia, 20126, Italia",45.5187935,9.2103121
,20-10-24,2024-10-20,"Via Masaccio, 19, Milano, MI",Melià Milano Hotel,Fermento Milano VIII edizione,https://www.milanotoday.it/eventi/fermento-milano-viii-edizione-20-ottobre-2024-fermento-milano.html,Non classificato,"Melià Milano, 19, Via Masaccio, De Angeli - Monte Rosa, Portello, Municipio 8 di Milano, Milano, Lombardia, 20149, Italia",45.4791849,9.1458654
Mercatini,20-10-24,2024-10-20,"Viale Toscana, 31, Milano, MI",Santeria Toscana 31,"Remira Market, il mercatino del vintage e del ""fatto a mano""",https://www.milanotoday.it/eventi/remira-market-mercatino-vintage-santeria-toscana.html,Mercati e shopping,"Santeria Toscana 31, 31, Viale Toscana, Vigentina, Municipio 5, Milano, Lombardia, 20136, Italia",45.4456408,9.1883503
Turismo,20-10-24,2024-10-20,"Viale Monte Grappa, 14, Milano, MI",Play Club,"'Deep Blue Experience, Il profondo blu dell’anima', un viaggio interiore per sfidare i limiti e ritrovare il benessere",https://www.milanotoday.it/eventi/benessere-olistico-nightlife.html,Non classificato,"14, Viale Monte Grappa, GARIBALDI REPUBBLICA, Municipio 9, Milano, Lombardia, 20124, Italia",45.4808654,9.1896377
,20-10-24,2024-10-20,"Largo Missionari Comboniani, 1, Milano, MI",Chiesa Madonna di Fatima,Bruzzano in festa,https://www.milanotoday.it/eventi/bruzzano-in-festa.html,Non classificato,"Largo Missionari Comboniani, Bruzzano, Municipio 9, Milano, Lombardia, 20161, Italia",45.5220388,9.1803587
,20-10-24,2024-10-20,"Via Giovanni Pezzotti, 53, Milano, MI",Chiesa dei Santi 4 Evangelisti,Concerto lirico strumentale,https://www.milanotoday.it/eventi/concerto-lirico-strumentale--ekaterina-adamova.html,Non classificato,"53, Via Giovanni Pezzotti, Tibaldi, Municipio 5, Milano, Lombardia, 20141, Italia",45.4393892,9.1841439
Spettacoli,20-10-24,2024-10-20,"Via Larga 14,20122, Milano, MI,Italia",Lirico Giorgio Gaber,Halloween con Lucilla,https://www.teatro.it/spettacoli/milano/lirico-giorgio-gaber/2024-2025/halloween-con-lucilla,Teatro e spettacolo,"Teatro Lirico Giorgio Gaber, 14, Via Larga, Cerchia dei Navigli, Municipio 1, Milano, Lombardia, 20122, Italia",45.4615135,9.1918702
Spettacoli,20-10-24,2024-10-20,"Via Ciro Menotti 11,20129, Milano, MI,Italia",Menotti,Medea,https://www.teatro.it/spettacoli/milano/menotti/2024-2025/medea,Teatro e spettacolo,"11, Via Ciro Menotti, Buenos Aires - Venezia, Municipio 3, Milano, Lombardia, 20129, Italia",45.4699888,9.2132156
Sport,20-10-24,2024-10-20,"Piazza San Babila, Milano, MI",Piazza San Babila,"Una camminata per fare del bene: a Milano torna la ""Pittarosso Pink Parade""",https://www.milanotoday.it/eventi/camminata-pittarosso-pink-parade-come-iscriversi.html,Sport e attività fisica,"Piazza San Babila, Duomo, Municipio 1, Milano, Lombardia, 20122, Italia",45.466374,9.1977066
,20-10-24,2024-10-20,"Corso di Porta Vigentina, 35, Milano, MI",Studio Gem,Workshop di hiphop con Emanuel Lo,https://www.milanotoday.it/eventi/workshop-di-hiphop-con-emanuel-lo-by-studio-gem-milano-emanuel-lo.html,Non classificato,"Studio Gem, 35, Corso di Porta Vigentina, Vigentina, Municipio 1, Milano, Lombardia, 20122, Italia",45.4524968,9.1965678
,21-10-24,2024-10-21,"Piazzale Governo Provvisorio, 4, Milano, MI",Gené Milano,"Presentazione ""Codice Ratzinger”",https://www.milanotoday.it/eventi/milano-presentazione-del-libro-bestseller-2022-codice-ratzinger-conferenza-dell-autore-andrea-cionci-vincitore-del-premio-internazionale-cartagine-2023-e-della-ii-edizione-premio-mameli-2023-per-la-saggistica-andrea-cionci.html,Non classificato,"Genè Milano, 4, Piazzale Governo Provvisorio, Padova, Municipio 2, Milano, Lombardia, 20127, Italia",45.497835,9.2254918
Spettacoli,21-10-24,2024-10-21,"Via Alessandro Manzoni 42,20121, Milano, MI,Italia",Manzoni,Zeitgeist - lo spirito dei tempi…comici!,https://www.teatro.it/spettacoli/milano/manzoni/2024-2025/pino-e-gli-anticorpi-zeitgeist-lo-spirito-dei-tempicomici,Teatro e spettacolo,"Teatro Manzoni, 42, Via Alessandro Manzoni, Cerchia dei Navigli, Municipio 1, Milano, Lombardia, 20121, Italia",45.4710286,9.1944762
Concerti,22-10-24,2024-10-21,"Via Giuseppe di Vittorio, Milano, MI",Unipol Forum di Assago,Mahmood in concerto a Milano (e dove acquistare i biglietti),https://www.milanotoday.it/eventi/concerto-mahmood-biglietti.html,Musica e vita notturna,"Via Giuseppe Di Vittorio, Pontesesto, Rozzano, Milano, Lombardia, 20072, Italia",45.3848731,9.1854672
Spettacoli,22-10-24,2024-10-22,"Via Larga 14,20122, Milano, MI,Italia",Lirico Giorgio Gaber,Omaggio a Nureyev,https://www.teatro.it/spettacoli/milano/lirico-giorgio-gaber/2024-2025/omaggio-a-nureyev-gala-di-danza,Teatro e spettacolo,"Teatro Lirico Giorgio Gaber, 14, Via Larga, Cerchia dei Navigli, Municipio 1, Milano, Lombardia, 20122, Italia",45.4615135,9.1918702
Spettacoli,22-10-24,2024-10-22,"Piazza S. Magno,20025, Legnano, MI,Italia",Galleria,Le domande che ti cambiano la vita,https://www.teatro.it/spettacoli/legnano/galleria/2024-2025/gianluca-gotto-le-domande-che-ti-cambiano-la-vita,Teatro e spettacolo,"Piazza San Magno, San Magno, Oltresempione, Legnano, Milano, Lombardia, 20025, Italia",45.5948853,8.9184024
Spettacoli,22-10-24,2024-10-22,"Viale dell'Innovazione 20,20126, Milano, MI,Italia",Arcimboldi,DDT,https://www.teatro.it/spettacoli/milano/arcimboldi/2024-2025/ddt,Teatro e spettacolo,"20, Viale dell'Innovazione, Bicocca, Municipio 9, Milano, Lombardia, 20125, Italia",45.5148696,9.2135963
Spettacoli,22-10-24,2024-10-22,"Via Gaudenzio Fantoli,9,20138, Milano, MI,20138, Milano, MI,Italia",Fabrique,All Born Screaming Tour,https://www.teatro.it/spettacoli/milano/fabrique/2024-2025/st-vincent-all-born-screaming-tour,Teatro e spettacolo,"20138, Italy",45.4643,9.1895
,22-10-24,2024-10-22,"Corso di Porta Romana, 63, Milano, MI",Teatro Carcano,A Milano è ocean mania,https://www.milanotoday.it/eventi/a-milano-e-ocean-mania-i-film-dell-ocean-film-festival-arrivano-sui-grandi-schermi-italiani-portando-la-bellezza-degli-oceani-in-citta.html,Non classificato,"Teatro Carcano, 63, Corso di Porta Romana, Crocetta, Municipio 1, Milano, Lombardia, 20121, Italia",45.4566842,9.1955297
,26-10-24,2024-10-22,"Corso Garibaldi, 89/A, Milano, MI",Casa degli Artisti,Vivavoce week: giornata internazionale della consapevolezza sulla balbuzie,https://www.milanotoday.it/eventi/giornata-internazionale-della-consapevolezza-sulla-balbuzie-22-ottobre-vivavoce-week-cinque-giorni-di-incontri-ed-eventi-vivavoce.html,Non classificato,"89a, Corso Giuseppe Garibaldi, Brera, Municipio 1, Milano, Lombardia, 20121, Italia",45.4766585,9.1833827
Spettacoli,22-10-24,2024-10-22,"Corso di Porta Romana 63,20122, Milano, MI,Italia",Carcano,Ocean Film Festival World Tour Italia,https://www.teatro.it/spettacoli/milano/carcano/2024-2025/ocean-film-festival-world-tour-italia,Teatro e spettacolo,"Teatro Carcano, 63, Corso di Porta Romana, Crocetta, Municipio 1, Milano, Lombardia, 20121, Italia",45.4566842,9.1955297
,23-10-24,2024-10-23,"Via Antonio Kramer, 20, Milano, MI",Libreria Antigone,La bambina che beveva cioccolata di Laura Monticelli,https://www.milanotoday.it/eventi/l-associazione-meti-presenta-la-bambina-che-beveva-cioccolata-di-laura-monticelli-ed-nuovi-autori-e-camminare-sulle-uova-arteterapia-e-abuso-nell-infanzia-un-incontro-possibile-di-mariapaola-parma-laura-monticelli-e-mariapaola-parma.html,Non classificato,"Antigone, 20, Via Antonio Kramer, Buenos Aires - Venezia, Municipio 3, Milano, Lombardia, 20129, Italia",45.4709736,9.2086695
Spettacoli,23-10-24,2024-10-23,"via Pitteri 58,20134, Milano, MI,Italia",Martinitt,Dio è una signora di mezza età,https://www.teatro.it/spettacoli/milano/martinitt/2024-2025/emanuela-grimalda-dio-e-una-signora-di-mezza-eta,Teatro e spettacolo,"Via Riccardo Pitteri, Lambrate, Municipio 3, Milano, Lombardia, 20134, Italia",45.4798362,9.2457864
Spettacoli,24-10-24,2024-10-24,"Via Lattanzio 58/A,20137, Milano, MI,Italia",deSidera Teatro Oscar,Paolo Cevoli Show,https://www.teatro.it/spettacoli/milano/desidera-teatro-oscar/2024-2025/paolo-cevoli-show,Teatro e spettacolo,"Teatro Oscar DeSidera, 58/A, Via Lattanzio, Umbria - Molise, Municipio 4, Milano, Lombardia, 20137, Italia",45.4523298,9.2167181
,24-10-24,2024-10-24,"Via Carlo Tenca, 7, Milano, MI",Spazio Tenca,'Per diventare Eduardo' il nuovo romanzo di Giuliano Pavone,https://www.milanotoday.it/eventi/per-diventare-eduardo-il-nuovo-romanzo-di-giuliano-pavone-giuliano-pavone.html,Non classificato,"7, Via Carlo Tenca, Centrale, Municipio 2, Milano, Lombardia, 20124, Italia",45.4803275,9.2013489
,24-10-24,2024-10-24,"Via San Giovanni sul Muro, 2, Milano, MI",Teatro Dal Verme,Torna il grande appuntamento con TEDxMilano,https://www.milanotoday.it/eventi/torna-il-grande-appuntamento-con-tedxmilano-xi-edizione-liberta.html,Non classificato,"2, Via San Giovanni sul Muro, Cerchia dei Navigli, Municipio 1, Milano, Lombardia, 20121, Italia",45.4671162,9.1814924
Incontro/presentazione,24-10-24,2024-10-24,"via Brera, 28, Milano, MI",Pinacoteca di Brera,I sentieri della meditazione,,Formazione e networking,"Istituto Nazionale di Astrofisica – Osservatorio astronomico di Brera, 28, Via Brera, Cerchia dei Navigli, Municipio 1, Milano, Lombardia, 20121, Italia",45.4715946,9.1889707
Spettacoli,24-10-24,2024-10-24,"Via Pietrasanta 14,20124, Milano, MI,Italia",Magazzini Generali,Tour 2024,https://www.teatro.it/spettacoli/milano/magazzini-generali/2024-2025/petit-tour,Teatro e spettacolo,"14, Via Pietrasanta, Ex Om - Morivione, Municipio 5, Milano, Lombardia, 20141, Italia",45.4438506,9.1964489
,24-10-24,2024-10-24,"Via della Chiesa, 22, Milano, MI",Cinema Teatro Troisi,Lontano. Intorno alle migrazioni sanitarie,https://www.milanotoday.it/eventi/biglietti-gratuiti-disponibili-da-oggi-per-lontano-intorno-alle-migrazioni-sanitarie-a-teatro-il-reading-con-musiche-dal-vivo-che-racconta-con-il-cuore-le-storie-di-chi-ha-viaggiato-e-viaggia-per-curarsi.html,Non classificato,"Via della Chiesa, Casirate Olona, Lacchiarella, Milano, Lombardia, 20084, Italia",45.3051564,9.1665723
,24-10-24,2024-10-24,"Via Pasquale Sottocorno, 27, Milano, MI",Art Luxury,Rivela Laveri,https://www.milanotoday.it/eventi/rivela-laveri-mostra-personale-di-giorgio-laveri-giorgio-laveri.html,Non classificato,"Ricci Osteria, 27, Via Pasquale Sottocorno, XXII Marzo, Municipio 4, Milano, Lombardia, 20129, Italia",45.4662072,9.2119112
,07-11-24,2024-10-25,"Corso Magenta, 63, Milano, MI",Studio d’arte SL - Palazzo delle Stelline,Samantha Lina apre le porte del suo studio a Milano,https://www.milanotoday.it/eventi/l-artista-samantha-lina-apre-le-porte-del-suo-studio-a-milano-samantha-lina.html,Non classificato,"Fondazione ENI Enrico Mattei, 63, Corso Magenta, Magenta - San Vittore, Municipio 1, Milano, Lombardia, 20123, Italia",45.465603,9.1715837
Spettacoli,25-10-24,2024-10-25,"Via San Giovanni sul muro 2,20121, Milano, MI,Italia",Dal Verme,Dead Inside - World Comedy Tour,https://www.teatro.it/spettacoli/milano/dal-verme/2024-2025/bianca-del-rio-dead-inside-world-comedy-tour,Teatro e spettacolo,"2, Via San Giovanni sul Muro, Cerchia dei Navigli, Municipio 1, Milano, Lombardia, 20121, Italia",45.4671162,9.1814924
Spettacoli,25-10-24,2024-10-25,"p.zza IV Novembre 3,20025, Legnano, MI,Italia",Talisio Tirinnanzi,Condominio Mon Amour,https://www.teatro.it/spettacoli/legnano/talisio-tirinnanzi/2024-2025/giacomo-poretti-daniela-cristofori-condominio-mon-amour,Teatro e spettacolo,"Scuola Secondaria di Primo Grado Giovanni Ungaretti, 3, Piazza Quattro Novembre, San Giorgio su Legnano, Milano, Lombardia, 20034, Italia",45.5765251,8.9157963
,27-10-24,2024-10-25,"Viale Luigi Camoens, Milano, MI",Torre Branca,Milano dall’alto: salita in Torre Branca,https://www.milanotoday.it/eventi/milano-dall-alto-salita-in-torre-branca-offerta-da-eventi-milano-aperitivo-e-party.html,Non classificato,"Viale Luigi Camoens, Parco Sempione, Municipio 1, Milano, Lombardia, 20154, Italia",45.4729814,9.1728556
Spettacoli,25-10-24,2024-10-25,"Via G. di Vittorio 6,20090, Assago, MI,Italia",Unipol Forum,An evening with Dream Theater,https://www.teatro.it/spettacoli/assago/unipol-forum-ex-mediolanum-forum/2024-2025/dream-theater-an-evening-with-dream-theater,Teatro e spettacolo,"20090, Italy",45.407,9.1083
,07-11-24,2024-10-25,"Corso Magenta, 63, Milano, MI",Studio d’arte SL,Samantha Lina. La danza nel giardino,https://www.milanotoday.it/eventi/samantha-lina-la-danza-nel-giardino-samantha-lina.html,Non classificato,"Fondazione ENI Enrico Mattei, 63, Corso Magenta, Magenta - San Vittore, Municipio 1, Milano, Lombardia, 20123, Italia",45.465603,9.1715837
Spettacoli,25-10-24,2024-10-25,"Viale dell'Innovazione 20,20126, Milano, MI,Italia",Arcimboldi,Elvis - The Musical,https://www.teatro.it/spettacoli/milano/arcimboldi/2024-2025/regia-maurizio-colombi-elvis-the-musical,Teatro e spettacolo,"20, Viale dell'Innovazione, Bicocca, Municipio 9, Milano, Lombardia, 20125, Italia",45.5148696,9.2135963
Cibo e Vino,27-10-24,2024-10-25,"Via Giulio Cesare Procaccini, 4, Milano, MI",Fabbrica del Vapore,Il Festival di Street Food nel cuore di Milano,https://www.milanotoday.it/eventi/festival-street-food-fabbrica-vapore.html,Enogastronomia,"4, Via Giulio Cesare Procaccini, Bullona, Porta Volta, Municipio 8 di Milano, Milano, Lombardia, 20154, Italia",45.4839945,9.1753796
,26-10-24,2024-10-25,"Via Pietrasanta, 16, Milano, MI",Magazzini Generali,Laurent Garnier ai Magazzini Generali,https://www.milanotoday.it/eventi/laurent-garnier-ai-magazzin-generali-laurent-garnier.html,Non classificato,"16, Via Pietrasanta, Ex Om - Morivione, Municipio 5, Milano, Lombardia, 20141, Italia",45.4440954,9.1951652
,03-11-24,2024-10-25,"Via Giuseppe di Vittorio, 2, Milano, MI",CENTRO SPORTIVO DI SENAGO,Sagra della cassoeula e dei bolliti misti,https://www.milanotoday.it/eventi/sagra-della-cassoeula-e-dei-bolliti-misti.html,Non classificato,"28/2, Via Giuseppe Di Vittorio, Foramagno, Peschiera Borromeo, Milano, Lombardia, 20068, Italia",45.4270849,9.2880658
,03-05-25,2024-10-26,"Via dell'Allodola, 5, Milano, MI","Teatro ""La Creta""","Festival musicale della creta 24-25 ""Ricordare per vivere""",https://www.milanotoday.it/eventi/festival-musicale-della-creta-24-25-ricordare-per-vivere-vari.html,Non classificato,"Via dell'Allodola, Lorenteggio, Municipio 6, Milano, Lombardia, 20147, Italia",45.454862,9.1195068
Incontri,27-10-24,2024-10-26,"Via Angelo Mosso, Milano, MI",Mosso,"A Milano l'evento dedicato agli ""organizzatori professionisti"" (e a chi vuole diventarlo)",https://www.milanotoday.it/eventi/evento-apoi-milano-mosso.html,Formazione e networking,"Via Angelo Mosso, Nolo, Municipio 2, Milano, Lombardia, 20127, Italia",45.494247,9.22671
,26-10-24,2024-10-26,"Piazzale Cimitero Monumentale, Milano, MI",Davanti ingresso cimitero,Il Monumentale di Milano: una città silenziosa,https://www.milanotoday.it/eventi/il-monumentale-i-milano-una-citta-silenziosa-italia-in-tour.html,Non classificato,"Piazzale Cimitero Monumentale, Sarpi, Porta Volta, Municipio 8 di Milano, Milano, Lombardia, 20154, Italia",45.4857409,9.1815302
Disco&Feste,26-10-24,2024-10-26,"Via Valtellina, 25, Milano, MI",Alcatraz Milano,La festa indie (con karaoke) all'Alcatraz di Milano,https://www.milanotoday.it/eventi/festa-indie-karaoke-alcatraz-milano.html,Musica e vita notturna,"Alcatraz, 25, Via Valtellina, Isola, Municipio 9, Milano, Lombardia, 20159, Italia",45.494744,9.1823768
Spettacoli,26-10-24,2024-10-26,"Via Larga 14,20122, Milano, MI,Italia",Lirico Giorgio Gaber,Ti posso spiegare,https://www.teatro.it/spettacoli/milano/lirico-giorgio-gaber/2024-2025/katia-follesa-angelo-pisani-ti-posso-spiegare,Teatro e spettacolo,"Teatro Lirico Giorgio Gaber, 14, Via Larga, Cerchia dei Navigli, Municipio 1, Milano, Lombardia, 20122, Italia",45.4615135,9.1918702
Altro,26-10-24,2024-10-26,"via Brera, 28, Milano, MI",Pinacoteca di Brera - Biblioteca Nazionale Braidense di Milano,Cento Pagine,,Altri eventi,"Istituto Nazionale di Astrofisica – Osservatorio astronomico di Brera, 28, Via Brera, Cerchia dei Navigli, Municipio 1, Milano, Lombardia, 20121, Italia",45.4715946,9.1889707
,26-10-24,2024-10-26,"Piazza dei Mercanti, Milano, MI",Presso il pozzo,"Milano oscura: tra antiche carceri, il palazzo del diavolo e inquietudini",https://www.milanotoday.it/eventi/milano-oscura-tra-antiche-carceri-il-palazzo-del-diavolo-e-inquietudini-italia-in-tour.html,Non classificato,"Piazza dei Mercanti, Duomo, Municipio 1, Milano, Lombardia, 20121, Italia",45.4646599,9.1876261
,26-10-24,2024-10-26,"Via Privata Angera, 3, Milano, MI",Sede MAG2,Facilitare la condivisione,https://www.milanotoday.it/eventi/facilitare-la-condivisione-elena-hogan-e-marta-scalvi.html,Non classificato,"DEAFAL ONG, 3, Via privata Angera, Maciachini - Maggiolina, Municipio 2, Milano, Lombardia, 20125, Italia",45.4942846,9.2031482
,26-10-24,2024-10-26,"Corso Garibaldi, 27, Milano, MI","CAM Garibaldi, Sala Falcone-Borsellino","Intercultura, aperte fino al 10 novembre le iscrizioni per studiare all’estero",https://www.milanotoday.it/eventi/intercultura-aperte-fino-al-10-novembre-le-iscrizioni-per-studiare-all-estero-nel-2025-26-molte-le-novita-incontro-con-i-volontari-di-intercultura-di-milano.html,Non classificato,"27, Corso Giuseppe Garibaldi, Brera, Municipio 1, Milano, Lombardia, 20121, Italia",45.4730231,9.18362
Mercatini,10-11-24,2024-10-26,"Corso di Porta Ticinese, 22, Milano, MI",Colonne di San Lorenzo,"A Milano torna l'evento ""all you can buy"" dello shopping",https://www.milanotoday.it/eventi/mercatino-all-you-can-buy-east-market.html,Mercati e shopping,"22, Corso di Porta Ticinese, Cerchia dei Navigli, Municipio 1, Milano, Lombardia, 20123, Italia",45.4584824,9.1809443
Incontri,26-10-24,2024-10-26,"Via Medici, 4, Milano, MI",Ostello Bello,La Rappresentate di Lista incontra i fan e presenta il nuovo album,https://www.milanotoday.it/eventi/la-rappresentate-di-lista-incontra-i-fan-presenta-nuovo-album.html,Formazione e networking,"Ostello Bello, 4, Via Medici, Cerchia dei Navigli, Municipio 1, Milano, Lombardia, 20123, Italia",45.4608716,9.1810916
,27-10-24,2024-10-26,"Via Ettore Ponti, 40, Milano, MI",BIKO,"Gato tomato presenta ""Antenne""",https://www.milanotoday.it/eventi/gato-tomato-pres-antenne-bruchero-nei-pascoli-dj-set-biko-gato-tomato.html,Non classificato,"40, Via Ettore Ponti, San Cristoforo, Municipio 6, Milano, Lombardia, 20143, Italia",45.4420773,9.1539092
Incontri,26-10-24,2024-10-26,"Via Ulrico Hoepli, 5, Milano, MI",LIBRERIA HOEPLI,"Hoepli for Kids, la rassegna che invita i più piccoli alla lettura",https://www.milanotoday.it/eventi/hoepli-for-kids-rassegna-lettura-bambini.html,Formazione e networking,"Hoepli, 5, Via Ulrico Hoepli, Duomo, Municipio 1, Milano, Lombardia, 20121, Italia",45.4664482,9.1924078
Spettacoli,26-10-24,2024-10-26,"Via Lattanzio 58/A,20137, Milano, MI,Italia",deSidera Teatro Oscar,Arturo racconta Brachetti,https://www.teatro.it/spettacoli/milano/desidera-teatro-oscar/2024-2025/arturo-brachetti-arturo-racconta-brachetti,Teatro e spettacolo,"Teatro Oscar DeSidera, 58/A, Via Lattanzio, Umbria - Molise, Municipio 4, Milano, Lombardia, 20137, Italia",45.4523298,9.2167181
Incontri,10-11-24,2024-10-26,"Viale Pietro Toselli, Milano, MI",,L'inaugurazione del Luna Park di Legnano (e il secondo biglietto gratis per i primi 1000 visitatori),https://www.milanotoday.it/eventi/luna-park-legnano-2024-biglietti-gratis.html,Formazione e networking,"Viale Pietro Toselli, Costa di San Giorgio, Legnano, Milano, Lombardia, 20025, Italia",45.5860392,8.9208737
Spettacoli,27-10-24,2024-10-27,"Via Mosé Bianchi,94,20149, Milano, MI,Italia",Pime,Aria Tango... Bolero,https://www.teatro.it/spettacoli/milano/pime/2024-2025/balletto-di-milano-aria-tango-bolero,Teatro e spettacolo,"94, Via Mosè Bianchi, De Angeli - Monte Rosa, Municipio 7, Milano, Lombardia, 20149, Italia",45.4755322,9.1453668
Spettacoli,27-10-24,2024-10-27,"Via Rivoli 6,20121, Milano, MI,Italia",Piccolo Teatro - Studio Melato,Corvidae - Sguardi di specie,https://www.teatro.it/spettacoli/milano/piccolo-teatro-studio-melato/2024-2025/marta-cuscuna-corvidae-sguardi-di-specie,Teatro e spettacolo,"6, Via Rivoli, Brera, Municipio 1, Milano, Lombardia, 20121, Italia",45.4726093,9.182881
Spettacoli,27-10-24,2024-10-27,"Via Hoepli 3b,20121, Milano, MI,Italia",Auditorium San Fedele,Tributo a Fabrizio De André,https://www.teatro.it/spettacoli/milano/auditorium-san-fedele/2024-2025/candlelight-tributo-a-fabrizio-de-andre,Teatro e spettacolo,"Via Ulrico Hoepli, Duomo, Municipio 1, Milano, Lombardia, 20122, Italia",45.4665215,9.1926359
,27-10-24,2024-10-27,"Via Carlo Porta, 2, Milano, MI",Cascina Cuccagna,Proposte d'autunno all'handmade market LeCarrousel,https://www.milanotoday.it/eventi/proposte-d-autunno-all-handmade-market-lecarrousel.html,Non classificato,"2, Via Carlo Porta, Ronco, Cernusco sul Naviglio, Milano, Lombardia, 20063, Italia",45.525964,9.3379988
Manifestazioni,27-10-24,2024-10-27,"Corso Como, Milano, MI",Milano,Crimini dell'Urss: a Milano saranno letti i nomi delle persone che il regime ha fucilato,https://www.milanotoday.it/eventi/manifestazione-russi-liberi-crimini-urss.html,Altri eventi,"Corso Como, GARIBALDI REPUBBLICA, Municipio 9, Milano, Lombardia, 20100, Italia",45.4817426,9.1872468
Spettacoli,27-10-24,2024-10-27,"Corso di Porta Romana 63,20122, Milano, MI,Italia",Carcano,Una piccola Odissea,https://www.teatro.it/spettacoli/milano/carcano/2024-2025/andrea-pennacchi-una-piccola-odissea,Teatro e spettacolo,"Teatro Carcano, 63, Corso di Porta Romana, Crocetta, Municipio 1, Milano, Lombardia, 20121, Italia",45.4566842,9.1955297
Spettacoli,27-10-24,2024-10-27,"Corso Venezia 2/A,20121, Milano, MI,Italia",San Babila,Actor Dei - Opera Musical,https://www.teatro.it/spettacoli/milano/san-babila/2024-2025/actor-dei-opera-musical,Teatro e spettacolo,"2a, Corso Venezia, Duomo, Municipio 1, Milano, Lombardia, 20121, Italia",45.4670204,9.1981104
Spettacoli,27-10-24,2024-10-27,"Via Alessandro Manzoni 42,20121, Milano, MI,Italia",Manzoni,Plaza Suite,https://www.teatro.it/spettacoli/milano/manzoni/2024-2025/corrado-tedeschi-debora-caprioglio-plaza-suite,Teatro e spettacolo,"Teatro Manzoni, 42, Via Alessandro Manzoni, Cerchia dei Navigli, Municipio 1, Milano, Lombardia, 20121, Italia",45.4710286,9.1944762
,27-10-24,2024-10-27,"Via Palazzo Reale, Milano, MI",Palazzo Reale di Milano,Domenica 27 ottobre – visita guidata alla mostra “picasso lo straniero” a milano,https://www.milanotoday.it/eventi/domenica-27-ottobre-visita-guidata-alla-mostra-picasso.html,Non classificato,"Via Palazzo Reale, Duomo, Municipio 1, Milano, Lombardia, 20122, Italia",45.4623721,9.1925622
Spettacoli,27-10-24,2024-10-27,"Largo Antonio Greppi,20121, Milano, MI,Italia",Piccolo Teatro - Teatro Strehler,Mein Kampf,https://www.teatro.it/spettacoli/milano/piccolo-teatro-teatro-strehler/2024-2025/stefano-massini-mein-kampf,Teatro e spettacolo,"Largo Antonio Greppi, Cerchia dei Navigli, Municipio 1, Milano, Lombardia, 20121, Italia",45.4718502,9.1827114
Spettacoli,27-10-24,2024-10-27,"Via Hoepli 3b,20121, Milano, MI,Italia",Auditorium San Fedele,Classici di Halloween,https://www.teatro.it/spettacoli/milano/auditorium-san-fedele/2024-2025/candlelight-classici-di-halloween,Teatro e spettacolo,"Via Ulrico Hoepli, Duomo, Municipio 1, Milano, Lombardia, 20122, Italia",45.4665215,9.1926359
Spettacoli,27-10-24,2024-10-27,"Via Pietro Borsieri,37,20159, Milano, MI,Italia",Blue Note,BILLY COBHAM,https://www.teatro.it/spettacoli/milano/blue-note/2024-2025/billy-cobham,Teatro e spettacolo,"Blue Note, 37, Via Pietro Borsieri, Isola, Municipio 9, Milano, Lombardia, 20159, Italia",45.4895296,9.1888504
Spettacoli,27-10-24,2024-10-27,"Via Filodrammatici 2,20121, Milano, MI,Italia",Teatro Alla Scala,Tarmo Peltokoski,https://www.teatro.it/spettacoli/milano/teatro-alla-scala/2024-2025/tarmo-peltokoski,Teatro e spettacolo,"2, Via Filodrammatici, Brera, Milano, Lombardia, 20121, Italia",45.4676198,9.1884287
Spettacoli,27-10-24,2024-10-27,"Via Gaudenzio Fantoli,9,20138, Milano, MI,20138, Milano, MI,Italia",Fabrique,Nei Club 2024,https://www.teatro.it/spettacoli/milano/fabrique/2024-2025/angelina-mango-nei-club-2024,Teatro e spettacolo,"20138, Italy",45.4643,9.1895
Concerti,27-10-24,2024-10-27,"Via San Giovanni sul Muro, 2, Milano, MI",Teatro Dal Verme,"Dolcetto o scherzetto? Il nuovo concerto dell'Orchestra ""I Piccoli Pomeriggi Musicali""",https://www.milanotoday.it/eventi/concerto-halloween-bambini-teatro-dal-verme.html,Musica e vita notturna,"2, Via San Giovanni sul Muro, Cerchia dei Navigli, Municipio 1, Milano, Lombardia, 20121, Italia",45.4671162,9.1814924
Sport,27-10-24,2024-10-27,"Piazza San Babila, Milano, MI",Piazza San Babila,"Walking Day 2024, la camminata non competitiva nel cuore di Milano. Orari, percorsi e come iscriversi",https://www.milanotoday.it/eventi/walking-day-2024-camminata-non-competitiva.html,Sport e attività fisica,"Piazza San Babila, Duomo, Municipio 1, Milano, Lombardia, 20122, Italia",45.466374,9.1977066
Concerti,15-11-24,2024-10-28,"Via Giuseppe di Vittorio, 6, Milano, MI",Unipol Forum di Assago,Ghali in concerto a Milano con tre date imperdibili,https://www.milanotoday.it/eventi/concerto-ghali-unipol-forum-assago.html,Musica e vita notturna,"6, Via Giuseppe Di Vittorio, Foramagno, Mezzate, Peschiera Borromeo, Milano, Lombardia, 20068, Italia",45.4355184,9.2889768
,28-10-24,2024-10-28,"Piazza Castello, 2, Milano, MI",Casa della Psicologia,Conoscere i dca per affrontarli al meglio,https://www.milanotoday.it/eventi/conoscere-i-dca-per-affrontarli-al-meglio-membri-dell-equipe-disturbi-alimentari.html,Non classificato,"Bar Castello, 2, Piazza Castello, Brera, Municipio 1, Milano, Lombardia, 20121, Italia",45.4690445,9.1818105
,28-10-24,2024-10-28,"Viale Monte Nero, 15, Milano, MI",Libreria Monti in Città,"""I ghiacciai raccontano"" con Giovanni Baccolo",https://www.milanotoday.it/eventi/i-ghiacciai-raccontano-con-giovanni-baccolo-giovanni-baccolo-presentato-da-flavia-cellerino.html,Non classificato,"15, Viale Monte Nero, Porta Romana, Municipio 1, Milano, Lombardia, 20135, Italia",45.4547765,9.2038581
Spettacoli,28-10-24,2024-10-28,"Viale dell'Innovazione 20,20126, Milano, MI,Italia",Arcimboldi,Duality tour,https://www.teatro.it/spettacoli/milano/arcimboldi/2024-2025/lindsey-striling-duality-tour,Teatro e spettacolo,"20, Viale dell'Innovazione, Bicocca, Municipio 9, Milano, Lombardia, 20125, Italia",45.5148696,9.2135963
,28-10-24,2024-10-28,"Via Ulrico Hoepli, 5, Milano, MI",Libreria Hoepli,"Presentazione ""La giraffa non c'entra"" di Irene Bonino",https://www.milanotoday.it/eventi/presentazione-del-libro-la-giraffa-non-c-entra-di-ierene-bonino.html,Non classificato,"Hoepli, 5, Via Ulrico Hoepli, Duomo, Municipio 1, Milano, Lombardia, 20121, Italia",45.4664482,9.1924078
,29-10-24,2024-10-29,"Via Varesina, 162, Milano, MI",La Forgiatura (La Serra),Risate da brivido,https://www.milanotoday.it/eventi/risate-da-brivido-una-serata-di-stand-up-comedy-e-divertimento-a-la-forgiatura-martina-catuzzi.html,Non classificato,"162, Via Varesina, Villapizzone, Garegnano, Municipio 8 di Milano, Milano, Lombardia, 20156, Italia",45.5027668,9.1396513
Spettacoli,29-10-24,2024-10-29,"Viale dell'Innovazione 20,20126, Milano, MI,Italia",Arcimboldi,Siffredi racconta Rocco,https://www.teatro.it/spettacoli/milano/arcimboldi/2024-2025/rocco-siffredi-rocco,Teatro e spettacolo,"20, Viale dell'Innovazione, Bicocca, Municipio 9, Milano, Lombardia, 20125, Italia",45.5148696,9.2135963
Spettacoli,29-10-24,2024-10-29,"Via Pietrasanta 14,20124, Milano, MI,Italia",Magazzini Generali,The White Buffalo,https://www.teatro.it/spettacoli/milano/magazzini-generali/2024-2025/the-white-buffalo,Teatro e spettacolo,"14, Via Pietrasanta, Ex Om - Morivione, Municipio 5, Milano, Lombardia, 20141, Italia",45.4438506,9.1964489
,29-10-24,2024-10-29,"Via Valtellina, 25, Milano, MI",Alcatraz,Spiff Onyuku live all'Alcatraz di Milano,https://www.milanotoday.it/eventi/spiff-onyuku-live-all-alcatraz-di-milano-per-jazzmi-in-apertura-a-seun-kuti-egypt-80-spiff-onyuku-in-apertura-a-seun-kuti.html,Non classificato,"Alcatraz, 25, Via Valtellina, Isola, Municipio 9, Milano, Lombardia, 20159, Italia",45.494744,9.1823768
Spettacoli,29-10-24,2024-10-29,"Via Gaudenzio Fantoli,9,20138, Milano, MI,20138, Milano, MI,Italia",Fabrique,Rose Villain - Radio Trilogy Tour,https://www.teatro.it/spettacoli/milano/fabrique/2024-2025/rose-villain-tour-2024,Teatro e spettacolo,"20138, Italy",45.4643,9.1895
Spettacoli,29-10-24,2024-10-29,"Via Filodrammatici 2,20121, Milano, MI,Italia",Teatro Alla Scala,Der Rosenkavalier,https://www.teatro.it/spettacoli/milano/teatro-alla-scala/2024-2025/der-rosenkavalier,Teatro e spettacolo,"2, Via Filodrammatici, Brera, Milano, Lombardia, 20121, Italia",45.4676198,9.1884287
Spettacoli,29-10-24,2024-10-29,"Via Alessandro Manzoni 42,20121, Milano, MI,Italia",Manzoni,La Milonga del Fútbol,https://www.teatro.it/spettacoli/milano/manzoni/2024-2025/federico-buffa-la-milonga-del-futbol,Teatro e spettacolo,"Teatro Manzoni, 42, Via Alessandro Manzoni, Cerchia dei Navigli, Municipio 1, Milano, Lombardia, 20121, Italia",45.4710286,9.1944762
,06-11-24,2024-10-29,"Via Maestri del Lavoro, Milano, MI",Spazio Arte,"Patagonia, una lunga storia d'amore",https://www.milanotoday.it/eventi/patagonia-una-lunga-storia-d-amore-2024.html,Non classificato,"Via Maestri del Lavoro, Niguarda - Cà Granda, Municipio 9, Milano, Lombardia, 20162, Italia",45.5190654,9.1968455
,17-11-24,2024-10-29,"Via Valtellina, 5, Milano, MI",Galleria Lampo,Sheer pulses,https://www.milanotoday.it/eventi/sheer-pulses-marco-vignati.html,Non classificato,"5, Via Valtellina, Farini, Municipio 9, Milano, Lombardia, 20159, Italia",45.4909324,9.1810555
,07-11-24,2024-10-30,"Piazza XXV Aprile, 8, Milano, MI",ANTEO PALAZZO DEL CINEMA,Agenda Brasil: il cinema brasiliano celebra la sua 11esima edizione a Milano,https://www.milanotoday.it/eventi/agenda-brasil-la-principale-vetrina-del-cinema-brasiliano-celebra-la-sua-11a-edizione-a-milano-artisti-vari.html,Non classificato,"Anteo Spazio Cinema, 8, Piazza Venticinque Aprile, Brera, Municipio 1, Milano, Lombardia, 20121, Italia",45.4800568,9.1877898
Spettacoli,30-10-24,2024-10-30,"Via Alessandro Manzoni 42,20121, Milano, MI,Italia",Manzoni,L'io e il noi,https://www.teatro.it/spettacoli/milano/manzoni/2024-2025/umberto-galimberti-lio-e-il-noi,Teatro e spettacolo,"Teatro Manzoni, 42, Via Alessandro Manzoni, Cerchia dei Navigli, Municipio 1, Milano, Lombardia, 20121, Italia",45.4710286,9.1944762
Disco&Feste,31-10-24,2024-10-31,"Viale Monte Grappa, 14, Milano, MI",Play Milano,Un Halloween da brivido tra musica e horror,https://www.milanotoday.it/eventi/festa-halloween-play-club.html,Musica e vita notturna,"14, Viale Monte Grappa, GARIBALDI REPUBBLICA, Municipio 9, Milano, Lombardia, 20124, Italia",45.4808654,9.1896377
Disco&Feste,31-10-24,2024-10-31,"Via Torino, 64, Milano, MI",Art Mall Milano,Una serata degli orrori in una galleria d'arte nel cuore di Milano,https://www.milanotoday.it/eventi/festa-halloween-2024-art-mall-galleria-arte.html,Musica e vita notturna,"Natura, 64, Via Torino, Cerchia dei Navigli, Municipio 1, Milano, Lombardia, 20123, Italia",45.4607911,9.1827157
Incontri,03-11-24,2024-10-31,"Piazza Tre Torri, Milano, MI",city life shopping district,"Giochi e attività per bambini: uno speciale ""Monster Park"" per il weekend di Halloween",https://www.milanotoday.it/eventi/giochi-bambini-halloween-city-life.html,Formazione e networking,"Piazza Tre Torri, Tre Torri, Municipio 8 di Milano, Milano, Lombardia, 20149, Italia",45.4783108,9.1570584
Spettacoli,31-10-24,2024-10-31,"Via Alessandro Manzoni 42,20121, Milano, MI,Italia",Manzoni,Lo Spettacolo di Ballantini,https://www.teatro.it/spettacoli/milano/manzoni/2024-2025/dario-ballantini-lo-spettacolo-di-ballantini,Teatro e spettacolo,"Teatro Manzoni, 42, Via Alessandro Manzoni, Cerchia dei Navigli, Municipio 1, Milano, Lombardia, 20121, Italia",45.4710286,9.1944762
,01-11-24,2024-10-31,"Via Molino delle Armi, 16, Milano, MI",Tom,Halloween al Tom di Milano: una notte da brivido,https://www.milanotoday.it/eventi/halloween-al-the-ordinary-market-tom-di-milano-una-notte-da-brivido-dj.html,Non classificato,"Volt Club, 16, Via Molino delle Armi, Cerchia dei Navigli, Municipio 1, Milano, Lombardia, 20123, Italia",45.4568891,9.1840788
Cibo e Vino,03-11-24,2024-10-31,"Via Giovanni Battista Pirelli, 20, Milano, MI",Organics SkyGarden,Una magica notte di Halloween in terrazza: cena e musica al 13° piano,https://www.milanotoday.it/eventi/festa-terrazza-hyatt-halloween-2024.html,Enogastronomia,"Hyatt Centric Milan Centrale, 20, Via Giovanni Battista Pirelli, Centrale, Municipio 2, Milano, Lombardia, 20124, Italia",45.4842841,9.1986588
Incontri,31-10-24,2024-10-31,"Corso Magenta, 15, Milano, MI",Museo Archeologico,Delitto al Museo: una speciale attività per bambini in occasione di Halloween,https://www.milanotoday.it/eventi/delitto-al-museo-archeologico-halloween.html,Formazione e networking,"Civico museo archeologico di Milano, 15, Corso Magenta, Cerchia dei Navigli, Municipio 1, Milano, Lombardia, 20123, Italia",45.465621,9.1787191
Disco&Feste,31-10-24,2024-10-31,"Via Gaudenzio Fantoli, 9, Milano, MI",Fabrique,Una super festa di Halloween tra musica e divertimento,https://www.milanotoday.it/eventi/festa-halloween-fabrique.html,Musica e vita notturna,"Fabrique, 9, Via Gaudenzio Fantoli, Mecenate, Municipio 4, Milano, Lombardia, 20138, Italia",45.4521243,9.2522773
Spettacoli,31-10-24,2024-10-31,"Via Larga 14,20122, Milano, MI,Italia",Lirico Giorgio Gaber,Horror Musical Celebration,https://www.teatro.it/spettacoli/milano/lirico-giorgio-gaber/2024-2025/horror-musical-celebration,Teatro e spettacolo,"Teatro Lirico Giorgio Gaber, 14, Via Larga, Cerchia dei Navigli, Municipio 1, Milano, Lombardia, 20122, Italia",45.4615135,9.1918702
,01-11-24,2024-10-31,"Viale Monte Grappa, 14, Milano, MI",Play Milano,Milano esoterica nella notte di Hallowen: aperitivo e party in loft,https://www.milanotoday.it/eventi/milano-esoterica-nella-notte-di-hallowen-aperitivo-e-party-in-loft.html,Non classificato,"14, Viale Monte Grappa, GARIBALDI REPUBBLICA, Municipio 9, Milano, Lombardia, 20124, Italia",45.4808654,9.1896377
Disco&Feste,31-10-24,2024-10-31,"Via Giovanni Battista Sammartini, 30, Milano, MI",Tunnel Club,La festa al Tunnel Club con sei ore di musica no stop,https://www.milanotoday.it/eventi/festa-halloween-tunnel-club.html,Musica e vita notturna,"30, Via Giovanni Battista Sammartini, Centrale, Municipio 2, Milano, Lombardia, 20125, Italia",45.492213,9.209024
,01-11-24,2024-10-31,"Via Tortona, 35, Milano, MI",Nhow Milano,Halloween al Nhow Milano: la festa speciale di Hotel Folie,https://www.milanotoday.it/eventi/halloween-al-nhow-milano-la-festa-speciale-di-hotel-folie.html,Non classificato,"Elite Italia, 35, Via Tortona, Tortona, Municipio 6, Milano, Lombardia, 20144, Italia",45.4499864,9.1598472
Incontri,31-10-24,2024-10-31,"Via Elba, 14/2, Milano, MI",Leo & Coco,Una speciale festa di Halloween per bambini,https://www.milanotoday.it/eventi/festa-halloween-ludoteca-leo-coco.html,Formazione e networking,"Via Elba, Washington, Municipio 7, Milano, Lombardia, 20144, Italia",45.4631819,9.1583368
,01-11-24,2024-10-31,"Via Giulio Cesare Procaccini, 4, Milano, MI",Vapore 1928,Halloween Fabbrica del vapore party con dj set,https://www.milanotoday.it/eventi/halloween-fabbrica-del-vapore-2024-party-con-dj-set.html,Non classificato,"4, Via Giulio Cesare Procaccini, Bullona, Porta Volta, Municipio 8 di Milano, Milano, Lombardia, 20154, Italia",45.4839945,9.1753796
Mostre,31-01-25,2024-11-01,"Via Barnaba Oriani, 27, Milano, MI",Exhibition Hub,Dinos Alive: per la prima volta a Milano la più sorprendente esperienza immersiva dedicata al mondo dei dinosauri,https://www.milanotoday.it/eventi/dinos-alive-esperienza-immersiva-dinosauri-milano.html,Arte e cultura,"Via Barnaba Oriani, Villapizzone, Garegnano, Municipio 8 di Milano, Milano, Lombardia, 20156, Italia",45.5013809,9.1360747
,03-11-24,2024-11-02,"Via Gaetano Negri, 10, Milano, MI",Mib Milano,Private party in piazza Affari,https://www.milanotoday.it/eventi/private-party-in-piazza-affari-c-o-il-mib-aperitivo-live-show-party.html,Non classificato,"BPER Banca, 10, Via Gaetano Negri, Cerchia dei Navigli, Municipio 1, Milano, Lombardia, 20123, Italia",45.4651327,9.1836481
Spettacoli,02-11-24,2024-11-02,"Via Larga 14,20122, Milano, MI,Italia",Lirico Giorgio Gaber,Dream Box Tour,https://www.teatro.it/spettacoli/milano/lirico-giorgio-gaber/2024-2025/pat-metheny-dream-box-tour,Teatro e spettacolo,"Teatro Lirico Giorgio Gaber, 14, Via Larga, Cerchia dei Navigli, Municipio 1, Milano, Lombardia, 20122, Italia",45.4615135,9.1918702
,02-11-24,2024-11-02,"Via Lattanzio, 58a, Milano, MI",Teatro Oscar,Lo spettacolo della coscienza,https://www.milanotoday.it/eventi/lo-spettacolo-della-coscienza-eugenio-e-eulalia.html,Non classificato,"Teatro Oscar DeSidera, 58/A, Via Lattanzio, Umbria - Molise, Municipio 4, Milano, Lombardia, 20137, Italia",45.4523298,9.2167181
Mercatini,06-01-25,2024-11-02,"Via Mario Pagano, Milano, MI",Parcheggio di via Pagano,"Banco di Garabombo, il mercatino di Natale con idee regalo sostenibili",https://www.milanotoday.it/eventi/banco-garabombo-mercatino-natale.html,Mercati e shopping,"Via Mario Pagano, Pagano, Tre Torri, Municipio 8 di Milano, Milano, Lombardia, 20145, Italia",45.4684453,9.1613167
Spettacoli,02-11-24,2024-11-02,"viale Alemagna,6,20121, Milano, MI,Italia",Triennale,Murubutu e Moon Jazz Band,https://www.teatro.it/spettacoli/milano/triennale/2024-2025/murubuto-e-moon-jazz-band,Teatro e spettacolo,"Triennale Design Museum, 6, Viale Emilio Alemagna, Parco Sempione, Municipio 1, Milano, Lombardia, 20121, Italia",45.4721477,9.1734894
Spettacoli,02-11-24,2024-11-02,"Viale dell'Innovazione 20,20126, Milano, MI,Italia",Arcimboldi,Balance of power,https://www.teatro.it/spettacoli/milano/arcimboldi/2024-2025/parsons-dance-balance-of-power,Teatro e spettacolo,"20, Viale dell'Innovazione, Bicocca, Municipio 9, Milano, Lombardia, 20125, Italia",45.5148696,9.2135963
Spettacoli,03-11-24,2024-11-03,"Via Alessandro Manzoni 42,20121, Milano, MI,Italia",Manzoni,MAURIZIO LASTRICO,https://www.teatro.it/spettacoli/milano/manzoni/2024-2025/maurizio-lastrico-sul-lastrico,Teatro e spettacolo,"Teatro Manzoni, 42, Via Alessandro Manzoni, Cerchia dei Navigli, Municipio 1, Milano, Lombardia, 20121, Italia",45.4710286,9.1944762
,03-11-24,2024-11-03,"Piazza della Scala, Milano, MI",Piazza della Scala,"A Milano ci sarà la ""Parata del día de muertos""",https://www.milanotoday.it/eventi/parata-giorno-dei-morti-duomo.html,Non classificato,"Piazza della Scala, Duomo, Municipio 1, Milano, Lombardia, 20121, Italia",45.4672839,9.1901494
Spettacoli,03-11-24,2024-11-03,"Corso Venezia 2/A,20121, Milano, MI,Italia",San Babila,Rumori fuori scena,https://www.teatro.it/spettacoli/milano/san-babila/2024-2025/regia-christian-ginepro-rumori-fuori-scena,Teatro e spettacolo,"2a, Corso Venezia, Duomo, Municipio 1, Milano, Lombardia, 20121, Italia",45.4670204,9.1981104
,03-11-24,2024-11-03,"Via delle Ore, 3, Milano, MI",Fondazione Ambrosianeum,Concerto lirico-strumentale,https://www.milanotoday.it/eventi/concerto-lirico-strumentale-ekaterina-adamova-3-novembre.html,Non classificato,"Ambrosianeum, 3, Via delle Ore, Duomo, Municipio 1, Milano, Lombardia, 20122, Italia",45.4628936,9.1925597
Spettacoli,03-11-24,2024-11-03,"Largo Antonio Greppi,20121, Milano, MI,Italia",Piccolo Teatro - Teatro Strehler,Tragùdia - Il canto di Edipo,https://www.teatro.it/spettacoli/milano/piccolo-teatro-teatro-strehler/2024-2025/tragudia-il-canto-di-edipo,Teatro e spettacolo,"Largo Antonio Greppi, Cerchia dei Navigli, Municipio 1, Milano, Lombardia, 20121, Italia",45.4718502,9.1827114
Spettacoli,03-11-24,2024-11-03,"Corso di Porta Romana 63,20122, Milano, MI,Italia",Carcano,La coscienza di Zeno,https://www.teatro.it/spettacoli/milano/carcano/2024-2025/alessandro-haber-la-coscienza-di-zeno,Teatro e spettacolo,"Teatro Carcano, 63, Corso di Porta Romana, Crocetta, Municipio 1, Milano, Lombardia, 20121, Italia",45.4566842,9.1955297
Cibo e Vino,03-11-24,2024-11-03,"Piazza Città di Lombardia, Milano, MI",Palazzo Lombardia,Il Belvedere della Regione sarà aperto (gratis e con un'anteprima della festa del torrone),https://www.milanotoday.it/eventi/apertura-belvedere-3-novembre-2024.html,Enogastronomia,"Piazza Città di Lombardia, GARIBALDI REPUBBLICA, Municipio 9, Milano, Lombardia, 20124, Italia",45.4867209,9.1960553
Spettacoli,03-11-24,2024-11-03,"Via Larga 14,20122, Milano, MI,Italia",Lirico Giorgio Gaber,EMOZIONI - Viaggio tra le canzoni di Battisti e Mogol,https://www.teatro.it/spettacoli/milano/lirico-giorgio-gaber/2024-2025/mogol-gianmarco-carroccia-emozioni-viaggio-tra-le-canzoni-di-battisti-e-mogol,Teatro e spettacolo,"Teatro Lirico Giorgio Gaber, 14, Via Larga, Cerchia dei Navigli, Municipio 1, Milano, Lombardia, 20122, Italia",45.4615135,9.1918702
Spettacoli,03-11-24,2024-11-03,"Viale dell'Innovazione 20,20126, Milano, MI,Italia",Arcimboldi,ZELIG 2024,https://www.teatro.it/spettacoli/milano/arcimboldi/2024-2025/claudio-bisio-vanessa-incontrada-zelig-2024,Teatro e spettacolo,"20, Viale dell'Innovazione, Bicocca, Municipio 9, Milano, Lombardia, 20125, Italia",45.5148696,9.2135963
Spettacoli,03-11-24,2024-11-03,"via Pitteri 58,20134, Milano, MI,Italia",Martinitt,La felicità,https://www.teatro.it/spettacoli/milano/martinitt/2024-2025/gianfelice-imparato-alessandra-dambrosio-la-felicita,Teatro e spettacolo,"Via Riccardo Pitteri, Lambrate, Municipio 3, Milano, Lombardia, 20134, Italia",45.4798362,9.2457864
Spettacoli,04-11-24,2024-11-04,"Via San Giovanni sul muro 2,20121, Milano, MI,Italia",Dal Verme,Steve Hackett,https://www.teatro.it/spettacoli/milano/dal-verme/2024-2025/steve-hackett-genesis-greats-lamb-highlights-solo,Teatro e spettacolo,"2, Via San Giovanni sul Muro, Cerchia dei Navigli, Municipio 1, Milano, Lombardia, 20121, Italia",45.4671162,9.1814924
Spettacoli,04-11-24,2024-11-04,"Viale dell'Innovazione 20,20126, Milano, MI,Italia",Arcimboldi,Wish You Were Here,https://www.teatro.it/spettacoli/milano/arcimboldi/2024-2025/brit-floyd-p-u-l-s-e-world-tour,Teatro e spettacolo,"20, Viale dell'Innovazione, Bicocca, Municipio 9, Milano, Lombardia, 20125, Italia",45.5148696,9.2135963
Spettacoli,04-11-24,2024-11-04,"Via Filodrammatici 2,20121, Milano, MI,Italia",Teatro Alla Scala,Fabio Luisi,https://www.teatro.it/spettacoli/milano/teatro-alla-scala/2024-2025/fabio-luisi,Teatro e spettacolo,"2, Via Filodrammatici, Brera, Milano, Lombardia, 20121, Italia",45.4676198,9.1884287
,04-11-24,2024-11-04,"Corso Buenos Aires, 33, Milano, MI",Teatro Elfo-Puccini,"Usa la tua pazzia, Giovanni Nuti canta Merini e Manganelli",https://www.milanotoday.it/eventi/usa-la-tua-pazzia-giovanni-nuti-canta-merini-e-manganelli-giovanni-nuti.html,Non classificato,"Teatro Elfo Puccini, 33, Corso Buenos Aires, Buenos Aires - Venezia, Municipio 3, Milano, Lombardia, 20124, Italia",45.4794317,9.2098387
Spettacoli,05-11-24,2024-11-05,"Via G. di Vittorio 6,20090, Assago, MI,Italia",Unipol Forum,TANANAI,https://www.teatro.it/spettacoli/assago/mediolanum-forum/2024-2025/tananai-live-2024,Teatro e spettacolo,"20090, Italy",45.407,9.1083
Spettacoli,05-11-24,2024-11-05,"Corso Venezia 2/A,20121, Milano, MI,Italia",San Babila,Non ci vuole un pennello grande,https://www.teatro.it/spettacoli/milano/san-babila/2024-2025/francesco-bozza-non-ci-vuole-un-pennello-grande,Teatro e spettacolo,"2a, Corso Venezia, Duomo, Municipio 1, Milano, Lombardia, 20121, Italia",45.4670204,9.1981104
,19-11-24,2024-11-05,"Via Enrico Nöe, 24, Milano, MI",21HouseofStories,Wine club: serate di degustazione per amanti del vino,https://www.milanotoday.it/eventi/wine-club-serate-di-degustazione-per-amanti-del-vino.html,Non classificato,"24, Via Enrico Noë, Buenos Aires - Venezia, Municipio 3, Milano, Lombardia, 20133, Italia",45.4783062,9.2203486
Spettacoli,05-11-24,2024-11-05,"Piazza Enzo Jannacci 1,20017, Rho, MI,Italia",Civico - Roberto de Silva,Far finta di essere sani,https://www.teatro.it/spettacoli/rho/civico-roberto-de-silva/2024-2025/far-finta-di-essere-sani,Teatro e spettacolo,"Piazza Enzo Jannacci, San Pietro, Lucernate, Rho, Milano, Lombardia, 20017, Italia",45.5279748,9.0458872
,12-12-24,2024-11-05,"Via Lovanio, 6, Milano, MI",Amy d,A song our ancestors,https://www.milanotoday.it/eventi/a-song-our-ancestors-alessandra-book.html,Non classificato,"6, Via Lovanio, Brera, Municipio 1, Milano, Lombardia, 20121, Italia",45.4766942,9.1861782
,05-11-24,2024-11-05,"Via Privata della Braida, 5, Milano, MI",Libreria La Scatola Lilla,"Presentazione del libro ""è atroce la luce"" di Stefano Galardini",https://www.milanotoday.it/eventi/presentazione-del-libro-e-atroce-la-luce-di-stefano-galardini.html,Non classificato,"5, Via privata della Braida, Guastalla, Municipio 1, Milano, Lombardia, 20122, Italia",45.4543754,9.2020833
Spettacoli,05-11-24,2024-11-05,"Corso di Porta Romana 63,20122, Milano, MI,Italia",Carcano,Lo Schiaccianoci,https://www.teatro.it/spettacoli/milano/carcano/2024-2025/jana-salenko-lo-schiaccianoci,Teatro e spettacolo,"Teatro Carcano, 63, Corso di Porta Romana, Crocetta, Municipio 1, Milano, Lombardia, 20121, Italia",45.4566842,9.1955297
,06-11-24,2024-11-06,"Via Valtorta, 1, Milano, MI",Anfiteatro Martesana,"InSalute: il vostro benessere, il nostro obiettivo",https://www.milanotoday.it/eventi/insalute-il-vostro-benessere-il-nostro-obiettivo.html,Non classificato,"Via Valtorta, Padova, Municipio 2, Milano, Lombardia, 20127, Italia",45.5005482,9.2303284
Manifestazioni,06-01-25,2024-11-06,"Via Palestro, Milano, MI",Giardini Pubblici Indro Montanelli,"Luci, elfi e piste di pattinaggio: a Milano riapre il Villaggio delle Meraviglie",https://www.milanotoday.it/eventi/villaggio-meraviglie-natale-2024.html,Altri eventi,"Via Palestro, Giardini Porta Venezia, Municipio 1, Milano, Lombardia, 20219, Italia",45.4722109,9.2017814
,21-02-25,2024-11-06,"Via Andrea Maria Ampère, 22, Milano, MI",Politecnico di Milano - Campus Leonardo,"Mostra transizioni. Impresa, lavoro, società",https://www.milanotoday.it/eventi/mostra-transizioni-impresa-lavoro-societa.html,Non classificato,"Via Andrea Maria Ampère, Città Studi, Municipio 3, Milano, Lombardia, 20131, Italia",45.4815526,9.2266627
,06-11-24,2024-11-06,"Via Laghetto, 2, Milano, MI",Chiamamilano,Inclusiva e plurale. Qual è la società antirazzista che vogliamo?,https://www.milanotoday.it/eventi/inclusiva-e-plurale-qual-e-la-societa-antirazzista-che-vogliamo.html,Non classificato,"Chiamamilano, 2, Via Laghetto, Duomo, Brera, Milano, Lombardia, 20122, Italia",45.4614842,9.195516
Teatri,06-11-24,2024-11-06,"Via Sant'Arnaldo, 17, Milano, MI",Biblioteca Cassina Anna,6  novembre diventare eduardo di giuliano pavone a milano,https://www.milanotoday.it/eventi/6-novembre-diventare-eduardo.html,Teatro e spettacolo,"17, Via Sant'Arnaldo, Bruzzano, Municipio 9, Milano, Lombardia, 20161, Italia",45.5253946,9.1768005
,10-11-24,2024-11-06,"Via Giulio Cesare Procaccini, 4, Milano, MI",Careof - Fabbrica del Vapore,Moj dom/casa mia: mostra fotografica,https://www.milanotoday.it/eventi/moj-dom-casa-mia-mostra-fotografica-a-milano-marco-carmignan.html,Non classificato,"4, Via Giulio Cesare Procaccini, Bullona, Porta Volta, Municipio 8 di Milano, Milano, Lombardia, 20154, Italia",45.4839945,9.1753796
,06-12-24,2024-11-06,"Via Milazzo, 6, Milano, MI",Arte in Salotto,Blooming hearts,https://www.milanotoday.it/eventi/blooming-hearts-gala-rotellli.html,Non classificato,"6, Via Milazzo, Brera, Municipio 1, Milano, Lombardia, 20121, Italia",45.4791251,9.1876651
Mostre,16-03-25,2024-11-06,"Viale Emilio Alemagna, 6, Milano, MI",Triennale Milano,"Elio Fiorucci, a Milano la mostra più grande mai realizzata fino ad ora",https://www.milanotoday.it/eventi/mostra-elio-fiorucci-triennale.html,Arte e cultura,"Triennale Design Museum, 6, Viale Emilio Alemagna, Parco Sempione, Municipio 1, Milano, Lombardia, 20121, Italia",45.4721477,9.1734894
,20-11-24,2024-11-06,"Via Giulio Cesare Procaccini, 4, Milano, MI",Fabbrica del Vapore - Alveare Culturale,"Sensuability, ti ha detto niente la mamma?",https://www.milanotoday.it/eventi/arriva-a-milano-sensuability-ti-ha-detto-niente-la-mamma-la-mostra-dedicata-al-binomio-sessualita-e-disabilita.html,Non classificato,"4, Via Giulio Cesare Procaccini, Bullona, Porta Volta, Municipio 8 di Milano, Milano, Lombardia, 20154, Italia",45.4839945,9.1753796
Spettacoli,06-11-24,2024-11-06,"via Pitteri 58,20134, Milano, MI,Italia",Martinitt,E se facessi un tour!?,https://www.teatro.it/spettacoli/milano/martinitt/2024-2025/maurizio-merluzzo-e-se-facessi-un-tour,Teatro e spettacolo,"Via Riccardo Pitteri, Lambrate, Municipio 3, Milano, Lombardia, 20134, Italia",45.4798362,9.2457864
Spettacoli,07-11-24,2024-11-07,"Viale dell'Innovazione 20,20126, Milano, MI,Italia",Arcimboldi,World Tour 2024/2025,https://www.teatro.it/spettacoli/milano/arcimboldi/2024-2025/wardruna-world-tour-20242025,Teatro e spettacolo,"20, Viale dell'Innovazione, Bicocca, Municipio 9, Milano, Lombardia, 20125, Italia",45.5148696,9.2135963
Disco&Feste,09-11-24,2024-11-07,"Viale Luigi Camoens, Milano, MI",JustMe e Torre Branca Milano,"Milano dall’alto: salita in torre branca offerta, aperitivo e party al justme",https://www.milanotoday.it/eventi/milano-dall-alto-salita.html,Musica e vita notturna,"Viale Luigi Camoens, Parco Sempione, Municipio 1, Milano, Lombardia, 20154, Italia",45.4729814,9.1728556
,07-11-24,2024-11-07,"Via Carlo Tenca, 7, Milano, MI",SPAZIO TENCA,Una guida di Milano per esplorarla in tutti i sensi,https://www.milanotoday.it/eventi/una-guida-di-milano-per-esplorarla-in-tutti-i-sensi-marco-dell-acqua.html,Non classificato,"7, Via Carlo Tenca, Centrale, Municipio 2, Milano, Lombardia, 20124, Italia",45.4803275,9.2013489
Spettacoli,07-11-24,2024-11-07,"Via Varese,29,20024, Garbagnate Milanese, MI,Italia",Italia,Niente panico!,https://www.teatro.it/spettacoli/garbagnate-milanese/italia/2024-2025/niente-panico,Teatro e spettacolo,"Via Varese, Quadrifoglio, Santa Maria Rossa, Garbagnate Milanese, Milano, Lombardia, 20024, Italia",45.5758278,9.0778952
,18-01-25,2024-11-07,"Via Santa Croce, 21, Milano, MI",ABC ARTE ONE OF,Zach Harris: Karma Kloud,https://www.milanotoday.it/eventi/zach-harris-karma-kloud-zach-harris.html,Non classificato,"Clori Home and Flowers, 21, Via Santa Croce, Ticinese, Municipio 1, Milano, Lombardia, 20122, Italia",45.4534918,9.1813499
Spettacoli,07-11-24,2024-11-07,"via Valtellina 25,20157, Milano, MI,Italia",Alcatraz,Jacob Collier,https://www.teatro.it/spettacoli/milano/alcatraz/2024-2025/jacob-collier,Teatro e spettacolo,"Alcatraz, 25, Via Valtellina, Isola, Municipio 9, Milano, Lombardia, 20159, Italia",45.494744,9.1823768
,07-11-24,2024-11-07,"Via Fratelli Zoia, 89, Milano, MI",Spazio Teatro 89,"""Fimmene!"" di Astragali teatro a spazio teatro 89",https://www.milanotoday.it/eventi/fimmene-di-astragali-teatro-a-spazio-teatro-89-astragali-anna-cinzia-villani-fabio-tolledi-simonetta-rotundo-roberta-quarta-11853482.html,Non classificato,"Via Fratelli Zoia, Quarto Cagnino, Municipio 7, Milano, Lombardia, 20153, Italia",45.4751914,9.108401
Disco&Feste,08-11-24,2024-11-07,"Via Luca Beltrami, Milano, MI",Hierbas,Nuovo appuntamento del giovedì a milano: nasce “maracaibo” allo hierbas!,https://www.milanotoday.it/eventi/nuovo-appuntamento-del-giovedi-a-milano-nasce-maracaibo-allo-hierba.html,Musica e vita notturna,"Via Luca Beltrami, Duomo, Municipio 1, Milano, Lombardia, 20121, Italia",45.4686574,9.1816933
,30-11-24,2024-11-07,"Via Brera, 2, Milano, MI",Galleria Ponte Rosso,Paolo Paradiso Timeless,https://www.milanotoday.it/eventi/paolo-paradiso-timeless-paolo-paradiso.html,Non classificato,"Valstar, 2, Via Brera, Brera, Milano, Lombardia, 20121, Italia",45.4693543,9.1882354
Manifestazioni,10-11-24,2024-11-07,"Largo Metropolitana, 5, Milano, MI",Fiera Milano Rho,"Eicma 2024, l'esposizione internazionale delle due ruote con i grandi protagonisti del motociclismo",https://www.milanotoday.it/eventi/eicma-2024-fiera-moto.html,Altri eventi,"Wind Tre, 5, Largo Metropolitana, Mazzo, Rho, Milano, Lombardia, 20017, Italia",45.5189855,9.0861391
,07-11-24,2024-11-07,"Via Fratelli Zoia, 89, Milano, MI",Spazio Teatro 89,"""Fimmene!"" di Astragali, spettacolo di teatro-musica allo spazio teatro 89",https://www.milanotoday.it/eventi/fimmene-di-astragali-spettacolo-di-teatro-musica-allo-spazio-teatro-89-astragali.html,Non classificato,"Via Fratelli Zoia, Quarto Cagnino, Municipio 7, Milano, Lombardia, 20153, Italia",45.4751914,9.108401
Spettacoli,07-11-24,2024-11-07,"vicolo Fiume 4,20092, Cinisello Balsamo, MI,Italia",Pax,Ma non dovevamo vederci più?,https://www.teatro.it/spettacoli/cinisello-balsamo/pax/2024-2025/katia-valeria-ma-non-dovevamo-vederci-piu,Teatro e spettacolo,"CineTeatro Pax, 4, Vicolo Fiume, Cinisello, Cinisello Balsamo, Zona Omogenea Milano Nord, Milano, Lombardia, 20092, Italia",45.5564874,9.2169118
Incontro/presentazione,07-11-24,2024-11-07,"via Brera, 28, Milano, MI",Pinacoteca di Brera,"PABLO ATCHUGARRY Catalogo generale dei dipinti, disegni, ceramiche, incisioni. 1972-2024",,Formazione e networking,"Istituto Nazionale di Astrofisica – Osservatorio astronomico di Brera, 28, Via Brera, Cerchia dei Navigli, Municipio 1, Milano, Lombardia, 20121, Italia",45.4715946,9.1889707
,08-11-24,2024-11-08,"Via Valtellina, 25, Milano, MI",Alcatraz,Trentemøller live in Italia all'Alcatraz di Milano,https://www.milanotoday.it/eventi/trentemoller-live-in-italia-l-8-11-all-alcatraz-di-milano-con-il-nuovo-album-dreamweaver-trentemoller.html,Non classificato,"Alcatraz, 25, Via Valtellina, Isola, Municipio 9, Milano, Lombardia, 20159, Italia",45.494744,9.1823768
Manifestazioni,22-12-24,2024-11-08,"Via Luigi Granelli, 1, Milano, MI",Carroponte,"Mercatini, luci e una ruota panoramica: il Villaggio di Natale a due passi da Milano",https://www.milanotoday.it/eventi/villaggio-natale-carroponte-2024-biglietti.html,Altri eventi,"Carroponte, 1, Via Luigi Granelli, Rondò, Torretta, Sesto San Giovanni, Zona Omogenea Milano Nord, Milano, Lombardia, 20099, Italia",45.529574,9.2209217
,17-11-24,2024-11-08,"Via Giuseppe di Vittorio, 2, Milano, MI",CENTRO SPORTIVO DI SENAGO,Sagra dei risotti e canederli,https://www.milanotoday.it/eventi/sagra-dei-risotti-e-canederli.html,Non classificato,"28/2, Via Giuseppe Di Vittorio, Foramagno, Peschiera Borromeo, Milano, Lombardia, 20068, Italia",45.4270849,9.2880658
Spettacoli,08-11-24,2024-11-08,"Via G. di Vittorio 6,20090, Assago, MI,Italia",Unipol Forum,Self Control 40th,https://www.teatro.it/spettacoli/assago/mediolanum-forum/2024-2025/raf-self-control-40th,Teatro e spettacolo,"20090, Italy",45.407,9.1083
Spettacoli,08-11-24,2024-11-08,"Viale dell'Innovazione 20,20126, Milano, MI,Italia",Arcimboldi,GHEMON - E' una cosetta così,https://www.teatro.it/spettacoli/milano/arcimboldi/2024-2025/ghemon-e-una-cosetta-cosi,Teatro e spettacolo,"20, Viale dell'Innovazione, Bicocca, Municipio 9, Milano, Lombardia, 20125, Italia",45.5148696,9.2135963
,30-11-24,2024-11-08,"Via Federico Confalonieri, 14, Milano, MI",Casa della Memoria,"Ti porto al Parri. Storia, reading, musica, talk, tour in archivio",https://www.milanotoday.it/eventi/ti-porto-al-parri-storia-reading-musica-talk-tour-in-archivio.html,Non classificato,"14, Via Federico Confalonieri, Isola, Municipio 9, Milano, Lombardia, 20124, Italia",45.4865703,9.1912614
Spettacoli,08-11-24,2024-11-08,"Via Larga 14,20122, Milano, MI,Italia",Lirico Giorgio Gaber,Il lago dei cigni,https://www.teatro.it/spettacoli/milano/lirico-giorgio-gaber/2024-2025/candelight-ballet-il-lago-dei-cigni,Teatro e spettacolo,"Teatro Lirico Giorgio Gaber, 14, Via Larga, Cerchia dei Navigli, Municipio 1, Milano, Lombardia, 20122, Italia",45.4615135,9.1918702
Spettacoli,08-11-24,2024-11-08,"Via Tertulliano,70,20137, Milano, MI,Italia",Spazio Tertulliano,Shakespeare in Rock - Il Musical,https://www.teatro.it/spettacoli/milano/spazio-tertulliano/2024-2025/riccardo-cicogna-shakespeare-in-rock-il-musical,Teatro e spettacolo,"Opendot, 70, Via Tertulliano, Umbria - Molise, Municipio 4, Milano, Lombardia, 20137, Italia",45.4479324,9.2219729
,09-11-24,2024-11-09,"Piazza Santo Stefano, Milano, MI",Centro storico,Visita alla Ca’ Granda di Milano e a San Bernardino alle ossa.,https://www.milanotoday.it/eventi/sabato-09-novembre-visita-alla-ca-granda-di-milano-e-a-san-bernardino-alle-ossa.html,Non classificato,"Piazza Santo Stefano, Duomo, Municipio 1, Milano, Lombardia, 20122, Italia",45.4622554,9.1949149
Spettacoli,09-11-24,2024-11-09,"viale Alemagna,6,20121, Milano, MI,Italia",Triennale,Danilo Rea,https://www.teatro.it/spettacoli/milano/triennale/2024-2025/danilo-rea,Teatro e spettacolo,"Triennale Design Museum, 6, Viale Emilio Alemagna, Parco Sempione, Municipio 1, Milano, Lombardia, 20121, Italia",45.4721477,9.1734894
,09-11-24,2024-11-09,"Via Luigi Porro Lambertenghi, 7, Milano, MI",WAO Isola,"Wao, che mercato!",https://www.milanotoday.it/eventi/wao-che-mercato-mercatino-di-modernariato-vintage-e-hand-made-wao-isola-e-biscottini-e-friends.html,Non classificato,"Satispay S.p.A., 7, Via Luigi Porro Lambertenghi, Isola, Municipio 9, Milano, Lombardia, 20159, Italia",45.4893735,9.1845968
Turismo,10-11-24,2024-11-09,"Piazza Adriano Olivetti, Milano, MI",STEP FuturAbility District,"In STEP FuturAbility District arriva SAM, l’Intelligenza Artificiale che spiega la trasformazione digitale",https://www.milanotoday.it/eventi/sam-days-step-futurability-district.html,Non classificato,"Piazza Adriano Olivetti, Scalo Romana, Municipio 5, Milano, Lombardia, 20135, Italia",45.4431207,9.2043096
,09-11-24,2024-11-09,"Piazza della Libertà, 3, Milano, MI",Biblioteca Comunale (1° piano),Oremio illustratori Tarantasio 2024,https://www.milanotoday.it/eventi/premio-illustratori-tarantasio-2024-premiazione-dei-vincitori-vari.html,Non classificato,"3, Piazza della Libertà, Paullo, Milano, Lombardia, 20067, Italia",45.4172173,9.3977025
Spettacoli,09-11-24,2024-11-09,"Via Filodrammatici 2,20121, Milano, MI,Italia",Teatro Alla Scala,Esa-Pekka Salonen,https://www.teatro.it/spettacoli/milano/teatro-alla-scala/2024-2025/teatro-alla-scala-esa-pekka-salonen,Teatro e spettacolo,"2, Via Filodrammatici, Brera, Milano, Lombardia, 20121, Italia",45.4676198,9.1884287
,09-11-24,2024-11-09,"Via Antonio Stoppani, 11, Milano, MI",Long Song Café,"La presentazione di Catartico Blues, il libro di Nick Becattini",https://www.milanotoday.it/eventi/la-presentazione-di-catartico-blues-il-libro-di-nick-becattini-nick-becattini.html,Non classificato,"11, Via Antonio Stoppani, Buenos Aires - Venezia, Municipio 3, Milano, Lombardia, 20129, Italia",45.4754527,9.2130782
Mostre,15-12-24,2024-11-09,"Via Tortona, 56, Milano, MI",Mudec - Museo delle Culture Milano,"La mostra al Mudec con le opere del ""Photo Grant"" di Deloitte",https://www.milanotoday.it/eventi/mostra-mudec-concorso-deloitte.html,Arte e cultura,"Mudec, 56, Via Tortona, Tortona, Municipio 6, Milano, Lombardia, 20144, Italia",45.4520455,9.1613185
,15-11-24,2024-11-09,"Via Quintino Sella, 4, Milano, MI",Museo d'Arte e Scienza,Dreamars V,https://www.milanotoday.it/eventi/dreamars-v.html,Non classificato,"Museo d'arte e scienza, 4, Via Quintino Sella, Cerchia dei Navigli, Municipio 1, Milano, Lombardia, 20121, Italia",45.47025,9.182454
Manifestazioni,10-11-24,2024-11-09,"Via Giuseppe Eugenio Luraghi, 11, Milano, MI",Il Centro,"Zoomunity Dog Show, l'evento dedicato agli amici a quattro zampe",https://www.milanotoday.it/eventi/zoomunity-dog-show-evento-cani-arese.html,Altri eventi,"Via Maestra, 11, Viale Giuseppe Eugenio Luraghi, Valera, Arese, Milano, Lombardia, 20044, Italia",45.5638918,9.0510987
,09-11-24,2024-11-09,"Milano, MI, Italia",MUDEC,Visita guidata alla mostra di Niki De Saint Phalle a Milano,https://www.milanotoday.it/eventi/sabato-09-novembre-visita-guidata-alla-mostra-di-niki-de-saint-phalle-a-milano.html,Non classificato,"Milano, Lombardia, Italia",45.4641943,9.1896346
Spettacoli,09-11-24,2024-11-09,"Via Larga 14,20122, Milano, MI,Italia",Lirico Giorgio Gaber,Tributo ai Coldplay,https://www.teatro.it/spettacoli/milano/lirico-giorgio-gaber/2024-2025/candlelight-tributo-ai-coldplay,Teatro e spettacolo,"Teatro Lirico Giorgio Gaber, 14, Via Larga, Cerchia dei Navigli, Municipio 1, Milano, Lombardia, 20122, Italia",45.4615135,9.1918702
Disco&Feste,09-11-24,2024-11-09,"Via Messina, 38, Milano, MI",Pineta Milano,Un party a ritmo di musica per ballare fino all'alba,https://www.milanotoday.it/eventi/festa-musica-pineta-milano.html,Musica e vita notturna,"38, Via Messina, Bullona, Porta Volta, Municipio 8 di Milano, Milano, Lombardia, 20154, Italia",45.4864778,9.17334
,22-11-24,2024-11-09,"Via Walter Tobagi, 13, Milano, MI",Art Marginem Concept Room,“Noi” mostra di illustrazioni di Simone Garizio e Francesca Comoli,https://www.milanotoday.it/eventi/noi-mostra-di-illustrazioni-di-simone-garizio-e-francesca-comoli-simone-garizio-e-francesca-comoli.html,Non classificato,"13, Via Walter Tobagi, Foramagno, Mezzate, Peschiera Borromeo, Milano, Lombardia, 20068, Italia",45.4303283,9.2864245
,09-11-24,2024-11-09,"Piazza Sant'Ambrogio, Milano, MI",Davanti alla Basilica di Sant'Ambrogio,"Milano buia: storia dell'inquisizione, peste e occultismo",https://www.milanotoday.it/eventi/milano-buia-storia-dell-inquisizione--e-occultismo-italia-in-tour.html,Non classificato,"Piazza Sant'Ambrogio, Cerchia dei Navigli, Municipio 1, Milano, Lombardia, 20123, Italia",45.4620403,9.1746594
Spettacoli,09-11-24,2024-11-09,"Via Larga 14,20122, Milano, MI,Italia",Lirico Giorgio Gaber,Tributo ai Queen,https://www.teatro.it/spettacoli/milano/lirico-giorgio-gaber/2024-2025/candlelight-tributo-ai-queen,Teatro e spettacolo,"Teatro Lirico Giorgio Gaber, 14, Via Larga, Cerchia dei Navigli, Municipio 1, Milano, Lombardia, 20122, Italia",45.4615135,9.1918702
Disco&Feste,09-11-24,2024-11-09,"Piazza degli Affari, Milano, MI",MiB Milano,Una serata in Piazza Affari,https://www.milanotoday.it/eventi/festa-mib-piazza-affari.html,Musica e vita notturna,"Piazza degli Affari, Cerchia dei Navigli, Municipio 1, Milano, Lombardia, 20123, Italia",45.464787,9.183273
,08-12-24,2024-11-09,"Via Circonvallazione Idroscalo, Milano, MI",Idroscalo di Milano,Idroscalo. Dall’Inghilterra arriva il nuovo “infuocato” show del “Gravity Circus”,https://www.milanotoday.it/eventi/idroscalo-show-gravity-circus-milano.html,Non classificato,"Via Circonvallazione Idroscalo, Novegro, Segrate, Milano, Lombardia, 20054, Italia",45.465095,9.2830627
,09-11-24,2024-11-09,"Via Alcide de Gasperi, 5, Milano, MI",Casa delle Arti,We insist! Live Jazzmi night&day,https://www.milanotoday.it/eventi/we-insist-live-jazzmi-night-day-luca-tilli-con-sebi-tramontana-e-steve-beresford.html,Non classificato,"5, Via Alcide de Gasperi, Madonna in Campagna, Bollate, Milano, Lombardia, 20021, Italia",45.5437213,9.1285745
Manifestazioni,10-11-24,2024-11-09,"Via Mozart, 14, Milano, MI",Villa Necchi Campiglio - bene FAI,"Colori d'autunno, la manifestazione a Villa Necchi con i fiori di stagione",https://www.milanotoday.it/eventi/colori-autunno-2024-villa-necchi.html,Altri eventi,"14, Via Wolfgang Amadeus Mozart, Quartiere Boschetto, Trezzano sul Naviglio, Milano, Lombardia, 20090, Italia",45.4159579,9.0475197
Disco&Feste,09-11-24,2024-11-09,"Via Messina, 26, Milano, MI",Vapore 1928 | coffee lunch & cocktail bar,Musica e dj set nel lounge della Fabbrica del Vapore,https://www.milanotoday.it/eventi/festa-dj-set-fabbrica-del-vapore.html,Musica e vita notturna,"Vapore 1928, 26, Via Messina, Bullona, Porta Volta, Municipio 8 di Milano, Milano, Lombardia, 20154, Italia",45.4851363,9.174442
,30-11-24,2024-11-09,"Viale dell'Innovazione, 3, Milano, MI",BiM - Dove Bicocca incontra Milano,Bim bum bam a cura di Kenny Alexander Laurence,https://www.milanotoday.it/eventi/bim-bum-bam-a-cura-di-kenny-alexander-laurence.html,Non classificato,"3, Viale dell'Innovazione, Bicocca, Municipio 9, Milano, Lombardia, 20126, Italia",45.512096,9.2113367
,09-11-24,2024-11-09,"Piazza Castello, Milano, MI",Entrata principale Castello,I Visconti e l'enigma dei tarocchi: significati e labirinti degli arcani maggiori,https://www.milanotoday.it/eventi/i-visconti-e-l-enigma-dei-tarocchi-significati-e-labirinti-degli-arcani-maggiori-italia-tour.html,Non classificato,"Piazza Castello, Cerchia dei Navigli, Municipio 1, Milano, Lombardia, Italia",45.4704699,9.1819129
Disco&Feste,09-11-24,2024-11-09,"Via Gaudenzio Fantoli, 9, Milano, MI",Fabrique,"""Teenage Dream"", la festa con le hit degli anni Duemila",https://www.milanotoday.it/eventi/teenage-dream-festa-fabrique.html,Musica e vita notturna,"Fabrique, 9, Via Gaudenzio Fantoli, Mecenate, Municipio 4, Milano, Lombardia, 20138, Italia",45.4521243,9.2522773
,09-11-24,2024-11-09,"Via Risorgimento, 50, Milano, MI",Libreria Pluk,"Presentazione del libro ""Lia e l'abete rosso""",https://www.milanotoday.it/eventi/sabato-9-novembre-ore-16-30-presentazione-del-libro-lia-e-l-abete-rosso-alla-libreria-pluk-di-pantigliate-irene-cacciola.html,Non classificato,"50, Via Risorgimento, Rondò, Sesto San Giovanni, Zona Omogenea Milano Nord, Milano, Lombardia, 20099, Italia",45.532388,9.2283078
Spettacoli,10-11-24,2024-11-10,"Via Hoepli 3b,20121, Milano, MI,Italia",Auditorium San Fedele,Puccini vs Verdi,https://www.teatro.it/spettacoli/milano/auditorium-san-fedele/2024-2025/candlelight-puccini-vs-verdi,Teatro e spettacolo,"Via Ulrico Hoepli, Duomo, Municipio 1, Milano, Lombardia, 20122, Italia",45.4665215,9.1926359
Spettacoli,10-11-24,2024-11-10,"Corso Venezia 2/A,20121, Milano, MI,Italia",San Babila,NO Replica,https://www.teatro.it/spettacoli/milano/san-babila/2024-2025/di-giovanna-gattino-no-replica,Teatro e spettacolo,"2a, Corso Venezia, Duomo, Municipio 1, Milano, Lombardia, 20121, Italia",45.4670204,9.1981104
Spettacoli,10-11-24,2024-11-10,"Largo Antonio Greppi,20121, Milano, MI,Italia",Piccolo Teatro - Teatro Strehler,La grande magia,https://www.teatro.it/spettacoli/milano/piccolo-teatro-teatro-strehler/2024-2025/la-grande-magia,Teatro e spettacolo,"Largo Antonio Greppi, Cerchia dei Navigli, Municipio 1, Milano, Lombardia, 20121, Italia",45.4718502,9.1827114
,24-11-24,2024-11-10,"Via Lanzone, 23, Milano, MI",IDEA4MI,Viaggio attraverso le emozioni di Nic Salvatori,https://www.milanotoday.it/eventi/continua-il-viaggio-attraverso-le-emozioni-di-nic-salvatori-tra-frammenti-di-una-domenica-senza-tempo-a-una-settimana-dal-debutto-della-sua-prima-mostra-fotografica-27-years-of-sundays-annuncia-una-seconda-esposizione-a-milano-10-novembre-nic-salvatori.ht,Non classificato,"23, Via Lanzone, Cerchia dei Navigli, Municipio 1, Milano, Lombardia, 20123, Italia",45.4606202,9.1769152
Spettacoli,10-11-24,2024-11-10,"Corso di Porta Romana 63,20122, Milano, MI,Italia",Carcano,Kind of Miles,https://www.teatro.it/spettacoli/milano/carcano/2024-2025/paolo-fresu-miles,Teatro e spettacolo,"Teatro Carcano, 63, Corso di Porta Romana, Crocetta, Municipio 1, Milano, Lombardia, 20121, Italia",45.4566842,9.1955297
Manifestazioni,17-11-24,2024-11-10,"Piazza Gae Aulenti, Milano, MI",piazza Gae Aulenti,A Milano si può sciare (gratis) in mezzo ai grattacieli: ecco come,https://www.milanotoday.it/eventi/pista-sci-turismo-svizzera.html,Altri eventi,"Piazza Gae Aulenti, GARIBALDI REPUBBLICA, Municipio 9, Milano, Lombardia, Italia",45.4834778,9.1902248
Spettacoli,10-11-24,2024-11-10,"Viale dell'Innovazione 20,20126, Milano, MI,Italia",Arcimboldi,The Music of Hans Zimmer,https://www.teatro.it/spettacoli/milano/arcimboldi/2024-2025/the-orchestra-lords-of-the-sound-the-music-of-hans-zimmer,Teatro e spettacolo,"20, Viale dell'Innovazione, Bicocca, Municipio 9, Milano, Lombardia, 20125, Italia",45.5148696,9.2135963
,10-11-24,2024-11-10,"Via Padre Massimiliano Kolbe, 5, Milano, MI",nella palestrina dell'oratorio,Mercatino benefico Kolbe,https://www.milanotoday.it/eventi/mercatino-benefico-kolbe-del-10-novembre.html,Non classificato,"Via Padre Massimiliano Kolbe, Corsica, Municipio 4, Milano, Lombardia, 20059, Italia",45.4614572,9.2325534
Spettacoli,10-11-24,2024-11-10,"Via Andrea Maria Ampère 1,20131, Milano, MI,Italia",MTM - Leonardo,Back to Dance,https://www.teatro.it/spettacoli/milano/leonardo/2024-2025/kataklo-back-to-dance,Teatro e spettacolo,"Teatro Leonardo da Vinci, 1, Via Andrea Maria Ampère, Città Studi, Municipio 3, Milano, Lombardia, 20131, Italia",45.4795266,9.2263901
Mercatini,10-11-24,2024-11-10,"Via Riccardo Pitteri, 58, Milano, MI",Teatro Martinitt,"Remira Market, il mercatino del vintage a prezzi accessibili",https://www.milanotoday.it/eventi/remira-market-mercatino-vintage.html,Mercati e shopping,"Via Riccardo Pitteri, Lambrate, Municipio 3, Milano, Lombardia, 20134, Italia",45.4805358,9.2454637
Spettacoli,10-11-24,2024-11-10,"Via Filodrammatici 2,20121, Milano, MI,Italia",Teatro Alla Scala,Das Rheingold,https://www.teatro.it/spettacoli/milano/teatro-alla-scala/2024-2025/das-rheingold,Teatro e spettacolo,"2, Via Filodrammatici, Brera, Milano, Lombardia, 20121, Italia",45.4676198,9.1884287
,10-11-24,2024-11-10,"Via Edmondo de Amicis, 17, Milano, MI","Spazio ""EL SALVADANEE""","Presentazione libro ""Il Duomo un romanzo mai scritto"", musica milanese e aperitivo",https://www.milanotoday.it/eventi/presentazione-libro-il-duomo-un-romanzo-mai-scritto-musica-milanese-e-aperitivo-renato-ghezzi.html,Non classificato,"Antiquarium Alda Levi, 17, Via Edmondo De Amicis, Ticinese, Municipio 1, Milano, Lombardia, 20123, Italia",45.4577507,9.1796498
Spettacoli,10-11-24,2024-11-10,"Corso di Porta Romana 63,20122, Milano, MI,Italia",Carcano,Cappuccetto Rosso,https://www.teatro.it/spettacoli/milano/carcano/2024-2025/fantateatro-cappuccetto-rosso,Teatro e spettacolo,"Teatro Carcano, 63, Corso di Porta Romana, Crocetta, Municipio 1, Milano, Lombardia, 20121, Italia",45.4566842,9.1955297
,10-11-24,2024-11-10,"Via Melchiorre Gioia, 73, Milano, MI",Crown Plaza Milan City,Appuntamento con te stessa,https://www.milanotoday.it/eventi/appuntamento-con-te-stessa-officina-della-mente-di-siria-de-fazio.html,Non classificato,"73, Via Melchiorre Gioia, Isola, Municipio 2, Milano, Lombardia, 20124, Italia",45.4895434,9.2007181
Teatri,11-11-24,2024-11-11,"Via Larga, 14, Milano, MI",Teatro Lirico Giorgio Gaber,A Milano lo spettacolo di Valeria Angione “Binario 29 ¾”,https://www.milanotoday.it/eventi/valeria-angione-spettacolo.html,Teatro e spettacolo,"Teatro Lirico Giorgio Gaber, 14, Via Larga, Cerchia dei Navigli, Municipio 1, Milano, Lombardia, 20122, Italia",45.4615135,9.1918702
,15-11-24,2024-11-11,"Via Noto, 8, Milano, MI",Università degli Studi,Torna il circo alla statale tra eccellenze e inclusione,https://www.milanotoday.it/eventi/circo-statale.html,Non classificato,"8, Via Noto, Ripamonti, Municipio 5, Milano, Lombardia, 20141, Italia",45.4309298,9.199272
Mostre,11-11-24,2024-11-11,"Via Nicola Antonio Porpora, 16a, Milano, MI",iKonica Art Gallery,A Milano una mostra sul tema del sogno,https://www.milanotoday.it/eventi/a-milano-una-mostra-sul-tema-del-sogno.html,Arte e cultura,"Via Nicola Antonio Porpora, Città Studi, Municipio 3, Milano, Lombardia, 20131, Italia",45.4861128,9.2333325
,11-11-24,2024-11-11,"Via Sant'Antonio, 5, Milano, MI",Centro Pastorale Ambrosiano,Dalla speranza fino alla felicità,https://www.milanotoday.it/eventi/dalla-speranza-fino-alla-felicita-walter-rolfo.html,Non classificato,"5, Via Sant'Antonio, Duomo, Municipio 1, Milano, Lombardia, 20122, Italia",45.4614519,9.1934697
Mostra,17-11-24,2024-11-11,"Via Senato, Milano, MI",Soprintendenza Archivistica e Bibliografica della Lombardia,"Bookcity Milano 2024 Guerra e Pace | ""Voci di carta per venti di pace""",,Arte e cultura,"Via Senato, Cerchia dei Navigli, Municipio 1, Milano, Lombardia, 20121, Italia",45.4714266,9.1962309
Spettacoli,11-11-24,2024-11-11,"Via Alessandro Manzoni 42,20121, Milano, MI,Italia",Manzoni,Una mente nuova,https://www.teatro.it/spettacoli/milano/manzoni/2024-2025/antonino-tamburello-una-mente-nuova,Teatro e spettacolo,"Teatro Manzoni, 42, Via Alessandro Manzoni, Cerchia dei Navigli, Municipio 1, Milano, Lombardia, 20121, Italia",45.4710286,9.1944762
Cinema,17-11-24,2024-11-11,"Via Milazzo, Milano, MI",Cinema Anteo,"A Milano il festival ""Cervello & Cinema"": 7 capolavori gratis all'Anteo",https://www.milanotoday.it/eventi/festival-cervello-cinema-film-gratis.html,Arte e cultura,"Via Milazzo, Brera, Municipio 1, Milano, Lombardia, 20100, Italia",45.4793908,9.1876448
Spettacoli,11-11-24,2024-11-11,"Via G. di Vittorio 6,20090, Assago, MI,Italia",Unipol Forum,Emma in Da Town,https://www.teatro.it/spettacoli/assago/mediolanum-forum/2024-2025/emma-marrone-emma-in-da-forum,Teatro e spettacolo,"20090, Italy",45.407,9.1083
Spettacoli,11-11-24,2024-11-11,"Via Larga 14,20122, Milano, MI,Italia",Lirico Giorgio Gaber,Binario 29 3/4,https://www.teatro.it/spettacoli/milano/lirico-giorgio-gaber/2024-2025/valeria-angione-binario-29-34,Teatro e spettacolo,"Teatro Lirico Giorgio Gaber, 14, Via Larga, Cerchia dei Navigli, Municipio 1, Milano, Lombardia, 20122, Italia",45.4615135,9.1918702
Teatri,11-11-24,2024-11-11,"Viale dell'Innovazione, 20, Milano, MI",Teatro degli Arcimboldi,Marco Cappato per la prima volta a teatro: vita e morte sul palco degli Arcimboldi,https://www.milanotoday.it/eventi/spettacolo-marco-cappato-teatro-arcimboldi.html,Teatro e spettacolo,"20, Viale dell'Innovazione, Bicocca, Municipio 9, Milano, Lombardia, 20125, Italia",45.5148696,9.2135963
Spettacoli,11-11-24,2024-11-11,"Viale dell'Innovazione 20,20126, Milano, MI,Italia",Arcimboldi,Da Marco a Marco,https://www.teatro.it/spettacoli/milano/arcimboldi/2024-2025/marco-cappato-da-marco-a-marco,Teatro e spettacolo,"20, Viale dell'Innovazione, Bicocca, Municipio 9, Milano, Lombardia, 20125, Italia",45.5148696,9.2135963
,06-12-24,2024-11-12,"Via Milazzo, 6, Milano, MI",Arte in Salotto,Indian vibes,https://www.milanotoday.it/eventi/indian-vibes-paola-cassola.html,Non classificato,"6, Via Milazzo, Brera, Municipio 1, Milano, Lombardia, 20121, Italia",45.4791251,9.1876651
,17-01-25,2024-11-12,"Piazza Castello, 16, Milano, MI",Galleria Gracis s.r.l.,Edmondo Bacci e lo spazialismo veneziano,https://www.milanotoday.it/eventi/edmondo-bacci-e-lo-spazialismo-veneziano.html,Non classificato,"Galleria Gracis, 16, Piazza Castello, Cerchia dei Navigli, Municipio 1, Milano, Lombardia, 20121, Italia",45.4707551,9.1820293
Convegno/conferenza,12-11-24,2024-11-12,"via Brera, 28, Milano, MI",Pinacoteca di Brera - Biblioteca Nazionale Braidense di Milano,La Cronaca Crespi illustrata da Leonardo da Besozzo,,Formazione e networking,"Istituto Nazionale di Astrofisica – Osservatorio astronomico di Brera, 28, Via Brera, Cerchia dei Navigli, Municipio 1, Milano, Lombardia, 20121, Italia",45.4715946,9.1889707
,23-11-24,2024-11-12,"Via Santa Maria Valle, 2, Milano, MI",MA-EC Gallery,Somewhere mostra internazionale,https://www.milanotoday.it/eventi/somewhere-mostra-internazionale.html,Non classificato,"Fondazione Alessandro Durini, 2, Via Santa Maria Valle, Cerchia dei Navigli, Municipio 1, Milano, Lombardia, 20123, Italia",45.4600544,9.1838916
Spettacoli,13-11-24,2024-11-13,"Piazza S. Magno,20025, Legnano, MI,Italia",Galleria,Human Nature Live Show,https://www.teatro.it/spettacoli/legnano/galleria/2024-2025/human-nature-live-show-the-greatest-michael-jackson-tribute-show,Teatro e spettacolo,"Piazza San Magno, San Magno, Oltresempione, Legnano, Milano, Lombardia, 20025, Italia",45.5948853,8.9184024
,10-12-24,2024-11-13,"Via San Fermo, 19, Milano, MI",Spazio HUS,Annalaura Cantone. Milano mon amour,https://www.milanotoday.it/eventi/annalaura-cantone-milano-mon-amour-annalaura-cantone.html,Non classificato,"Via San Fermo, Baggio, Municipio 7, Villaggio Cavour, Settimo Milanese, Milano, Lombardia, 20019, Italia",45.4630575,9.0747604
,13-11-24,2024-11-13,"Via Alessandro Volta, 22, Milano, MI",Camera del Non Lavoro (T. 3273799606),Little sahara + we will remain,https://www.milanotoday.it/eventi/little-sahara-we-will-remain-emilio-marti-lopez.html,Non classificato,"22, Via Alessandro Volta, Brera, Municipio 1, Milano, Lombardia, 20121, Italia",45.4818922,9.1820968
Spettacoli,13-11-24,2024-11-13,"Via Gaudenzio Fantoli,9,20138, Milano, MI,20138, Milano, MI,Italia",Fabrique,Summer Tour 2025,https://www.teatro.it/spettacoli/milano/fabrique/2024-2025/la-rappresentante-di-lista,Teatro e spettacolo,"20138, Italy",45.4643,9.1895
Inaugurazioni,13-11-24,2024-11-13,"Piazza Città di Lombardia, Milano, MI",Sala Marco Biagi - Palazzo Regione Lombardia,Una biblioteca inclusiva e partecipata nel cuore pulsante di Milano,https://www.milanotoday.it/eventi/pop-up-library-marzio-tremaglia.html,Inaugurazioni,"Piazza Città di Lombardia, GARIBALDI REPUBBLICA, Municipio 9, Milano, Lombardia, 20124, Italia",45.4867209,9.1960553
Incontri,18-01-25,2024-11-13,"Via Giovanni Battista Niccolini, 35, Milano, MI",Fondazione Culturale Officine Saffi,Supponiamo un amore - fondazione officine saffi,https://www.milanotoday.it/eventi/supponiamo-un-amore.html,Formazione e networking,"35, Via Giovanni Battista Niccolini, Sarpi, Porta Volta, Municipio 8 di Milano, Milano, Lombardia, 20154, Italia",45.4831156,9.176926
Incontri,13-11-24,2024-11-13,"Piazza Indro Montanelli, 1, Milano, MI",Università degli Studi di Milano,La poesia bielorussa arriva a BookCity. L'incontro in Statale,https://www.milanotoday.it/eventi/poesia_bielorussa-bookcity-2024.html,Formazione e networking,"Istituto Confucio dell'Università degli Studi di Milano, 1, Piazza Indro Montanelli, Rione Vittoria, Sesto San Giovanni, Zona Omogenea Milano Nord, Milano, Lombardia, 20128, Italia",45.5213788,9.2328915
,13-11-24,2024-11-13,"Via Laghetto, 2, Milano, MI",Chiamamilano,Platone con la filosofa Maria Giovanna Farina,https://www.milanotoday.it/eventi/platone-con-la-filosofa-maria-giovanna-farina-maria-giovanna-farina-filosofa.html,Non classificato,"Chiamamilano, 2, Via Laghetto, Duomo, Brera, Milano, Lombardia, 20122, Italia",45.4614842,9.195516
,14-11-24,2024-11-14,"Via Andrea Maria Ampère, 2, Milano, MI","Politecnico di Milano, Patio di Architettura",Incontri: urban impressionism Dardust,https://www.milanotoday.it/eventi/incontri-urban-impressionism-dardust-dardust.html,Non classificato,"Via Andrea Maria Ampère, Città Studi, Municipio 3, Milano, Lombardia, 20131, Italia",45.4815526,9.2266627
Cibo e Vino,14-11-24,2024-11-14,"Corso Garibaldi, Milano, MI",Mi Scusi,Apre un nuovo ristorante a Milano: pasta e vino gratis all'inaugurazione,https://www.milanotoday.it/eventi/nuovo-mi-scusi-pasta-gratis.html,Enogastronomia,"Corso Giuseppe Garibaldi, Brera, Municipio 1, Milano, Lombardia, 20121, Italia",45.4754564,9.1836669
,14-01-25,2024-11-14,"Via Privata Giovanni Ventura, 6, Milano, MI",Prometeo Gallery,Uultime settimane per ammirare Matteo Maur e Zehra Dogan in mostra,https://www.milanotoday.it/eventi/ultime-settimane-per-ammirare-matteo-maur-e-zehra-dogan-in-mostra-a-milano-matteo-mauro.html,Non classificato,"Via Giovanni Ventura, Lambrate, Municipio 3, Milano, Lombardia, 20134, Italia",45.4840607,9.2431286
Mostra,14-11-24,2024-11-14,"piazza della Scala, Milano, MI",Museo Leonardo3,"I disegni di Leonardo e dei  leonardeschi, da Torino a Milano | Le tecniche, le materie, gli strumenti",,Arte e cultura,"Piazza della Scala, Duomo, Municipio 1, Milano, Lombardia, 20121, Italia",45.4672839,9.1901494
Incontri,17-11-24,2024-11-14,"Via Giovanni Battista Sammartini, 2, Milano, MI",Mercato Centrale Milano (Ristorante al 1° piano),Lettura e intrattenimento: nel cuore di Milano arriva il Gran Galà del Mercato Centrale,https://www.milanotoday.it/eventi/gran-gala-centrale.html,Formazione e networking,"2, Via Giovanni Battista Sammartini, Centrale, Municipio 2, Milano, Lombardia, 20125, Italia",45.4906477,9.2074972
,15-12-24,2024-11-14,"Via Privata Giovanni Ventura, 6, Milano, MI",GALLERIA MONOPOLI,"Mauro Pipani ""über die ferne"" a cura di Flaminio Gualdoni",https://www.milanotoday.it/eventi/mauro-pipani-uber-die-ferne-a-cura-di-flaminio-gualdoni-mauro-pipani.html,Non classificato,"Via Giovanni Ventura, Lambrate, Municipio 3, Milano, Lombardia, 20134, Italia",45.4840607,9.2431286
,14-12-24,2024-11-14,"Via Benedetto Marcello, 46, Milano, MI",Galleria Manifiesto Blanco,Mostra impressions: François Douady,https://www.milanotoday.it/eventi/mostra-impressions-francois-douady-manifiesto-blanco-francois-douady.html,Non classificato,"Manifiesto Blanco, 46, Via Benedetto Marcello, Buenos Aires - Venezia, Municipio 3, Milano, Lombardia, 20124, Italia",45.4830737,9.2106807
Mostra,14-11-24,2024-11-14,"Via Vittorio Veneto, 1, Milano, MI",Circolo Quarto Stato,Una casa per 6 archivi,,Arte e cultura,"1, Via Vittorio Veneto, San Lorenzo, Parabiago, Milano, Lombardia, 20015, Italia",45.5561144,8.9505315
,14-12-24,2024-11-14,"Via Fiori Chiari, 16, Milano, MI",Robertaebasta,"Staying alive: Crash, Daze, Kool Koor, Sonic Bad",https://www.milanotoday.it/eventi/staying-alive-crash-daze-kool-koor-sonic-bad-crah-daze-kool-koor-sonic-bad.html,Non classificato,"16, Via Fiori Chiari, Cerchia dei Navigli, Municipio 1, Milano, Lombardia, 20121, Italia",45.4721811,9.1865163
,14-11-24,2024-11-14,"Via Mercato, 24, Milano, MI",Pandenus,"Shein & Klarna, insieme a Pandenus presentano l’aperitivo che unisce stile e design",https://www.milanotoday.it/eventi/shein-klarna-insieme-a-pandenus-presentano-l-aperitivo-che-unisce-stile-e-design-shein-x-klarna.html,Non classificato,"Panetteria Mercato, 24, Via Mercato, Cerchia dei Navigli, Municipio 1, Milano, Lombardia, 20121, Italia",45.4712782,9.1843651
Manifestazioni,14-11-24,2024-11-14,"Corso Venezia, 2/A, Milano, MI",Teatro San Babila,"Milano si accende per la Diwali 2024: tradizioni e spiritualità indiane in uno spettacolo di musica, danze e colori",https://www.milanotoday.it/eventi/diwali-teatro-san-babila.html,Altri eventi,"2a, Corso Venezia, Duomo, Municipio 1, Milano, Lombardia, 20121, Italia",45.4670204,9.1981104
,14-11-24,2024-11-14,"Via Luigi Porro Lambertenghi, 7, Milano, MI",WAO Isola,"Il decennio breve, podcast live  ospite speciale: Filippo Ferrari di Rolling Stone Italia",https://www.milanotoday.it/eventi/il-decennio-breve-podcast-live-ospite-speciale-filippo-ferrari-di-rolling-stone-italia-filippo-ferrari-di-rolling-stone-italia.html,Non classificato,"Satispay S.p.A., 7, Via Luigi Porro Lambertenghi, Isola, Municipio 9, Milano, Lombardia, 20159, Italia",45.4893735,9.1845968
,18-01-25,2024-11-14,"Largo Corsia dei Servi, 4, Milano, MI",Centro Culturale di Milano,Ferdinando Scianna. La geometria e la compassione 60 opere original print e scritture,https://www.milanotoday.it/eventi/ferdinando-scianna-la-geometria-e-la-compassione-60-opere-original-print-e-scritture-ferdinando-scianna.html,Non classificato,"Largo Corsia dei Servi, Duomo, Municipio 1, Milano, Lombardia, 20122, Italia",45.4647722,9.1958825
Spettacoli,14-11-24,2024-11-14,"piazza Carlo Alberto dalla Chiesa 4,20020, Arese, MI,Italia",Cinema Teatro Arese,Testimone d'accusa,https://www.teatro.it/spettacoli/arese/cinema-teatro-arese/2024-2025/testimone-daccusa,Teatro e spettacolo,"Cinema Teatro Arese, 4, Piazza Generale Carlo Alberto Dalla Chiesa, Sant'Anna, Arese, Milano, Lombardia, 20044, Italia",45.549694,9.0777685
Spettacoli,15-11-24,2024-11-15,"Piazza S. Magno,20025, Legnano, MI,Italia",Galleria,Favole da incubo,https://www.teatro.it/spettacoli/legnano/galleria/2024-2025/roberta-bruzzone-favole-da-incubo,Teatro e spettacolo,"Piazza San Magno, San Magno, Oltresempione, Legnano, Milano, Lombardia, 20025, Italia",45.5948853,8.9184024
Spettacoli,15-11-24,2024-11-15,"Via San Giovanni sul muro 2,20121, Milano, MI,Italia",Dal Verme,A teatro 2024,https://www.teatro.it/spettacoli/milano/dal-verme/2024-2025/malika-ayane-tour,Teatro e spettacolo,"2, Via San Giovanni sul Muro, Cerchia dei Navigli, Municipio 1, Milano, Lombardia, 20121, Italia",45.4671162,9.1814924
,17-11-24,2024-11-15,"Via Novegro, Milano, MI",Parco Esposizioni Novegro,Brocantage,https://www.milanotoday.it/eventi/brocantage.html,Non classificato,"Via Novegro, Novegro, Segrate, Milano, Lombardia, 20054, Italia",45.4688231,9.2825667
,16-11-24,2024-11-15,"Via Adamello, 21, Milano, MI",UNAMAS CLUB,La nuova discoteca latina alle porte di Milano,https://www.milanotoday.it/eventi/la-nuova-discoteca-latina-alle-porte-di-milano.html,Non classificato,"Via Adamello, Scalo Romana, Municipio 5, Milano, Lombardia, 20141, Italia",45.4425733,9.2032293
,15-11-24,2024-11-15,"Via Domenico Cucchiari, 4, Milano, MI",Teatro Della Memoria,Una serata esclusiva di musica d'autore al teatro della memoria con dall'armellina e ploia.,https://www.milanotoday.it/eventi/una-serata-esclusiva-di-musica-d-autore-.html,Non classificato,"Teatro della Memoria, 4, Via Domenico Cucchiari, Ghisolfa, Bullona, Municipio 8 di Milano, Milano, Lombardia, 20154, Italia",45.4879753,9.1645395
,15-11-24,2024-11-15,"Via Petrarca Francesco, 9, Milano, MI",Auditorium Giacomo Matteotti,"presentazione del primo ""festival dell’adolescenza – mondo in transizione"" tra ansia e fatica di condividere",https://www.milanotoday.it/eventi/presentazione-del-primo-festival-dell-adolescenza-mondo-in-transizione-tra-ansia-e-fatica-di-condividere.html,Non classificato,"9, Via Francesco Petrarca, Ronco, Cernusco sul Naviglio, Milano, Lombardia, 20063, Italia",45.5269651,9.3387856
Nuova Apertura,15-11-24,2024-11-15,"Via Brera, 28, Milano, MI",Pinacoteca di Brera,Sta nascendo la Grande Brera!,,Inaugurazioni,"Istituto Nazionale di Astrofisica – Osservatorio astronomico di Brera, 28, Via Brera, Cerchia dei Navigli, Municipio 1, Milano, Lombardia, 20121, Italia",45.4715946,9.1889707
Spettacoli,15-11-24,2024-11-15,"Via G. di Vittorio 6,20090, Assago, MI,Italia",Unipol Forum,Gran Teatro di Ghali 2025,https://www.teatro.it/spettacoli/assago/mediolanum-forum/2024-2025/ghali-live,Teatro e spettacolo,"20090, Italy",45.407,9.1083
Incontri,01-12-24,2024-11-15,"Piazza San Fedele, Milano, MI",Location multiple,Due settimane dedicate alla meditazione nel cuore di Milano,https://www.milanotoday.it/eventi/evento-meditazione-milano.html,Formazione e networking,"Piazza San Fedele, Duomo, Municipio 1, Milano, Lombardia, 20121, Italia",45.4663812,9.1910859
Mostra,15-11-24,2024-11-15,"PIazza Castello, Milano, MI",Castello Sforzesco,"Bookcity Milano 2024 Guerra e Pace | ""L’importanza della memoria ai tempi dell’intelligenza artificiale""",,Arte e cultura,"Piazza Castello, Cerchia dei Navigli, Municipio 1, Milano, Lombardia, Italia",45.4704699,9.1819129
Incontri,15-11-24,2024-11-15,"Via Sant'Andrea, Milano, MI",Palazzo Morando,"Gli italiani dell'Impero austro-ungarico e il loro esodo ""forzato"" a BookCity",https://www.milanotoday.it/eventi/boemia-montagne-nere-dario-colombo-presentazione-milano.html,Formazione e networking,"Via Sant'Andrea, Duomo, Municipio 1, Milano, Lombardia, 20122, Italia",45.4689568,9.1967507
,17-11-24,2024-11-15,"Via degli Olivetani, 3, Milano, MI","Sala delle Colonne, Oratorio di San Vittore",Fiera d'autunno,https://www.milanotoday.it/eventi/fiera-d-autunno.html,Non classificato,"Caritas Ambrosiana Siloe - Servizi Integrati Lavoro Orientamento Educazione, 3, Via degli Olivetani, Magenta - San Vittore, Municipio 1, Milano, Lombardia, 20123, Italia",45.4623284,9.169321
,17-11-24,2024-11-15,"Via Ambrogio Binda, 20, Milano, MI",Backstudyo,Vendita pop-up di ceramiche,https://www.milanotoday.it/eventi/vendita-pop-up-di-ceramiche.html,Non classificato,"20, Via Ambrogio Binda, San Cristoforo, Municipio 6, Milano, Lombardia, 20143, Italia",45.4425722,9.1548283
Spettacoli,16-11-24,2024-11-16,"Largo Antonio Greppi,20121, Milano, MI,Italia",Piccolo Teatro - Teatro Strehler,Il gabbiano,https://www.teatro.it/spettacoli/milano/piccolo-teatro-teatro-strehler/2024-2025/regia-leonardo-lidi-il-gabbiano,Teatro e spettacolo,"Largo Antonio Greppi, Cerchia dei Navigli, Municipio 1, Milano, Lombardia, 20121, Italia",45.4718502,9.1827114
Incontri,16-11-24,2024-11-16,"Via Pier Lombardo, Milano, MI",Teatro Franco Parenti,Alessandra Mussolini a BookCity per presentare il suo romanzo sulle donne di famiglia,https://www.milanotoday.it/eventi/alessandra-mussolini-bookcity-gioco-buio.html,Formazione e networking,"Via Pier Lombardo, Porta Romana, Municipio 4, Milano, Lombardia, 20135, Italia",45.4542958,9.2063109
Spettacoli,16-11-24,2024-11-16,"Largo Antonio Greppi,20121, Milano, MI,Italia",Piccolo Teatro - Teatro Strehler,Zio Vanja,https://www.teatro.it/spettacoli/milano/piccolo-teatro-teatro-strehler/2024-2025/regia-leonardo-lidi-zio-vanja,Teatro e spettacolo,"Largo Antonio Greppi, Cerchia dei Navigli, Municipio 1, Milano, Lombardia, 20121, Italia",45.4718502,9.1827114
,06-01-25,2024-11-16,"Via Palestro, Milano, MI",Villaggio delle Meraviglie,Il Villaggio delle Meraviglie: la Pista di Pattinaggio Natalizia a Milano,https://www.milanotoday.it/eventi/villaggio-delle-meraviglie-pista-pattinaggio-natalizia-milano.html,Non classificato,"Via Palestro, Giardini Porta Venezia, Municipio 1, Milano, Lombardia, 20219, Italia",45.4722109,9.2017814
Spettacoli,16-11-24,2024-11-16,"p.zza IV Novembre 3,20025, Legnano, MI,Italia",Talisio Tirinnanzi,Fiabafobia,https://www.teatro.it/spettacoli/legnano/talisio-tirinnanzi/2024-2025/arianna-porcelli-safonov-fiabafobia,Teatro e spettacolo,"Scuola Secondaria di Primo Grado Giovanni Ungaretti, 3, Piazza Quattro Novembre, San Giorgio su Legnano, Milano, Lombardia, 20034, Italia",45.5765251,8.9157963
,13-12-24,2024-11-16,"Via Giuseppe Mazzini, 66, Milano, MI",Galleria Spazio 53,the beauty and the bane,https://www.milanotoday.it/eventi/the-beauty-and-the-bane-antonio-schiavano.html,Non classificato,"66, Via Giuseppe Mazzini, Paullo, Milano, Lombardia, 20067, Italia",45.4166029,9.3948942
Cibo e Vino,16-11-24,2024-11-16,"Via Pietrasanta, 16, Milano, MI",Magazzini Generali,"Serata pugliese ai Magazzini Generali: buon cibo, degustazioni e musica live",https://www.milanotoday.it/eventi/serata-pugliese-magazzini-generali.html,Enogastronomia,"16, Via Pietrasanta, Ex Om - Morivione, Municipio 5, Milano, Lombardia, 20141, Italia",45.4440954,9.1951652
Disco&Feste,16-11-24,2024-11-16,"Via Messina, Milano, MI",Vapore 1928 | coffee lunch & cocktail bar,La festa con musica e dj set nel cuore di Milano,https://www.milanotoday.it/eventi/festa-fabbrica-del-vapore.html,Musica e vita notturna,"Via Messina, Ghisolfa, Municipio 8 di Milano, Milano, Lombardia, 20154, Italia",45.4890648,9.1707417
Spettacoli,16-11-24,2024-11-16,"via Filodrammatici,1,20121, Milano, MI,Italia",Filodrammatici,Appuntamento a Londra,https://www.teatro.it/spettacoli/milano/filodrammatici/2024-2025/lucia-lavia-luigi-tabita-appuntamento-a-londra,Teatro e spettacolo,"Teatro dei Filodrammatici, 1, Via Filodrammatici, Brera, Municipio 1, Milano, Lombardia, 20121, Italia",45.467261,9.188435
Incontri,16-11-24,2024-11-16,"Piazza della Divina Commedia, 3, Milano, MI",Tilane,Un'avventura epica in un universo pieno di magia,https://www.milanotoday.it/eventi/gioco-di-ruolo-biblioteca-tilane.html,Formazione e networking,"Piazza della Divina Commedia, Battiloca, Dugnano, Paderno Dugnano, Zona Omogenea Milano Nord, Milano, Lombardia, 20037, Italia",45.5665214,9.1593128
Incontri,16-11-24,2024-11-16,"Via Lazio, 95, Milano, MI",Hyperspace Trampoline Parks,Una sfida mozzafiato con percorsi aerei e arrampicate,https://www.milanotoday.it/eventi/giochi-hyper-space-buccinasco.html,Formazione e networking,"Via Lazio, Redecesio, Novegro, Segrate, Milano, Lombardia, 21771, Italia",45.4749227,9.2657714
Incontri,16-11-24,2024-11-16,"De Amicis, Milano, MI",Casa dei Diritti,Presentazione del libro Polvere d'Oro e supporto al progetto Derive e Approdi per il contrasto alla tratta e allo sfruttamento umano,https://www.milanotoday.it/eventi/polvere-oro.html,Formazione e networking,"De Amicis, Via Edmondo De Amicis, Cerchia dei Navigli, Municipio 1, Milano, Lombardia, 20123, Italia",45.4591231,9.177399
Disco&Feste,16-11-24,2024-11-16,"Via Torino, 64, Milano, MI",ART MALL MILANO,Il cocktail party dove si balla tutta la notte,https://www.milanotoday.it/eventi/festa-art-mall-milano-novembre-2024.html,Musica e vita notturna,"Natura, 64, Via Torino, Cerchia dei Navigli, Municipio 1, Milano, Lombardia, 20123, Italia",45.4607911,9.1827157
Incontri,16-11-24,2024-11-16,"Via Pier Lombardo, Milano, MI",Teatro Franco Parenti,Dall'oratorio alla Serie A1: a BookCity 2024 la storia del Basket Arese,https://www.milanotoday.it/eventi/giuseppe-augurusa-dopo-di-noi.html,Formazione e networking,"Via Pier Lombardo, Porta Romana, Municipio 4, Milano, Lombardia, 20135, Italia",45.4542958,9.2063109
Cibo e Vino,01-12-24,2024-11-16,"Via Tommaso da Cazzaniga, 2, Milano, MI",VMaison Boutique Hotel,A Milano apre il nuovo ristorante IT Maison (con uno speciale brunch),https://www.milanotoday.it/eventi/ristorante-it-maison-vmaison-hotel.html,Enogastronomia,"Vmaison Hotel Milano, 2, Via Tommaso da Cazzaniga, Brera, Milano, Lombardia, 20121, Italia",45.4765649,9.1821107
,16-11-24,2024-11-16,"Via dell'Allodola, 5, Milano, MI","Teatro ""La Creta""",Ricordi mediterranei: quartetto orobico di Gianluigi Trovesi,https://www.milanotoday.it/eventi/ricordi-mediterranei-quartetto-orobico-di-gianluigi-trovesi-gianluigi-trovesi.html,Non classificato,"Via dell'Allodola, Lorenteggio, Municipio 6, Milano, Lombardia, 20147, Italia",45.454862,9.1195068
Sport,16-11-24,2024-11-16,"Via Enrico Fermi, 1, Milano, MI",Pinbowl DIY Skatepark,A Milano ci sarà un maxi contest di skate,https://www.milanotoday.it/eventi/skateboard-vans-informazioni-orari-2024.html,Sport e attività fisica,"1, Via Enrico Fermi, Quartiere Giorgella, Corsico, Milano, Lombardia, 20094, Italia",45.439581,9.1034201
,17-11-24,2024-11-16,"Piazza Carlo Stuparich, Milano, MI",Allianz Cloud,"Boxe, the art of fighting 7. Morello vs. Moncelli",https://www.milanotoday.it/eventi/boxe-the-art-of-fighting-7-morello-vs-moncelli-the-art-of-fighting.html,Non classificato,"Piazza Carlo Stuparich, De Angeli - Monte Rosa, QT8, Municipio 8 di Milano, Milano, Lombardia, 20148, Italia",45.4830796,9.1428469
,17-11-24,2024-11-16,"Via Gran San Bernardo, 13, Milano, MI",A&L Studio,"Seminario intensivo ""L'alchimia della rabbia: trasforma in oro il tuo fuoco""",https://www.milanotoday.it/eventi/seminario-intensivo-l-alchimia-della-rabbia-trasforma-in-oro-il-tuo-fuoco-alessandro-gazzine-e-lorenza-cavalli.html,Non classificato,"Via Gran San Bernardo, Ghisolfa, Bullona, Municipio 8 di Milano, Milano, Lombardia, 20155, Italia",45.4884407,9.1674372
Mostre,29-06-25,2024-11-16,"Viale Antonio Gramsci, 161, Milano, MI",Galleria Campari,"Grafiche, tele e cartelloni: la mostra di Campari con le opere dei più grandi artisti del Novecento",https://www.milanotoday.it/eventi/mostra-galleria-campari-2025.html,Arte e cultura,"161, Viale Antonio Gramsci, Rondò, Cassina de' Gatti, Sesto San Giovanni, Zona Omogenea Milano Nord, Milano, Lombardia, 20099, Italia",45.5389285,9.2354926
,16-11-24,2024-11-16,"Via Francesco Daverio, 7, Milano, MI",Società Umanitaria - Sala degli Affreschi,Il mostro di Firenze: un live reading,https://www.milanotoday.it/eventi/il-mostro-di-firenze-un-live-reading-eugenio-nocciolini-edoardo-orlandi-massimo-fiorio.html,Non classificato,"7p01, Via Francesco Daverio, Guastalla, Municipio 1, Milano, Lombardia, 20122, Italia",45.4588856,9.200906
,16-11-24,2024-11-16,"Via Carlo Amoretti, 78, Milano, MI",Istituto Tecnico Carlo Acutis,Open day istituto tecnico carlo acuti,https://www.milanotoday.it/eventi/open-day-istituto-tecnico-carlo-acuti.html,Non classificato,"78, Via Carlo Amoretti, 81, Municipio 9, Milano, Lombardia, 20157, Italia",45.5189459,9.1475225
Incontri,17-11-24,2024-11-17,"Via Pinturicchio, 35, Milano, MI",Chiesa San Giovanni in Laterano,Gala' lirico,https://www.milanotoday.it/eventi/gala-lirico-antonio-mazzei.html,Formazione e networking,"35, Via Pinturicchio, Buenos Aires - Venezia, Municipio 3, Milano, Lombardia, 20131, Italia",45.4782603,9.2211272
Spettacoli,17-11-24,2024-11-17,"Via Larga 14,20122, Milano, MI,Italia",Lirico Giorgio Gaber,L'Instant Theatre,https://www.teatro.it/spettacoli/milano/lirico-giorgio-gaber/2024-2025/enrico-bertolino-linstant-theatre,Teatro e spettacolo,"Teatro Lirico Giorgio Gaber, 14, Via Larga, Cerchia dei Navigli, Municipio 1, Milano, Lombardia, 20122, Italia",45.4615135,9.1918702
Incontri,17-11-24,2024-11-17,"Via Giulio Cesare Procaccini, 4, Milano, MI",Fabbrica del Vapore,Jfk jr. e la moglie Carolyn: due icone immortali a BookCity 2024,https://www.milanotoday.it/eventi/john-kennedy-junior-carolyn-bessette-biografia.html,Formazione e networking,"4, Via Giulio Cesare Procaccini, Bullona, Porta Volta, Municipio 8 di Milano, Milano, Lombardia, 20154, Italia",45.4839945,9.1753796
Spettacoli,17-11-24,2024-11-17,"Via Rovello 2,20121, Milano, MI,Italia",Piccolo Teatro - Teatro Grassi,Arlecchino servitore di due padroni,https://www.teatro.it/spettacoli/milano/piccolo-teatro-teatro-grassi/2024-2025/enrico-bonavera-arlecchino-servitore-di-due-padroni,Teatro e spettacolo,"2, Via Rovello, Brera, Milano, Lombardia, 20121, Italia",45.4665188,9.1847651
Mercatini,17-11-24,2024-11-17,"Via Mecenate, 88/A, Milano, MI",East Market,"East Market, il mercato vintage più grande di Milano, compie 10 anni",https://www.milanotoday.it/eventi/east-market-compie-10-anni.html,Mercati e shopping,"Via Mecenate, Mecenate, Municipio 4, Milano, Lombardia, 20059, Italia",45.4529888,9.2481173
Spettacoli,17-11-24,2024-11-17,"Corso di Porta Romana 63,20122, Milano, MI,Italia",Carcano,Il caso Jekyll,https://www.teatro.it/spettacoli/milano/carcano/2024-2025/sergio-rubini-daniele-russo-il-caso-jekyll,Teatro e spettacolo,"Teatro Carcano, 63, Corso di Porta Romana, Crocetta, Municipio 1, Milano, Lombardia, 20121, Italia",45.4566842,9.1955297
Spettacoli,17-11-24,2024-11-17,"Via Alessandro Manzoni 42,20121, Milano, MI,Italia",Manzoni,I ragazzi irresistibili,https://www.teatro.it/spettacoli/milano/manzoni/2024-2025/franco-branciaroli-umberto-orsini-i-ragazzi-irresistibili,Teatro e spettacolo,"Teatro Manzoni, 42, Via Alessandro Manzoni, Cerchia dei Navigli, Municipio 1, Milano, Lombardia, 20121, Italia",45.4710286,9.1944762
Spettacoli,17-11-24,2024-11-17,"Largo Antonio Greppi,20121, Milano, MI,Italia",Piccolo Teatro - Teatro Strehler,Il giardino dei ciliegi,https://www.teatro.it/spettacoli/milano/piccolo-teatro-teatro-strehler/2024-2025/regia-leonardo-lidi-il-giardino-dei-ciliegi,Teatro e spettacolo,"Largo Antonio Greppi, Cerchia dei Navigli, Municipio 1, Milano, Lombardia, 20121, Italia",45.4718502,9.1827114
Spettacoli,17-11-24,2024-11-17,"Via Lattanzio 58/A,20137, Milano, MI,Italia",deSidera Teatro Oscar,Condominio Mon Amour,https://www.teatro.it/spettacoli/milano/desidera-teatro-oscar/2024-2025/giacomo-poretti-daniela-cristofori-condominio-mon-amour,Teatro e spettacolo,"Teatro Oscar DeSidera, 58/A, Via Lattanzio, Umbria - Molise, Municipio 4, Milano, Lombardia, 20137, Italia",45.4523298,9.2167181
,17-11-24,2024-11-17,"Viale Monza, 16, Milano, MI",TAO Academy,Open day Tao academy Milano,https://www.milanotoday.it/eventi/open-day-tao-academy-milano-17-novembre-2024.html,Non classificato,"16, Viale Monza, Loreto, Municipio 2, Milano, Lombardia, 20127, Italia",45.488845,9.2177023
,17-11-24,2024-11-17,"Via Marco D'Oggiono, Milano, MI",Teatro LabArca,Alessandra Casella | il gattopardo | un libro e un film con tè,https://www.milanotoday.it/eventi/alessandra-casella-il-gattopardo-un-libro-e-un-film-con-te-alessandra-casella.html,Non classificato,"Via Marco d'Oggiono, Ticinese, Municipio 1, Milano, Lombardia, 20123, Italia",45.4569667,9.1758861
Spettacoli,17-11-24,2024-11-17,"via Fezzan,11,20146, Milano, MI,Italia",Ecoteatro,Lapponia,https://www.teatro.it/spettacoli/milano/ecoteatro/2024-2025/lapponia,Teatro e spettacolo,"EcoTeatro, 11, Via Fezzan, Bande Nere, Municipio 6, Milano, Lombardia, 20146, Italia",45.4592109,9.1459527
,17-11-24,2024-11-17,"Piazza Castello, Milano, MI",Castello Sforzesco. Sala della Balla,tutte le guerre del mondo nella guernica di picasso,https://www.milanotoday.it/eventi/tutte-le-guerre-del-mondo-nella-guernica-di-picasso.html,Non classificato,"Piazza Castello, Cerchia dei Navigli, Municipio 1, Milano, Lombardia, Italia",45.4704699,9.1819129
,17-11-24,2024-11-17,"Via Pier Lombardo, 14, Milano, MI",Teatro Franco Parenti - Sala Tre,Uno scanner sul medio oriente con Valerio Nicolosi e Andrea Colamedici,https://www.milanotoday.it/eventi/uno-scanner-sul-medio-oriente-con-valerio-nicolosi-e-andrea-colamedici-valerio-nicolosi-e-andrea-colamedici.html,Non classificato,"Via Pier Lombardo, Porta Romana, Municipio 4, Milano, Lombardia, 20135, Italia",45.4542958,9.2063109
,24-11-24,2024-11-17,"Viale Molise, 70, Milano, MI",spazio Art'è,A Natale regala arte mostra gratuita del 17 novembre 2024,https://www.milanotoday.it/eventi/a-natale-regala-arte-mostra-gratuita-del-17-novembre.html,Non classificato,"Viale Molise, Ortomercato, Municipio 4, Milano, Lombardia, 20137, Italia",45.4518437,9.2242524
Teatri,18-11-24,2024-11-18,"Via Larga, 14, Milano, MI",Teatro Lirico “Giorgio Gaber”,Roberto Bolle racconta la sua storia a teatro (in un evento gratuito),https://www.milanotoday.it/eventi/incontro-roberto-bolle-teatro-gaber.html,Teatro e spettacolo,"Teatro Lirico Giorgio Gaber, 14, Via Larga, Cerchia dei Navigli, Municipio 1, Milano, Lombardia, 20122, Italia",45.4615135,9.1918702
Spettacoli,18-11-24,2024-11-18,"Via Alessandro Manzoni 42,20121, Milano, MI,Italia",Manzoni,Fiera di me,https://www.teatro.it/spettacoli/milano/manzoni/2024-2025/irene-grandi-fiera-di-me,Teatro e spettacolo,"Teatro Manzoni, 42, Via Alessandro Manzoni, Cerchia dei Navigli, Municipio 1, Milano, Lombardia, 20121, Italia",45.4710286,9.1944762
Mercatini,12-01-25,2024-11-18,"Via Pietro Verri, Milano, MI",Palazzo Magia,L'atmosfera di Natale arriva a Palazzo Magia,https://www.milanotoday.it/eventi/negozio-natale-palazzo-magia-2024.html,Mercati e shopping,"Via Pietro Verri, Duomo, Municipio 1, Milano, Lombardia, 20122, Italia",45.4674398,9.1940993
Incontri,18-11-24,2024-11-18,"Piazza Adriano Olivetti, Milano, MI",STEP FuturAbility District,Una giornata di prevenzione e benessere allo spazio Step Futurability District,https://www.milanotoday.it/eventi/evento-equilibrio-energia-benessere.html,Formazione e networking,"Piazza Adriano Olivetti, Scalo Romana, Municipio 5, Milano, Lombardia, 20135, Italia",45.4431207,9.2043096
Mostre,28-11-24,2024-11-18,"Via Marco Formentini, 10, Milano, MI",Centro Brera,"""Colori spenti"", a Milano la mostra su tre artiste ucraine in tempo di guerra",https://www.milanotoday.it/eventi/mostra_colori-spenti-centro-brera.html,Arte e cultura,"Laboratorio Fondazione Mondadori, 10, Via Marco Formentini, Cerchia dei Navigli, Municipio 1, Milano, Lombardia, 20121, Italia",45.4716659,9.1863017
,19-11-24,2024-11-19,"Via Monte Napoleone, 5, Milano, MI",Accademia del Lusso,Frammenti di frastuono,https://www.milanotoday.it/eventi/frammenti-di-frastuono-alessandra-esposito.html,Non classificato,"5, Via Monte Napoleone, Duomo, Municipio 1, Milano, Lombardia, 20121, Italia",45.4677461,9.1956765
Spettacoli,19-11-24,2024-11-19,"Corso di Porta Romana 63,20122, Milano, MI,Italia",Carcano,Un'età certa,https://www.teatro.it/spettacoli/milano/carcano/2024-2025/peppe-barra-uneta-certa,Teatro e spettacolo,"Teatro Carcano, 63, Corso di Porta Romana, Crocetta, Municipio 1, Milano, Lombardia, 20121, Italia",45.4566842,9.1955297
,19-11-24,2024-11-19,"Piazza Leonardo da Vinci, 32, Milano, MI",Politecnico di Milano Campus Leonardo,"Presentazione ""Le grandi ipocrisie sul clima""",https://www.milanotoday.it/eventi/presentazione-libro-le-grandi-ipocrisie-sul-clima-di-r-abravanel-e-l-d-agnese-roger-abravanel.html,Non classificato,"32, Piazza Leonardo da Vinci, Città Studi, Municipio 3, Milano, Lombardia, 20133, Italia",45.4778083,9.2272468
Mostre,24-11-24,2024-11-19,"Via Gesù, 5, Milano, MI",Museo Bagatti Valsecchi,Le visite al Museo Bagatti Valsecchi a prezzo ridotto,https://www.milanotoday.it/eventi/visite-museo-bagatti-valsecchi-prezzo-ridotto.html,Arte e cultura,"Museo Bagatti Valsecchi, 5, Via Gesù, Duomo, Municipio 1, Milano, Lombardia, 20121, Italia",45.4694809,9.1949792
Spettacoli,19-11-24,2024-11-19,"Via Filodrammatici 2,20121, Milano, MI,Italia",Teatro Alla Scala,Alexandre Kantorow,https://www.teatro.it/spettacoli/milano/teatro-alla-scala/2024-2025/teatro-alla-scala-alexandre-kantorow,Teatro e spettacolo,"2, Via Filodrammatici, Brera, Milano, Lombardia, 20121, Italia",45.4676198,9.1884287
Spettacoli,20-11-24,2024-11-20,"Via Filodrammatici 2,20121, Milano, MI,Italia",Teatro Alla Scala,Trittico Balanchine / Robbins,https://www.teatro.it/spettacoli/milano/teatro-alla-scala/2024-2025/teatro-alla-scala-trittico-balanchine-robbins,Teatro e spettacolo,"2, Via Filodrammatici, Brera, Milano, Lombardia, 20121, Italia",45.4676198,9.1884287
Spettacoli,20-11-24,2024-11-20,"Via San Giovanni sul muro 2,20121, Milano, MI,Italia",Dal Verme,Doppia traccia,https://www.teatro.it/spettacoli/milano/dal-verme/2024-2025/pfm-pfm-canta-de-andre-anniversary,Teatro e spettacolo,"2, Via San Giovanni sul Muro, Cerchia dei Navigli, Municipio 1, Milano, Lombardia, 20121, Italia",45.4671162,9.1814924
,21-11-24,2024-11-20,"Via Gaetano Negri, 10, Milano, MI",Milano,Madrid per una notte a Milano,https://www.milanotoday.it/eventi/madrid-per-una-notte-a-milano-djdstro.html,Non classificato,"BPER Banca, 10, Via Gaetano Negri, Cerchia dei Navigli, Municipio 1, Milano, Lombardia, 20123, Italia",45.4651327,9.1836481
Spettacoli,20-11-24,2024-11-20,"Piazza S. Magno,20025, Legnano, MI,Italia",Galleria,Il giaguaro mi guarda storto,https://www.teatro.it/spettacoli/legnano/galleria/2024-2025/teresa-mannino-il-giaguaro-mi-guarda-storto,Teatro e spettacolo,"Piazza San Magno, San Magno, Oltresempione, Legnano, Milano, Lombardia, 20025, Italia",45.5948853,8.9184024
,21-11-24,2024-11-21,"Via Marco D'Oggiono, Milano, MI",Teatro LabArca,Il popolo delle donne con Marina Valcarenghi,https://www.milanotoday.it/eventi/il-popolo-delle-donne-con-marina-valcarenghi.html,Non classificato,"Via Marco d'Oggiono, Ticinese, Municipio 1, Milano, Lombardia, 20123, Italia",45.4569667,9.1758861
,21-11-24,2024-11-21,"Corso Venezia, 52, Milano, MI",Fondazione Luigi Rovati,Forum della bellezza 2024,https://www.milanotoday.it/eventi/forum-della-bellezza-2024.html,Non classificato,"Andrea Aprea, 52, Corso Venezia, Guastalla, Municipio 1, Milano, Lombardia, 20123, Italia",45.4732302,9.2042765
Spettacoli,21-11-24,2024-11-21,"Viale Toscana,31,20136, Milano, MI,Italia",Santeria Toscana 31,Piccoli Fragilissimi Film Tour,https://www.teatro.it/spettacoli/milano/santeria-toscana-31/2024-2025/paolo-benvegnu,Teatro e spettacolo,"Santeria Toscana 31, 31, Viale Toscana, Vigentina, Municipio 5, Milano, Lombardia, 20136, Italia",45.4456408,9.1883503
Spettacoli,21-11-24,2024-11-21,"Via Alessandro Manzoni 42,20121, Milano, MI,Italia",Manzoni,Mettici la mano,https://www.teatro.it/spettacoli/milano/manzoni/2024-2025/antonio-milo-adriano-falivene-mettici-la-mano,Teatro e spettacolo,"Teatro Manzoni, 42, Via Alessandro Manzoni, Cerchia dei Navigli, Municipio 1, Milano, Lombardia, 20121, Italia",45.4710286,9.1944762
,20-12-24,2024-11-21,"Via Maloia, 1, Milano, MI",spazioSERRA,Departures مغادرون - mosa one,https://www.milanotoday.it/eventi/departures-mosa-one-mosa-one.html,Non classificato,"Via Maloia, Farini, Municipio 9, Milano, Lombardia, 20158, Italia",45.4946286,9.1768212
,22-11-24,2024-11-21,"Via Messina, 38, Milano, MI",Pineta,Aftershow live Anna Pepe al Pineta,https://www.milanotoday.it/eventi/aftershow-live-anna-pepe-al-pineta-di-via-messina-anna-pepe.html,Non classificato,"38, Via Messina, Bullona, Porta Volta, Municipio 8 di Milano, Milano, Lombardia, 20154, Italia",45.4864778,9.17334
,21-11-24,2024-11-21,"Via Alfonso Capecelatro, 22, Milano, MI",Artemisia 5 pittrici,Arte in studio,https://www.milanotoday.it/eventi/arte-in-studio-artemisia-cinque-artiste-francesca-bruni-rita-carelli-feri-renata-ferrari-pea-trolli-emanuela-volpe.html,Non classificato,"Via Alfonso Capecelatro, San Siro, Municipio 7, Milano, Lombardia, 20148, Italia",45.4719317,9.1290115
,23-11-24,2024-11-21,"Viale Luigi Camoens, Milano, MI",JustMe e Torre Branca,"Milano dall’alto: salita in torre branca offerta, aperitivo e party al Justme",https://www.milanotoday.it/eventi/milano-dall-alto-salita-in-torre-branca-offerta-aperitivo-e-party-al-justme.html,Non classificato,"Viale Luigi Camoens, Parco Sempione, Municipio 1, Milano, Lombardia, 20154, Italia",45.4729814,9.1728556
,21-11-24,2024-11-21,"Via Pietro Colletta, 21, Milano, MI",Teatro degli Angeli,"La porta della vita, teatro e migrazioni",https://www.milanotoday.it/eventi/la-porta-della-vita-teatro-e-migrazioni-alessandro-ieniz.html,Non classificato,"21, Via Pietro Colletta, Porta Romana, Municipio 4, Milano, Lombardia, 20135, Italia",45.4502167,9.2085301
Teatri,08-12-24,2024-11-21,"Via Filodrammatici, 6, Milano, MI",Teatro Filodrammatici,"Al Filodrammatici va in scena La Caccia al Tesoro, una commedia satirica imperdibile",https://www.milanotoday.it/eventi/teatro/teatro-filodrammatici-caccia-al-tesoro-commedia-satirica-imperdibile.html,Teatro e spettacolo,"Via Filodrammatici, Brera, Municipio 1, Milano, Lombardia, 20121, Italia",45.4673403,9.1886109
,21-11-24,2024-11-21,"Via Fratelli Zoia, 89, Milano, MI",Spazio Teatro 89,Un giorno quasi perfetto,https://www.milanotoday.it/eventi/un-giorno-quasi-perfetto-produzione-del-teatro-metastasio-di-prato-allo-spazio-teatro-89-michelangelo-maria-zanghi-francesco-natoli.html,Non classificato,"Via Fratelli Zoia, Quarto Cagnino, Municipio 7, Milano, Lombardia, 20153, Italia",45.4751914,9.108401
Teatri,22-11-24,2024-11-22,"Piazza San Magno, Milano, MI",Teatro Galleria,Il nuovo spettacolo di Pietro Morello a teatro: orari e biglietti,https://www.milanotoday.it/eventi/spettacolo-pietro-morello-teatro-galleria-legnano-biglietti.html,Teatro e spettacolo,"Piazza San Magno, San Magno, Oltresempione, Legnano, Milano, Lombardia, 20025, Italia",45.5948853,8.9184024
,22-11-24,2024-11-22,"Via Giulio Cesare Procaccini, 4, Milano, MI",Spazio Fattoria c/o Fabbrica del Vapore,E così tu sei Manning!,https://www.milanotoday.it/eventi/antigone_web-e-cosi-tu-sei-manning-francesca-brizzolara.html,Non classificato,"4, Via Giulio Cesare Procaccini, Bullona, Porta Volta, Municipio 8 di Milano, Milano, Lombardia, 20154, Italia",45.4839945,9.1753796
,20-11-25,2024-11-22,"Piazza del Duomo, Milano, MI",Duomo di Milano,milano illuminata,https://www.milanotoday.it/eventi/milano-illuminata-angela-menendez-guida-turistica-abilitata.html,Non classificato,"Piazza del Duomo, Duomo, Municipio 1, Milano, Lombardia, Italia",45.4639102,9.1906398
,22-11-24,2024-11-22,"Via Vincenzo Monti, 15, Milano, MI",Cadorna,Un'esperienza unica: pizze e birre gratuite per celebrare la tradizione autentica,https://www.milanotoday.it/eventi/pizze-birre-gratuite-milano.html,Non classificato,"L'Alter Bar, 15, Via Vincenzo Monti, Magenta - San Vittore, Municipio 1, Milano, Lombardia, 20123, Italia",45.4673026,9.1736899
,22-11-24,2024-11-22,"Via Giuseppe Candiani, 131, Milano, MI",La Scighera,"Cash&Cohen: Riccardo Dell'Orfano, Daniele Colombo ed Emiliano Berni",https://www.milanotoday.it/eventi/cash-cohen-riccardo-dell-orfano-daniele-colombo-emiliano-berni-riccardo-dell-orfano.html,Non classificato,"Civico 131, 131, Via Giuseppe Candiani, Bovisa, Municipio 9, Milano, Lombardia, 20158, Italia",45.5028773,9.1615665
Manifestazioni,24-11-24,2024-11-22,"Largo Metropolitana, 5, Milano, MI",Rho Fiera Milano,"Fumetti, manga e videogiochi: a Milano torna la Games Week & Cartoomics",https://www.milanotoday.it/eventi/milano-games-week-2024-biglietti.html,Altri eventi,"Wind Tre, 5, Largo Metropolitana, Mazzo, Rho, Milano, Lombardia, 20017, Italia",45.5189855,9.0861391
,22-11-24,2024-11-22,"Via Pisanello, 1, Milano, MI",Centro Culturale Rosetum,Emiliano D'Auria: Brooklyn bound Rosetum jazz festival,https://www.milanotoday.it/eventi/emiliano-d-auria-brooklyn-bound-ii-rosetum-jazz-festival-emiliano-d-auria-brooklyn-bound.html,Non classificato,"Via Pisanello, Bande Nere, Municipio 7, Milano, Lombardia, 20148, Italia",45.4672182,9.140416
,25-11-24,2024-11-22,"Via dell'Orso, 16, Milano, MI",citofonare “Sos Bambini”,Torna il mercatino solidale di Natale,https://www.milanotoday.it/eventi/torna-il-mercatino-solidale-di-natale-in-via-dell-orso-16-a-milano.html,Non classificato,"16, Via dell'Orso, Brera, Municipio 1, Milano, Lombardia, 20121, Italia",45.469111,9.186319
,09-02-25,2024-11-22,"Via Filippo Turati, 34, Milano, MI",Museo della Permanente,60° wildlife photographer of the year a Milano,https://www.milanotoday.it/eventi/60-wildlife-photographer-of-the-year-a-milano-vari.html,Non classificato,"Museo della Permanente, 34, Via Filippo Turati, Brera, Municipio 1, Milano, Lombardia, 20121, Italia",45.4765941,9.1955129
,01-12-24,2024-11-22,"Via Giuseppe di Vittorio, 2, Milano, MI",CENTRO SPORTIVO DI SENAGO,Sagra degli gnocchi e della polenta,https://www.milanotoday.it/eventi/sagra-degli-gnocchi-e-della-polenta.html,Non classificato,"28/2, Via Giuseppe Di Vittorio, Foramagno, Peschiera Borromeo, Milano, Lombardia, 20068, Italia",45.4270849,9.2880658
Spettacoli,22-11-24,2024-11-22,"Piazza S. Magno,20025, Legnano, MI,Italia",Galleria,Non è un concerto,https://www.teatro.it/spettacoli/legnano/galleria/2024-2025/pietro-morello-non-e-un-concerto,Teatro e spettacolo,"Piazza San Magno, San Magno, Oltresempione, Legnano, Milano, Lombardia, 20025, Italia",45.5948853,8.9184024
Spettacoli,22-11-24,2024-11-22,"via Fezzan,11,20146, Milano, MI,Italia",Ecoteatro,Uno spettacolo che mi vedrei,https://www.teatro.it/spettacoli/milano/ecoteatro/2024-2025/raffaello-corti-faccestamagia-uno-spettacolo-che-mi-vedrei,Teatro e spettacolo,"EcoTeatro, 11, Via Fezzan, Bande Nere, Municipio 6, Milano, Lombardia, 20146, Italia",45.4592109,9.1459527
,24-11-24,2024-11-22,"Via Giulio Cesare Procaccini, 4, Milano, MI",Spazio Fattoria c/o Fabbrica del Vapore,Th!nk p!nk  VI edizione festival a cura di Fattoria Vittadini,https://www.milanotoday.it/eventi/th-nk-p-nk-vi-edizione-festival-a-cura-di-fattoria-vittadini-fattoria-vittadini.html,Non classificato,"4, Via Giulio Cesare Procaccini, Bullona, Porta Volta, Municipio 8 di Milano, Milano, Lombardia, 20154, Italia",45.4839945,9.1753796
,23-11-24,2024-11-22,"Via Pietrasanta, 16, Milano, MI",Magazzini Generali,Fideles ai Magazzini Generali,https://www.milanotoday.it/eventi/fideles-ai-magazzini-generali-fideles.html,Non classificato,"16, Via Pietrasanta, Ex Om - Morivione, Municipio 5, Milano, Lombardia, 20141, Italia",45.4440954,9.1951652
,19-12-24,2024-11-22,"Via Tortona, 27, Milano, MI",MyOwnGallery di Superstudio,La mostra Franco Moschino,https://www.milanotoday.it/eventi/arriva-a-milano-la-mostra-franco-moschino-il-genio-visionario-che-celebra-lo-stilista-leggendario-in-occasione-del-30-anniversario-della-sua-scomparsa.html,Non classificato,"Mandarina duck, 27, Via Tortona, Tortona, Municipio 6, Milano, Lombardia, 20144, Italia",45.4506784,9.1634775
,23-11-24,2024-11-22,"Via Luigi Nono, 1, Milano, MI",Tempio del Futuro Perduto,Fregatene festival: il 22 e 23 novembre la seconda edizione al tempio del futuro perduto,https://www.milanotoday.it/eventi/fregatene-festival-il-22-e-23-novembre.html,Non classificato,"Via Luigi Nono, Bullona, Porta Volta, Municipio 8 di Milano, Milano, Lombardia, 20154, Italia",45.4856873,9.1757526
,23-11-24,2024-11-23,"Piazza del Carmine, 2, Milano, MI",Davanti alla chiesa del Carmine,Intrighi al Castello Sforzesco: i Visconti e gli Sforza tra lussi sfrenati e vita quotidiana,https://www.milanotoday.it/eventi/intrighi-castello-sforzesco-i-visconti-e-gli-sforza-tra-lussi-sfrenati-e-vita-quotidiana-italia-in-tour.html,Non classificato,"2, Piazza del Carmine, Brera, Milano, Lombardia, 20121, Italia",45.4705766,9.1854554
Spettacoli,23-11-24,2024-11-23,"Via MacMahon,16,20155, Milano, MI,Italia",Out Off,Nevergreen. Perfette Sconosciute,https://www.teatro.it/spettacoli/milano/out-off/2024-2025/francesco-de-gregori-nevergreen,Teatro e spettacolo,"20155, Italy",45.4643,9.1895
,23-11-24,2024-11-23,"Viale Luigi Bodio, 37, Milano, MI","Edificio Stilo, Bodio Center",Milano music week 2024: Metatron Publishing e Saint Louis College of music,https://www.milanotoday.it/eventi/milano-music-week-2024-metatron-publishing-e-saint-louis-college-of-music-insieme-per-formare-i-producer-musicali-del-futuro.html,Non classificato,"37, Viale Luigi Bodio, Farini, Municipio 9, Milano, Lombardia, 20158, Italia",45.4975875,9.167681
Spettacoli,23-11-24,2024-11-23,"Via G. di Vittorio 6,20090, Assago, MI,Italia",Unipol Forum,Live 2025,https://www.teatro.it/spettacoli/assago/unipol-forum-ex-mediolanum-forum/2024-2025/davide-van-de-sfroos,Teatro e spettacolo,"20090, Italy",45.407,9.1083
,23-11-24,2024-11-23,"Piazza Greco, Milano, MI",Refettorio Ambrosiano,chef d'eccellenza e personaggi illustri alla charity dinner di acra,https://www.milanotoday.it/eventi/chef-d-eccellenza-e-personaggi-illustri-alla-charity-dinner.html,Non classificato,"Piazza Greco, Greco, Municipio 2, Milano, Lombardia, 20125, Italia",45.5021933,9.2111193
,23-11-24,2024-11-23,"Piazza del Duomo, Milano, MI",Duomo di Milano,"Visita guidata del Duomo, terrazze a sotterranei",https://www.milanotoday.it/eventi/visita-guidata-del-duomo-terrazze-a-sotterranei.html,Non classificato,"Piazza del Duomo, Duomo, Municipio 1, Milano, Lombardia, Italia",45.4639102,9.1906398
,23-11-24,2024-11-23,"Via Giulio Cesare Procaccini, 4, Milano, MI",Spazio Fattoria c/o Fabbrica del Vapore,Per una cultura inclusiva: gestire le discriminazioni verso le persone lgbtqia+ sul luogo di lavoro,https://www.milanotoday.it/eventi/per-una-cultura-inclusiva-gestire-le-discriminazioni-verso-le-persone-lgbtqia-sul-luogo-di-lavoro-michele-pazzini.html,Non classificato,"4, Via Giulio Cesare Procaccini, Bullona, Porta Volta, Municipio 8 di Milano, Milano, Lombardia, 20154, Italia",45.4839945,9.1753796
,24-11-24,2024-11-23,"Via Moncalieri, 5, Milano, MI",Casa di Alex,La reggae night singer edition,https://www.milanotoday.it/eventi/la-reggae-night-singer-edition-ares-adami-teo-rootical-gamba-the-lenk-solo-vee-e-junior-sprea.html,Non classificato,"Via Moncalieri, Niguarda - Cà Granda, Municipio 9, Milano, Lombardia, 20162, Italia",45.5096992,9.1975463
Spettacoli,24-11-24,2024-11-24,"Via Alessandro Manzoni 42,20121, Milano, MI,Italia",Manzoni,40 e sto,https://www.teatro.it/spettacoli/milano/manzoni/2024-2025/andrea-delogu-40-e-sto,Teatro e spettacolo,"Teatro Manzoni, 42, Via Alessandro Manzoni, Cerchia dei Navigli, Municipio 1, Milano, Lombardia, 20121, Italia",45.4710286,9.1944762
,24-11-24,2024-11-24,"Via Adriano, 107, Milano, MI",Magnete Milano,Fablab workshop di upcycling,https://www.milanotoday.it/eventi/fablab-workshop-di-upcycling-a-cura-di-industria-scenica.html,Non classificato,"107, Via Adriano, Adriano, Municipio 2, Milano, Lombardia, 20128, Italia",45.517818,9.2430549
Spettacoli,24-11-24,2024-11-24,"Via Rovello 2,20121, Milano, MI,Italia",Piccolo Teatro - Teatro Grassi,L'Origine del mondo,https://www.teatro.it/spettacoli/milano/piccolo-teatro-teatro-grassi/2024-2025/concita-de-gregorio-lucia-mascino-alice-redini-lorigine-del-mondo,Teatro e spettacolo,"2, Via Rovello, Brera, Milano, Lombardia, 20121, Italia",45.4665188,9.1847651
Spettacoli,24-11-24,2024-11-24,"Via Lattanzio 58/A,20137, Milano, MI,Italia",deSidera Teatro Oscar,Fino alle stelle,https://www.teatro.it/spettacoli/milano/desidera-teatro-oscar/2024-2025/agnese-fallongo-tiziano-caputo-fino-alle-stelle,Teatro e spettacolo,"Teatro Oscar DeSidera, 58/A, Via Lattanzio, Umbria - Molise, Municipio 4, Milano, Lombardia, 20137, Italia",45.4523298,9.2167181
Spettacoli,24-11-24,2024-11-24,"Corso di Porta Romana 63,20122, Milano, MI,Italia",Carcano,1984,https://www.teatro.it/spettacoli/milano/carcano/2024-2025/violante-placido-ninni-bruschetta-woody-neri-1984,Teatro e spettacolo,"Teatro Carcano, 63, Corso di Porta Romana, Crocetta, Municipio 1, Milano, Lombardia, 20121, Italia",45.4566842,9.1955297
Mercatini,24-11-24,2024-11-24,"Via Valenza, Milano, MI",Naviglio Grande,Milano si prepara al Natale con il Mercato dell'Antiquariato sui Navigli,https://www.milanotoday.it/eventi/mercato-antiquariato-navigli-novembre-2024.html,Mercati e shopping,"Via Valenza, Navigli, Municipio 6, Milano, Lombardia, 20144, Italia",45.4514071,9.1691656
Spettacoli,24-11-24,2024-11-24,"Viale dell'Innovazione 20,20126, Milano, MI,Italia",Arcimboldi,Les Miserables - Arena Musical Spectacular,https://www.teatro.it/spettacoli/milano/arcimboldi/2024-2025/les-miserables-arena-musical-spectacular,Teatro e spettacolo,"20, Viale dell'Innovazione, Bicocca, Municipio 9, Milano, Lombardia, 20125, Italia",45.5148696,9.2135963
Spettacoli,24-11-24,2024-11-24,"Via Andrea Maria Ampère 1,20131, Milano, MI,Italia",MTM - Leonardo,Come sei bella stasera,https://www.teatro.it/spettacoli/milano/leonardo/2024-2025/max-pisu-gaia-de-laurentis-come-sei-bella-stasera,Teatro e spettacolo,"Teatro Leonardo da Vinci, 1, Via Andrea Maria Ampère, Città Studi, Municipio 3, Milano, Lombardia, 20131, Italia",45.4795266,9.2263901
Spettacoli,24-11-24,2024-11-24,"Via Boltraffio 21,20159, Milano, MI,Italia",Fontana,La signora delle camelie,https://www.teatro.it/spettacoli/milano/fontana/2024-2025/giovanni-ortoleva-la-signora-delle-camelie,Teatro e spettacolo,"21, Via Gian Antonio Boltraffio, Isola, Municipio 9, Milano, Lombardia, 20159, Italia",45.4921952,9.1878419
Spettacoli,24-11-24,2024-11-24,"via Pier Lombardo,14,20135, Milano, MI,Italia",Franco Parenti - Sala Grande,Il Misantropo,https://www.teatro.it/spettacoli/milano/franco-parenti-sala-grande/2024-2025/luca-micheletti-il-misantropo,Teatro e spettacolo,"Via Pier Lombardo, Porta Romana, Municipio 4, Milano, Lombardia, 20135, Italia",45.4542958,9.2063109
Spettacoli,24-11-24,2024-11-24,"Corso Magenta 24,20123, Milano, MI,Italia",MTM - Litta,P come Penelope,https://www.teatro.it/spettacoli/milano/mtm-litta/2024-2025/di-e-con-paola-fresa-p-come-penelope,Teatro e spettacolo,"24, Corso Magenta, Cerchia dei Navigli, Municipio 1, Milano, Lombardia, 20123, Italia",45.4658664,9.1782835
Disco&Feste,24-11-24,2024-11-24,"Piazza Sempione, Milano, MI",Dazio Levante,Il closing party della Music Week con dj della scena indipendente,https://www.milanotoday.it/eventi/serata-le-cannibale.html,Musica e vita notturna,"Piazza Sempione, Parco Sempione, Municipio 1, Milano, Lombardia, Italia",45.4755976,9.1725451
,25-11-24,2024-11-24,"Via Giovanni Verga, 5, Milano, MI",Teatro del Borgo,"Doppia data di “le parole delle madri. voci, sussurri, grida”:   il 24 e 25 novembre al teatro del borgo di milano",https://www.milanotoday.it/eventi/per-la-giornata-mondiale-contro-la-violenza-sulle-donne-doppia-data-di-le-parole-delle-madri-voci-sussurri-grida-il-24-e-25-novembre-al-teatro-del-borgo-di-milano.html,Non classificato,"5, Via Giovanni Verga, Quartiere Campetto, Trezzano sul Naviglio, Milano, Lombardia, 20090, Italia",45.4290556,9.061464
Spettacoli,24-11-24,2024-11-24,"Corso Venezia 2/A,20121, Milano, MI,Italia",San Babila,Ti spacco il musical,https://www.teatro.it/spettacoli/milano/san-babila/2024-2025/ti-spacco-il-musical,Teatro e spettacolo,"2a, Corso Venezia, Duomo, Municipio 1, Milano, Lombardia, 20121, Italia",45.4670204,9.1981104
Spettacoli,24-11-24,2024-11-24,"Largo Antonio Greppi,20121, Milano, MI,Italia",Piccolo Teatro - Teatro Strehler,Il risveglio,https://www.teatro.it/spettacoli/milano/piccolo-teatro-teatro-strehler/2024-2025/il-risveglio,Teatro e spettacolo,"Largo Antonio Greppi, Cerchia dei Navigli, Municipio 1, Milano, Lombardia, 20121, Italia",45.4718502,9.1827114
Mercatini,06-01-25,2024-11-25,"Via Giuseppe Eugenio Luraghi, 11, Milano, MI",Il Centro di Arese,Natale al Centro di Arese tra eventi e magia per tutta la famiglia,https://www.milanotoday.it/eventi/mercatini-natale-centro-commerciale-arese-2024.html,Mercati e shopping,"Via Maestra, 11, Viale Giuseppe Eugenio Luraghi, Valera, Arese, Milano, Lombardia, 20044, Italia",45.5638918,9.0510987
Spettacoli,25-11-24,2024-11-25,"Corso di Porta Romana 63,20122, Milano, MI,Italia",Carcano,Uomini si diventa,https://www.teatro.it/spettacoli/milano/carcano/2024-2025/alessio-boni-omar-pedrini-uomini-si-diventa-nella-mente-del-femminicida,Teatro e spettacolo,"Teatro Carcano, 63, Corso di Porta Romana, Crocetta, Municipio 1, Milano, Lombardia, 20121, Italia",45.4566842,9.1955297
Spettacoli,25-11-24,2024-11-25,"Via G. di Vittorio 6,20090, Assago, MI,Italia",Unipol Forum,Tour 2025,https://www.teatro.it/spettacoli/assago/mediolanum-forum/2024-2025/alfa-non-so-chi-ha-creato-il-mondo,Teatro e spettacolo,"20090, Italy",45.407,9.1083
,25-11-24,2024-11-25,"Viale Monza, 140, Milano, MI",Area Zelig,Canti di guerra l'audiolibro,https://www.milanotoday.it/eventi/canti-di-guerra-l-audiolibro-stefano-nazzi-e-jake-la-furia.html,Non classificato,"Circolo familiare di unità proletaria, 140, Viale Monza, Municipio 2, Milano, Lombardia, 20127, Italia",45.5040914,9.222479
,25-11-24,2024-11-25,"Via Sebastiano Caboto, 2, Milano, MI",TEATRO GESU BUON PASTORE,Passeggiata letteraria tra pagine di speranza,https://www.milanotoday.it/eventi/passeggiata-letteraria-tra-pagine-di-speranza-don-paolo-alliata.html,Non classificato,"Via Sebastiano Caboto, Washington, Municipio 7, Milano, Lombardia, 20144, Italia",45.4620483,9.1562779
,30-11-24,2024-11-25,"Via Lovanio, 6, Milano, MI",Amy d,Tog together to shop,https://www.milanotoday.it/eventi/tog-together-to-shop.html,Non classificato,"6, Via Lovanio, Brera, Municipio 1, Milano, Lombardia, 20121, Italia",45.4766942,9.1861782
Mercatini,31-01-25,2024-11-25,"Piazza Città di Lombardia, Milano, MI",Piazza Città di Lombardia,La pista di pattinaggio (anche per le scuole) in piazza Città di Lombardia,https://www.milanotoday.it/eventi/pista-pattinaggio-piazza-citta-di-lombardia.html,Mercati e shopping,"Piazza Città di Lombardia, GARIBALDI REPUBBLICA, Municipio 9, Milano, Lombardia, 20124, Italia",45.4867209,9.1960553
Spettacoli,25-11-24,2024-11-25,"via Pitteri 58,20134, Milano, MI,Italia",Martinitt,Viaggi nel tempo nella vita reale,https://www.teatro.it/spettacoli/milano/martinitt/2024-2025/ipantellas-viaggi-nel-tempo-nella-vita-reale,Teatro e spettacolo,"Via Riccardo Pitteri, Lambrate, Municipio 3, Milano, Lombardia, 20134, Italia",45.4798362,9.2457864
,26-11-24,2024-11-26,"Via Sant'Agnese, 18, Milano, MI",Ambrosiana Art Gallery,Valerio Adami. L'arte del sogno,https://www.milanotoday.it/eventi/valerio-adami-l-arte-del-sogno-opening-martedi-26-novembre-2024-ore-18-00-valerio-adami.html,Non classificato,"18, Via Sant'Agnese, Cerchia dei Navigli, Municipio 1, Milano, Lombardia, 20123, Italia",45.4644885,9.176065
Spettacoli,26-11-24,2024-11-26,"Corso di Porta Romana 63,20122, Milano, MI,Italia",Carcano,Ferite a morte,https://www.teatro.it/spettacoli/milano/carcano/2024-2025/lella-costa-serena-dandini-ferite-a-morte,Teatro e spettacolo,"Teatro Carcano, 63, Corso di Porta Romana, Crocetta, Municipio 1, Milano, Lombardia, 20121, Italia",45.4566842,9.1955297
Spettacoli,26-11-24,2024-11-26,"Via Gaudenzio Fantoli,9,20138, Milano, MI,20138, Milano, MI,Italia",Fabrique,Club Tour,https://www.teatro.it/spettacoli/milano/fabrique/2024-2025/anna,Teatro e spettacolo,"20138, Italy",45.4643,9.1895
Spettacoli,26-11-24,2024-11-26,"Via G. di Vittorio 6,20090, Assago, MI,Italia",Unipol Forum,La grande festa,https://www.teatro.it/spettacoli/assago/mediolanum-forum/2024-2025/blue-la-grande-festa,Teatro e spettacolo,"20090, Italy",45.407,9.1083
,26-11-24,2024-11-26,"Piazza degli Affari, 6, Milano, MI",Palazzo Mezzanotte,Grand prix innovation 2024,https://www.milanotoday.it/eventi/grand-prix-innovation-2024.html,Non classificato,"6, Piazza degli Affari, Cerchia dei Navigli, Municipio 1, Milano, Lombardia, 20123, Italia",45.4650319,9.1832284
Concerti,28-11-24,2024-11-27,"Via Giuseppe di Vittorio, 6, Milano, MI",Unipol Forum di Assago,Il grande ritorno di Laura Pausini in concerto a Milano,https://www.milanotoday.it/eventi/concerto-laura-pausini-forum-assago-2024.html,Musica e vita notturna,"6, Via Giuseppe Di Vittorio, Foramagno, Mezzate, Peschiera Borromeo, Milano, Lombardia, 20068, Italia",45.4355184,9.2889768
,27-11-24,2024-11-27,"Via Alfonso Lamarmora, Milano, MI",Paderno Dugnano,Laboratorio poesia e fotografia,https://www.milanotoday.it/eventi/laboratorio-poesia-e-fotografia-esuviadicicala.html,Non classificato,"Via Alfonso Lamarmora, Guastalla, Municipio 1, Milano, Lombardia, 20122, Italia",45.4567421,9.1999678
Cibo e Vino,24-12-24,2024-11-27,"Piazza della Repubblica, 17, Milano, MI",Hotel Principe di Savoia,"Luci, alberi e regali: a Milano arriva la suite di Babbo Natale",https://www.milanotoday.it/eventi/casa-babbo-natale-hotel-principe-savoia.html,Enogastronomia,"Principe di Savoia, 17, Piazza della Repubblica, Centrale, Municipio 2, Milano, Lombardia, 20124, Italia",45.4797878,9.1963935
Spettacoli,27-11-24,2024-11-27,"Via Varese,29,20024, Garbagnate Milanese, MI,Italia",Italia,L'illusione coniugale,https://www.teatro.it/spettacoli/garbagnate-milanese/italia/2024-2025/lillusione-coniugale,Teatro e spettacolo,"Via Varese, Quadrifoglio, Santa Maria Rossa, Garbagnate Milanese, Milano, Lombardia, 20024, Italia",45.5758278,9.0778952
Spettacoli,27-11-24,2024-11-27,"Viale dell'Innovazione 20,20126, Milano, MI,Italia",Arcimboldi,In teatro dedicato a noi,https://www.teatro.it/spettacoli/milano/arcimboldi/2024-2025/ligabue-in-teatro-dedicato-a-noi,Teatro e spettacolo,"20, Viale dell'Innovazione, Bicocca, Municipio 9, Milano, Lombardia, 20125, Italia",45.5148696,9.2135963
,24-12-24,2024-11-27,"Via Achille Maiocchi, 15, Milano, MI",Maiocchi15,Le quattro stagioni. Esposizione delle opere di Rami Lazkani e Andrea Olivazzo,https://www.milanotoday.it/eventi/le-quattro-stagioni-esposizione-delle-opere-di-rami-lazkani-e-andrea-olivazzo-rami-lazkani-e-andrea-olivazzo.html,Non classificato,"Via Achille Maiocchi, Buenos Aires - Venezia, Municipio 3, Milano, Lombardia, 20129, Italia",45.4762588,9.2159801
,27-11-24,2024-11-27,"Largo Corsia dei Servi, 4, Milano, MI",Centro Culturale di Milano,I demoni della mente: il nuovo libro di Mattia Ferraresi,https://www.milanotoday.it/eventi/i-demoni-della-mente-il-nuovo-libro-di-mattia-ferraresi-carmine-di-martino-liliana-faccioli-mattia-ferraresi-alessandro-banfi.html,Non classificato,"Largo Corsia dei Servi, Duomo, Municipio 1, Milano, Lombardia, 20122, Italia",45.4647722,9.1958825
,27-11-24,2024-11-27,"Viale Toscana, 31, Milano, MI",Santeria Toscana,I segreti live,https://www.milanotoday.it/eventi/i-segreti-live-a-milano-santeria-toscana-27-11-i-segreti.html,Non classificato,"Santeria Toscana 31, 31, Viale Toscana, Vigentina, Municipio 5, Milano, Lombardia, 20136, Italia",45.4456408,9.1883503
Spettacoli,27-11-24,2024-11-27,"Corso di Porta Romana 63,20122, Milano, MI,Italia",Carcano,Il maschio inutile,https://www.teatro.it/spettacoli/milano/carcano/2024-2025/banda-osiris-il-maschio-inutile,Teatro e spettacolo,"Teatro Carcano, 63, Corso di Porta Romana, Crocetta, Municipio 1, Milano, Lombardia, 20121, Italia",45.4566842,9.1955297
Spettacoli,28-11-24,2024-11-28,"Viale dell'Innovazione 20,20126, Milano, MI,Italia",Arcimboldi,Vincenzo Schettini - La fisica che ci piace,https://www.teatro.it/spettacoli/milano/arcimboldi/2024-2025/vincenzo-schettini-la-fisica-che-ci-piace,Teatro e spettacolo,"20, Viale dell'Innovazione, Bicocca, Municipio 9, Milano, Lombardia, 20125, Italia",45.5148696,9.2135963
,28-11-24,2024-11-28,"Via Pasquale Sottocorno, 27, Milano, MI",Art Luxury,Mostra collettiva d'arte contemporanea luci & ombre,https://www.milanotoday.it/eventi/mostra-collettiva-d-arte-contemporanea-luci-ombre.html,Non classificato,"Ricci Osteria, 27, Via Pasquale Sottocorno, XXII Marzo, Municipio 4, Milano, Lombardia, 20129, Italia",45.4662072,9.2119112
Spettacoli,28-11-24,2024-11-28,"Via Sant'Antonio,5,20122, Milano, MI,Italia",Casa Cardinale Schuster,We call it A cappella,https://www.teatro.it/spettacoli/milano/casa-cardinale-ildefonso-schuster/2024-2025/we-call-it-a-cappella,Teatro e spettacolo,"5, Via Sant'Antonio, Duomo, Municipio 1, Milano, Lombardia, 20122, Italia",45.4614519,9.1934697
,28-11-24,2024-11-28,"Via Atto Vannucci, 13, Milano, MI",il lLaboratorio Artistico,Oltre le montagne e rocce,https://www.milanotoday.it/eventi/oltre-le-montagne-e-rocce-allievi-dei-corsi-di-pittura-ad-olio-acquerello-e-disegno-di-francesca-bruni-mattia-sanseverino-e-laura-zavelani.html,Non classificato,"Via Atto Vannucci, Porta Romana, Municipio 5, Milano, Lombardia, 20122, Italia",45.4494202,9.19864
Spettacoli,28-11-24,2024-11-28,"Via G. di Vittorio 6,20090, Assago, MI,Italia",Unipol Forum,World Tour 2024,https://www.teatro.it/spettacoli/assago/mediolanum-forum/2024-2025/laura-pausini-world-tour-2024,Teatro e spettacolo,"20090, Italy",45.407,9.1083
,28-11-24,2024-11-28,"Largo Corsia dei Servi, 4, Milano, MI",Centro Culturale di Milano,"Nicole Krauss. Amore, identità: i luoghi di una promessa",https://www.milanotoday.it/eventi/nicole-krauss-amore-identita-i-luoghi-di-una-promessa-nicole-krauss.html,Non classificato,"Largo Corsia dei Servi, Duomo, Municipio 1, Milano, Lombardia, 20122, Italia",45.4647722,9.1958825
,19-01-25,2024-11-28,"Viale Vittorio Veneto, 2, Milano, MI",MEET | Digital Culture Center,Disegnare l'azione. Carte di Ico Migliore,https://www.milanotoday.it/eventi/mostra-disegnare-l-azione-carte-di-ico-migliore-sul-movimento-il-tempo-e-le-sensazioni-all-interno-degli-spazi-architettonici-ico-migliore.html,Non classificato,"Cineteca Milano Meet, 2, Viale Vittorio Veneto, Buenos Aires - Venezia, Municipio 3, Milano, Lombardia, 20124, Italia",45.4753723,9.2039666
,28-11-24,2024-11-28,"Via Giosuè Borsi, 9/2, Milano, MI",Apollo Milano,Hack your life: 7 pilastri della longevità,https://www.milanotoday.it/eventi/hack-your-life-7-pilastri-della-longevita-il-28-novembre-a-milano-il-primo-evento-di-gs-loft-dedicato-al-biohacking.html,Non classificato,"Via Giosuè Borsi, Navigli, Municipio 6, Milano, Lombardia, 20136, Italia",45.4474661,9.1740326
Spettacoli,28-11-24,2024-11-28,"Corso di Porta Romana 63,20122, Milano, MI,Italia",Carcano,Quel che so di lei,https://www.teatro.it/spettacoli/milano/carcano/2024-2025/quel-che-so-di-lei-monica-guerritore,Teatro e spettacolo,"Teatro Carcano, 63, Corso di Porta Romana, Crocetta, Municipio 1, Milano, Lombardia, 20121, Italia",45.4566842,9.1955297
,29-11-24,2024-11-29,"Via Gorani, 5, Milano, MI",BalticBar,Workshop nordico natalizio di candle painting,https://www.milanotoday.it/eventi/workshop-nordico-natalizio-candle-painting-speak-and-spritz.html,Non classificato,"5, Via Gorani, Cerchia dei Navigli, Municipio 1, Milano, Lombardia, 20123, Italia",45.4643691,9.1811505
,29-11-24,2024-11-29,"Via Gorani, 5, Milano, MI",Balticbar,Workshop nordico natalizio di cavallo Dala svedese,https://www.milanotoday.it/eventi/workshop-nordico-natalizio-cavallo-dala-svedese-speak-and-spritz-11966744.html,Non classificato,"5, Via Gorani, Cerchia dei Navigli, Municipio 1, Milano, Lombardia, 20123, Italia",45.4643691,9.1811505
Cibo e Vino,01-12-24,2024-11-29,"Corso Venezia, 51, Milano, MI",Palazzo Bovara,La festa del panettone artigianale (con degustazioni gratis),https://www.milanotoday.it/eventi/festa-panettone-palazzo-bovara-2024.html,Enogastronomia,"51, Corso Venezia, Guastalla, Municipio 1, Milano, Lombardia, 20121, Italia",45.4714453,9.2017768
,29-11-24,2024-11-29,"Via Gorani, 5, Milano, MI",BalticBar,Workshop nordico natalizio di stelle natalizie di carta,https://www.milanotoday.it/eventi/workshop-nordico-natalizio-stelle-natalizie-di-carta-speak-and-spritz.html,Non classificato,"5, Via Gorani, Cerchia dei Navigli, Municipio 1, Milano, Lombardia, 20123, Italia",45.4643691,9.1811505
Spettacoli,29-11-24,2024-11-29,"Via Filodrammatici 2,20121, Milano, MI,Italia",Teatro Alla Scala,Concerto - Riccardo Chailly,https://www.teatro.it/spettacoli/milano/teatro-alla-scala/2024-2025/concerto-riccardo-chailly,Teatro e spettacolo,"2, Via Filodrammatici, Brera, Milano, Lombardia, 20121, Italia",45.4676198,9.1884287
Spettacoli,29-11-24,2024-11-29,"Piazza Enzo Jannacci 1,20017, Rho, MI,Italia",Civico - Roberto de Silva,Il lago dei cigni,https://www.teatro.it/spettacoli/rho/civico-roberto-de-silva/2024-2025/il-lago-dei-cigni,Teatro e spettacolo,"Piazza Enzo Jannacci, San Pietro, Lucernate, Rho, Milano, Lombardia, 20017, Italia",45.5279748,9.0458872
Spettacoli,29-11-24,2024-11-29,"Via Pietrasanta 14,20124, Milano, MI,Italia",Magazzini Generali,Tour 2024,https://www.teatro.it/spettacoli/milano/magazzini-generali/2024-2025/holden-tour-2024,Teatro e spettacolo,"14, Via Pietrasanta, Ex Om - Morivione, Municipio 5, Milano, Lombardia, 20141, Italia",45.4438506,9.1964489
Spettacoli,29-11-24,2024-11-29,"Piazza S. Magno,20025, Legnano, MI,Italia",Galleria,MAURIZIO LASTRICO,https://www.teatro.it/spettacoli/legnano/galleria/2024-2025/maurizio-lastrico-sul-lastrico,Teatro e spettacolo,"Piazza San Magno, San Magno, Oltresempione, Legnano, Milano, Lombardia, 20025, Italia",45.5948853,8.9184024
Spettacoli,30-11-24,2024-11-30,"p.zza IV Novembre 3,20025, Legnano, MI,Italia",Talisio Tirinnanzi,Michelangelo,https://www.teatro.it/spettacoli/legnano/talisio-tirinnanzi/2024-2025/vittorio-sgarbi-michelangelo,Teatro e spettacolo,"Scuola Secondaria di Primo Grado Giovanni Ungaretti, 3, Piazza Quattro Novembre, San Giorgio su Legnano, Milano, Lombardia, 20034, Italia",45.5765251,8.9157963
Spettacoli,30-11-24,2024-11-30,"v. Pezzotti 53,20141, Milano, MI,Italia",Stella,Imbarazziamoci,https://www.teatro.it/spettacoli/milano/stella/2024-2025/giuseppe-ninno-imbarazziamoci,Teatro e spettacolo,"53, Via Giovanni Pezzotti, Tibaldi, Municipio 5, Milano, Lombardia, 20141, Italia",45.4393892,9.1841439
Cibo e Vino,02-12-24,2024-11-30,"Piazzale Carlo Magno, 1, Milano, MI",Allianz MiCo,Il festival del whisky e del rum con i liquori più buoni d'Italia,https://www.milanotoday.it/eventi/festival-whisky-rum-2024.html,Enogastronomia,"1, Piazzale Carlo Magno, Portello, Tre Torri, Municipio 8 di Milano, Milano, Lombardia, 20149, Italia",45.4804792,9.15582
Mercatini,01-12-24,2024-11-30,"Corso di Porta Ticinese, 95, Milano, MI",Chiostro Museo Diocesano,"Natale nel Chiostro, torna il mercatino al Museo Diocesano con panettoni e idee regalo",https://www.milanotoday.it/eventi/mercatino-chiostro-museo-diocesano-2024.html,Mercati e shopping,"95, Corso di Porta Ticinese, Ticinese, Municipio 1, Milano, Lombardia, 20123, Italia",45.4550676,9.1813468
Mostre,25-03-25,2024-11-30,"Via Giulio Cesare Procaccini, 4, Milano, MI",Fabbrica del Vapore,Mostra Visions in motion – Graffiti and echoes of Futurism,https://www.milanotoday.it/eventi/mostre/echoes-futurism.html,Arte e cultura,"4, Via Giulio Cesare Procaccini, Bullona, Porta Volta, Municipio 8 di Milano, Milano, Lombardia, 20154, Italia",45.4839945,9.1753796
Mercatini,01-12-24,2024-11-30,"Via delle Ore, 3, Milano, MI",Fondazione Culturale Ambrosianeum,Il mercatino di Natale dei Paesi del Nord (con attività per i bambini),https://www.milanotoday.it/eventi/mercatino-natale-nordico-2024.html,Mercati e shopping,"Ambrosianeum, 3, Via delle Ore, Duomo, Municipio 1, Milano, Lombardia, 20122, Italia",45.4628936,9.1925597
Fiere,08-12-24,2024-11-30,"Strada Statale Sempione, Milano, MI",Fieramilano Rho,Torna l'Artigiano in fiera: come registrarsi per il pass gratuito,https://www.milanotoday.it/eventi/artigiano-fiera-2024-date-biglietti.html,Mercati e shopping,"Strada Statale del Sempione - Via Pisacane (Pero), Via Sempione, Cassina del Pero, Pero, Milano, Lombardia, 20016, Italia",45.5082768,9.0914871
,31-03-25,2024-11-30,"Viale Molise, Milano, MI",Ex Macello,"A Milano arriva Lumina Park: il mega parco di luci e giochi ispirato ad ""Alice nel paese delle meraviglie""",https://www.milanotoday.it/eventi/parco-luci-alice-paese-meraviglie.html,Non classificato,"Viale Molise, Ortomercato, Municipio 4, Milano, Lombardia, 20137, Italia",45.4518437,9.2242524
Spettacoli,30-11-24,2024-11-30,"Viale dell'Innovazione 20,20126, Milano, MI,Italia",Arcimboldi,Les Étoiles,https://www.teatro.it/spettacoli/milano/arcimboldi/2024-2025/daniele-cipriani-les-etoiles,Teatro e spettacolo,"20, Viale dell'Innovazione, Bicocca, Municipio 9, Milano, Lombardia, 20125, Italia",45.5148696,9.2135963
,30-11-24,2024-11-30,"Piazza Tre Torri, Milano, MI",CityLife Shopping District,Il Black Friday a Citylife shopping district diventa Black Saturday,https://www.milanotoday.it/eventi/il-black-friday-a-citylife-shopping-district-diventa-black-saturday-il-30-novembre-tanto-shopping-premi-e-divertimento-fino-alle-ore-22.html,Non classificato,"Piazza Tre Torri, Tre Torri, Municipio 8 di Milano, Milano, Lombardia, 20149, Italia",45.4783108,9.1570584
Spettacoli,30-11-24,2024-11-30,"Piazza S. Magno,20025, Legnano, MI,Italia",Galleria,ABBA DREAM,https://www.teatro.it/spettacoli/legnano/galleria/2024-2025/abba-dream-in-concerto,Teatro e spettacolo,"Piazza San Magno, San Magno, Oltresempione, Legnano, Milano, Lombardia, 20025, Italia",45.5948853,8.9184024
,08-12-24,2024-11-30,"Largo Metropolitana, 5, Milano, MI",PADIGLIONE 6 STAND B 168,Cibo take away indonesiano in fiera,https://www.milanotoday.it/eventi/cibo-take-away-indonesiano-in-fiera.html,Non classificato,"Wind Tre, 5, Largo Metropolitana, Mazzo, Rho, Milano, Lombardia, 20017, Italia",45.5189855,9.0861391
,30-11-24,2024-11-30,"Via Papa Giovanni XXIII, Milano, MI",Via Papa Giovanni XXIII,Gli ambulanti di Forte dei Marmi a Cormano,https://www.milanotoday.it/eventi/gli-ambulanti-di-forte-dei-marmi-a-cormano-sabato-30-novembre.html,Non classificato,"Via Papa Giovanni XXIII, Quartiere Campetto, Trezzano sul Naviglio, Milano, Lombardia, 20090, Italia",45.4287,9.0633309
Spettacoli,30-11-24,2024-11-30,"Corso di Porta Romana 63,20122, Milano, MI,Italia",Carcano,Svelarsi (Women Only),https://www.teatro.it/spettacoli/milano/carcano/2024-2025/regia-silvia-gallerano-svelarsi-women-only,Teatro e spettacolo,"Teatro Carcano, 63, Corso di Porta Romana, Crocetta, Municipio 1, Milano, Lombardia, 20121, Italia",45.4566842,9.1955297
Spettacoli,30-11-24,2024-11-30,"Via G. di Vittorio 6,20090, Assago, MI,Italia",Unipol Forum,Tour 2024,https://www.teatro.it/spettacoli/assago/mediolanum-forum/2024-2025/mr-rain-tour-2024,Teatro e spettacolo,"20090, Italy",45.407,9.1083
,01-12-24,2024-11-30,"Via Gaetano Negri, Milano, MI",Mib Milano,Private party in piazza Affari,https://www.milanotoday.it/eventi/private-party-in-piazza-affari-mib-aperitivo-live-show-party.html,Non classificato,"Via Gaetano Negri, Cerchia dei Navigli, Municipio 1, Milano, Lombardia, 20123, Italia",45.4651662,9.184366
Spettacoli,01-12-24,2024-12-01,"Corso di Porta Romana 63,20122, Milano, MI,Italia",Carcano,Ma cosa ho fatto? perCORSO per diventare uomini nuovi,https://www.teatro.it/spettacoli/milano/carcano/2024-2025/colamedici-gasparrini-ma-cosa-ho-fatto-percorso-per-diventare-uomini-nuovi,Teatro e spettacolo,"Teatro Carcano, 63, Corso di Porta Romana, Crocetta, Municipio 1, Milano, Lombardia, 20121, Italia",45.4566842,9.1955297
,01-12-24,2024-12-01,"Via Padre Massimiliano Kolbe, 5, Milano, MI",nella palestrina dell'oratorio,mercatino benefico dell'usato kolbe domenica 1 dicembre,https://www.milanotoday.it/eventi/mercatino-benefico-dell-usato.html,Non classificato,"Via Padre Massimiliano Kolbe, Corsica, Municipio 4, Milano, Lombardia, 20059, Italia",45.4614572,9.2325534
,01-12-24,2024-12-01,"Via Fratelli Rosselli, 6, Milano, MI",Chiesa della Medaglia Miracolosa,Gran gala' lirico,https://www.milanotoday.it/eventi/gran-gala-lirico-vitaliy-kovalchuk.html,Non classificato,"6, Via Fratelli Rosselli, Lodi - Corvetto, Municipio 4, Milano, Lombardia, 20139, Italia",45.4423782,9.2253198
,01-12-24,2024-12-01,"Via Marcello Dudovich, 10, Milano, MI",Parco del Ticinello,Corsa degli elfi,https://www.milanotoday.it/eventi/corsa-degli-elfi-3-edizione-correre-oltre-asd.html,Non classificato,"10, Via Marcello Dudovich, Stadera, Municipio 5, Milano, Lombardia, 20141, Italia",45.4268888,9.1824277
Spettacoli,01-12-24,2024-12-01,"Corso Venezia 2/A,20121, Milano, MI,Italia",San Babila,Beatrice Cenci,https://www.teatro.it/spettacoli/milano/san-babila/2024-2025/simone-martino-paola-ferrari-beatrice-cenci,Teatro e spettacolo,"2a, Corso Venezia, Duomo, Municipio 1, Milano, Lombardia, 20121, Italia",45.4670204,9.1981104
Spettacoli,01-12-24,2024-12-01,"via Pitteri 58,20134, Milano, MI,Italia",Martinitt,Un pianeta ci vuole. C'è nessuno?,https://www.teatro.it/spettacoli/milano/martinitt/2024-2025/ugo-dighero-daniele-ronco-un-pianeta-ci-vuole-ce-nessuno,Teatro e spettacolo,"Via Riccardo Pitteri, Lambrate, Municipio 3, Milano, Lombardia, 20134, Italia",45.4798362,9.2457864
,01-12-24,2024-12-01,"Via Giulio Cesare Procaccini, 4, Milano, MI",Fabbrica del Vapore,Red people: una strana storia di natale,https://www.milanotoday.it/eventi/red-people-una-strana-storia-di-natale-l-1-dicembre-in-fabbrica-del-vapore-museo-farfalla.html,Non classificato,"4, Via Giulio Cesare Procaccini, Bullona, Porta Volta, Municipio 8 di Milano, Milano, Lombardia, 20154, Italia",45.4839945,9.1753796
Mercatini,06-01-25,2024-12-01,"Piazza del Duomo, Milano, MI",Piazza Duomo,"Dolci, regali e la casa di Babbo Natale: torna il mercatino natalizio di Piazza Duomo",https://www.milanotoday.it/eventi/mercatini-natale-duomo-2024.html,Mercati e shopping,"Piazza del Duomo, Duomo, Municipio 1, Milano, Lombardia, Italia",45.4639102,9.1906398
Mostre,24-12-24,2024-12-01,"Strada Statale dei Giovi, 35, Milano, MI",Centro Commerciale Brianza,"""Arte e riciclo"", a Milano l'evento che rende il Natale più sostenibile",https://www.milanotoday.it/eventi/arte-e-riciclo-milano-brianza.html,Arte e cultura,"Via Strada Statale 35 dei Giovi, Battiloca, Dugnano, Paderno Dugnano, Zona Omogenea Milano Nord, Milano, Lombardia, 20037, Italia",45.5620334,9.1513296
Mercatini,01-12-24,2024-12-01,"Via Bovisasca, 57, Milano, MI",Spirit de Milan,"Wunder Mrkt, il mercatino di Natale in una ex fabbrica di Milano",https://www.milanotoday.it/eventi/wunder-mrkt-mercatino-natale-spirit-de-milan.html,Mercati e shopping,"Via Bovisasca, Bovisa, Municipio 9, Milano, Lombardia, 20158, Italia",45.5031504,9.161215
,01-12-24,2024-12-01,"Via Novegro, Milano, MI",Parco Esposizioni Novegro,il bagagliaio indoor,https://www.milanotoday.it/eventi/il-bagagliaio-indoor.html,Non classificato,"Via Novegro, Novegro, Segrate, Milano, Lombardia, 20054, Italia",45.4688231,9.2825667
,01-12-24,2024-12-01,"Piazza Castello, Milano, MI",Entrata principale Castello,I Visconti e l'enigma dei tarocchi: significati e labirinti degli arcani maggiori,https://www.milanotoday.it/eventi/visconti-e-l-enigma-dei-tarocchi-significati-e-labirinti-degli-arcani-maggiori-italia-in-tour.html,Non classificato,"Piazza Castello, Cerchia dei Navigli, Municipio 1, Milano, Lombardia, Italia",45.4704699,9.1819129
,01-12-24,2024-12-01,"Piazza Sant'Ambrogio, Milano, MI",Davanti alla Basilica di Sant'Ambrogio,"Milano buia: storia dell'inquisizione, peste e occultismo",https://www.milanotoday.it/eventi/milano-buia-storia-inquisizione-peste-e-occultismo-italia-in-tour.html,Non classificato,"Piazza Sant'Ambrogio, Cerchia dei Navigli, Municipio 1, Milano, Lombardia, 20123, Italia",45.4620403,9.1746594
Spettacoli,01-12-24,2024-12-01,"Via Andrea Maria Ampère 1,20131, Milano, MI,Italia",MTM - Leonardo,Profilo basso,https://www.teatro.it/spettacoli/milano/leonardo/2024-2025/federico-basso-profilo-basso,Teatro e spettacolo,"Teatro Leonardo da Vinci, 1, Via Andrea Maria Ampère, Città Studi, Municipio 3, Milano, Lombardia, 20131, Italia",45.4795266,9.2263901
Spettacoli,01-12-24,2024-12-01,"Via Amendola 3,20090, Segrate, MI,Italia",Toscanini - Cascina Commenda,Indagine su Alda Merini,https://www.teatro.it/spettacoli/segrate/toscanini-cascina-commenda/2024-2025/di-antonio-nobili-indagine-su-alda-merini,Teatro e spettacolo,"Via Giorgio Amendola, Milano Due, Lavanderie, Rovagnasco, Segrate, Milano, Lombardia, 20054, Italia",45.4989371,9.2832848
Concerti,01-12-24,2024-12-01,"Alzaia Naviglio Grande, Milano, MI",Alzazia Naviglio Grande,Il concerto di Natale sulle acque del Naviglio (con kayak e canoe),https://www.milanotoday.it/eventi/concerto-natale-naviglio-2024.html,Musica e vita notturna,"Alzaia Naviglio Grande, Navigli, Municipio 6, Milano, Lombardia, 20136, Italia",45.4520419,9.1756524
Spettacoli,02-12-24,2024-12-02,"Corso Buenos Aires 33,20124, Milano, MI,Italia",Elfo Puccini - sala Shakespeare,Tutto scontato,https://www.teatro.it/spettacoli/milano/elfo-puccini-sala-shakespeare/2024-2025/aurora-leone-tutto-scontato,Teatro e spettacolo,"Teatro Elfo Puccini, 33, Corso Buenos Aires, Buenos Aires - Venezia, Municipio 3, Milano, Lombardia, 20124, Italia",45.4794317,9.2098387
,02-12-24,2024-12-02,"Piazza Leonardo da Vinci, 32, Milano, MI","Politecnico di Milano, Aula Magna - Rettorato",Scenari climatici tra decarbonizzazione spinta e punti di non ritorno,https://www.milanotoday.it/eventi/scenari-climatici-tra-decarbonizzazione-spinta-e-punti-di-non-ritorno.html,Non classificato,"32, Piazza Leonardo da Vinci, Città Studi, Municipio 3, Milano, Lombardia, 20133, Italia",45.4778083,9.2272468
Spettacoli,02-12-24,2024-12-02,"via Valtellina 25,20157, Milano, MI,Italia",Alcatraz,Costellazioni,https://www.teatro.it/spettacoli/milano/alcatraz/2024-2025/vasco-brondi-costellazioni,Teatro e spettacolo,"Alcatraz, 25, Via Valtellina, Isola, Municipio 9, Milano, Lombardia, 20159, Italia",45.494744,9.1823768
Cinema,07-12-24,2024-12-02,"Via San Pietro All'Orto, 9, Milano, MI",Cineteca Milano Arlecchino,A Milano arriva il festival del noir: programma e film in concorso,https://www.milanotoday.it/eventi/festival-cinema-film-noir.html,Arte e cultura,"9, Via San Pietro all'Orto, Duomo, Municipio 1, Milano, Lombardia, 20122, Italia",45.4664611,9.1953139
Spettacoli,02-12-24,2024-12-02,"Piazza S. Magno,20025, Legnano, MI,Italia",Galleria,Tra il silenzio e il tuono Tour,https://www.teatro.it/spettacoli/legnano/galleria/2024-2025/roberto-vecchioni-tra-il-silenzio-e-il-tuono-tour,Teatro e spettacolo,"Piazza San Magno, San Magno, Oltresempione, Legnano, Milano, Lombardia, 20025, Italia",45.5948853,8.9184024
,14-12-24,2024-12-02,"Via Vitruvio, 41, Milano, MI",Istituto Gonzaga,Mostra “1914. Qualcosa di nuovo sul fronte occidentale”,https://www.milanotoday.it/eventi/mostra-1914-qualcosa-di-nuovo-sul-fronte-occidentale.html,Non classificato,"41, Via Vitruvio, Centrale, Municipio 2, Milano, Lombardia, 20124, Italia",45.4825855,9.2060898
,12-12-24,2024-12-02,"Via Fiori Chiari, 16, Milano, MI",Studio Zecchillo - ex Studio Piero Manzoni,"Sogno d'arte, mostra di Daniele Scanga a cura di Vittorio Schieroni",https://www.milanotoday.it/eventi/sogno-d-arte-mostra-di-daniele-scanga-a-cura-di-vittorio-schieroni-daniele-scanga.html,Non classificato,"16, Via Fiori Chiari, Cerchia dei Navigli, Municipio 1, Milano, Lombardia, 20121, Italia",45.4721811,9.1865163
Spettacoli,03-12-24,2024-12-03,"Via Gaudenzio Fantoli,9,20138, Milano, MI,20138, Milano, MI,Italia",Fabrique,Club Tour,https://www.teatro.it/spettacoli/milano/fabrique/2024-2025/olly-club-tour-2024,Teatro e spettacolo,"20138, Italy",45.4643,9.1895
Spettacoli,03-12-24,2024-12-03,"Via Giordano Rota 1,20145, Milano, MI,Italia",Nazionale Italiana Assicurazioni,Esperienze D.M.,https://www.teatro.it/spettacoli/milano/nazionale/2024-2025/simone-paciello-riccardo-dose-daniel-daddetta-esperienze-dm,Teatro e spettacolo,"20145, Italy",45.4643,9.1895
,07-12-24,2024-12-03,"Viale Andrea Doria, 20, Milano, MI",Erratum,A constructed world. The development of a voice,https://www.milanotoday.it/eventi/a-constructed-world-the-development-of-a-voice-a-constructed-world.html,Non classificato,"20, Viale Andrea Doria, Buenos Aires - Venezia, Municipio 3, Milano, Lombardia, 20124, Italia",45.4853749,9.2113969
,15-12-24,2024-12-03,"Alzaia Naviglio Pavese, 16, Milano, MI",Alzaia (Ex Fornace),venus in furs – libere perfino di sparire,https://www.milanotoday.it/eventi/venus-in-furs-libere-perfino-di-sparire.html,Non classificato,"16, Alzaia Naviglio Pavese, Navigli, Municipio 6, Milano, Lombardia, 20143, Italia",45.4500421,9.1774094
Spettacoli,04-12-24,2024-12-04,"Via Pietrasanta 14,20124, Milano, MI,Italia",Magazzini Generali,Flash Club Tour 2024,https://www.teatro.it/spettacoli/milano/magazzini-generali/2024-2025/ditonellapiaga-flash-club-tour-2024,Teatro e spettacolo,"14, Via Pietrasanta, Ex Om - Morivione, Municipio 5, Milano, Lombardia, 20141, Italia",45.4438506,9.1964489
Spettacoli,04-12-24,2024-12-04,"via Valtellina 25,20157, Milano, MI,Italia",Alcatraz,Festa tour 2024,https://www.teatro.it/spettacoli/milano/alcatraz/2024-2025/fast-animals-and-slow-kids-festa-tour-2024,Teatro e spettacolo,"Alcatraz, 25, Via Valtellina, Isola, Municipio 9, Milano, Lombardia, 20159, Italia",45.494744,9.1823768
,28-12-24,2024-12-04,"Via Lazzaro Spallanzani, 40, Milano, MI",Starhotels Ritz,La magia delle feste a Milano con Starhotels,https://www.milanotoday.it/eventi/la-magia-delle-feste-a-milano-con-starhotels.html,Non classificato,"Starhotels Ritz, 40, Via Lazzaro Spallanzani, Buenos Aires - Venezia, Municipio 3, Milano, Lombardia, 20129, Italia",45.4779514,9.209435
Concerti,04-12-24,2024-12-04,"Via Valtellina, Milano, MI",Alcatraz Milano,"I Fask in concerto a Milano (dopo la ""festa"" all'Ostello bello)",https://www.milanotoday.it/eventi/concerto-fask-milano-biglietti.html,Musica e vita notturna,"Via Valtellina, Farini, Municipio 9, Milano, Lombardia, 20159, Italia",45.4907327,9.1812435
Spettacoli,04-12-24,2024-12-04,"Via Boltraffio 21,20159, Milano, MI,Italia",Fontana,Ti sfascio una canzone,https://www.teatro.it/spettacoli/milano/fontana/2024-2025/oblivion-ti-sfascio-una-canzone,Teatro e spettacolo,"21, Via Gian Antonio Boltraffio, Isola, Municipio 9, Milano, Lombardia, 20159, Italia",45.4921952,9.1878419
Spettacoli,04-12-24,2024-12-04,"Piazza Enzo Jannacci 1,20017, Rho, MI,Italia",Civico - Roberto de Silva,Non Hanno Un Amico,https://www.teatro.it/spettacoli/rho/teatro-civico-roberto-de-silva/2024-2025/luca-bizzarri-non-hanno-un-amico,Teatro e spettacolo,"Piazza Enzo Jannacci, San Pietro, Lucernate, Rho, Milano, Lombardia, 20017, Italia",45.5279748,9.0458872
Mostre,12-01-25,2024-12-04,"Piazza della Scala, 2, Milano, MI",Palazzo Marino - Sala Alessi,La grande mostra di Natale (gratis) a Palazzo Marino,https://www.milanotoday.it/eventi/mostra-dipinto-natale-2024-palazzo-marino.html,Arte e cultura,"2, Piazza della Scala, Duomo, Brera, Milano, Lombardia, 20121, Italia",45.4666807,9.1902798
,11-01-25,2024-12-05,"Via Pietro Maroncelli, 7, Milano, MI",Manuel Zoia Gallery,Horizons,https://www.milanotoday.it/eventi/horizons-artisti-vari.html,Non classificato,"7, Via Pietro Maroncelli, GARIBALDI REPUBBLICA, Municipio 9, Milano, Lombardia, 20154, Italia",45.4827431,9.1833795
Spettacoli,05-12-24,2024-12-05,"Via G. di Vittorio 6,20090, Assago, MI,Italia",Unipol Forum,I miei meravigliosi anni 80 - Estate 2025,https://www.teatro.it/spettacoli/assago/unipol-forum-ex-mediolanum-forum/2024-2025/nino-dangelo-i-miei-meravigliosi-anni-80e-non-solo,Teatro e spettacolo,"20090, Italy",45.407,9.1083
Teatri,08-12-24,2024-12-05,"Via Gian Antonio Boltraffio, 21, Milano, MI",Teatro Fontana Milano,Lo spettacolo di circo: acrobazie e magia in uno show unico,https://www.milanotoday.it/eventi/spettacolo-circo-2024-teatro-fontana.html,Teatro e spettacolo,"21, Via Gian Antonio Boltraffio, Isola, Municipio 9, Milano, Lombardia, 20159, Italia",45.4921952,9.1878419
,08-12-24,2024-12-05,"Cavalcavia Eugenio Bussa, Milano, MI",Cavalcavia Bussa,Fiera degli Alter Bej,https://www.milanotoday.it/eventi/fiera-degli-alter-bej.html,Non classificato,"Cavalcavia Eugenio Bussa, Isola, Municipio 9, Milano, Lombardia, 20100, Italia",45.4856469,9.1879164
Mercatini,08-12-24,2024-12-05,"Piazza Castello, Milano, MI",Castello Sforzesco,Gli Oh Bej! Oh Bej! tornano a Milano (con tantissime idee regalo),https://www.milanotoday.it/eventi/fiera-oh-bej-oh-bej-2024.html,Mercati e shopping,"Piazza Castello, Cerchia dei Navigli, Municipio 1, Milano, Lombardia, Italia",45.4704699,9.1819129
Mercatini,22-12-24,2024-12-05,"Via Carlo Botta, 18, Milano, MI",Bagni Misteriosi,Il Natale ai Bagni Misteriosi tra presepi animati e mercatini,https://www.milanotoday.it/eventi/mercatini-natale-2024-bagni-misteriosi.html,Mercati e shopping,"18, Via Carlo Botta, Porta Romana, Municipio 4, Milano, Lombardia, 20135, Italia",45.4537805,9.2050141
,12-01-25,2024-12-06,"Via Pier Paolo Pasolini, 3, Milano, MI",Cascina Merlata Spazio Vivo,natale in cascina: un calendario di emozioni,https://www.milanotoday.it/eventi/natale-in-cascina-un-calendario-di-emozioni.html,Non classificato,"Cascina Merlata SPAZIO VIVO, 3, Via Pier Paolo Pasolini, Maggiore - Musocco, Cascina Merlata, Municipio 8 di Milano, Milano, Lombardia, 20151, Italia",45.5066453,9.1031746
,08-12-24,2024-12-06,"Via Giulio Cesare Procaccini, 4, Milano, MI",Fabbrica del Vapore,Il festival della danza e delle arti in arrivo a Milano,https://www.milanotoday.it/eventi/nao-performing-festival-2024-festa-danza.html,Non classificato,"4, Via Giulio Cesare Procaccini, Bullona, Porta Volta, Municipio 8 di Milano, Milano, Lombardia, 20154, Italia",45.4839945,9.1753796
Spettacoli,06-12-24,2024-12-06,"p.zza IV Novembre 3,20025, Legnano, MI,Italia",Talisio Tirinnanzi,Una piccola Odissea,https://www.teatro.it/spettacoli/legnano/talisio-tirinnanzi/2024-2025/andrea-pennacchi-una-piccola-odissea,Teatro e spettacolo,"Scuola Secondaria di Primo Grado Giovanni Ungaretti, 3, Piazza Quattro Novembre, San Giorgio su Legnano, Milano, Lombardia, 20034, Italia",45.5765251,8.9157963
,08-12-24,2024-12-06,"Via Nino Bixio, Milano, MI",Contrada San Domenico,La sagra dei pizzoccheri (all you can eat) alle porte di Milano,https://www.milanotoday.it/eventi/sagra-pizzoccheri-all-you-can-eat-2024.html,Non classificato,"Via Nino Bixio, Buenos Aires - Venezia, Municipio 3, Milano, Lombardia, 20219, Italia",45.4723694,9.2106374
Spettacoli,06-12-24,2024-12-06,"Piazza Cesare Beccaria 8,20122, Milano, MI,Italia",Gerolamo,Ma che razza di Otello?,https://www.teatro.it/spettacoli/milano/gerolamo/2024-2025/marina-massironi-ma-che-razza-di-otello,Teatro e spettacolo,"Teatro Gerolamo, 8, Piazza Cesare Beccaria, Duomo, Municipio 1, Milano, Lombardia, 20122, Italia",45.464175,9.1945551
,08-12-24,2024-12-07,"Via Marco D'Oggiono, Milano, MI",Teatro LabArca,Cambiare la realtà: workshop breve con Matteo Gatta,https://www.milanotoday.it/eventi/cambiare-la-realta-workshop-breve-con-matteo-gatta-matteo-gatta.html,Non classificato,"Via Marco d'Oggiono, Ticinese, Municipio 1, Milano, Lombardia, 20123, Italia",45.4569667,9.1758861
Spettacoli,07-12-24,2024-12-07,"Via Alessandro Manzoni 42,20121, Milano, MI,Italia",Manzoni,La Bella Addormentata,https://www.teatro.it/spettacoli/milano/manzoni/2024-2025/la-casa-delle-storie-la-bella-addormentata,Teatro e spettacolo,"Teatro Manzoni, 42, Via Alessandro Manzoni, Cerchia dei Navigli, Municipio 1, Milano, Lombardia, 20121, Italia",45.4710286,9.1944762
,08-12-24,2024-12-07,"Via Torino, 64, Milano, MI",Art Mall,sant’ambrogio exclusive: aperitivo e dj in galleria d’arte in duomo,https://www.milanotoday.it/eventi/sant-ambrogio-exclusive-aperitivo-e-dj-in-galleria-d-arte-in-duomo-.html,Non classificato,"Natura, 64, Via Torino, Cerchia dei Navigli, Municipio 1, Milano, Lombardia, 20123, Italia",45.4607911,9.1827157
Disco&Feste,07-12-24,2024-12-07,"Via Torino, 64, Milano, MI",Art Mall Milano,La festa di S. Ambrogio nella galleria d'arte a due passi dal Duomo,https://www.milanotoday.it/eventi/festa-galleria-arte-art-mall-s-ambrogio-2024.html,Musica e vita notturna,"Natura, 64, Via Torino, Cerchia dei Navigli, Municipio 1, Milano, Lombardia, 20123, Italia",45.4607911,9.1827157
Spettacoli,07-12-24,2024-12-07,"Via G. di Vittorio 6,20090, Assago, MI,Italia",Unipol Forum,NASKA,https://www.teatro.it/spettacoli/assago/mediolanum-forum/2024-2025/naska,Teatro e spettacolo,"20090, Italy",45.407,9.1083
Disco&Feste,07-12-24,2024-12-07,"Via Gaudenzio Fantoli, 9, Milano, MI",Fabrique,Il grande ritorno degli Eiffel 65 a Milano (e dove acquistare i biglietti),https://www.milanotoday.it/eventi/festa-eiffel-65-fabrique-biglietti.html,Musica e vita notturna,"Fabrique, 9, Via Gaudenzio Fantoli, Mecenate, Municipio 4, Milano, Lombardia, 20138, Italia",45.4521243,9.2522773
,14-12-24,2024-12-07,"Via Demetrio Stratos, Milano, MI",Parco City Life,"Christmas lab: gli addobbi natalizi come da tradizione, utilizzando i materiali della natura",https://www.milanotoday.it/eventi/christmas-lab-gli-addobbi-natalizi-come-da-tradizione-utilizzando-i-materiali-della-natura.html,Non classificato,"Via Demetrio Stratos, Tre Torri, Municipio 8 di Milano, Milano, Lombardia, 20149, Italia",45.478678,9.1524136
Disco&Feste,07-12-24,2024-12-07,"Via Carlo Boncompagni, 51/10, Milano, MI",Dopo?,"Buka Aperiafter?, la festa dal pomeriggio alla notte con musica no stop",https://www.milanotoday.it/eventi/festa-aperiafter-musica-no-stop.html,Musica e vita notturna,"Via Carlo Boncompagni, Lodi - Corvetto, Municipio 4, Milano, Lombardia, 20139, Italia",45.4413354,9.2251826
,07-12-24,2024-12-07,"Via Cicco Simonetta, 14/A, Milano, MI",Germi - Luogo di Contaminazione,Paolo Tarsi live da Germi,https://www.milanotoday.it/eventi/paolo-tarsi-live-da-germi-paolo-tarsi.html,Non classificato,"14a, Via Cicco Simonetta, Ticinese, Municipio 1, Milano, Lombardia, 20123, Italia",45.4563299,9.1755968
,05-01-25,2024-12-07,"Via Gottlieb Wilhelm Daimler, 61, Milano, MI","Merlata Bloom  (Lato ovest, primo piano, vicino a Guess)","The colony, la mostra di Natale",https://www.milanotoday.it/eventi/the-colony-la-mostra-di-natale-dadomani-studio.html,Non classificato,"Hiromi Cake, 61, Via Gottlieb Wilhelm Daimler, Maggiore - Musocco, Cascina Merlata, Municipio 8 di Milano, Milano, Lombardia, 20151, Italia",45.5133233,9.0998997
,07-12-24,2024-12-07,"Piazza Sant'Ambrogio, 15, Milano, MI",La basilica di Sant'Ambrogio,"Caccia al tesoro ""Milano: spirito ambrosiano""",https://www.milanotoday.it/eventi/caccia-al-tesoro-milano-spirito-ambrosiano-x-city-tours.html,Non classificato,"Museo della Basilica di Sant'Ambrogio, 15, Piazza Sant'Ambrogio, Cerchia dei Navigli, Municipio 1, Milano, Lombardia, 20123, Italia",45.4623364,9.1763635
Spettacoli,08-12-24,2024-12-08,"Via Larga 14,20122, Milano, MI,Italia",Lirico Giorgio Gaber,Samusà,https://www.teatro.it/spettacoli/milano/lirico-giorgio-gaber/2024-2025/virginia-raffaele-samusa,Teatro e spettacolo,"Teatro Lirico Giorgio Gaber, 14, Via Larga, Cerchia dei Navigli, Municipio 1, Milano, Lombardia, 20122, Italia",45.4615135,9.1918702
Spettacoli,08-12-24,2024-12-08,"Corso di Porta Romana 63,20122, Milano, MI,Italia",Carcano,El nost Milan: terza parte,https://www.teatro.it/spettacoli/milano/carcano/2024-2025/regia-serena-sinigaglia-el-nost-milan-terza-parte,Teatro e spettacolo,"Teatro Carcano, 63, Corso di Porta Romana, Crocetta, Municipio 1, Milano, Lombardia, 20121, Italia",45.4566842,9.1955297
Spettacoli,08-12-24,2024-12-08,"Corso Venezia 2/A,20121, Milano, MI,Italia",San Babila,Camicette bianche,https://www.teatro.it/spettacoli/milano/san-babila/2024-2025/camicette-bianche,Teatro e spettacolo,"2a, Corso Venezia, Duomo, Municipio 1, Milano, Lombardia, 20121, Italia",45.4670204,9.1981104
Spettacoli,08-12-24,2024-12-08,"Via Alessandro Manzoni 42,20121, Milano, MI,Italia",Manzoni,Natale in casa Cupiello,https://www.teatro.it/spettacoli/milano/manzoni/2024-2025/vincenzo-salemme-natale-in-casa-cupiello,Teatro e spettacolo,"Teatro Manzoni, 42, Via Alessandro Manzoni, Cerchia dei Navigli, Municipio 1, Milano, Lombardia, 20121, Italia",45.4710286,9.1944762
,08-12-24,2024-12-08,"Piazzale Cimitero Monumentale, Milano, MI",Davanti ingresso cimitero,Il Monumentale di Milano: una città silenziosa,https://www.milanotoday.it/eventi/il-monumentale-milano-una-citta-silenziosa-italia-in-tour.html,Non classificato,"Piazzale Cimitero Monumentale, Sarpi, Porta Volta, Municipio 8 di Milano, Milano, Lombardia, 20154, Italia",45.4857409,9.1815302
Spettacoli,08-12-24,2024-12-08,"Viale dell'Innovazione 20,20126, Milano, MI,Italia",Arcimboldi,Lo Schiaccianoci,https://www.teatro.it/spettacoli/milano/arcimboldi/2024-2025/accademia-ucraina-di-balletto-lo-schiaccianoci,Teatro e spettacolo,"20, Viale dell'Innovazione, Bicocca, Municipio 9, Milano, Lombardia, 20125, Italia",45.5148696,9.2135963
Spettacoli,08-12-24,2024-12-08,"via Pier Lombardo,14,20135, Milano, MI,Italia",Franco Parenti - Sala Grande,La valigia,https://www.teatro.it/spettacoli/milano/franco-parenti-sala-grande/2024-2025/la-valigia,Teatro e spettacolo,"Via Pier Lombardo, Porta Romana, Municipio 4, Milano, Lombardia, 20135, Italia",45.4542958,9.2063109
,08-12-24,2024-12-08,"Piazzale Cimitero Monumentale, Milano, MI",Davanti ingresso cimitero,Simbologia e misteri al cimitero Monumentale,https://www.milanotoday.it/eventi/simbologia-e-misteri-al-cimitero-monumentale-di-milano-italia-in-tour.html,Non classificato,"Piazzale Cimitero Monumentale, Sarpi, Porta Volta, Municipio 8 di Milano, Milano, Lombardia, 20154, Italia",45.4857409,9.1815302
Concerti,10-12-24,2024-12-09,"Via Giuseppe di Vittorio, 6, Milano, MI",Unipol Forum di Assago,Il concerto di Alessandra Amoroso a Milano (e dove acquistare i biglietti),https://www.milanotoday.it/eventi/concerto-aelssandra-amoroso-forum-assago-2024.html,Musica e vita notturna,"6, Via Giuseppe Di Vittorio, Foramagno, Mezzate, Peschiera Borromeo, Milano, Lombardia, 20068, Italia",45.4355184,9.2889768
,09-12-24,2024-12-09,"Via Arcivescovo Calabiana, 6, Milano, MI",Talent Garden Calabiana,Una scuola che diventa casa: serata benefica per supportare il progetto di amani education in tanzania,https://www.milanotoday.it/eventi/una-scuola-che-diventa-casa-serata-benefica-per-supportare-il-progetto-di-amani-education-in-tanzanial.html,Non classificato,"6, Via Arcivescovo Calabiana, Scalo Romana, Municipio 5, Milano, Lombardia, 20139, Italia",45.4441351,9.208477
Spettacoli,09-12-24,2024-12-09,"Via Alessandro Manzoni 42,20121, Milano, MI,Italia",Manzoni,Cantami d'amore,https://www.teatro.it/spettacoli/milano/manzoni/2024-2025/edoardo-prati-cantami-damore,Teatro e spettacolo,"Teatro Manzoni, 42, Via Alessandro Manzoni, Cerchia dei Navigli, Municipio 1, Milano, Lombardia, 20121, Italia",45.4710286,9.1944762
Spettacoli,09-12-24,2024-12-09,"Via Giordano Rota 1,20145, Milano, MI,Italia",Nazionale Italiana Assicurazioni,Nuovo Spettacolo,https://www.teatro.it/spettacoli/milano/nazionale/2024-2025/fabio-concato,Teatro e spettacolo,"20145, Italy",45.4643,9.1895
Incontri,09-12-24,2024-12-09,"Via Privata Hermada, 8, Milano, MI",Teatro della Cooperativa,Jurgen Sparwasser a Milano per presentare la sua biografia,https://www.milanotoday.it/eventi/sparwasser-eroe-tradi-libro-9-dicembre-2024-milano.html,Formazione e networking,"8, Via privata Hermada, Niguarda - Cà Granda, Municipio 9, Milano, Lombardia, 20162, Italia",45.5147872,9.1901457
Spettacoli,10-12-24,2024-12-10,"Via Giordano Rota 1,20145, Milano, MI,Italia",Nazionale Italiana Assicurazioni,Cinque giorni da 30 anni,https://www.teatro.it/spettacoli/milano/nazionale/2024-2025/michele-zarrillo-cinque-giorni-da-30-anni,Teatro e spettacolo,"20145, Italy",45.4643,9.1895
,13-12-24,2024-12-10,"Piazza del Duomo, Milano, MI",Duomo di Milano,"Duomo di Milano, un viaggio nel tempo dai sotterranei alle guglie delle terrazze",https://www.milanotoday.it/eventi/duomo-di-milano-un-viaggio-nel-tempo-dai-sotterranei-alle-guglie-delle-terrazze-angela-guida-turistica-abilitata.html,Non classificato,"Piazza del Duomo, Duomo, Municipio 1, Milano, Lombardia, Italia",45.4639102,9.1906398
Incontri,10-12-24,2024-12-10,"Via Trieste, 44, Milano, MI",Biblioteca,"Presentazione del libro ""Le ragazze irresistibili"" sulle donne dello sport italiano",https://www.milanotoday.it/eventi/donne-sport-italiano-libro.html,Formazione e networking,"44, Via Trieste, Cascina Mostino, Settala, Milano, Lombardia, 20049, Italia",45.4543562,9.3919188
Spettacoli,10-12-24,2024-12-10,"Via G. di Vittorio 6,20090, Assago, MI,Italia",Unipol Forum,Fino a Qui - Summer Tour 2025,https://www.teatro.it/spettacoli/assago/mediolanum-forum/2024-2025/alessandra-amoroso-fino-a-qui-in-tour-2024,Teatro e spettacolo,"20090, Italy",45.407,9.1083
Spettacoli,10-12-24,2024-12-10,"Viale dell'Innovazione 20,20126, Milano, MI,Italia",Arcimboldi,Soweto Gospel Choir,https://www.teatro.it/spettacoli/milano/arcimboldi/2024-2025/soweto-gospel-choir,Teatro e spettacolo,"20, Viale dell'Innovazione, Bicocca, Municipio 9, Milano, Lombardia, 20125, Italia",45.5148696,9.2135963
Spettacoli,10-12-24,2024-12-10,"Corso Venezia 2/A,20121, Milano, MI,Italia",San Babila,West end Musical Tuesdays,https://www.teatro.it/spettacoli/milano/san-babila/2024-2025/west-end-musical-tuesdays,Teatro e spettacolo,"2a, Corso Venezia, Duomo, Municipio 1, Milano, Lombardia, 20121, Italia",45.4670204,9.1981104
Spettacoli,10-12-24,2024-12-10,"Via Gaudenzio Fantoli,9,20138, Milano, MI,20138, Milano, MI,Italia",Fabrique,Club Tour 2024,https://www.teatro.it/spettacoli/milano/fabrique/2024-2025/santi-francesi-club-tour-2024,Teatro e spettacolo,"20138, Italy",45.4643,9.1895
,10-12-24,2024-12-10,"Viale Monte Nero, 15, Milano, MI",Libreria Monti in Città,"Anna Lina Molteni presenta il suo romanzo ""Il walser dell'imperatore""",https://www.milanotoday.it/eventi/anna-lina-molteni-presenta-il-suo-romanzo-il-walser-dell-imperatore-anna-lina-molteni.html,Non classificato,"15, Viale Monte Nero, Porta Romana, Municipio 1, Milano, Lombardia, 20135, Italia",45.4547765,9.2038581
,30-01-25,2024-12-11,"Via Evangelista Torricelli, 21, Milano, MI",Corals,"Inaugurazione mostra ""Echi del sè. Impulsi vitali in argilla e pittura""",https://www.milanotoday.it/eventi/inaugurazione-mostra-echi-del-se-impulsi-vitali-in-argilla-e-pittura-kenza-calvillo-marie-vetro.html,Non classificato,"21, Via Evangelista Torricelli, Ravello, Parabiago, Milano, Lombardia, 20015, Italia",45.5574246,8.9394696
Spettacoli,11-12-24,2024-12-11,"v. Cavallari 4,20013, Magenta, MI,Italia",Lirico,Trappola per topi,https://www.teatro.it/spettacoli/magenta/lirico/2024-2025/ettore-bassi-trappola-per-topi,Teatro e spettacolo,"Via Brenno Cavallari, Magenta, Milano, Lombardia, 20013, Italia",45.4683141,8.8834486
,11-12-24,2024-12-11,"Corso Garibaldi, 27, Milano, MI",CAM Garibaldi,statalesi al governo e oltre 30 anni di disastri,https://www.milanotoday.it/eventi/statalesi-al-governo-e-oltre-30-anni-di-disastri-liberisti-italiani.html,Non classificato,"27, Corso Giuseppe Garibaldi, Brera, Municipio 1, Milano, Lombardia, 20121, Italia",45.4730231,9.18362
Spettacoli,11-12-24,2024-12-11,"Via G. di Vittorio 6,20090, Assago, MI,Italia",Unipol Forum,GIGI PALASPORT,https://www.teatro.it/spettacoli/assago/mediolanum-forum/2024-2025/gigi-dalessio-gigi-palasport,Teatro e spettacolo,"20090, Italy",45.407,9.1083
,11-12-24,2024-12-11,"Via Andrea Maria Ampère, 61A, Milano, MI",a|cube,Silicon Drinkabout Milano,https://www.milanotoday.it/eventi/silicon-drinkabout-milano.html,Non classificato,"Via Andrea Maria Ampère, Città Studi, Municipio 3, Milano, Lombardia, 20131, Italia",45.4815526,9.2266627
,11-12-24,2024-12-11,"Via Lodovico Necchi, 9, Milano, MI",Università Cattolica,Roberto Piumini legge le sue storie di Natale,https://www.milanotoday.it/eventi/roberto-piumini-legge-le-sue-storie-di-natale-roberto-piumini.html,Non classificato,"9, Via Lodovico Necchi, Cerchia dei Navigli, Municipio 1, Milano, Lombardia, 20123, Italia",45.4623204,9.1780391
Spettacoli,11-12-24,2024-12-11,"Viale dell'Innovazione 20,20126, Milano, MI,Italia",Arcimboldi,Crooning - The italian Tour,https://www.teatro.it/spettacoli/milano/arcimboldi/2024-2025/mario-biondi-crooning-the-italian-tour,Teatro e spettacolo,"20, Viale dell'Innovazione, Bicocca, Municipio 9, Milano, Lombardia, 20125, Italia",45.5148696,9.2135963
,11-12-24,2024-12-11,"Via Alessandro Volta, 22, Milano, MI",Camera del Non Lavoro (T. 3273799606),the key + the soil and the sea,https://www.milanotoday.it/eventi/the-key-the-soil-and-the-sea-daniele-rugo.html,Non classificato,"22, Via Alessandro Volta, Brera, Municipio 1, Milano, Lombardia, 20121, Italia",45.4818922,9.1820968
,12-12-24,2024-12-12,"Via Giuseppe Ripamonti, 110, Milano, MI",LITOSTUDIO,Vidicon 1980 - 1981 Cesare Gualdoni - Dj Pandini,https://www.milanotoday.it/eventi/vidicon-1980-1981-cesare-gualdoni-dj-pandini-cesare-gualdoni.html,Non classificato,"110, Via Giuseppe Ripamonti, Scalo Romana, Municipio 5, Milano, Lombardia, 20141, Italia",45.4396129,9.1998166
,01-03-25,2024-12-12,"Viale dell'Innovazione, 3, Milano, MI",BiM - Dove Bicocca incontra Milano,"""showroom"" di piotr niepsuj @bim",https://www.milanotoday.it/eventi/showroom-di-piotr-niepsuj-bim-piotr-niepsuj.html,Non classificato,"3, Viale dell'Innovazione, Bicocca, Municipio 9, Milano, Lombardia, 20126, Italia",45.512096,9.2113367
Spettacoli,12-12-24,2024-12-12,"Via Sant'Antonio,5,20122, Milano, MI,Italia",Casa Cardinale Schuster,I grandi successi di Bridgerton,https://www.teatro.it/spettacoli/milano/casa-cardinale-ildefonso-schuster/2024-2025/candlelight-i-grandi-successi-di-bridgerton,Teatro e spettacolo,"5, Via Sant'Antonio, Duomo, Municipio 1, Milano, Lombardia, 20122, Italia",45.4614519,9.1934697
Spettacoli,12-12-24,2024-12-12,"Viale dell'Innovazione 20,20126, Milano, MI,Italia",Arcimboldi,Scene da un matrimonio,https://www.teatro.it/spettacoli/milano/arcimboldi/2024-2025/massimo-recalcati-scene-da-un-matrimonio,Teatro e spettacolo,"20, Viale dell'Innovazione, Bicocca, Municipio 9, Milano, Lombardia, 20125, Italia",45.5148696,9.2135963
,14-02-25,2024-12-12,"Via Nerino, 3, Milano, MI",MAAB Gallery,Bob and Roberta Smith. Art is between us,https://www.milanotoday.it/eventi/bob-and-roberta-smith-art-is-between-us-bob-and-roberta-smith.html,Non classificato,"3, Via Nerino, Cerchia dei Navigli, Municipio 1, Milano, Lombardia, 20123, Italia",45.4617617,9.1841465
Spettacoli,12-12-24,2024-12-12,"v. Mons. Pogliani 7/a,ang. via Grandi,20090, Cesano Boscone, MI,Italia",Cristallo,La strana coppia,https://www.teatro.it/spettacoli/cesano-boscone/cristallo/2024-2025/la-strana-coppia,Teatro e spettacolo,"20090, Italy",45.407,9.1083
,20-12-24,2024-12-12,"Via Camillo Finocchiaro Aprile, 9a, Milano, MI",SEQUOIA MILANO,Serata karaoke al Sequoia,https://www.milanotoday.it/eventi/serata-karaoke-al-sequoia-milano.html,Non classificato,"9a, Via Camillo Finocchiaro Aprile, Centrale, Municipio 2, Milano, Lombardia, 20124, Italia",45.4784198,9.200376
,12-12-24,2024-12-12,"Via Giovanni Pacini, 20, Milano, MI",Fondazione Asilo Mariuccia,"fondazione asilo mariuccia, l'albero di natale si accende a milano!",https://www.milanotoday.it/eventi/fondazione-asilo-mariuccia-l-albero-di-natale-si-accende-a-milano.html,Non classificato,"20, Via Giovanni Pacini, Città Studi, Municipio 3, Milano, Lombardia, 20131, Italia",45.4816986,9.2281042
,12-12-24,2024-12-12,"Via Fratelli Zoia, 89, Milano, MI",Spazio Teatro 89,La memoria dei giorni. Diari a confronto,https://www.milanotoday.it/eventi/la-performance-la-memoria-dei-giorni-diari-a-confronto-di-lisa-capaccioli-debutta-allo-spazio-teatro-89-lisa-capaccioli-eleni-koukourikou.html,Non classificato,"Via Fratelli Zoia, Quarto Cagnino, Municipio 7, Milano, Lombardia, 20153, Italia",45.4751914,9.108401
,14-03-25,2024-12-12,"Viale dell'Innovazione, 3, Milano, MI",BiM - Dove Bicocca incontra Milano,"""showroom"" di piotr niepsuj",https://www.milanotoday.it/eventi/showroom-di-piotr-niepsuj-piotr-niepsuj.html,Non classificato,"3, Viale dell'Innovazione, Bicocca, Municipio 9, Milano, Lombardia, 20126, Italia",45.512096,9.2113367
Mercatini,12-12-24,2024-12-12,"Viale dell'Innovazione, 3, Milano, MI",BiM - Dove Bicocca incontra Milano,christmas market @bim - dove bicocca incontra milano,https://www.milanotoday.it/eventi/fiere/christmas-market-bim-dove-bicocca-incontra-milano-11987540.html,Mercati e shopping,"3, Viale dell'Innovazione, Bicocca, Municipio 9, Milano, Lombardia, 20126, Italia",45.512096,9.2113367
Teatri,12-12-24,2024-12-12,"Via Conservatorio, 12, Milano, MI",Conservatorio Verdi di Milano,Neri Marcorè canta De Andrè per l'Opera San Francesco,https://www.milanotoday.it/eventi/spettacolo-neri-marcore-canta-de-andre-conservatorio-milano.html,Teatro e spettacolo,"Via Conservatorio, Guastalla, Municipio 1, Milano, Lombardia, 20122, Italia",45.4658084,9.2027724
Mercatini,15-12-24,2024-12-12,"Via Varesina, 204, Milano, MI",Milano Certosa District,Il mercatino di Natale a Milano Certosa District,https://www.milanotoday.it/eventi/mercatino-natale-certosa-district-2024.html,Mercati e shopping,"204, Via Varesina, Villapizzone, Garegnano, Municipio 8 di Milano, Milano, Lombardia, 20156, Italia",45.5052068,9.1369356
,15-12-24,2024-12-12,"Via Rodolfo Carabelli, 3, Milano, MI",Temporary Gallery,Arts & arch,https://www.milanotoday.it/eventi/arts-arch-corrado-scarsi.html,Non classificato,"Via Rodolfo Carabelli, Umbria - Molise, Municipio 4, Milano, Lombardia, 20139, Italia",45.450357,9.221725
,14-12-24,2024-12-13,"Via Tullo Massarani, 6, Milano, MI",LIME,Grande festa di Natale,https://www.milanotoday.it/eventi/grande-festa-di-natale-13-dic-2024.html,Non classificato,"Ligh Lime, 6, Via Tullo Massarani, Lodi - Corvetto, Municipio 4, Milano, Lombardia, 20139, Italia",45.4444545,9.2161877
Spettacoli,13-12-24,2024-12-13,"Via G. di Vittorio 6,20090, Assago, MI,Italia",Unipol Forum,Notte prima degli esami,https://www.teatro.it/spettacoli/assago/mediolanum-forum/2024-2025/antonello-venditti-notte-prima-degli-esami-1984-2024-40th-anniversary,Teatro e spettacolo,"20090, Italy",45.407,9.1083
Teatri,13-12-24,2024-12-13,"Via Brera, Milano, MI",Pinacoteca di Brera,Il Varietà a Brera con gli studenti della Cattolica,https://www.milanotoday.it/eventi/teatro-varieta-pinacoteca-brera-13-dicembre-2024.html,Teatro e spettacolo,"Via Brera, Cerchia dei Navigli, Municipio 1, Milano, Lombardia, 20121, Italia",45.4695763,9.1880746
Spettacoli,13-12-24,2024-12-13,"Piazza S. Magno,20025, Legnano, MI,Italia",Galleria,Personaggi,https://www.teatro.it/spettacoli/legnano/galleria/2024-2025/antonio-albanese-personaggi,Teatro e spettacolo,"Piazza San Magno, San Magno, Oltresempione, Legnano, Milano, Lombardia, 20025, Italia",45.5948853,8.9184024
,13-12-24,2024-12-13,"Via Sansovino, 9, Milano, MI","Municipio 3, Milano",Gorgo cpr di Lorenzo Figoni e Luca Rondi,https://www.milanotoday.it/eventi/presentazione-del-saggio-gorgo-cpr-di-lorenzo-figoni-e-luca-rondi-al-municipio-3-milano.html,Non classificato,"9, Via Sansovino, Buenos Aires - Venezia, Municipio 3, Milano, Lombardia, 20133, Italia",45.4792243,9.2185282
,26-01-25,2024-12-13,"Via San Vittore, Milano, MI",Museo Nazionale Scienza e Tecnologia,"""La verità in tracce"", la mostra sulla polizia scientifica",https://www.milanotoday.it/eventi/mostra-polizia-scientifica-2024.html,Non classificato,"Via San Vittore, Magenta - San Vittore, Municipio 1, Milano, Lombardia, 20144, Italia",45.4644719,9.1666084
Spettacoli,13-12-24,2024-12-13,"v. Matteotti 30,20064, Gorgonzola, MI,Italia",Sala Argentia,Trappola per topi,https://www.teatro.it/spettacoli/gorgonzola/sala-argentia/2024-2025/ettore-bassi-trappola-per-topi,Teatro e spettacolo,"Sala Argentia, 30, Via Giacomo Matteotti, Gorgonzola, Milano, Lombardia, 20064, Italia",45.5327792,9.4032916
,29-12-24,2024-12-13,"Corso Garibaldi, 19, Milano, MI",Centro culturale Bagutta Arte,"wanted, miky degni",https://www.milanotoday.it/eventi/wanted-miky-degni-miky-degni.html,Non classificato,"Corso Giuseppe Garibaldi, Brera, Municipio 1, Milano, Lombardia, 20121, Italia",45.4730864,9.1837221
,13-12-24,2024-12-13,"Via Giuseppe Candiani, 131, Milano, MI",La Scighera,"D'amore e d'onore: Cinzia Brogliato, Riccardo Dell’Orfano e Laura Laterza",https://www.milanotoday.it/eventi/d-amore-e-d-onore-cinzia-brogliato-riccardo-dell-orfano-e-laura-laterza-riccardo-dell-orfano.html,Non classificato,"Civico 131, 131, Via Giuseppe Candiani, Bovisa, Municipio 9, Milano, Lombardia, 20158, Italia",45.5028773,9.1615665
Spettacoli,13-12-24,2024-12-13,"Via Tortona,27,20144, Milano, MI,Italia",Superstudio Più,Tributo ai Queen,https://www.teatro.it/spettacoli/milano/superstudio-piu/2024-2025/candlelight-tributo-ai-queen,Teatro e spettacolo,"Mandarina duck, 27, Via Tortona, Tortona, Municipio 6, Milano, Lombardia, 20144, Italia",45.4506784,9.1634775
,14-12-24,2024-12-13,"Via Valtellina, 21, Milano, MI",Gate Milano,Sli anni '80 tornano a Milano: una serata imperdibile al Gate con dj Ringo,https://www.milanotoday.it/eventi/gli-anni-80-tornano-a-milano-una-serata-imperdibile-al-gate-con-dj-ringo-e-un-sax-show-da-sogno-dj-ringo-e-dj-marco-rigamonti.html,Non classificato,"Gate, 21, Via Valtellina, Isola, Municipio 9, Milano, Lombardia, 20159, Italia",45.4943778,9.1819083
,16-12-24,2024-12-13,"Via Luigi Granelli, Milano, MI",Carroponte,"Vinicio capossela dal 13 al 16.12 in concerto nello ""chapiteau delle meraviglie"" a milano con l'album sciusten feste n.1965",https://www.milanotoday.it/eventi/vinicio-capossela-dal-13-al-16-12-in-concerto-nello-chapiteau-delle-meraviglie-a-milano-con-l-album-sciusten-feste-n-1965-vinicio-capossela.html,Non classificato,"Via Luigi Granelli, Isola del Bosco, Torretta, Sesto San Giovanni, Zona Omogenea Milano Nord, Milano, Lombardia, 20099, Italia",45.5296158,9.2252397
Mostre,09-03-25,2024-12-13,"Via Giulio Cesare Procaccini, 4, Milano, MI",Fabbrica del Vapore,Labirinti e creature straordinarie nella prima mostra di Tim Burton in Italia,https://www.milanotoday.it/eventi/mostra-tim-burton-fabbrica-del-vapore.html,Arte e cultura,"4, Via Giulio Cesare Procaccini, Bullona, Porta Volta, Municipio 8 di Milano, Milano, Lombardia, 20154, Italia",45.4839945,9.1753796
,14-12-24,2024-12-13,"Viale dell'Innovazione, Milano, MI",Teatro degli Arcimboldi,"A Milano uno speciale Harry Potter, con le musiche suonate da un'orchestra durante il film",https://www.milanotoday.it/eventi/concerto-harry-potter-film.html,Non classificato,"Viale dell'Innovazione, Bicocca, Municipio 9, Milano, Lombardia, 20126, Italia",45.51168,9.2112427
Mostre,09-03-25,2024-12-13,"Via Giulio Cesare Procaccini, 4, Milano, MI",Fabbrica del Vapore,Un labirinto gigante nella prima mostra di Tim Burton in Italia,https://www.milanotoday.it/eventi/mostra-tim-burton-fabbrica-del-vapore-2024.html,Arte e cultura,"4, Via Giulio Cesare Procaccini, Bullona, Porta Volta, Municipio 8 di Milano, Milano, Lombardia, 20154, Italia",45.4839945,9.1753796
,09-03-25,2024-12-13,"Via Giulio Cesare Procaccini, Milano, MI",Fabbrica del Vapore,"Alice nel Paese delle meraviglie, la Fabbrica di cioccolato e gli altri: a Milano la mega mostra su Tim Burton (con 'pezzi' di set)",https://www.milanotoday.it/eventi/mostra-tim-burton-biglietti.html,Non classificato,"Via Giulio Cesare Procaccini, Bullona, Porta Volta, Municipio 8 di Milano, Milano, Lombardia, 20154, Italia",45.4839792,9.1756444
Manifestazioni,15-12-24,2024-12-13,"Piazza Luigi Petazzi, Milano, MI",Sesto San Giovanni,Il campionato mondiale di sculture di ghiaccio con artisti provenienti da tutto il mondo,https://www.milanotoday.it/eventi/campionato-mondiale-sculture-ghiaccio-2024.html,Altri eventi,"Piazza Luigi Petazzi, Rondò, Cassina de' Gatti, Sesto San Giovanni, Zona Omogenea Milano Nord, Milano, Lombardia, 20099, Italia",45.5361366,9.2386211
,13-12-24,2024-12-13,"Via Giulio Cesare Procaccini, 4, Milano, MI",Spazio Fattoria c/o Fabbrica del Vapore,"Debutto in prima nazionale dello spettacolo ""Come non luogo non sono male""",https://www.milanotoday.it/eventi/debutto-in-prima-nazionale-dello-spettacolo-come-non-luogo-non-sono-male-fattoria-vittadini.html,Non classificato,"4, Via Giulio Cesare Procaccini, Bullona, Porta Volta, Municipio 8 di Milano, Milano, Lombardia, 20154, Italia",45.4839945,9.1753796
,14-12-24,2024-12-14,"Via delle Ore, 3, Milano, MI",Fondazione Ambrosianeum,Gran galà lirico natalizio,https://www.milanotoday.it/eventi/gran-gala-lirico-natalizio-vitaliy-kovalchuk.html,Non classificato,"Ambrosianeum, 3, Via delle Ore, Duomo, Municipio 1, Milano, Lombardia, 20122, Italia",45.4628936,9.1925597
,15-12-24,2024-12-14,"Via Moncalieri, 5, Milano, MI",La Casa di Alex,La reggae night 90 vs 00,https://www.milanotoday.it/eventi/la-reggae-night-90-vs-00.html,Non classificato,"Via Moncalieri, Niguarda - Cà Granda, Municipio 9, Milano, Lombardia, 20162, Italia",45.5096992,9.1975463
,14-12-24,2024-12-14,"Piazza del Carmine, 2, Milano, MI",Davanti alla chiesa del Carmine,Intrighi al Castello Sforzesco: i Visconti e gli Sforza tra lussi sfrenati e vita quotidiana,https://www.milanotoday.it/eventi/intrighi-castello-sforzesco-visconti-e-gli-sforza-tra-lussi-sfrenati-e-vita-quotidiana-italia-in-tour.html,Non classificato,"2, Piazza del Carmine, Brera, Milano, Lombardia, 20121, Italia",45.4705766,9.1854554
Spettacoli,14-12-24,2024-12-14,"Viale dell'Innovazione 20,20126, Milano, MI,Italia",Arcimboldi,Harry Potter e il Principe Mezzosangue In Concerto,https://www.teatro.it/spettacoli/milano/arcimboldi/2024-2025/harry-potter-e-il-principe-mezzosangue-in-concerto,Teatro e spettacolo,"20, Viale dell'Innovazione, Bicocca, Municipio 9, Milano, Lombardia, 20125, Italia",45.5148696,9.2135963
,15-12-24,2024-12-14,"Via Gaetano Negri, Milano, MI",Mib Milano,Christmas party in Piazza Affari,https://www.milanotoday.it/eventi/christmas-party-in-piazza-affari-co-il-mib-live-show-party.html,Non classificato,"Via Gaetano Negri, Cerchia dei Navigli, Municipio 1, Milano, Lombardia, 20123, Italia",45.4651662,9.184366
Incontri,14-12-24,2024-12-14,"Piazzale dello Sport, 6, Milano, MI",Ippodromo,Sabato 14 dicembre il Natale colora l'ippodromo di San Siro,https://www.milanotoday.it/eventi/ippodromo-14-dicembre.html,Formazione e networking,"Piazzale dello Sport, San Siro, Municipio 7, Milano, Lombardia, 20148, Italia",45.4789681,9.130166
Concerti,14-12-24,2024-12-14,"Via Sant'Antonio, 5, Milano, MI",Casa Cardinale Ildefonso Schuster,Magica atmosfera natalizia nel cuore di Milano con 'Christmas Jazz 2024',https://www.milanotoday.it/eventi/christmas-jazz-2024.html,Musica e vita notturna,"5, Via Sant'Antonio, Duomo, Municipio 1, Milano, Lombardia, 20122, Italia",45.4614519,9.1934697
Mercatini,15-12-24,2024-12-14,"Via Antonio Pollaiuolo, 3, Milano, MI",Spazio Frida,"Frida Market 2024, l'edizione natalizia a caccia di idee regalo",https://www.milanotoday.it/eventi/frida-market-2024-mercatino-isola.html,Mercati e shopping,"Frida, 3, Via Antonio Pollaiuolo, Isola, Municipio 9, Milano, Lombardia, 20159, Italia",45.4887512,9.187111
,14-12-24,2024-12-14,"Piazza dei Mercanti, Milano, MI",Presso il pozzo,"Milano oscura: tra antiche carceri, il palazzo del diavolo e inquietudini",https://www.milanotoday.it/eventi/milano-oscura-antiche-carceri-il-palazzo-del-diavolo-e-inquietudini-italia-in-tour.html,Non classificato,"Piazza dei Mercanti, Duomo, Municipio 1, Milano, Lombardia, 20121, Italia",45.4646599,9.1876261
,14-12-24,2024-12-14,"Via Adriatico, 2, Milano, MI",Altreconomia,Mercatino di Natale di Altreconomia,https://www.milanotoday.it/eventi/mercatino-di-natale-di-altreconomia.html,Non classificato,"Via Adriatico, Niguarda - Cà Granda, Municipio 9, Milano, Lombardia, 20162, Italia",45.5192998,9.197238
Teatri,14-12-24,2024-12-14,"Via Giacomo Zanella, 43/1, Milano, MI",La Tana degli Artisti,"Lo spettacolo ""Maperò - Xmas Edition"" che mette a nudo le fragilità (anche a Natale)",https://www.milanotoday.it/eventi/teatro/spettacolo-mapero-tana-degli-artisti-biglietti.html,Teatro e spettacolo,"Via Giacomo Zanella, Corsica, Municipio 4, Milano, Lombardia, 20059, Italia",45.4642246,9.2313596
Disco&Feste,14-12-24,2024-12-14,"Via Gaetano Negri, 10, Milano, MI",Mib Milano,Uno speciale Christmas Party nel cuore di Milano,https://www.milanotoday.it/eventi/christmas-party-2024-piazza-affari.html,Musica e vita notturna,"BPER Banca, 10, Via Gaetano Negri, Cerchia dei Navigli, Municipio 1, Milano, Lombardia, 20123, Italia",45.4651327,9.1836481
,21-12-24,2024-12-14,"Via Filippo Turati, 34, Milano, MI",Museo della Permanente,Incontri con i grandi fotografi alla mostra 60° Wildlife photographer of the year,https://www.milanotoday.it/eventi/incontri-con-i-grandi-fotografi-alla-mostra-60-wildlife-photographer-of-the-year-museo-della-permanente-milano-vari.html,Non classificato,"Museo della Permanente, 34, Via Filippo Turati, Brera, Municipio 1, Milano, Lombardia, 20121, Italia",45.4765941,9.1955129
,15-12-24,2024-12-14,"Via Serviliano Lattuada, 14, Milano, MI",YellowSquare Milan,Natalento: il mercatino di natale più weirdo che ci sia,https://www.milanotoday.it/eventi/natalento-il-mercatino-di-natale-piu-weirdo-che-ci-sia.html,Non classificato,"Via Serviliano Lattuada, Porta Romana, Municipio 4, Milano, Lombardia, 20135, Italia",45.4537195,9.2035356
,14-12-24,2024-12-14,"Via Volturno, 32, Milano, MI",Slowmill,Paradossi e incongruenze: spettacolo teatral-musicale gratuito,https://www.milanotoday.it/eventi/paradossi-e-incongruenze-spettacolo-teatral-musicale-gratuito-valerio-aprea.html,Non classificato,"32, Via Volturno, Santi Martiri, Oltrestazione, Legnano, Milano, Lombardia, 20025, Italia",45.5974532,8.9083157
Disco&Feste,14-12-24,2024-12-14,"Via Pietrasanta, 16, Milano, MI",Magazzini Generali,I sapori della Campania protagonisti di una festa a Milano,https://www.milanotoday.it/eventi/festa-campania-magazzini-generali.html,Musica e vita notturna,"16, Via Pietrasanta, Ex Om - Morivione, Municipio 5, Milano, Lombardia, 20141, Italia",45.4440954,9.1951652
Spettacoli,15-12-24,2024-12-15,"Via Hermada,8,20162, Milano, MI,Italia",della Cooperativa,La felicità di Emma,https://www.teatro.it/spettacoli/milano/della-cooperativa/2024-2025/la-felicita-di-emma,Teatro e spettacolo,"8, Via privata Hermada, Niguarda - Cà Granda, Municipio 9, Milano, Lombardia, 20162, Italia",45.5147872,9.1901457
Mercatini,15-12-24,2024-12-15,"Via Mecenate, 88/a, Milano, MI",East Market,"East Market, a Milano torna il mercatino più atteso del vintage",https://www.milanotoday.it/eventi/east-market-mercatino-vintage-2024.html,Mercati e shopping,"Via Mecenate, Mecenate, Municipio 4, Milano, Lombardia, 20059, Italia",45.4529888,9.2481173
,15-12-24,2024-12-15,"Piazza Riccardo Wagner, 2, Milano, MI",Chiesa San Pietro in Sala,100 natali in san Pietro in sala,https://www.milanotoday.it/eventi/100-natali-in-san-pietro-in-sala-direttore-luca-ricevuti-organista-emanuele-vianelli-soprano-lavinia-antico-contralto-valentina-zanoni.html,Non classificato,"Piazza Riccardo Wagner, Pagano, Municipio 7, Milano, Lombardia, 20145, Italia",45.4681615,9.1561888
,15-12-24,2024-12-15,"Via Francesco de Lemene, 3, Milano, MI",Centro Pavesi,"Diego lenzi esordisce da professionista nella boxe al ""Road to taf""",https://www.milanotoday.it/eventi/boxe-diego-lenzi-esordisce-da-professionista-al-road-to-taf-the-art-of-fighting.html,Non classificato,"Via Francesco De Lemene, Cagnola, QT8, Municipio 8 di Milano, Milano, Lombardia, 20156, Italia",45.4936981,9.1381949
,15-12-24,2024-12-15,"Corso Garibaldi, 27, Milano, MI",Cam Garibaldi,xxv edizione della stagione musicale invito all’ascolto,https://www.milanotoday.it/eventi/xxv-edizione-della-stagione-musicale-invito-all-ascolto-dominika-zamara.html,Non classificato,"27, Corso Giuseppe Garibaldi, Brera, Municipio 1, Milano, Lombardia, 20121, Italia",45.4730231,9.18362
Spettacoli,15-12-24,2024-12-15,"via Pitteri 58,20134, Milano, MI,Italia",Martinitt,"Grisù, Giuseppe e Maria",https://www.teatro.it/spettacoli/milano/martinitt/2024-2025/grisu-giuseppe-e-maria-francesco-procopio-giancarlo-ratti,Teatro e spettacolo,"Via Riccardo Pitteri, Lambrate, Municipio 3, Milano, Lombardia, 20134, Italia",45.4798362,9.2457864
Cibo e Vino,15-12-24,2024-12-15,"Via Giovanni Battista Torti, 2, Milano, MI",Le Biciclette,Raccolta di regali per i bambini dell'Istituto dei tumori,https://www.milanotoday.it/eventi/regali-istituto-tumori-2024.html,Enogastronomia,"Via Giovanni Battista Torti, Ticinese, Municipio 1, Milano, Lombardia, 20123, Italia",45.4579655,9.1771672
Spettacoli,15-12-24,2024-12-15,"Via Sant'Antonio,5,20122, Milano, MI,Italia",Casa Cardinale Schuster,Colonne sonore dei film di Natale,https://www.teatro.it/spettacoli/milano/casa-cardinale-ildefonso-schuster/2024-2025/candlelight-colonne-sonore-del-natale,Teatro e spettacolo,"5, Via Sant'Antonio, Duomo, Municipio 1, Milano, Lombardia, 20122, Italia",45.4614519,9.1934697
Disco&Feste,15-12-24,2024-12-15,"Via Torino, 64, Milano, MI",Art Mall Milano,Moda e musica si uniscono in una location segreta di Milano,https://www.milanotoday.it/eventi/festa-musica-art-mall-galleria-arte.html,Musica e vita notturna,"Natura, 64, Via Torino, Cerchia dei Navigli, Municipio 1, Milano, Lombardia, 20123, Italia",45.4607911,9.1827157
Spettacoli,15-12-24,2024-12-15,"Viale dell'Innovazione 20,20126, Milano, MI,Italia",Arcimboldi,Beth Hart,https://www.teatro.it/spettacoli/milano/arcimboldi/2024-2025/beth-hart,Teatro e spettacolo,"20, Viale dell'Innovazione, Bicocca, Municipio 9, Milano, Lombardia, 20125, Italia",45.5148696,9.2135963
Manifestazioni,15-12-24,2024-12-15,"Via Gaetano de Castillia, 28, Milano, MI",BAM Biblioteca degli Alberi,"Musica, mercatini e cioccolata calda: la festa d'inverno alla Bilioteca degli Alberi",https://www.milanotoday.it/eventi/festa-inverno-bilioteca-alberi-natale-2024.html,Altri eventi,"28, Via Gaetano De Castillia, Isola, Municipio 9, Milano, Lombardia, 20124, Italia",45.4857844,9.192789
Spettacoli,15-12-24,2024-12-15,"Via Tortona,27,20144, Milano, MI,Italia",Superstudio Più,Colonne sonore dei film di Natale,https://www.teatro.it/spettacoli/milano/superstudio-piu/2024-2025/candlelight-colonne-sonore-del-natale,Teatro e spettacolo,"Mandarina duck, 27, Via Tortona, Tortona, Municipio 6, Milano, Lombardia, 20144, Italia",45.4506784,9.1634775
,15-12-24,2024-12-15,"Via Volturno, 32, Milano, MI",Slowmill,Enigma: spettacolo teatrale gratuito,https://www.milanotoday.it/eventi/enigma-spettacolo-teatrale-gratuito-emiljano-palali.html,Non classificato,"32, Via Volturno, Santi Martiri, Oltrestazione, Legnano, Milano, Lombardia, 20025, Italia",45.5974532,8.9083157
Spettacoli,15-12-24,2024-12-15,"Via Lattanzio 58/A,20137, Milano, MI,Italia",deSidera Teatro Oscar,Le Volpi,https://www.teatro.it/spettacoli/milano/desidera-teatro-oscar/2024-2025/regia-di-luca-ricci-le-volpi,Teatro e spettacolo,"Teatro Oscar DeSidera, 58/A, Via Lattanzio, Umbria - Molise, Municipio 4, Milano, Lombardia, 20137, Italia",45.4523298,9.2167181
Spettacoli,15-12-24,2024-12-15,"via Filodrammatici,1,20121, Milano, MI,Italia",Filodrammatici,La lettera,https://www.teatro.it/spettacoli/milano/filodrammatici/2024-2025/paolo-nani-la-lettera,Teatro e spettacolo,"Teatro dei Filodrammatici, 1, Via Filodrammatici, Brera, Municipio 1, Milano, Lombardia, 20121, Italia",45.467261,9.188435
,15-12-24,2024-12-15,"Via Marco D'Oggiono, Milano, MI",Teatro LabArca,Sound movie: Enrico Intra piano solo,https://www.milanotoday.it/eventi/sound-movie-enrico-intra-piano-solo-enrico-intra.html,Non classificato,"Via Marco d'Oggiono, Ticinese, Municipio 1, Milano, Lombardia, 20123, Italia",45.4569667,9.1758861
Spettacoli,16-12-24,2024-12-16,"via Granelli 1,20099, Sesto San Giovanni, MI,Italia",Carroponte,Conciati per le feste,https://www.teatro.it/spettacoli/sesto-san-giovanni/carroponte/2024-2025/vinicio-capossela-conciati-per-le-feste,Teatro e spettacolo,"Carroponte, 1, Via Luigi Granelli, Rondò, Torretta, Sesto San Giovanni, Zona Omogenea Milano Nord, Milano, Lombardia, 20099, Italia",45.529574,9.2209217
Spettacoli,16-12-24,2024-12-16,"Piazza S. Magno,20025, Legnano, MI,Italia",Galleria,Il nuovo spettacolo di Natale 2024,https://www.teatro.it/spettacoli/legnano/galleria/2024-2025/ale-e-franz-il-nuovo-spettacolo-di-natale-2024,Teatro e spettacolo,"Piazza San Magno, San Magno, Oltresempione, Legnano, Milano, Lombardia, 20025, Italia",45.5948853,8.9184024
Spettacoli,16-12-24,2024-12-16,"Via Giordano Rota 1,20145, Milano, MI,Italia",Nazionale Italiana Assicurazioni,Spirit of Gospel Night,https://www.teatro.it/spettacoli/milano/nazionale/2024-2025/florida-inspirational-singers-concerto-gospel,Teatro e spettacolo,"20145, Italy",45.4643,9.1895
,16-12-24,2024-12-16,"Via Volturno, 32, Milano, MI",Slowmill,Co.fa.ri Novantaminutiebbasta volume 3,https://www.milanotoday.it/eventi/co-fa-ri-novantaminutiebbasta-volume-3-cofari.html,Non classificato,"32, Via Volturno, Santi Martiri, Oltrestazione, Legnano, Milano, Lombardia, 20025, Italia",45.5974532,8.9083157
Spettacoli,16-12-24,2024-12-16,"via Selvanesco 75,20142, Milano, MI,Italia",Pim Off,Rette parallele sono l’amore e la morte,https://www.teatro.it/spettacoli/milano/pim-off/2024-2025/oscar-de-summa-rette-parallele-sono-lamore-e-la-morte,Teatro e spettacolo,"75, Via Selvanesco, Gratosoglio - Ticinello, Municipio 5, Milano, Lombardia, 20142, Italia",45.4149579,9.1773287
Spettacoli,17-12-24,2024-12-17,"Via G. di Vittorio 6,20090, Assago, MI,Italia",Unipol Forum,Gianna Nannini,https://www.teatro.it/spettacoli/assago/mediolanum-forum/2024-2025/gianna-nannini-sei-nellanima-tour-european-leg,Teatro e spettacolo,"20090, Italy",45.407,9.1083
,17-12-24,2024-12-17,"Viale Affori, 21, Milano, MI",Villa Litta di Afforie,Gran galà lirico natalizio,https://www.milanotoday.it/eventi/gran-gala-lirico-natalizio-antonio-mazzei.html,Non classificato,"Biblioteca Comunale Affori, 21, Viale Affori, Affori, Municipio 9, Milano, Lombardia, 20161, Italia",45.5166084,9.1673769
Inaugurazioni,17-12-24,2024-12-17,"Piazza degli Affari, 6, Milano, MI",Palazzo Mezzanotte,SIOS24 Winter: INTELLIGENZE Fatte in Italia,https://www.milanotoday.it/eventi/startup-sios24-17-dicembre.html,Inaugurazioni,"6, Piazza degli Affari, Cerchia dei Navigli, Municipio 1, Milano, Lombardia, 20123, Italia",45.4650319,9.1832284
Spettacoli,17-12-24,2024-12-17,"Viale dell'Innovazione 20,20126, Milano, MI,Italia",Arcimboldi,Jack Savoretti - Tour 2024,https://www.teatro.it/spettacoli/milano/arcimboldi/2024-2025/jack-savoretti-jack-savoretti-tour-2024,Teatro e spettacolo,"20, Viale dell'Innovazione, Bicocca, Municipio 9, Milano, Lombardia, 20125, Italia",45.5148696,9.2135963
Mostre,06-01-25,2024-12-17,"Via Valtellina, 5, Milano, MI",Scalo Farini,"Spirit of Japan, un viaggio immersivo nel Giappone onirico",https://www.milanotoday.it/eventi/spirit-of-japan-mostra.html,Arte e cultura,"5, Via Valtellina, Farini, Municipio 9, Milano, Lombardia, 20159, Italia",45.4909324,9.1810555
Spettacoli,18-12-24,2024-12-18,"Via San Giovanni sul muro 2,20121, Milano, MI,Italia",Dal Verme,Ludovico Einaudi - concerto,https://www.teatro.it/spettacoli/milano/dal-verme/2024-2025/ludovico-einaudi-concerto,Teatro e spettacolo,"2, Via San Giovanni sul Muro, Cerchia dei Navigli, Municipio 1, Milano, Lombardia, 20121, Italia",45.4671162,9.1814924
Spettacoli,18-12-24,2024-12-18,"Viale dell'Innovazione 20,20126, Milano, MI,Italia",Arcimboldi,Tra sogni e desideri,https://www.teatro.it/spettacoli/milano/arcimboldi/2024-2025/diana-del-bufalo-i-sogni-son-desideri,Teatro e spettacolo,"20, Viale dell'Innovazione, Bicocca, Municipio 9, Milano, Lombardia, 20125, Italia",45.5148696,9.2135963
Spettacoli,18-12-24,2024-12-18,"p.zza IV Novembre 3,20025, Legnano, MI,Italia",Talisio Tirinnanzi,Oliva Denaro,https://www.teatro.it/spettacoli/legnano/talisio-tirinnanzi/2024-2025/ambra-angiolini-oliva-denaro,Teatro e spettacolo,"Scuola Secondaria di Primo Grado Giovanni Ungaretti, 3, Piazza Quattro Novembre, San Giorgio su Legnano, Milano, Lombardia, 20034, Italia",45.5765251,8.9157963
Spettacoli,18-12-24,2024-12-18,"Via Bergognone,34,20144, Milano, MI,Italia",Base,Lo Stagno Canta - Musica & Letture,https://www.teatro.it/spettacoli/milano/base/2024-2025/gianmaria-lo-stagno-canta-musica-letture,Teatro e spettacolo,"Wikimedia Italia, 34, Via Bergognone Da Fossano, Tortona, Municipio 6, Milano, Lombardia, 20144, Italia",45.4518657,9.1625146
Spettacoli,18-12-24,2024-12-18,"Via Varese,29,20024, Garbagnate Milanese, MI,Italia",Italia,NatAle & Franz Show,https://www.teatro.it/spettacoli/garbagnate-milanese/italia/2024-2025/natale-franz-show,Teatro e spettacolo,"Via Varese, Quadrifoglio, Santa Maria Rossa, Garbagnate Milanese, Milano, Lombardia, 20024, Italia",45.5758278,9.0778952
Spettacoli,19-12-24,2024-12-19,"Via G. di Vittorio 6,20090, Assago, MI,Italia",Unipol Forum,Francesco Gabbani - Tour 2025,https://www.teatro.it/spettacoli/assago/mediolanum-forum/2024-2025/francesco-gabbani-2024,Teatro e spettacolo,"20090, Italy",45.407,9.1083
Spettacoli,19-12-24,2024-12-19,"v. Matteotti 30,20064, Gorgonzola, MI,Italia",Sala Argentia,La sera dei Miracoli - Omaggio a Lucio Dalla,https://www.teatro.it/spettacoli/gorgonzola/sala-argentia/2024-2025/la-sera-dei-miracoli-omaggio-a-lucio-dalla,Teatro e spettacolo,"Sala Argentia, 30, Via Giacomo Matteotti, Gorgonzola, Milano, Lombardia, 20064, Italia",45.5327792,9.4032916
Spettacoli,19-12-24,2024-12-19,"Piazza S. Magno,20025, Legnano, MI,Italia",Galleria,The Voices of Victory – Concerto Gospel,https://www.teatro.it/spettacoli/legnano/galleria/2024-2025/the-sound-of-victory-the-voices-of-victory-concerto-gospel,Teatro e spettacolo,"Piazza San Magno, San Magno, Oltresempione, Legnano, Milano, Lombardia, 20025, Italia",45.5945288,8.9180098
Cinema,19-12-24,2024-12-19,"Via Larga, Milano, MI",Teatro Lirico “Giorgio Gaber”,"Pozzetto day a Milano: maratona di film al Teatro Lirico, ingresso gratis",https://www.milanotoday.it/eventi/film-pozzetto-teatro-lirico.html,Arte e cultura,"Via Larga, Duomo, Municipio 1, Milano, Lombardia, 20122, Italia",45.4627223,9.1942162
,19-12-24,2024-12-19,"Via Brera, 28, Milano, MI",Pinacoteca di Brera - Sala Aldo Bassetti,fondazione antonietta viganone. l'arte di antonietta viganone nella milano di brera,https://www.milanotoday.it/eventi/fondazione-antonietta-viganone-l-arte-di-antonietta-viganone-nella-milano-di-brera-antonietta-viganone.html,Non classificato,"Pinacoteca di Brera, 28, Via Brera, Cerchia dei Navigli, Municipio 1, Milano, Lombardia, 20121, Italia",45.4722421,9.1884071
,21-12-24,2024-12-19,"Via Benedetto Marcello, 46, Milano, MI",Galleria Manifiesto Blanco,Tarocchi d'artista: le acqueforti di Mercedes Cuman,https://www.milanotoday.it/eventi/tarocchi-d-artista-le-acqueforti-di-mercedes-cuman-manifiesto-blanco-mercedes-cuman.html,Non classificato,"46, Via Benedetto Marcello, Buenos Aires - Venezia, Municipio 3, Milano, Lombardia, 20124, Italia",45.4829617,9.2105962
Cinema,19-12-24,2024-12-19,"Via Larga, Milano, MI",Teatro Lirico “Giorgio Gaber”,"""Pozzetto day"" a Milano: i suoi film gratis a teatro, come prenotare i biglietti",https://www.milanotoday.it/eventi/film-pozzetto-lirico-biglietti.html,Arte e cultura,"Via Larga, Duomo, Municipio 1, Milano, Lombardia, 20122, Italia",45.4627223,9.1942162
,21-12-24,2024-12-20,"Piazzale Stazione Genova, 4, Milano, MI",Bobino Club Milano,eleganza e ritmo: lift al bobino club per un venerdì indimenticabile,https://www.milanotoday.it/eventi/eleganza-e-ritmo-lift-al-bobino-club-per-un-venerdi-.html,Non classificato,"Bobino, 4, Piazzale Stazione Genova, Navigli, Municipio 6, Milano, Lombardia, 20144, Italia",45.4536005,9.1698498
,20-12-24,2024-12-20,"Via Sant'Antonio, 5, Milano, MI",Casa Cardinal Ildefonso Schuster,Concerto di Natale a Casa Schuster,https://www.milanotoday.it/eventi/concerto-di-natale-a-casa-schuster-elvin-dhimitri-quartetto-d-archi-e-pianoforte-con-soprano-e-tenore.html,Non classificato,"5, Via Sant'Antonio, Duomo, Municipio 1, Milano, Lombardia, 20122, Italia",45.4614519,9.1934697
Spettacoli,20-12-24,2024-12-20,"p.zza IV Novembre 3,20025, Legnano, MI,Italia",Talisio Tirinnanzi,L'illusionista,https://www.teatro.it/spettacoli/legnano/talisio-tirinnanzi/2024-2025/luca-bono-lillusionista,Teatro e spettacolo,"Scuola Secondaria di Primo Grado Giovanni Ungaretti, 3, Piazza Quattro Novembre, San Giorgio su Legnano, Milano, Lombardia, 20034, Italia",45.5765251,8.9157963
Spettacoli,20-12-24,2024-12-20,"Piazza S. Magno,20025, Legnano, MI,Italia",Galleria,Il Lago dei Cigni,https://www.teatro.it/spettacoli/legnano/galleria/2024-2025/balletto-nazionale-dellopera-rumena-di-iasi-il-lago-dei-cigni,Teatro e spettacolo,"Piazza San Magno, San Magno, Oltresempione, Legnano, Milano, Lombardia, 20025, Italia",45.5945288,8.9180098
Spettacoli,20-12-24,2024-12-20,"Via San Giovanni sul muro 2,20121, Milano, MI,Italia",Dal Verme,NOMADI - Live Tour,https://www.teatro.it/spettacoli/milano/dal-verme/2024-2025/nomadi-sessanta-live-tour,Teatro e spettacolo,"2, Via San Giovanni sul Muro, Cerchia dei Navigli, Municipio 1, Milano, Lombardia, 20121, Italia",45.4671162,9.1814924
,20-12-24,2024-12-20,"Via Giuseppe Ripamonti, 110, Milano, MI",Litostudio,le città invisibili - open studio and art exhibition,https://www.milanotoday.it/eventi/le-citta-invisibili-open-studio-and-art-exhibition.html,Non classificato,"110, Via Giuseppe Ripamonti, Scalo Romana, Municipio 5, Milano, Lombardia, 20141, Italia",45.4396129,9.1998166
,20-12-24,2024-12-20,"Via Volturno, 32, Milano, MI",Slowmill,"Dialoghi con Giobbe, la prima pietra: spettacolo teatrale",https://www.milanotoday.it/eventi/dialoghi-con-giobbe-la-prima-pietra-spettacolo-teatrale-la-prima-pietra.html,Non classificato,"32, Via Volturno, Santi Martiri, Oltrestazione, Legnano, Milano, Lombardia, 20025, Italia",45.5974532,8.9083157
,21-12-24,2024-12-21,"Via Volturno, 32, Milano, MI",Slowmill,Isola suonifera: concerto di natale,https://www.milanotoday.it/eventi/isola-suonifera-concerto-di-natale-kal-dos-santos.html,Non classificato,"32, Via Volturno, Santi Martiri, Oltrestazione, Legnano, Milano, Lombardia, 20025, Italia",45.5974532,8.9083157
Spettacoli,21-12-24,2024-12-21,"Largo Antonio Greppi,20121, Milano, MI,Italia",Piccolo Teatro - Teatro Strehler,Cenerentola,https://www.teatro.it/spettacoli/milano/piccolo-teatro-teatro-strehler/2024-2025/accademia-di-ballo-del-teatro-alla-scala-cenerentola,Teatro e spettacolo,"Largo Antonio Greppi, Cerchia dei Navigli, Municipio 1, Milano, Lombardia, 20121, Italia",45.471727,9.1826196
,22-12-24,2024-12-21,"Via Pietrasanta, 16, Milano, MI",magazzini generali,Bob Sinclar djset ai Magazzini Generali,https://www.milanotoday.it/eventi/bob-sinclar-djset-ai-magazzini-generali-bob-sinclar.html,Non classificato,"16, Via Pietrasanta, Ex Om - Morivione, Municipio 5, Milano, Lombardia, 20141, Italia",45.4440954,9.1951652
Spettacoli,21-12-24,2024-12-21,"Via Hoepli 3b,20121, Milano, MI,Italia",Auditorium San Fedele,Tributo a Gianna Nannini,https://www.teatro.it/spettacoli/milano/auditorium-san-fedele/2024-2025/candlelight-tributo-a-gianna-nannini,Teatro e spettacolo,"Via Ulrico Hoepli, Duomo, Municipio 1, Milano, Lombardia, 20122, Italia",45.4665215,9.1926359
,21-12-24,2024-12-21,"Via Conservatorio, 12, Milano, MI",Conservatorio di Milano,"Paolo Fresu, Daniele Di Bonaventura e Leila Shirvani: jazzy xmas",https://www.milanotoday.it/eventi/paolo-fresu-daniele-di-bonaventura-e-leila-shirvani-jazzy-xmas-paolo-fresu-daniele-di-bonaventura-leila-shirvani.html,Non classificato,"Via Conservatorio, Guastalla, Municipio 1, Milano, Lombardia, 20122, Italia",45.4658084,9.2027724
,21-12-24,2024-12-21,"Via Palazzo Reale, Milano, MI",Palazzo Reale di Milano,Visita guidata alla mostra “Picasso lo straniero” a Milano,https://www.milanotoday.it/eventi/sabato-21-dicembre-visita-guidata-alla-mostra-picasso-lo-straniero-a-milano.html,Non classificato,"Via Palazzo Reale, Duomo, Municipio 1, Milano, Lombardia, 20122, Italia",45.4623721,9.1925622
Concerti,22-12-24,2024-12-22,"Via Fezzan, 11, Milano, MI",Ecoteatro,La Notte dei Gospel all'Ecoteatro di Milano,https://www.milanotoday.it/eventi/notte-gospel-2024.html,Musica e vita notturna,"EcoTeatro, 11, Via Fezzan, Bande Nere, Municipio 6, Milano, Lombardia, 20146, Italia",45.4592109,9.1459527
,22-12-24,2024-12-22,"Milano, MI, Italia",Museo Bagatti Valsecchi,Una vetrata per Natale: visita al museo Bagatti Valsecchi per famiglie,https://www.milanotoday.it/eventi/domenica-22-dicembre-una-vetrata-per-natale-visita-al-museo-bagatti-valsecchi-per-famiglie.html,Non classificato,"Milano, Lombardia, Italia",45.4641943,9.1896346
Spettacoli,22-12-24,2024-12-22,"Via Alessandro Manzoni 42,20121, Milano, MI,Italia",Manzoni,Magnifica presenza,https://www.teatro.it/spettacoli/milano/manzoni/2024-2025/regia-ferzan-ozpetek-magnifica-presenza,Teatro e spettacolo,"Teatro Manzoni, 42, Via Alessandro Manzoni, Cerchia dei Navigli, Municipio 1, Milano, Lombardia, 20121, Italia",45.4710286,9.1944762
,22-12-24,2024-12-22,"Piazza Sant' Angelo, 2, Milano, MI",Chiesa di Santa Maria degli Angeli (o Sant'Angelo),Concerto di Natale in Sant'Angelo,https://www.milanotoday.it/eventi/concerto-di-natale-in-sant-angelo-coro-polifonico-jubilate-deo.html,Non classificato,"Biblioteca Francescana, 2, Piazza Sant'Angelo, Brera, Milano, Lombardia, 20121, Italia",45.475415,9.1930383
Spettacoli,22-12-24,2024-12-22,"Viale dell'Innovazione 20,20126, Milano, MI,Italia",Arcimboldi,MARE FUORI - IL MUSICAL,https://www.teatro.it/spettacoli/milano/arcimboldi/2024-2025/regia-alessandro-siani-mare-fuori-musical,Teatro e spettacolo,"20, Viale dell'Innovazione, Bicocca, Municipio 9, Milano, Lombardia, 20125, Italia",45.5148696,9.2135963
,23-12-24,2024-12-22,"Via Lattanzio, 58, Milano, MI",Teatro Oscar Desidera di Milano,"Lo schiaccianoci, spettacolo per bambini",https://www.milanotoday.it/eventi/lo-schiaccianoci-spettacolo-per-bambini-dai-quattro-anni.html,Non classificato,"Teatro Oscar DeSidera, 58/A, Via Lattanzio, Umbria - Molise, Municipio 4, Milano, Lombardia, 20137, Italia",45.4523298,9.2167181
Spettacoli,22-12-24,2024-12-22,"via Granelli 1,20099, Sesto San Giovanni, MI,Italia",Carroponte,La Magia del Natale,https://www.teatro.it/spettacoli/sesto-san-giovanni/carroponte/2024-2025/il-villaggio-la-magia-del-natale,Teatro e spettacolo,"Carroponte, 1, Via Luigi Granelli, Rondò, Torretta, Sesto San Giovanni, Zona Omogenea Milano Nord, Milano, Lombardia, 20099, Italia",45.529574,9.2209217
Spettacoli,22-12-24,2024-12-22,"Via Hoepli 3b,20121, Milano, MI,Italia",Auditorium San Fedele,Colonne sonore dei film di Natale,https://www.teatro.it/spettacoli/milano/auditorium-san-fedele/2024-2025/candlelight-colonne-sonore-del-natale,Teatro e spettacolo,"Via Ulrico Hoepli, Duomo, Municipio 1, Milano, Lombardia, 20122, Italia",45.4665215,9.1926359
Spettacoli,22-12-24,2024-12-22,"Via Larga 14,20122, Milano, MI,Italia",Lirico Giorgio Gaber,Lo Schiaccianoci,https://www.teatro.it/spettacoli/milano/lirico-giorgio-gaber/2024-2025/balletto-di-milano-lo-schiaccianoci,Teatro e spettacolo,"Teatro Lirico Giorgio Gaber, 14, Via Larga, Cerchia dei Navigli, Municipio 1, Milano, Lombardia, 20122, Italia",45.4615135,9.1918702
,22-12-24,2024-12-22,"Piazza Sant' Angelo, 2, Milano, MI",Chiesa di Santa Maria degli Angeli (o Sant'Angelo),Concerto di Natale,https://www.milanotoday.it/eventi/concerto-di-natale-coro-polifonico-jubilate-deo.html,Non classificato,"Biblioteca Francescana, 2, Piazza Sant'Angelo, Brera, Milano, Lombardia, 20121, Italia",45.475415,9.1930383
,22-12-24,2024-12-22,"Via Volturno, 32, Milano, MI",Slowmill,"Poesia, scienza e potenza: da Chopin a Rachmaninoff attraverso Beethoven",https://www.milanotoday.it/eventi/poesia-scienza-e-potenza-da-chopin-a-rachmaninoff-attraverso-beethoven-andrea-cantu.html,Non classificato,"32, Via Volturno, Santi Martiri, Oltrestazione, Legnano, Milano, Lombardia, 20025, Italia",45.5974532,8.9083157
Teatri,22-12-24,2024-12-22,"Viale dell'Innovazione, 20, Milano, MI",Teatro degli Arcimboldi,Lo spettacolo di Natale per bambini tra magia e musica,https://www.milanotoday.it/eventi/spettacolo-natale-bambini-arcimboldi.html,Teatro e spettacolo,"20, Viale dell'Innovazione, Bicocca, Municipio 9, Milano, Lombardia, 20125, Italia",45.5148696,9.2135963
Spettacoli,22-12-24,2024-12-22,"Piazza S. Magno,20025, Legnano, MI,Italia",Galleria,Grande figlio di p*****a,https://www.teatro.it/spettacoli/legnano/galleria/2024-2025/eleazaro-rossi-grande-figlio-di-pa,Teatro e spettacolo,"Piazza San Magno, San Magno, Oltresempione, Legnano, Milano, Lombardia, 20025, Italia",45.5945288,8.9180098
Spettacoli,23-12-24,2024-12-23,"Via Hoepli 3b,20121, Milano, MI,Italia",Auditorium San Fedele,We Call It Ballet - La Bella Addormentata,https://www.teatro.it/spettacoli/milano/auditorium-san-fedele/2024-2025/we-call-it-ballet-la-bella-addormentata,Teatro e spettacolo,"Via Ulrico Hoepli, Duomo, Municipio 1, Milano, Lombardia, 20122, Italia",45.4665215,9.1926359
,23-12-24,2024-12-23,"Via Cicco Simonetta, 14/A, Milano, MI",GERMI - Luogo di Contaminazione,I giovani talenti di Vocal Care a Germi,https://www.milanotoday.it/eventi/i-giovani-talenti-di-vocal-care-il-23-dicembre-a-germi-milano-vocal-care.html,Non classificato,"14a, Via Cicco Simonetta, Ticinese, Municipio 1, Milano, Lombardia, 20123, Italia",45.4563299,9.1755968
Teatri,12-01-25,2024-12-25,"Viale dell'Innovazione, 20, Milano, MI",Teatro degli Arcimboldi,"Anastasia, il musical della magia in arrivo a Milano",https://www.milanotoday.it/eventi/spettacolo-musical-anastasia-arcimboldi-2024.html,Teatro e spettacolo,"20, Viale dell'Innovazione, Bicocca, Municipio 9, Milano, Lombardia, 20125, Italia",45.5148696,9.2135963
Manifestazioni,02-02-25,2024-12-25,"Via Gaetano Airaghi, Milano, MI",Acquatica Park,"Ballerine, acrobati e giocolieri: il nuovo spettacolo all'Acquatica Park",https://www.milanotoday.it/eventi/spettacolo-acquatica-park.html,Altri eventi,"Via Gaetano Airaghi, Parco Bosco In Città, Municipio 7, Milano, Lombardia, 20153, Italia",45.472404,9.0783471
,26-12-24,2024-12-26,"Piazza Santo Stefano, 12, Milano, MI",Chiesa di San Bernardino alle Ossa,Tour di Santo Stefano per single in centro a Milano,https://www.milanotoday.it/eventi/giovedi-26-dicembre-tour-di-santo-stefano-per-single-in-centro-a-milano-mi.html,Non classificato,"12N07, Piazza Santo Stefano, Duomo, Municipio 1, Milano, Lombardia, 20122, Italia",45.4619291,9.1950488
,26-12-24,2024-12-26,"Via Indipendenza, Milano, MI",Oratorio di Sant'Ilario,La corsa per smaltire il pranzo di Natale,https://www.milanotoday.it/eventi/smaltire-pranzo-natale-corsa-2024.html,Non classificato,"Via Indipendenza, Villanova, Sant'Ilario, Nerviano, Milano, Lombardia, 20014, Italia",45.5659478,8.9904573
,27-12-24,2024-12-27,"Viale Giorgio Byron, Milano, MI",Arena Civica,Fenix trophy,https://www.milanotoday.it/eventi/fenix-trophy.html,Non classificato,"Viale Giorgio Byron, Parco Sempione, Municipio 1, Milano, Lombardia, 20154, Italia",45.4765949,9.1759169
Spettacoli,27-12-24,2024-12-27,"Via G. di Vittorio 6,20090, Assago, MI,Italia",Repower,The Best of Disney Music,https://www.teatro.it/spettacoli/assago/repower/2024-2025/gerardo-di-lella-the-best-of-disney-music,Teatro e spettacolo,"20090, Italy",45.407,9.1083
Visita Guidata,28-12-24,2024-12-28,"Piazza Venezia, Milano, MI",Vittoriano,Esperienza tattile al Vittoriano - Arte e storia al servizio di tutti - Visita tattile per famiglie ,,Arte e cultura,"Piazza Cinque Giornate, Guastalla, Municipio 1, Milano, Lombardia, 20135, Italia",45.4621145,9.2067244
Visita Guidata,02-01-25,2024-12-29,"via Roma, Milano, MI",Museo archeologico nazionale di Aquileia,I nuovi depositi ve li spieghiamo noi!,,Arte e cultura,"Via Roma, San Domenico, Oltresempione, Legnano, Milano, Lombardia, 20025, Italia",45.5977956,8.9124355
,29-12-24,2024-12-29,"Milano, MI, Italia",Museo Bagatti Valsecchi,Visita guidata al museo Bagatti Valsecchi​,https://www.milanotoday.it/eventi/domenica-29-dicembre-visita-guidata-al-museo-bagatti-valsecchi.html,Non classificato,"Milano, Lombardia, Italia",45.4641943,9.1896346
Spettacoli,29-12-24,2024-12-29,"Corso Venezia 2/A,20121, Milano, MI,Italia",San Babila,Il miracolo di Marcellino,https://www.teatro.it/spettacoli/milano/san-babila/2024-2025/il-miracolo-di-mrcellino,Teatro e spettacolo,"2a, Corso Venezia, Duomo, Municipio 1, Milano, Lombardia, 20121, Italia",45.4670204,9.1981104
Visita Guidata,29-12-24,2024-12-29,"Piazza Venezia, Milano, MI",Vittoriano,Al centro di Roma: da Palazzo Venezia al Vittoriano - Le mille storie del VIVE - Visita guidata adulti   ,,Arte e cultura,"Piazza Cinque Giornate, Guastalla, Municipio 1, Milano, Lombardia, 20135, Italia",45.4621145,9.2067244
Attività Didattica,30-12-24,2024-12-30,"piazza San Giovanni, Milano, MI",Ex Ospedale San Rocco con annessa Chiesa di Cristo Flagellato,Le mie candele di cera d’api,,Formazione e networking,"Piazza San Giovanni, Trenno, Municipio 8 di Milano, Milano, Lombardia, Italia",45.4907843,9.0997115
,01-01-25,2024-12-31,"Piazza Sempione, Milano, MI",Dazi Milano,Capodanno al Dazi Milano: una notte esclusiva per dare il benvenuto al 2024,https://www.milanotoday.it/eventi/capodanno-al-dazi-milano-una-notte-esclusiva-per-dare-il-benvenuto-al-2024-dj-jenny-dee-e-tony-lyo.html,Non classificato,"Piazza Sempione, Parco Sempione, Municipio 1, Milano, Lombardia, Italia",45.4755976,9.1725451
,01-01-25,2024-12-31,"Via Messina, 38, Milano, MI",Pineta Milano,Capodanno 2025 al Pineta Milano: la festa più esclusiva della città,https://www.milanotoday.it/eventi/capodanno-2025-al-pineta-milano-la-festa-piu-esclusiva-della-citta-dj-set.html,Non classificato,"38, Via Messina, Bullona, Porta Volta, Municipio 8 di Milano, Milano, Lombardia, 20154, Italia",45.4864778,9.17334
Concerti,31-12-24,2024-12-31,"Via Giuseppe di Vittorio, 6, Milano, MI",Unipol Forum di Assago,Milano canta con Max Pezzali a Capodanno. Da quando si possono acquistare i biglietti,https://www.milanotoday.it/eventi/concerto-capodanno-max-pezzali-forum-assago-biglietti.html,Musica e vita notturna,"6, Via Giuseppe Di Vittorio, Foramagno, Mezzate, Peschiera Borromeo, Milano, Lombardia, 20068, Italia",45.4355184,9.2889768
,01-01-25,2024-12-31,"Piazza della Repubblica, 12, Milano, MI",Republic,Capodanno 2025 al Republic: la festa esclusiva nel cuore di Milano,https://www.milanotoday.it/eventi/capodanno-2025-al-republic-la-festa-esclusiva-nel-cuore-di-milano-dj-set.html,Non classificato,"Vigal & Jus, 12, Piazza della Repubblica, Centrale, Municipio 2, Milano, Lombardia, 20124, Italia",45.4779376,9.1984233
,01-01-25,2024-12-31,"Via Alessio di Tocqueville, 13, Milano, MI",Tocqueville,Capodanno 2025 al Tocqueville: una notte da sogno tra musica e divertimento,https://www.milanotoday.it/eventi/capodanno-2025-al-tocqueville-una-notte-da-sogno-tra-musica-e-divertimento-dj-set.html,Non classificato,"Block, 13, Via Alessio di Tocqueville, GARIBALDI REPUBBLICA, Municipio 9, Milano, Lombardia, 20154, Italia",45.482397,9.1865722
Spettacoli,31-12-24,2024-12-31,"p.zza IV Novembre 3,20025, Legnano, MI,Italia",Talisio Tirinnanzi,Debora Villa and friends,https://www.teatro.it/spettacoli/legnano/talisio-tirinnanzi/2024-2025/debora-villa-debora-villa-and-friends,Teatro e spettacolo,"Scuola Secondaria di Primo Grado Giovanni Ungaretti, 3, Piazza Quattro Novembre, San Giorgio su Legnano, Milano, Lombardia, 20034, Italia",45.5765251,8.9157963
,01-01-25,2024-12-31,"Via Pietrasanta, 16, Milano, MI",Milano,Capodanno 2025 ai Magazzini Generali: tra burlesque e musica per una notte magica,https://www.milanotoday.it/eventi/capodanno-2025-ai-magazzini-generali-tra-burlesque-e-musica-per-una-notte-magica-dj-set.html,Non classificato,"16, Via Pietrasanta, Ex Om - Morivione, Municipio 5, Milano, Lombardia, 20141, Italia",45.4440954,9.1951652
,01-01-25,2024-12-31,"Piazza Sempione, Milano, MI",Dazi Milano,Capodanno 2025 al dazi milano: un’elegante festa per accogliere il nuovo anno,https://www.milanotoday.it/eventi/concerti/capodanno-2025-al-dazi-milano.html,Non classificato,"Piazza Sempione, Parco Sempione, Municipio 1, Milano, Lombardia, Italia",45.4755976,9.1725451
,01-01-25,2024-12-31,"Via Tortona, 35, Milano, MI",Nhow Milano,"Nye 2025: Hotel Folie, back to Disco Studio 54",https://www.milanotoday.it/eventi/nye-2025-hotel-folie-back-to-disco-studio-54.html,Non classificato,"35, Via Tortona, Tortona, Municipio 6, Milano, Lombardia, 20144, Italia",45.4510301,9.1606461
,01-01-25,2024-12-31,Milano,Milano,Capodanno Milano 2025: cosa fare in città,https://www.milanotoday.it/eventi/capodanno-milano-2025-cosa-fare-in-citta.html,Non classificato,"Milano, Lombardia, Italia",45.4641943,9.1896346
Spettacoli,31-12-24,2024-12-31,"via Pier Lombardo,14,20135, Milano, MI,Italia",Franco Parenti - Sala Grande,Amleto²,https://www.teatro.it/spettacoli/milano/franco-parenti-sala-grande/2024-2025/amleto2,Teatro e spettacolo,"Via Pier Lombardo, Porta Romana, Municipio 4, Milano, Lombardia, 20135, Italia",45.4542958,9.2063109
Spettacoli,31-12-24,2024-12-31,"Via G. di Vittorio 6,20090, Assago, MI,Italia",Unipol Forum,Max Forever Capodanno Edition,https://www.teatro.it/spettacoli/assago/unipol-forum-ex-mediolanum-forum/2024-2025/max-pezzali-max-forever-capodanno-edition,Teatro e spettacolo,"20090, Italy",45.407,9.1083
Spettacoli,31-12-24,2024-12-31,"Corso di Porta Romana 63,20122, Milano, MI,Italia",Carcano,Lella Costa Late Show,https://www.teatro.it/spettacoli/milano/carcano/2024-2025/lella-costa-late-show,Teatro e spettacolo,"Teatro Carcano, 63, Corso di Porta Romana, Crocetta, Municipio 1, Milano, Lombardia, 20121, Italia",45.4566842,9.1955297
Spettacoli,31-12-24,2024-12-31,"Via Marco Cremosano,2,20148, Milano, MI,Italia",Allianz Cloud (ex Palalido),Alis,https://www.teatro.it/spettacoli/milano/allianz-cloud-ex-palalido/2024-2025/le-cirque-alis-new-world,Teatro e spettacolo,"2, Via Marco Cremosano, Qt 8, QT8, Municipio 8 di Milano, Milano, Lombardia, 20148, Italia",45.4831552,9.1418918
evento solo on site,05-01-25,2024-12-31,"piazza Adriano, Milano, MI",Anfiteatro campano,"Il 5 gennaio ingresso gratuito all’Anfiteatro Campano, al Museo archeologico nazionale dell’antica Capua e al Mitreo di Santa Maria Capua Vetere. Ricco il calendario di eventi: ecco i giorni di apertura durante le festività di dicembre",,Altri eventi,"Piazza Adriano Olivetti, Scalo Romana, Municipio 5, Milano, Lombardia, 20135, Italia",45.4431207,9.2043096
Spettacoli,31-12-24,2024-12-31,"Piazza S. Magno,20025, Legnano, MI,Italia",Galleria,Ornyfans,https://www.teatro.it/spettacoli/legnano/galleria/2024-2025/antonio-ornano-ornyfans,Teatro e spettacolo,"Piazza San Magno, San Magno, Oltresempione, Legnano, Milano, Lombardia, 20025, Italia",45.5945288,8.9180098
,01-01-25,2024-12-31,"Via Molino delle Armi, 16, Milano, MI",Tom,"""The midnight ball"": Milano pronta a festeggiare l'ultimo ballo dell’anno al Tom",https://www.milanotoday.it/eventi/the-midnight-ball-milano-pronta-a-festeggiare-l-ultimo-ballo-dell-anno-al-tom-dj-set.html,Non classificato,"Volt Club, 16, Via Molino delle Armi, Cerchia dei Navigli, Municipio 1, Milano, Lombardia, 20123, Italia",45.4568891,9.1840788
,01-01-25,2024-12-31,"Corso Garibaldi, 97, Milano, MI",The Club,Capodanno 2025 al The Club: il Gran Galà che illuminerà Milano,https://www.milanotoday.it/eventi/capodanno-2025-al-the-club-il-gran-gala-che-illuminera-milano-dj-ale-bucci-e-melos.html,Non classificato,"Corso Giuseppe Garibaldi, Brera, Municipio 1, Milano, Lombardia, 20121, Italia",45.4754564,9.1836669
,06-01-24,2024-01-06,"Piazza Iannacci, Milano, MI, Italia",Teatro Civico Roberto de Silva,Concerto dell'epifania,https://www.milanotoday.it/eventi/concerto-dell-epifania-corpo-musicale-santa-cecilia-passirana-milanese.html,Non classificato,"Piazza Iannacci, 20017 Rho MI, Italy",45.5278496,9.0458458
,14-01-24,2024-01-14,"Via Privata Taverna, 2, Milano, MI, Italia",El galet,Pranzo invernale della tradizione milanese da El Galet,https://www.milanotoday.it/eventi/domenica-14-gennaio-2024-pranzo-invernale-nella-tradizione-milanese-da-el-galet-mi.html,Non classificato,"Via Privata Taverna, 2, 20134 Milano MI, Italy",45.4708277,9.25565
,18-01-24,2024-01-18,"Via C. Battisti, 14, Milano, MI, Italia",Auditorium Don Bosco,Il diario di Adamo ed Eva,https://www.milanotoday.it/eventi/il-diario-di-adamo-ed-eva-corinne-clery-francesco-branchetti.html,Non classificato,"Via Cesare Battisti, 14, 20097 San Donato Milanese MI, Italy",45.4184053,9.2634165
,26-01-24,2024-01-26,"Via Privata Cuccagna, 2, Milano, MI, Italia",Cascina Cuccagna,terra a perdere. la sardegna in guerra,https://www.milanotoday.it/eventi/terra-a-perdere-la-sardegna-in-guerra.html,Non classificato,"Via Privata Cuccagna, 2, 20135 Milano MI, Italy",45.4512106,9.2116309
Teatri,11-02-24,2024-02-01,"Via Giordano Rota, 1, Milano, MI, Italia",Teatro Nazionale CheBanca!,"""We Will Rock You"" torna a Milano sulle note dei grandi successi dei Queen",https://www.milanotoday.it/eventi/musical-we-will-rock-you-teatro-nazionale-che-banca.html,Teatro e spettacolo,"Via Giordano Rota, 1, 20149 Milano MI, Italy",45.4667708,9.1540258
,24-02-24,2024-02-03,"via Gatto angolo Viale Forlanini, Milano, MI, Italia",Amnesia,Amnesia milano: tutti i dj in console a febbraio 2024,https://www.milanotoday.it/eventi/amnesia-milano-tutti-i-dj-in-console-a-febbraio-2024.html,Non classificato,"Viale Enrico Forlanini & Via Alfonso Gatto, 20138 Milano MI, Italy",45.4619285,9.2385731
,24-02-24,2024-02-03,"via Gatto angolo Viale Forlanini, Milano, MI, Italia",Amnesia,Amnesia Milano: tutti i dj in console a febbraio,https://www.milanotoday.it/eventi/amnesia-milano-tutti-i-dj-in-console-a-febbraio-2024-ameme-pan-pot-bergmann-miss-monique.html,Non classificato,"Viale Enrico Forlanini & Via Alfonso Gatto, 20138 Milano MI, Italy",45.4619285,9.2385731
Manifestazioni,04-02-24,2024-02-03,"Viale Esposizioni, Milano, MI, Italia",Parco Esposizioni Novegro,"""Novegro Vinile Expo"", la grande fiera del vinile torna a Milano",https://www.milanotoday.it/eventi/novegro-vinile-expo-2024.html,Altri eventi,"V.le Esposizioni, 20054 Novegro-Tregarezzo MI, Italy",45.4700106,9.2749062
,18-02-24,2024-02-18,"Valle delle Sorgenti , Bioparco della Val Cavallina, Milano, MI, Italia",BioParco,Una giornata di festa al BioParco: Carnevale tra natura e divertimento,https://www.milanotoday.it/eventi/festa-carnevale-bio-parco.html,Non classificato,"Milan, Metropolitan City of Milan, Italy",45.468503,9.1824027
,20-02-24,2024-02-20,"Pad. 22/24, Milano, MI, Italia",Fiera Milano Rho,"Milano fashion week Anton Giulio grande a Linea pelle con ""Callas rock forever""",https://www.milanotoday.it/eventi/milano-fashion-week-anton-giulio-grande-a-linea-pelle-con-callas-rock-forever-anton-giulio-grande.html,Non classificato,"Via Alessandro Astesani, 24, 20161 Milano MI, Italy",45.51822689999999,9.1708895
,22-02-24,2024-02-22,"Via C. Battisti, 14, Milano, MI, Italia",Auditorium Don Bosco,Il segreto dei poeti,https://www.milanotoday.it/eventi/il-segreto-dei-poeti-mario-zucca-marina-thovez.html,Non classificato,"Via Cesare Battisti, 14, 20097 San Donato Milanese MI, Italy",45.4184053,9.2634165
Manifestazioni,25-02-24,2024-02-25,"Viale Esposizioni, Milano, MI, Italia",Parco Esposizioni Novegro,A Novegro la fiera del giocattolo senza tempo,https://www.milanotoday.it/eventi/fiera-giocattoli-parco-esposizioni-novegro.html,Altri eventi,"V.le Esposizioni, 20054 Novegro-Tregarezzo MI, Italy",45.4700106,9.2749062
,28-02-24,2024-02-28,"via Ancona angolo via San Marco, Milano, MI, Italia",Stendhal Milano,Gli appuntamenti gastronomici di Stendhal Milano,https://www.milanotoday.it/eventi/gli-appuntamenti-gastronomici-di-stendhal-milano-da-non-perdere-tra-piatti-romani-e-serata-dedicata-ai-formaggi-mercoledi-28-febbraio-un-menu-omaggio-alla-tradizione-romana-e-martedi-12-marzo-degustazione-e-menu-a-base-di-formaggi.html,Non classificato,"Via San Marco & Via Ancona, 20121 Milano MI, Italy",45.4739576,9.1880009
Fiere,03-03-24,2024-03-02,"Via Novegro s/n, V.le Esposizioni, Milano, MI, Italia",Parco Esposizioni di Novegro pad. C,International Cat Show Milano: una meravigliosa esposizione felina nel cuore del Parco Esposizioni di Novegro,https://www.milanotoday.it/eventi/international-cat-show-milano.html,Mercati e shopping,"Via Novegro Strada Rivoltana (Segrate), 20054 Novegro-Tregarezzo MI, Italy",45.47258129999999,9.2779819
Manifestazioni,10-03-24,2024-03-09,"Ingresso Riviera Est, Milano, MI, Italia",Idroscalo Ingresso Riviera Est,Migliaia di figurine e di fumetti nella nuova edizione di Panini Tour,https://www.milanotoday.it/eventi/tour-figurine-panini-2024-idroscalo.html,Altri eventi,"Piazza Serafino Belfanti, 6, 20143 Milano MI, Italy",45.4442421,9.1729253
Incontri,10-03-24,2024-03-10,"Via Gian Carlo Clerici, 150, Milano, MI, Italia",Parco Nord,"""Milano Sotterranea"" la visita ai bunker della Seconda Guerra Mondiale",https://www.milanotoday.it/eventi/milano-sotterranea-visita-bunker-parco-nord.html,Formazione e networking,"Via Gian Carlo Clerici, 150, 20099 Sesto San Giovanni MI, Italy",45.5342137,9.2134208
,14-03-24,2024-03-14,"Via C. Battisti, 14, Milano, MI, Italia",Cinema Auditorium Don Bosco,Serata d'onore: Michele Placido,https://www.milanotoday.it/eventi/serata-d-onore-michele-placido.html,Non classificato,"Via Cesare Battisti, 14, 20097 San Donato Milanese MI, Italy",45.4184053,9.2634165
Convegno/conferenza,14-03-24,2024-03-14,"Corso Magenta (Palazzo Litta), Milano, MI, Italia","Soprintendenza Archeologia, Belle Arti e Paesaggio per la città metropolitana di Milano",Giornata nazionale del paesaggio 2024 - Parco delle Groane,,Formazione e networking,"Corso Magenta, 24, 20121 Milano MI, Italy",45.4658994,9.178299
Incontri,21-04-24,2024-03-16,"Via Giuseppe Eugenio Luraghi, 1, Milano, MI, Italia",Arese,Riapre il più grande campo di tulipani in Italia: fino a quando si può entrare gratis,https://www.milanotoday.it/eventi/campo-tulipani-arese-2024-ingresso-gratis.html,Formazione e networking,"Via Giuseppe Eugenio Luraghi, 1s, 20044 Arese MI, Italy",45.56153,9.05311
,07-04-24,2024-03-17,"Via Privata Cuccagna, 2/4, Milano, MI, Italia",Cascina Cuccagna,La casa di meneghino,https://www.milanotoday.it/eventi/la-casa-di-meneghino-valerio-sacca.html,Non classificato,"Via Privata Cuccagna, 2/4, 20135 Milano MI, Italy",45.451133,9.211579
Manifestazioni,17-03-24,2024-03-17,"Via Privata Cuccagna, 2, Milano, MI, Italia",Cascina Cuccagna,La domenica in Cascina Cuccagna tra laboratori e natura,https://www.milanotoday.it/eventi/festa-cascina-cuccagna-2024.html,Altri eventi,"Via Privata Cuccagna, 2, 20135 Milano MI, Italy",45.4512106,9.2116309
Turismo,21-06-24,2024-03-22,"Via P. Neruda, 2, Milano, MI, Italia",MUMAC Coffee Escape,A Milano arriva MUMAC Coffee Escape: la prima Escape Room all’aroma di caffè,https://www.milanotoday.it/eventi/mumac-coffee-escape.html,Non classificato,"Via P. Neruda, 2, 20082 Binasco MI, Italy",45.3360861,9.0972317
,31-03-24,2024-03-28,"Via Privata Cuccagna, 2/4, Milano, MI, Italia",Cascina Cuccagna,Il teatrino di burattini,https://www.milanotoday.it/eventi/il-teatrino-di-burattini-valerio-sacca.html,Non classificato,"Via Privata Cuccagna, 2/4, 20135 Milano MI, Italy",45.451133,9.211579
,31-03-24,2024-03-30,"Via Privata Cuccagna, 2/4, Milano, MI, Italia",Cascina Cuccagna,Ridi meneghino,https://www.milanotoday.it/eventi/ridi-meneghino-valerio-sacca.html,Non classificato,"Via Privata Cuccagna, 2/4, 20135 Milano MI, Italy",45.451133,9.211579
,31-12-24,2024-04-02,"Via Alfonso F. Lamarmora, 35, Milano, MI, Italia",Paderno Dugnano,"Laboratori poetici,  arteterapia e libroterapia",https://www.milanotoday.it/eventi/laboratori-poetici-arteterapia-e-libroterapia-esuviadicicala.html,Non classificato,"Via Alfonso F. Lamarmora, 35, 20037 Paderno Dugnano MI, Italy",45.56704939999999,9.1550588
,07-04-24,2024-04-04,"Via Privata Cuccagna, 2/4, Milano, MI, Italia",Cascina Cuccagna,"I burattini di carta, laboratorio artistico",https://www.milanotoday.it/eventi/i-burattini-di-carta-laboratorio-artistico-valerio-sacca.html,Non classificato,"Via Privata Cuccagna, 2/4, 20135 Milano MI, Italy",45.451133,9.211579
Mostre,05-04-24,2024-04-05,"Via Privata Cuccagna, 2, Milano, MI, Italia",Cascina Cuccagna,"La salute non si vende. milano, 1960 -90,  zona romana-vigentina. le lotte per la salute in fabbrica e la tutela dell'ambiente",https://www.milanotoday.it/eventi/la-salute-non-si-vende-milano-1960-90.html,Arte e cultura,"Via Privata Cuccagna, 2, 20135 Milano MI, Italy",45.4512106,9.2116309
,06-04-24,2024-04-06,"via Gatto angolo Viale Forlanini, Milano, MI, Italia",Amnesia,"Amnesia Milano, aprile 2024: tutti i guest",https://www.milanotoday.it/eventi/amnesia-milano-aprile-2024-tutti-i-guest-marco-faraone-cristina-lazic-blacksun.html,Non classificato,"Viale Enrico Forlanini & Via Alfonso Gatto, 20138 Milano MI, Italy",45.4619285,9.2385731
,07-04-24,2024-04-06,"Via Privata Cuccagna, 2/4, Milano, MI, Italia",Cascina Cuccagna,Meneghino all'inferno,https://www.milanotoday.it/eventi/meneghino-all-inferno-valerio-sacca.html,Non classificato,"Via Privata Cuccagna, 2/4, 20135 Milano MI, Italy",45.451133,9.211579
Seminario,12-04-24,2024-04-12,"Via Roentgen, 1, Milano, MI, Italia",Università Bocconi,Competenze digitali per le digital humanities in archivio: Il Progetto Saminiati,,Formazione e networking,"Via Guglielmo Röntgen, 1, 20136 Milano MI, Italy",45.4503469,9.1875612
,13-04-24,2024-04-13,"Via Giuseppe Eugenio Luraghi, 1, Milano, MI, Italia",Toys Center,Hasbro in tour nei Toys Center con il Gioco del mese,https://www.milanotoday.it/eventi/hasbro-in-tour-nei-toys-center-con-il-gioco-del-mese-guidati-dagli-esperti-de-la-tana-dei-goblin-si-parte-con-il-nuovo-piggy-piggy-il-13-e-14-aprile-la-tana-dei-goblin.html,Non classificato,"Via Giuseppe Eugenio Luraghi, 1s, 20044 Arese MI, Italy",45.56153,9.05311
,14-04-24,2024-04-13,"Location multiple, Milano, MI, Italia",Prologis Park Romentino e Prologis Park Lodi,Urban Art a Milano: due eventi per visitare due gallerie d'arte a cielo aperto,https://www.milanotoday.it/eventi/urban-art-aprile-milano.html,Non classificato,"Milan, Metropolitan City of Milan, Italy",45.468503,9.1824027
Convegno/conferenza,15-04-24,2024-04-15,"Piazzale Sant'Agostino, 2, Milano, MI, Italia",Università degli Studi di Bergamo,Bergamo Next Level - La nostra memoria: testimonianze e voci da archivi e territori,,Formazione e networking,"Piazza Sant'Agostino, 2, 20123 Milano MI, Italy",45.4590526,9.1710183
Manifestazioni,21-04-24,2024-04-15,"Isola Design District, Milano, MI, Italia",Isola Design District,"Isola Design Festival, tutti gli eventi da non perdere durante il Fuorisalone",https://www.milanotoday.it/eventi/installazioni-isola-district-fuorisalone-2024.html,Altri eventi,"Isola, Milano MI, Italy",45.4876645,9.1898099
,18-04-24,2024-04-18,"Via C. Battisti, 14, Milano, MI, Italia",Cinema Auditorium Don Bosco,Bestie di carta,https://www.milanotoday.it/eventi/bestie-di-carta-teatro-gost.html,Non classificato,"Via Cesare Battisti, 14, 20097 San Donato Milanese MI, Italy",45.4184053,9.2634165
,20-04-24,2024-04-19,"Viale Enrico Ibsen, 4, Milano, MI, Italia",BAR BIANCO,"#Fuorisalone ""rooftop"" nel cuore del parco Sempione",https://www.milanotoday.it/eventi/fuorisalone-rooftop-nel-cuore-del-parco-sempione.html,Non classificato,"Viale Enrico Ibsen, 4, 20121 Milano MI, Italy",45.4736099,9.1774875
,20-04-24,2024-04-20,"Via C. Battisti, 14, Milano, MI, Italia",Auditorium Don Bosco,Ciccio Pasticcio nella terra delle emozioni,https://www.milanotoday.it/eventi/ciccio-pasticcio-nella-terra-delle-emozioni-ciccio-pasticcio-band.html,Non classificato,"Via Cesare Battisti, 14, 20097 San Donato Milanese MI, Italy",45.4184053,9.2634165
,27-04-24,2024-04-26,"Viale Enrico Ibsen, 4, Milano, MI, Italia",BAR BIANCO,rooftop bar bianco - venerdi 26.04,https://www.milanotoday.it/eventi/rooftop-bar-bianco-venerdi-26-04.html,Non classificato,"Viale Enrico Ibsen, 4, 20121 Milano MI, Italy",45.4736099,9.1774875
,29-04-24,2024-04-29,"Via C. Battisti, 14, Milano, MI, Italia",Auditorium Don Bosco,Michele Placido in serata d’onore,https://www.milanotoday.it/eventi/michele-placido-in-serata-d-onore-michele-placido.html,Non classificato,"Via Cesare Battisti, 14, 20097 San Donato Milanese MI, Italy",45.4184053,9.2634165
,05-05-24,2024-05-01,"Via Privata Cuccagna, 2/4, Milano, MI, Italia",Cascina Cuccagna,Farse meneghine,https://www.milanotoday.it/eventi/farse-meneghine-valerio-sacca.html,Non classificato,"Via Privata Cuccagna, 2/4, 20135 Milano MI, Italy",45.451133,9.211579
Teatri,05-05-24,2024-05-03,"Via Giordano Rota, 1, Milano, MI, Italia",Teatro Nazionale,"Il musical ""Happy Days"" arriva a Milano",https://www.milanotoday.it/eventi/musical-happy-days-teatro-nazionale.html,Teatro e spettacolo,"Via Giordano Rota, 1, 20149 Milano MI, Italy",45.4667708,9.1540258
,04-05-24,2024-05-03,"Viale Enrico Ibsen, 4, Milano, MI, Italia",BAR BIANCO,Aperitivo nel cuore del Parco Sempione,https://www.milanotoday.it/eventi/venerdi-3-maggio-aperitivo-nel-cuore-del-parco-sempione-rooftop-natura.html,Non classificato,"Viale Enrico Ibsen, 4, 20121 Milano MI, Italy",45.4736099,9.1774875
Disco&Feste,04-05-24,2024-05-04,"Viale Enrico Ibsen, 4, Milano, MI, Italia",Bar Bianco,L'aperitivo immersi nella natura (ma nel cuore di Milano),https://www.milanotoday.it/eventi/aperitivo-bar-bianco.html,Musica e vita notturna,"Viale Enrico Ibsen, 4, 20121 Milano MI, Italy",45.4736099,9.1774875
Mostra,10-06-24,2024-05-10,"Lingotto, Milano, MI, Italia",Lingotto Fiere,Salone Internazionale del Libro | Organizzazioni culturali e sviluppo sostenibile: le urgenze da affrontare,,Arte e cultura,"Milan, Metropolitan City of Milan, Italy",45.468503,9.1824027
,12-05-24,2024-05-11,"Location multiple, Milano, MI, Italia",Prologis Park Romentino e Prologis Park Lodi,Un weekend di urban art a due passi da Milano,https://www.milanotoday.it/eventi/urban-art-maggio-milano.html,Non classificato,"Milan, Metropolitan City of Milan, Italy",45.468503,9.1824027
Manifestazioni,12-05-24,2024-05-12,"ingresso Bosco Sud, Milano, MI, Italia",Idroscalo,A Milano un evento dedicato agli amici a quattro zampe,https://www.milanotoday.it/eventi/pet-flower-parade-2024-manifestazione-cani-idroscalo.html,Altri eventi,"Idroscalo Milano Ingresso Bosco Sud, MILANO, Via Circonvallazione, 29, 20054 Segrate MI, Italy",45.4638755,9.2930214
Manifestazioni,12-05-24,2024-05-12,"Lato tribune Circonvallazione Idroscalo, Milano, MI, Italia",Idroscalo,"Milano Spring Parade 2024, una giornata di musica e festa alle porte di Milano",https://www.milanotoday.it/eventi/milano-spring-parade-2024-festa-musica-idroscalo.html,Altri eventi,"Tribune - Piazzetta ""Enzo Jannacci"", 20054 Novegro-Tregarezzo MI, Italy",45.4732655,9.2887533
Mostra,13-05-24,2024-05-13,"Piazza Carlo D'Arco, 3, Milano, MI, Italia",Politecnico di Milano Polo Territoriale di Mantova,MantovArchitettura | Voci dall'Archivio,,Arte e cultura,"Piazza Carlo Amati, 20147 Milano MI, Italy",45.4687645,9.1262955
,15-05-24,2024-05-15,"Via Ancona angolo via San Marco, Milano, MI, Italia",Stendhal Milano,Stendhal Milano: serata speciale con gli chef Edoardo Ferrera e Arcangelo Dandini,https://www.milanotoday.it/eventi/stendhal-milano-mercoledi-15-maggio-serata-speciale-con-gli-chef-edoardo-ferrera-e-arcangelo-dandini-chef-edoardo-ferrera-e-arcangelo-dandini.html,Non classificato,"Via San Marco & Via Ancona, 20121 Milano MI, Italy",45.4739576,9.1880009
Manifestazioni,19-05-24,2024-05-17,"Via Ambrogio Bergognone da Fossano, 34, Milano, MI, Italia",Base,"We World Festival 2024, la donna protagonista a Milano per due giorni",https://www.milanotoday.it/eventi/we-world-festival-2024.html,Altri eventi,"V. Ambrogio Bergognone da Fossano, 34, 20144 Milano MI, Italy",45.4521475,9.1633066
Mostra,22-05-24,2024-05-22,"Via Giuseppe Pagano Pogatschnig 34, Milano, MI, Italia",Ex mercato comunale QT8,Milano Arch Week 2024_Weak Architecture | Incontro al Padiglione IX Triennale,,Arte e cultura,"Via Giuseppe Pogatschnig, 34, 20148 Milano MI, Italy",45.48477200000001,9.1359396
,23-05-24,2024-05-23,"Via C. Battisti, 14, Milano, MI, Italia",Auditorium Don Bosco,Madri interrotte,https://www.milanotoday.it/eventi/madri-interrotte-teatro-gost.html,Non classificato,"Via Cesare Battisti, 14, 20097 San Donato Milanese MI, Italy",45.4184053,9.2634165
,02-06-24,2024-05-31,"Viale Esposizioni, Milano, MI, Italia",Parco Esposizioni di Novegro,Polifonic festival: la terza edizione,https://www.milanotoday.it/eventi/polifonic-festival-la-terza-edizione-a-milano-dal-31-maggio-al-2-giugno.html,Non classificato,"V.le Esposizioni, 20054 Novegro-Tregarezzo MI, Italy",45.4700106,9.2749062
Disco&Feste,01-06-24,2024-06-01,"Viale Enrico Ibsen, 4, Milano, MI, Italia",Parco Sempione,Notte Rosa nel cuore del Parco Sempione: uno speciale aperitivo al tramonto,https://www.milanotoday.it/eventi/Notte-Rosa-Parco-Sempione-giugno-2024.html,Musica e vita notturna,"Viale Enrico Ibsen, 4, 20121 Milano MI, Italy",45.4736099,9.1774875
,02-06-24,2024-06-01,"Viale Enrico Ibsen, 4, Milano, MI, Italia",BAR BIANCO,Notte rosa nel cuore del Parco Sempione,https://www.milanotoday.it/eventi/notte-rosa-nel-cuore-del-parco-sempione-official-event.html,Non classificato,"Viale Enrico Ibsen, 4, 20121 Milano MI, Italy",45.4736099,9.1774875
,05-06-24,2024-06-05,"Via Ambrogio Bergognone da Fossano, 34, Milano, MI, Italia",BASE Milano,Linecheck music meeting and festival 2024 Warm Up,https://www.milanotoday.it/eventi/linecheck-music-meeting-and-festival-2024-warm-up-m-ss-keta.html,Non classificato,"V. Ambrogio Bergognone da Fossano, 34, 20144 Milano MI, Italy",45.4521475,9.1633066
,23-06-24,2024-06-07,"Via Privata Cuccagna, 2/4, Milano, MI, Italia",Cascina Cuccagna,Spettacoli e laboratori a la casa di Meneghino,https://www.milanotoday.it/eventi/spettacoli-e-laboratori-a-la-casa-di-meneghino-valerio-sacca.html,Non classificato,"Via Privata Cuccagna, 2/4, 20135 Milano MI, Italy",45.451133,9.211579
Concerti,21-06-24,2024-06-21,"Strada Statale del Sempione, 28, Milano, MI, Italia",Fiera Milano Live,Il concerto di Gigi d'Agostino a Milano (e quando acquistare i biglietti),https://www.milanotoday.it/eventi/concerto-gigi-d-agostino-biglietti.html,Musica e vita notturna,"SS33 del Sempione, 28, 20015 Parabiago MI, Italy",45.5673543,8.9627254
,23-06-24,2024-06-22,"Viale Enrico Ibsen, 4, Milano, MI, Italia",BAR BIANCO,Hawaiian party & dj set in terrazza,https://www.milanotoday.it/eventi/hawaiian-party-dj-set-in-terrazza.html,Non classificato,"Viale Enrico Ibsen, 4, 20121 Milano MI, Italy",45.4736099,9.1774875
Disco&Feste,24-08-24,2024-06-29,"Via G. M.Lampugnani, 66, Milano, MI, Italia","Parco Tittoni, via Lampugnani 66, Desio (MB)",La Silent Disco del Parco Tittoni dove si balla con le cuffie,https://www.milanotoday.it/eventi/silent-disco-parco-tittoni-estate-2024.html,Musica e vita notturna,"Via G. M.Lampugnani, 66, 20832 Desio MB, Italy",45.617944,9.2148138
,08-09-24,2024-06-29,"Via Gian Carlo Clerici, Milano, MI, Italia",varie sedi,"Vistamare, il festival per le famiglie che porta il mare a Milano",https://www.milanotoday.it/eventi/vistamare-il-festival-per-le-famiglie-che-porta-il-mare-a-milano.html,Non classificato,"Via Gian Carlo Clerici, Milano MI, Italy",45.5328826,9.204104
Mostra,10-07-24,2024-07-10,"Via privata C. Cattaneo 7, Milano, MI, Italia",Comunità Missionaria Paradiso,Bergamo Summer School 2024 | Profili di tutela e valorizzazione: il rapporto con la Soprintendenza Archivistica e Bibliografica,,Arte e cultura,"Via Carlo Cattaneo, 7, 20098 San Giuliano Milanese MI, Italy",45.4038824,9.2757165
Disco&Feste,13-07-24,2024-07-13,"Via Ambrogio Bergognone da Fossano, 34, Milano, MI, Italia",Base Milano,La serata dei grandi successi della musica italiana dove ballare fino all'alba,https://www.milanotoday.it/eventi/festa-musica-italiana-base.html,Musica e vita notturna,"V. Ambrogio Bergognone da Fossano, 34, 20144 Milano MI, Italy",45.4521475,9.1633066
Disco&Feste,13-07-24,2024-07-13,"Piazza della Concordia, 1, Milano, MI, Italia",Isola del Castello,"La super serata ""Deejay Time"" al Rugby Sound Festival 2024",https://www.milanotoday.it/eventi/festa-deejay-time-rugby-sound-festival-2024.html,Musica e vita notturna,"Piazza della Concordia, 1, 20023 Cerro Maggiore MI, Italy",45.5902025,8.9501084
Concerti,24-07-24,2024-07-24,"Via G. M.Lampugnani, 62, Milano, MI, Italia",Parco Tittoni,"Piotta presenta in concerto il suo nuovo album ""Na notte infame""",https://www.milanotoday.it/eventi/concerto-er-piotta-parco-tittoni-luglio-2024.html,Musica e vita notturna,"Via G. M.Lampugnani, 62, 20832 Desio MB, Italy",45.617374,9.2150855
,24-07-24,2024-07-24,"Via San Tagliabue, 4, Milano, MI, Italia",SLAUGHTER CLUB,Parte dallo Slaughter Club il tour italiano della diva del death gospel Louise Lemón,https://www.milanotoday.it/eventi/parte-dallo-slaughter-club-il-tour-italiano-della-diva-del-death-gospel-louise-lemon-louise-lemon.html,Non classificato,"Via S. Tagliabue, 4, 20098 Civesio MI, Italy",45.394141,9.266402
,04-08-24,2024-08-04,"Riboldi/Rossini, Milano, MI, Italia",PARCO  CAVA,Natura e poesia,https://www.milanotoday.it/eventi/natura-e-poesia-esuvia-di-cicala.html,Non classificato,"Via Gioacchino Rossini, 20122 Milano MI, Italy",45.4694878,9.2055437
Concerti,10-08-24,2024-08-10,"Castello Sforzesco, Cortile delle Armi, Milano, MI, Italia","Castello Sforzesco, Cortile delle Armi",A San Lorenzo un dj set lungo una notte,https://www.milanotoday.it/eventi/serata-musica-castello-sforzesco-notte-san-lorenzo.html,Musica e vita notturna,"Castello, 20121 Milano MI, Italy",45.4699926,9.1799074
,07-09-24,2024-09-05,"TRIBUNE IDROSCALO, Milano, MI, Italia",MOOD LIVE MILANO,Festival della pizzica all'idroscalo di Milano 2024,https://www.milanotoday.it/eventi/festival-della-pizzica-all-idroscalo-2024.html,Non classificato,"Idroscalo Milano Ingresso Tribune, Unnamed Road,20090, 20054 Novegro-Tregarezzo MI, Italy",45.4745873,9.2887562
,06-09-24,2024-09-06,"Piazza Giuseppe Tomasi di Lampedusa, Milano, MI, Italia",Spazio Lineapelle,Presentazione borsa etica,https://www.milanotoday.it/eventi/presentazione-borsa-etica-_-francesca-liberatore-with-las-tejedoras-in-collaborazione-con-casa-congo-in-nicaragua-francesca-liberatore.html,Non classificato,"Piazza Giuseppe Tomasi di Lampedusa, 20123 Milano MI, Italy",45.4645626,9.180729
,07-09-24,2024-09-07,"Via Privata Cuccagna, 2/4, Milano, MI, Italia",Cascina Cuccagna,"Gioco, dunque sono!",https://www.milanotoday.it/eventi/gioco-dunque-sono-fabio-alessandri.html,Non classificato,"Via Privata Cuccagna, 2/4, 20135 Milano MI, Italy",45.451133,9.211579
,15-09-24,2024-09-13,"Via Privata Giuseppe La Masa, Milano, MI, Italia","Politecnico di Milano, Campus Bovisa",Festival internazionale dell’ingegneria,https://www.milanotoday.it/eventi/festival-internazionale-dell-ingegneria-alex-braga-alex-bellini-francesca-colombo-giampaolo-dallara-carlo-ratti-rocco-tanica-cino-zucchi-riccardo-breccia-daniele-grassucci.html,Non classificato,"Via Privata Giuseppe La Masa, 20156 Milano MI, Italy",45.5008653,9.1559882
Concerti,15-09-24,2024-09-15,"Via dell'Abbazia, Milano, MI, Italia","Abbazia dei Santi Pietro e Paolo, Viboldone",La musica che unisce le anime. Concerto omaggio ad Ezio Bosso,https://www.milanotoday.it/eventi/concerto-omaggio-ezio-bosso.html,Musica e vita notturna,"Via dell'Abbazia, 20098 San Giuliano Milanese MI, Italy",45.3848297,9.2785444
Incontri,15-09-24,2024-09-15,"Via Ambrogio Bergognone da Fossano, 34, Milano, MI, Italia",Base Milano,"Diritti umani, l'incontro di Resq People a Milano (aperto a tutti)",https://www.milanotoday.it/eventi/incontro-resq-people-diritti-umani-base-milano.html,Formazione e networking,"V. Ambrogio Bergognone da Fossano, 34, 20144 Milano MI, Italy",45.4521475,9.1633066
Mostra,21-09-24,2024-09-20,"Piani Resinelli, Milano, MI, Italia",Rifugio SEL,Archivi per la montagna | 150 anni del CAI Lecco,,Arte e cultura,"Palazzo Lombardia, Piazza Città di Lombardia, 1, 20124 Milano MI, Italy",45.4867405,9.196255
,21-09-24,2024-09-21,"Via Giordano Rota, 1, Milano, MI, Italia",Teatro Nazionale,Luci e ombre,https://www.milanotoday.it/eventi/luci-e-ombre.html,Non classificato,"Via Giordano Rota, 1, 20149 Milano MI, Italy",45.4667708,9.1540258
Manifestazioni,06-10-24,2024-09-23,"Via Sammartini, angolo piazza Quattro Novembre, Milano, MI, Italia",Mercato Centrale Milano,"Arte, spettacoli e performance: il Mercato Centrale Milano diventa vetrina dell'Off Fringe Festival",https://www.milanotoday.it/eventi/off-fringe-festival-2024.html,Altri eventi,"Piazza IV Novembre & Via Giovanni Battista Sammartini, 20124 Milano MI, Italy",45.486958,9.2032406
,23-10-24,2024-09-24,"Via Privata Leopoldo Gasparotto, 8, Milano, MI, Italia",Best Western Hotel Madison,"Momenti salienti dell’arte e della fotografia"": l’esposizione di capolavori è fruibile anche dai non vedenti",https://www.milanotoday.it/eventi/omenti-salienti-dell-arte-e-della-fotografia-l-esposizione-di-capolavori-e-fruibile-anche-dai-non-vedenti-dario-d-auria-11678096.html,Non classificato,"Via Privata Leopoldo Gasparotto, 8, 20124 Milano MI, Italy",45.488125,9.2017741
Manifestazioni,29-09-24,2024-09-26,"Via Privata Cuccagna, 2, Milano, MI, Italia",Cascina Cuccagna,La Green Week arriva (anche) in Cascina Cuccagna: tutti gli eventi del weekend,https://www.milanotoday.it/eventi/eventi-green-week-2024-in-cascina-cuccagna.html,Altri eventi,"Via Privata Cuccagna, 2, 20135 Milano MI, Italy",45.4512106,9.2116309
Visita Guidata,27-09-24,2024-09-27,"Corso Magenta (Palazzo Litta), Milano, MI, Italia","Soprintendenza Archeologia, Belle Arti e Paesaggio per la città metropolitana di Milano",I mausolei paleocristiani di via Santa Valeria,,Arte e cultura,"Corso Magenta, 24, 20121 Milano MI, Italy",45.4658994,9.178299
,27-09-24,2024-09-27,"Ingresso tribune idroscalo, Milano, MI, Italia",MOOD LIVE MILANO,Idro ska fest,https://www.milanotoday.it/eventi/idro-ska-fest-the-bluebeateas-vallanzaska-jamaican-mood-e-dj-set-vito-war.html,Non classificato,"Idroscalo Milano Ingresso Tribune, Unnamed Road,20090, 20054 Novegro-Tregarezzo MI, Italy",45.4745873,9.2887562
Itinerario culturale,29-09-24,2024-09-28,"Piazza Don Pietro Bormetti, 3 davanti alla Collegiata di San Lorenzo, Milano, MI, Italia",Le mura di Chiavenna,GEP 2024: Le mura sforzesche di Chiavenna,,Arte e cultura,"Via Vigevano, 9, 20144 Milano MI, Italy",45.4527254,9.174805
Mostra,29-09-24,2024-09-28,"via Domenion, 51, Milano, MI, Italia",MUS! MUSEO DI LIVIGNO E TREPALLE,GEP2024 al Mus! Museo di Livigno e Trepalle in collaborazione con Forte Venini di Oga. LE VIE DELLE ALPI - 110 ANNI DALL’INAUGURAZIONE DEL PASSO FOSCAGNO,,Arte e cultura,"Via Legnone, 20158 Milano MI, Italy",45.4983223,9.1815418
Mostra,28-09-24,2024-09-28,"Via Buon Consiglio, 25, Milano, MI, Italia",Museo Civico di Bormio,GEP2024 al Museo Civico di Bormio. Su e giù dallo Stelvio: 200 anni di storia e di storie,,Arte e cultura,"Milan, Metropolitan City of Milan, Italy",45.468503,9.1824027
Convegno/conferenza,29-09-24,2024-09-28,"Via Brasa, 15, Milano, MI, Italia",Ecomuseo della Valle del Bitto di Albaredo,GEP 2024 all'Ecomuseo di Albaredo. La Via Priula e i commerci con la Serenissima,,Formazione e networking,"Via Legnone, 20158 Milano MI, Italy",45.4983223,9.1815418
Manifestazioni,29-09-24,2024-09-28,"Via Don Francesco della Torre, 2, Milano, MI, Italia",Centro Salesiano,Naturbio festival - 28/29 settembre - arese (mi),https://www.milanotoday.it/eventi/naturbio-festival-28-29-settembre-arese.html,Altri eventi,"Via Don Francesco Beniamino Della Torre, 2, 20157 Milano MI, Italy",45.5089833,9.1394699
Visita Guidata,29-09-24,2024-09-28,"via Dei Capitani di Masegra 5, Milano, MI, Italia",Cast-Castello delle Storie di Montagna,GEP 2024 al Cast di Sondrio. Alla scoperta della torre colombaia- L’Orlando Furioso a Castello Masegra,,Arte e cultura,"Via Rosa Massara de Capitani, 20158 Milano MI, Italy",45.5014775,9.1650791
Visita Guidata,29-09-24,2024-09-28,"29100
                Monza
                (MB), Milano, MI, Italia","Diversi comuni divisi tra Brianza monzese, lecchese, comasca, nord di Milano, Provincia di Varese",GEP 2024 Ville Aperte in Brianza,,Arte e cultura,"20900 Monza, Province of Monza and Brianza, Italy",45.5845001,9.2744485
Itinerario culturale,28-09-24,2024-09-28,"Piazza Vittoria davanti a Porta Torre, Milano, MI, Italia",Le mura di Como,"GEP 2024: Como, le mura e i resti della città antica",,Arte e cultura,"Piazza Vittoria, 20085 Locate di Triulzi MI, Italy",45.3579067,9.2254685
Visita Guidata,29-09-24,2024-09-28,"via Dei Capitani di Masegra 5, Milano, MI, Italia",MuMiVV – Museo dei Minerali di Valtellina e Valchiavenna,GEP 2024 al MuMiVV: Minerali e pietra ollare. Roccia che si fa Arte,,Arte e cultura,"Via Rosa Massara de Capitani, 20158 Milano MI, Italy",45.5014775,9.1650791
Mostra,28-09-24,2024-09-28,Castello Sforzesco di Milano | Corte Ducale,Milano,"GEP 2024 al CASVA Centro di Alti Studi sulle Arti Visive ( Comune di Milano). Alla scoperta dell’archivio Matsui, primo socio di Gregotti",,Arte e cultura,"Castello, 20121 Milano MI, Italy",45.4699926,9.1799074
Itinerario culturale,29-09-24,2024-09-29,"p.zza Loggia, 1, Milano, MI, Italia",Piazza della Loggia,"Le X Giornate di Brescia 1849 con Rodolfo  Rodolfi, medico e patriota bresciano del Risorgimento Italiano",,Arte e cultura,"Via S. Barnaba, 49, 20122 Milano MI, Italy",45.460254,9.2046372
Itinerario culturale,29-09-24,2024-09-29,"Corso Magenta, 24 (Palazzo Arese Litta), Milano, MI, Italia",Direzione regionale Musei nazionali Lombardia,GEP 2024 al Cast di Sondrio. Passeggiata botanica: le piante si raccontano,,Arte e cultura,"Corso Magenta, 24, 20121 Milano MI, Italy",45.4658994,9.178299
Itinerario culturale,29-09-24,2024-09-29,"Viale del Santuario 72/74, Milano, MI, Italia",Via Francisca del Lucomagno,GEP 2024. Camminata lungo la Via Francisca del Lucomagno,,Arte e cultura,"Via del Santuario, 72, 20096 Pioltello MI, Italy",45.4877571,9.322854
Mostre,23-10-24,2024-10-01,"Via Privata Leopoldo Gasparotto, 8, Milano, MI, Italia",Best Western Hotel Madison,I grandi capolavori dell'arte fruibili anche dai non vedenti,https://www.milanotoday.it/eventi/mostra-arte-shcede-tattili-non-vedenti.html,Arte e cultura,"Via Privata Leopoldo Gasparotto, 8, 20124 Milano MI, Italy",45.488125,9.2017741
Mostra,03-10-24,2024-10-03,"Via Appia Antica, 42, Milano, MI, Italia",Parco Regionale dell'Appia Antica,"IX Incontro della Rete Faro Italia | ""Patrimonio Culturale, Comunità, Valori, Luoghi: il ruolo di Musei, Archivi e Biblioteche per attuare la Convenzione di Faro""",,Arte e cultura,"Via Carlo Goldoni, 20129 Milano MI, Italy",45.469184,9.2132539
Incontri,05-10-24,2024-10-04,"Via Ambrogio Bergognone da Fossano, 34, Milano, MI, Italia",,High School Days: tutto ciò che c’è da sapere sull’anno all’estero durante il liceo,https://www.milanotoday.it/eventi/high-school-days-milano.html,Formazione e networking,"V. Ambrogio Bergognone da Fossano, 34, 20144 Milano MI, Italy",45.4521475,9.1633066
Disco&Feste,05-10-24,2024-10-05,"Via Ambrogio Bergognone da Fossano, 34, Milano, MI, Italia",Quartiere Tortona,La nuova serata di Le Cannibale nel cuore di Tortona,https://www.milanotoday.it/eventi/serata-le-cannibale-tortona-ottobre-2024.html,Musica e vita notturna,"V. Ambrogio Bergognone da Fossano, 34, 20144 Milano MI, Italy",45.4521475,9.1633066
Manifestazioni,06-10-24,2024-10-05,"Via Tullio Morato, 18, Milano, MI, Italia",Voghera,La festa dei fumetti  e dei giochi in un vero cowboy ranch,https://www.milanotoday.it/eventi/festa-fumetti-ranch-voghera.html,Altri eventi,"Via Servio Tullio, 20123 Milano MI, Italy",45.459585,9.1689199
,06-10-24,2024-10-05,"Via Cascina Formosa, Milano, MI, Italia",Orti della Legnana,Memories of green di Roberto Bricchi,https://www.milanotoday.it/eventi/memories-of-green-di-roberto-bricchi-roberto-brixchi.html,Non classificato,"Via Cascina Formosa, 20041 Bussero MI, Italy",45.5390441,9.3707039
Manifestazioni,06-10-24,2024-10-05,"Viale Esposizioni, Milano, MI, Italia",Parco Esposizioni Novegro,"""Quattro Zampe in Fiera"", due giorni dedicati agli animali da compagnia",https://www.milanotoday.it/eventi/quattro-zampe-in-fiera-2024.html,Altri eventi,"V.le Esposizioni, 20054 Novegro-Tregarezzo MI, Italy",45.4700106,9.2749062
Cibo e Vino,06-10-24,2024-10-06,"Via Gian Carlo Clerici, 150, Milano, MI, Italia",Cascina Centro Parco - Parco Nord,Buon compleanno Parco Nord! In arrivo una risottata aperta a tutti,https://www.milanotoday.it/eventi/festa-risottata-parco-nord-2024.html,Enogastronomia,"Via Gian Carlo Clerici, 150, 20099 Sesto San Giovanni MI, Italy",45.5342137,9.2134208
,12-10-24,2024-10-11,"Via Angelo Poliziano, 3, Milano, MI, Italia",Mobster,Openwine & party al Mobster Milano,https://www.milanotoday.it/eventi/openwine-party-al-mobster-milano-un-evento-imperdibile-per-la-milano-wine-week.html,Non classificato,"Via Angelo Poliziano, 3, 20154 Milano MI, Italy",45.4831537,9.164036
Mostra,03-11-24,2024-10-11,"Via Allegreni, 37, Milano, MI, Italia",Sale espositive del Filandone di Martinengo (Bg),Bastonimania. L’epoca d’oro dei bastoni da passeggio,,Arte e cultura,"Milan, Metropolitan City of Milan, Italy",45.468503,9.1824027
Cibo e Vino,13-10-24,2024-10-11,"Via Forze dell'Ordine, Milano, MI, Italia",Sant'Angelo Lodigiano,La Sagra del fungo e del tartufo a due passi da Milano,https://www.milanotoday.it/eventi/sagra-funghi-porcini-tartufo-2024.html,Enogastronomia,"Via delle Forze Armate, Milano MI, Italy",45.4622764,9.1240912
,13-10-24,2024-10-13,"Via Privata Cuccagna, 2/4, Milano, MI, Italia",Cascina Cuccagna,Piero il malcontento,https://www.milanotoday.it/eventi/piero-il-malcontento-mara-kitharatzis-e-fabio-alessandri.html,Non classificato,"Via Privata Cuccagna, 2/4, 20135 Milano MI, Italy",45.451133,9.211579
,13-10-24,2024-10-13,"Via Cascina Formosa, Milano, MI, Italia",Orti della Legnana,"""Memories of green"" di Roberto Bricchi",https://www.milanotoday.it/eventi/memories-of-green-di-roberto-bricchi-roberto-bricchi.html,Non classificato,"Via Cascina Formosa, 20041 Bussero MI, Italy",45.5390441,9.3707039
Manifestazioni,20-10-24,2024-10-15,"Vedi programma, Milano, MI, Italia",Location multiple,"Milano Jewelry Week: la capitale internazionale della gioielleria brilla con premi, esposizioni e nuove tendenze",https://www.milanotoday.it/eventi/milano-jewelry-week.html,Altri eventi,"Milan, Metropolitan City of Milan, Italy",45.468503,9.1824027
,19-10-24,2024-10-19,"Piazza Paolo VI Papa, 2, Milano, MI, Italia",Teatro della Parrocchia San Carlo (Bettola di Peschiera Borromeo),Una tira l'altra: la nuova commedia benefica,https://www.milanotoday.it/eventi/una-tira-l-altra-a-teatro-a-peschiera-borromeo-la-nuova-commedia-benefica-di-insieme-e-musica-compagnia-insieme-e-musica-per-ianai-onlus.html,Non classificato,"Piazza Paolo VI, 2, 20068 Peschiera Borromeo MI, Italy",45.4310976,9.3159202
Mostra,21-10-24,2024-10-21,"Via Pignolo 76, Milano, MI, Italia",Università degli studi di Bergamo,"Il lavoro nelle istituzioni cultuali: archivi, biblioteche e musei",,Arte e cultura,"Viale Carlo Troya, 20144 Milano MI, Italy",45.4514368,9.1550999
,24-10-24,2024-10-24,"Via C. Battisti, 14, Milano, MI, Italia",Auditorium Don Bosco,Primo appuntamento con la rassegna teatrale veniTEATROvarci,https://www.milanotoday.it/eventi/primo-appuntamento-con-la-rassegna-teatrale-veniteatrovarci-2024-2025-teatrogost.html,Non classificato,"Via Cesare Battisti, 14, 20097 San Donato Milanese MI, Italy",45.4184053,9.2634165
,28-10-24,2024-10-28,"Strada Statale Sempione, 28, Milano, MI, Italia",Polo Fieristico,Musicante award premio Pino Daniele,https://www.milanotoday.it/eventi/musicante-award-premio-pino-daniele-musicante-award.html,Non classificato,"Strada Statale Sempione, 28, 20017 Rho MI, Italy",45.5197013,9.07896
Incontri,30-10-24,2024-10-30,"Via Ambrogio Bergognone da Fossano, 34, Milano, MI, Italia",BASE Milano,Job Meeting MILANO: le grandi aziende pronte a conoscere laureandi e neolaureati,https://www.milanotoday.it/eventi/job-meeting-milano-2024.html,Formazione e networking,"V. Ambrogio Bergognone da Fossano, 34, 20144 Milano MI, Italy",45.4521475,9.1633066
Incontri,30-10-24,2024-10-30,"Via Ambrogio Bergognone da Fossano, 34, Milano, MI, Italia",BASE Milano,Job Meeting MILANO: le grandi aziende pronte a conoscere laureandi e neolaureati,https://www.milanotoday.it/eventi/job-meeting-milano-2024.html,Formazione e networking,"V. Ambrogio Bergognone da Fossano, 34, 20144 Milano MI, Italy",45.4521475,9.1633066
Incontri,30-10-24,2024-10-30,"Via Ambrogio Bergognone da Fossano, 34, Milano, MI, Italia",BASE Milano,Job Meeting MILANO: le grandi aziende pronte a conoscere laureandi e neolaureati,https://www.milanotoday.it/eventi/job-meeting-milano-2024.html,Formazione e networking,"V. Ambrogio Bergognone da Fossano, 34, 20144 Milano MI, Italy",45.4521475,9.1633066
Incontri,30-10-24,2024-10-30,"Via Ambrogio Bergognone da Fossano, 34, Milano, MI, Italia",BASE Milano,Job Meeting MILANO: le grandi aziende pronte a conoscere laureandi e neolaureati,https://www.milanotoday.it/eventi/job-meeting-milano-2024.html,Formazione e networking,"V. Ambrogio Bergognone da Fossano, 34, 20144 Milano MI, Italy",45.4521475,9.1633066
Incontri,30-10-24,2024-10-30,"Via Ambrogio Bergognone da Fossano, 34, Milano, MI, Italia",BASE Milano,Job Meeting MILANO: le grandi aziende pronte a conoscere laureandi e neolaureati,https://www.milanotoday.it/eventi/job-meeting-milano-2024.html,Formazione e networking,"V. Ambrogio Bergognone da Fossano, 34, 20144 Milano MI, Italy",45.4521475,9.1633066
Incontri,30-10-24,2024-10-30,"Via Ambrogio Bergognone da Fossano, 34, Milano, MI, Italia",BASE Milano,Job Meeting MILANO: le grandi aziende pronte a conoscere laureandi e neolaureati,https://www.milanotoday.it/eventi/job-meeting-milano-2024.html,Formazione e networking,"V. Ambrogio Bergognone da Fossano, 34, 20144 Milano MI, Italy",45.4521475,9.1633066
,31-10-24,2024-10-31,"Via G. Carducci, 6, Milano, MI, Italia",Piccolo Circo dei Sogni,Il piccolo circo dei sogni mette in scena Halloween circus,https://www.milanotoday.it/eventi/evento-di-halloween-il-piccolo-crco-dei-sogni-di-peschiera-borromeo-milano-mette-in-scena-halloween-circus-la-notte-della-sopravvivenza.html,Non classificato,"V. Giosuè Carducci, 6, 20123 Mombretto MI, Italy",45.4667928,9.176367
,07-11-24,2024-11-07,"Via Ambrogio Bergognone da Fossano, 34, Milano, MI, Italia",Rock Your Mind,I HATE my village in concerto a milano martedì 12 novembre con l'ultimo album nevermind the tempo.,https://www.milanotoday.it/eventi/i-hate-my-village-in-concerto-a-milano-martedi-12-novembre-con-l-ultimo-album-nevermind-the-tempo-i-hate-my-village.html,Non classificato,"V. Ambrogio Bergognone da Fossano, 34, 20144 Milano MI, Italy",45.4521475,9.1633066
Mostra,09-11-24,2024-11-09,"Piazza Ducale 20, Milano, MI, Italia",Castello Visconteo Sforzesco,"Bona Sforza, una donna italiana nell'Europa del XVI ssecolo",,Arte e cultura,"Piazza Napoli, 27, 20146 Milano MI, Italy",45.4524382,9.1546244
Cibo e Vino,16-11-24,2024-11-12,"Cairoli Bar and Restaurant, Milano, MI, Italia",Cairoli Bar and Restaurant,Alla scoperta del gin in un viaggo sensoriale,https://www.milanotoday.it/eventi/serata-gin-bar-cairoli.html,Enogastronomia,"Via Cusani, 13, 20121 Milano MI, Italy",45.46830620000001,9.1830894
Incontri,17-11-24,2024-11-13,"Via P. Neruda, 2, Milano, MI, Italia",MUMAC - Museo della Macchina per Caffè di Cimbali Group,MUMAC Book Week: tre incontri gratuiti con gli autori al Museo della Macchina per Caffè,https://www.milanotoday.it/eventi/mumac-book-week.html,Formazione e networking,"Via P. Neruda, 2, 20082 Binasco MI, Italy",45.3360861,9.0972317
Mostra,13-11-24,2024-11-13,"Piazza Città di Lomabardia, 1, Milano, MI, Italia",Palazzo Lombardia,ICOM Italia pop-up library | I musei nel loro divenire,,Arte e cultura,"Palazzo Lombardia, Piazza Città di Lombardia, 1, 20124 Milano MI, Italy",45.48669930000001,9.1962354
Incontri,16-11-24,2024-11-16,"Via Turconi, 38, Milano, MI, Italia","Cantello, Varese",Una speciale ruota della fortuna: shopping e sconti per tutti,https://www.milanotoday.it/eventi/incontro-shopping-moda-modi.html,Formazione e networking,"Via Privata Turconi, 38, 21042 Caronno Pertusella VA, Italy",45.5966897,9.0390053
Manifestazioni,22-11-24,2024-11-18,"via Sammartini angolo piazza IV Novembre, Milano, MI, Italia",Mercato Centrale Milano,"'Just e Music Week' al Mercato Centrale Milano: una settimana di vinili, ospiti speciali e musica live",https://www.milanotoday.it/eventi/just-music-week-mercato.html,Altri eventi,"Piazza IV Novembre & Via Giovanni Battista Sammartini, 20124 Milano MI, Italy",45.486958,9.2032406
Teatri,09-01-25,2024-11-29,"Via Giordano Rota, Milano, MI, Italia",Teatro Nazionale Italiana Assicurazioni,La Febbre del Sabato Sera in arrivo a Milano (e dove acquistare i biglietti scontati),https://www.milanotoday.it/eventi/spettacolo-febbre-sabato-sera-teatro-nazionale-biglietti-scontati.html,Teatro e spettacolo,"Via Giordano Rota, 20149 Milano MI, Italy",45.4665504,9.1542783
,30-11-24,2024-11-29,"Via Privata della Torre, 18, Milano, MI, Italia",Milano,Corso intensivo di media relations,https://www.milanotoday.it/eventi/corso-intensivo-di-media-relations.html,Non classificato,"Via Privata della Torre, 18, 20127 Milano MI, Italy",45.5006948,9.2229139
,01-12-24,2024-11-30,"Via Privata Ettore Paladini, 8, Milano, MI, Italia",Santeria,Drag me to fest 4: l’evento cult dell’horror indipendente torna a Milano,https://www.milanotoday.it/eventi/drag-me-to-fest-4-l-evento-cult-dell-horror-indipendente-torna-a-milano.html,Non classificato,"Via Privata Ettore Paladini, 8, 20133 Milano MI, Italy",45.4696814,9.2346224
Manifestazioni,01-12-24,2024-11-30,"Via Ambrogio Bergognone da Fossano, 34, Milano, MI, Italia",Base Milano,"Il festival d'illustrazione ""Paw Chew Go"" tra workshop e una mostra speciale",https://www.milanotoday.it/eventi/festival-illustrazione-base.html,Altri eventi,"V. Ambrogio Bergognone da Fossano, 34, 20144 Milano MI, Italy",45.4521475,9.1633066
Manifestazioni,08-12-24,2024-11-30,"Strada Statale Sempione, 28, Milano, MI, Italia",Fiera Milano Rho,"Torna Artigiano in Fiera: un viaggio all'insegna di culture, regali e gusto",https://www.milanotoday.it/eventi/fiera-artigianato-natale.html,Altri eventi,"Strada Statale Sempione, 28, 20017 Rho MI, Italy",45.5197013,9.07896
,15-12-24,2024-12-09,"Piazza Giuseppe Tomasi di Lampedusa, Milano, MI, Italia",Spazio Lineapelle,"“scarpe rosse, quando il design diventa simbolo. in cammino per dire no alla violenza sulle donne”",https://www.milanotoday.it/eventi/scarpe-rosse-quando-il-design-diventa-simbolo.html,Non classificato,"Piazza Giuseppe Tomasi di Lampedusa, 20123 Milano MI, Italy",45.4645626,9.180729
Inaugurazioni,31-12-24,2024-12-09,"Varie location, Milano, MI, Italia","Milano - via della Moscova (angolo via di Porta Tenaglia), via Stendhal e via Rubens","Plenitude presenta a Milano ""The Art in Motion Museum"" e trasforma la propria rete di ricarica in un museo a cielo aperto",https://www.milanotoday.it/eventi/the-art-in-motion-museum-plenitude-milano.html,Inaugurazioni,"Via Lecco, 22, 20124 Milano MI, Italy",45.478658,9.2060179
Sport,15-12-24,2024-12-15,"Via A. Manzoni, 50, Milano, MI, Italia",Busto Garolfo,La corsa con più di cento Babbo Natale alle porte di Milano,https://www.milanotoday.it/eventi/corsa-babbo-natale-running-2024.html,Sport e attività fisica,"Via Alessandro Manzoni, 50, 20122 Milano MI, Italy",45.4721157,9.1950381
Concerto,28-12-24,2024-12-28,"Piazza Arsenale, 1, Milano, MI, Italia",Musei nazionali di Cagliari,Karalis Antiqua Ensemble. Son l’invitto amore - La Musa Euterpe nei luoghi della memoria ritrovata,,Musica e vita notturna,"Via Cesare Correnti, 11, 20123 Milano MI, Italy",45.4596116,9.1799613
Visita Guidata,28-12-24,2024-12-28,"Strada Statale 106 Jonica, Milano, MI, Italia",Museo e Parco archeologico nazionale di Locri,Natale a Locri - Alla scoperta del Museo di Locri e della 'polis' greca,,Arte e cultura,"Via Giulio e Corrado Venini, 42, 20127 Milano MI, Italy",45.490564,9.2155083
Visita Guidata,28-12-24,2024-12-28,"via Accademia delle Scienze, Milano, MI, Italia",Palazzo Carignano,Gran Palazzo del Principe di Carignano,,Arte e cultura,"Via Accademia, 20131 Milano MI, Italy",45.4867954,9.22794
Visita Guidata,29-12-24,2024-12-29,"Corso Resina, Milano, MI, Italia",Parco archeologico di Ercolano,"""Ercolano - Bagliori di pace"".   Terzo appuntamento della rassegna ""Ercolano dei popoli""",,Arte e cultura,"Via Antonio Gramsci, 28, 20021 Bollate MI, Italy",45.5425367,9.1220066
Apertura festiva,29-12-24,2024-12-29,"corso Manthonè,116, Milano, MI, Italia",Museo casa natale di Gabriele d'Annunzio,Apertura straordinaria - domenica 29 dicembre 2024,,Inaugurazioni,"Viale Regina Margherita, 39, 20122 Milano MI, Italy",45.4610581,9.2063614
Spettacolo Teatrale,29-12-24,2024-12-29,"via Cattolica, Milano, MI, Italia",La Cattolica,SHARBAT. Scirubetta archeologica- La Calabria e l’Oriente,,Teatro e spettacolo,"Viale Carlo Troya, 20144 Milano MI, Italy",45.4514368,9.1550999
Visita Guidata,29-12-24,2024-12-29,"Via del Plebiscito 118, Milano, MI, Italia",Palazzo Venezia,"Il mio VIVE: parole, colori ed emozioni - Bambini e famiglie al VIVE Visita animata per famiglie ",,Arte e cultura,"Milan, Metropolitan City of Milan, Italy",45.468503,9.1824027
Attività Didattica,31-12-24,2024-12-30,"stradone San Tomaso 3, Milano, MI, Italia",Museo archeologico nazionale di Verona,Museo Archeologico Nazionale di Verona | 30-31 dicembre| PICCOLI ARCHEOLOGI CRESCONO,,Formazione e networking,"Via S. Tomaso, 3, 20121 Milano MI, Italy",45.46729089999999,9.1852664
evento solo on site,05-01-25,2024-12-31,"Via Roberto d'Angiò, 44, Milano, MI, Italia",Museo archeologico nazionale dell’antica Capua,"Il 5 gennaio ingresso gratuito al Museo archeologico nazionale dell’antica Capua, all’Anfiteatro Campano e al Mitreo di Santa Maria Capua Vetere. Ricco il calendario di eventi: ecco i giorni di apertura durante le festività di dicembre",,Altri eventi,"Via Roberto Cozzi, 20126 Milano MI, Italy",45.5094602,9.2106515
